sample_idx,mode,architecture,xai_method,gradcam_target,layer,true_label,pred_label,target_label,corr_pca_xai,soft_iou_pca_xai,lsas
0,vit_lejepa,vit_tiny_cifar,token_gradient,predicted,blocks.1,3,5,5,-0.09197910875082016,0.20577307045459747,0.05689698085188866
1,vit_lejepa,vit_tiny_cifar,token_gradient,predicted,blocks.1,8,8,8,-0.0011350330896675587,0.18162213265895844,0.09024354978464544
2,vit_lejepa,vit_tiny_cifar,token_gradient,predicted,blocks.1,8,8,8,-0.03545001521706581,0.13688862323760986,0.050719304010272026
3,vit_lejepa,vit_tiny_cifar,token_gradient,predicted,blocks.1,0,8,8,0.13561074435710907,0.16768795251846313,0.1516493484377861
4,vit_lejepa,vit_tiny_cifar,token_gradient,predicted,blocks.1,6,4,4,0.0537676066160202,0.29296815395355225,0.17336788028478622
5,vit_lejepa,vit_tiny_cifar,token_gradient,predicted,blocks.1,6,6,6,-0.005269746761769056,0.12481728941202164,0.05977377132512629
6,vit_lejepa,vit_tiny_cifar,token_gradient,predicted,blocks.1,1,1,1,-0.04066719859838486,0.22819694876670837,0.09376487508416176
7,vit_lejepa,vit_tiny_cifar,token_gradient,predicted,blocks.1,6,4,4,0.8175244331359863,0.5802242159843445,0.6988743245601654
8,vit_lejepa,vit_tiny_cifar,token_gradient,predicted,blocks.1,3,2,2,0.6418300271034241,0.13905979692935944,0.39044491201639175
9,vit_lejepa,vit_tiny_cifar,token_gradient,predicted,blocks.1,1,1,1,0.3820999264717102,0.17248743772506714,0.27729368209838867
10,vit_lejepa,vit_tiny_cifar,token_gradient,predicted,blocks.1,0,0,0,0.3791334629058838,0.4107421338558197,0.39493779838085175
11,vit_lejepa,vit_tiny_cifar,token_gradient,predicted,blocks.1,9,7,7,0.2630496919155121,0.3162442147731781,0.2896469533443451
12,vit_lejepa,vit_tiny_cifar,token_gradient,predicted,blocks.1,5,5,5,0.6494536995887756,0.345985472202301,0.49771958589553833
13,vit_lejepa,vit_tiny_cifar,token_gradient,predicted,blocks.1,7,3,3,0.6547361016273499,0.3246105909347534,0.48967334628105164
14,vit_lejepa,vit_tiny_cifar,token_gradient,predicted,blocks.1,9,1,1,0.34271910786628723,0.26083487272262573,0.3017769902944565
15,vit_lejepa,vit_tiny_cifar,token_gradient,predicted,blocks.1,8,6,6,0.43991702795028687,0.2738487124443054,0.35688287019729614
16,vit_lejepa,vit_tiny_cifar,token_gradient,predicted,blocks.1,5,5,5,0.3685967028141022,0.26125216484069824,0.3149244338274002
17,vit_lejepa,vit_tiny_cifar,token_gradient,predicted,blocks.1,7,5,5,0.2182379513978958,0.48279130458831787,0.35051462799310684
18,vit_lejepa,vit_tiny_cifar,token_gradient,predicted,blocks.1,8,8,8,0.555281400680542,0.5196893215179443,0.5374853610992432
19,vit_lejepa,vit_tiny_cifar,token_gradient,predicted,blocks.1,6,4,4,0.09399912506341934,0.35794103145599365,0.2259700782597065
20,vit_lejepa,vit_tiny_cifar,token_gradient,predicted,blocks.1,7,7,7,0.3771142363548279,0.34914731979370117,0.3631307780742645
21,vit_lejepa,vit_tiny_cifar,token_gradient,predicted,blocks.1,0,0,0,0.6278999447822571,0.493831604719162,0.5608657747507095
22,vit_lejepa,vit_tiny_cifar,token_gradient,predicted,blocks.1,4,8,8,0.4015650749206543,0.4640336334705353,0.4327993541955948
23,vit_lejepa,vit_tiny_cifar,token_gradient,predicted,blocks.1,9,1,1,-0.17402911186218262,0.29896867275238037,0.06246978044509888
24,vit_lejepa,vit_tiny_cifar,token_gradient,predicted,blocks.1,5,6,6,-0.20373587310314178,0.17622606456279755,-0.01375490427017212
25,vit_lejepa,vit_tiny_cifar,token_gradient,predicted,blocks.1,2,7,7,-0.04152658209204674,0.18427616357803345,0.07137479074299335
26,vit_lejepa,vit_tiny_cifar,token_gradient,predicted,blocks.1,4,3,3,0.4359852075576782,0.5087521076202393,0.47236865758895874
27,vit_lejepa,vit_tiny_cifar,token_gradient,predicted,blocks.1,0,2,2,0.09006952494382858,0.244673490524292,0.1673715077340603
28,vit_lejepa,vit_tiny_cifar,token_gradient,predicted,blocks.1,9,1,1,0.22197332978248596,0.2639809250831604,0.24297712743282318
29,vit_lejepa,vit_tiny_cifar,token_gradient,predicted,blocks.1,6,4,4,-0.1730024367570877,0.12934273481369019,-0.02182985097169876
30,vit_lejepa,vit_tiny_cifar,token_gradient,predicted,blocks.1,6,6,6,0.04329388961195946,0.3619469106197357,0.2026204001158476
31,vit_lejepa,vit_tiny_cifar,token_gradient,predicted,blocks.1,5,2,2,-0.30469202995300293,0.25346654653549194,-0.025612741708755493
32,vit_lejepa,vit_tiny_cifar,token_gradient,predicted,blocks.1,4,6,6,0.005036933813244104,0.15173088014125824,0.07838390697725117
33,vit_lejepa,vit_tiny_cifar,token_gradient,predicted,blocks.1,5,5,5,0.6150051951408386,0.36979398131370544,0.49239958822727203
34,vit_lejepa,vit_tiny_cifar,token_gradient,predicted,blocks.1,9,0,0,0.6423586010932922,0.45024529099464417,0.5463019460439682
35,vit_lejepa,vit_tiny_cifar,token_gradient,predicted,blocks.1,2,5,5,0.5129527449607849,0.3376418352127075,0.4252972900867462
36,vit_lejepa,vit_tiny_cifar,token_gradient,predicted,blocks.1,4,4,4,0.2558603584766388,0.24762333929538727,0.25174184888601303
37,vit_lejepa,vit_tiny_cifar,token_gradient,predicted,blocks.1,1,0,0,0.17992576956748962,0.43946629762649536,0.3096960335969925
38,vit_lejepa,vit_tiny_cifar,token_gradient,predicted,blocks.1,9,9,9,0.4582834243774414,0.4222659170627594,0.4402746707201004
39,vit_lejepa,vit_tiny_cifar,token_gradient,predicted,blocks.1,5,8,8,0.14417189359664917,0.1787300705909729,0.16145098209381104
40,vit_lejepa,vit_tiny_cifar,token_gradient,predicted,blocks.1,4,9,9,0.36083751916885376,0.1463564932346344,0.2535970062017441
41,vit_lejepa,vit_tiny_cifar,token_gradient,predicted,blocks.1,6,6,6,0.47377100586891174,0.414175808429718,0.4439734071493149
42,vit_lejepa,vit_tiny_cifar,token_gradient,predicted,blocks.1,5,9,9,0.06043858081102371,0.26684287190437317,0.16364072635769844
43,vit_lejepa,vit_tiny_cifar,token_gradient,predicted,blocks.1,6,6,6,0.85428386926651,0.37239837646484375,0.6133411228656769
44,vit_lejepa,vit_tiny_cifar,token_gradient,predicted,blocks.1,0,9,9,-0.14450447261333466,0.43356892466545105,0.1445322260260582
45,vit_lejepa,vit_tiny_cifar,token_gradient,predicted,blocks.1,9,2,2,0.06937849521636963,0.20392060279846191,0.13664954900741577
46,vit_lejepa,vit_tiny_cifar,token_gradient,predicted,blocks.1,3,3,3,0.5614184141159058,0.43477416038513184,0.4980962872505188
47,vit_lejepa,vit_tiny_cifar,token_gradient,predicted,blocks.1,9,4,4,0.19591175019741058,0.29783499240875244,0.2468733713030815
48,vit_lejepa,vit_tiny_cifar,token_gradient,predicted,blocks.1,7,4,4,0.03665107116103172,0.1795971840620041,0.1081241276115179
49,vit_lejepa,vit_tiny_cifar,token_gradient,predicted,blocks.1,6,4,4,0.6558243036270142,0.4936278462409973,0.5747260749340057
50,vit_lejepa,vit_tiny_cifar,token_gradient,predicted,blocks.1,9,9,9,0.4737624526023865,0.34911319613456726,0.41143782436847687
51,vit_lejepa,vit_tiny_cifar,token_gradient,predicted,blocks.1,8,0,0,0.42198553681373596,0.308866024017334,0.365425780415535
52,vit_lejepa,vit_tiny_cifar,token_gradient,predicted,blocks.1,0,6,6,0.49899956583976746,0.2545175850391388,0.3767585754394531
53,vit_lejepa,vit_tiny_cifar,token_gradient,predicted,blocks.1,3,3,3,0.6228777170181274,0.3725522458553314,0.49771498143672943
54,vit_lejepa,vit_tiny_cifar,token_gradient,predicted,blocks.1,8,8,8,0.2644541561603546,0.3979083299636841,0.33118124306201935
55,vit_lejepa,vit_tiny_cifar,token_gradient,predicted,blocks.1,8,8,8,0.30718889832496643,0.09869430214166641,0.20294160023331642
56,vit_lejepa,vit_tiny_cifar,token_gradient,predicted,blocks.1,7,5,5,-0.25858765840530396,0.37268322706222534,0.05704778432846069
57,vit_lejepa,vit_tiny_cifar,token_gradient,predicted,blocks.1,7,3,3,0.24729597568511963,0.45547014474868774,0.3513830602169037
58,vit_lejepa,vit_tiny_cifar,token_gradient,predicted,blocks.1,4,8,8,0.24867892265319824,0.21753093600273132,0.23310492932796478
59,vit_lejepa,vit_tiny_cifar,token_gradient,predicted,blocks.1,6,6,6,0.44948774576187134,0.19254228472709656,0.32101501524448395
60,vit_lejepa,vit_tiny_cifar,token_gradient,predicted,blocks.1,7,4,4,0.5608329772949219,0.16137747466564178,0.36110522598028183
61,vit_lejepa,vit_tiny_cifar,token_gradient,predicted,blocks.1,3,6,6,0.4722656309604645,0.31384479999542236,0.3930552154779434
62,vit_lejepa,vit_tiny_cifar,token_gradient,predicted,blocks.1,6,6,6,0.6356291174888611,0.25803765654563904,0.44683338701725006
63,vit_lejepa,vit_tiny_cifar,token_gradient,predicted,blocks.1,3,7,7,0.4945920407772064,0.553683340549469,0.5241376906633377
64,vit_lejepa,vit_tiny_cifar,token_gradient,predicted,blocks.1,6,6,6,0.1464986950159073,0.2939372658729553,0.2202179804444313
65,vit_lejepa,vit_tiny_cifar,token_gradient,predicted,blocks.1,2,2,2,0.4988580048084259,0.21782688796520233,0.3583424463868141
66,vit_lejepa,vit_tiny_cifar,token_gradient,predicted,blocks.1,1,8,8,0.11170322448015213,0.2655150890350342,0.18860915675759315
67,vit_lejepa,vit_tiny_cifar,token_gradient,predicted,blocks.1,2,0,0,0.28932109475135803,0.40888893604278564,0.34910501539707184
68,vit_lejepa,vit_tiny_cifar,token_gradient,predicted,blocks.1,3,5,5,0.31958529353141785,0.38982877135276794,0.3547070324420929
69,vit_lejepa,vit_tiny_cifar,token_gradient,predicted,blocks.1,7,0,0,0.162353977560997,0.2826232314109802,0.22248860448598862
70,vit_lejepa,vit_tiny_cifar,token_gradient,predicted,blocks.1,2,6,6,0.5811483860015869,0.13656602799892426,0.3588572070002556
71,vit_lejepa,vit_tiny_cifar,token_gradient,predicted,blocks.1,6,4,4,0.12361225485801697,0.37543419003486633,0.24952322244644165
72,vit_lejepa,vit_tiny_cifar,token_gradient,predicted,blocks.1,8,8,8,0.5563567876815796,0.1822827011346817,0.36931974440813065
73,vit_lejepa,vit_tiny_cifar,token_gradient,predicted,blocks.1,8,8,8,0.4948406219482422,0.16954533755779266,0.3321929797530174
74,vit_lejepa,vit_tiny_cifar,token_gradient,predicted,blocks.1,0,6,6,0.6081580519676208,0.3138079345226288,0.4609829932451248
75,vit_lejepa,vit_tiny_cifar,token_gradient,predicted,blocks.1,2,4,4,0.7387629747390747,0.24356335401535034,0.4911631643772125
76,vit_lejepa,vit_tiny_cifar,token_gradient,predicted,blocks.1,9,9,9,0.030882777646183968,0.20037172734737396,0.11562725249677896
77,vit_lejepa,vit_tiny_cifar,token_gradient,predicted,blocks.1,3,3,3,0.1221468597650528,0.4213569462299347,0.27175190299749374
78,vit_lejepa,vit_tiny_cifar,token_gradient,predicted,blocks.1,3,5,5,0.3139685094356537,0.2237401008605957,0.2688543051481247
79,vit_lejepa,vit_tiny_cifar,token_gradient,predicted,blocks.1,8,0,0,0.5325518846511841,0.2667922079563141,0.3996720463037491
80,vit_lejepa,vit_tiny_cifar,token_gradient,predicted,blocks.1,8,8,8,0.23960399627685547,0.2741531431674957,0.2568785697221756
81,vit_lejepa,vit_tiny_cifar,token_gradient,predicted,blocks.1,1,3,3,0.0825708732008934,0.3028166890144348,0.1926937811076641
82,vit_lejepa,vit_tiny_cifar,token_gradient,predicted,blocks.1,1,1,1,-0.0016935407184064388,0.18745997548103333,0.09288321738131344
83,vit_lejepa,vit_tiny_cifar,token_gradient,predicted,blocks.1,7,5,5,0.20511454343795776,0.18854977190494537,0.19683215767145157
84,vit_lejepa,vit_tiny_cifar,token_gradient,predicted,blocks.1,2,3,3,0.18217700719833374,0.0910828709602356,0.13662993907928467
85,vit_lejepa,vit_tiny_cifar,token_gradient,predicted,blocks.1,5,4,4,0.38530224561691284,0.44559362530708313,0.415447935461998
86,vit_lejepa,vit_tiny_cifar,token_gradient,predicted,blocks.1,2,9,9,0.24460387229919434,0.24265307188034058,0.24362847208976746
87,vit_lejepa,vit_tiny_cifar,token_gradient,predicted,blocks.1,7,0,0,0.6602101922035217,0.2902107238769531,0.4752104580402374
88,vit_lejepa,vit_tiny_cifar,token_gradient,predicted,blocks.1,8,9,9,0.09674686193466187,0.1663590669631958,0.13155296444892883
89,vit_lejepa,vit_tiny_cifar,token_gradient,predicted,blocks.1,9,9,9,0.22204117476940155,0.2129725217819214,0.21750684827566147
90,vit_lejepa,vit_tiny_cifar,token_gradient,predicted,blocks.1,0,0,0,0.48501643538475037,0.299776166677475,0.39239630103111267
91,vit_lejepa,vit_tiny_cifar,token_gradient,predicted,blocks.1,3,6,6,0.4714266359806061,0.16496123373508453,0.3181939348578453
92,vit_lejepa,vit_tiny_cifar,token_gradient,predicted,blocks.1,8,8,8,-0.06211097538471222,0.19286812841892242,0.0653785765171051
93,vit_lejepa,vit_tiny_cifar,token_gradient,predicted,blocks.1,6,6,6,0.3717418909072876,0.21717190742492676,0.2944568991661072
94,vit_lejepa,vit_tiny_cifar,token_gradient,predicted,blocks.1,4,4,4,0.47405311465263367,0.2240557223558426,0.34905441850423813
95,vit_lejepa,vit_tiny_cifar,token_gradient,predicted,blocks.1,6,3,3,0.16119706630706787,0.3768739104270935,0.2690354883670807
96,vit_lejepa,vit_tiny_cifar,token_gradient,predicted,blocks.1,6,6,6,0.25864604115486145,0.3407551944255829,0.29970061779022217
97,vit_lejepa,vit_tiny_cifar,token_gradient,predicted,blocks.1,0,0,0,0.7963409423828125,0.284171998500824,0.5402564704418182
98,vit_lejepa,vit_tiny_cifar,token_gradient,predicted,blocks.1,0,0,0,0.6170771718025208,0.2547929883003235,0.4359350800514221
99,vit_lejepa,vit_tiny_cifar,token_gradient,predicted,blocks.1,7,7,7,-0.05208225175738335,0.35942602157592773,0.1536718849092722
100,vit_lejepa,vit_tiny_cifar,token_gradient,predicted,blocks.1,4,4,4,0.4993145167827606,0.23824530839920044,0.36877991259098053
101,vit_lejepa,vit_tiny_cifar,token_gradient,predicted,blocks.1,5,5,5,0.47864553332328796,0.4031757712364197,0.4409106522798538
102,vit_lejepa,vit_tiny_cifar,token_gradient,predicted,blocks.1,6,3,3,0.3268837630748749,0.4792417883872986,0.40306277573108673
103,vit_lejepa,vit_tiny_cifar,token_gradient,predicted,blocks.1,3,5,5,0.4532861113548279,0.3864821791648865,0.4198841452598572
104,vit_lejepa,vit_tiny_cifar,token_gradient,predicted,blocks.1,1,1,1,-0.12231440842151642,0.17841438949108124,0.02804999053478241
105,vit_lejepa,vit_tiny_cifar,token_gradient,predicted,blocks.1,1,8,8,0.39405912160873413,0.3177180290222168,0.35588857531547546
106,vit_lejepa,vit_tiny_cifar,token_gradient,predicted,blocks.1,3,8,8,0.4597793221473694,0.32502272725105286,0.3924010246992111
107,vit_lejepa,vit_tiny_cifar,token_gradient,predicted,blocks.1,6,6,6,0.5637509822845459,0.33823496103286743,0.45099297165870667
108,vit_lejepa,vit_tiny_cifar,token_gradient,predicted,blocks.1,8,9,9,0.41094526648521423,0.24501526355743408,0.32798026502132416
109,vit_lejepa,vit_tiny_cifar,token_gradient,predicted,blocks.1,7,5,5,-0.13635313510894775,0.2133316993713379,0.03848928213119507
110,vit_lejepa,vit_tiny_cifar,token_gradient,predicted,blocks.1,4,3,3,-0.14218755066394806,0.41771382093429565,0.1377631351351738
111,vit_lejepa,vit_tiny_cifar,token_gradient,predicted,blocks.1,0,8,8,0.18335746228694916,0.37711524963378906,0.2802363559603691
112,vit_lejepa,vit_tiny_cifar,token_gradient,predicted,blocks.1,6,4,4,0.5691308975219727,0.4977255165576935,0.5334282070398331
113,vit_lejepa,vit_tiny_cifar,token_gradient,predicted,blocks.1,2,2,2,0.08446849137544632,0.11901742219924927,0.1017429567873478
114,vit_lejepa,vit_tiny_cifar,token_gradient,predicted,blocks.1,1,7,7,-0.3698421120643616,0.2584857642650604,-0.055678173899650574
115,vit_lejepa,vit_tiny_cifar,token_gradient,predicted,blocks.1,3,4,4,0.32039129734039307,0.4148544669151306,0.36762288212776184
116,vit_lejepa,vit_tiny_cifar,token_gradient,predicted,blocks.1,0,0,0,0.4556734561920166,0.26470133662223816,0.3601873964071274
117,vit_lejepa,vit_tiny_cifar,token_gradient,predicted,blocks.1,4,9,9,0.29416581988334656,0.3390292227268219,0.31659752130508423
118,vit_lejepa,vit_tiny_cifar,token_gradient,predicted,blocks.1,2,3,3,0.7474884986877441,0.3339328467845917,0.5407106727361679
119,vit_lejepa,vit_tiny_cifar,token_gradient,predicted,blocks.1,7,7,7,0.46088907122612,0.2909772992134094,0.3759331852197647
120,vit_lejepa,vit_tiny_cifar,token_gradient,predicted,blocks.1,8,8,8,0.41619113087654114,0.13128764927387238,0.27373939007520676
121,vit_lejepa,vit_tiny_cifar,token_gradient,predicted,blocks.1,3,3,3,-0.40313994884490967,0.18811015784740448,-0.1075148954987526
122,vit_lejepa,vit_tiny_cifar,token_gradient,predicted,blocks.1,1,9,9,-0.10126518458127975,0.2185424417257309,0.05863862857222557
123,vit_lejepa,vit_tiny_cifar,token_gradient,predicted,blocks.1,2,2,2,0.5989172458648682,0.2721042335033417,0.4355107396841049
124,vit_lejepa,vit_tiny_cifar,token_gradient,predicted,blocks.1,8,9,9,0.3495549261569977,0.21753861010074615,0.2835467681288719
125,vit_lejepa,vit_tiny_cifar,token_gradient,predicted,blocks.1,0,8,8,0.15933774411678314,0.3882162570953369,0.27377700060606003
126,vit_lejepa,vit_tiny_cifar,token_gradient,predicted,blocks.1,8,8,8,0.38085219264030457,0.1608806848526001,0.27086643874645233
127,vit_lejepa,vit_tiny_cifar,token_gradient,predicted,blocks.1,3,3,3,0.6040991544723511,0.39465200901031494,0.499375581741333
128,vit_lejepa,vit_tiny_cifar,token_gradient,predicted,blocks.1,5,8,8,0.2617432475090027,0.27203527092933655,0.2668892592191696
129,vit_lejepa,vit_tiny_cifar,token_gradient,predicted,blocks.1,2,0,0,0.5546209812164307,0.33540698885917664,0.44501398503780365
130,vit_lejepa,vit_tiny_cifar,token_gradient,predicted,blocks.1,4,6,6,0.06305525451898575,0.1330796480178833,0.09806745126843452
131,vit_lejepa,vit_tiny_cifar,token_gradient,predicted,blocks.1,1,8,8,0.5665512681007385,0.22845488786697388,0.3975030779838562
132,vit_lejepa,vit_tiny_cifar,token_gradient,predicted,blocks.1,8,8,8,0.1296994388103485,0.2750585079193115,0.20237897336483002
133,vit_lejepa,vit_tiny_cifar,token_gradient,predicted,blocks.1,9,9,9,-0.205359548330307,0.3787583112716675,0.08669938147068024
134,vit_lejepa,vit_tiny_cifar,token_gradient,predicted,blocks.1,1,8,8,0.26063472032546997,0.17086219787597656,0.21574845910072327
135,vit_lejepa,vit_tiny_cifar,token_gradient,predicted,blocks.1,2,3,3,0.35603323578834534,0.27151113748550415,0.31377218663692474
136,vit_lejepa,vit_tiny_cifar,token_gradient,predicted,blocks.1,9,9,9,0.3859478235244751,0.4748181998729706,0.43038301169872284
137,vit_lejepa,vit_tiny_cifar,token_gradient,predicted,blocks.1,7,3,3,-0.31463363766670227,0.09924715757369995,-0.10769324004650116
138,vit_lejepa,vit_tiny_cifar,token_gradient,predicted,blocks.1,2,2,2,0.693943202495575,0.5911419987678528,0.6425426006317139
139,vit_lejepa,vit_tiny_cifar,token_gradient,predicted,blocks.1,9,8,8,0.6495699286460876,0.18094515800476074,0.4152575433254242
140,vit_lejepa,vit_tiny_cifar,token_gradient,predicted,blocks.1,6,4,4,0.26799243688583374,0.24944068491458893,0.25871656090021133
141,vit_lejepa,vit_tiny_cifar,token_gradient,predicted,blocks.1,5,5,5,0.2862233817577362,0.4167630076408386,0.3514931946992874
142,vit_lejepa,vit_tiny_cifar,token_gradient,predicted,blocks.1,6,3,3,-0.015007708221673965,0.11927157640457153,0.052131934091448784
143,vit_lejepa,vit_tiny_cifar,token_gradient,predicted,blocks.1,3,5,5,0.26518136262893677,0.27892231941223145,0.2720518410205841
144,vit_lejepa,vit_tiny_cifar,token_gradient,predicted,blocks.1,8,8,8,0.0917113721370697,0.2919904887676239,0.1918509304523468
145,vit_lejepa,vit_tiny_cifar,token_gradient,predicted,blocks.1,7,2,2,0.1754288375377655,0.37604475021362305,0.2757367938756943
146,vit_lejepa,vit_tiny_cifar,token_gradient,predicted,blocks.1,6,6,6,0.4654019773006439,0.14004668593406677,0.30272433161735535
147,vit_lejepa,vit_tiny_cifar,token_gradient,predicted,blocks.1,2,5,5,0.6417206525802612,0.5837772488594055,0.6127489507198334
148,vit_lejepa,vit_tiny_cifar,token_gradient,predicted,blocks.1,5,3,3,0.2772597372531891,0.5538918375968933,0.4155757874250412
149,vit_lejepa,vit_tiny_cifar,token_gradient,predicted,blocks.1,2,3,3,0.27597910165786743,0.2989439070224762,0.2874615043401718
150,vit_lejepa,vit_tiny_cifar,token_gradient,predicted,blocks.1,8,1,1,-0.0032256192062050104,0.1577800065279007,0.07727719366084784
151,vit_lejepa,vit_tiny_cifar,token_gradient,predicted,blocks.1,9,1,1,0.14342235028743744,0.2958678603172302,0.21964510530233383
152,vit_lejepa,vit_tiny_cifar,token_gradient,predicted,blocks.1,6,1,1,0.12259421497583389,0.18482708930969238,0.15371065214276314
153,vit_lejepa,vit_tiny_cifar,token_gradient,predicted,blocks.1,0,0,0,0.6079115271568298,0.20698608458042145,0.40744880586862564
154,vit_lejepa,vit_tiny_cifar,token_gradient,predicted,blocks.1,0,0,0,0.7598540782928467,0.5361053347587585,0.6479797065258026
155,vit_lejepa,vit_tiny_cifar,token_gradient,predicted,blocks.1,5,2,2,0.38353434205055237,0.2253803312778473,0.30445733666419983
156,vit_lejepa,vit_tiny_cifar,token_gradient,predicted,blocks.1,2,5,5,0.33468741178512573,0.09122316539287567,0.2129552885890007
157,vit_lejepa,vit_tiny_cifar,token_gradient,predicted,blocks.1,9,8,8,0.43123525381088257,0.3963344097137451,0.41378483176231384
158,vit_lejepa,vit_tiny_cifar,token_gradient,predicted,blocks.1,5,3,3,0.6121402382850647,0.3238081634044647,0.4679742008447647
159,vit_lejepa,vit_tiny_cifar,token_gradient,predicted,blocks.1,4,4,4,-0.11357889324426651,0.07517398148775101,-0.01920245587825775
160,vit_lejepa,vit_tiny_cifar,token_gradient,predicted,blocks.1,2,0,0,0.8121187090873718,0.34209349751472473,0.5771061033010483
161,vit_lejepa,vit_tiny_cifar,token_gradient,predicted,blocks.1,1,1,1,0.6737036108970642,0.6837071180343628,0.6787053644657135
162,vit_lejepa,vit_tiny_cifar,token_gradient,predicted,blocks.1,6,3,3,0.45747944712638855,0.34398865699768066,0.4007340520620346
163,vit_lejepa,vit_tiny_cifar,token_gradient,predicted,blocks.1,6,6,6,0.13309505581855774,0.14759474992752075,0.14034490287303925
164,vit_lejepa,vit_tiny_cifar,token_gradient,predicted,blocks.1,8,0,0,0.42413169145584106,0.37612828612327576,0.4001299887895584
165,vit_lejepa,vit_tiny_cifar,token_gradient,predicted,blocks.1,4,9,9,0.09440042078495026,0.21029061079025269,0.15234551578760147
166,vit_lejepa,vit_tiny_cifar,token_gradient,predicted,blocks.1,8,8,8,0.29022955894470215,0.1138487309217453,0.20203914493322372
167,vit_lejepa,vit_tiny_cifar,token_gradient,predicted,blocks.1,4,2,2,0.5969763994216919,0.1992942988872528,0.39813534915447235
168,vit_lejepa,vit_tiny_cifar,token_gradient,predicted,blocks.1,5,7,7,-0.2110424041748047,0.21708469092845917,0.00302114337682724
169,vit_lejepa,vit_tiny_cifar,token_gradient,predicted,blocks.1,0,0,0,0.17663419246673584,0.33708879351615906,0.25686149299144745
170,vit_lejepa,vit_tiny_cifar,token_gradient,predicted,blocks.1,9,9,9,0.021128788590431213,0.26708027720451355,0.14410453289747238
171,vit_lejepa,vit_tiny_cifar,token_gradient,predicted,blocks.1,9,6,6,-0.1772526502609253,0.15683984756469727,-0.010206401348114014
172,vit_lejepa,vit_tiny_cifar,token_gradient,predicted,blocks.1,9,4,4,0.6396281123161316,0.35908743739128113,0.49935777485370636
173,vit_lejepa,vit_tiny_cifar,token_gradient,predicted,blocks.1,8,8,8,0.06105513498187065,0.2702319324016571,0.16564353369176388
174,vit_lejepa,vit_tiny_cifar,token_gradient,predicted,blocks.1,9,9,9,0.23641009628772736,0.36173537373542786,0.2990727350115776
175,vit_lejepa,vit_tiny_cifar,token_gradient,predicted,blocks.1,9,1,1,0.37822622060775757,0.5001586675643921,0.43919244408607483
176,vit_lejepa,vit_tiny_cifar,token_gradient,predicted,blocks.1,3,4,4,0.0904274731874466,0.3689318299293518,0.2296796515583992
177,vit_lejepa,vit_tiny_cifar,token_gradient,predicted,blocks.1,7,6,6,0.5464351773262024,0.4785207509994507,0.5124779641628265
178,vit_lejepa,vit_tiny_cifar,token_gradient,predicted,blocks.1,5,3,3,0.6927815079689026,0.31864243745803833,0.5057119727134705
179,vit_lejepa,vit_tiny_cifar,token_gradient,predicted,blocks.1,0,8,8,0.3630571961402893,0.18667200207710266,0.274864599108696
180,vit_lejepa,vit_tiny_cifar,token_gradient,predicted,blocks.1,0,0,0,0.35292986035346985,0.26576903462409973,0.3093494474887848
181,vit_lejepa,vit_tiny_cifar,token_gradient,predicted,blocks.1,5,6,6,0.38509273529052734,0.3711312413215637,0.37811198830604553
182,vit_lejepa,vit_tiny_cifar,token_gradient,predicted,blocks.1,2,2,2,0.3759075701236725,0.31015345454216003,0.34303051233291626
183,vit_lejepa,vit_tiny_cifar,token_gradient,predicted,blocks.1,2,2,2,-0.3805154263973236,0.24768832325935364,-0.06641355156898499
184,vit_lejepa,vit_tiny_cifar,token_gradient,predicted,blocks.1,3,4,4,0.536806583404541,0.16749998927116394,0.3521532863378525
185,vit_lejepa,vit_tiny_cifar,token_gradient,predicted,blocks.1,8,8,8,-0.22456440329551697,0.12898436188697815,-0.04779002070426941
186,vit_lejepa,vit_tiny_cifar,token_gradient,predicted,blocks.1,6,6,6,0.4609411060810089,0.16888965666294098,0.31491538137197495
187,vit_lejepa,vit_tiny_cifar,token_gradient,predicted,blocks.1,3,5,5,0.34188732504844666,0.27055659890174866,0.30622196197509766
188,vit_lejepa,vit_tiny_cifar,token_gradient,predicted,blocks.1,4,6,6,0.27898359298706055,0.38271230459213257,0.33084794878959656
189,vit_lejepa,vit_tiny_cifar,token_gradient,predicted,blocks.1,0,0,0,-0.21901901066303253,0.49061065912246704,0.13579582422971725
190,vit_lejepa,vit_tiny_cifar,token_gradient,predicted,blocks.1,5,6,6,0.37141135334968567,0.13152731955051422,0.25146933645009995
191,vit_lejepa,vit_tiny_cifar,token_gradient,predicted,blocks.1,8,3,3,0.493537038564682,0.2966375946998596,0.3950873166322708
192,vit_lejepa,vit_tiny_cifar,token_gradient,predicted,blocks.1,0,6,6,0.4209233522415161,0.2541928291320801,0.3375580906867981
193,vit_lejepa,vit_tiny_cifar,token_gradient,predicted,blocks.1,1,1,1,0.5322055816650391,0.485687255859375,0.508946418762207
194,vit_lejepa,vit_tiny_cifar,token_gradient,predicted,blocks.1,7,6,6,0.2956449091434479,0.3630194365978241,0.329332172870636
195,vit_lejepa,vit_tiny_cifar,token_gradient,predicted,blocks.1,2,2,2,0.7557685971260071,0.34536102414131165,0.5505648106336594
196,vit_lejepa,vit_tiny_cifar,token_gradient,predicted,blocks.1,8,1,1,0.14947868883609772,0.1949428766965866,0.17221078276634216
197,vit_lejepa,vit_tiny_cifar,token_gradient,predicted,blocks.1,8,2,2,0.704166054725647,0.6474071145057678,0.6757865846157074
198,vit_lejepa,vit_tiny_cifar,token_gradient,predicted,blocks.1,7,3,3,0.6292721629142761,0.6185107827186584,0.6238914728164673
199,vit_lejepa,vit_tiny_cifar,token_gradient,predicted,blocks.1,8,0,0,0.14235003292560577,0.1782631278038025,0.16030658036470413
200,vit_lejepa,vit_tiny_cifar,token_gradient,predicted,blocks.1,5,3,3,0.3483658730983734,0.4218497574329376,0.3851078152656555
201,vit_lejepa,vit_tiny_cifar,token_gradient,predicted,blocks.1,1,0,0,0.6301265358924866,0.47868332266807556,0.5544049292802811
202,vit_lejepa,vit_tiny_cifar,token_gradient,predicted,blocks.1,8,8,8,0.26217374205589294,0.15709616243839264,0.2096349522471428
203,vit_lejepa,vit_tiny_cifar,token_gradient,predicted,blocks.1,7,9,9,0.3579947054386139,0.2499779313802719,0.3039863184094429
204,vit_lejepa,vit_tiny_cifar,token_gradient,predicted,blocks.1,1,1,1,0.6298266053199768,0.25859278440475464,0.4442096948623657
205,vit_lejepa,vit_tiny_cifar,token_gradient,predicted,blocks.1,3,3,3,0.17015177011489868,0.29593512415885925,0.23304344713687897
206,vit_lejepa,vit_tiny_cifar,token_gradient,predicted,blocks.1,0,1,1,0.6130685210227966,0.47652947902679443,0.5447990000247955
207,vit_lejepa,vit_tiny_cifar,token_gradient,predicted,blocks.1,5,2,2,0.5368860363960266,0.5532032251358032,0.5450446307659149
208,vit_lejepa,vit_tiny_cifar,token_gradient,predicted,blocks.1,7,4,4,0.3121667802333832,0.32685649394989014,0.31951163709163666
209,vit_lejepa,vit_tiny_cifar,token_gradient,predicted,blocks.1,9,8,8,0.2654769718647003,0.3977189362049103,0.3315979540348053
210,vit_lejepa,vit_tiny_cifar,token_gradient,predicted,blocks.1,7,3,3,0.059765852987766266,0.09923004359006882,0.07949794828891754
211,vit_lejepa,vit_tiny_cifar,token_gradient,predicted,blocks.1,4,0,0,-0.14860300719738007,0.3651048243045807,0.10825090855360031
212,vit_lejepa,vit_tiny_cifar,token_gradient,predicted,blocks.1,5,0,0,0.7263578772544861,0.2713909149169922,0.49887439608573914
213,vit_lejepa,vit_tiny_cifar,token_gradient,predicted,blocks.1,9,9,9,0.2577533423900604,0.3866993486881256,0.322226345539093
214,vit_lejepa,vit_tiny_cifar,token_gradient,predicted,blocks.1,8,7,7,0.3281611502170563,0.1315983384847641,0.2298797443509102
215,vit_lejepa,vit_tiny_cifar,token_gradient,predicted,blocks.1,0,4,4,0.5356970429420471,0.13283240795135498,0.33426472544670105
216,vit_lejepa,vit_tiny_cifar,token_gradient,predicted,blocks.1,7,0,0,0.4529292583465576,0.2853612005710602,0.3691452294588089
217,vit_lejepa,vit_tiny_cifar,token_gradient,predicted,blocks.1,9,1,1,0.14643651247024536,0.176910862326622,0.16167368739843369
218,vit_lejepa,vit_tiny_cifar,token_gradient,predicted,blocks.1,8,0,0,-0.10263113677501678,0.44692978262901306,0.17214932292699814
219,vit_lejepa,vit_tiny_cifar,token_gradient,predicted,blocks.1,2,2,2,0.5088170766830444,0.4460107386112213,0.4774139076471329
220,vit_lejepa,vit_tiny_cifar,token_gradient,predicted,blocks.1,7,7,7,0.27980107069015503,0.24621878564357758,0.2630099281668663
221,vit_lejepa,vit_tiny_cifar,token_gradient,predicted,blocks.1,6,2,2,0.5851502418518066,0.31517350673675537,0.450161874294281
222,vit_lejepa,vit_tiny_cifar,token_gradient,predicted,blocks.1,9,5,5,-0.060285184532403946,0.29911351203918457,0.11941416375339031
223,vit_lejepa,vit_tiny_cifar,token_gradient,predicted,blocks.1,4,2,2,0.6165755391120911,0.2877742052078247,0.4521748721599579
224,vit_lejepa,vit_tiny_cifar,token_gradient,predicted,blocks.1,3,3,3,0.667141318321228,0.2885962724685669,0.47786879539489746
225,vit_lejepa,vit_tiny_cifar,token_gradient,predicted,blocks.1,9,9,9,0.05688134953379631,0.1593216061592102,0.10810147784650326
226,vit_lejepa,vit_tiny_cifar,token_gradient,predicted,blocks.1,6,0,0,0.46269696950912476,0.2707667052745819,0.36673183739185333
227,vit_lejepa,vit_tiny_cifar,token_gradient,predicted,blocks.1,4,6,6,0.3753972351551056,0.17527686059474945,0.2753370478749275
228,vit_lejepa,vit_tiny_cifar,token_gradient,predicted,blocks.1,7,0,0,-0.18936453759670258,0.31914448738098145,0.06488997489213943
229,vit_lejepa,vit_tiny_cifar,token_gradient,predicted,blocks.1,6,9,9,-0.22485417127609253,0.3626295328140259,0.06888768076896667
230,vit_lejepa,vit_tiny_cifar,token_gradient,predicted,blocks.1,5,5,5,0.6130799651145935,0.44975584745407104,0.5314179062843323
231,vit_lejepa,vit_tiny_cifar,token_gradient,predicted,blocks.1,1,9,9,0.7323388457298279,0.3880927562713623,0.5602158010005951
232,vit_lejepa,vit_tiny_cifar,token_gradient,predicted,blocks.1,5,7,7,0.022567201405763626,0.35930776596069336,0.1909374836832285
233,vit_lejepa,vit_tiny_cifar,token_gradient,predicted,blocks.1,8,4,4,0.412056028842926,0.3107316195964813,0.3613938242197037
234,vit_lejepa,vit_tiny_cifar,token_gradient,predicted,blocks.1,8,8,8,0.3644603192806244,0.347150981426239,0.3558056503534317
235,vit_lejepa,vit_tiny_cifar,token_gradient,predicted,blocks.1,0,0,0,0.3005351126194,0.4314885437488556,0.3660118281841278
236,vit_lejepa,vit_tiny_cifar,token_gradient,predicted,blocks.1,4,4,4,0.6508324146270752,0.21692073345184326,0.43387657403945923
237,vit_lejepa,vit_tiny_cifar,token_gradient,predicted,blocks.1,0,9,9,0.5615404844284058,0.5443722605705261,0.5529563724994659
238,vit_lejepa,vit_tiny_cifar,token_gradient,predicted,blocks.1,5,4,4,0.687268078327179,0.37895703315734863,0.5331125557422638
239,vit_lejepa,vit_tiny_cifar,token_gradient,predicted,blocks.1,5,6,6,0.5267816185951233,0.3845668435096741,0.4556742310523987
240,vit_lejepa,vit_tiny_cifar,token_gradient,predicted,blocks.1,1,1,1,0.642541229724884,0.41046562790870667,0.5265034288167953
241,vit_lejepa,vit_tiny_cifar,token_gradient,predicted,blocks.1,1,8,8,0.27136462926864624,0.2603175640106201,0.2658410966396332
242,vit_lejepa,vit_tiny_cifar,token_gradient,predicted,blocks.1,8,0,0,0.056344978511333466,0.21926787495613098,0.13780642673373222
243,vit_lejepa,vit_tiny_cifar,token_gradient,predicted,blocks.1,9,8,8,-0.14897190034389496,0.15859583020210266,0.004811964929103851
244,vit_lejepa,vit_tiny_cifar,token_gradient,predicted,blocks.1,0,0,0,0.5341020226478577,0.24322809278964996,0.3886650577187538
245,vit_lejepa,vit_tiny_cifar,token_gradient,predicted,blocks.1,3,5,5,0.64508455991745,0.43552741408348083,0.5403059870004654
246,vit_lejepa,vit_tiny_cifar,token_gradient,predicted,blocks.1,1,5,5,0.1105337142944336,0.24608683586120605,0.17831027507781982
247,vit_lejepa,vit_tiny_cifar,token_gradient,predicted,blocks.1,9,8,8,0.5774962902069092,0.10731113702058792,0.34240371361374855
248,vit_lejepa,vit_tiny_cifar,token_gradient,predicted,blocks.1,2,2,2,0.1579175740480423,0.24506732821464539,0.20149245113134384
249,vit_lejepa,vit_tiny_cifar,token_gradient,predicted,blocks.1,2,6,6,0.7154265642166138,0.4088585376739502,0.562142550945282
250,vit_lejepa,vit_tiny_cifar,token_gradient,predicted,blocks.1,5,7,7,0.6107950806617737,0.3209351599216461,0.4658651202917099
251,vit_lejepa,vit_tiny_cifar,token_gradient,predicted,blocks.1,3,3,3,0.32025542855262756,0.2952384650707245,0.307746946811676
252,vit_lejepa,vit_tiny_cifar,token_gradient,predicted,blocks.1,9,9,9,0.08065127581357956,0.26714885234832764,0.1739000640809536
253,vit_lejepa,vit_tiny_cifar,token_gradient,predicted,blocks.1,9,1,1,0.27424097061157227,0.516785204410553,0.3955130875110626
254,vit_lejepa,vit_tiny_cifar,token_gradient,predicted,blocks.1,4,4,4,0.2044113129377365,0.4479493200778961,0.3261803165078163
255,vit_lejepa,vit_tiny_cifar,token_gradient,predicted,blocks.1,0,0,0,0.4943508207798004,0.2832496166229248,0.3888002187013626
256,vit_lejepa,vit_tiny_cifar,token_gradient,predicted,blocks.1,3,5,5,0.3308473527431488,0.4037889838218689,0.36731816828250885
257,vit_lejepa,vit_tiny_cifar,token_gradient,predicted,blocks.1,0,0,0,0.5945025682449341,0.4361671507358551,0.5153348594903946
258,vit_lejepa,vit_tiny_cifar,token_gradient,predicted,blocks.1,0,8,8,0.2306196242570877,0.3704548180103302,0.30053722113370895
259,vit_lejepa,vit_tiny_cifar,token_gradient,predicted,blocks.1,9,1,1,0.480071485042572,0.4048458933830261,0.4424586892127991
260,vit_lejepa,vit_tiny_cifar,token_gradient,predicted,blocks.1,8,5,5,0.5718826055526733,0.47438085079193115,0.5231317281723022
261,vit_lejepa,vit_tiny_cifar,token_gradient,predicted,blocks.1,1,1,1,-0.17579829692840576,0.22297906875610352,0.023590385913848877
262,vit_lejepa,vit_tiny_cifar,token_gradient,predicted,blocks.1,5,1,1,0.759352445602417,0.2760274112224579,0.5176899284124374
263,vit_lejepa,vit_tiny_cifar,token_gradient,predicted,blocks.1,7,8,8,0.6404642462730408,0.20526674389839172,0.42286549508571625
264,vit_lejepa,vit_tiny_cifar,token_gradient,predicted,blocks.1,0,5,5,0.6806513071060181,0.34385794401168823,0.5122546255588531
265,vit_lejepa,vit_tiny_cifar,token_gradient,predicted,blocks.1,8,8,8,0.40899503231048584,0.13347227871418,0.2712336555123329
266,vit_lejepa,vit_tiny_cifar,token_gradient,predicted,blocks.1,2,8,8,-0.1753436177968979,0.2315579056739807,0.028107143938541412
267,vit_lejepa,vit_tiny_cifar,token_gradient,predicted,blocks.1,4,4,4,0.605363667011261,0.48463955521583557,0.5450016111135483
268,vit_lejepa,vit_tiny_cifar,token_gradient,predicted,blocks.1,7,7,7,0.29516005516052246,0.4279898405075073,0.3615749478340149
269,vit_lejepa,vit_tiny_cifar,token_gradient,predicted,blocks.1,0,5,5,0.6838333606719971,0.2441876083612442,0.46401048451662064
270,vit_lejepa,vit_tiny_cifar,token_gradient,predicted,blocks.1,2,6,6,0.05166883021593094,0.5537188649177551,0.30269384756684303
271,vit_lejepa,vit_tiny_cifar,token_gradient,predicted,blocks.1,3,4,4,-0.02237800508737564,0.17699602246284485,0.0773090086877346
272,vit_lejepa,vit_tiny_cifar,token_gradient,predicted,blocks.1,6,6,6,0.06464727967977524,0.32298335433006287,0.19381531700491905
273,vit_lejepa,vit_tiny_cifar,token_gradient,predicted,blocks.1,3,3,3,0.5293102860450745,0.22480474412441254,0.3770575150847435
274,vit_lejepa,vit_tiny_cifar,token_gradient,predicted,blocks.1,8,8,8,0.1853703111410141,0.24020148813724518,0.21278589963912964
275,vit_lejepa,vit_tiny_cifar,token_gradient,predicted,blocks.1,5,3,3,0.7787151336669922,0.5086644887924194,0.6436898112297058
276,vit_lejepa,vit_tiny_cifar,token_gradient,predicted,blocks.1,0,1,1,0.6558331847190857,0.4042096734046936,0.5300214290618896
277,vit_lejepa,vit_tiny_cifar,token_gradient,predicted,blocks.1,3,2,2,-0.0722612589597702,0.3010345995426178,0.1143866702914238
278,vit_lejepa,vit_tiny_cifar,token_gradient,predicted,blocks.1,4,4,4,0.3200792968273163,0.4679064452648163,0.3939928710460663
279,vit_lejepa,vit_tiny_cifar,token_gradient,predicted,blocks.1,3,3,3,0.4583883285522461,0.5135263800621033,0.4859573543071747
280,vit_lejepa,vit_tiny_cifar,token_gradient,predicted,blocks.1,9,9,9,-0.1759033054113388,0.23719310760498047,0.03064490109682083
281,vit_lejepa,vit_tiny_cifar,token_gradient,predicted,blocks.1,0,6,6,-0.11334480345249176,0.28333112597465515,0.0849931612610817
282,vit_lejepa,vit_tiny_cifar,token_gradient,predicted,blocks.1,6,6,6,0.7725275754928589,0.6307201385498047,0.7016238570213318
283,vit_lejepa,vit_tiny_cifar,token_gradient,predicted,blocks.1,1,9,9,0.4069937765598297,0.25398802757263184,0.3304909020662308
284,vit_lejepa,vit_tiny_cifar,token_gradient,predicted,blocks.1,0,8,8,0.09858131408691406,0.09374554455280304,0.09616342931985855
285,vit_lejepa,vit_tiny_cifar,token_gradient,predicted,blocks.1,9,9,9,0.027282647788524628,0.17690373957157135,0.10209319368004799
286,vit_lejepa,vit_tiny_cifar,token_gradient,predicted,blocks.1,1,0,0,0.48193004727363586,0.1923343390226364,0.33713219314813614
287,vit_lejepa,vit_tiny_cifar,token_gradient,predicted,blocks.1,0,0,0,0.3306530714035034,0.35425040125846863,0.342451736330986
288,vit_lejepa,vit_tiny_cifar,token_gradient,predicted,blocks.1,7,5,5,0.34704193472862244,0.16756470501422882,0.25730331987142563
289,vit_lejepa,vit_tiny_cifar,token_gradient,predicted,blocks.1,9,0,0,-0.08653252571821213,0.24373359978199005,0.07860053703188896
290,vit_lejepa,vit_tiny_cifar,token_gradient,predicted,blocks.1,1,1,1,0.05871560424566269,0.30946892499923706,0.18409226462244987
291,vit_lejepa,vit_tiny_cifar,token_gradient,predicted,blocks.1,2,2,2,0.5061817169189453,0.43923792243003845,0.4727098196744919
292,vit_lejepa,vit_tiny_cifar,token_gradient,predicted,blocks.1,6,2,2,0.3536527454853058,0.23481877148151398,0.2942357584834099
293,vit_lejepa,vit_tiny_cifar,token_gradient,predicted,blocks.1,9,8,8,0.25479036569595337,0.2587847113609314,0.2567875385284424
294,vit_lejepa,vit_tiny_cifar,token_gradient,predicted,blocks.1,3,3,3,0.23305116593837738,0.34500154852867126,0.2890263572335243
295,vit_lejepa,vit_tiny_cifar,token_gradient,predicted,blocks.1,4,4,4,0.5234488844871521,0.15916073322296143,0.34130480885505676
296,vit_lejepa,vit_tiny_cifar,token_gradient,predicted,blocks.1,6,6,6,0.9083746075630188,0.5461613535881042,0.7272679805755615
297,vit_lejepa,vit_tiny_cifar,token_gradient,predicted,blocks.1,0,0,0,0.3605005741119385,0.2896325886249542,0.32506658136844635
298,vit_lejepa,vit_tiny_cifar,token_gradient,predicted,blocks.1,0,0,0,0.22482919692993164,0.38471853733062744,0.30477386713027954
299,vit_lejepa,vit_tiny_cifar,token_gradient,predicted,blocks.1,6,6,6,0.13868115842342377,0.19443443417549133,0.16655779629945755
300,vit_lejepa,vit_tiny_cifar,token_gradient,predicted,blocks.1,6,6,6,-0.0637858584523201,0.22008953988552094,0.07815184071660042
301,vit_lejepa,vit_tiny_cifar,token_gradient,predicted,blocks.1,6,6,6,0.4307720959186554,0.150364488363266,0.2905682921409607
302,vit_lejepa,vit_tiny_cifar,token_gradient,predicted,blocks.1,3,2,2,0.390678733587265,0.3115558326244354,0.3511172831058502
303,vit_lejepa,vit_tiny_cifar,token_gradient,predicted,blocks.1,2,8,8,0.1817486584186554,0.4966144561767578,0.3391815572977066
304,vit_lejepa,vit_tiny_cifar,token_gradient,predicted,blocks.1,6,4,4,0.5245991349220276,0.296753853559494,0.4106764942407608
305,vit_lejepa,vit_tiny_cifar,token_gradient,predicted,blocks.1,1,0,0,0.24639329314231873,0.2841322720050812,0.26526278257369995
306,vit_lejepa,vit_tiny_cifar,token_gradient,predicted,blocks.1,8,1,1,0.47561174631118774,0.3309289813041687,0.4032703638076782
307,vit_lejepa,vit_tiny_cifar,token_gradient,predicted,blocks.1,2,2,2,0.4888371229171753,0.14783519506454468,0.31833615899086
308,vit_lejepa,vit_tiny_cifar,token_gradient,predicted,blocks.1,1,1,1,-0.22186769545078278,0.30793479084968567,0.04303354769945145
309,vit_lejepa,vit_tiny_cifar,token_gradient,predicted,blocks.1,6,2,2,0.598747968673706,0.17036937177181244,0.38455867022275925
310,vit_lejepa,vit_tiny_cifar,token_gradient,predicted,blocks.1,8,8,8,0.563317596912384,0.16449224948883057,0.3639049232006073
311,vit_lejepa,vit_tiny_cifar,token_gradient,predicted,blocks.1,6,6,6,0.45854392647743225,0.22512571513652802,0.34183482080698013
312,vit_lejepa,vit_tiny_cifar,token_gradient,predicted,blocks.1,8,0,0,0.7841225266456604,0.4628184139728546,0.6234704703092575
313,vit_lejepa,vit_tiny_cifar,token_gradient,predicted,blocks.1,0,0,0,0.7496564388275146,0.19910208880901337,0.474379263818264
314,vit_lejepa,vit_tiny_cifar,token_gradient,predicted,blocks.1,4,5,5,0.2934524118900299,0.38514453172683716,0.33929847180843353
315,vit_lejepa,vit_tiny_cifar,token_gradient,predicted,blocks.1,0,0,0,0.7634328603744507,0.236452117562294,0.49994248896837234
316,vit_lejepa,vit_tiny_cifar,token_gradient,predicted,blocks.1,7,7,7,0.5233480930328369,0.4357213079929352,0.47953470051288605
317,vit_lejepa,vit_tiny_cifar,token_gradient,predicted,blocks.1,7,4,4,-0.027025368064641953,0.1324405074119568,0.05270756967365742
318,vit_lejepa,vit_tiny_cifar,token_gradient,predicted,blocks.1,5,5,5,0.6841991543769836,0.39034759998321533,0.5372733771800995
319,vit_lejepa,vit_tiny_cifar,token_gradient,predicted,blocks.1,5,3,3,0.21505384147167206,0.28194645047187805,0.24850014597177505
320,vit_lejepa,vit_tiny_cifar,token_gradient,predicted,blocks.1,3,2,2,0.7478166818618774,0.2814957797527313,0.5146562308073044
321,vit_lejepa,vit_tiny_cifar,token_gradient,predicted,blocks.1,5,3,3,0.369947612285614,0.12118245661258698,0.2455650344491005
322,vit_lejepa,vit_tiny_cifar,token_gradient,predicted,blocks.1,2,6,6,0.38838204741477966,0.1281636357307434,0.25827284157276154
323,vit_lejepa,vit_tiny_cifar,token_gradient,predicted,blocks.1,3,4,4,0.1725480854511261,0.22519047558307648,0.1988692805171013
324,vit_lejepa,vit_tiny_cifar,token_gradient,predicted,blocks.1,4,5,5,0.6510817408561707,0.3386582136154175,0.49486997723579407
325,vit_lejepa,vit_tiny_cifar,token_gradient,predicted,blocks.1,1,9,9,0.519061267375946,0.25124391913414,0.38515259325504303
326,vit_lejepa,vit_tiny_cifar,token_gradient,predicted,blocks.1,7,2,2,0.15343251824378967,0.17485462129116058,0.16414356976747513
327,vit_lejepa,vit_tiny_cifar,token_gradient,predicted,blocks.1,5,6,6,0.49512192606925964,0.4954319894313812,0.49527695775032043
328,vit_lejepa,vit_tiny_cifar,token_gradient,predicted,blocks.1,4,0,0,0.48118138313293457,0.16508740186691284,0.3231343924999237
329,vit_lejepa,vit_tiny_cifar,token_gradient,predicted,blocks.1,6,6,6,0.5580616593360901,0.2787112593650818,0.41838645935058594
330,vit_lejepa,vit_tiny_cifar,token_gradient,predicted,blocks.1,1,1,1,0.7299715876579285,0.565805196762085,0.6478883922100067
331,vit_lejepa,vit_tiny_cifar,token_gradient,predicted,blocks.1,9,9,9,0.18643684685230255,0.35616132616996765,0.2712990865111351
332,vit_lejepa,vit_tiny_cifar,token_gradient,predicted,blocks.1,3,6,6,0.29559099674224854,0.22231419384479523,0.2589525952935219
333,vit_lejepa,vit_tiny_cifar,token_gradient,predicted,blocks.1,6,6,6,0.3889279067516327,0.18629701435565948,0.2876124605536461
334,vit_lejepa,vit_tiny_cifar,token_gradient,predicted,blocks.1,6,6,6,0.30163273215293884,0.1987317055463791,0.25018221884965897
335,vit_lejepa,vit_tiny_cifar,token_gradient,predicted,blocks.1,9,9,9,-0.0012857046676799655,0.4280723035335541,0.21339329943293706
336,vit_lejepa,vit_tiny_cifar,token_gradient,predicted,blocks.1,3,2,2,-0.06200774013996124,0.36991357803344727,0.153952918946743
337,vit_lejepa,vit_tiny_cifar,token_gradient,predicted,blocks.1,8,8,8,0.6242371201515198,0.31712594628334045,0.4706815332174301
338,vit_lejepa,vit_tiny_cifar,token_gradient,predicted,blocks.1,0,0,0,0.616199254989624,0.17710570991039276,0.3966524824500084
339,vit_lejepa,vit_tiny_cifar,token_gradient,predicted,blocks.1,7,0,0,-0.230606347322464,0.16814200580120087,-0.03123217076063156
340,vit_lejepa,vit_tiny_cifar,token_gradient,predicted,blocks.1,2,4,4,0.509327232837677,0.25865986943244934,0.38399355113506317
341,vit_lejepa,vit_tiny_cifar,token_gradient,predicted,blocks.1,6,7,7,-0.07149795442819595,0.23766249418258667,0.08308226987719536
342,vit_lejepa,vit_tiny_cifar,token_gradient,predicted,blocks.1,2,2,2,0.7349660992622375,0.3771378695964813,0.5560519844293594
343,vit_lejepa,vit_tiny_cifar,token_gradient,predicted,blocks.1,5,1,1,0.3312102258205414,0.1996665596961975,0.26543839275836945
344,vit_lejepa,vit_tiny_cifar,token_gradient,predicted,blocks.1,8,8,8,0.3500591814517975,0.24475201964378357,0.2974056005477905
345,vit_lejepa,vit_tiny_cifar,token_gradient,predicted,blocks.1,5,5,5,0.38461220264434814,0.239675834774971,0.3121440187096596
346,vit_lejepa,vit_tiny_cifar,token_gradient,predicted,blocks.1,4,7,7,-0.16253995895385742,0.21607518196105957,0.026767611503601074
347,vit_lejepa,vit_tiny_cifar,token_gradient,predicted,blocks.1,6,5,5,-0.003158272709697485,0.4913690686225891,0.2441053979564458
348,vit_lejepa,vit_tiny_cifar,token_gradient,predicted,blocks.1,8,0,0,0.22703027725219727,0.3446424603462219,0.2858363687992096
349,vit_lejepa,vit_tiny_cifar,token_gradient,predicted,blocks.1,9,9,9,0.42640388011932373,0.34299150109291077,0.38469769060611725
350,vit_lejepa,vit_tiny_cifar,token_gradient,predicted,blocks.1,9,9,9,0.7249253988265991,0.30746665596961975,0.5161960273981094
351,vit_lejepa,vit_tiny_cifar,token_gradient,predicted,blocks.1,1,1,1,-0.15550737082958221,0.38573774695396423,0.11511518806219101
352,vit_lejepa,vit_tiny_cifar,token_gradient,predicted,blocks.1,0,0,0,0.10831121355295181,0.36486247181892395,0.23658684268593788
353,vit_lejepa,vit_tiny_cifar,token_gradient,predicted,blocks.1,2,0,0,0.4337482750415802,0.40431851148605347,0.41903339326381683
354,vit_lejepa,vit_tiny_cifar,token_gradient,predicted,blocks.1,2,6,6,-0.16620996594429016,0.18601202964782715,0.009901031851768494
355,vit_lejepa,vit_tiny_cifar,token_gradient,predicted,blocks.1,7,3,3,0.5973061323165894,0.41851502656936646,0.5079105794429779
356,vit_lejepa,vit_tiny_cifar,token_gradient,predicted,blocks.1,3,2,2,-0.02481081150472164,0.3894540071487427,0.18232159782201052
357,vit_lejepa,vit_tiny_cifar,token_gradient,predicted,blocks.1,2,3,3,0.15099085867404938,0.36766940355300903,0.2593301311135292
358,vit_lejepa,vit_tiny_cifar,token_gradient,predicted,blocks.1,8,1,1,0.39366626739501953,0.3931051790714264,0.39338572323322296
359,vit_lejepa,vit_tiny_cifar,token_gradient,predicted,blocks.1,0,8,8,0.6813523769378662,0.3231832981109619,0.5022678375244141
360,vit_lejepa,vit_tiny_cifar,token_gradient,predicted,blocks.1,9,3,3,0.32754647731781006,0.2615172266960144,0.29453185200691223
361,vit_lejepa,vit_tiny_cifar,token_gradient,predicted,blocks.1,5,3,3,-0.21616409718990326,0.3360811471939087,0.059958525002002716
362,vit_lejepa,vit_tiny_cifar,token_gradient,predicted,blocks.1,8,8,8,0.28283244371414185,0.13430747389793396,0.2085699588060379
363,vit_lejepa,vit_tiny_cifar,token_gradient,predicted,blocks.1,1,8,8,0.15289907157421112,0.20868369936943054,0.18079138547182083
364,vit_lejepa,vit_tiny_cifar,token_gradient,predicted,blocks.1,9,8,8,-0.1637442260980606,0.20017051696777344,0.018213145434856415
365,vit_lejepa,vit_tiny_cifar,token_gradient,predicted,blocks.1,4,7,7,-0.046300508081912994,0.2505023181438446,0.1021009050309658
366,vit_lejepa,vit_tiny_cifar,token_gradient,predicted,blocks.1,1,6,6,0.18516805768013,0.12642328441143036,0.15579567104578018
367,vit_lejepa,vit_tiny_cifar,token_gradient,predicted,blocks.1,3,9,9,0.23688796162605286,0.26283711194992065,0.24986253678798676
368,vit_lejepa,vit_tiny_cifar,token_gradient,predicted,blocks.1,8,8,8,0.018651211634278297,0.23514775931835175,0.12689948547631502
369,vit_lejepa,vit_tiny_cifar,token_gradient,predicted,blocks.1,1,8,8,0.22271163761615753,0.19440557062625885,0.2085586041212082
370,vit_lejepa,vit_tiny_cifar,token_gradient,predicted,blocks.1,4,6,6,0.14689816534519196,0.3626110851764679,0.2547546252608299
371,vit_lejepa,vit_tiny_cifar,token_gradient,predicted,blocks.1,7,0,0,0.5154693126678467,0.29318249225616455,0.4043259024620056
372,vit_lejepa,vit_tiny_cifar,token_gradient,predicted,blocks.1,9,9,9,0.28493714332580566,0.22580358386039734,0.2553703635931015
373,vit_lejepa,vit_tiny_cifar,token_gradient,predicted,blocks.1,4,2,2,0.44042620062828064,0.17807543277740479,0.3092508167028427
374,vit_lejepa,vit_tiny_cifar,token_gradient,predicted,blocks.1,2,2,2,-0.043058130890131,0.3004229962825775,0.12868243269622326
375,vit_lejepa,vit_tiny_cifar,token_gradient,predicted,blocks.1,7,2,2,0.1960969865322113,0.2869552969932556,0.24152614176273346
376,vit_lejepa,vit_tiny_cifar,token_gradient,predicted,blocks.1,0,0,0,0.09751921892166138,0.3689420521259308,0.23323063552379608
377,vit_lejepa,vit_tiny_cifar,token_gradient,predicted,blocks.1,7,5,5,0.3812907636165619,0.30724069476127625,0.34426572918891907
378,vit_lejepa,vit_tiny_cifar,token_gradient,predicted,blocks.1,0,2,2,0.5873422622680664,0.22180314362049103,0.4045727029442787
379,vit_lejepa,vit_tiny_cifar,token_gradient,predicted,blocks.1,6,6,6,0.09323668479919434,0.10794377326965332,0.10059022903442383
380,vit_lejepa,vit_tiny_cifar,token_gradient,predicted,blocks.1,6,6,6,0.2314813882112503,0.3844721019268036,0.30797674506902695
381,vit_lejepa,vit_tiny_cifar,token_gradient,predicted,blocks.1,9,9,9,0.3818676471710205,0.41515880823135376,0.39851322770118713
382,vit_lejepa,vit_tiny_cifar,token_gradient,predicted,blocks.1,0,0,0,0.5899367332458496,0.3157823383808136,0.4528595358133316
383,vit_lejepa,vit_tiny_cifar,token_gradient,predicted,blocks.1,9,0,0,0.2700766324996948,0.3490128815174103,0.30954475700855255
384,vit_lejepa,vit_tiny_cifar,token_gradient,predicted,blocks.1,2,7,7,0.4654698073863983,0.21658340096473694,0.3410266041755676
385,vit_lejepa,vit_tiny_cifar,token_gradient,predicted,blocks.1,8,0,0,0.38462033867836,0.5206516981124878,0.4526360183954239
386,vit_lejepa,vit_tiny_cifar,token_gradient,predicted,blocks.1,7,7,7,0.010546684265136719,0.31831103563308716,0.16442885994911194
387,vit_lejepa,vit_tiny_cifar,token_gradient,predicted,blocks.1,2,6,6,0.6500530242919922,0.2611471712589264,0.4556000977754593
388,vit_lejepa,vit_tiny_cifar,token_gradient,predicted,blocks.1,2,3,3,0.3958064615726471,0.39454150199890137,0.39517398178577423
389,vit_lejepa,vit_tiny_cifar,token_gradient,predicted,blocks.1,5,5,5,0.4111845791339874,0.36866918206214905,0.38992688059806824
390,vit_lejepa,vit_tiny_cifar,token_gradient,predicted,blocks.1,1,9,9,0.4335438907146454,0.2316381335258484,0.3325910121202469
391,vit_lejepa,vit_tiny_cifar,token_gradient,predicted,blocks.1,2,0,0,0.4325971305370331,0.5737221240997314,0.5031596273183823
392,vit_lejepa,vit_tiny_cifar,token_gradient,predicted,blocks.1,6,6,6,0.02363758720457554,0.1636243611574173,0.09363097418099642
393,vit_lejepa,vit_tiny_cifar,token_gradient,predicted,blocks.1,2,5,5,0.4393573999404907,0.7532974481582642,0.5963274240493774
394,vit_lejepa,vit_tiny_cifar,token_gradient,predicted,blocks.1,9,3,3,-0.060477662831544876,0.3456414043903351,0.1425818707793951
395,vit_lejepa,vit_tiny_cifar,token_gradient,predicted,blocks.1,6,2,2,0.5258966088294983,0.5774350166320801,0.5516658127307892
396,vit_lejepa,vit_tiny_cifar,token_gradient,predicted,blocks.1,2,2,2,0.018014339730143547,0.1573953628540039,0.08770485129207373
397,vit_lejepa,vit_tiny_cifar,token_gradient,predicted,blocks.1,3,1,1,0.24181786179542542,0.3089405596256256,0.2753792107105255
398,vit_lejepa,vit_tiny_cifar,token_gradient,predicted,blocks.1,0,0,0,0.23138752579689026,0.28377723693847656,0.2575823813676834
399,vit_lejepa,vit_tiny_cifar,token_gradient,predicted,blocks.1,3,8,8,-0.038623642176389694,0.27914056181907654,0.12025845982134342
400,vit_lejepa,vit_tiny_cifar,token_gradient,predicted,blocks.1,9,9,9,0.11541124433279037,0.32786524295806885,0.2216382436454296
401,vit_lejepa,vit_tiny_cifar,token_gradient,predicted,blocks.1,8,1,1,0.6033832430839539,0.28250253200531006,0.44294288754463196
402,vit_lejepa,vit_tiny_cifar,token_gradient,predicted,blocks.1,7,6,6,-0.2831486463546753,0.17564105987548828,-0.053753793239593506
403,vit_lejepa,vit_tiny_cifar,token_gradient,predicted,blocks.1,8,0,0,0.7507836222648621,0.6261245012283325,0.6884540617465973
404,vit_lejepa,vit_tiny_cifar,token_gradient,predicted,blocks.1,8,8,8,0.3140619993209839,0.2844780385494232,0.29927001893520355
405,vit_lejepa,vit_tiny_cifar,token_gradient,predicted,blocks.1,4,4,4,0.2271496206521988,0.5150868892669678,0.3711182549595833
406,vit_lejepa,vit_tiny_cifar,token_gradient,predicted,blocks.1,0,0,0,-0.051562078297138214,0.3249323070049286,0.1366851143538952
407,vit_lejepa,vit_tiny_cifar,token_gradient,predicted,blocks.1,1,9,9,0.4389519989490509,0.6051337718963623,0.5220428854227066
408,vit_lejepa,vit_tiny_cifar,token_gradient,predicted,blocks.1,8,0,0,-0.03731417655944824,0.32346707582473755,0.14307644963264465
409,vit_lejepa,vit_tiny_cifar,token_gradient,predicted,blocks.1,2,2,2,0.617632269859314,0.21808499097824097,0.41785863041877747
410,vit_lejepa,vit_tiny_cifar,token_gradient,predicted,blocks.1,7,8,8,-0.33993834257125854,0.3151274025440216,-0.01240547001361847
411,vit_lejepa,vit_tiny_cifar,token_gradient,predicted,blocks.1,9,5,5,0.1528405249118805,0.30294930934906006,0.22789491713047028
412,vit_lejepa,vit_tiny_cifar,token_gradient,predicted,blocks.1,3,4,4,0.182842418551445,0.379601389169693,0.281221903860569
413,vit_lejepa,vit_tiny_cifar,token_gradient,predicted,blocks.1,6,6,6,0.11278820782899857,0.18142282962799072,0.14710551872849464
414,vit_lejepa,vit_tiny_cifar,token_gradient,predicted,blocks.1,1,1,1,0.3584536015987396,0.30065223574638367,0.32955291867256165
415,vit_lejepa,vit_tiny_cifar,token_gradient,predicted,blocks.1,9,9,9,0.028443053364753723,0.20314699411392212,0.11579502373933792
416,vit_lejepa,vit_tiny_cifar,token_gradient,predicted,blocks.1,0,2,2,0.3542045056819916,0.5115987658500671,0.43290163576602936
417,vit_lejepa,vit_tiny_cifar,token_gradient,predicted,blocks.1,7,7,7,0.010308990254998207,0.3992186486721039,0.20476381946355104
418,vit_lejepa,vit_tiny_cifar,token_gradient,predicted,blocks.1,3,5,5,0.40120846033096313,0.37384769320487976,0.38752807676792145
419,vit_lejepa,vit_tiny_cifar,token_gradient,predicted,blocks.1,7,6,6,0.45319581031799316,0.5153561234474182,0.4842759668827057
420,vit_lejepa,vit_tiny_cifar,token_gradient,predicted,blocks.1,4,4,4,0.13668231666088104,0.5309619903564453,0.3338221535086632
421,vit_lejepa,vit_tiny_cifar,token_gradient,predicted,blocks.1,5,5,5,0.3156987726688385,0.3632998466491699,0.3394993096590042
422,vit_lejepa,vit_tiny_cifar,token_gradient,predicted,blocks.1,0,8,8,0.31483328342437744,0.24865466356277466,0.28174397349357605
423,vit_lejepa,vit_tiny_cifar,token_gradient,predicted,blocks.1,0,9,9,0.7415428161621094,0.21386897563934326,0.4777058959007263
424,vit_lejepa,vit_tiny_cifar,token_gradient,predicted,blocks.1,2,2,2,0.1620502471923828,0.42658889293670654,0.2943195700645447
425,vit_lejepa,vit_tiny_cifar,token_gradient,predicted,blocks.1,9,8,8,0.20455695688724518,0.408811092376709,0.3066840246319771
426,vit_lejepa,vit_tiny_cifar,token_gradient,predicted,blocks.1,3,5,5,0.4379723072052002,0.47280025482177734,0.45538628101348877
427,vit_lejepa,vit_tiny_cifar,token_gradient,predicted,blocks.1,4,3,3,0.14592987298965454,0.4108344316482544,0.27838215231895447
428,vit_lejepa,vit_tiny_cifar,token_gradient,predicted,blocks.1,0,7,7,0.14436176419258118,0.3850197494029999,0.2646907567977905
429,vit_lejepa,vit_tiny_cifar,token_gradient,predicted,blocks.1,6,6,6,0.44919854402542114,0.29930081963539124,0.3742496818304062
430,vit_lejepa,vit_tiny_cifar,token_gradient,predicted,blocks.1,2,7,7,0.33651986718177795,0.3452546298503876,0.34088724851608276
431,vit_lejepa,vit_tiny_cifar,token_gradient,predicted,blocks.1,5,8,8,0.17477737367153168,0.14102302491664886,0.15790019929409027
432,vit_lejepa,vit_tiny_cifar,token_gradient,predicted,blocks.1,3,3,3,0.274345725774765,0.3323046565055847,0.30332519114017487
433,vit_lejepa,vit_tiny_cifar,token_gradient,predicted,blocks.1,7,3,3,0.7065755128860474,0.3522411584854126,0.52940833568573
434,vit_lejepa,vit_tiny_cifar,token_gradient,predicted,blocks.1,3,9,9,0.24737411737442017,0.3825949430465698,0.314984530210495
435,vit_lejepa,vit_tiny_cifar,token_gradient,predicted,blocks.1,7,5,5,0.2603602111339569,0.3854959011077881,0.3229280561208725
436,vit_lejepa,vit_tiny_cifar,token_gradient,predicted,blocks.1,2,2,2,0.42235317826271057,0.22911164164543152,0.32573240995407104
437,vit_lejepa,vit_tiny_cifar,token_gradient,predicted,blocks.1,5,4,4,0.7171335816383362,0.3270675539970398,0.522100567817688
438,vit_lejepa,vit_tiny_cifar,token_gradient,predicted,blocks.1,3,3,3,0.764427125453949,0.3281596899032593,0.5462934076786041
439,vit_lejepa,vit_tiny_cifar,token_gradient,predicted,blocks.1,1,6,6,0.2444506734609604,0.340579628944397,0.2925151512026787
440,vit_lejepa,vit_tiny_cifar,token_gradient,predicted,blocks.1,1,6,6,0.044457562267780304,0.20252536237239838,0.12349146232008934
441,vit_lejepa,vit_tiny_cifar,token_gradient,predicted,blocks.1,4,2,2,0.514082670211792,0.2264190912246704,0.3702508807182312
442,vit_lejepa,vit_tiny_cifar,token_gradient,predicted,blocks.1,9,9,9,0.2371893674135208,0.5300346612930298,0.3836120143532753
443,vit_lejepa,vit_tiny_cifar,token_gradient,predicted,blocks.1,9,9,9,0.3121822476387024,0.30201369524002075,0.3070979714393616
444,vit_lejepa,vit_tiny_cifar,token_gradient,predicted,blocks.1,5,8,8,0.14163771271705627,0.3215164542198181,0.2315770834684372
445,vit_lejepa,vit_tiny_cifar,token_gradient,predicted,blocks.1,7,4,4,-0.07887928932905197,0.2331695407629013,0.07714512571692467
446,vit_lejepa,vit_tiny_cifar,token_gradient,predicted,blocks.1,5,8,8,0.22193239629268646,0.2897357940673828,0.25583409518003464
447,vit_lejepa,vit_tiny_cifar,token_gradient,predicted,blocks.1,0,0,0,0.9880099296569824,0.5850095748901367,0.7865097522735596
448,vit_lejepa,vit_tiny_cifar,token_gradient,predicted,blocks.1,2,6,6,0.7242156863212585,0.290211021900177,0.5072133541107178
449,vit_lejepa,vit_tiny_cifar,token_gradient,predicted,blocks.1,2,0,0,0.7932111620903015,0.3246386647224426,0.5589249134063721
450,vit_lejepa,vit_tiny_cifar,token_gradient,predicted,blocks.1,2,3,3,0.7483648657798767,0.4271650016307831,0.5877649337053299
451,vit_lejepa,vit_tiny_cifar,token_gradient,predicted,blocks.1,9,9,9,0.014525620266795158,0.37669864296913147,0.19561213161796331
452,vit_lejepa,vit_tiny_cifar,token_gradient,predicted,blocks.1,7,6,6,0.36672544479370117,0.3344976603984833,0.3506115525960922
453,vit_lejepa,vit_tiny_cifar,token_gradient,predicted,blocks.1,3,6,6,0.47622600197792053,0.2377786785364151,0.3570023402571678
454,vit_lejepa,vit_tiny_cifar,token_gradient,predicted,blocks.1,9,8,8,0.5332220196723938,0.2762671113014221,0.40474456548690796
455,vit_lejepa,vit_tiny_cifar,token_gradient,predicted,blocks.1,4,4,4,-0.0038327693473547697,0.32992514967918396,0.1630461901659146
456,vit_lejepa,vit_tiny_cifar,token_gradient,predicted,blocks.1,3,2,2,0.586014986038208,0.32413074374198914,0.45507286489009857
457,vit_lejepa,vit_tiny_cifar,token_gradient,predicted,blocks.1,5,6,6,0.06639004498720169,0.26714053750038147,0.16676529124379158
458,vit_lejepa,vit_tiny_cifar,token_gradient,predicted,blocks.1,4,4,4,0.6487753391265869,0.3604082465171814,0.5045917928218842
459,vit_lejepa,vit_tiny_cifar,token_gradient,predicted,blocks.1,6,0,0,0.5743908286094666,0.19442975521087646,0.3844102919101715
460,vit_lejepa,vit_tiny_cifar,token_gradient,predicted,blocks.1,5,2,2,0.2977183163166046,0.3952808678150177,0.34649959206581116
461,vit_lejepa,vit_tiny_cifar,token_gradient,predicted,blocks.1,6,2,2,0.3691641688346863,0.396496057510376,0.38283011317253113
462,vit_lejepa,vit_tiny_cifar,token_gradient,predicted,blocks.1,1,9,9,0.4321228265762329,0.36422786116600037,0.39817534387111664
463,vit_lejepa,vit_tiny_cifar,token_gradient,predicted,blocks.1,4,2,2,0.5074058175086975,0.5570301413536072,0.5322179794311523
464,vit_lejepa,vit_tiny_cifar,token_gradient,predicted,blocks.1,3,3,3,0.5672289133071899,0.18970394134521484,0.3784664273262024
465,vit_lejepa,vit_tiny_cifar,token_gradient,predicted,blocks.1,4,4,4,0.47641441226005554,0.30654802918434143,0.3914812207221985
466,vit_lejepa,vit_tiny_cifar,token_gradient,predicted,blocks.1,4,6,6,0.6270128488540649,0.3348099887371063,0.48091141879558563
467,vit_lejepa,vit_tiny_cifar,token_gradient,predicted,blocks.1,3,2,2,0.1539931446313858,0.13753923773765564,0.14576619118452072
468,vit_lejepa,vit_tiny_cifar,token_gradient,predicted,blocks.1,7,7,7,0.26707327365875244,0.1440054327249527,0.20553935319185257
469,vit_lejepa,vit_tiny_cifar,token_gradient,predicted,blocks.1,8,6,6,-0.14827531576156616,0.2591460347175598,0.055435359477996826
470,vit_lejepa,vit_tiny_cifar,token_gradient,predicted,blocks.1,3,2,2,0.15086878836154938,0.40369367599487305,0.2772812321782112
471,vit_lejepa,vit_tiny_cifar,token_gradient,predicted,blocks.1,7,9,9,-0.013305678963661194,0.2891966998577118,0.1379455104470253
472,vit_lejepa,vit_tiny_cifar,token_gradient,predicted,blocks.1,8,8,8,0.3805882930755615,0.5252966284751892,0.45294246077537537
473,vit_lejepa,vit_tiny_cifar,token_gradient,predicted,blocks.1,0,4,4,0.44240930676460266,0.23861874639987946,0.34051402658224106
474,vit_lejepa,vit_tiny_cifar,token_gradient,predicted,blocks.1,5,9,9,-0.1344054788351059,0.1807297170162201,0.0231621190905571
475,vit_lejepa,vit_tiny_cifar,token_gradient,predicted,blocks.1,7,1,1,0.25130799412727356,0.1629769504070282,0.20714247226715088
476,vit_lejepa,vit_tiny_cifar,token_gradient,predicted,blocks.1,6,4,4,0.3499619662761688,0.32264187932014465,0.33630192279815674
477,vit_lejepa,vit_tiny_cifar,token_gradient,predicted,blocks.1,0,0,0,0.3225163221359253,0.4956190586090088,0.40906769037246704
478,vit_lejepa,vit_tiny_cifar,token_gradient,predicted,blocks.1,5,2,2,0.6223577260971069,0.23875577747821808,0.4305567517876625
479,vit_lejepa,vit_tiny_cifar,token_gradient,predicted,blocks.1,4,2,2,0.1995631605386734,0.16053719818592072,0.18005017936229706
480,vit_lejepa,vit_tiny_cifar,token_gradient,predicted,blocks.1,8,9,9,0.21136868000030518,0.2795625329017639,0.24546560645103455
481,vit_lejepa,vit_tiny_cifar,token_gradient,predicted,blocks.1,6,6,6,0.4967460632324219,0.14396430552005768,0.3203551843762398
482,vit_lejepa,vit_tiny_cifar,token_gradient,predicted,blocks.1,8,8,8,0.4421736001968384,0.5065218210220337,0.47434771060943604
483,vit_lejepa,vit_tiny_cifar,token_gradient,predicted,blocks.1,5,3,3,0.03096255473792553,0.38141509890556335,0.20618882682174444
484,vit_lejepa,vit_tiny_cifar,token_gradient,predicted,blocks.1,5,3,3,0.36685600876808167,0.30187752842903137,0.3343667685985565
485,vit_lejepa,vit_tiny_cifar,token_gradient,predicted,blocks.1,9,0,0,0.3284551501274109,0.20527924597263336,0.2668671980500221
486,vit_lejepa,vit_tiny_cifar,token_gradient,predicted,blocks.1,9,9,9,0.6087315678596497,0.5599112510681152,0.5843214094638824
487,vit_lejepa,vit_tiny_cifar,token_gradient,predicted,blocks.1,9,1,1,0.05382946878671646,0.3209257423877716,0.18737760558724403
488,vit_lejepa,vit_tiny_cifar,token_gradient,predicted,blocks.1,5,5,5,0.2333579957485199,0.20106717944145203,0.21721258759498596
489,vit_lejepa,vit_tiny_cifar,token_gradient,predicted,blocks.1,0,0,0,0.06308075785636902,0.22702309489250183,0.14505192637443542
490,vit_lejepa,vit_tiny_cifar,token_gradient,predicted,blocks.1,1,1,1,0.07871650904417038,0.31637877225875854,0.19754764065146446
491,vit_lejepa,vit_tiny_cifar,token_gradient,predicted,blocks.1,0,3,3,0.2820180654525757,0.30013716220855713,0.2910776138305664
492,vit_lejepa,vit_tiny_cifar,token_gradient,predicted,blocks.1,8,8,8,0.39895114302635193,0.15517151355743408,0.277061328291893
493,vit_lejepa,vit_tiny_cifar,token_gradient,predicted,blocks.1,1,1,1,0.6086700558662415,0.4010269045829773,0.5048484802246094
494,vit_lejepa,vit_tiny_cifar,token_gradient,predicted,blocks.1,1,0,0,-0.08360576629638672,0.2294895052909851,0.0729418694972992
495,vit_lejepa,vit_tiny_cifar,token_gradient,predicted,blocks.1,8,8,8,0.5450628399848938,0.48017728328704834,0.5126200616359711
496,vit_lejepa,vit_tiny_cifar,token_gradient,predicted,blocks.1,0,7,7,0.13638544082641602,0.24933941662311554,0.19286242872476578
497,vit_lejepa,vit_tiny_cifar,token_gradient,predicted,blocks.1,2,2,2,0.09619362652301788,0.2077852189540863,0.1519894227385521
498,vit_lejepa,vit_tiny_cifar,token_gradient,predicted,blocks.1,2,4,4,0.48347562551498413,0.18795423209667206,0.3357149288058281
499,vit_lejepa,vit_tiny_cifar,token_gradient,predicted,blocks.1,0,0,0,0.5675895810127258,0.2915568947792053,0.4295732378959656
500,vit_lejepa,vit_tiny_cifar,token_gradient,predicted,blocks.1,4,6,6,0.09522569924592972,0.37568143010139465,0.23545356467366219
501,vit_lejepa,vit_tiny_cifar,token_gradient,predicted,blocks.1,6,6,6,0.3448837399482727,0.4473293423652649,0.3961065411567688
502,vit_lejepa,vit_tiny_cifar,token_gradient,predicted,blocks.1,5,2,2,0.6859252452850342,0.30414506793022156,0.49503515660762787
503,vit_lejepa,vit_tiny_cifar,token_gradient,predicted,blocks.1,4,6,6,0.3348362147808075,0.1828235685825348,0.25882989168167114
504,vit_lejepa,vit_tiny_cifar,token_gradient,predicted,blocks.1,9,9,9,0.1353631168603897,0.22534751892089844,0.18035531789064407
505,vit_lejepa,vit_tiny_cifar,token_gradient,predicted,blocks.1,4,5,5,0.35961633920669556,0.2969747483730316,0.3282955437898636
506,vit_lejepa,vit_tiny_cifar,token_gradient,predicted,blocks.1,7,3,3,0.49080702662467957,0.4150223135948181,0.45291467010974884
507,vit_lejepa,vit_tiny_cifar,token_gradient,predicted,blocks.1,9,1,1,-0.44900569319725037,0.2772521376609802,-0.08587677776813507
508,vit_lejepa,vit_tiny_cifar,token_gradient,predicted,blocks.1,9,0,0,0.4975661039352417,0.2504981458187103,0.374032124876976
509,vit_lejepa,vit_tiny_cifar,token_gradient,predicted,blocks.1,4,4,4,0.299854576587677,0.1900266408920288,0.2449406087398529
510,vit_lejepa,vit_tiny_cifar,token_gradient,predicted,blocks.1,5,8,8,0.398510605096817,0.38199684023857117,0.3902537226676941
511,vit_lejepa,vit_tiny_cifar,token_gradient,predicted,blocks.1,6,6,6,-0.07792351394891739,0.39888066053390503,0.16047857329249382
0,vit_lejepa,vit_tiny_cifar,token_gradient,predicted,blocks.2,3,5,5,0.18574756383895874,0.33120614290237427,0.2584768533706665
1,vit_lejepa,vit_tiny_cifar,token_gradient,predicted,blocks.2,8,8,8,0.00400057015940547,0.19077371060848236,0.09738714038394392
2,vit_lejepa,vit_tiny_cifar,token_gradient,predicted,blocks.2,8,8,8,-0.048103511333465576,0.21133510768413544,0.08161579817533493
3,vit_lejepa,vit_tiny_cifar,token_gradient,predicted,blocks.2,0,8,8,0.434526264667511,0.23520885407924652,0.33486755937337875
4,vit_lejepa,vit_tiny_cifar,token_gradient,predicted,blocks.2,6,4,4,0.049960583448410034,0.28501251339912415,0.1674865484237671
5,vit_lejepa,vit_tiny_cifar,token_gradient,predicted,blocks.2,6,6,6,0.1101413443684578,0.5248411297798157,0.31749123707413673
6,vit_lejepa,vit_tiny_cifar,token_gradient,predicted,blocks.2,1,1,1,0.1340801864862442,0.19501350820064545,0.16454684734344482
7,vit_lejepa,vit_tiny_cifar,token_gradient,predicted,blocks.2,6,4,4,0.8522489070892334,0.5405616164207458,0.6964052617549896
8,vit_lejepa,vit_tiny_cifar,token_gradient,predicted,blocks.2,3,2,2,0.5204540491104126,0.11442737281322479,0.3174407109618187
9,vit_lejepa,vit_tiny_cifar,token_gradient,predicted,blocks.2,1,1,1,0.3869926929473877,0.20261168479919434,0.294802188873291
10,vit_lejepa,vit_tiny_cifar,token_gradient,predicted,blocks.2,0,0,0,0.06387525051832199,0.25341978669166565,0.15864751860499382
11,vit_lejepa,vit_tiny_cifar,token_gradient,predicted,blocks.2,9,7,7,0.23454855382442474,0.20019292831420898,0.21737074106931686
12,vit_lejepa,vit_tiny_cifar,token_gradient,predicted,blocks.2,5,5,5,0.1764003336429596,0.40481996536254883,0.2906101495027542
13,vit_lejepa,vit_tiny_cifar,token_gradient,predicted,blocks.2,7,3,3,0.7518259286880493,0.3574696183204651,0.5546477735042572
14,vit_lejepa,vit_tiny_cifar,token_gradient,predicted,blocks.2,9,1,1,0.0738130509853363,0.45739638805389404,0.2656047195196152
15,vit_lejepa,vit_tiny_cifar,token_gradient,predicted,blocks.2,8,6,6,0.29557982087135315,0.28913915157318115,0.29235948622226715
16,vit_lejepa,vit_tiny_cifar,token_gradient,predicted,blocks.2,5,5,5,0.24109701812267303,0.20546752214431763,0.22328227013349533
17,vit_lejepa,vit_tiny_cifar,token_gradient,predicted,blocks.2,7,5,5,0.32564759254455566,0.48489660024642944,0.40527209639549255
18,vit_lejepa,vit_tiny_cifar,token_gradient,predicted,blocks.2,8,8,8,0.04386201500892639,0.5352714657783508,0.2895667403936386
19,vit_lejepa,vit_tiny_cifar,token_gradient,predicted,blocks.2,6,4,4,0.08911306411027908,0.3748728334903717,0.2319929488003254
20,vit_lejepa,vit_tiny_cifar,token_gradient,predicted,blocks.2,7,7,7,0.3743654191493988,0.475668728351593,0.4250170737504959
21,vit_lejepa,vit_tiny_cifar,token_gradient,predicted,blocks.2,0,0,0,0.86463862657547,0.48639047145843506,0.6755145490169525
22,vit_lejepa,vit_tiny_cifar,token_gradient,predicted,blocks.2,4,8,8,0.523051917552948,0.3111695349216461,0.41711072623729706
23,vit_lejepa,vit_tiny_cifar,token_gradient,predicted,blocks.2,9,1,1,-0.3505420386791229,0.23668642342090607,-0.05692780762910843
24,vit_lejepa,vit_tiny_cifar,token_gradient,predicted,blocks.2,5,6,6,-0.14659984409809113,0.11490604281425476,-0.015846900641918182
25,vit_lejepa,vit_tiny_cifar,token_gradient,predicted,blocks.2,2,7,7,-0.3395441174507141,0.19922712445259094,-0.07015849649906158
26,vit_lejepa,vit_tiny_cifar,token_gradient,predicted,blocks.2,4,3,3,0.5281742811203003,0.4353819489479065,0.4817781150341034
27,vit_lejepa,vit_tiny_cifar,token_gradient,predicted,blocks.2,0,2,2,0.12584728002548218,0.11494646221399307,0.12039687111973763
28,vit_lejepa,vit_tiny_cifar,token_gradient,predicted,blocks.2,9,1,1,-0.08593066036701202,0.2710140347480774,0.09254168719053268
29,vit_lejepa,vit_tiny_cifar,token_gradient,predicted,blocks.2,6,4,4,-0.014311683364212513,0.20210927724838257,0.09389879694208503
30,vit_lejepa,vit_tiny_cifar,token_gradient,predicted,blocks.2,6,6,6,-0.08160848915576935,0.42222070693969727,0.17030610889196396
31,vit_lejepa,vit_tiny_cifar,token_gradient,predicted,blocks.2,5,2,2,-0.036900848150253296,0.25932034850120544,0.11120975017547607
32,vit_lejepa,vit_tiny_cifar,token_gradient,predicted,blocks.2,4,6,6,-0.04383660480380058,0.25636953115463257,0.10626646317541599
33,vit_lejepa,vit_tiny_cifar,token_gradient,predicted,blocks.2,5,5,5,0.49802643060684204,0.33119699358940125,0.41461171209812164
34,vit_lejepa,vit_tiny_cifar,token_gradient,predicted,blocks.2,9,0,0,0.3306058943271637,0.33783960342407227,0.334222748875618
35,vit_lejepa,vit_tiny_cifar,token_gradient,predicted,blocks.2,2,5,5,0.6459668874740601,0.4439779818058014,0.5449724346399307
36,vit_lejepa,vit_tiny_cifar,token_gradient,predicted,blocks.2,4,4,4,0.2829970121383667,0.23498450219631195,0.2589907571673393
37,vit_lejepa,vit_tiny_cifar,token_gradient,predicted,blocks.2,1,0,0,-0.11290988326072693,0.264113187789917,0.07560165226459503
38,vit_lejepa,vit_tiny_cifar,token_gradient,predicted,blocks.2,9,9,9,0.2816344201564789,0.34917664527893066,0.3154055327177048
39,vit_lejepa,vit_tiny_cifar,token_gradient,predicted,blocks.2,5,8,8,-0.004902662243694067,0.12982861697673798,0.062462977366521955
40,vit_lejepa,vit_tiny_cifar,token_gradient,predicted,blocks.2,4,9,9,0.2541954815387726,0.13471511006355286,0.19445529580116272
41,vit_lejepa,vit_tiny_cifar,token_gradient,predicted,blocks.2,6,6,6,0.3830695152282715,0.48752886056900024,0.43529918789863586
42,vit_lejepa,vit_tiny_cifar,token_gradient,predicted,blocks.2,5,9,9,0.033399272710084915,0.23156623542308807,0.1324827540665865
43,vit_lejepa,vit_tiny_cifar,token_gradient,predicted,blocks.2,6,6,6,0.6122605204582214,0.5260127782821655,0.5691366493701935
44,vit_lejepa,vit_tiny_cifar,token_gradient,predicted,blocks.2,0,9,9,-0.18060538172721863,0.242574542760849,0.030984580516815186
45,vit_lejepa,vit_tiny_cifar,token_gradient,predicted,blocks.2,9,2,2,0.3316511809825897,0.35620418190956116,0.34392768144607544
46,vit_lejepa,vit_tiny_cifar,token_gradient,predicted,blocks.2,3,3,3,0.007024761755019426,0.35705089569091797,0.1820378287229687
47,vit_lejepa,vit_tiny_cifar,token_gradient,predicted,blocks.2,9,4,4,0.2115938514471054,0.18620243668556213,0.19889814406633377
48,vit_lejepa,vit_tiny_cifar,token_gradient,predicted,blocks.2,7,4,4,-0.0226838868111372,0.10243640094995499,0.039876257069408894
49,vit_lejepa,vit_tiny_cifar,token_gradient,predicted,blocks.2,6,4,4,0.43030375242233276,0.5692015886306763,0.4997526705265045
50,vit_lejepa,vit_tiny_cifar,token_gradient,predicted,blocks.2,9,9,9,0.4145813584327698,0.4188820421695709,0.41673170030117035
51,vit_lejepa,vit_tiny_cifar,token_gradient,predicted,blocks.2,8,0,0,0.16677173972129822,0.15269184112548828,0.15973179042339325
52,vit_lejepa,vit_tiny_cifar,token_gradient,predicted,blocks.2,0,6,6,-0.07464990764856339,0.4950569272041321,0.21020350977778435
53,vit_lejepa,vit_tiny_cifar,token_gradient,predicted,blocks.2,3,3,3,0.20034107565879822,0.2116905152797699,0.20601579546928406
54,vit_lejepa,vit_tiny_cifar,token_gradient,predicted,blocks.2,8,8,8,0.1679765284061432,0.3760071396827698,0.2719918340444565
55,vit_lejepa,vit_tiny_cifar,token_gradient,predicted,blocks.2,8,8,8,-0.43181759119033813,0.3244890570640564,-0.05366426706314087
56,vit_lejepa,vit_tiny_cifar,token_gradient,predicted,blocks.2,7,5,5,-0.3849077522754669,0.33046165108680725,-0.027223050594329834
57,vit_lejepa,vit_tiny_cifar,token_gradient,predicted,blocks.2,7,3,3,0.4355773627758026,0.30895760655403137,0.372267484664917
58,vit_lejepa,vit_tiny_cifar,token_gradient,predicted,blocks.2,4,8,8,0.3656104803085327,0.21322065591812134,0.289415568113327
59,vit_lejepa,vit_tiny_cifar,token_gradient,predicted,blocks.2,6,6,6,0.4454015791416168,0.20089715719223022,0.3231493681669235
60,vit_lejepa,vit_tiny_cifar,token_gradient,predicted,blocks.2,7,4,4,0.49330124258995056,0.19687102735042572,0.34508613497018814
61,vit_lejepa,vit_tiny_cifar,token_gradient,predicted,blocks.2,3,6,6,-0.34847208857536316,0.2208031564950943,-0.06383446604013443
62,vit_lejepa,vit_tiny_cifar,token_gradient,predicted,blocks.2,6,6,6,0.38553372025489807,0.5639647245407104,0.47474922239780426
63,vit_lejepa,vit_tiny_cifar,token_gradient,predicted,blocks.2,3,7,7,0.455299973487854,0.5249898433685303,0.49014490842819214
64,vit_lejepa,vit_tiny_cifar,token_gradient,predicted,blocks.2,6,6,6,0.28178077936172485,0.24880318343639374,0.2652919813990593
65,vit_lejepa,vit_tiny_cifar,token_gradient,predicted,blocks.2,2,2,2,0.439253032207489,0.45071476697921753,0.44498389959335327
66,vit_lejepa,vit_tiny_cifar,token_gradient,predicted,blocks.2,1,8,8,0.11102917790412903,0.303682804107666,0.20735599100589752
67,vit_lejepa,vit_tiny_cifar,token_gradient,predicted,blocks.2,2,0,0,0.22361506521701813,0.19266916811466217,0.20814211666584015
68,vit_lejepa,vit_tiny_cifar,token_gradient,predicted,blocks.2,3,5,5,0.3411986827850342,0.35216015577316284,0.3466794192790985
69,vit_lejepa,vit_tiny_cifar,token_gradient,predicted,blocks.2,7,0,0,0.10537437349557877,0.3488970398902893,0.22713570669293404
70,vit_lejepa,vit_tiny_cifar,token_gradient,predicted,blocks.2,2,6,6,0.7809244394302368,0.4356038272380829,0.6082641333341599
71,vit_lejepa,vit_tiny_cifar,token_gradient,predicted,blocks.2,6,4,4,-0.4887799322605133,0.3539678156375885,-0.0674060583114624
72,vit_lejepa,vit_tiny_cifar,token_gradient,predicted,blocks.2,8,8,8,0.44183966517448425,0.11948008835315704,0.28065987676382065
73,vit_lejepa,vit_tiny_cifar,token_gradient,predicted,blocks.2,8,8,8,0.42720696330070496,0.09870385378599167,0.2629554085433483
74,vit_lejepa,vit_tiny_cifar,token_gradient,predicted,blocks.2,0,6,6,0.03352297469973564,0.23845568299293518,0.1359893288463354
75,vit_lejepa,vit_tiny_cifar,token_gradient,predicted,blocks.2,2,4,4,0.10248295217752457,0.3645605444908142,0.2335217483341694
76,vit_lejepa,vit_tiny_cifar,token_gradient,predicted,blocks.2,9,9,9,-0.11981738358736038,0.16691797971725464,0.02355029806494713
77,vit_lejepa,vit_tiny_cifar,token_gradient,predicted,blocks.2,3,3,3,0.09465911984443665,0.44130975008010864,0.26798443496227264
78,vit_lejepa,vit_tiny_cifar,token_gradient,predicted,blocks.2,3,5,5,0.07184581458568573,0.11002222448587418,0.09093401953577995
79,vit_lejepa,vit_tiny_cifar,token_gradient,predicted,blocks.2,8,0,0,0.6307799220085144,0.3207123875617981,0.47574615478515625
80,vit_lejepa,vit_tiny_cifar,token_gradient,predicted,blocks.2,8,8,8,-0.08056770265102386,0.1891295164823532,0.05428090691566467
81,vit_lejepa,vit_tiny_cifar,token_gradient,predicted,blocks.2,1,3,3,0.15216974914073944,0.29758381843566895,0.2248767837882042
82,vit_lejepa,vit_tiny_cifar,token_gradient,predicted,blocks.2,1,1,1,-0.23763839900493622,0.14896327257156372,-0.04433756321668625
83,vit_lejepa,vit_tiny_cifar,token_gradient,predicted,blocks.2,7,5,5,0.5469584465026855,0.11918175965547562,0.3330701030790806
84,vit_lejepa,vit_tiny_cifar,token_gradient,predicted,blocks.2,2,3,3,0.40719518065452576,0.13516674935817719,0.27118096500635147
85,vit_lejepa,vit_tiny_cifar,token_gradient,predicted,blocks.2,5,4,4,-0.018124854192137718,0.3657243847846985,0.17379976529628038
86,vit_lejepa,vit_tiny_cifar,token_gradient,predicted,blocks.2,2,9,9,0.3783223628997803,0.4804799556732178,0.429401159286499
87,vit_lejepa,vit_tiny_cifar,token_gradient,predicted,blocks.2,7,0,0,0.546055793762207,0.28011831641197205,0.41308705508708954
88,vit_lejepa,vit_tiny_cifar,token_gradient,predicted,blocks.2,8,9,9,0.19170702993869781,0.2577974200248718,0.22475222498178482
89,vit_lejepa,vit_tiny_cifar,token_gradient,predicted,blocks.2,9,9,9,0.2528659999370575,0.1675485074520111,0.2102072536945343
90,vit_lejepa,vit_tiny_cifar,token_gradient,predicted,blocks.2,0,0,0,0.6609484553337097,0.4534229040145874,0.5571856796741486
91,vit_lejepa,vit_tiny_cifar,token_gradient,predicted,blocks.2,3,6,6,0.37337833642959595,0.3264952600002289,0.3499367982149124
92,vit_lejepa,vit_tiny_cifar,token_gradient,predicted,blocks.2,8,8,8,0.08630458265542984,0.3901046812534332,0.23820463195443153
93,vit_lejepa,vit_tiny_cifar,token_gradient,predicted,blocks.2,6,6,6,0.33362942934036255,0.3568758964538574,0.34525266289711
94,vit_lejepa,vit_tiny_cifar,token_gradient,predicted,blocks.2,4,4,4,0.22749873995780945,0.32564523816108704,0.27657198905944824
95,vit_lejepa,vit_tiny_cifar,token_gradient,predicted,blocks.2,6,3,3,-0.39112505316734314,0.3594154119491577,-0.015854820609092712
96,vit_lejepa,vit_tiny_cifar,token_gradient,predicted,blocks.2,6,6,6,0.15294410288333893,0.1423245221376419,0.14763431251049042
97,vit_lejepa,vit_tiny_cifar,token_gradient,predicted,blocks.2,0,0,0,0.7352014780044556,0.4163878560066223,0.5757946670055389
98,vit_lejepa,vit_tiny_cifar,token_gradient,predicted,blocks.2,0,0,0,0.6375958323478699,0.14009705185890198,0.3888464421033859
99,vit_lejepa,vit_tiny_cifar,token_gradient,predicted,blocks.2,7,7,7,0.06722967326641083,0.38032057881355286,0.22377512603998184
100,vit_lejepa,vit_tiny_cifar,token_gradient,predicted,blocks.2,4,4,4,0.7676935195922852,0.46946439146995544,0.6185789555311203
101,vit_lejepa,vit_tiny_cifar,token_gradient,predicted,blocks.2,5,5,5,0.7205480933189392,0.4874863624572754,0.6040172278881073
102,vit_lejepa,vit_tiny_cifar,token_gradient,predicted,blocks.2,6,3,3,0.027242612093687057,0.24961288273334503,0.13842774741351604
103,vit_lejepa,vit_tiny_cifar,token_gradient,predicted,blocks.2,3,5,5,0.6211531162261963,0.43856024742126465,0.5298566818237305
104,vit_lejepa,vit_tiny_cifar,token_gradient,predicted,blocks.2,1,1,1,-0.2247128039598465,0.23891350626945496,0.00710035115480423
105,vit_lejepa,vit_tiny_cifar,token_gradient,predicted,blocks.2,1,8,8,0.4548318684101105,0.29994964599609375,0.3773907572031021
106,vit_lejepa,vit_tiny_cifar,token_gradient,predicted,blocks.2,3,8,8,0.28661349415779114,0.4166182279586792,0.35161586105823517
107,vit_lejepa,vit_tiny_cifar,token_gradient,predicted,blocks.2,6,6,6,0.11652513593435287,0.24337489902973175,0.1799500174820423
108,vit_lejepa,vit_tiny_cifar,token_gradient,predicted,blocks.2,8,9,9,0.5670158863067627,0.3959150016307831,0.4814654439687729
109,vit_lejepa,vit_tiny_cifar,token_gradient,predicted,blocks.2,7,5,5,-0.18740341067314148,0.1764935404062271,-0.005454935133457184
110,vit_lejepa,vit_tiny_cifar,token_gradient,predicted,blocks.2,4,3,3,-0.07164287567138672,0.3784104883670807,0.15338380634784698
111,vit_lejepa,vit_tiny_cifar,token_gradient,predicted,blocks.2,0,8,8,0.37583303451538086,0.25047969818115234,0.3131563663482666
112,vit_lejepa,vit_tiny_cifar,token_gradient,predicted,blocks.2,6,4,4,0.2737042307853699,0.4930925965309143,0.3833984136581421
113,vit_lejepa,vit_tiny_cifar,token_gradient,predicted,blocks.2,2,2,2,-0.01276841014623642,0.2254858911037445,0.10635874047875404
114,vit_lejepa,vit_tiny_cifar,token_gradient,predicted,blocks.2,1,7,7,-0.29747697710990906,0.21618929505348206,-0.0406438410282135
115,vit_lejepa,vit_tiny_cifar,token_gradient,predicted,blocks.2,3,4,4,0.5061497092247009,0.4010063707828522,0.45357804000377655
116,vit_lejepa,vit_tiny_cifar,token_gradient,predicted,blocks.2,0,0,0,0.44676727056503296,0.29660409688949585,0.3716856837272644
117,vit_lejepa,vit_tiny_cifar,token_gradient,predicted,blocks.2,4,9,9,0.27349039912223816,0.49762895703315735,0.38555967807769775
118,vit_lejepa,vit_tiny_cifar,token_gradient,predicted,blocks.2,2,3,3,0.6876615285873413,0.39400142431259155,0.5408314764499664
119,vit_lejepa,vit_tiny_cifar,token_gradient,predicted,blocks.2,7,7,7,-0.1423487365245819,0.32443806529045105,0.09104466438293457
120,vit_lejepa,vit_tiny_cifar,token_gradient,predicted,blocks.2,8,8,8,0.6206812262535095,0.3609456717967987,0.4908134490251541
121,vit_lejepa,vit_tiny_cifar,token_gradient,predicted,blocks.2,3,3,3,-0.2857356071472168,0.20209741592407227,-0.041819095611572266
122,vit_lejepa,vit_tiny_cifar,token_gradient,predicted,blocks.2,1,9,9,-0.16220998764038086,0.2058672159910202,0.02182861417531967
123,vit_lejepa,vit_tiny_cifar,token_gradient,predicted,blocks.2,2,2,2,0.7068459987640381,0.20081745088100433,0.4538317248225212
124,vit_lejepa,vit_tiny_cifar,token_gradient,predicted,blocks.2,8,9,9,0.3046891689300537,0.17797479033470154,0.24133197963237762
125,vit_lejepa,vit_tiny_cifar,token_gradient,predicted,blocks.2,0,8,8,-0.032491810619831085,0.31832224130630493,0.14291521534323692
126,vit_lejepa,vit_tiny_cifar,token_gradient,predicted,blocks.2,8,8,8,0.14401869475841522,0.12768511474132538,0.1358519047498703
127,vit_lejepa,vit_tiny_cifar,token_gradient,predicted,blocks.2,3,3,3,0.6939864754676819,0.6203314065933228,0.6571589410305023
128,vit_lejepa,vit_tiny_cifar,token_gradient,predicted,blocks.2,5,8,8,0.5430696606636047,0.3865857422351837,0.4648277014493942
129,vit_lejepa,vit_tiny_cifar,token_gradient,predicted,blocks.2,2,0,0,0.4320724606513977,0.23633161187171936,0.33420203626155853
130,vit_lejepa,vit_tiny_cifar,token_gradient,predicted,blocks.2,4,6,6,0.09160389006137848,0.14924046397209167,0.12042217701673508
131,vit_lejepa,vit_tiny_cifar,token_gradient,predicted,blocks.2,1,8,8,0.43741536140441895,0.2397209256887436,0.33856814354658127
132,vit_lejepa,vit_tiny_cifar,token_gradient,predicted,blocks.2,8,8,8,0.2269887924194336,0.15669700503349304,0.19184289872646332
133,vit_lejepa,vit_tiny_cifar,token_gradient,predicted,blocks.2,9,9,9,-0.3404267728328705,0.3735116422176361,0.016542434692382812
134,vit_lejepa,vit_tiny_cifar,token_gradient,predicted,blocks.2,1,8,8,0.1894536316394806,0.30437731742858887,0.24691547453403473
135,vit_lejepa,vit_tiny_cifar,token_gradient,predicted,blocks.2,2,3,3,0.41731175780296326,0.3585665822029114,0.3879391700029373
136,vit_lejepa,vit_tiny_cifar,token_gradient,predicted,blocks.2,9,9,9,-0.09503913670778275,0.3606777489185333,0.1328193061053753
137,vit_lejepa,vit_tiny_cifar,token_gradient,predicted,blocks.2,7,3,3,-0.2686765789985657,0.24045073986053467,-0.014112919569015503
138,vit_lejepa,vit_tiny_cifar,token_gradient,predicted,blocks.2,2,2,2,0.6380997896194458,0.5112154483795166,0.5746576189994812
139,vit_lejepa,vit_tiny_cifar,token_gradient,predicted,blocks.2,9,8,8,0.6865873336791992,0.1520412564277649,0.41931429505348206
140,vit_lejepa,vit_tiny_cifar,token_gradient,predicted,blocks.2,6,4,4,-0.05647321045398712,0.2957864999771118,0.11965664476156235
141,vit_lejepa,vit_tiny_cifar,token_gradient,predicted,blocks.2,5,5,5,0.2278628945350647,0.2578043043613434,0.24283359944820404
142,vit_lejepa,vit_tiny_cifar,token_gradient,predicted,blocks.2,6,3,3,0.08028868585824966,0.11382609605789185,0.09705739095807076
143,vit_lejepa,vit_tiny_cifar,token_gradient,predicted,blocks.2,3,5,5,0.5135554671287537,0.35319647192955017,0.4333759695291519
144,vit_lejepa,vit_tiny_cifar,token_gradient,predicted,blocks.2,8,8,8,-0.18447797000408173,0.31607669591903687,0.06579936295747757
145,vit_lejepa,vit_tiny_cifar,token_gradient,predicted,blocks.2,7,2,2,0.1576571762561798,0.2755604684352875,0.21660882234573364
146,vit_lejepa,vit_tiny_cifar,token_gradient,predicted,blocks.2,6,6,6,0.002545695286244154,0.2868806719779968,0.1447131836321205
147,vit_lejepa,vit_tiny_cifar,token_gradient,predicted,blocks.2,2,5,5,-0.4049247205257416,0.271666556596756,-0.0666290819644928
148,vit_lejepa,vit_tiny_cifar,token_gradient,predicted,blocks.2,5,3,3,0.002774688880890608,0.3789791762828827,0.19087693258188665
149,vit_lejepa,vit_tiny_cifar,token_gradient,predicted,blocks.2,2,3,3,0.08353589475154877,0.21388129889965057,0.14870859682559967
150,vit_lejepa,vit_tiny_cifar,token_gradient,predicted,blocks.2,8,1,1,-0.031220538541674614,0.1975279450416565,0.08315370324999094
151,vit_lejepa,vit_tiny_cifar,token_gradient,predicted,blocks.2,9,1,1,0.7993555665016174,0.7104719281196594,0.7549137473106384
152,vit_lejepa,vit_tiny_cifar,token_gradient,predicted,blocks.2,6,1,1,-0.060965508222579956,0.1617216020822525,0.05037804692983627
153,vit_lejepa,vit_tiny_cifar,token_gradient,predicted,blocks.2,0,0,0,0.5234931707382202,0.18464213609695435,0.3540676534175873
154,vit_lejepa,vit_tiny_cifar,token_gradient,predicted,blocks.2,0,0,0,0.03979065269231796,0.5100154280662537,0.2749030403792858
155,vit_lejepa,vit_tiny_cifar,token_gradient,predicted,blocks.2,5,2,2,0.013600102625787258,0.4249793589115143,0.21928973076865077
156,vit_lejepa,vit_tiny_cifar,token_gradient,predicted,blocks.2,2,5,5,0.2678031027317047,0.08697569370269775,0.17738939821720123
157,vit_lejepa,vit_tiny_cifar,token_gradient,predicted,blocks.2,9,8,8,0.5547746419906616,0.2866789996623993,0.42072682082653046
158,vit_lejepa,vit_tiny_cifar,token_gradient,predicted,blocks.2,5,3,3,0.44801297783851624,0.37834876775741577,0.413180872797966
159,vit_lejepa,vit_tiny_cifar,token_gradient,predicted,blocks.2,4,4,4,-0.15356279909610748,0.05629529431462288,-0.0486337523907423
160,vit_lejepa,vit_tiny_cifar,token_gradient,predicted,blocks.2,2,0,0,0.7723076939582825,0.27165451645851135,0.5219811052083969
161,vit_lejepa,vit_tiny_cifar,token_gradient,predicted,blocks.2,1,1,1,0.5680422186851501,0.49472713470458984,0.53138467669487
162,vit_lejepa,vit_tiny_cifar,token_gradient,predicted,blocks.2,6,3,3,0.3420756757259369,0.3834293782711029,0.3627525269985199
163,vit_lejepa,vit_tiny_cifar,token_gradient,predicted,blocks.2,6,6,6,0.47773271799087524,0.38518208265304565,0.43145740032196045
164,vit_lejepa,vit_tiny_cifar,token_gradient,predicted,blocks.2,8,0,0,-0.12597917020320892,0.2433585375547409,0.05868968367576599
165,vit_lejepa,vit_tiny_cifar,token_gradient,predicted,blocks.2,4,9,9,-0.26075559854507446,0.1723712533712387,-0.04419217258691788
166,vit_lejepa,vit_tiny_cifar,token_gradient,predicted,blocks.2,8,8,8,0.3348996043205261,0.1087370440363884,0.22181832417845726
167,vit_lejepa,vit_tiny_cifar,token_gradient,predicted,blocks.2,4,2,2,0.6063340306282043,0.173274427652359,0.3898042291402817
168,vit_lejepa,vit_tiny_cifar,token_gradient,predicted,blocks.2,5,7,7,-0.14199119806289673,0.2736571729183197,0.06583298742771149
169,vit_lejepa,vit_tiny_cifar,token_gradient,predicted,blocks.2,0,0,0,0.34853410720825195,0.4335833787918091,0.3910587430000305
170,vit_lejepa,vit_tiny_cifar,token_gradient,predicted,blocks.2,9,9,9,0.19533096253871918,0.2158307284116745,0.20558084547519684
171,vit_lejepa,vit_tiny_cifar,token_gradient,predicted,blocks.2,9,6,6,-0.40151360630989075,0.14117127656936646,-0.13017116487026215
172,vit_lejepa,vit_tiny_cifar,token_gradient,predicted,blocks.2,9,4,4,0.5985603332519531,0.3210439682006836,0.45980215072631836
173,vit_lejepa,vit_tiny_cifar,token_gradient,predicted,blocks.2,8,8,8,-0.052946291863918304,0.21396175026893616,0.08050772920250893
174,vit_lejepa,vit_tiny_cifar,token_gradient,predicted,blocks.2,9,9,9,0.10539098083972931,0.21205560863018036,0.15872329473495483
175,vit_lejepa,vit_tiny_cifar,token_gradient,predicted,blocks.2,9,1,1,0.3214814066886902,0.36343884468078613,0.34246012568473816
176,vit_lejepa,vit_tiny_cifar,token_gradient,predicted,blocks.2,3,4,4,-0.38383448123931885,0.2516752779483795,-0.06607960164546967
177,vit_lejepa,vit_tiny_cifar,token_gradient,predicted,blocks.2,7,6,6,0.605236828327179,0.15494082868099213,0.38008882850408554
178,vit_lejepa,vit_tiny_cifar,token_gradient,predicted,blocks.2,5,3,3,0.6337754130363464,0.35563141107559204,0.49470341205596924
179,vit_lejepa,vit_tiny_cifar,token_gradient,predicted,blocks.2,0,8,8,0.3200404644012451,0.17800664901733398,0.24902355670928955
180,vit_lejepa,vit_tiny_cifar,token_gradient,predicted,blocks.2,0,0,0,0.2877769470214844,0.16465343534946442,0.2262151911854744
181,vit_lejepa,vit_tiny_cifar,token_gradient,predicted,blocks.2,5,6,6,0.049905043095350266,0.16720432043075562,0.10855468176305294
182,vit_lejepa,vit_tiny_cifar,token_gradient,predicted,blocks.2,2,2,2,0.44322511553764343,0.17630887031555176,0.3097669929265976
183,vit_lejepa,vit_tiny_cifar,token_gradient,predicted,blocks.2,2,2,2,0.04395470768213272,0.4082133173942566,0.22608401253819466
184,vit_lejepa,vit_tiny_cifar,token_gradient,predicted,blocks.2,3,4,4,0.5968207716941833,0.1337529420852661,0.36528685688972473
185,vit_lejepa,vit_tiny_cifar,token_gradient,predicted,blocks.2,8,8,8,-0.2391592115163803,0.08823803812265396,-0.07546058669686317
186,vit_lejepa,vit_tiny_cifar,token_gradient,predicted,blocks.2,6,6,6,0.2685270607471466,0.17103637754917145,0.21978171914815903
187,vit_lejepa,vit_tiny_cifar,token_gradient,predicted,blocks.2,3,5,5,0.0682380273938179,0.2178891897201538,0.14306360855698586
188,vit_lejepa,vit_tiny_cifar,token_gradient,predicted,blocks.2,4,6,6,0.5573697686195374,0.3380274772644043,0.4476986229419708
189,vit_lejepa,vit_tiny_cifar,token_gradient,predicted,blocks.2,0,0,0,-0.31365352869033813,0.25383058190345764,-0.029911473393440247
190,vit_lejepa,vit_tiny_cifar,token_gradient,predicted,blocks.2,5,6,6,0.383236825466156,0.17741870880126953,0.28032776713371277
191,vit_lejepa,vit_tiny_cifar,token_gradient,predicted,blocks.2,8,3,3,0.6371339559555054,0.2058279663324356,0.4214809611439705
192,vit_lejepa,vit_tiny_cifar,token_gradient,predicted,blocks.2,0,6,6,0.29297128319740295,0.201535165309906,0.24725322425365448
193,vit_lejepa,vit_tiny_cifar,token_gradient,predicted,blocks.2,1,1,1,0.44630759954452515,0.4849614202976227,0.4656345099210739
194,vit_lejepa,vit_tiny_cifar,token_gradient,predicted,blocks.2,7,6,6,0.16102787852287292,0.17781327664852142,0.16942057758569717
195,vit_lejepa,vit_tiny_cifar,token_gradient,predicted,blocks.2,2,2,2,0.78346186876297,0.31342482566833496,0.5484433472156525
196,vit_lejepa,vit_tiny_cifar,token_gradient,predicted,blocks.2,8,1,1,0.2372855395078659,0.1856607347726822,0.21147313714027405
197,vit_lejepa,vit_tiny_cifar,token_gradient,predicted,blocks.2,8,2,2,0.6873921751976013,0.5828699469566345,0.6351310610771179
198,vit_lejepa,vit_tiny_cifar,token_gradient,predicted,blocks.2,7,3,3,0.01248390506953001,0.33863192796707153,0.17555791651830077
199,vit_lejepa,vit_tiny_cifar,token_gradient,predicted,blocks.2,8,0,0,0.28294453024864197,0.12689289450645447,0.20491871237754822
200,vit_lejepa,vit_tiny_cifar,token_gradient,predicted,blocks.2,5,3,3,0.23110750317573547,0.32507431507110596,0.2780909091234207
201,vit_lejepa,vit_tiny_cifar,token_gradient,predicted,blocks.2,1,0,0,0.3659312129020691,0.45872896909713745,0.41233009099960327
202,vit_lejepa,vit_tiny_cifar,token_gradient,predicted,blocks.2,8,8,8,0.30475738644599915,0.16066831350326538,0.23271284997463226
203,vit_lejepa,vit_tiny_cifar,token_gradient,predicted,blocks.2,7,9,9,-0.13150358200073242,0.24282272160053253,0.055659569799900055
204,vit_lejepa,vit_tiny_cifar,token_gradient,predicted,blocks.2,1,1,1,0.43933624029159546,0.21740581095218658,0.328371025621891
205,vit_lejepa,vit_tiny_cifar,token_gradient,predicted,blocks.2,3,3,3,0.3253953754901886,0.27667534351348877,0.3010353595018387
206,vit_lejepa,vit_tiny_cifar,token_gradient,predicted,blocks.2,0,1,1,0.5991699695587158,0.5053008794784546,0.5522354245185852
207,vit_lejepa,vit_tiny_cifar,token_gradient,predicted,blocks.2,5,2,2,0.391130656003952,0.31062832474708557,0.3508794903755188
208,vit_lejepa,vit_tiny_cifar,token_gradient,predicted,blocks.2,7,4,4,0.5056948065757751,0.36851873993873596,0.43710677325725555
209,vit_lejepa,vit_tiny_cifar,token_gradient,predicted,blocks.2,9,8,8,0.41909289360046387,0.2645777761936188,0.3418353348970413
210,vit_lejepa,vit_tiny_cifar,token_gradient,predicted,blocks.2,7,3,3,-0.08705927431583405,0.1126244068145752,0.012782566249370575
211,vit_lejepa,vit_tiny_cifar,token_gradient,predicted,blocks.2,4,0,0,-0.008373415097594261,0.38100478053092957,0.18631568271666765
212,vit_lejepa,vit_tiny_cifar,token_gradient,predicted,blocks.2,5,0,0,0.6957263350486755,0.2803737223148346,0.48805002868175507
213,vit_lejepa,vit_tiny_cifar,token_gradient,predicted,blocks.2,9,9,9,0.04612509906291962,0.2049316167831421,0.12552835792303085
214,vit_lejepa,vit_tiny_cifar,token_gradient,predicted,blocks.2,8,7,7,0.348659873008728,0.15797601640224457,0.2533179447054863
215,vit_lejepa,vit_tiny_cifar,token_gradient,predicted,blocks.2,0,4,4,0.4613055884838104,0.13331133127212524,0.29730845987796783
216,vit_lejepa,vit_tiny_cifar,token_gradient,predicted,blocks.2,7,0,0,0.29864630103111267,0.1814347505569458,0.24004052579402924
217,vit_lejepa,vit_tiny_cifar,token_gradient,predicted,blocks.2,9,1,1,0.24332888424396515,0.16480083763599396,0.20406486093997955
218,vit_lejepa,vit_tiny_cifar,token_gradient,predicted,blocks.2,8,0,0,0.6055300235748291,0.44366392493247986,0.5245969742536545
219,vit_lejepa,vit_tiny_cifar,token_gradient,predicted,blocks.2,2,2,2,0.4478397071361542,0.1708536297082901,0.30934666842222214
220,vit_lejepa,vit_tiny_cifar,token_gradient,predicted,blocks.2,7,7,7,0.11802602559328079,0.40285325050354004,0.2604396380484104
221,vit_lejepa,vit_tiny_cifar,token_gradient,predicted,blocks.2,6,2,2,0.3626627027988434,0.33071666955947876,0.34668968617916107
222,vit_lejepa,vit_tiny_cifar,token_gradient,predicted,blocks.2,9,5,5,0.03304404392838478,0.32456719875335693,0.17880562134087086
223,vit_lejepa,vit_tiny_cifar,token_gradient,predicted,blocks.2,4,2,2,0.5888347029685974,0.39543285965919495,0.4921337813138962
224,vit_lejepa,vit_tiny_cifar,token_gradient,predicted,blocks.2,3,3,3,0.4487510025501251,0.3598722815513611,0.4043116420507431
225,vit_lejepa,vit_tiny_cifar,token_gradient,predicted,blocks.2,9,9,9,-0.263047993183136,0.28904497623443604,0.012998491525650024
226,vit_lejepa,vit_tiny_cifar,token_gradient,predicted,blocks.2,6,0,0,0.4112074077129364,0.39988619089126587,0.40554679930210114
227,vit_lejepa,vit_tiny_cifar,token_gradient,predicted,blocks.2,4,6,6,0.49490493535995483,0.148699551820755,0.3218022435903549
228,vit_lejepa,vit_tiny_cifar,token_gradient,predicted,blocks.2,7,0,0,-0.19454564154148102,0.24306364357471466,0.02425900101661682
229,vit_lejepa,vit_tiny_cifar,token_gradient,predicted,blocks.2,6,9,9,0.05549909919500351,0.37136417627334595,0.21343163773417473
230,vit_lejepa,vit_tiny_cifar,token_gradient,predicted,blocks.2,5,5,5,0.612102746963501,0.31200313568115234,0.46205294132232666
231,vit_lejepa,vit_tiny_cifar,token_gradient,predicted,blocks.2,1,9,9,0.580062985420227,0.3550276458263397,0.4675453156232834
232,vit_lejepa,vit_tiny_cifar,token_gradient,predicted,blocks.2,5,7,7,-0.04839666187763214,0.33430442214012146,0.14295388013124466
233,vit_lejepa,vit_tiny_cifar,token_gradient,predicted,blocks.2,8,4,4,0.22910884022712708,0.3758869469165802,0.30249789357185364
234,vit_lejepa,vit_tiny_cifar,token_gradient,predicted,blocks.2,8,8,8,0.37480026483535767,0.1981406807899475,0.2864704728126526
235,vit_lejepa,vit_tiny_cifar,token_gradient,predicted,blocks.2,0,0,0,0.520573616027832,0.4449915587902069,0.48278258740901947
236,vit_lejepa,vit_tiny_cifar,token_gradient,predicted,blocks.2,4,4,4,0.8487226366996765,0.5069988965988159,0.6778607666492462
237,vit_lejepa,vit_tiny_cifar,token_gradient,predicted,blocks.2,0,9,9,-0.1052560955286026,0.4031018614768982,0.1489228829741478
238,vit_lejepa,vit_tiny_cifar,token_gradient,predicted,blocks.2,5,4,4,0.5141062140464783,0.4072574973106384,0.46068185567855835
239,vit_lejepa,vit_tiny_cifar,token_gradient,predicted,blocks.2,5,6,6,0.37312284111976624,0.1353491097688675,0.25423597544431686
240,vit_lejepa,vit_tiny_cifar,token_gradient,predicted,blocks.2,1,1,1,-0.049546338617801666,0.3207368552684784,0.13559525832533836
241,vit_lejepa,vit_tiny_cifar,token_gradient,predicted,blocks.2,1,8,8,0.2147769033908844,0.19547691941261292,0.20512691140174866
242,vit_lejepa,vit_tiny_cifar,token_gradient,predicted,blocks.2,8,0,0,-0.19827993214130402,0.2664943337440491,0.03410720080137253
243,vit_lejepa,vit_tiny_cifar,token_gradient,predicted,blocks.2,9,8,8,-0.03430764004588127,0.18574216961860657,0.07571726478636265
244,vit_lejepa,vit_tiny_cifar,token_gradient,predicted,blocks.2,0,0,0,0.4558664560317993,0.19456177949905396,0.32521411776542664
245,vit_lejepa,vit_tiny_cifar,token_gradient,predicted,blocks.2,3,5,5,0.6827933192253113,0.3124258816242218,0.49760960042476654
246,vit_lejepa,vit_tiny_cifar,token_gradient,predicted,blocks.2,1,5,5,-0.1171102374792099,0.33676111698150635,0.10982543975114822
247,vit_lejepa,vit_tiny_cifar,token_gradient,predicted,blocks.2,9,8,8,0.49276983737945557,0.07744448632001877,0.28510716184973717
248,vit_lejepa,vit_tiny_cifar,token_gradient,predicted,blocks.2,2,2,2,-0.06169379875063896,0.21494978666305542,0.07662799395620823
249,vit_lejepa,vit_tiny_cifar,token_gradient,predicted,blocks.2,2,6,6,0.7362298369407654,0.2554883360862732,0.4958590865135193
250,vit_lejepa,vit_tiny_cifar,token_gradient,predicted,blocks.2,5,7,7,0.7489810585975647,0.19997873902320862,0.47447989881038666
251,vit_lejepa,vit_tiny_cifar,token_gradient,predicted,blocks.2,3,3,3,0.1324985772371292,0.1698855310678482,0.1511920541524887
252,vit_lejepa,vit_tiny_cifar,token_gradient,predicted,blocks.2,9,9,9,0.0647352933883667,0.37143203616142273,0.21808366477489471
253,vit_lejepa,vit_tiny_cifar,token_gradient,predicted,blocks.2,9,1,1,-0.26821792125701904,0.45789584517478943,0.09483896195888519
254,vit_lejepa,vit_tiny_cifar,token_gradient,predicted,blocks.2,4,4,4,0.2859392762184143,0.3589729368686676,0.32245610654354095
255,vit_lejepa,vit_tiny_cifar,token_gradient,predicted,blocks.2,0,0,0,0.5405550003051758,0.16403737664222717,0.3522961884737015
256,vit_lejepa,vit_tiny_cifar,token_gradient,predicted,blocks.2,3,5,5,0.18593575060367584,0.3965291678905487,0.2912324592471123
257,vit_lejepa,vit_tiny_cifar,token_gradient,predicted,blocks.2,0,0,0,0.7160031199455261,0.38202524185180664,0.5490141808986664
258,vit_lejepa,vit_tiny_cifar,token_gradient,predicted,blocks.2,0,8,8,0.03587105870246887,0.3996630907058716,0.21776707470417023
259,vit_lejepa,vit_tiny_cifar,token_gradient,predicted,blocks.2,9,1,1,0.3492715358734131,0.34857049584388733,0.3489210158586502
260,vit_lejepa,vit_tiny_cifar,token_gradient,predicted,blocks.2,8,5,5,0.4277923107147217,0.279825896024704,0.35380910336971283
261,vit_lejepa,vit_tiny_cifar,token_gradient,predicted,blocks.2,1,1,1,-0.2659151256084442,0.1807904690504074,-0.0425623282790184
262,vit_lejepa,vit_tiny_cifar,token_gradient,predicted,blocks.2,5,1,1,0.5982279181480408,0.5007670521736145,0.5494974851608276
263,vit_lejepa,vit_tiny_cifar,token_gradient,predicted,blocks.2,7,8,8,0.01651199348270893,0.5264866352081299,0.2714993143454194
264,vit_lejepa,vit_tiny_cifar,token_gradient,predicted,blocks.2,0,5,5,0.6871865391731262,0.21934999525547028,0.45326826721429825
265,vit_lejepa,vit_tiny_cifar,token_gradient,predicted,blocks.2,8,8,8,0.2842535376548767,0.05175825208425522,0.16800589486956596
266,vit_lejepa,vit_tiny_cifar,token_gradient,predicted,blocks.2,2,8,8,0.1644621640443802,0.26581138372421265,0.21513677388429642
267,vit_lejepa,vit_tiny_cifar,token_gradient,predicted,blocks.2,4,4,4,0.5736514329910278,0.6025547981262207,0.5881031155586243
268,vit_lejepa,vit_tiny_cifar,token_gradient,predicted,blocks.2,7,7,7,0.5875317454338074,0.39314916729927063,0.490340456366539
269,vit_lejepa,vit_tiny_cifar,token_gradient,predicted,blocks.2,0,5,5,0.8189526200294495,0.2747936546802521,0.5468731373548508
270,vit_lejepa,vit_tiny_cifar,token_gradient,predicted,blocks.2,2,6,6,0.26927685737609863,0.395882785320282,0.3325798213481903
271,vit_lejepa,vit_tiny_cifar,token_gradient,predicted,blocks.2,3,4,4,0.0993310883641243,0.3375009000301361,0.2184159941971302
272,vit_lejepa,vit_tiny_cifar,token_gradient,predicted,blocks.2,6,6,6,0.20112329721450806,0.475565642118454,0.338344469666481
273,vit_lejepa,vit_tiny_cifar,token_gradient,predicted,blocks.2,3,3,3,0.5854934453964233,0.36002281308174133,0.47275812923908234
274,vit_lejepa,vit_tiny_cifar,token_gradient,predicted,blocks.2,8,8,8,0.16639737784862518,0.2903730571269989,0.22838521748781204
275,vit_lejepa,vit_tiny_cifar,token_gradient,predicted,blocks.2,5,3,3,0.7108922600746155,0.5505311489105225,0.630711704492569
276,vit_lejepa,vit_tiny_cifar,token_gradient,predicted,blocks.2,0,1,1,0.36251479387283325,0.3894602358341217,0.3759875148534775
277,vit_lejepa,vit_tiny_cifar,token_gradient,predicted,blocks.2,3,2,2,-0.008019955828785896,0.17845797538757324,0.08521900977939367
278,vit_lejepa,vit_tiny_cifar,token_gradient,predicted,blocks.2,4,4,4,0.5061784982681274,0.36530688405036926,0.43574269115924835
279,vit_lejepa,vit_tiny_cifar,token_gradient,predicted,blocks.2,3,3,3,0.025385864078998566,0.37643423676490784,0.2009100504219532
280,vit_lejepa,vit_tiny_cifar,token_gradient,predicted,blocks.2,9,9,9,-0.20110861957073212,0.23166823387145996,0.015279807150363922
281,vit_lejepa,vit_tiny_cifar,token_gradient,predicted,blocks.2,0,6,6,-0.10407482832670212,0.29284918308258057,0.09438717737793922
282,vit_lejepa,vit_tiny_cifar,token_gradient,predicted,blocks.2,6,6,6,0.7896953225135803,0.37467753887176514,0.5821864306926727
283,vit_lejepa,vit_tiny_cifar,token_gradient,predicted,blocks.2,1,9,9,0.3158763349056244,0.25042200088500977,0.2831491678953171
284,vit_lejepa,vit_tiny_cifar,token_gradient,predicted,blocks.2,0,8,8,0.1804671287536621,0.08882492035627365,0.13464602455496788
285,vit_lejepa,vit_tiny_cifar,token_gradient,predicted,blocks.2,9,9,9,0.02473466470837593,0.07939623296260834,0.052065448835492134
286,vit_lejepa,vit_tiny_cifar,token_gradient,predicted,blocks.2,1,0,0,0.21742327511310577,0.2494918406009674,0.2334575578570366
287,vit_lejepa,vit_tiny_cifar,token_gradient,predicted,blocks.2,0,0,0,0.4934539496898651,0.19450697302818298,0.34398046135902405
288,vit_lejepa,vit_tiny_cifar,token_gradient,predicted,blocks.2,7,5,5,0.2420821487903595,0.12852400541305542,0.18530307710170746
289,vit_lejepa,vit_tiny_cifar,token_gradient,predicted,blocks.2,9,0,0,-0.14530669152736664,0.15232707560062408,0.003510192036628723
290,vit_lejepa,vit_tiny_cifar,token_gradient,predicted,blocks.2,1,1,1,-0.2664125859737396,0.17467354238033295,-0.04586952179670334
291,vit_lejepa,vit_tiny_cifar,token_gradient,predicted,blocks.2,2,2,2,0.32876676321029663,0.34247955679893494,0.3356231600046158
292,vit_lejepa,vit_tiny_cifar,token_gradient,predicted,blocks.2,6,2,2,0.18206608295440674,0.42203912138938904,0.3020526021718979
293,vit_lejepa,vit_tiny_cifar,token_gradient,predicted,blocks.2,9,8,8,0.13452599942684174,0.1975555121898651,0.16604075580835342
294,vit_lejepa,vit_tiny_cifar,token_gradient,predicted,blocks.2,3,3,3,0.37659528851509094,0.24389076232910156,0.31024302542209625
295,vit_lejepa,vit_tiny_cifar,token_gradient,predicted,blocks.2,4,4,4,0.5362462997436523,0.13522806763648987,0.3357371836900711
296,vit_lejepa,vit_tiny_cifar,token_gradient,predicted,blocks.2,6,6,6,0.37085920572280884,0.5463628172874451,0.45861101150512695
297,vit_lejepa,vit_tiny_cifar,token_gradient,predicted,blocks.2,0,0,0,0.6369538307189941,0.22724750638008118,0.43210066854953766
298,vit_lejepa,vit_tiny_cifar,token_gradient,predicted,blocks.2,0,0,0,0.4278413951396942,0.26108884811401367,0.34446512162685394
299,vit_lejepa,vit_tiny_cifar,token_gradient,predicted,blocks.2,6,6,6,0.06746503710746765,0.4934484660625458,0.2804567515850067
300,vit_lejepa,vit_tiny_cifar,token_gradient,predicted,blocks.2,6,6,6,-0.31383243203163147,0.18886491656303406,-0.062483757734298706
301,vit_lejepa,vit_tiny_cifar,token_gradient,predicted,blocks.2,6,6,6,0.6225550174713135,0.13541409373283386,0.37898455560207367
302,vit_lejepa,vit_tiny_cifar,token_gradient,predicted,blocks.2,3,2,2,0.5481085181236267,0.30155453085899353,0.4248315244913101
303,vit_lejepa,vit_tiny_cifar,token_gradient,predicted,blocks.2,2,8,8,-0.24240350723266602,0.28630658984184265,0.021951541304588318
304,vit_lejepa,vit_tiny_cifar,token_gradient,predicted,blocks.2,6,4,4,0.5786262154579163,0.2910938262939453,0.4348600208759308
305,vit_lejepa,vit_tiny_cifar,token_gradient,predicted,blocks.2,1,0,0,0.4615393280982971,0.2380896508693695,0.3498144894838333
306,vit_lejepa,vit_tiny_cifar,token_gradient,predicted,blocks.2,8,1,1,0.4514717161655426,0.3275567591190338,0.3895142376422882
307,vit_lejepa,vit_tiny_cifar,token_gradient,predicted,blocks.2,2,2,2,0.4139309823513031,0.19369246065616608,0.3038117215037346
308,vit_lejepa,vit_tiny_cifar,token_gradient,predicted,blocks.2,1,1,1,-0.2023923099040985,0.36353373527526855,0.08057071268558502
309,vit_lejepa,vit_tiny_cifar,token_gradient,predicted,blocks.2,6,2,2,0.7469401359558105,0.4661308228969574,0.606535479426384
310,vit_lejepa,vit_tiny_cifar,token_gradient,predicted,blocks.2,8,8,8,0.5959974527359009,0.1139427199959755,0.3549700863659382
311,vit_lejepa,vit_tiny_cifar,token_gradient,predicted,blocks.2,6,6,6,0.09480399638414383,0.39477425813674927,0.24478912726044655
312,vit_lejepa,vit_tiny_cifar,token_gradient,predicted,blocks.2,8,0,0,0.7654514312744141,0.30888792872428894,0.5371696799993515
313,vit_lejepa,vit_tiny_cifar,token_gradient,predicted,blocks.2,0,0,0,0.676121175289154,0.3506941497325897,0.5134076625108719
314,vit_lejepa,vit_tiny_cifar,token_gradient,predicted,blocks.2,4,5,5,0.4278916120529175,0.34770020842552185,0.38779591023921967
315,vit_lejepa,vit_tiny_cifar,token_gradient,predicted,blocks.2,0,0,0,0.7895368933677673,0.419775128364563,0.6046560108661652
316,vit_lejepa,vit_tiny_cifar,token_gradient,predicted,blocks.2,7,7,7,0.4972720444202423,0.18277715146541595,0.34002459794282913
317,vit_lejepa,vit_tiny_cifar,token_gradient,predicted,blocks.2,7,4,4,-0.010707101784646511,0.1310776323080063,0.06018526526167989
318,vit_lejepa,vit_tiny_cifar,token_gradient,predicted,blocks.2,5,5,5,0.4252875745296478,0.3708308935165405,0.3980592340230942
319,vit_lejepa,vit_tiny_cifar,token_gradient,predicted,blocks.2,5,3,3,0.23884950578212738,0.31231147050857544,0.2755804881453514
320,vit_lejepa,vit_tiny_cifar,token_gradient,predicted,blocks.2,3,2,2,0.8094972968101501,0.29442864656448364,0.5519629716873169
321,vit_lejepa,vit_tiny_cifar,token_gradient,predicted,blocks.2,5,3,3,0.20685163140296936,0.33801543712615967,0.2724335342645645
322,vit_lejepa,vit_tiny_cifar,token_gradient,predicted,blocks.2,2,6,6,0.4534621238708496,0.14490918815135956,0.2991856560111046
323,vit_lejepa,vit_tiny_cifar,token_gradient,predicted,blocks.2,3,4,4,0.17537277936935425,0.2954551875591278,0.23541398346424103
324,vit_lejepa,vit_tiny_cifar,token_gradient,predicted,blocks.2,4,5,5,0.44320985674858093,0.6022084951400757,0.5227091759443283
325,vit_lejepa,vit_tiny_cifar,token_gradient,predicted,blocks.2,1,9,9,0.1761980801820755,0.36969733238220215,0.2729477062821388
326,vit_lejepa,vit_tiny_cifar,token_gradient,predicted,blocks.2,7,2,2,0.040219683200120926,0.22103963792324066,0.1306296605616808
327,vit_lejepa,vit_tiny_cifar,token_gradient,predicted,blocks.2,5,6,6,0.5427373051643372,0.36110278964042664,0.4519200474023819
328,vit_lejepa,vit_tiny_cifar,token_gradient,predicted,blocks.2,4,0,0,0.4281328320503235,0.11222044378519058,0.27017663791775703
329,vit_lejepa,vit_tiny_cifar,token_gradient,predicted,blocks.2,6,6,6,0.536845862865448,0.23935163021087646,0.38809874653816223
330,vit_lejepa,vit_tiny_cifar,token_gradient,predicted,blocks.2,1,1,1,0.0015477753477171063,0.5437263250350952,0.27263705019140616
331,vit_lejepa,vit_tiny_cifar,token_gradient,predicted,blocks.2,9,9,9,-0.03982684388756752,0.42090705037117004,0.19054010324180126
332,vit_lejepa,vit_tiny_cifar,token_gradient,predicted,blocks.2,3,6,6,-0.06408519297838211,0.10466418415307999,0.020289495587348938
333,vit_lejepa,vit_tiny_cifar,token_gradient,predicted,blocks.2,6,6,6,0.16251040995121002,0.14374849200248718,0.1531294509768486
334,vit_lejepa,vit_tiny_cifar,token_gradient,predicted,blocks.2,6,6,6,0.3117332458496094,0.35751572251319885,0.3346244841814041
335,vit_lejepa,vit_tiny_cifar,token_gradient,predicted,blocks.2,9,9,9,-0.1807134747505188,0.4184807240962982,0.11888362467288971
336,vit_lejepa,vit_tiny_cifar,token_gradient,predicted,blocks.2,3,2,2,0.2071506828069687,0.4213065505027771,0.3142286166548729
337,vit_lejepa,vit_tiny_cifar,token_gradient,predicted,blocks.2,8,8,8,0.5882710814476013,0.24463777244091034,0.41645442694425583
338,vit_lejepa,vit_tiny_cifar,token_gradient,predicted,blocks.2,0,0,0,0.7157863974571228,0.20953378081321716,0.46266008913517
339,vit_lejepa,vit_tiny_cifar,token_gradient,predicted,blocks.2,7,0,0,-0.2284497320652008,0.2228126972913742,-0.0028185173869132996
340,vit_lejepa,vit_tiny_cifar,token_gradient,predicted,blocks.2,2,4,4,0.5898956656455994,0.3009079396724701,0.44540180265903473
341,vit_lejepa,vit_tiny_cifar,token_gradient,predicted,blocks.2,6,7,7,0.08775320649147034,0.23408491909503937,0.16091906279325485
342,vit_lejepa,vit_tiny_cifar,token_gradient,predicted,blocks.2,2,2,2,0.7088477611541748,0.3305314779281616,0.5196896195411682
343,vit_lejepa,vit_tiny_cifar,token_gradient,predicted,blocks.2,5,1,1,0.30901575088500977,0.13670921325683594,0.22286248207092285
344,vit_lejepa,vit_tiny_cifar,token_gradient,predicted,blocks.2,8,8,8,0.010290649719536304,0.20163141191005707,0.10596103081479669
345,vit_lejepa,vit_tiny_cifar,token_gradient,predicted,blocks.2,5,5,5,0.23843222856521606,0.31367170810699463,0.27605196833610535
346,vit_lejepa,vit_tiny_cifar,token_gradient,predicted,blocks.2,4,7,7,0.23515471816062927,0.10881423950195312,0.1719844788312912
347,vit_lejepa,vit_tiny_cifar,token_gradient,predicted,blocks.2,6,5,5,-0.28620898723602295,0.31152430176734924,0.012657657265663147
348,vit_lejepa,vit_tiny_cifar,token_gradient,predicted,blocks.2,8,0,0,0.23982861638069153,0.2180212289094925,0.228924922645092
349,vit_lejepa,vit_tiny_cifar,token_gradient,predicted,blocks.2,9,9,9,-0.14546482264995575,0.24117833375930786,0.047856755554676056
350,vit_lejepa,vit_tiny_cifar,token_gradient,predicted,blocks.2,9,9,9,0.668869137763977,0.3406027555465698,0.5047359466552734
351,vit_lejepa,vit_tiny_cifar,token_gradient,predicted,blocks.2,1,1,1,-0.1855410486459732,0.34471595287323,0.07958745211362839
352,vit_lejepa,vit_tiny_cifar,token_gradient,predicted,blocks.2,0,0,0,-0.1397145539522171,0.30094486474990845,0.08061515539884567
353,vit_lejepa,vit_tiny_cifar,token_gradient,predicted,blocks.2,2,0,0,0.4470479488372803,0.47219568490982056,0.4596218168735504
354,vit_lejepa,vit_tiny_cifar,token_gradient,predicted,blocks.2,2,6,6,-0.042432550340890884,0.21408607065677643,0.08582676015794277
355,vit_lejepa,vit_tiny_cifar,token_gradient,predicted,blocks.2,7,3,3,0.6856898665428162,0.3094058632850647,0.49754786491394043
356,vit_lejepa,vit_tiny_cifar,token_gradient,predicted,blocks.2,3,2,2,0.1552247554063797,0.24734562635421753,0.20128519088029861
357,vit_lejepa,vit_tiny_cifar,token_gradient,predicted,blocks.2,2,3,3,0.264710396528244,0.31074121594429016,0.2877258062362671
358,vit_lejepa,vit_tiny_cifar,token_gradient,predicted,blocks.2,8,1,1,0.37445899844169617,0.4815012514591217,0.42798012495040894
359,vit_lejepa,vit_tiny_cifar,token_gradient,predicted,blocks.2,0,8,8,-0.17585697770118713,0.4602991044521332,0.14222106337547302
360,vit_lejepa,vit_tiny_cifar,token_gradient,predicted,blocks.2,9,3,3,0.06027849763631821,0.3121052086353302,0.1861918531358242
361,vit_lejepa,vit_tiny_cifar,token_gradient,predicted,blocks.2,5,3,3,-0.19352634251117706,0.2941373288631439,0.05030549317598343
362,vit_lejepa,vit_tiny_cifar,token_gradient,predicted,blocks.2,8,8,8,0.4026503264904022,0.14978550374507904,0.27621791511774063
363,vit_lejepa,vit_tiny_cifar,token_gradient,predicted,blocks.2,1,8,8,0.049611423164606094,0.233550027012825,0.14158072508871555
364,vit_lejepa,vit_tiny_cifar,token_gradient,predicted,blocks.2,9,8,8,0.039761003106832504,0.3851303160190582,0.21244565956294537
365,vit_lejepa,vit_tiny_cifar,token_gradient,predicted,blocks.2,4,7,7,-0.05166822671890259,0.23000973463058472,0.08917075395584106
366,vit_lejepa,vit_tiny_cifar,token_gradient,predicted,blocks.2,1,6,6,0.455197811126709,0.38482674956321716,0.4200122803449631
367,vit_lejepa,vit_tiny_cifar,token_gradient,predicted,blocks.2,3,9,9,0.25797510147094727,0.34564244747161865,0.30180877447128296
368,vit_lejepa,vit_tiny_cifar,token_gradient,predicted,blocks.2,8,8,8,-0.14448654651641846,0.22169911861419678,0.03860628604888916
369,vit_lejepa,vit_tiny_cifar,token_gradient,predicted,blocks.2,1,8,8,0.30416855216026306,0.3044114112854004,0.3042899817228317
370,vit_lejepa,vit_tiny_cifar,token_gradient,predicted,blocks.2,4,6,6,0.05787809193134308,0.3449290692806244,0.20140358060598373
371,vit_lejepa,vit_tiny_cifar,token_gradient,predicted,blocks.2,7,0,0,0.3483527600765228,0.2584022879600525,0.30337752401828766
372,vit_lejepa,vit_tiny_cifar,token_gradient,predicted,blocks.2,9,9,9,0.19863136112689972,0.24271850287914276,0.22067493200302124
373,vit_lejepa,vit_tiny_cifar,token_gradient,predicted,blocks.2,4,2,2,0.3082883656024933,0.15021347999572754,0.2292509227991104
374,vit_lejepa,vit_tiny_cifar,token_gradient,predicted,blocks.2,2,2,2,-0.11574719846248627,0.26847484707832336,0.07636382430791855
375,vit_lejepa,vit_tiny_cifar,token_gradient,predicted,blocks.2,7,2,2,-0.21725799143314362,0.17890292406082153,-0.01917753368616104
376,vit_lejepa,vit_tiny_cifar,token_gradient,predicted,blocks.2,0,0,0,0.5172532796859741,0.2976325750350952,0.40744292736053467
377,vit_lejepa,vit_tiny_cifar,token_gradient,predicted,blocks.2,7,5,5,0.08821900188922882,0.2278391718864441,0.15802908688783646
378,vit_lejepa,vit_tiny_cifar,token_gradient,predicted,blocks.2,0,2,2,0.4717193841934204,0.16445304453372955,0.318086214363575
379,vit_lejepa,vit_tiny_cifar,token_gradient,predicted,blocks.2,6,6,6,0.01574014127254486,0.4162718951702118,0.21600601822137833
380,vit_lejepa,vit_tiny_cifar,token_gradient,predicted,blocks.2,6,6,6,-0.21494045853614807,0.38148215413093567,0.0832708477973938
381,vit_lejepa,vit_tiny_cifar,token_gradient,predicted,blocks.2,9,9,9,-0.04886607825756073,0.3868897557258606,0.16901183873414993
382,vit_lejepa,vit_tiny_cifar,token_gradient,predicted,blocks.2,0,0,0,0.6470763683319092,0.3516237735748291,0.49935007095336914
383,vit_lejepa,vit_tiny_cifar,token_gradient,predicted,blocks.2,9,0,0,0.5452979803085327,0.28345972299575806,0.4143788516521454
384,vit_lejepa,vit_tiny_cifar,token_gradient,predicted,blocks.2,2,7,7,0.3238222897052765,0.48023465275764465,0.40202847123146057
385,vit_lejepa,vit_tiny_cifar,token_gradient,predicted,blocks.2,8,0,0,0.6341572403907776,0.3283163607120514,0.4812368005514145
386,vit_lejepa,vit_tiny_cifar,token_gradient,predicted,blocks.2,7,7,7,0.10678493976593018,0.19487008452415466,0.15082751214504242
387,vit_lejepa,vit_tiny_cifar,token_gradient,predicted,blocks.2,2,6,6,0.6600728631019592,0.35045671463012695,0.5052647888660431
388,vit_lejepa,vit_tiny_cifar,token_gradient,predicted,blocks.2,2,3,3,0.19956500828266144,0.2830088138580322,0.24128691107034683
389,vit_lejepa,vit_tiny_cifar,token_gradient,predicted,blocks.2,5,5,5,-0.020199742168188095,0.5567587614059448,0.26827950961887836
390,vit_lejepa,vit_tiny_cifar,token_gradient,predicted,blocks.2,1,9,9,0.35327550768852234,0.21677973866462708,0.2850276231765747
391,vit_lejepa,vit_tiny_cifar,token_gradient,predicted,blocks.2,2,0,0,0.3426433503627777,0.20548008382320404,0.2740617170929909
392,vit_lejepa,vit_tiny_cifar,token_gradient,predicted,blocks.2,6,6,6,-0.01661493256688118,0.14596213400363922,0.06467360071837902
393,vit_lejepa,vit_tiny_cifar,token_gradient,predicted,blocks.2,2,5,5,0.3735261559486389,0.6301991939544678,0.5018626749515533
394,vit_lejepa,vit_tiny_cifar,token_gradient,predicted,blocks.2,9,3,3,-0.0031953109428286552,0.34632790088653564,0.1715662949718535
395,vit_lejepa,vit_tiny_cifar,token_gradient,predicted,blocks.2,6,2,2,0.4660550653934479,0.48788079619407654,0.4769679307937622
396,vit_lejepa,vit_tiny_cifar,token_gradient,predicted,blocks.2,2,2,2,-0.11895652115345001,0.11821401864290237,-0.00037125125527381897
397,vit_lejepa,vit_tiny_cifar,token_gradient,predicted,blocks.2,3,1,1,-0.04481746628880501,0.1447819620370865,0.04998224787414074
398,vit_lejepa,vit_tiny_cifar,token_gradient,predicted,blocks.2,0,0,0,0.4403374195098877,0.324548602104187,0.38244301080703735
399,vit_lejepa,vit_tiny_cifar,token_gradient,predicted,blocks.2,3,8,8,-0.041629571467638016,0.21391715109348297,0.08614378981292248
400,vit_lejepa,vit_tiny_cifar,token_gradient,predicted,blocks.2,9,9,9,-0.07227013260126114,0.36098843812942505,0.14435915276408195
401,vit_lejepa,vit_tiny_cifar,token_gradient,predicted,blocks.2,8,1,1,0.18803814053535461,0.5255349278450012,0.3567865341901779
402,vit_lejepa,vit_tiny_cifar,token_gradient,predicted,blocks.2,7,6,6,-0.36607879400253296,0.21030031144618988,-0.07788924127817154
403,vit_lejepa,vit_tiny_cifar,token_gradient,predicted,blocks.2,8,0,0,0.4710024297237396,0.20116347074508667,0.33608295023441315
404,vit_lejepa,vit_tiny_cifar,token_gradient,predicted,blocks.2,8,8,8,-0.230561301112175,0.2023007720708847,-0.014130264520645142
405,vit_lejepa,vit_tiny_cifar,token_gradient,predicted,blocks.2,4,4,4,0.1336302012205124,0.271999329328537,0.2028147652745247
406,vit_lejepa,vit_tiny_cifar,token_gradient,predicted,blocks.2,0,0,0,-0.10838621854782104,0.22017356753349304,0.055893674492836
407,vit_lejepa,vit_tiny_cifar,token_gradient,predicted,blocks.2,1,9,9,0.24084194004535675,0.43398317694664,0.3374125584959984
408,vit_lejepa,vit_tiny_cifar,token_gradient,predicted,blocks.2,8,0,0,0.08746399730443954,0.23269054293632507,0.1600772701203823
409,vit_lejepa,vit_tiny_cifar,token_gradient,predicted,blocks.2,2,2,2,0.5337734818458557,0.1111745834350586,0.32247403264045715
410,vit_lejepa,vit_tiny_cifar,token_gradient,predicted,blocks.2,7,8,8,-0.03307357802987099,0.20821408927440643,0.08757025562226772
411,vit_lejepa,vit_tiny_cifar,token_gradient,predicted,blocks.2,9,5,5,0.3927237093448639,0.12867553532123566,0.2606996223330498
412,vit_lejepa,vit_tiny_cifar,token_gradient,predicted,blocks.2,3,4,4,0.47484225034713745,0.17441867291927338,0.3246304616332054
413,vit_lejepa,vit_tiny_cifar,token_gradient,predicted,blocks.2,6,6,6,-0.13668756186962128,0.27514347434043884,0.06922795623540878
414,vit_lejepa,vit_tiny_cifar,token_gradient,predicted,blocks.2,1,1,1,0.42891961336135864,0.33875125646591187,0.38383543491363525
415,vit_lejepa,vit_tiny_cifar,token_gradient,predicted,blocks.2,9,9,9,0.15685901045799255,0.4069128930568695,0.28188595175743103
416,vit_lejepa,vit_tiny_cifar,token_gradient,predicted,blocks.2,0,2,2,0.6880083680152893,0.30844998359680176,0.49822917580604553
417,vit_lejepa,vit_tiny_cifar,token_gradient,predicted,blocks.2,7,7,7,-0.2508881986141205,0.23681162297725677,-0.007038287818431854
418,vit_lejepa,vit_tiny_cifar,token_gradient,predicted,blocks.2,3,5,5,0.008744889870285988,0.2420559823513031,0.12540043611079454
419,vit_lejepa,vit_tiny_cifar,token_gradient,predicted,blocks.2,7,6,6,0.6281563639640808,0.6419256329536438,0.6350409984588623
420,vit_lejepa,vit_tiny_cifar,token_gradient,predicted,blocks.2,4,4,4,0.3853698968887329,0.29935750365257263,0.34236370027065277
421,vit_lejepa,vit_tiny_cifar,token_gradient,predicted,blocks.2,5,5,5,0.08696727454662323,0.228162944316864,0.15756510943174362
422,vit_lejepa,vit_tiny_cifar,token_gradient,predicted,blocks.2,0,8,8,0.09052187204360962,0.2616156339645386,0.1760687530040741
423,vit_lejepa,vit_tiny_cifar,token_gradient,predicted,blocks.2,0,9,9,0.7385910153388977,0.4479495584964752,0.5932702869176865
424,vit_lejepa,vit_tiny_cifar,token_gradient,predicted,blocks.2,2,2,2,0.2572193741798401,0.3681013286113739,0.312660351395607
425,vit_lejepa,vit_tiny_cifar,token_gradient,predicted,blocks.2,9,8,8,-0.2579644024372101,0.31255796551704407,0.027296781539916992
426,vit_lejepa,vit_tiny_cifar,token_gradient,predicted,blocks.2,3,5,5,0.5778310894966125,0.2993727922439575,0.43860194087028503
427,vit_lejepa,vit_tiny_cifar,token_gradient,predicted,blocks.2,4,3,3,0.16678573191165924,0.23495234549045563,0.20086903870105743
428,vit_lejepa,vit_tiny_cifar,token_gradient,predicted,blocks.2,0,7,7,0.720695972442627,0.4142554998397827,0.5674757361412048
429,vit_lejepa,vit_tiny_cifar,token_gradient,predicted,blocks.2,6,6,6,0.08358609676361084,0.258988618850708,0.17128735780715942
430,vit_lejepa,vit_tiny_cifar,token_gradient,predicted,blocks.2,2,7,7,0.7409098148345947,0.5149793028831482,0.6279445588588715
431,vit_lejepa,vit_tiny_cifar,token_gradient,predicted,blocks.2,5,8,8,0.54692542552948,0.18087750673294067,0.3639014661312103
432,vit_lejepa,vit_tiny_cifar,token_gradient,predicted,blocks.2,3,3,3,0.4434868097305298,0.5058033466339111,0.47464507818222046
433,vit_lejepa,vit_tiny_cifar,token_gradient,predicted,blocks.2,7,3,3,0.7198728919029236,0.37477511167526245,0.547324001789093
434,vit_lejepa,vit_tiny_cifar,token_gradient,predicted,blocks.2,3,9,9,0.10831627249717712,0.2451055943965912,0.17671093344688416
435,vit_lejepa,vit_tiny_cifar,token_gradient,predicted,blocks.2,7,5,5,0.16798759996891022,0.3941759765148163,0.28108178824186325
436,vit_lejepa,vit_tiny_cifar,token_gradient,predicted,blocks.2,2,2,2,0.6578697562217712,0.2572425603866577,0.4575561583042145
437,vit_lejepa,vit_tiny_cifar,token_gradient,predicted,blocks.2,5,4,4,0.5017316937446594,0.18777631223201752,0.34475400298833847
438,vit_lejepa,vit_tiny_cifar,token_gradient,predicted,blocks.2,3,3,3,0.819495677947998,0.26649922132492065,0.5429974496364594
439,vit_lejepa,vit_tiny_cifar,token_gradient,predicted,blocks.2,1,6,6,0.7144312262535095,0.5558089017868042,0.6351200640201569
440,vit_lejepa,vit_tiny_cifar,token_gradient,predicted,blocks.2,1,6,6,-0.15688182413578033,0.17159368097782135,0.007355928421020508
441,vit_lejepa,vit_tiny_cifar,token_gradient,predicted,blocks.2,4,2,2,0.4273081421852112,0.17205725610256195,0.29968269914388657
442,vit_lejepa,vit_tiny_cifar,token_gradient,predicted,blocks.2,9,9,9,0.01151442714035511,0.4116877019405365,0.2116010645404458
443,vit_lejepa,vit_tiny_cifar,token_gradient,predicted,blocks.2,9,9,9,0.14246857166290283,0.27403753995895386,0.20825305581092834
444,vit_lejepa,vit_tiny_cifar,token_gradient,predicted,blocks.2,5,8,8,-0.3118744492530823,0.2084950953722,-0.05168967694044113
445,vit_lejepa,vit_tiny_cifar,token_gradient,predicted,blocks.2,7,4,4,-0.08553485572338104,0.32744520902633667,0.12095517665147781
446,vit_lejepa,vit_tiny_cifar,token_gradient,predicted,blocks.2,5,8,8,0.1610143929719925,0.28342512249946594,0.22221975773572922
447,vit_lejepa,vit_tiny_cifar,token_gradient,predicted,blocks.2,0,0,0,0.993176281452179,0.6318269968032837,0.8125016391277313
448,vit_lejepa,vit_tiny_cifar,token_gradient,predicted,blocks.2,2,6,6,0.6883643269538879,0.3847847878932953,0.5365745574235916
449,vit_lejepa,vit_tiny_cifar,token_gradient,predicted,blocks.2,2,0,0,0.7835201621055603,0.37338876724243164,0.578454464673996
450,vit_lejepa,vit_tiny_cifar,token_gradient,predicted,blocks.2,2,3,3,0.8053004741668701,0.3866751194000244,0.5959877967834473
451,vit_lejepa,vit_tiny_cifar,token_gradient,predicted,blocks.2,9,9,9,0.21860109269618988,0.4830177128314972,0.35080940276384354
452,vit_lejepa,vit_tiny_cifar,token_gradient,predicted,blocks.2,7,6,6,0.140389084815979,0.16471129655838013,0.15255019068717957
453,vit_lejepa,vit_tiny_cifar,token_gradient,predicted,blocks.2,3,6,6,0.33500340580940247,0.19650249183177948,0.265752948820591
454,vit_lejepa,vit_tiny_cifar,token_gradient,predicted,blocks.2,9,8,8,0.6035663485527039,0.19847288727760315,0.4010196179151535
455,vit_lejepa,vit_tiny_cifar,token_gradient,predicted,blocks.2,4,4,4,-0.013599284924566746,0.38316813111305237,0.1847844230942428
456,vit_lejepa,vit_tiny_cifar,token_gradient,predicted,blocks.2,3,2,2,0.5485405921936035,0.506795346736908,0.5276679694652557
457,vit_lejepa,vit_tiny_cifar,token_gradient,predicted,blocks.2,5,6,6,0.13184697926044464,0.16744586825370789,0.14964642375707626
458,vit_lejepa,vit_tiny_cifar,token_gradient,predicted,blocks.2,4,4,4,0.22803500294685364,0.28472623229026794,0.2563806176185608
459,vit_lejepa,vit_tiny_cifar,token_gradient,predicted,blocks.2,6,0,0,0.21677082777023315,0.15009896457195282,0.183434896171093
460,vit_lejepa,vit_tiny_cifar,token_gradient,predicted,blocks.2,5,2,2,-0.01703759841620922,0.3374718725681305,0.16021713707596064
461,vit_lejepa,vit_tiny_cifar,token_gradient,predicted,blocks.2,6,2,2,0.00425006914883852,0.5632427930831909,0.2837464311160147
462,vit_lejepa,vit_tiny_cifar,token_gradient,predicted,blocks.2,1,9,9,0.21496941149234772,0.33066868782043457,0.27281904965639114
463,vit_lejepa,vit_tiny_cifar,token_gradient,predicted,blocks.2,4,2,2,0.4247584939002991,0.6003731489181519,0.5125658214092255
464,vit_lejepa,vit_tiny_cifar,token_gradient,predicted,blocks.2,3,3,3,0.5280542969703674,0.17252737283706665,0.35029083490371704
465,vit_lejepa,vit_tiny_cifar,token_gradient,predicted,blocks.2,4,4,4,0.5720139145851135,0.19098855555057526,0.3815012350678444
466,vit_lejepa,vit_tiny_cifar,token_gradient,predicted,blocks.2,4,6,6,0.4829113185405731,0.535412073135376,0.5091616958379745
467,vit_lejepa,vit_tiny_cifar,token_gradient,predicted,blocks.2,3,2,2,0.15477095544338226,0.11339955776929855,0.1340852566063404
468,vit_lejepa,vit_tiny_cifar,token_gradient,predicted,blocks.2,7,7,7,0.43994149565696716,0.33838483691215515,0.38916316628456116
469,vit_lejepa,vit_tiny_cifar,token_gradient,predicted,blocks.2,8,6,6,-0.4750542640686035,0.36801478266716003,-0.05351974070072174
470,vit_lejepa,vit_tiny_cifar,token_gradient,predicted,blocks.2,3,2,2,-0.05758441984653473,0.386362761259079,0.16438917070627213
471,vit_lejepa,vit_tiny_cifar,token_gradient,predicted,blocks.2,7,9,9,-0.14654701948165894,0.22956380248069763,0.04150839149951935
472,vit_lejepa,vit_tiny_cifar,token_gradient,predicted,blocks.2,8,8,8,0.39941486716270447,0.43251463770866394,0.4159647524356842
473,vit_lejepa,vit_tiny_cifar,token_gradient,predicted,blocks.2,0,4,4,0.4782419502735138,0.32800084352493286,0.4031213968992233
474,vit_lejepa,vit_tiny_cifar,token_gradient,predicted,blocks.2,5,9,9,-0.17578740417957306,0.26186633110046387,0.043039463460445404
475,vit_lejepa,vit_tiny_cifar,token_gradient,predicted,blocks.2,7,1,1,0.20713715255260468,0.1464993804693222,0.17681826651096344
476,vit_lejepa,vit_tiny_cifar,token_gradient,predicted,blocks.2,6,4,4,0.3163868188858032,0.23718911409378052,0.27678796648979187
477,vit_lejepa,vit_tiny_cifar,token_gradient,predicted,blocks.2,0,0,0,0.3500741720199585,0.535617470741272,0.44284582138061523
478,vit_lejepa,vit_tiny_cifar,token_gradient,predicted,blocks.2,5,2,2,0.36860668659210205,0.27382782101631165,0.32121725380420685
479,vit_lejepa,vit_tiny_cifar,token_gradient,predicted,blocks.2,4,2,2,0.07749941945075989,0.16637584567070007,0.12193763256072998
480,vit_lejepa,vit_tiny_cifar,token_gradient,predicted,blocks.2,8,9,9,-0.09704078733921051,0.20323708653450012,0.053098149597644806
481,vit_lejepa,vit_tiny_cifar,token_gradient,predicted,blocks.2,6,6,6,0.2437610775232315,0.35463613271713257,0.29919860512018204
482,vit_lejepa,vit_tiny_cifar,token_gradient,predicted,blocks.2,8,8,8,0.08463243395090103,0.4181419610977173,0.25138719752430916
483,vit_lejepa,vit_tiny_cifar,token_gradient,predicted,blocks.2,5,3,3,0.5211382508277893,0.5184095501899719,0.5197739005088806
484,vit_lejepa,vit_tiny_cifar,token_gradient,predicted,blocks.2,5,3,3,-0.08198361098766327,0.1925588846206665,0.05528763681650162
485,vit_lejepa,vit_tiny_cifar,token_gradient,predicted,blocks.2,9,0,0,0.12317370623350143,0.10379153490066528,0.11348262056708336
486,vit_lejepa,vit_tiny_cifar,token_gradient,predicted,blocks.2,9,9,9,0.11076516658067703,0.3804897367954254,0.24562745168805122
487,vit_lejepa,vit_tiny_cifar,token_gradient,predicted,blocks.2,9,1,1,0.23028266429901123,0.28666165471076965,0.25847215950489044
488,vit_lejepa,vit_tiny_cifar,token_gradient,predicted,blocks.2,5,5,5,0.3839941620826721,0.17687109112739563,0.2804326266050339
489,vit_lejepa,vit_tiny_cifar,token_gradient,predicted,blocks.2,0,0,0,-0.19284619390964508,0.16847100853919983,-0.012187592685222626
490,vit_lejepa,vit_tiny_cifar,token_gradient,predicted,blocks.2,1,1,1,0.09238031506538391,0.288540780544281,0.19046054780483246
491,vit_lejepa,vit_tiny_cifar,token_gradient,predicted,blocks.2,0,3,3,-0.04194928705692291,0.18916061520576477,0.07360566407442093
492,vit_lejepa,vit_tiny_cifar,token_gradient,predicted,blocks.2,8,8,8,0.5410604476928711,0.1034092977643013,0.3222348727285862
493,vit_lejepa,vit_tiny_cifar,token_gradient,predicted,blocks.2,1,1,1,0.6097034811973572,0.4692941904067993,0.5394988358020782
494,vit_lejepa,vit_tiny_cifar,token_gradient,predicted,blocks.2,1,0,0,0.13641326129436493,0.12387718260288239,0.13014522194862366
495,vit_lejepa,vit_tiny_cifar,token_gradient,predicted,blocks.2,8,8,8,0.26624736189842224,0.26452913880348206,0.26538825035095215
496,vit_lejepa,vit_tiny_cifar,token_gradient,predicted,blocks.2,0,7,7,-0.0017885215347632766,0.47600796818733215,0.23710972332628444
497,vit_lejepa,vit_tiny_cifar,token_gradient,predicted,blocks.2,2,2,2,0.4736761450767517,0.2616133689880371,0.3676447570323944
498,vit_lejepa,vit_tiny_cifar,token_gradient,predicted,blocks.2,2,4,4,0.5033431649208069,0.22255052626132965,0.36294684559106827
499,vit_lejepa,vit_tiny_cifar,token_gradient,predicted,blocks.2,0,0,0,0.46976980566978455,0.28234508633613586,0.3760574460029602
500,vit_lejepa,vit_tiny_cifar,token_gradient,predicted,blocks.2,4,6,6,-0.13807272911071777,0.3461308777332306,0.10402907431125641
501,vit_lejepa,vit_tiny_cifar,token_gradient,predicted,blocks.2,6,6,6,0.6185711026191711,0.6499441266059875,0.6342576146125793
502,vit_lejepa,vit_tiny_cifar,token_gradient,predicted,blocks.2,5,2,2,0.6772973537445068,0.6251645088195801,0.6512309312820435
503,vit_lejepa,vit_tiny_cifar,token_gradient,predicted,blocks.2,4,6,6,0.32302162051200867,0.496803879737854,0.40991275012493134
504,vit_lejepa,vit_tiny_cifar,token_gradient,predicted,blocks.2,9,9,9,0.25298723578453064,0.34296274185180664,0.29797498881816864
505,vit_lejepa,vit_tiny_cifar,token_gradient,predicted,blocks.2,4,5,5,0.5101427435874939,0.1603544056415558,0.33524857461452484
506,vit_lejepa,vit_tiny_cifar,token_gradient,predicted,blocks.2,7,3,3,0.2652539312839508,0.3346289396286011,0.29994143545627594
507,vit_lejepa,vit_tiny_cifar,token_gradient,predicted,blocks.2,9,1,1,-0.40460723638534546,0.32778382301330566,-0.0384117066860199
508,vit_lejepa,vit_tiny_cifar,token_gradient,predicted,blocks.2,9,0,0,0.5190165638923645,0.16847799718379974,0.3437472805380821
509,vit_lejepa,vit_tiny_cifar,token_gradient,predicted,blocks.2,4,4,4,0.6956643462181091,0.5237913727760315,0.6097278594970703
510,vit_lejepa,vit_tiny_cifar,token_gradient,predicted,blocks.2,5,8,8,0.10651227086782455,0.3361094295978546,0.22131085023283958
511,vit_lejepa,vit_tiny_cifar,token_gradient,predicted,blocks.2,6,6,6,-0.1379234790802002,0.4035746157169342,0.132825568318367
0,vit_lejepa,vit_tiny_cifar,token_gradient,predicted,blocks.3,3,5,5,0.13400131464004517,0.2892208695411682,0.2116110920906067
1,vit_lejepa,vit_tiny_cifar,token_gradient,predicted,blocks.3,8,8,8,0.34894052147865295,0.15915542840957642,0.2540479749441147
2,vit_lejepa,vit_tiny_cifar,token_gradient,predicted,blocks.3,8,8,8,0.3742336630821228,0.40203356742858887,0.38813361525535583
3,vit_lejepa,vit_tiny_cifar,token_gradient,predicted,blocks.3,0,8,8,0.7681658864021301,0.15050862729549408,0.4593372568488121
4,vit_lejepa,vit_tiny_cifar,token_gradient,predicted,blocks.3,6,4,4,0.056948985904455185,0.2586861252784729,0.15781755559146404
5,vit_lejepa,vit_tiny_cifar,token_gradient,predicted,blocks.3,6,6,6,0.3417105972766876,0.40978875756263733,0.3757496774196625
6,vit_lejepa,vit_tiny_cifar,token_gradient,predicted,blocks.3,1,1,1,0.05643229931592941,0.2740854024887085,0.16525885090231895
7,vit_lejepa,vit_tiny_cifar,token_gradient,predicted,blocks.3,6,4,4,0.6827458739280701,0.6125097274780273,0.6476278007030487
8,vit_lejepa,vit_tiny_cifar,token_gradient,predicted,blocks.3,3,2,2,0.5322408080101013,0.1035560891032219,0.3178984485566616
9,vit_lejepa,vit_tiny_cifar,token_gradient,predicted,blocks.3,1,1,1,0.24068255722522736,0.19555339217185974,0.21811797469854355
10,vit_lejepa,vit_tiny_cifar,token_gradient,predicted,blocks.3,0,0,0,-0.2721777856349945,0.4758923351764679,0.1018572747707367
11,vit_lejepa,vit_tiny_cifar,token_gradient,predicted,blocks.3,9,7,7,0.27287259697914124,0.19937703013420105,0.23612481355667114
12,vit_lejepa,vit_tiny_cifar,token_gradient,predicted,blocks.3,5,5,5,0.2115330994129181,0.31004858016967773,0.2607908397912979
13,vit_lejepa,vit_tiny_cifar,token_gradient,predicted,blocks.3,7,3,3,0.629247784614563,0.21573056280612946,0.4224891737103462
14,vit_lejepa,vit_tiny_cifar,token_gradient,predicted,blocks.3,9,1,1,-0.3915145993232727,0.325175017118454,-0.03316979110240936
15,vit_lejepa,vit_tiny_cifar,token_gradient,predicted,blocks.3,8,6,6,0.11684541404247284,0.08104795217514038,0.09894668310880661
16,vit_lejepa,vit_tiny_cifar,token_gradient,predicted,blocks.3,5,5,5,0.4268870949745178,0.5073717832565308,0.4671294391155243
17,vit_lejepa,vit_tiny_cifar,token_gradient,predicted,blocks.3,7,5,5,0.283696711063385,0.33241647481918335,0.3080565929412842
18,vit_lejepa,vit_tiny_cifar,token_gradient,predicted,blocks.3,8,8,8,-0.20064938068389893,0.3323984146118164,0.06587451696395874
19,vit_lejepa,vit_tiny_cifar,token_gradient,predicted,blocks.3,6,4,4,-0.3643191158771515,0.3403588831424713,-0.011980116367340088
20,vit_lejepa,vit_tiny_cifar,token_gradient,predicted,blocks.3,7,7,7,0.4133623540401459,0.3960937261581421,0.404728040099144
21,vit_lejepa,vit_tiny_cifar,token_gradient,predicted,blocks.3,0,0,0,0.896813154220581,0.32410258054733276,0.6104578673839569
22,vit_lejepa,vit_tiny_cifar,token_gradient,predicted,blocks.3,4,8,8,0.2223781943321228,0.5616047382354736,0.3919914662837982
23,vit_lejepa,vit_tiny_cifar,token_gradient,predicted,blocks.3,9,1,1,-0.3701099157333374,0.27015629410743713,-0.049976810812950134
24,vit_lejepa,vit_tiny_cifar,token_gradient,predicted,blocks.3,5,6,6,-0.2159176915884018,0.04745269939303398,-0.0842324960976839
25,vit_lejepa,vit_tiny_cifar,token_gradient,predicted,blocks.3,2,7,7,-0.09307526797056198,0.23986263573169708,0.07339368388056755
26,vit_lejepa,vit_tiny_cifar,token_gradient,predicted,blocks.3,4,3,3,0.09864303469657898,0.3528062403202057,0.22572463750839233
27,vit_lejepa,vit_tiny_cifar,token_gradient,predicted,blocks.3,0,2,2,0.15067799389362335,0.10136476159095764,0.1260213777422905
28,vit_lejepa,vit_tiny_cifar,token_gradient,predicted,blocks.3,9,1,1,0.2500104308128357,0.22050856053829193,0.2352594956755638
29,vit_lejepa,vit_tiny_cifar,token_gradient,predicted,blocks.3,6,4,4,0.030894948169589043,0.2896963953971863,0.16029567178338766
30,vit_lejepa,vit_tiny_cifar,token_gradient,predicted,blocks.3,6,6,6,0.1836145669221878,0.4270213544368744,0.3053179606795311
31,vit_lejepa,vit_tiny_cifar,token_gradient,predicted,blocks.3,5,2,2,0.12830008566379547,0.1472032517194748,0.13775166869163513
32,vit_lejepa,vit_tiny_cifar,token_gradient,predicted,blocks.3,4,6,6,-0.19401875138282776,0.29626014828681946,0.05112069845199585
33,vit_lejepa,vit_tiny_cifar,token_gradient,predicted,blocks.3,5,5,5,0.7112476229667664,0.20279009640216827,0.4570188596844673
34,vit_lejepa,vit_tiny_cifar,token_gradient,predicted,blocks.3,9,0,0,0.5557006597518921,0.530051589012146,0.542876124382019
35,vit_lejepa,vit_tiny_cifar,token_gradient,predicted,blocks.3,2,5,5,0.7094519734382629,0.30793461203575134,0.5086932927370071
36,vit_lejepa,vit_tiny_cifar,token_gradient,predicted,blocks.3,4,4,4,0.26941758394241333,0.225760355591774,0.24758896976709366
37,vit_lejepa,vit_tiny_cifar,token_gradient,predicted,blocks.3,1,0,0,-0.26688969135284424,0.24461422860622406,-0.011137731373310089
38,vit_lejepa,vit_tiny_cifar,token_gradient,predicted,blocks.3,9,9,9,0.31063416600227356,0.19087843596935272,0.25075630098581314
39,vit_lejepa,vit_tiny_cifar,token_gradient,predicted,blocks.3,5,8,8,0.5344516038894653,0.38613373041152954,0.46029266715049744
40,vit_lejepa,vit_tiny_cifar,token_gradient,predicted,blocks.3,4,9,9,0.3998281955718994,0.13596804440021515,0.2678981199860573
41,vit_lejepa,vit_tiny_cifar,token_gradient,predicted,blocks.3,6,6,6,-0.2906089425086975,0.44004446268081665,0.07471776008605957
42,vit_lejepa,vit_tiny_cifar,token_gradient,predicted,blocks.3,5,9,9,0.11821378022432327,0.3289222717285156,0.22356802597641945
43,vit_lejepa,vit_tiny_cifar,token_gradient,predicted,blocks.3,6,6,6,0.6741050481796265,0.3428536057472229,0.5084793269634247
44,vit_lejepa,vit_tiny_cifar,token_gradient,predicted,blocks.3,0,9,9,-0.3425697982311249,0.10624489188194275,-0.11816245317459106
45,vit_lejepa,vit_tiny_cifar,token_gradient,predicted,blocks.3,9,2,2,0.4086587131023407,0.1921772062778473,0.300417959690094
46,vit_lejepa,vit_tiny_cifar,token_gradient,predicted,blocks.3,3,3,3,0.5693172812461853,0.33011361956596375,0.4497154504060745
47,vit_lejepa,vit_tiny_cifar,token_gradient,predicted,blocks.3,9,4,4,0.34903839230537415,0.1646609604358673,0.2568496763706207
48,vit_lejepa,vit_tiny_cifar,token_gradient,predicted,blocks.3,7,4,4,-0.03513533994555473,0.07527674734592438,0.020070703700184822
49,vit_lejepa,vit_tiny_cifar,token_gradient,predicted,blocks.3,6,4,4,0.6896137595176697,0.24496868252754211,0.4672912210226059
50,vit_lejepa,vit_tiny_cifar,token_gradient,predicted,blocks.3,9,9,9,0.6241225600242615,0.37391340732574463,0.49901798367500305
51,vit_lejepa,vit_tiny_cifar,token_gradient,predicted,blocks.3,8,0,0,0.38432347774505615,0.28974032402038574,0.33703190088272095
52,vit_lejepa,vit_tiny_cifar,token_gradient,predicted,blocks.3,0,6,6,-0.3245624005794525,0.4090881049633026,0.04226285219192505
53,vit_lejepa,vit_tiny_cifar,token_gradient,predicted,blocks.3,3,3,3,0.40401792526245117,0.34077146649360657,0.37239469587802887
54,vit_lejepa,vit_tiny_cifar,token_gradient,predicted,blocks.3,8,8,8,0.32715699076652527,0.5968209505081177,0.46198897063732147
55,vit_lejepa,vit_tiny_cifar,token_gradient,predicted,blocks.3,8,8,8,0.1877654492855072,0.13672852516174316,0.16224698722362518
56,vit_lejepa,vit_tiny_cifar,token_gradient,predicted,blocks.3,7,5,5,-0.10463176667690277,0.1466730386018753,0.021020635962486267
57,vit_lejepa,vit_tiny_cifar,token_gradient,predicted,blocks.3,7,3,3,0.15806156396865845,0.3262276351451874,0.2421445995569229
58,vit_lejepa,vit_tiny_cifar,token_gradient,predicted,blocks.3,4,8,8,0.5154962539672852,0.18501748144626617,0.35025686770677567
59,vit_lejepa,vit_tiny_cifar,token_gradient,predicted,blocks.3,6,6,6,0.4027274549007416,0.1603744477033615,0.28155095130205154
60,vit_lejepa,vit_tiny_cifar,token_gradient,predicted,blocks.3,7,4,4,0.5127136707305908,0.1540205180644989,0.33336709439754486
61,vit_lejepa,vit_tiny_cifar,token_gradient,predicted,blocks.3,3,6,6,-0.21054470539093018,0.24259303510189056,0.016024164855480194
62,vit_lejepa,vit_tiny_cifar,token_gradient,predicted,blocks.3,6,6,6,-0.2894580364227295,0.4114997982978821,0.061020880937576294
63,vit_lejepa,vit_tiny_cifar,token_gradient,predicted,blocks.3,3,7,7,0.18843042850494385,0.3443422019481659,0.26638631522655487
64,vit_lejepa,vit_tiny_cifar,token_gradient,predicted,blocks.3,6,6,6,0.2432204633951187,0.15947510302066803,0.20134778320789337
65,vit_lejepa,vit_tiny_cifar,token_gradient,predicted,blocks.3,2,2,2,0.08778578788042068,0.31786540150642395,0.20282559469342232
66,vit_lejepa,vit_tiny_cifar,token_gradient,predicted,blocks.3,1,8,8,0.1909228414297104,0.26040372252464294,0.22566328197717667
67,vit_lejepa,vit_tiny_cifar,token_gradient,predicted,blocks.3,2,0,0,0.12290199100971222,0.10876595973968506,0.11583397537469864
68,vit_lejepa,vit_tiny_cifar,token_gradient,predicted,blocks.3,3,5,5,0.5959376096725464,0.5168102979660034,0.5563739538192749
69,vit_lejepa,vit_tiny_cifar,token_gradient,predicted,blocks.3,7,0,0,0.25838950276374817,0.5377234816551208,0.3980564922094345
70,vit_lejepa,vit_tiny_cifar,token_gradient,predicted,blocks.3,2,6,6,0.6162546277046204,0.16923148930072784,0.3927430585026741
71,vit_lejepa,vit_tiny_cifar,token_gradient,predicted,blocks.3,6,4,4,-0.12874159216880798,0.30068618059158325,0.08597229421138763
72,vit_lejepa,vit_tiny_cifar,token_gradient,predicted,blocks.3,8,8,8,0.6358097195625305,0.2060495913028717,0.4209296554327011
73,vit_lejepa,vit_tiny_cifar,token_gradient,predicted,blocks.3,8,8,8,0.43574661016464233,0.06285253912210464,0.2492995746433735
74,vit_lejepa,vit_tiny_cifar,token_gradient,predicted,blocks.3,0,6,6,-0.13037551939487457,0.2244861125946045,0.04705529659986496
75,vit_lejepa,vit_tiny_cifar,token_gradient,predicted,blocks.3,2,4,4,0.04406538978219032,0.46313244104385376,0.25359891541302204
76,vit_lejepa,vit_tiny_cifar,token_gradient,predicted,blocks.3,9,9,9,-0.15217436850070953,0.13593068718910217,-0.00812184065580368
77,vit_lejepa,vit_tiny_cifar,token_gradient,predicted,blocks.3,3,3,3,-0.06995652616024017,0.30633029341697693,0.11818688362836838
78,vit_lejepa,vit_tiny_cifar,token_gradient,predicted,blocks.3,3,5,5,-0.016161395236849785,0.4657440781593323,0.22479134146124125
79,vit_lejepa,vit_tiny_cifar,token_gradient,predicted,blocks.3,8,0,0,0.6226373910903931,0.4523572325706482,0.5374973118305206
80,vit_lejepa,vit_tiny_cifar,token_gradient,predicted,blocks.3,8,8,8,0.2765846848487854,0.2344059944152832,0.2554953396320343
81,vit_lejepa,vit_tiny_cifar,token_gradient,predicted,blocks.3,1,3,3,0.15986083447933197,0.18596918880939484,0.1729150116443634
82,vit_lejepa,vit_tiny_cifar,token_gradient,predicted,blocks.3,1,1,1,-0.1666327565908432,0.13235992193222046,-0.01713641732931137
83,vit_lejepa,vit_tiny_cifar,token_gradient,predicted,blocks.3,7,5,5,0.5654175281524658,0.11861903965473175,0.3420182839035988
84,vit_lejepa,vit_tiny_cifar,token_gradient,predicted,blocks.3,2,3,3,0.668594241142273,0.21298950910568237,0.44079187512397766
85,vit_lejepa,vit_tiny_cifar,token_gradient,predicted,blocks.3,5,4,4,-0.13513483107089996,0.3319070041179657,0.09838608652353287
86,vit_lejepa,vit_tiny_cifar,token_gradient,predicted,blocks.3,2,9,9,0.10569937527179718,0.22609515488147736,0.16589726507663727
87,vit_lejepa,vit_tiny_cifar,token_gradient,predicted,blocks.3,7,0,0,0.5857692360877991,0.18735267221927643,0.38656095415353775
88,vit_lejepa,vit_tiny_cifar,token_gradient,predicted,blocks.3,8,9,9,0.34546834230422974,0.24980947375297546,0.2976389080286026
89,vit_lejepa,vit_tiny_cifar,token_gradient,predicted,blocks.3,9,9,9,0.5667307376861572,0.1904565691947937,0.37859365344047546
90,vit_lejepa,vit_tiny_cifar,token_gradient,predicted,blocks.3,0,0,0,0.4884646534919739,0.38358256220817566,0.43602360785007477
91,vit_lejepa,vit_tiny_cifar,token_gradient,predicted,blocks.3,3,6,6,0.48956283926963806,0.522187352180481,0.5058750957250595
92,vit_lejepa,vit_tiny_cifar,token_gradient,predicted,blocks.3,8,8,8,-0.23430809378623962,0.4511632025241852,0.10842755436897278
93,vit_lejepa,vit_tiny_cifar,token_gradient,predicted,blocks.3,6,6,6,0.28009214997291565,0.2555917799472809,0.26784196496009827
94,vit_lejepa,vit_tiny_cifar,token_gradient,predicted,blocks.3,4,4,4,-0.01853436790406704,0.43649548292160034,0.20898055750876665
95,vit_lejepa,vit_tiny_cifar,token_gradient,predicted,blocks.3,6,3,3,0.23048782348632812,0.47222304344177246,0.3513554334640503
96,vit_lejepa,vit_tiny_cifar,token_gradient,predicted,blocks.3,6,6,6,0.4431215226650238,0.14406102895736694,0.2935912758111954
97,vit_lejepa,vit_tiny_cifar,token_gradient,predicted,blocks.3,0,0,0,0.8469908237457275,0.28132164478302,0.5641562342643738
98,vit_lejepa,vit_tiny_cifar,token_gradient,predicted,blocks.3,0,0,0,0.6492087841033936,0.1792338490486145,0.41422131657600403
99,vit_lejepa,vit_tiny_cifar,token_gradient,predicted,blocks.3,7,7,7,0.44265514612197876,0.17918699979782104,0.3109210729598999
100,vit_lejepa,vit_tiny_cifar,token_gradient,predicted,blocks.3,4,4,4,0.7792283296585083,0.23857100307941437,0.5088996663689613
101,vit_lejepa,vit_tiny_cifar,token_gradient,predicted,blocks.3,5,5,5,0.09796635061502457,0.2811034917831421,0.18953492119908333
102,vit_lejepa,vit_tiny_cifar,token_gradient,predicted,blocks.3,6,3,3,0.8214879035949707,0.2612459063529968,0.5413669049739838
103,vit_lejepa,vit_tiny_cifar,token_gradient,predicted,blocks.3,3,5,5,0.5137829780578613,0.3252089023590088,0.41949594020843506
104,vit_lejepa,vit_tiny_cifar,token_gradient,predicted,blocks.3,1,1,1,-0.15230737626552582,0.19363152980804443,0.020662076771259308
105,vit_lejepa,vit_tiny_cifar,token_gradient,predicted,blocks.3,1,8,8,0.6848686933517456,0.24319584667682648,0.46403227001428604
106,vit_lejepa,vit_tiny_cifar,token_gradient,predicted,blocks.3,3,8,8,0.3815223276615143,0.28874140977859497,0.3351318687200546
107,vit_lejepa,vit_tiny_cifar,token_gradient,predicted,blocks.3,6,6,6,0.08403433114290237,0.37047871947288513,0.22725652530789375
108,vit_lejepa,vit_tiny_cifar,token_gradient,predicted,blocks.3,8,9,9,0.6204106211662292,0.2580164074897766,0.43921351432800293
109,vit_lejepa,vit_tiny_cifar,token_gradient,predicted,blocks.3,7,5,5,0.14200131595134735,0.254456102848053,0.19822870939970016
110,vit_lejepa,vit_tiny_cifar,token_gradient,predicted,blocks.3,4,3,3,-0.2650418281555176,0.3529249429702759,0.04394155740737915
111,vit_lejepa,vit_tiny_cifar,token_gradient,predicted,blocks.3,0,8,8,0.22293514013290405,0.20625245571136475,0.2145937979221344
112,vit_lejepa,vit_tiny_cifar,token_gradient,predicted,blocks.3,6,4,4,-0.3865872025489807,0.44844838976860046,0.030930593609809875
113,vit_lejepa,vit_tiny_cifar,token_gradient,predicted,blocks.3,2,2,2,0.09472690522670746,0.06855937838554382,0.08164314180612564
114,vit_lejepa,vit_tiny_cifar,token_gradient,predicted,blocks.3,1,7,7,0.04394370689988136,0.31851279735565186,0.1812282521277666
115,vit_lejepa,vit_tiny_cifar,token_gradient,predicted,blocks.3,3,4,4,0.6624169945716858,0.28325513005256653,0.47283606231212616
116,vit_lejepa,vit_tiny_cifar,token_gradient,predicted,blocks.3,0,0,0,0.645993709564209,0.15822307765483856,0.4021083936095238
117,vit_lejepa,vit_tiny_cifar,token_gradient,predicted,blocks.3,4,9,9,-0.2854328751564026,0.4585764408111572,0.08657178282737732
118,vit_lejepa,vit_tiny_cifar,token_gradient,predicted,blocks.3,2,3,3,-0.21930989623069763,0.41337549686431885,0.09703280031681061
119,vit_lejepa,vit_tiny_cifar,token_gradient,predicted,blocks.3,7,7,7,0.2666568458080292,0.4441145360469818,0.3553856909275055
120,vit_lejepa,vit_tiny_cifar,token_gradient,predicted,blocks.3,8,8,8,0.4604456424713135,0.23474058508872986,0.34759311378002167
121,vit_lejepa,vit_tiny_cifar,token_gradient,predicted,blocks.3,3,3,3,-0.2784843444824219,0.15464845299720764,-0.06191794574260712
122,vit_lejepa,vit_tiny_cifar,token_gradient,predicted,blocks.3,1,9,9,-0.21731676161289215,0.38172557950019836,0.0822044089436531
123,vit_lejepa,vit_tiny_cifar,token_gradient,predicted,blocks.3,2,2,2,0.49294817447662354,0.18844939768314362,0.3406987860798836
124,vit_lejepa,vit_tiny_cifar,token_gradient,predicted,blocks.3,8,9,9,0.48510506749153137,0.14452891051769257,0.31481698900461197
125,vit_lejepa,vit_tiny_cifar,token_gradient,predicted,blocks.3,0,8,8,-0.21025709807872772,0.24653097987174988,0.018136940896511078
126,vit_lejepa,vit_tiny_cifar,token_gradient,predicted,blocks.3,8,8,8,0.15536245703697205,0.06390529870986938,0.10963387787342072
127,vit_lejepa,vit_tiny_cifar,token_gradient,predicted,blocks.3,3,3,3,0.460244357585907,0.2612025737762451,0.36072346568107605
128,vit_lejepa,vit_tiny_cifar,token_gradient,predicted,blocks.3,5,8,8,0.5895975828170776,0.3250178098678589,0.45730769634246826
129,vit_lejepa,vit_tiny_cifar,token_gradient,predicted,blocks.3,2,0,0,0.3975399434566498,0.13443350791931152,0.26598672568798065
130,vit_lejepa,vit_tiny_cifar,token_gradient,predicted,blocks.3,4,6,6,0.08208522945642471,0.1155381053686142,0.09881166741251945
131,vit_lejepa,vit_tiny_cifar,token_gradient,predicted,blocks.3,1,8,8,0.5531977415084839,0.26357221603393555,0.4083849787712097
132,vit_lejepa,vit_tiny_cifar,token_gradient,predicted,blocks.3,8,8,8,0.08793168514966965,0.2745058536529541,0.18121876940131187
133,vit_lejepa,vit_tiny_cifar,token_gradient,predicted,blocks.3,9,9,9,-0.22056351602077484,0.30962464213371277,0.044530563056468964
134,vit_lejepa,vit_tiny_cifar,token_gradient,predicted,blocks.3,1,8,8,0.23957687616348267,0.18573471903800964,0.21265579760074615
135,vit_lejepa,vit_tiny_cifar,token_gradient,predicted,blocks.3,2,3,3,0.5488670468330383,0.19786229729652405,0.3733646720647812
136,vit_lejepa,vit_tiny_cifar,token_gradient,predicted,blocks.3,9,9,9,-0.09153889119625092,0.39514437317848206,0.15180274099111557
137,vit_lejepa,vit_tiny_cifar,token_gradient,predicted,blocks.3,7,3,3,-0.015747832134366035,0.22166337072849274,0.10295776929706335
138,vit_lejepa,vit_tiny_cifar,token_gradient,predicted,blocks.3,2,2,2,-0.02831217460334301,0.39498722553253174,0.18333752546459436
139,vit_lejepa,vit_tiny_cifar,token_gradient,predicted,blocks.3,9,8,8,0.674065113067627,0.2218739539384842,0.4479695335030556
140,vit_lejepa,vit_tiny_cifar,token_gradient,predicted,blocks.3,6,4,4,0.13473577797412872,0.33040282130241394,0.23256929963827133
141,vit_lejepa,vit_tiny_cifar,token_gradient,predicted,blocks.3,5,5,5,0.01580634154379368,0.18953242897987366,0.10266938526183367
142,vit_lejepa,vit_tiny_cifar,token_gradient,predicted,blocks.3,6,3,3,0.48937416076660156,0.33396854996681213,0.41167135536670685
143,vit_lejepa,vit_tiny_cifar,token_gradient,predicted,blocks.3,3,5,5,0.5564879179000854,0.23805740475654602,0.39727266132831573
144,vit_lejepa,vit_tiny_cifar,token_gradient,predicted,blocks.3,8,8,8,0.018626000732183456,0.4365313649177551,0.2275786828249693
145,vit_lejepa,vit_tiny_cifar,token_gradient,predicted,blocks.3,7,2,2,0.3230173885822296,0.2176665961742401,0.27034199237823486
146,vit_lejepa,vit_tiny_cifar,token_gradient,predicted,blocks.3,6,6,6,0.11152563244104385,0.24550507962703705,0.17851535603404045
147,vit_lejepa,vit_tiny_cifar,token_gradient,predicted,blocks.3,2,5,5,-0.18471135199069977,0.37531691789627075,0.09530278295278549
148,vit_lejepa,vit_tiny_cifar,token_gradient,predicted,blocks.3,5,3,3,0.3306082785129547,0.3875330686569214,0.35907067358493805
149,vit_lejepa,vit_tiny_cifar,token_gradient,predicted,blocks.3,2,3,3,0.15384675562381744,0.34963032603263855,0.251738540828228
150,vit_lejepa,vit_tiny_cifar,token_gradient,predicted,blocks.3,8,1,1,0.031904641538858414,0.14977741241455078,0.0908410269767046
151,vit_lejepa,vit_tiny_cifar,token_gradient,predicted,blocks.3,9,1,1,-0.013289758935570717,0.5217028856277466,0.25420656334608793
152,vit_lejepa,vit_tiny_cifar,token_gradient,predicted,blocks.3,6,1,1,-0.029195794835686684,0.227589413523674,0.09919680934399366
153,vit_lejepa,vit_tiny_cifar,token_gradient,predicted,blocks.3,0,0,0,0.47934073209762573,0.13441871106624603,0.3068797215819359
154,vit_lejepa,vit_tiny_cifar,token_gradient,predicted,blocks.3,0,0,0,0.6082098484039307,0.3620487153530121,0.4851292818784714
155,vit_lejepa,vit_tiny_cifar,token_gradient,predicted,blocks.3,5,2,2,0.12880440056324005,0.484950453042984,0.30687742680311203
156,vit_lejepa,vit_tiny_cifar,token_gradient,predicted,blocks.3,2,5,5,0.30502039194107056,0.15235655009746552,0.22868847101926804
157,vit_lejepa,vit_tiny_cifar,token_gradient,predicted,blocks.3,9,8,8,0.403780996799469,0.16040261089801788,0.28209180384874344
158,vit_lejepa,vit_tiny_cifar,token_gradient,predicted,blocks.3,5,3,3,0.03833027556538582,0.2967195510864258,0.1675249133259058
159,vit_lejepa,vit_tiny_cifar,token_gradient,predicted,blocks.3,4,4,4,0.4155708849430084,0.11671873182058334,0.2661448083817959
160,vit_lejepa,vit_tiny_cifar,token_gradient,predicted,blocks.3,2,0,0,0.7742670178413391,0.3135765790939331,0.5439217984676361
161,vit_lejepa,vit_tiny_cifar,token_gradient,predicted,blocks.3,1,1,1,0.4926188290119171,0.2961594760417938,0.39438915252685547
162,vit_lejepa,vit_tiny_cifar,token_gradient,predicted,blocks.3,6,3,3,0.37942472100257874,0.3875932991504669,0.3835090100765228
163,vit_lejepa,vit_tiny_cifar,token_gradient,predicted,blocks.3,6,6,6,-0.03921258822083473,0.3174874782562256,0.13913744501769543
164,vit_lejepa,vit_tiny_cifar,token_gradient,predicted,blocks.3,8,0,0,0.5497700572013855,0.4739803373813629,0.5118751972913742
165,vit_lejepa,vit_tiny_cifar,token_gradient,predicted,blocks.3,4,9,9,-0.28400346636772156,0.084169901907444,-0.09991678223013878
166,vit_lejepa,vit_tiny_cifar,token_gradient,predicted,blocks.3,8,8,8,0.5843883156776428,0.309324711561203,0.4468565136194229
167,vit_lejepa,vit_tiny_cifar,token_gradient,predicted,blocks.3,4,2,2,0.5975098013877869,0.25792184472084045,0.42771582305431366
168,vit_lejepa,vit_tiny_cifar,token_gradient,predicted,blocks.3,5,7,7,-0.05293205752968788,0.22104762494564056,0.08405778370797634
169,vit_lejepa,vit_tiny_cifar,token_gradient,predicted,blocks.3,0,0,0,0.8518410921096802,0.5682024955749512,0.7100217938423157
170,vit_lejepa,vit_tiny_cifar,token_gradient,predicted,blocks.3,9,9,9,0.277733713388443,0.06644417345523834,0.17208894342184067
171,vit_lejepa,vit_tiny_cifar,token_gradient,predicted,blocks.3,9,6,6,-0.0059713562950491905,0.1399991363286972,0.06701389001682401
172,vit_lejepa,vit_tiny_cifar,token_gradient,predicted,blocks.3,9,4,4,0.613639771938324,0.40944474935531616,0.5115422606468201
173,vit_lejepa,vit_tiny_cifar,token_gradient,predicted,blocks.3,8,8,8,-0.1297835409641266,0.3939737379550934,0.1320950984954834
174,vit_lejepa,vit_tiny_cifar,token_gradient,predicted,blocks.3,9,9,9,0.010786734521389008,0.15613406896591187,0.08346040174365044
175,vit_lejepa,vit_tiny_cifar,token_gradient,predicted,blocks.3,9,1,1,0.5808728933334351,0.34617775678634644,0.46352532505989075
176,vit_lejepa,vit_tiny_cifar,token_gradient,predicted,blocks.3,3,4,4,-0.46828916668891907,0.20903103053569794,-0.12962906807661057
177,vit_lejepa,vit_tiny_cifar,token_gradient,predicted,blocks.3,7,6,6,0.5180789232254028,0.14877046644687653,0.3334246948361397
178,vit_lejepa,vit_tiny_cifar,token_gradient,predicted,blocks.3,5,3,3,0.487108439207077,0.24109719693660736,0.3641028180718422
179,vit_lejepa,vit_tiny_cifar,token_gradient,predicted,blocks.3,0,8,8,0.021783679723739624,0.22128555178642273,0.12153461575508118
180,vit_lejepa,vit_tiny_cifar,token_gradient,predicted,blocks.3,0,0,0,0.4168449640274048,0.5130813717842102,0.4649631679058075
181,vit_lejepa,vit_tiny_cifar,token_gradient,predicted,blocks.3,5,6,6,0.23880864679813385,0.13962770998477936,0.1892181783914566
182,vit_lejepa,vit_tiny_cifar,token_gradient,predicted,blocks.3,2,2,2,0.3559194505214691,0.12154201418161392,0.23873073235154152
183,vit_lejepa,vit_tiny_cifar,token_gradient,predicted,blocks.3,2,2,2,0.2642659842967987,0.27580368518829346,0.2700348347425461
184,vit_lejepa,vit_tiny_cifar,token_gradient,predicted,blocks.3,3,4,4,0.6208564639091492,0.12363765388727188,0.3722470588982105
185,vit_lejepa,vit_tiny_cifar,token_gradient,predicted,blocks.3,8,8,8,0.02268684096634388,0.10525892674922943,0.06397288385778666
186,vit_lejepa,vit_tiny_cifar,token_gradient,predicted,blocks.3,6,6,6,-0.4657383859157562,0.4201013445854187,-0.022818520665168762
187,vit_lejepa,vit_tiny_cifar,token_gradient,predicted,blocks.3,3,5,5,0.11065831780433655,0.22074954211711884,0.1657039299607277
188,vit_lejepa,vit_tiny_cifar,token_gradient,predicted,blocks.3,4,6,6,0.41205182671546936,0.3338509500026703,0.3729513883590698
189,vit_lejepa,vit_tiny_cifar,token_gradient,predicted,blocks.3,0,0,0,-0.42832252383232117,0.2648952901363373,-0.08171361684799194
190,vit_lejepa,vit_tiny_cifar,token_gradient,predicted,blocks.3,5,6,6,0.3410283327102661,0.128294438123703,0.23466138541698456
191,vit_lejepa,vit_tiny_cifar,token_gradient,predicted,blocks.3,8,3,3,0.6042120456695557,0.10145774483680725,0.35283489525318146
192,vit_lejepa,vit_tiny_cifar,token_gradient,predicted,blocks.3,0,6,6,0.2317342907190323,0.12478230893611908,0.17825829982757568
193,vit_lejepa,vit_tiny_cifar,token_gradient,predicted,blocks.3,1,1,1,0.4888955354690552,0.35711970925331116,0.42300762236118317
194,vit_lejepa,vit_tiny_cifar,token_gradient,predicted,blocks.3,7,6,6,0.031194163486361504,0.11007499694824219,0.07063458021730185
195,vit_lejepa,vit_tiny_cifar,token_gradient,predicted,blocks.3,2,2,2,0.030480653047561646,0.4678783118724823,0.24917948246002197
196,vit_lejepa,vit_tiny_cifar,token_gradient,predicted,blocks.3,8,1,1,0.04746956005692482,0.10646665096282959,0.0769681055098772
197,vit_lejepa,vit_tiny_cifar,token_gradient,predicted,blocks.3,8,2,2,0.7289672493934631,0.2647894024848938,0.49687832593917847
198,vit_lejepa,vit_tiny_cifar,token_gradient,predicted,blocks.3,7,3,3,-0.11112458258867264,0.2765418291091919,0.08270862326025963
199,vit_lejepa,vit_tiny_cifar,token_gradient,predicted,blocks.3,8,0,0,0.2996838092803955,0.08699042350053787,0.1933371163904667
200,vit_lejepa,vit_tiny_cifar,token_gradient,predicted,blocks.3,5,3,3,0.04469940811395645,0.48855695128440857,0.2666281796991825
201,vit_lejepa,vit_tiny_cifar,token_gradient,predicted,blocks.3,1,0,0,0.7850337624549866,0.6056835055351257,0.6953586339950562
202,vit_lejepa,vit_tiny_cifar,token_gradient,predicted,blocks.3,8,8,8,0.6661416292190552,0.3566409945487976,0.5113913118839264
203,vit_lejepa,vit_tiny_cifar,token_gradient,predicted,blocks.3,7,9,9,-0.3112846314907074,0.3313503563404083,0.010032862424850464
204,vit_lejepa,vit_tiny_cifar,token_gradient,predicted,blocks.3,1,1,1,0.313180536031723,0.26357218623161316,0.2883763611316681
205,vit_lejepa,vit_tiny_cifar,token_gradient,predicted,blocks.3,3,3,3,0.4175187945365906,0.19599398970603943,0.306756392121315
206,vit_lejepa,vit_tiny_cifar,token_gradient,predicted,blocks.3,0,1,1,0.5428343415260315,0.35256099700927734,0.4476976692676544
207,vit_lejepa,vit_tiny_cifar,token_gradient,predicted,blocks.3,5,2,2,-0.2650454342365265,0.39097291231155396,0.06296373903751373
208,vit_lejepa,vit_tiny_cifar,token_gradient,predicted,blocks.3,7,4,4,0.5112360715866089,0.17315693199634552,0.3421965017914772
209,vit_lejepa,vit_tiny_cifar,token_gradient,predicted,blocks.3,9,8,8,0.715538501739502,0.30869993567466736,0.5121192187070847
210,vit_lejepa,vit_tiny_cifar,token_gradient,predicted,blocks.3,7,3,3,-0.02712475322186947,0.06677351891994476,0.019824382849037647
211,vit_lejepa,vit_tiny_cifar,token_gradient,predicted,blocks.3,4,0,0,-0.1707744598388672,0.37485313415527344,0.10203933715820312
212,vit_lejepa,vit_tiny_cifar,token_gradient,predicted,blocks.3,5,0,0,0.6456069946289062,0.11647327244281769,0.38104013353586197
213,vit_lejepa,vit_tiny_cifar,token_gradient,predicted,blocks.3,9,9,9,-0.3684406280517578,0.29024121165275574,-0.03909970819950104
214,vit_lejepa,vit_tiny_cifar,token_gradient,predicted,blocks.3,8,7,7,0.5896390080451965,0.301431804895401,0.44553540647029877
215,vit_lejepa,vit_tiny_cifar,token_gradient,predicted,blocks.3,0,4,4,0.6003937721252441,0.15776042640209198,0.37907709926366806
216,vit_lejepa,vit_tiny_cifar,token_gradient,predicted,blocks.3,7,0,0,0.08409284800291061,0.531369686126709,0.3077312670648098
217,vit_lejepa,vit_tiny_cifar,token_gradient,predicted,blocks.3,9,1,1,0.30004096031188965,0.1363910585641861,0.21821600943803787
218,vit_lejepa,vit_tiny_cifar,token_gradient,predicted,blocks.3,8,0,0,-0.04585501551628113,0.5160109996795654,0.23507799208164215
219,vit_lejepa,vit_tiny_cifar,token_gradient,predicted,blocks.3,2,2,2,0.12676554918289185,0.27109745144844055,0.1989315003156662
220,vit_lejepa,vit_tiny_cifar,token_gradient,predicted,blocks.3,7,7,7,0.3438684940338135,0.17155689001083374,0.2577126920223236
221,vit_lejepa,vit_tiny_cifar,token_gradient,predicted,blocks.3,6,2,2,0.1692170649766922,0.31445035338401794,0.24183370918035507
222,vit_lejepa,vit_tiny_cifar,token_gradient,predicted,blocks.3,9,5,5,0.098783940076828,0.3887241780757904,0.2437540590763092
223,vit_lejepa,vit_tiny_cifar,token_gradient,predicted,blocks.3,4,2,2,0.3961232006549835,0.3757106363773346,0.38591691851615906
224,vit_lejepa,vit_tiny_cifar,token_gradient,predicted,blocks.3,3,3,3,0.6281566619873047,0.3976157605648041,0.5128862112760544
225,vit_lejepa,vit_tiny_cifar,token_gradient,predicted,blocks.3,9,9,9,-0.24019715189933777,0.2637658715248108,0.011784359812736511
226,vit_lejepa,vit_tiny_cifar,token_gradient,predicted,blocks.3,6,0,0,-0.04170047119259834,0.29392513632774353,0.1261123325675726
227,vit_lejepa,vit_tiny_cifar,token_gradient,predicted,blocks.3,4,6,6,0.5332567095756531,0.13868823647499084,0.33597247302532196
228,vit_lejepa,vit_tiny_cifar,token_gradient,predicted,blocks.3,7,0,0,0.4122948944568634,0.37172719836235046,0.39201104640960693
229,vit_lejepa,vit_tiny_cifar,token_gradient,predicted,blocks.3,6,9,9,0.22605520486831665,0.3047562837600708,0.2654057443141937
230,vit_lejepa,vit_tiny_cifar,token_gradient,predicted,blocks.3,5,5,5,0.6082633137702942,0.19753947854042053,0.40290139615535736
231,vit_lejepa,vit_tiny_cifar,token_gradient,predicted,blocks.3,1,9,9,0.6651126146316528,0.276915967464447,0.4710142910480499
232,vit_lejepa,vit_tiny_cifar,token_gradient,predicted,blocks.3,5,7,7,-0.32609638571739197,0.12188495695590973,-0.10210571438074112
233,vit_lejepa,vit_tiny_cifar,token_gradient,predicted,blocks.3,8,4,4,0.2419532984495163,0.2330775111913681,0.2375154048204422
234,vit_lejepa,vit_tiny_cifar,token_gradient,predicted,blocks.3,8,8,8,0.2503676414489746,0.19557759165763855,0.22297261655330658
235,vit_lejepa,vit_tiny_cifar,token_gradient,predicted,blocks.3,0,0,0,0.6434321999549866,0.3308218717575073,0.48712703585624695
236,vit_lejepa,vit_tiny_cifar,token_gradient,predicted,blocks.3,4,4,4,0.3635224401950836,0.47968193888664246,0.42160218954086304
237,vit_lejepa,vit_tiny_cifar,token_gradient,predicted,blocks.3,0,9,9,0.637601375579834,0.5421794652938843,0.5898904204368591
238,vit_lejepa,vit_tiny_cifar,token_gradient,predicted,blocks.3,5,4,4,0.7047320604324341,0.6883293390274048,0.6965306997299194
239,vit_lejepa,vit_tiny_cifar,token_gradient,predicted,blocks.3,5,6,6,0.3612329065799713,0.18974623084068298,0.27548956871032715
240,vit_lejepa,vit_tiny_cifar,token_gradient,predicted,blocks.3,1,1,1,0.5074084401130676,0.2553829550743103,0.38139569759368896
241,vit_lejepa,vit_tiny_cifar,token_gradient,predicted,blocks.3,1,8,8,0.4172367751598358,0.40893635153770447,0.41308656334877014
242,vit_lejepa,vit_tiny_cifar,token_gradient,predicted,blocks.3,8,0,0,-0.07610516250133514,0.25640353560447693,0.09014918655157089
243,vit_lejepa,vit_tiny_cifar,token_gradient,predicted,blocks.3,9,8,8,0.3716483414173126,0.44009432196617126,0.40587133169174194
244,vit_lejepa,vit_tiny_cifar,token_gradient,predicted,blocks.3,0,0,0,0.4198838174343109,0.26781871914863586,0.3438512682914734
245,vit_lejepa,vit_tiny_cifar,token_gradient,predicted,blocks.3,3,5,5,0.748543381690979,0.3216981589794159,0.5351207703351974
246,vit_lejepa,vit_tiny_cifar,token_gradient,predicted,blocks.3,1,5,5,0.061965059489011765,0.18612556159496307,0.12404531054198742
247,vit_lejepa,vit_tiny_cifar,token_gradient,predicted,blocks.3,9,8,8,0.6981515884399414,0.18709786236286163,0.4426247254014015
248,vit_lejepa,vit_tiny_cifar,token_gradient,predicted,blocks.3,2,2,2,0.02491389773786068,0.0977974534034729,0.06135567557066679
249,vit_lejepa,vit_tiny_cifar,token_gradient,predicted,blocks.3,2,6,6,0.6699185967445374,0.3564060628414154,0.5131623297929764
250,vit_lejepa,vit_tiny_cifar,token_gradient,predicted,blocks.3,5,7,7,0.7328917980194092,0.16574138402938843,0.4493165910243988
251,vit_lejepa,vit_tiny_cifar,token_gradient,predicted,blocks.3,3,3,3,0.7075361013412476,0.2944462299346924,0.50099116563797
252,vit_lejepa,vit_tiny_cifar,token_gradient,predicted,blocks.3,9,9,9,-0.13545352220535278,0.36466196179389954,0.11460421979427338
253,vit_lejepa,vit_tiny_cifar,token_gradient,predicted,blocks.3,9,1,1,-0.12487079203128815,0.43494942784309387,0.15503931790590286
254,vit_lejepa,vit_tiny_cifar,token_gradient,predicted,blocks.3,4,4,4,0.17916743457317352,0.5031394958496094,0.34115346521139145
255,vit_lejepa,vit_tiny_cifar,token_gradient,predicted,blocks.3,0,0,0,0.6352021098136902,0.14492183923721313,0.39006197452545166
256,vit_lejepa,vit_tiny_cifar,token_gradient,predicted,blocks.3,3,5,5,0.5492827296257019,0.3215131461620331,0.4353979378938675
257,vit_lejepa,vit_tiny_cifar,token_gradient,predicted,blocks.3,0,0,0,0.5531717538833618,0.6120615601539612,0.5826166570186615
258,vit_lejepa,vit_tiny_cifar,token_gradient,predicted,blocks.3,0,8,8,0.4007609188556671,0.3488091230392456,0.37478502094745636
259,vit_lejepa,vit_tiny_cifar,token_gradient,predicted,blocks.3,9,1,1,0.4176943898200989,0.18281474709510803,0.30025456845760345
260,vit_lejepa,vit_tiny_cifar,token_gradient,predicted,blocks.3,8,5,5,0.4228500425815582,0.23906183242797852,0.33095593750476837
261,vit_lejepa,vit_tiny_cifar,token_gradient,predicted,blocks.3,1,1,1,-0.40933844447135925,0.20473124086856842,-0.10230360180139542
262,vit_lejepa,vit_tiny_cifar,token_gradient,predicted,blocks.3,5,1,1,0.15153749287128448,0.28459250926971436,0.21806500107049942
263,vit_lejepa,vit_tiny_cifar,token_gradient,predicted,blocks.3,7,8,8,0.22387459874153137,0.48571154475212097,0.35479307174682617
264,vit_lejepa,vit_tiny_cifar,token_gradient,predicted,blocks.3,0,5,5,0.8117331266403198,0.27577823400497437,0.5437556803226471
265,vit_lejepa,vit_tiny_cifar,token_gradient,predicted,blocks.3,8,8,8,0.14915210008621216,0.4341248571872711,0.29163847863674164
266,vit_lejepa,vit_tiny_cifar,token_gradient,predicted,blocks.3,2,8,8,0.2916748821735382,0.28404557704925537,0.2878602296113968
267,vit_lejepa,vit_tiny_cifar,token_gradient,predicted,blocks.3,4,4,4,0.7559500336647034,0.2868554890155792,0.5214027613401413
268,vit_lejepa,vit_tiny_cifar,token_gradient,predicted,blocks.3,7,7,7,0.559584379196167,0.2991659641265869,0.42937517166137695
269,vit_lejepa,vit_tiny_cifar,token_gradient,predicted,blocks.3,0,5,5,0.5723624229431152,0.34581854939460754,0.4590904861688614
270,vit_lejepa,vit_tiny_cifar,token_gradient,predicted,blocks.3,2,6,6,0.3992519676685333,0.3916274905204773,0.3954397290945053
271,vit_lejepa,vit_tiny_cifar,token_gradient,predicted,blocks.3,3,4,4,0.3016200661659241,0.3257569968700409,0.3136885315179825
272,vit_lejepa,vit_tiny_cifar,token_gradient,predicted,blocks.3,6,6,6,-0.35919466614723206,0.40563157200813293,0.02321845293045044
273,vit_lejepa,vit_tiny_cifar,token_gradient,predicted,blocks.3,3,3,3,0.8280324339866638,0.34353944659233093,0.5857859402894974
274,vit_lejepa,vit_tiny_cifar,token_gradient,predicted,blocks.3,8,8,8,0.5892907381057739,0.34418874979019165,0.4667397439479828
275,vit_lejepa,vit_tiny_cifar,token_gradient,predicted,blocks.3,5,3,3,0.6611886620521545,0.38967251777648926,0.5254305899143219
276,vit_lejepa,vit_tiny_cifar,token_gradient,predicted,blocks.3,0,1,1,0.8948341608047485,0.6670299172401428,0.7809320390224457
277,vit_lejepa,vit_tiny_cifar,token_gradient,predicted,blocks.3,3,2,2,-0.13165593147277832,0.17109042406082153,0.019717246294021606
278,vit_lejepa,vit_tiny_cifar,token_gradient,predicted,blocks.3,4,4,4,0.27120399475097656,0.31034761667251587,0.2907758057117462
279,vit_lejepa,vit_tiny_cifar,token_gradient,predicted,blocks.3,3,3,3,0.2891755998134613,0.47790834307670593,0.3835419714450836
280,vit_lejepa,vit_tiny_cifar,token_gradient,predicted,blocks.3,9,9,9,0.051194336265325546,0.22386832535266876,0.13753133080899715
281,vit_lejepa,vit_tiny_cifar,token_gradient,predicted,blocks.3,0,6,6,-0.15281321108341217,0.3649522662162781,0.10606952756643295
282,vit_lejepa,vit_tiny_cifar,token_gradient,predicted,blocks.3,6,6,6,0.5690135359764099,0.5343112349510193,0.5516623854637146
283,vit_lejepa,vit_tiny_cifar,token_gradient,predicted,blocks.3,1,9,9,0.42703741788864136,0.24032458662986755,0.33368100225925446
284,vit_lejepa,vit_tiny_cifar,token_gradient,predicted,blocks.3,0,8,8,0.07820210605859756,0.10141336917877197,0.08980773761868477
285,vit_lejepa,vit_tiny_cifar,token_gradient,predicted,blocks.3,9,9,9,0.011000956408679485,0.06060415878891945,0.03580255759879947
286,vit_lejepa,vit_tiny_cifar,token_gradient,predicted,blocks.3,1,0,0,0.18878419697284698,0.5644829869270325,0.37663359194993973
287,vit_lejepa,vit_tiny_cifar,token_gradient,predicted,blocks.3,0,0,0,0.6563376784324646,0.33764269948005676,0.4969901889562607
288,vit_lejepa,vit_tiny_cifar,token_gradient,predicted,blocks.3,7,5,5,0.4557819664478302,0.17490330338478088,0.31534263491630554
289,vit_lejepa,vit_tiny_cifar,token_gradient,predicted,blocks.3,9,0,0,0.26036641001701355,0.11488655209541321,0.18762648105621338
290,vit_lejepa,vit_tiny_cifar,token_gradient,predicted,blocks.3,1,1,1,-0.38093996047973633,0.2205011546611786,-0.08021940290927887
291,vit_lejepa,vit_tiny_cifar,token_gradient,predicted,blocks.3,2,2,2,0.3684033155441284,0.279097318649292,0.3237503170967102
292,vit_lejepa,vit_tiny_cifar,token_gradient,predicted,blocks.3,6,2,2,0.10114893317222595,0.25257277488708496,0.17686085402965546
293,vit_lejepa,vit_tiny_cifar,token_gradient,predicted,blocks.3,9,8,8,0.25672847032546997,0.2710625231266022,0.26389549672603607
294,vit_lejepa,vit_tiny_cifar,token_gradient,predicted,blocks.3,3,3,3,0.14098893105983734,0.23673290014266968,0.1888609156012535
295,vit_lejepa,vit_tiny_cifar,token_gradient,predicted,blocks.3,4,4,4,0.5309709906578064,0.13244132697582245,0.3317061588168144
296,vit_lejepa,vit_tiny_cifar,token_gradient,predicted,blocks.3,6,6,6,0.8553743362426758,0.6525141000747681,0.7539442181587219
297,vit_lejepa,vit_tiny_cifar,token_gradient,predicted,blocks.3,0,0,0,0.822820782661438,0.25008803606033325,0.5364544093608856
298,vit_lejepa,vit_tiny_cifar,token_gradient,predicted,blocks.3,0,0,0,0.5787687301635742,0.420070618391037,0.4994196742773056
299,vit_lejepa,vit_tiny_cifar,token_gradient,predicted,blocks.3,6,6,6,-0.04382975399494171,0.361721932888031,0.15894608944654465
300,vit_lejepa,vit_tiny_cifar,token_gradient,predicted,blocks.3,6,6,6,-0.2251921445131302,0.20542354881763458,-0.009884297847747803
301,vit_lejepa,vit_tiny_cifar,token_gradient,predicted,blocks.3,6,6,6,0.6570422649383545,0.15330828726291656,0.40517527610063553
302,vit_lejepa,vit_tiny_cifar,token_gradient,predicted,blocks.3,3,2,2,0.3334049582481384,0.1255602240562439,0.22948259115219116
303,vit_lejepa,vit_tiny_cifar,token_gradient,predicted,blocks.3,2,8,8,0.4675449728965759,0.3670685887336731,0.4173067808151245
304,vit_lejepa,vit_tiny_cifar,token_gradient,predicted,blocks.3,6,4,4,-0.35572341084480286,0.42257073521614075,0.033423662185668945
305,vit_lejepa,vit_tiny_cifar,token_gradient,predicted,blocks.3,1,0,0,0.6835407614707947,0.29722821712493896,0.4903844892978668
306,vit_lejepa,vit_tiny_cifar,token_gradient,predicted,blocks.3,8,1,1,0.3354368209838867,0.20670221745967865,0.2710695192217827
307,vit_lejepa,vit_tiny_cifar,token_gradient,predicted,blocks.3,2,2,2,0.4867389500141144,0.13162364065647125,0.3091812953352928
308,vit_lejepa,vit_tiny_cifar,token_gradient,predicted,blocks.3,1,1,1,-0.19377636909484863,0.374077171087265,0.09015040099620819
309,vit_lejepa,vit_tiny_cifar,token_gradient,predicted,blocks.3,6,2,2,0.1918056458234787,0.4361358880996704,0.31397076696157455
310,vit_lejepa,vit_tiny_cifar,token_gradient,predicted,blocks.3,8,8,8,0.6519833207130432,0.2549150586128235,0.45344918966293335
311,vit_lejepa,vit_tiny_cifar,token_gradient,predicted,blocks.3,6,6,6,0.02064664103090763,0.43577560782432556,0.2282111244276166
312,vit_lejepa,vit_tiny_cifar,token_gradient,predicted,blocks.3,8,0,0,0.7542827725410461,0.29158496856689453,0.5229338705539703
313,vit_lejepa,vit_tiny_cifar,token_gradient,predicted,blocks.3,0,0,0,0.8128958344459534,0.3440747559070587,0.578485295176506
314,vit_lejepa,vit_tiny_cifar,token_gradient,predicted,blocks.3,4,5,5,0.4302581548690796,0.2326984405517578,0.3314782977104187
315,vit_lejepa,vit_tiny_cifar,token_gradient,predicted,blocks.3,0,0,0,-0.004020686261355877,0.5481593012809753,0.27206930750980973
316,vit_lejepa,vit_tiny_cifar,token_gradient,predicted,blocks.3,7,7,7,0.18067891895771027,0.2099829912185669,0.19533095508813858
317,vit_lejepa,vit_tiny_cifar,token_gradient,predicted,blocks.3,7,4,4,-0.028636537492275238,0.07281063497066498,0.02208704873919487
318,vit_lejepa,vit_tiny_cifar,token_gradient,predicted,blocks.3,5,5,5,-0.16935867071151733,0.5428286790847778,0.18673500418663025
319,vit_lejepa,vit_tiny_cifar,token_gradient,predicted,blocks.3,5,3,3,0.2221415489912033,0.18682293593883514,0.20448224246501923
320,vit_lejepa,vit_tiny_cifar,token_gradient,predicted,blocks.3,3,2,2,0.8174031972885132,0.2796337306499481,0.5485184639692307
321,vit_lejepa,vit_tiny_cifar,token_gradient,predicted,blocks.3,5,3,3,0.42310595512390137,0.13532979786396027,0.2792178764939308
322,vit_lejepa,vit_tiny_cifar,token_gradient,predicted,blocks.3,2,6,6,0.5227184891700745,0.1533316671848297,0.3380250781774521
323,vit_lejepa,vit_tiny_cifar,token_gradient,predicted,blocks.3,3,4,4,0.05527181923389435,0.3308068513870239,0.19303933531045914
324,vit_lejepa,vit_tiny_cifar,token_gradient,predicted,blocks.3,4,5,5,0.7068618535995483,0.3621569275856018,0.5345093905925751
325,vit_lejepa,vit_tiny_cifar,token_gradient,predicted,blocks.3,1,9,9,0.06589938700199127,0.25784415006637573,0.1618717685341835
326,vit_lejepa,vit_tiny_cifar,token_gradient,predicted,blocks.3,7,2,2,-0.16655270755290985,0.15033823251724243,-0.00810723751783371
327,vit_lejepa,vit_tiny_cifar,token_gradient,predicted,blocks.3,5,6,6,0.47619208693504333,0.213164284825325,0.3446781858801842
328,vit_lejepa,vit_tiny_cifar,token_gradient,predicted,blocks.3,4,0,0,0.6073694825172424,0.1386309713125229,0.37300022691488266
329,vit_lejepa,vit_tiny_cifar,token_gradient,predicted,blocks.3,6,6,6,0.41986283659935,0.1977858692407608,0.3088243529200554
330,vit_lejepa,vit_tiny_cifar,token_gradient,predicted,blocks.3,1,1,1,0.7074295878410339,0.3589772582054138,0.5332034230232239
331,vit_lejepa,vit_tiny_cifar,token_gradient,predicted,blocks.3,9,9,9,0.022743429988622665,0.32361316680908203,0.17317829839885235
332,vit_lejepa,vit_tiny_cifar,token_gradient,predicted,blocks.3,3,6,6,0.15574076771736145,0.12705741822719574,0.1413990929722786
333,vit_lejepa,vit_tiny_cifar,token_gradient,predicted,blocks.3,6,6,6,0.6474648118019104,0.3886319100856781,0.5180483609437943
334,vit_lejepa,vit_tiny_cifar,token_gradient,predicted,blocks.3,6,6,6,0.2668338418006897,0.26396897435188293,0.2654014080762863
335,vit_lejepa,vit_tiny_cifar,token_gradient,predicted,blocks.3,9,9,9,-0.12143590301275253,0.41629758477211,0.14743084087967873
336,vit_lejepa,vit_tiny_cifar,token_gradient,predicted,blocks.3,3,2,2,0.5578450560569763,0.2910842299461365,0.4244646430015564
337,vit_lejepa,vit_tiny_cifar,token_gradient,predicted,blocks.3,8,8,8,0.6670163869857788,0.19397276639938354,0.4304945766925812
338,vit_lejepa,vit_tiny_cifar,token_gradient,predicted,blocks.3,0,0,0,0.7048807740211487,0.20261384546756744,0.45374730974435806
339,vit_lejepa,vit_tiny_cifar,token_gradient,predicted,blocks.3,7,0,0,-0.37470388412475586,0.08486729115247726,-0.1449182964861393
340,vit_lejepa,vit_tiny_cifar,token_gradient,predicted,blocks.3,2,4,4,0.5670814514160156,0.22911827266216278,0.3980998620390892
341,vit_lejepa,vit_tiny_cifar,token_gradient,predicted,blocks.3,6,7,7,0.0957532674074173,0.2926253080368042,0.19418928772211075
342,vit_lejepa,vit_tiny_cifar,token_gradient,predicted,blocks.3,2,2,2,0.6907695531845093,0.23048993945121765,0.46062974631786346
343,vit_lejepa,vit_tiny_cifar,token_gradient,predicted,blocks.3,5,1,1,0.43851059675216675,0.30868107080459595,0.37359583377838135
344,vit_lejepa,vit_tiny_cifar,token_gradient,predicted,blocks.3,8,8,8,0.06783343106508255,0.11632469296455383,0.09207906201481819
345,vit_lejepa,vit_tiny_cifar,token_gradient,predicted,blocks.3,5,5,5,-0.23509936034679413,0.40430429577827454,0.0846024677157402
346,vit_lejepa,vit_tiny_cifar,token_gradient,predicted,blocks.3,4,7,7,0.2541760504245758,0.15397563576698303,0.20407584309577942
347,vit_lejepa,vit_tiny_cifar,token_gradient,predicted,blocks.3,6,5,5,-0.06926625221967697,0.24763727188110352,0.08918550983071327
348,vit_lejepa,vit_tiny_cifar,token_gradient,predicted,blocks.3,8,0,0,0.5884062051773071,0.6838040947914124,0.6361051499843597
349,vit_lejepa,vit_tiny_cifar,token_gradient,predicted,blocks.3,9,9,9,0.05081406608223915,0.15831708908081055,0.10456557758152485
350,vit_lejepa,vit_tiny_cifar,token_gradient,predicted,blocks.3,9,9,9,0.7121455073356628,0.2693198025226593,0.49073265492916107
351,vit_lejepa,vit_tiny_cifar,token_gradient,predicted,blocks.3,1,1,1,-0.2716876268386841,0.22809137403964996,-0.02179812639951706
352,vit_lejepa,vit_tiny_cifar,token_gradient,predicted,blocks.3,0,0,0,0.1684914380311966,0.5097765922546387,0.33913401514291763
353,vit_lejepa,vit_tiny_cifar,token_gradient,predicted,blocks.3,2,0,0,0.48282280564308167,0.24838025867938995,0.3656015321612358
354,vit_lejepa,vit_tiny_cifar,token_gradient,predicted,blocks.3,2,6,6,-0.12193645536899567,0.1142105907201767,-0.003862932324409485
355,vit_lejepa,vit_tiny_cifar,token_gradient,predicted,blocks.3,7,3,3,0.6729663610458374,0.25419366359710693,0.46358001232147217
356,vit_lejepa,vit_tiny_cifar,token_gradient,predicted,blocks.3,3,2,2,0.30101343989372253,0.14467976987361908,0.2228466048836708
357,vit_lejepa,vit_tiny_cifar,token_gradient,predicted,blocks.3,2,3,3,0.02659676969051361,0.12103147804737091,0.07381412386894226
358,vit_lejepa,vit_tiny_cifar,token_gradient,predicted,blocks.3,8,1,1,0.5445170998573303,0.5596070885658264,0.5520620942115784
359,vit_lejepa,vit_tiny_cifar,token_gradient,predicted,blocks.3,0,8,8,0.7927328944206238,0.5969316959381104,0.6948322951793671
360,vit_lejepa,vit_tiny_cifar,token_gradient,predicted,blocks.3,9,3,3,-0.07741367816925049,0.30128130316734314,0.11193381249904633
361,vit_lejepa,vit_tiny_cifar,token_gradient,predicted,blocks.3,5,3,3,-0.1255134791135788,0.14909584820270538,0.011791184544563293
362,vit_lejepa,vit_tiny_cifar,token_gradient,predicted,blocks.3,8,8,8,0.5886725187301636,0.2049732804298401,0.39682289958000183
363,vit_lejepa,vit_tiny_cifar,token_gradient,predicted,blocks.3,1,8,8,0.18223591148853302,0.5052374601364136,0.3437366858124733
364,vit_lejepa,vit_tiny_cifar,token_gradient,predicted,blocks.3,9,8,8,0.48994189500808716,0.5045590400695801,0.4972504675388336
365,vit_lejepa,vit_tiny_cifar,token_gradient,predicted,blocks.3,4,7,7,0.18815137445926666,0.08477313071489334,0.13646225258708
366,vit_lejepa,vit_tiny_cifar,token_gradient,predicted,blocks.3,1,6,6,-0.002127984771504998,0.23558740317821503,0.11672970920335501
367,vit_lejepa,vit_tiny_cifar,token_gradient,predicted,blocks.3,3,9,9,0.09210127592086792,0.46940165758132935,0.28075146675109863
368,vit_lejepa,vit_tiny_cifar,token_gradient,predicted,blocks.3,8,8,8,0.22361035645008087,0.4711081087589264,0.34735923260450363
369,vit_lejepa,vit_tiny_cifar,token_gradient,predicted,blocks.3,1,8,8,0.5712112784385681,0.22709017992019653,0.3991507291793823
370,vit_lejepa,vit_tiny_cifar,token_gradient,predicted,blocks.3,4,6,6,0.03003242053091526,0.25462889671325684,0.14233065862208605
371,vit_lejepa,vit_tiny_cifar,token_gradient,predicted,blocks.3,7,0,0,0.19827179610729218,0.275661438703537,0.23696661740541458
372,vit_lejepa,vit_tiny_cifar,token_gradient,predicted,blocks.3,9,9,9,0.21283195912837982,0.193637415766716,0.2032346874475479
373,vit_lejepa,vit_tiny_cifar,token_gradient,predicted,blocks.3,4,2,2,-0.09188654273748398,0.24317406117916107,0.07564375922083855
374,vit_lejepa,vit_tiny_cifar,token_gradient,predicted,blocks.3,2,2,2,-0.15704849362373352,0.4646375775337219,0.1537945419549942
375,vit_lejepa,vit_tiny_cifar,token_gradient,predicted,blocks.3,7,2,2,-0.1760030835866928,0.36882346868515015,0.09641019254922867
376,vit_lejepa,vit_tiny_cifar,token_gradient,predicted,blocks.3,0,0,0,0.18472440540790558,0.3807801306247711,0.28275226801633835
377,vit_lejepa,vit_tiny_cifar,token_gradient,predicted,blocks.3,7,5,5,-0.14692272245883942,0.23265579342842102,0.0428665354847908
378,vit_lejepa,vit_tiny_cifar,token_gradient,predicted,blocks.3,0,2,2,-0.041584502905607224,0.4581771492958069,0.20829632319509983
379,vit_lejepa,vit_tiny_cifar,token_gradient,predicted,blocks.3,6,6,6,0.2704564034938812,0.30329975485801697,0.2868780791759491
380,vit_lejepa,vit_tiny_cifar,token_gradient,predicted,blocks.3,6,6,6,-0.2724616229534149,0.329518586397171,0.028528481721878052
381,vit_lejepa,vit_tiny_cifar,token_gradient,predicted,blocks.3,9,9,9,-0.5794497728347778,0.4019180238246918,-0.08876587450504303
382,vit_lejepa,vit_tiny_cifar,token_gradient,predicted,blocks.3,0,0,0,0.6907398700714111,0.2597053349018097,0.4752226024866104
383,vit_lejepa,vit_tiny_cifar,token_gradient,predicted,blocks.3,9,0,0,0.47513407468795776,0.27724698185920715,0.37619052827358246
384,vit_lejepa,vit_tiny_cifar,token_gradient,predicted,blocks.3,2,7,7,-0.028162818402051926,0.45406702160835266,0.21295210160315037
385,vit_lejepa,vit_tiny_cifar,token_gradient,predicted,blocks.3,8,0,0,0.806617796421051,0.6536358594894409,0.730126827955246
386,vit_lejepa,vit_tiny_cifar,token_gradient,predicted,blocks.3,7,7,7,0.39176419377326965,0.5320833921432495,0.4619237929582596
387,vit_lejepa,vit_tiny_cifar,token_gradient,predicted,blocks.3,2,6,6,0.6740567088127136,0.526975154876709,0.6005159318447113
388,vit_lejepa,vit_tiny_cifar,token_gradient,predicted,blocks.3,2,3,3,0.3716510832309723,0.29853466153144836,0.3350928723812103
389,vit_lejepa,vit_tiny_cifar,token_gradient,predicted,blocks.3,5,5,5,0.5989624261856079,0.6123787760734558,0.6056706011295319
390,vit_lejepa,vit_tiny_cifar,token_gradient,predicted,blocks.3,1,9,9,0.21900206804275513,0.276981383562088,0.24799172580242157
391,vit_lejepa,vit_tiny_cifar,token_gradient,predicted,blocks.3,2,0,0,0.10055000334978104,0.30261996388435364,0.20158498361706734
392,vit_lejepa,vit_tiny_cifar,token_gradient,predicted,blocks.3,6,6,6,0.11979038268327713,0.13369901478290558,0.12674469873309135
393,vit_lejepa,vit_tiny_cifar,token_gradient,predicted,blocks.3,2,5,5,0.07590620964765549,0.5335878133773804,0.30474701151251793
394,vit_lejepa,vit_tiny_cifar,token_gradient,predicted,blocks.3,9,3,3,-0.0946783795952797,0.2544010877609253,0.0798613540828228
395,vit_lejepa,vit_tiny_cifar,token_gradient,predicted,blocks.3,6,2,2,0.14357838034629822,0.4541502892971039,0.29886433482170105
396,vit_lejepa,vit_tiny_cifar,token_gradient,predicted,blocks.3,2,2,2,-0.08261110633611679,0.18753503262996674,0.05246196314692497
397,vit_lejepa,vit_tiny_cifar,token_gradient,predicted,blocks.3,3,1,1,0.3222438097000122,0.18371208012104034,0.2529779449105263
398,vit_lejepa,vit_tiny_cifar,token_gradient,predicted,blocks.3,0,0,0,0.12327957153320312,0.32957276701927185,0.2264261692762375
399,vit_lejepa,vit_tiny_cifar,token_gradient,predicted,blocks.3,3,8,8,0.022547543048858643,0.10872969031333923,0.06563861668109894
400,vit_lejepa,vit_tiny_cifar,token_gradient,predicted,blocks.3,9,9,9,0.074600949883461,0.35486501455307007,0.21473298221826553
401,vit_lejepa,vit_tiny_cifar,token_gradient,predicted,blocks.3,8,1,1,-0.24475154280662537,0.2929951548576355,0.024121806025505066
402,vit_lejepa,vit_tiny_cifar,token_gradient,predicted,blocks.3,7,6,6,-0.3414013683795929,0.13401105999946594,-0.10369515419006348
403,vit_lejepa,vit_tiny_cifar,token_gradient,predicted,blocks.3,8,0,0,-0.03053700551390648,0.31245848536491394,0.14096073992550373
404,vit_lejepa,vit_tiny_cifar,token_gradient,predicted,blocks.3,8,8,8,-0.6412072777748108,0.2672733962535858,-0.1869669407606125
405,vit_lejepa,vit_tiny_cifar,token_gradient,predicted,blocks.3,4,4,4,0.14584852755069733,0.5692684650421143,0.3575584962964058
406,vit_lejepa,vit_tiny_cifar,token_gradient,predicted,blocks.3,0,0,0,0.19520987570285797,0.2609214782714844,0.22806567698717117
407,vit_lejepa,vit_tiny_cifar,token_gradient,predicted,blocks.3,1,9,9,0.14611612260341644,0.4325726628303528,0.2893443927168846
408,vit_lejepa,vit_tiny_cifar,token_gradient,predicted,blocks.3,8,0,0,-0.03499086573719978,0.17301279306411743,0.06901096366345882
409,vit_lejepa,vit_tiny_cifar,token_gradient,predicted,blocks.3,2,2,2,0.5063395500183105,0.10597828775644302,0.3061589188873768
410,vit_lejepa,vit_tiny_cifar,token_gradient,predicted,blocks.3,7,8,8,-0.07365328073501587,0.09930407255887985,0.012825395911931992
411,vit_lejepa,vit_tiny_cifar,token_gradient,predicted,blocks.3,9,5,5,0.2586835026741028,0.06293079257011414,0.16080714762210846
412,vit_lejepa,vit_tiny_cifar,token_gradient,predicted,blocks.3,3,4,4,0.5225605964660645,0.17156140506267548,0.34706100076436996
413,vit_lejepa,vit_tiny_cifar,token_gradient,predicted,blocks.3,6,6,6,0.0028729347977787256,0.46046191453933716,0.23166742466855794
414,vit_lejepa,vit_tiny_cifar,token_gradient,predicted,blocks.3,1,1,1,0.33226877450942993,0.28970056772232056,0.31098467111587524
415,vit_lejepa,vit_tiny_cifar,token_gradient,predicted,blocks.3,9,9,9,0.4501650333404541,0.4964248836040497,0.4732949584722519
416,vit_lejepa,vit_tiny_cifar,token_gradient,predicted,blocks.3,0,2,2,0.7615082859992981,0.18674026429653168,0.4741242751479149
417,vit_lejepa,vit_tiny_cifar,token_gradient,predicted,blocks.3,7,7,7,-0.3974878489971161,0.2183341532945633,-0.0895768478512764
418,vit_lejepa,vit_tiny_cifar,token_gradient,predicted,blocks.3,3,5,5,0.21080029010772705,0.4920044243335724,0.3514023572206497
419,vit_lejepa,vit_tiny_cifar,token_gradient,predicted,blocks.3,7,6,6,-0.11634156107902527,0.4359841048717499,0.1598212718963623
420,vit_lejepa,vit_tiny_cifar,token_gradient,predicted,blocks.3,4,4,4,0.43411749601364136,0.6029142141342163,0.5185158550739288
421,vit_lejepa,vit_tiny_cifar,token_gradient,predicted,blocks.3,5,5,5,0.5907620787620544,0.4752451777458191,0.5330036282539368
422,vit_lejepa,vit_tiny_cifar,token_gradient,predicted,blocks.3,0,8,8,0.18077418208122253,0.17518381774425507,0.1779789999127388
423,vit_lejepa,vit_tiny_cifar,token_gradient,predicted,blocks.3,0,9,9,0.6687026023864746,0.2693592607975006,0.4690309315919876
424,vit_lejepa,vit_tiny_cifar,token_gradient,predicted,blocks.3,2,2,2,0.4142511487007141,0.3728572726249695,0.3935542106628418
425,vit_lejepa,vit_tiny_cifar,token_gradient,predicted,blocks.3,9,8,8,0.3003532290458679,0.22109070420265198,0.26072196662425995
426,vit_lejepa,vit_tiny_cifar,token_gradient,predicted,blocks.3,3,5,5,0.7919754981994629,0.311147004365921,0.551561251282692
427,vit_lejepa,vit_tiny_cifar,token_gradient,predicted,blocks.3,4,3,3,-0.06114615499973297,0.3297446072101593,0.13429922610521317
428,vit_lejepa,vit_tiny_cifar,token_gradient,predicted,blocks.3,0,7,7,0.6015120148658752,0.36104103922843933,0.4812765270471573
429,vit_lejepa,vit_tiny_cifar,token_gradient,predicted,blocks.3,6,6,6,0.279464989900589,0.1664193868637085,0.22294218838214874
430,vit_lejepa,vit_tiny_cifar,token_gradient,predicted,blocks.3,2,7,7,0.6830251216888428,0.2401483803987503,0.46158675104379654
431,vit_lejepa,vit_tiny_cifar,token_gradient,predicted,blocks.3,5,8,8,0.66270911693573,0.36840206384658813,0.5155555903911591
432,vit_lejepa,vit_tiny_cifar,token_gradient,predicted,blocks.3,3,3,3,0.39108890295028687,0.4533228278160095,0.4222058653831482
433,vit_lejepa,vit_tiny_cifar,token_gradient,predicted,blocks.3,7,3,3,0.6210523247718811,0.6071962118148804,0.6141242682933807
434,vit_lejepa,vit_tiny_cifar,token_gradient,predicted,blocks.3,3,9,9,0.011657617054879665,0.19841822981834412,0.10503792343661189
435,vit_lejepa,vit_tiny_cifar,token_gradient,predicted,blocks.3,7,5,5,0.49016690254211426,0.28801825642585754,0.3890925794839859
436,vit_lejepa,vit_tiny_cifar,token_gradient,predicted,blocks.3,2,2,2,0.7358608841896057,0.28849124908447266,0.5121760666370392
437,vit_lejepa,vit_tiny_cifar,token_gradient,predicted,blocks.3,5,4,4,0.051824215799570084,0.5101088881492615,0.2809665519744158
438,vit_lejepa,vit_tiny_cifar,token_gradient,predicted,blocks.3,3,3,3,0.12759031355381012,0.417487233877182,0.27253877371549606
439,vit_lejepa,vit_tiny_cifar,token_gradient,predicted,blocks.3,1,6,6,0.6005187034606934,0.5607038140296936,0.5806112587451935
440,vit_lejepa,vit_tiny_cifar,token_gradient,predicted,blocks.3,1,6,6,-0.06432200968265533,0.10952053964138031,0.022599264979362488
441,vit_lejepa,vit_tiny_cifar,token_gradient,predicted,blocks.3,4,2,2,0.4359513521194458,0.12851329147815704,0.2822323217988014
442,vit_lejepa,vit_tiny_cifar,token_gradient,predicted,blocks.3,9,9,9,0.01709923706948757,0.2791641056537628,0.1481316713616252
443,vit_lejepa,vit_tiny_cifar,token_gradient,predicted,blocks.3,9,9,9,0.23176273703575134,0.33697229623794556,0.28436751663684845
444,vit_lejepa,vit_tiny_cifar,token_gradient,predicted,blocks.3,5,8,8,-0.4524381458759308,0.15846934914588928,-0.14698439836502075
445,vit_lejepa,vit_tiny_cifar,token_gradient,predicted,blocks.3,7,4,4,-0.32322821021080017,0.2955624461174011,-0.013832882046699524
446,vit_lejepa,vit_tiny_cifar,token_gradient,predicted,blocks.3,5,8,8,0.4201543927192688,0.13104680180549622,0.2756005972623825
447,vit_lejepa,vit_tiny_cifar,token_gradient,predicted,blocks.3,0,0,0,0.833991527557373,0.38192513585090637,0.6079583317041397
448,vit_lejepa,vit_tiny_cifar,token_gradient,predicted,blocks.3,2,6,6,0.6048341989517212,0.30052652955055237,0.4526803642511368
449,vit_lejepa,vit_tiny_cifar,token_gradient,predicted,blocks.3,2,0,0,0.877308189868927,0.3362274169921875,0.6067678034305573
450,vit_lejepa,vit_tiny_cifar,token_gradient,predicted,blocks.3,2,3,3,0.7113252282142639,0.38376733660697937,0.5475462824106216
451,vit_lejepa,vit_tiny_cifar,token_gradient,predicted,blocks.3,9,9,9,0.8377040028572083,0.5546934008598328,0.6961987018585205
452,vit_lejepa,vit_tiny_cifar,token_gradient,predicted,blocks.3,7,6,6,0.27490928769111633,0.23050068318843842,0.2527049854397774
453,vit_lejepa,vit_tiny_cifar,token_gradient,predicted,blocks.3,3,6,6,0.35289114713668823,0.13637211918830872,0.24463163316249847
454,vit_lejepa,vit_tiny_cifar,token_gradient,predicted,blocks.3,9,8,8,0.6310320496559143,0.17141366004943848,0.4012228548526764
455,vit_lejepa,vit_tiny_cifar,token_gradient,predicted,blocks.3,4,4,4,-0.0705813616514206,0.21634824573993683,0.07288344204425812
456,vit_lejepa,vit_tiny_cifar,token_gradient,predicted,blocks.3,3,2,2,0.18172097206115723,0.48052719235420227,0.33112408220767975
457,vit_lejepa,vit_tiny_cifar,token_gradient,predicted,blocks.3,5,6,6,0.14695480465888977,0.20884525775909424,0.177900031208992
458,vit_lejepa,vit_tiny_cifar,token_gradient,predicted,blocks.3,4,4,4,0.2945476472377777,0.2519007623195648,0.27322420477867126
459,vit_lejepa,vit_tiny_cifar,token_gradient,predicted,blocks.3,6,0,0,0.5119689702987671,0.18308795988559723,0.34752846509218216
460,vit_lejepa,vit_tiny_cifar,token_gradient,predicted,blocks.3,5,2,2,-0.026146072894334793,0.1988985538482666,0.0863762404769659
461,vit_lejepa,vit_tiny_cifar,token_gradient,predicted,blocks.3,6,2,2,0.05591922253370285,0.299832820892334,0.17787602171301842
462,vit_lejepa,vit_tiny_cifar,token_gradient,predicted,blocks.3,1,9,9,0.4809362590312958,0.4074685871601105,0.4442024230957031
463,vit_lejepa,vit_tiny_cifar,token_gradient,predicted,blocks.3,4,2,2,0.2882840633392334,0.4873008728027344,0.3877924680709839
464,vit_lejepa,vit_tiny_cifar,token_gradient,predicted,blocks.3,3,3,3,0.5594340562820435,0.16901174187660217,0.3642228990793228
465,vit_lejepa,vit_tiny_cifar,token_gradient,predicted,blocks.3,4,4,4,0.5052569508552551,0.1847856640815735,0.3450213074684143
466,vit_lejepa,vit_tiny_cifar,token_gradient,predicted,blocks.3,4,6,6,0.543813943862915,0.49621888995170593,0.5200164169073105
467,vit_lejepa,vit_tiny_cifar,token_gradient,predicted,blocks.3,3,2,2,0.22759918868541718,0.12117727845907211,0.17438823357224464
468,vit_lejepa,vit_tiny_cifar,token_gradient,predicted,blocks.3,7,7,7,0.5484946370124817,0.5559428930282593,0.5522187650203705
469,vit_lejepa,vit_tiny_cifar,token_gradient,predicted,blocks.3,8,6,6,0.02192566730082035,0.19253765046596527,0.10723165888339281
470,vit_lejepa,vit_tiny_cifar,token_gradient,predicted,blocks.3,3,2,2,-0.025068094953894615,0.4225161671638489,0.19872403610497713
471,vit_lejepa,vit_tiny_cifar,token_gradient,predicted,blocks.3,7,9,9,-0.00012916659761685878,0.20516036450862885,0.102515598955506
472,vit_lejepa,vit_tiny_cifar,token_gradient,predicted,blocks.3,8,8,8,-0.09929060935974121,0.48833149671554565,0.19452044367790222
473,vit_lejepa,vit_tiny_cifar,token_gradient,predicted,blocks.3,0,4,4,0.324414998292923,0.26739662885665894,0.29590581357479095
474,vit_lejepa,vit_tiny_cifar,token_gradient,predicted,blocks.3,5,9,9,-0.11022518575191498,0.4353060722351074,0.16254044324159622
475,vit_lejepa,vit_tiny_cifar,token_gradient,predicted,blocks.3,7,1,1,0.29147636890411377,0.1505967378616333,0.22103655338287354
476,vit_lejepa,vit_tiny_cifar,token_gradient,predicted,blocks.3,6,4,4,0.5468138456344604,0.19599449634552002,0.37140417098999023
477,vit_lejepa,vit_tiny_cifar,token_gradient,predicted,blocks.3,0,0,0,0.11887282878160477,0.34861940145492554,0.23374611511826515
478,vit_lejepa,vit_tiny_cifar,token_gradient,predicted,blocks.3,5,2,2,0.0013623310951516032,0.3649618923664093,0.18316211173078045
479,vit_lejepa,vit_tiny_cifar,token_gradient,predicted,blocks.3,4,2,2,0.03451882302761078,0.14174380898475647,0.08813131600618362
480,vit_lejepa,vit_tiny_cifar,token_gradient,predicted,blocks.3,8,9,9,0.13865463435649872,0.15025712549686432,0.14445587992668152
481,vit_lejepa,vit_tiny_cifar,token_gradient,predicted,blocks.3,6,6,6,0.22103431820869446,0.16516917943954468,0.19310174882411957
482,vit_lejepa,vit_tiny_cifar,token_gradient,predicted,blocks.3,8,8,8,0.13107916712760925,0.5923787355422974,0.3617289513349533
483,vit_lejepa,vit_tiny_cifar,token_gradient,predicted,blocks.3,5,3,3,0.2198382467031479,0.4856257438659668,0.35273199528455734
484,vit_lejepa,vit_tiny_cifar,token_gradient,predicted,blocks.3,5,3,3,0.11144904047250748,0.21134024858474731,0.1613946445286274
485,vit_lejepa,vit_tiny_cifar,token_gradient,predicted,blocks.3,9,0,0,0.27340883016586304,0.20664188265800476,0.2400253564119339
486,vit_lejepa,vit_tiny_cifar,token_gradient,predicted,blocks.3,9,9,9,0.19053228199481964,0.25383296608924866,0.22218262404203415
487,vit_lejepa,vit_tiny_cifar,token_gradient,predicted,blocks.3,9,1,1,-0.2638915777206421,0.33231019973754883,0.03420931100845337
488,vit_lejepa,vit_tiny_cifar,token_gradient,predicted,blocks.3,5,5,5,0.36249008774757385,0.2628558874130249,0.3126729875802994
489,vit_lejepa,vit_tiny_cifar,token_gradient,predicted,blocks.3,0,0,0,0.07110755145549774,0.10219117999076843,0.08664936572313309
490,vit_lejepa,vit_tiny_cifar,token_gradient,predicted,blocks.3,1,1,1,0.10784441977739334,0.2437591552734375,0.17580178752541542
491,vit_lejepa,vit_tiny_cifar,token_gradient,predicted,blocks.3,0,3,3,-0.23813536763191223,0.08487796783447266,-0.07662869989871979
492,vit_lejepa,vit_tiny_cifar,token_gradient,predicted,blocks.3,8,8,8,0.6113567352294922,0.1349383443593979,0.37314753979444504
493,vit_lejepa,vit_tiny_cifar,token_gradient,predicted,blocks.3,1,1,1,0.6343702673912048,0.2597476541996002,0.4470589607954025
494,vit_lejepa,vit_tiny_cifar,token_gradient,predicted,blocks.3,1,0,0,0.663849949836731,0.25468549132347107,0.459267720580101
495,vit_lejepa,vit_tiny_cifar,token_gradient,predicted,blocks.3,8,8,8,0.6600959897041321,0.3719046711921692,0.5160003304481506
496,vit_lejepa,vit_tiny_cifar,token_gradient,predicted,blocks.3,0,7,7,0.19512854516506195,0.3005148768424988,0.24782171100378036
497,vit_lejepa,vit_tiny_cifar,token_gradient,predicted,blocks.3,2,2,2,-0.3497427999973297,0.3595467209815979,0.004901960492134094
498,vit_lejepa,vit_tiny_cifar,token_gradient,predicted,blocks.3,2,4,4,0.5482665300369263,0.21628378331661224,0.38227515667676926
499,vit_lejepa,vit_tiny_cifar,token_gradient,predicted,blocks.3,0,0,0,0.8512324094772339,0.4603501856327057,0.6557912975549698
500,vit_lejepa,vit_tiny_cifar,token_gradient,predicted,blocks.3,4,6,6,-0.11351151764392853,0.24186117947101593,0.0641748309135437
501,vit_lejepa,vit_tiny_cifar,token_gradient,predicted,blocks.3,6,6,6,0.62180095911026,0.32134270668029785,0.47157183289527893
502,vit_lejepa,vit_tiny_cifar,token_gradient,predicted,blocks.3,5,2,2,-0.10860230028629303,0.4367527663707733,0.16407523304224014
503,vit_lejepa,vit_tiny_cifar,token_gradient,predicted,blocks.3,4,6,6,-0.0991162359714508,0.5048248767852783,0.20285432040691376
504,vit_lejepa,vit_tiny_cifar,token_gradient,predicted,blocks.3,9,9,9,0.29456254839897156,0.21378464996814728,0.2541735991835594
505,vit_lejepa,vit_tiny_cifar,token_gradient,predicted,blocks.3,4,5,5,0.693804919719696,0.19127915799617767,0.44254203885793686
506,vit_lejepa,vit_tiny_cifar,token_gradient,predicted,blocks.3,7,3,3,0.6008889079093933,0.6138201951980591,0.6073545515537262
507,vit_lejepa,vit_tiny_cifar,token_gradient,predicted,blocks.3,9,1,1,-0.6610837578773499,0.27281028032302856,-0.19413673877716064
508,vit_lejepa,vit_tiny_cifar,token_gradient,predicted,blocks.3,9,0,0,0.46889248490333557,0.16414134204387665,0.3165169134736061
509,vit_lejepa,vit_tiny_cifar,token_gradient,predicted,blocks.3,4,4,4,0.44815531373023987,0.47838014364242554,0.4632677286863327
510,vit_lejepa,vit_tiny_cifar,token_gradient,predicted,blocks.3,5,8,8,0.08156106621026993,0.32766175270080566,0.2046114094555378
511,vit_lejepa,vit_tiny_cifar,token_gradient,predicted,blocks.3,6,6,6,0.14853540062904358,0.22624488174915314,0.18739014118909836
0,vit_lejepa,vit_tiny_cifar,token_gradient,predicted,blocks.4,3,5,5,0.10208319127559662,0.21945516765117645,0.16076917946338654
1,vit_lejepa,vit_tiny_cifar,token_gradient,predicted,blocks.4,8,8,8,0.3531383275985718,0.17650450766086578,0.2648214176297188
2,vit_lejepa,vit_tiny_cifar,token_gradient,predicted,blocks.4,8,8,8,0.4661864638328552,0.1499948352575302,0.3080906495451927
3,vit_lejepa,vit_tiny_cifar,token_gradient,predicted,blocks.4,0,8,8,0.5904974937438965,0.09362804144620895,0.3420627675950527
4,vit_lejepa,vit_tiny_cifar,token_gradient,predicted,blocks.4,6,4,4,-0.07947754859924316,0.20434683561325073,0.062434643507003784
5,vit_lejepa,vit_tiny_cifar,token_gradient,predicted,blocks.4,6,6,6,0.4593183994293213,0.2537457048892975,0.3565320521593094
6,vit_lejepa,vit_tiny_cifar,token_gradient,predicted,blocks.4,1,1,1,0.21575026214122772,0.11025987565517426,0.163005068898201
7,vit_lejepa,vit_tiny_cifar,token_gradient,predicted,blocks.4,6,4,4,0.5758770108222961,0.39149847626686096,0.48368774354457855
8,vit_lejepa,vit_tiny_cifar,token_gradient,predicted,blocks.4,3,2,2,0.5169448852539062,0.12200140953063965,0.31947314739227295
9,vit_lejepa,vit_tiny_cifar,token_gradient,predicted,blocks.4,1,1,1,0.19832615554332733,0.11022278666496277,0.15427447110414505
10,vit_lejepa,vit_tiny_cifar,token_gradient,predicted,blocks.4,0,0,0,0.11442629992961884,0.08580935746431351,0.10011782869696617
11,vit_lejepa,vit_tiny_cifar,token_gradient,predicted,blocks.4,9,7,7,0.3364190459251404,0.12865827977657318,0.23253866285085678
12,vit_lejepa,vit_tiny_cifar,token_gradient,predicted,blocks.4,5,5,5,-0.15598013997077942,0.2693980932235718,0.05670897662639618
13,vit_lejepa,vit_tiny_cifar,token_gradient,predicted,blocks.4,7,3,3,0.5845921635627747,0.2532528042793274,0.418922483921051
14,vit_lejepa,vit_tiny_cifar,token_gradient,predicted,blocks.4,9,1,1,-0.2718149721622467,0.2984156608581543,0.013300344347953796
15,vit_lejepa,vit_tiny_cifar,token_gradient,predicted,blocks.4,8,6,6,0.18947948515415192,0.27276143431663513,0.23112045973539352
16,vit_lejepa,vit_tiny_cifar,token_gradient,predicted,blocks.4,5,5,5,0.36294490098953247,0.19373054802417755,0.278337724506855
17,vit_lejepa,vit_tiny_cifar,token_gradient,predicted,blocks.4,7,5,5,-0.10955129563808441,0.22750581800937653,0.05897726118564606
18,vit_lejepa,vit_tiny_cifar,token_gradient,predicted,blocks.4,8,8,8,-0.13840939104557037,0.2582031488418579,0.05989687889814377
19,vit_lejepa,vit_tiny_cifar,token_gradient,predicted,blocks.4,6,4,4,-0.1833769977092743,0.2746880054473877,0.0456555038690567
20,vit_lejepa,vit_tiny_cifar,token_gradient,predicted,blocks.4,7,7,7,0.5743710398674011,0.31924062967300415,0.44680583477020264
21,vit_lejepa,vit_tiny_cifar,token_gradient,predicted,blocks.4,0,0,0,0.8698559999465942,0.2721412181854248,0.5709986090660095
22,vit_lejepa,vit_tiny_cifar,token_gradient,predicted,blocks.4,4,8,8,-0.6358563899993896,0.38615408539772034,-0.12485115230083466
23,vit_lejepa,vit_tiny_cifar,token_gradient,predicted,blocks.4,9,1,1,-0.4572443664073944,0.2109898328781128,-0.12312726676464081
24,vit_lejepa,vit_tiny_cifar,token_gradient,predicted,blocks.4,5,6,6,-0.15630601346492767,0.046700794249773026,-0.054802609607577324
25,vit_lejepa,vit_tiny_cifar,token_gradient,predicted,blocks.4,2,7,7,0.15691080689430237,0.11528320610523224,0.1360970064997673
26,vit_lejepa,vit_tiny_cifar,token_gradient,predicted,blocks.4,4,3,3,0.027814511209726334,0.4395722448825836,0.23369337804615498
27,vit_lejepa,vit_tiny_cifar,token_gradient,predicted,blocks.4,0,2,2,0.16646823287010193,0.13244935870170593,0.14945879578590393
28,vit_lejepa,vit_tiny_cifar,token_gradient,predicted,blocks.4,9,1,1,0.25581327080726624,0.142386332154274,0.1990998014807701
29,vit_lejepa,vit_tiny_cifar,token_gradient,predicted,blocks.4,6,4,4,0.21161781251430511,0.3220213055610657,0.2668195590376854
30,vit_lejepa,vit_tiny_cifar,token_gradient,predicted,blocks.4,6,6,6,0.09770338237285614,0.44253596663475037,0.27011967450380325
31,vit_lejepa,vit_tiny_cifar,token_gradient,predicted,blocks.4,5,2,2,-0.06056850403547287,0.4486595690250397,0.1940455324947834
32,vit_lejepa,vit_tiny_cifar,token_gradient,predicted,blocks.4,4,6,6,-0.07647434622049332,0.25512513518333435,0.08932539448142052
33,vit_lejepa,vit_tiny_cifar,token_gradient,predicted,blocks.4,5,5,5,0.7913526296615601,0.45007583498954773,0.6207142323255539
34,vit_lejepa,vit_tiny_cifar,token_gradient,predicted,blocks.4,9,0,0,0.47394105792045593,0.30818837881088257,0.39106471836566925
35,vit_lejepa,vit_tiny_cifar,token_gradient,predicted,blocks.4,2,5,5,0.6175060272216797,0.22397491335868835,0.420740470290184
36,vit_lejepa,vit_tiny_cifar,token_gradient,predicted,blocks.4,4,4,4,0.09495577216148376,0.32053932547569275,0.20774754881858826
37,vit_lejepa,vit_tiny_cifar,token_gradient,predicted,blocks.4,1,0,0,-0.07175668329000473,0.11837324500083923,0.02330828085541725
38,vit_lejepa,vit_tiny_cifar,token_gradient,predicted,blocks.4,9,9,9,0.3275800049304962,0.22966447472572327,0.27862223982810974
39,vit_lejepa,vit_tiny_cifar,token_gradient,predicted,blocks.4,5,8,8,0.6158623695373535,0.1853594332933426,0.40061090141534805
40,vit_lejepa,vit_tiny_cifar,token_gradient,predicted,blocks.4,4,9,9,0.4633169174194336,0.13464859127998352,0.29898275434970856
41,vit_lejepa,vit_tiny_cifar,token_gradient,predicted,blocks.4,6,6,6,-0.34933316707611084,0.40967682003974915,0.030171826481819153
42,vit_lejepa,vit_tiny_cifar,token_gradient,predicted,blocks.4,5,9,9,0.1508031189441681,0.3114013373851776,0.23110222816467285
43,vit_lejepa,vit_tiny_cifar,token_gradient,predicted,blocks.4,6,6,6,0.8480735421180725,0.2402728945016861,0.5441732183098793
44,vit_lejepa,vit_tiny_cifar,token_gradient,predicted,blocks.4,0,9,9,-0.25139325857162476,0.19544100761413574,-0.027976125478744507
45,vit_lejepa,vit_tiny_cifar,token_gradient,predicted,blocks.4,9,2,2,0.5740888714790344,0.18328653275966644,0.37868770211935043
46,vit_lejepa,vit_tiny_cifar,token_gradient,predicted,blocks.4,3,3,3,0.2894549071788788,0.1944900006055832,0.241972453892231
47,vit_lejepa,vit_tiny_cifar,token_gradient,predicted,blocks.4,9,4,4,0.3011850416660309,0.15991824865341187,0.23055164515972137
48,vit_lejepa,vit_tiny_cifar,token_gradient,predicted,blocks.4,7,4,4,0.04940961301326752,0.16727761924266815,0.10834361612796783
49,vit_lejepa,vit_tiny_cifar,token_gradient,predicted,blocks.4,6,4,4,0.4394218921661377,0.36416786909103394,0.4017948806285858
50,vit_lejepa,vit_tiny_cifar,token_gradient,predicted,blocks.4,9,9,9,0.5071696043014526,0.28903740644454956,0.3981035053730011
51,vit_lejepa,vit_tiny_cifar,token_gradient,predicted,blocks.4,8,0,0,0.5690775513648987,0.37363678216934204,0.47135716676712036
52,vit_lejepa,vit_tiny_cifar,token_gradient,predicted,blocks.4,0,6,6,-0.19571536779403687,0.29925861954689026,0.0517716258764267
53,vit_lejepa,vit_tiny_cifar,token_gradient,predicted,blocks.4,3,3,3,0.18686571717262268,0.41431838274002075,0.3005920499563217
54,vit_lejepa,vit_tiny_cifar,token_gradient,predicted,blocks.4,8,8,8,0.5543181300163269,0.3734125792980194,0.46386535465717316
55,vit_lejepa,vit_tiny_cifar,token_gradient,predicted,blocks.4,8,8,8,0.5179332494735718,0.16055820882320404,0.3392457291483879
56,vit_lejepa,vit_tiny_cifar,token_gradient,predicted,blocks.4,7,5,5,-0.29500648379325867,0.17242857813835144,-0.06128895282745361
57,vit_lejepa,vit_tiny_cifar,token_gradient,predicted,blocks.4,7,3,3,-0.1649712324142456,0.12994104623794556,-0.017515093088150024
58,vit_lejepa,vit_tiny_cifar,token_gradient,predicted,blocks.4,4,8,8,0.431961327791214,0.14462564885616302,0.2882934883236885
59,vit_lejepa,vit_tiny_cifar,token_gradient,predicted,blocks.4,6,6,6,0.4079342484474182,0.16177235543727875,0.2848533019423485
60,vit_lejepa,vit_tiny_cifar,token_gradient,predicted,blocks.4,7,4,4,0.4102143943309784,0.11008024960756302,0.2601473219692707
61,vit_lejepa,vit_tiny_cifar,token_gradient,predicted,blocks.4,3,6,6,-0.2948428988456726,0.15915952622890472,-0.06784168630838394
62,vit_lejepa,vit_tiny_cifar,token_gradient,predicted,blocks.4,6,6,6,-0.40784546732902527,0.3920235335826874,-0.007910966873168945
63,vit_lejepa,vit_tiny_cifar,token_gradient,predicted,blocks.4,3,7,7,0.20738428831100464,0.3699808716773987,0.28868257999420166
64,vit_lejepa,vit_tiny_cifar,token_gradient,predicted,blocks.4,6,6,6,0.24687924981117249,0.12291376292705536,0.18489650636911392
65,vit_lejepa,vit_tiny_cifar,token_gradient,predicted,blocks.4,2,2,2,0.18716874718666077,0.16093406081199646,0.1740514039993286
66,vit_lejepa,vit_tiny_cifar,token_gradient,predicted,blocks.4,1,8,8,0.4696492552757263,0.1329725682735443,0.3013109117746353
67,vit_lejepa,vit_tiny_cifar,token_gradient,predicted,blocks.4,2,0,0,-0.06396602094173431,0.10006678104400635,0.018050380051136017
68,vit_lejepa,vit_tiny_cifar,token_gradient,predicted,blocks.4,3,5,5,0.5054296255111694,0.29264289140701294,0.3990362584590912
69,vit_lejepa,vit_tiny_cifar,token_gradient,predicted,blocks.4,7,0,0,0.0326702706515789,0.40756645798683167,0.22011836431920528
70,vit_lejepa,vit_tiny_cifar,token_gradient,predicted,blocks.4,2,6,6,0.44539308547973633,0.39684969186782837,0.42112138867378235
71,vit_lejepa,vit_tiny_cifar,token_gradient,predicted,blocks.4,6,4,4,-0.2953200340270996,0.1812358796596527,-0.05704207718372345
72,vit_lejepa,vit_tiny_cifar,token_gradient,predicted,blocks.4,8,8,8,0.474556565284729,0.1366986483335495,0.30562760680913925
73,vit_lejepa,vit_tiny_cifar,token_gradient,predicted,blocks.4,8,8,8,0.5736669898033142,0.1374545842409134,0.3555607870221138
74,vit_lejepa,vit_tiny_cifar,token_gradient,predicted,blocks.4,0,6,6,0.2549770772457123,0.22069960832595825,0.23783834278583527
75,vit_lejepa,vit_tiny_cifar,token_gradient,predicted,blocks.4,2,4,4,-0.1018117144703865,0.14276356995105743,0.020475927740335464
76,vit_lejepa,vit_tiny_cifar,token_gradient,predicted,blocks.4,9,9,9,-0.07269132137298584,0.10330371558666229,0.015306197106838226
77,vit_lejepa,vit_tiny_cifar,token_gradient,predicted,blocks.4,3,3,3,-0.12126867473125458,0.3465503752231598,0.1126408502459526
78,vit_lejepa,vit_tiny_cifar,token_gradient,predicted,blocks.4,3,5,5,-0.02100684866309166,0.36788180470466614,0.17343747802078724
79,vit_lejepa,vit_tiny_cifar,token_gradient,predicted,blocks.4,8,0,0,0.5133011937141418,0.13180892169475555,0.3225550577044487
80,vit_lejepa,vit_tiny_cifar,token_gradient,predicted,blocks.4,8,8,8,0.33945709466934204,0.14448358118534088,0.24197033792734146
81,vit_lejepa,vit_tiny_cifar,token_gradient,predicted,blocks.4,1,3,3,0.1533585637807846,0.30230167508125305,0.22783011943101883
82,vit_lejepa,vit_tiny_cifar,token_gradient,predicted,blocks.4,1,1,1,-0.13911521434783936,0.0987563505768776,-0.02017943188548088
83,vit_lejepa,vit_tiny_cifar,token_gradient,predicted,blocks.4,7,5,5,0.5253111124038696,0.11825062334537506,0.32178086787462234
84,vit_lejepa,vit_tiny_cifar,token_gradient,predicted,blocks.4,2,3,3,0.6197293996810913,0.12317601591348648,0.3714527077972889
85,vit_lejepa,vit_tiny_cifar,token_gradient,predicted,blocks.4,5,4,4,-0.06602533906698227,0.30384576320648193,0.11891021206974983
86,vit_lejepa,vit_tiny_cifar,token_gradient,predicted,blocks.4,2,9,9,0.32396355271339417,0.3984625041484833,0.3612130284309387
87,vit_lejepa,vit_tiny_cifar,token_gradient,predicted,blocks.4,7,0,0,0.4707005023956299,0.17059877514839172,0.3206496387720108
88,vit_lejepa,vit_tiny_cifar,token_gradient,predicted,blocks.4,8,9,9,0.4218811094760895,0.2298242449760437,0.3258526772260666
89,vit_lejepa,vit_tiny_cifar,token_gradient,predicted,blocks.4,9,9,9,0.46439146995544434,0.15516264736652374,0.30977705866098404
90,vit_lejepa,vit_tiny_cifar,token_gradient,predicted,blocks.4,0,0,0,0.5499361157417297,0.3079160749912262,0.42892609536647797
91,vit_lejepa,vit_tiny_cifar,token_gradient,predicted,blocks.4,3,6,6,0.38865575194358826,0.3321530818939209,0.3604044169187546
92,vit_lejepa,vit_tiny_cifar,token_gradient,predicted,blocks.4,8,8,8,0.182233065366745,0.16230663657188416,0.17226985096931458
93,vit_lejepa,vit_tiny_cifar,token_gradient,predicted,blocks.4,6,6,6,0.10855129361152649,0.2707156240940094,0.18963345885276794
94,vit_lejepa,vit_tiny_cifar,token_gradient,predicted,blocks.4,4,4,4,-0.24559286236763,0.24880820512771606,0.0016076713800430298
95,vit_lejepa,vit_tiny_cifar,token_gradient,predicted,blocks.4,6,3,3,0.20851834118366241,0.19656509160995483,0.20254171639680862
96,vit_lejepa,vit_tiny_cifar,token_gradient,predicted,blocks.4,6,6,6,0.19358119368553162,0.17228062450885773,0.18293090909719467
97,vit_lejepa,vit_tiny_cifar,token_gradient,predicted,blocks.4,0,0,0,0.9317627549171448,0.40451231598854065,0.6681375354528427
98,vit_lejepa,vit_tiny_cifar,token_gradient,predicted,blocks.4,0,0,0,0.7193797826766968,0.17733922600746155,0.44835950434207916
99,vit_lejepa,vit_tiny_cifar,token_gradient,predicted,blocks.4,7,7,7,0.19490838050842285,0.2137211561203003,0.20431476831436157
100,vit_lejepa,vit_tiny_cifar,token_gradient,predicted,blocks.4,4,4,4,0.8512342572212219,0.24461805820465088,0.5479261577129364
101,vit_lejepa,vit_tiny_cifar,token_gradient,predicted,blocks.4,5,5,5,0.4068930149078369,0.2570636570453644,0.33197833597660065
102,vit_lejepa,vit_tiny_cifar,token_gradient,predicted,blocks.4,6,3,3,0.5802427530288696,0.21988457441329956,0.4000636637210846
103,vit_lejepa,vit_tiny_cifar,token_gradient,predicted,blocks.4,3,5,5,0.6455513834953308,0.4135448932647705,0.5295481383800507
104,vit_lejepa,vit_tiny_cifar,token_gradient,predicted,blocks.4,1,1,1,-0.20261485874652863,0.15375782549381256,-0.024428516626358032
105,vit_lejepa,vit_tiny_cifar,token_gradient,predicted,blocks.4,1,8,8,0.515424370765686,0.16806969046592712,0.3417470306158066
106,vit_lejepa,vit_tiny_cifar,token_gradient,predicted,blocks.4,3,8,8,0.402876615524292,0.2835213840007782,0.3431989997625351
107,vit_lejepa,vit_tiny_cifar,token_gradient,predicted,blocks.4,6,6,6,0.16768330335617065,0.35686755180358887,0.26227542757987976
108,vit_lejepa,vit_tiny_cifar,token_gradient,predicted,blocks.4,8,9,9,0.6974667906761169,0.3501092791557312,0.5237880349159241
109,vit_lejepa,vit_tiny_cifar,token_gradient,predicted,blocks.4,7,5,5,0.10345511138439178,0.25943511724472046,0.18144511431455612
110,vit_lejepa,vit_tiny_cifar,token_gradient,predicted,blocks.4,4,3,3,0.07185164839029312,0.4010271430015564,0.23643939569592476
111,vit_lejepa,vit_tiny_cifar,token_gradient,predicted,blocks.4,0,8,8,0.3661470413208008,0.22872576117515564,0.2974364012479782
112,vit_lejepa,vit_tiny_cifar,token_gradient,predicted,blocks.4,6,4,4,-0.2425229698419571,0.31993788480758667,0.03870745748281479
113,vit_lejepa,vit_tiny_cifar,token_gradient,predicted,blocks.4,2,2,2,0.18861597776412964,0.15329217910766602,0.17095407843589783
114,vit_lejepa,vit_tiny_cifar,token_gradient,predicted,blocks.4,1,7,7,0.02381538599729538,0.2342108190059662,0.12901310250163078
115,vit_lejepa,vit_tiny_cifar,token_gradient,predicted,blocks.4,3,4,4,0.40536877512931824,0.537789523601532,0.4715791493654251
116,vit_lejepa,vit_tiny_cifar,token_gradient,predicted,blocks.4,0,0,0,0.6544700860977173,0.18005190789699554,0.4172609969973564
117,vit_lejepa,vit_tiny_cifar,token_gradient,predicted,blocks.4,4,9,9,0.016585558652877808,0.3352537751197815,0.17591966688632965
118,vit_lejepa,vit_tiny_cifar,token_gradient,predicted,blocks.4,2,3,3,0.20004723966121674,0.5592643618583679,0.37965580075979233
119,vit_lejepa,vit_tiny_cifar,token_gradient,predicted,blocks.4,7,7,7,0.16623227298259735,0.3576545715332031,0.26194342225790024
120,vit_lejepa,vit_tiny_cifar,token_gradient,predicted,blocks.4,8,8,8,0.6501012444496155,0.2970390319824219,0.4735701382160187
121,vit_lejepa,vit_tiny_cifar,token_gradient,predicted,blocks.4,3,3,3,-0.3496256172657013,0.12526938319206238,-0.11217811703681946
122,vit_lejepa,vit_tiny_cifar,token_gradient,predicted,blocks.4,1,9,9,-0.33062243461608887,0.18738877773284912,-0.07161682844161987
123,vit_lejepa,vit_tiny_cifar,token_gradient,predicted,blocks.4,2,2,2,0.5015125274658203,0.2805606722831726,0.39103659987449646
124,vit_lejepa,vit_tiny_cifar,token_gradient,predicted,blocks.4,8,9,9,0.5407474040985107,0.17272675037384033,0.35673707723617554
125,vit_lejepa,vit_tiny_cifar,token_gradient,predicted,blocks.4,0,8,8,-0.22934719920158386,0.17903386056423187,-0.025156669318675995
126,vit_lejepa,vit_tiny_cifar,token_gradient,predicted,blocks.4,8,8,8,0.4194767475128174,0.21460376679897308,0.31704025715589523
127,vit_lejepa,vit_tiny_cifar,token_gradient,predicted,blocks.4,3,3,3,0.23046864569187164,0.2854650020599365,0.2579668238759041
128,vit_lejepa,vit_tiny_cifar,token_gradient,predicted,blocks.4,5,8,8,0.3770042657852173,0.10170533508062363,0.23935480043292046
129,vit_lejepa,vit_tiny_cifar,token_gradient,predicted,blocks.4,2,0,0,0.48747530579566956,0.14076444506645203,0.3141198754310608
130,vit_lejepa,vit_tiny_cifar,token_gradient,predicted,blocks.4,4,6,6,0.2076892852783203,0.16264106333255768,0.185165174305439
131,vit_lejepa,vit_tiny_cifar,token_gradient,predicted,blocks.4,1,8,8,0.19773629307746887,0.19297324120998383,0.19535476714372635
132,vit_lejepa,vit_tiny_cifar,token_gradient,predicted,blocks.4,8,8,8,0.1123853549361229,0.11763585358858109,0.11501060426235199
133,vit_lejepa,vit_tiny_cifar,token_gradient,predicted,blocks.4,9,9,9,-0.2671586275100708,0.1027279794216156,-0.0822153240442276
134,vit_lejepa,vit_tiny_cifar,token_gradient,predicted,blocks.4,1,8,8,0.42601075768470764,0.21162697672843933,0.3188188672065735
135,vit_lejepa,vit_tiny_cifar,token_gradient,predicted,blocks.4,2,3,3,0.5166639685630798,0.11166790872812271,0.3141659386456013
136,vit_lejepa,vit_tiny_cifar,token_gradient,predicted,blocks.4,9,9,9,0.13163548707962036,0.3302091062068939,0.23092229664325714
137,vit_lejepa,vit_tiny_cifar,token_gradient,predicted,blocks.4,7,3,3,-0.17104069888591766,0.0676526352763176,-0.051694031804800034
138,vit_lejepa,vit_tiny_cifar,token_gradient,predicted,blocks.4,2,2,2,0.23094314336776733,0.4330410361289978,0.33199208974838257
139,vit_lejepa,vit_tiny_cifar,token_gradient,predicted,blocks.4,9,8,8,0.7162297964096069,0.1742568016052246,0.44524329900741577
140,vit_lejepa,vit_tiny_cifar,token_gradient,predicted,blocks.4,6,4,4,0.13957512378692627,0.2244606614112854,0.18201789259910583
141,vit_lejepa,vit_tiny_cifar,token_gradient,predicted,blocks.4,5,5,5,-0.16221630573272705,0.2049255520105362,0.02135462313890457
142,vit_lejepa,vit_tiny_cifar,token_gradient,predicted,blocks.4,6,3,3,0.05524422228336334,0.081222765147686,0.06823349371552467
143,vit_lejepa,vit_tiny_cifar,token_gradient,predicted,blocks.4,3,5,5,0.09701640903949738,0.35992878675460815,0.22847259789705276
144,vit_lejepa,vit_tiny_cifar,token_gradient,predicted,blocks.4,8,8,8,0.25149935483932495,0.42637890577316284,0.3389391303062439
145,vit_lejepa,vit_tiny_cifar,token_gradient,predicted,blocks.4,7,2,2,0.27049946784973145,0.15433473885059357,0.2124171033501625
146,vit_lejepa,vit_tiny_cifar,token_gradient,predicted,blocks.4,6,6,6,0.0769534632563591,0.37482786178588867,0.22589066252112389
147,vit_lejepa,vit_tiny_cifar,token_gradient,predicted,blocks.4,2,5,5,0.23613415658473969,0.3450099527835846,0.29057205468416214
148,vit_lejepa,vit_tiny_cifar,token_gradient,predicted,blocks.4,5,3,3,0.5460400581359863,0.34693440794944763,0.446487233042717
149,vit_lejepa,vit_tiny_cifar,token_gradient,predicted,blocks.4,2,3,3,0.13443894684314728,0.2823227643966675,0.20838085561990738
150,vit_lejepa,vit_tiny_cifar,token_gradient,predicted,blocks.4,8,1,1,0.06612364202737808,0.13937000930309296,0.10274682566523552
151,vit_lejepa,vit_tiny_cifar,token_gradient,predicted,blocks.4,9,1,1,0.18503709137439728,0.5072576403617859,0.3461473658680916
152,vit_lejepa,vit_tiny_cifar,token_gradient,predicted,blocks.4,6,1,1,-0.02897472120821476,0.18454183638095856,0.0777835575863719
153,vit_lejepa,vit_tiny_cifar,token_gradient,predicted,blocks.4,0,0,0,0.51030033826828,0.14967434108257294,0.3299873396754265
154,vit_lejepa,vit_tiny_cifar,token_gradient,predicted,blocks.4,0,0,0,0.7567954659461975,0.23933351039886475,0.49806448817253113
155,vit_lejepa,vit_tiny_cifar,token_gradient,predicted,blocks.4,5,2,2,0.0980381965637207,0.33913248777389526,0.21858534216880798
156,vit_lejepa,vit_tiny_cifar,token_gradient,predicted,blocks.4,2,5,5,0.2843145728111267,0.1593455672264099,0.2218300700187683
157,vit_lejepa,vit_tiny_cifar,token_gradient,predicted,blocks.4,9,8,8,0.5630298852920532,0.20938143134117126,0.38620565831661224
158,vit_lejepa,vit_tiny_cifar,token_gradient,predicted,blocks.4,5,3,3,0.3180469870567322,0.15446113049983978,0.23625405877828598
159,vit_lejepa,vit_tiny_cifar,token_gradient,predicted,blocks.4,4,4,4,0.1227763220667839,0.08629869669675827,0.10453750938177109
160,vit_lejepa,vit_tiny_cifar,token_gradient,predicted,blocks.4,2,0,0,0.9482137560844421,0.4252428710460663,0.6867283135652542
161,vit_lejepa,vit_tiny_cifar,token_gradient,predicted,blocks.4,1,1,1,0.1122104674577713,0.35072240233421326,0.23146643489599228
162,vit_lejepa,vit_tiny_cifar,token_gradient,predicted,blocks.4,6,3,3,0.16794535517692566,0.4068339169025421,0.2873896360397339
163,vit_lejepa,vit_tiny_cifar,token_gradient,predicted,blocks.4,6,6,6,-0.027943510562181473,0.15602752566337585,0.06404200755059719
164,vit_lejepa,vit_tiny_cifar,token_gradient,predicted,blocks.4,8,0,0,0.49397173523902893,0.20348970592021942,0.3487307205796242
165,vit_lejepa,vit_tiny_cifar,token_gradient,predicted,blocks.4,4,9,9,-0.35440778732299805,0.1036875918507576,-0.12536009773612022
166,vit_lejepa,vit_tiny_cifar,token_gradient,predicted,blocks.4,8,8,8,0.5703541040420532,0.21320359408855438,0.3917788490653038
167,vit_lejepa,vit_tiny_cifar,token_gradient,predicted,blocks.4,4,2,2,0.6723983883857727,0.4142274856567383,0.5433129370212555
168,vit_lejepa,vit_tiny_cifar,token_gradient,predicted,blocks.4,5,7,7,-0.0057393028400838375,0.12238549441099167,0.058323095785453916
169,vit_lejepa,vit_tiny_cifar,token_gradient,predicted,blocks.4,0,0,0,-0.1544874608516693,0.550380527973175,0.19794653356075287
170,vit_lejepa,vit_tiny_cifar,token_gradient,predicted,blocks.4,9,9,9,0.3745163083076477,0.12389957159757614,0.24920793995261192
171,vit_lejepa,vit_tiny_cifar,token_gradient,predicted,blocks.4,9,6,6,0.09163632988929749,0.08356980234384537,0.08760306611657143
172,vit_lejepa,vit_tiny_cifar,token_gradient,predicted,blocks.4,9,4,4,0.580321192741394,0.24134379625320435,0.4108324944972992
173,vit_lejepa,vit_tiny_cifar,token_gradient,predicted,blocks.4,8,8,8,-0.09922758489847183,0.26885655522346497,0.08481448516249657
174,vit_lejepa,vit_tiny_cifar,token_gradient,predicted,blocks.4,9,9,9,-0.10174577683210373,0.12361929565668106,0.010936759412288666
175,vit_lejepa,vit_tiny_cifar,token_gradient,predicted,blocks.4,9,1,1,0.4590129852294922,0.22770054638385773,0.34335676580667496
176,vit_lejepa,vit_tiny_cifar,token_gradient,predicted,blocks.4,3,4,4,-0.020061269402503967,0.16697092354297638,0.0734548270702362
177,vit_lejepa,vit_tiny_cifar,token_gradient,predicted,blocks.4,7,6,6,0.6119982004165649,0.3182140290737152,0.4651061147451401
178,vit_lejepa,vit_tiny_cifar,token_gradient,predicted,blocks.4,5,3,3,0.5652070641517639,0.1524423360824585,0.3588247001171112
179,vit_lejepa,vit_tiny_cifar,token_gradient,predicted,blocks.4,0,8,8,0.11344578117132187,0.0903511494398117,0.10189846530556679
180,vit_lejepa,vit_tiny_cifar,token_gradient,predicted,blocks.4,0,0,0,0.5339138507843018,0.10359500348567963,0.3187544271349907
181,vit_lejepa,vit_tiny_cifar,token_gradient,predicted,blocks.4,5,6,6,0.27071449160575867,0.2398367077112198,0.2552755996584892
182,vit_lejepa,vit_tiny_cifar,token_gradient,predicted,blocks.4,2,2,2,0.21363109350204468,0.1941794902086258,0.20390529185533524
183,vit_lejepa,vit_tiny_cifar,token_gradient,predicted,blocks.4,2,2,2,0.2298414409160614,0.402044415473938,0.3159429281949997
184,vit_lejepa,vit_tiny_cifar,token_gradient,predicted,blocks.4,3,4,4,0.6071374416351318,0.13627669215202332,0.3717070668935776
185,vit_lejepa,vit_tiny_cifar,token_gradient,predicted,blocks.4,8,8,8,-0.053537145256996155,0.04080933704972267,-0.006363904103636742
186,vit_lejepa,vit_tiny_cifar,token_gradient,predicted,blocks.4,6,6,6,-0.33787432312965393,0.38389456272125244,0.023010119795799255
187,vit_lejepa,vit_tiny_cifar,token_gradient,predicted,blocks.4,3,5,5,0.20791120827198029,0.21261215209960938,0.21026168018579483
188,vit_lejepa,vit_tiny_cifar,token_gradient,predicted,blocks.4,4,6,6,0.25933346152305603,0.2441733032464981,0.25175338238477707
189,vit_lejepa,vit_tiny_cifar,token_gradient,predicted,blocks.4,0,0,0,-0.4653346836566925,0.3752322196960449,-0.04505123198032379
190,vit_lejepa,vit_tiny_cifar,token_gradient,predicted,blocks.4,5,6,6,0.3882879912853241,0.09409791231155396,0.24119295179843903
191,vit_lejepa,vit_tiny_cifar,token_gradient,predicted,blocks.4,8,3,3,0.6322432160377502,0.12416178733110428,0.37820250168442726
192,vit_lejepa,vit_tiny_cifar,token_gradient,predicted,blocks.4,0,6,6,0.1306329220533371,0.1455409973859787,0.1380869597196579
193,vit_lejepa,vit_tiny_cifar,token_gradient,predicted,blocks.4,1,1,1,0.22346217930316925,0.13671545684337616,0.1800888180732727
194,vit_lejepa,vit_tiny_cifar,token_gradient,predicted,blocks.4,7,6,6,0.07174733281135559,0.12768881022930145,0.09971807152032852
195,vit_lejepa,vit_tiny_cifar,token_gradient,predicted,blocks.4,2,2,2,0.38909482955932617,0.4874907433986664,0.4382927864789963
196,vit_lejepa,vit_tiny_cifar,token_gradient,predicted,blocks.4,8,1,1,0.27899062633514404,0.3625054359436035,0.3207480311393738
197,vit_lejepa,vit_tiny_cifar,token_gradient,predicted,blocks.4,8,2,2,0.6744707226753235,0.22395487129688263,0.44921279698610306
198,vit_lejepa,vit_tiny_cifar,token_gradient,predicted,blocks.4,7,3,3,-0.26579394936561584,0.20961825549602509,-0.02808784693479538
199,vit_lejepa,vit_tiny_cifar,token_gradient,predicted,blocks.4,8,0,0,0.5089589953422546,0.14829804003238678,0.3286285176873207
200,vit_lejepa,vit_tiny_cifar,token_gradient,predicted,blocks.4,5,3,3,0.07668835669755936,0.31349122524261475,0.19508979097008705
201,vit_lejepa,vit_tiny_cifar,token_gradient,predicted,blocks.4,1,0,0,0.00824795849621296,0.461733341217041,0.234990649856627
202,vit_lejepa,vit_tiny_cifar,token_gradient,predicted,blocks.4,8,8,8,0.35872361063957214,0.16945965588092804,0.2640916332602501
203,vit_lejepa,vit_tiny_cifar,token_gradient,predicted,blocks.4,7,9,9,-0.319527804851532,0.2578901946544647,-0.03081880509853363
204,vit_lejepa,vit_tiny_cifar,token_gradient,predicted,blocks.4,1,1,1,0.2653149962425232,0.18947754800319672,0.22739627212285995
205,vit_lejepa,vit_tiny_cifar,token_gradient,predicted,blocks.4,3,3,3,0.6293960213661194,0.2773094177246094,0.4533527195453644
206,vit_lejepa,vit_tiny_cifar,token_gradient,predicted,blocks.4,0,1,1,0.649791419506073,0.17723748087882996,0.4135144501924515
207,vit_lejepa,vit_tiny_cifar,token_gradient,predicted,blocks.4,5,2,2,-0.1039096936583519,0.3855535089969635,0.1408219076693058
208,vit_lejepa,vit_tiny_cifar,token_gradient,predicted,blocks.4,7,4,4,0.39322203397750854,0.16721339523792267,0.2802177146077156
209,vit_lejepa,vit_tiny_cifar,token_gradient,predicted,blocks.4,9,8,8,0.6873171329498291,0.2361803650856018,0.46174874901771545
210,vit_lejepa,vit_tiny_cifar,token_gradient,predicted,blocks.4,7,3,3,-0.09631293267011642,0.08876786381006241,-0.003772534430027008
211,vit_lejepa,vit_tiny_cifar,token_gradient,predicted,blocks.4,4,0,0,0.7323020696640015,0.3310381770133972,0.5316701233386993
212,vit_lejepa,vit_tiny_cifar,token_gradient,predicted,blocks.4,5,0,0,0.7463887929916382,0.1928025633096695,0.46959567815065384
213,vit_lejepa,vit_tiny_cifar,token_gradient,predicted,blocks.4,9,9,9,-0.023890448734164238,0.20034170150756836,0.08822562638670206
214,vit_lejepa,vit_tiny_cifar,token_gradient,predicted,blocks.4,8,7,7,0.4992951452732086,0.1413789689540863,0.32033705711364746
215,vit_lejepa,vit_tiny_cifar,token_gradient,predicted,blocks.4,0,4,4,0.6352726817131042,0.15557734668254852,0.3954250141978264
216,vit_lejepa,vit_tiny_cifar,token_gradient,predicted,blocks.4,7,0,0,0.3077489733695984,0.1258939653635025,0.21682146936655045
217,vit_lejepa,vit_tiny_cifar,token_gradient,predicted,blocks.4,9,1,1,0.19085261225700378,0.12296556681394577,0.15690908953547478
218,vit_lejepa,vit_tiny_cifar,token_gradient,predicted,blocks.4,8,0,0,0.3220921754837036,0.5591163039207458,0.44060423970222473
219,vit_lejepa,vit_tiny_cifar,token_gradient,predicted,blocks.4,2,2,2,0.05905797332525253,0.2243805080652237,0.1417192406952381
220,vit_lejepa,vit_tiny_cifar,token_gradient,predicted,blocks.4,7,7,7,0.2917421758174896,0.20307987928390503,0.24741102755069733
221,vit_lejepa,vit_tiny_cifar,token_gradient,predicted,blocks.4,6,2,2,-0.1527768224477768,0.3605622351169586,0.10389270633459091
222,vit_lejepa,vit_tiny_cifar,token_gradient,predicted,blocks.4,9,5,5,0.2392462193965912,0.16403163969516754,0.20163892954587936
223,vit_lejepa,vit_tiny_cifar,token_gradient,predicted,blocks.4,4,2,2,0.5481619834899902,0.5223907828330994,0.5352763831615448
224,vit_lejepa,vit_tiny_cifar,token_gradient,predicted,blocks.4,3,3,3,0.1485595554113388,0.5647130608558655,0.35663630813360214
225,vit_lejepa,vit_tiny_cifar,token_gradient,predicted,blocks.4,9,9,9,-0.14029888808727264,0.20615288615226746,0.032926999032497406
226,vit_lejepa,vit_tiny_cifar,token_gradient,predicted,blocks.4,6,0,0,0.6837790012359619,0.32310980558395386,0.5034444034099579
227,vit_lejepa,vit_tiny_cifar,token_gradient,predicted,blocks.4,4,6,6,0.6211141347885132,0.12970034778118134,0.37540724128484726
228,vit_lejepa,vit_tiny_cifar,token_gradient,predicted,blocks.4,7,0,0,0.49932029843330383,0.14503994584083557,0.3221801221370697
229,vit_lejepa,vit_tiny_cifar,token_gradient,predicted,blocks.4,6,9,9,0.2255699634552002,0.24183398485183716,0.23370197415351868
230,vit_lejepa,vit_tiny_cifar,token_gradient,predicted,blocks.4,5,5,5,0.5824349522590637,0.1812392622232437,0.3818371072411537
231,vit_lejepa,vit_tiny_cifar,token_gradient,predicted,blocks.4,1,9,9,0.4671132266521454,0.3009808361530304,0.3840470314025879
232,vit_lejepa,vit_tiny_cifar,token_gradient,predicted,blocks.4,5,7,7,-0.44207942485809326,0.08837229758501053,-0.17685356363654137
233,vit_lejepa,vit_tiny_cifar,token_gradient,predicted,blocks.4,8,4,4,-0.0003164235095027834,0.32935792207717896,0.16452074928383809
234,vit_lejepa,vit_tiny_cifar,token_gradient,predicted,blocks.4,8,8,8,0.44460731744766235,0.13123901188373566,0.287923164665699
235,vit_lejepa,vit_tiny_cifar,token_gradient,predicted,blocks.4,0,0,0,0.7128521203994751,0.26627814769744873,0.4895651340484619
236,vit_lejepa,vit_tiny_cifar,token_gradient,predicted,blocks.4,4,4,4,0.6305132508277893,0.5744443535804749,0.6024788022041321
237,vit_lejepa,vit_tiny_cifar,token_gradient,predicted,blocks.4,0,9,9,0.3553975522518158,0.15253497660160065,0.2539662644267082
238,vit_lejepa,vit_tiny_cifar,token_gradient,predicted,blocks.4,5,4,4,0.65296870470047,0.164290189743042,0.408629447221756
239,vit_lejepa,vit_tiny_cifar,token_gradient,predicted,blocks.4,5,6,6,0.3667650520801544,0.18804726004600525,0.27740615606307983
240,vit_lejepa,vit_tiny_cifar,token_gradient,predicted,blocks.4,1,1,1,0.36560729146003723,0.26722046732902527,0.31641387939453125
241,vit_lejepa,vit_tiny_cifar,token_gradient,predicted,blocks.4,1,8,8,0.3194924592971802,0.3762543797492981,0.34787341952323914
242,vit_lejepa,vit_tiny_cifar,token_gradient,predicted,blocks.4,8,0,0,-0.3884412348270416,0.2667953372001648,-0.060822948813438416
243,vit_lejepa,vit_tiny_cifar,token_gradient,predicted,blocks.4,9,8,8,0.5000582337379456,0.35952940583229065,0.4297938197851181
244,vit_lejepa,vit_tiny_cifar,token_gradient,predicted,blocks.4,0,0,0,0.4770570993423462,0.1425957828760147,0.30982644110918045
245,vit_lejepa,vit_tiny_cifar,token_gradient,predicted,blocks.4,3,5,5,0.6891227960586548,0.34942999482154846,0.5192763954401016
246,vit_lejepa,vit_tiny_cifar,token_gradient,predicted,blocks.4,1,5,5,0.21563155949115753,0.21237799525260925,0.2140047773718834
247,vit_lejepa,vit_tiny_cifar,token_gradient,predicted,blocks.4,9,8,8,0.6481271982192993,0.13887657225131989,0.3935018852353096
248,vit_lejepa,vit_tiny_cifar,token_gradient,predicted,blocks.4,2,2,2,0.04671061038970947,0.09617611765861511,0.07144336402416229
249,vit_lejepa,vit_tiny_cifar,token_gradient,predicted,blocks.4,2,6,6,0.5900973081588745,0.21932636201381683,0.4047118350863457
250,vit_lejepa,vit_tiny_cifar,token_gradient,predicted,blocks.4,5,7,7,0.7207874059677124,0.16105087101459503,0.4409191384911537
251,vit_lejepa,vit_tiny_cifar,token_gradient,predicted,blocks.4,3,3,3,-0.030025223270058632,0.46644771099090576,0.21821124386042356
252,vit_lejepa,vit_tiny_cifar,token_gradient,predicted,blocks.4,9,9,9,0.026689942926168442,0.2406330555677414,0.13366149924695492
253,vit_lejepa,vit_tiny_cifar,token_gradient,predicted,blocks.4,9,1,1,0.22932444512844086,0.512850284576416,0.37108736485242844
254,vit_lejepa,vit_tiny_cifar,token_gradient,predicted,blocks.4,4,4,4,0.3725445866584778,0.1993500292301178,0.2859473079442978
255,vit_lejepa,vit_tiny_cifar,token_gradient,predicted,blocks.4,0,0,0,0.6445327401161194,0.2014520913362503,0.42299241572618484
256,vit_lejepa,vit_tiny_cifar,token_gradient,predicted,blocks.4,3,5,5,0.2844482958316803,0.3023746609687805,0.2934114784002304
257,vit_lejepa,vit_tiny_cifar,token_gradient,predicted,blocks.4,0,0,0,0.3971923887729645,0.3671768605709076,0.38218462467193604
258,vit_lejepa,vit_tiny_cifar,token_gradient,predicted,blocks.4,0,8,8,0.30698201060295105,0.286630243062973,0.29680612683296204
259,vit_lejepa,vit_tiny_cifar,token_gradient,predicted,blocks.4,9,1,1,0.2658001780509949,0.2952771484851837,0.2805386632680893
260,vit_lejepa,vit_tiny_cifar,token_gradient,predicted,blocks.4,8,5,5,0.49819549918174744,0.4463261067867279,0.47226080298423767
261,vit_lejepa,vit_tiny_cifar,token_gradient,predicted,blocks.4,1,1,1,-0.22746038436889648,0.12182223796844482,-0.05281907320022583
262,vit_lejepa,vit_tiny_cifar,token_gradient,predicted,blocks.4,5,1,1,0.4918917715549469,0.4148738980293274,0.45338283479213715
263,vit_lejepa,vit_tiny_cifar,token_gradient,predicted,blocks.4,7,8,8,0.2381066083908081,0.425143837928772,0.33162522315979004
264,vit_lejepa,vit_tiny_cifar,token_gradient,predicted,blocks.4,0,5,5,0.7800825834274292,0.228281632065773,0.5041821077466011
265,vit_lejepa,vit_tiny_cifar,token_gradient,predicted,blocks.4,8,8,8,0.5970794558525085,0.5008805990219116,0.5489800274372101
266,vit_lejepa,vit_tiny_cifar,token_gradient,predicted,blocks.4,2,8,8,0.38277003169059753,0.24604789912700653,0.31440896540880203
267,vit_lejepa,vit_tiny_cifar,token_gradient,predicted,blocks.4,4,4,4,0.5153086185455322,0.6406998038291931,0.5780042111873627
268,vit_lejepa,vit_tiny_cifar,token_gradient,predicted,blocks.4,7,7,7,0.21923185884952545,0.22661717236042023,0.22292451560497284
269,vit_lejepa,vit_tiny_cifar,token_gradient,predicted,blocks.4,0,5,5,0.5889747738838196,0.3534866273403168,0.4712307006120682
270,vit_lejepa,vit_tiny_cifar,token_gradient,predicted,blocks.4,2,6,6,0.1372479647397995,0.11399830877780914,0.12562313675880432
271,vit_lejepa,vit_tiny_cifar,token_gradient,predicted,blocks.4,3,4,4,0.04750432074069977,0.21078594028949738,0.12914513051509857
272,vit_lejepa,vit_tiny_cifar,token_gradient,predicted,blocks.4,6,6,6,-0.11527281254529953,0.45938873291015625,0.17205796018242836
273,vit_lejepa,vit_tiny_cifar,token_gradient,predicted,blocks.4,3,3,3,0.6111816167831421,0.48899590969085693,0.5500887632369995
274,vit_lejepa,vit_tiny_cifar,token_gradient,predicted,blocks.4,8,8,8,0.42337825894355774,0.3617958426475525,0.3925870507955551
275,vit_lejepa,vit_tiny_cifar,token_gradient,predicted,blocks.4,5,3,3,0.703794002532959,0.23054274916648865,0.4671683758497238
276,vit_lejepa,vit_tiny_cifar,token_gradient,predicted,blocks.4,0,1,1,0.6882351636886597,0.5839201807975769,0.6360776722431183
277,vit_lejepa,vit_tiny_cifar,token_gradient,predicted,blocks.4,3,2,2,-0.2522912621498108,0.21087117493152618,-0.020710043609142303
278,vit_lejepa,vit_tiny_cifar,token_gradient,predicted,blocks.4,4,4,4,0.07400991022586823,0.23301585018634796,0.1535128802061081
279,vit_lejepa,vit_tiny_cifar,token_gradient,predicted,blocks.4,3,3,3,-0.13645915687084198,0.2896641194820404,0.07660248130559921
280,vit_lejepa,vit_tiny_cifar,token_gradient,predicted,blocks.4,9,9,9,-0.12245266139507294,0.11308630555868149,-0.0046831779181957245
281,vit_lejepa,vit_tiny_cifar,token_gradient,predicted,blocks.4,0,6,6,-0.1131288930773735,0.28954896330833435,0.08821003511548042
282,vit_lejepa,vit_tiny_cifar,token_gradient,predicted,blocks.4,6,6,6,0.5701866745948792,0.23796775937080383,0.4040772169828415
283,vit_lejepa,vit_tiny_cifar,token_gradient,predicted,blocks.4,1,9,9,0.6749764084815979,0.38244885206222534,0.5287126302719116
284,vit_lejepa,vit_tiny_cifar,token_gradient,predicted,blocks.4,0,8,8,0.1724730283021927,0.09747035056352615,0.13497168943285942
285,vit_lejepa,vit_tiny_cifar,token_gradient,predicted,blocks.4,9,9,9,0.08000361919403076,0.06245699152350426,0.07123030535876751
286,vit_lejepa,vit_tiny_cifar,token_gradient,predicted,blocks.4,1,0,0,-0.13129600882530212,0.32070863246917725,0.09470631182193756
287,vit_lejepa,vit_tiny_cifar,token_gradient,predicted,blocks.4,0,0,0,0.3356463611125946,0.08710671216249466,0.21137653663754463
288,vit_lejepa,vit_tiny_cifar,token_gradient,predicted,blocks.4,7,5,5,0.3724153935909271,0.08648540079593658,0.22945039719343185
289,vit_lejepa,vit_tiny_cifar,token_gradient,predicted,blocks.4,9,0,0,0.3390290141105652,0.19124451279640198,0.2651367634534836
290,vit_lejepa,vit_tiny_cifar,token_gradient,predicted,blocks.4,1,1,1,0.16140680015087128,0.2764071822166443,0.21890699118375778
291,vit_lejepa,vit_tiny_cifar,token_gradient,predicted,blocks.4,2,2,2,0.20336022973060608,0.508985698223114,0.35617296397686005
292,vit_lejepa,vit_tiny_cifar,token_gradient,predicted,blocks.4,6,2,2,0.5340434908866882,0.26909562945365906,0.40156956017017365
293,vit_lejepa,vit_tiny_cifar,token_gradient,predicted,blocks.4,9,8,8,0.09598337858915329,0.17656858265399933,0.1362759806215763
294,vit_lejepa,vit_tiny_cifar,token_gradient,predicted,blocks.4,3,3,3,0.40617844462394714,0.22953645884990692,0.31785745173692703
295,vit_lejepa,vit_tiny_cifar,token_gradient,predicted,blocks.4,4,4,4,0.40624648332595825,0.256898432970047,0.3315724581480026
296,vit_lejepa,vit_tiny_cifar,token_gradient,predicted,blocks.4,6,6,6,0.7139558792114258,0.5482978820800781,0.631126880645752
297,vit_lejepa,vit_tiny_cifar,token_gradient,predicted,blocks.4,0,0,0,0.6723414063453674,0.20241636037826538,0.4373788833618164
298,vit_lejepa,vit_tiny_cifar,token_gradient,predicted,blocks.4,0,0,0,0.7198699116706848,0.29794955253601074,0.5089097321033478
299,vit_lejepa,vit_tiny_cifar,token_gradient,predicted,blocks.4,6,6,6,0.01558687724173069,0.2895222008228302,0.15255453903228045
300,vit_lejepa,vit_tiny_cifar,token_gradient,predicted,blocks.4,6,6,6,-0.25342467427253723,0.18504394590854645,-0.03419036418199539
301,vit_lejepa,vit_tiny_cifar,token_gradient,predicted,blocks.4,6,6,6,0.5926045775413513,0.13040663301944733,0.3615056052803993
302,vit_lejepa,vit_tiny_cifar,token_gradient,predicted,blocks.4,3,2,2,0.3362501859664917,0.1017000749707222,0.21897513046860695
303,vit_lejepa,vit_tiny_cifar,token_gradient,predicted,blocks.4,2,8,8,0.30579107999801636,0.5734606385231018,0.4396258592605591
304,vit_lejepa,vit_tiny_cifar,token_gradient,predicted,blocks.4,6,4,4,-0.6376667022705078,0.33113598823547363,-0.1532653570175171
305,vit_lejepa,vit_tiny_cifar,token_gradient,predicted,blocks.4,1,0,0,0.5128560066223145,0.14505212008953094,0.3289540633559227
306,vit_lejepa,vit_tiny_cifar,token_gradient,predicted,blocks.4,8,1,1,0.385770320892334,0.20812447369098663,0.2969473972916603
307,vit_lejepa,vit_tiny_cifar,token_gradient,predicted,blocks.4,2,2,2,0.47705522179603577,0.13285201787948608,0.3049536198377609
308,vit_lejepa,vit_tiny_cifar,token_gradient,predicted,blocks.4,1,1,1,-0.18112805485725403,0.24344319105148315,0.031157568097114563
309,vit_lejepa,vit_tiny_cifar,token_gradient,predicted,blocks.4,6,2,2,-0.6002770066261292,0.23221851885318756,-0.1840292438864708
310,vit_lejepa,vit_tiny_cifar,token_gradient,predicted,blocks.4,8,8,8,0.6332269906997681,0.14131082594394684,0.38726890832185745
311,vit_lejepa,vit_tiny_cifar,token_gradient,predicted,blocks.4,6,6,6,-0.2856021225452423,0.3430502712726593,0.028724074363708496
312,vit_lejepa,vit_tiny_cifar,token_gradient,predicted,blocks.4,8,0,0,0.6655945777893066,0.4201960563659668,0.5428953170776367
313,vit_lejepa,vit_tiny_cifar,token_gradient,predicted,blocks.4,0,0,0,0.7398449778556824,0.6058984398841858,0.6728717088699341
314,vit_lejepa,vit_tiny_cifar,token_gradient,predicted,blocks.4,4,5,5,0.5044779181480408,0.23837269842624664,0.3714253082871437
315,vit_lejepa,vit_tiny_cifar,token_gradient,predicted,blocks.4,0,0,0,0.8336482048034668,0.49423184990882874,0.6639400273561478
316,vit_lejepa,vit_tiny_cifar,token_gradient,predicted,blocks.4,7,7,7,0.3800502419471741,0.16714361310005188,0.273596927523613
317,vit_lejepa,vit_tiny_cifar,token_gradient,predicted,blocks.4,7,4,4,-0.14011803269386292,0.14114823937416077,0.0005151033401489258
318,vit_lejepa,vit_tiny_cifar,token_gradient,predicted,blocks.4,5,5,5,-0.3069143295288086,0.5063902735710144,0.0997379720211029
319,vit_lejepa,vit_tiny_cifar,token_gradient,predicted,blocks.4,5,3,3,0.12092660367488861,0.07122396677732468,0.09607528522610664
320,vit_lejepa,vit_tiny_cifar,token_gradient,predicted,blocks.4,3,2,2,0.718363344669342,0.2696443200111389,0.4940038323402405
321,vit_lejepa,vit_tiny_cifar,token_gradient,predicted,blocks.4,5,3,3,0.5468602180480957,0.137481689453125,0.34217095375061035
322,vit_lejepa,vit_tiny_cifar,token_gradient,predicted,blocks.4,2,6,6,0.22636601328849792,0.20634926855564117,0.21635764092206955
323,vit_lejepa,vit_tiny_cifar,token_gradient,predicted,blocks.4,3,4,4,0.09762480854988098,0.22168636322021484,0.1596555858850479
324,vit_lejepa,vit_tiny_cifar,token_gradient,predicted,blocks.4,4,5,5,0.4992271959781647,0.6022958159446716,0.5507615059614182
325,vit_lejepa,vit_tiny_cifar,token_gradient,predicted,blocks.4,1,9,9,0.035370562225580215,0.28494977951049805,0.16016017086803913
326,vit_lejepa,vit_tiny_cifar,token_gradient,predicted,blocks.4,7,2,2,0.09090984612703323,0.09812727570533752,0.09451856091618538
327,vit_lejepa,vit_tiny_cifar,token_gradient,predicted,blocks.4,5,6,6,0.3686278164386749,0.17955727875232697,0.27409254759550095
328,vit_lejepa,vit_tiny_cifar,token_gradient,predicted,blocks.4,4,0,0,0.7022038102149963,0.2117694914340973,0.4569866508245468
329,vit_lejepa,vit_tiny_cifar,token_gradient,predicted,blocks.4,6,6,6,0.48535633087158203,0.19505366683006287,0.34020499885082245
330,vit_lejepa,vit_tiny_cifar,token_gradient,predicted,blocks.4,1,1,1,0.12157898396253586,0.2485373169183731,0.18505815044045448
331,vit_lejepa,vit_tiny_cifar,token_gradient,predicted,blocks.4,9,9,9,0.7316976189613342,0.41572216153144836,0.5737098902463913
332,vit_lejepa,vit_tiny_cifar,token_gradient,predicted,blocks.4,3,6,6,0.4229893386363983,0.23514971137046814,0.3290695250034332
333,vit_lejepa,vit_tiny_cifar,token_gradient,predicted,blocks.4,6,6,6,0.05397147685289383,0.4614883065223694,0.2577298916876316
334,vit_lejepa,vit_tiny_cifar,token_gradient,predicted,blocks.4,6,6,6,0.4057307243347168,0.17372947931289673,0.28973010182380676
335,vit_lejepa,vit_tiny_cifar,token_gradient,predicted,blocks.4,9,9,9,-0.059807032346725464,0.2722455859184265,0.10621927678585052
336,vit_lejepa,vit_tiny_cifar,token_gradient,predicted,blocks.4,3,2,2,0.2667098343372345,0.25935572385787964,0.26303277909755707
337,vit_lejepa,vit_tiny_cifar,token_gradient,predicted,blocks.4,8,8,8,0.5879191756248474,0.18009795248508453,0.384008564054966
338,vit_lejepa,vit_tiny_cifar,token_gradient,predicted,blocks.4,0,0,0,0.7095296382904053,0.15281592309474945,0.43117278069257736
339,vit_lejepa,vit_tiny_cifar,token_gradient,predicted,blocks.4,7,0,0,-0.2215532660484314,0.0856294184923172,-0.0679619237780571
340,vit_lejepa,vit_tiny_cifar,token_gradient,predicted,blocks.4,2,4,4,0.45706504583358765,0.27854713797569275,0.3678060919046402
341,vit_lejepa,vit_tiny_cifar,token_gradient,predicted,blocks.4,6,7,7,0.10001058876514435,0.14038576185703278,0.12019817531108856
342,vit_lejepa,vit_tiny_cifar,token_gradient,predicted,blocks.4,2,2,2,0.6790080666542053,0.16765563189983368,0.4233318492770195
343,vit_lejepa,vit_tiny_cifar,token_gradient,predicted,blocks.4,5,1,1,0.42815011739730835,0.22719435393810272,0.32767223566770554
344,vit_lejepa,vit_tiny_cifar,token_gradient,predicted,blocks.4,8,8,8,0.19898632168769836,0.13653583824634552,0.16776107996702194
345,vit_lejepa,vit_tiny_cifar,token_gradient,predicted,blocks.4,5,5,5,-0.10454409569501877,0.20312999188899994,0.049292948096990585
346,vit_lejepa,vit_tiny_cifar,token_gradient,predicted,blocks.4,4,7,7,0.37425631284713745,0.10810808837413788,0.24118220061063766
347,vit_lejepa,vit_tiny_cifar,token_gradient,predicted,blocks.4,6,5,5,-0.17133355140686035,0.42235067486763,0.12550856173038483
348,vit_lejepa,vit_tiny_cifar,token_gradient,predicted,blocks.4,8,0,0,0.4632674753665924,0.6601123213768005,0.5616898983716965
349,vit_lejepa,vit_tiny_cifar,token_gradient,predicted,blocks.4,9,9,9,0.2470342367887497,0.12802006304264069,0.1875271499156952
350,vit_lejepa,vit_tiny_cifar,token_gradient,predicted,blocks.4,9,9,9,0.623016893863678,0.11453596502542496,0.36877642944455147
351,vit_lejepa,vit_tiny_cifar,token_gradient,predicted,blocks.4,1,1,1,-0.4311758279800415,0.2090558111667633,-0.1110600084066391
352,vit_lejepa,vit_tiny_cifar,token_gradient,predicted,blocks.4,0,0,0,-0.11415134370326996,0.3715371787548065,0.12869291752576828
353,vit_lejepa,vit_tiny_cifar,token_gradient,predicted,blocks.4,2,0,0,0.5629309415817261,0.16017474234104156,0.3615528419613838
354,vit_lejepa,vit_tiny_cifar,token_gradient,predicted,blocks.4,2,6,6,-0.1471182256937027,0.19506560266017914,0.02397368848323822
355,vit_lejepa,vit_tiny_cifar,token_gradient,predicted,blocks.4,7,3,3,0.643794596195221,0.21893462538719177,0.43136461079120636
356,vit_lejepa,vit_tiny_cifar,token_gradient,predicted,blocks.4,3,2,2,0.13174261152744293,0.0769893079996109,0.10436595976352692
357,vit_lejepa,vit_tiny_cifar,token_gradient,predicted,blocks.4,2,3,3,0.08744840323925018,0.22847923636436462,0.1579638198018074
358,vit_lejepa,vit_tiny_cifar,token_gradient,predicted,blocks.4,8,1,1,0.16672196984291077,0.3571244478225708,0.2619232088327408
359,vit_lejepa,vit_tiny_cifar,token_gradient,predicted,blocks.4,0,8,8,0.5835683345794678,0.4965375065803528,0.5400529205799103
360,vit_lejepa,vit_tiny_cifar,token_gradient,predicted,blocks.4,9,3,3,0.4290477931499481,0.2279820740222931,0.3285149335861206
361,vit_lejepa,vit_tiny_cifar,token_gradient,predicted,blocks.4,5,3,3,-0.05976048856973648,0.08750608563423157,0.013872798532247543
362,vit_lejepa,vit_tiny_cifar,token_gradient,predicted,blocks.4,8,8,8,0.44938111305236816,0.1673402190208435,0.30836066603660583
363,vit_lejepa,vit_tiny_cifar,token_gradient,predicted,blocks.4,1,8,8,0.1188240572810173,0.4562033712863922,0.28751371428370476
364,vit_lejepa,vit_tiny_cifar,token_gradient,predicted,blocks.4,9,8,8,0.029211614280939102,0.3869946599006653,0.2081031370908022
365,vit_lejepa,vit_tiny_cifar,token_gradient,predicted,blocks.4,4,7,7,0.2578434944152832,0.09785215556621552,0.17784782499074936
366,vit_lejepa,vit_tiny_cifar,token_gradient,predicted,blocks.4,1,6,6,0.0009490682277828455,0.1814517229795456,0.09120039560366422
367,vit_lejepa,vit_tiny_cifar,token_gradient,predicted,blocks.4,3,9,9,-0.1188097894191742,0.23259885609149933,0.05689453333616257
368,vit_lejepa,vit_tiny_cifar,token_gradient,predicted,blocks.4,8,8,8,0.182251438498497,0.45666080713272095,0.319456122815609
369,vit_lejepa,vit_tiny_cifar,token_gradient,predicted,blocks.4,1,8,8,0.5221377611160278,0.14452409744262695,0.3333309292793274
370,vit_lejepa,vit_tiny_cifar,token_gradient,predicted,blocks.4,4,6,6,-0.07650987803936005,0.2525811791419983,0.08803565055131912
371,vit_lejepa,vit_tiny_cifar,token_gradient,predicted,blocks.4,7,0,0,0.2569839060306549,0.13394033908843994,0.19546212255954742
372,vit_lejepa,vit_tiny_cifar,token_gradient,predicted,blocks.4,9,9,9,0.2404898852109909,0.23739682137966156,0.23894335329532623
373,vit_lejepa,vit_tiny_cifar,token_gradient,predicted,blocks.4,4,2,2,-0.0581141822040081,0.19263902306556702,0.06726242043077946
374,vit_lejepa,vit_tiny_cifar,token_gradient,predicted,blocks.4,2,2,2,-0.05395607277750969,0.2676602900028229,0.1068521086126566
375,vit_lejepa,vit_tiny_cifar,token_gradient,predicted,blocks.4,7,2,2,-0.05639360100030899,0.16493943333625793,0.05427291616797447
376,vit_lejepa,vit_tiny_cifar,token_gradient,predicted,blocks.4,0,0,0,0.48996856808662415,0.11273068934679031,0.30134962871670723
377,vit_lejepa,vit_tiny_cifar,token_gradient,predicted,blocks.4,7,5,5,0.04132654145359993,0.1534293293952942,0.09737793542444706
378,vit_lejepa,vit_tiny_cifar,token_gradient,predicted,blocks.4,0,2,2,0.04384199157357216,0.2521823048591614,0.14801214821636677
379,vit_lejepa,vit_tiny_cifar,token_gradient,predicted,blocks.4,6,6,6,0.42188459634780884,0.2414095550775528,0.3316470757126808
380,vit_lejepa,vit_tiny_cifar,token_gradient,predicted,blocks.4,6,6,6,-0.245836079120636,0.25664544105529785,0.005404680967330933
381,vit_lejepa,vit_tiny_cifar,token_gradient,predicted,blocks.4,9,9,9,0.3460165560245514,0.5247023701667786,0.435359463095665
382,vit_lejepa,vit_tiny_cifar,token_gradient,predicted,blocks.4,0,0,0,0.7571290135383606,0.2898731529712677,0.5235010832548141
383,vit_lejepa,vit_tiny_cifar,token_gradient,predicted,blocks.4,9,0,0,0.10657518357038498,0.15946148335933685,0.13301833346486092
384,vit_lejepa,vit_tiny_cifar,token_gradient,predicted,blocks.4,2,7,7,-0.45068562030792236,0.31502482295036316,-0.0678303986787796
385,vit_lejepa,vit_tiny_cifar,token_gradient,predicted,blocks.4,8,0,0,0.8148131966590881,0.37397295236587524,0.5943930745124817
386,vit_lejepa,vit_tiny_cifar,token_gradient,predicted,blocks.4,7,7,7,0.03862759470939636,0.16797034442424774,0.10329896956682205
387,vit_lejepa,vit_tiny_cifar,token_gradient,predicted,blocks.4,2,6,6,0.6352536082267761,0.2608904540538788,0.44807203114032745
388,vit_lejepa,vit_tiny_cifar,token_gradient,predicted,blocks.4,2,3,3,0.4841811954975128,0.22343191504478455,0.3538065552711487
389,vit_lejepa,vit_tiny_cifar,token_gradient,predicted,blocks.4,5,5,5,0.04592129588127136,0.30960220098495483,0.1777617484331131
390,vit_lejepa,vit_tiny_cifar,token_gradient,predicted,blocks.4,1,9,9,0.10541989654302597,0.14277252554893494,0.12409621104598045
391,vit_lejepa,vit_tiny_cifar,token_gradient,predicted,blocks.4,2,0,0,0.25516173243522644,0.3826791048049927,0.31892041862010956
392,vit_lejepa,vit_tiny_cifar,token_gradient,predicted,blocks.4,6,6,6,0.33855491876602173,0.35999536514282227,0.349275141954422
393,vit_lejepa,vit_tiny_cifar,token_gradient,predicted,blocks.4,2,5,5,-0.4153231084346771,0.2877603769302368,-0.06378136575222015
394,vit_lejepa,vit_tiny_cifar,token_gradient,predicted,blocks.4,9,3,3,-0.21863403916358948,0.24025976657867432,0.01081286370754242
395,vit_lejepa,vit_tiny_cifar,token_gradient,predicted,blocks.4,6,2,2,0.45327529311180115,0.32813024520874023,0.3907027691602707
396,vit_lejepa,vit_tiny_cifar,token_gradient,predicted,blocks.4,2,2,2,-0.2364618480205536,0.15567854046821594,-0.04039165377616882
397,vit_lejepa,vit_tiny_cifar,token_gradient,predicted,blocks.4,3,1,1,0.13217474520206451,0.21530985832214355,0.17374230176210403
398,vit_lejepa,vit_tiny_cifar,token_gradient,predicted,blocks.4,0,0,0,-0.12330187112092972,0.2189256101846695,0.04781186953186989
399,vit_lejepa,vit_tiny_cifar,token_gradient,predicted,blocks.4,3,8,8,0.010281631723046303,0.17783379554748535,0.09405771363526583
400,vit_lejepa,vit_tiny_cifar,token_gradient,predicted,blocks.4,9,9,9,0.151450514793396,0.20412340760231018,0.1777869611978531
401,vit_lejepa,vit_tiny_cifar,token_gradient,predicted,blocks.4,8,1,1,-0.44725301861763,0.2454616129398346,-0.1008957028388977
402,vit_lejepa,vit_tiny_cifar,token_gradient,predicted,blocks.4,7,6,6,-0.3896290957927704,0.18033094704151154,-0.10464907437562943
403,vit_lejepa,vit_tiny_cifar,token_gradient,predicted,blocks.4,8,0,0,0.36011946201324463,0.06877342611551285,0.21444644406437874
404,vit_lejepa,vit_tiny_cifar,token_gradient,predicted,blocks.4,8,8,8,0.5140596032142639,0.44045621156692505,0.4772579073905945
405,vit_lejepa,vit_tiny_cifar,token_gradient,predicted,blocks.4,4,4,4,-0.4771250784397125,0.3788266181945801,-0.04914923012256622
406,vit_lejepa,vit_tiny_cifar,token_gradient,predicted,blocks.4,0,0,0,0.11440963298082352,0.12751339375972748,0.1209615133702755
407,vit_lejepa,vit_tiny_cifar,token_gradient,predicted,blocks.4,1,9,9,0.1954227238893509,0.17361199855804443,0.18451736122369766
408,vit_lejepa,vit_tiny_cifar,token_gradient,predicted,blocks.4,8,0,0,-0.06601335853338242,0.0795668289065361,0.006776735186576843
409,vit_lejepa,vit_tiny_cifar,token_gradient,predicted,blocks.4,2,2,2,0.537365734577179,0.13204438984394073,0.33470506221055984
410,vit_lejepa,vit_tiny_cifar,token_gradient,predicted,blocks.4,7,8,8,-0.09744936227798462,0.0818253681063652,-0.007811997085809708
411,vit_lejepa,vit_tiny_cifar,token_gradient,predicted,blocks.4,9,5,5,0.3651927411556244,0.09742603451013565,0.23130938783288002
412,vit_lejepa,vit_tiny_cifar,token_gradient,predicted,blocks.4,3,4,4,0.6758910417556763,0.20102658867835999,0.4384588152170181
413,vit_lejepa,vit_tiny_cifar,token_gradient,predicted,blocks.4,6,6,6,0.37831345200538635,0.15823772549629211,0.26827558875083923
414,vit_lejepa,vit_tiny_cifar,token_gradient,predicted,blocks.4,1,1,1,0.28564468026161194,0.17616182565689087,0.2309032529592514
415,vit_lejepa,vit_tiny_cifar,token_gradient,predicted,blocks.4,9,9,9,0.1837998777627945,0.366047739982605,0.27492380887269974
416,vit_lejepa,vit_tiny_cifar,token_gradient,predicted,blocks.4,0,2,2,0.7811121344566345,0.20055994391441345,0.490836039185524
417,vit_lejepa,vit_tiny_cifar,token_gradient,predicted,blocks.4,7,7,7,-0.2755512297153473,0.10918162018060684,-0.08318480476737022
418,vit_lejepa,vit_tiny_cifar,token_gradient,predicted,blocks.4,3,5,5,0.29889124631881714,0.3940565884113312,0.34647391736507416
419,vit_lejepa,vit_tiny_cifar,token_gradient,predicted,blocks.4,7,6,6,0.3074078857898712,0.3171917200088501,0.31229980289936066
420,vit_lejepa,vit_tiny_cifar,token_gradient,predicted,blocks.4,4,4,4,0.7061306834220886,0.3967485725879669,0.5514396280050278
421,vit_lejepa,vit_tiny_cifar,token_gradient,predicted,blocks.4,5,5,5,0.4468653202056885,0.24890732765197754,0.347886323928833
422,vit_lejepa,vit_tiny_cifar,token_gradient,predicted,blocks.4,0,8,8,0.2421080470085144,0.21935400366783142,0.2307310253381729
423,vit_lejepa,vit_tiny_cifar,token_gradient,predicted,blocks.4,0,9,9,0.671421229839325,0.19454394280910492,0.43298258632421494
424,vit_lejepa,vit_tiny_cifar,token_gradient,predicted,blocks.4,2,2,2,0.2730609178543091,0.11696812510490417,0.19501452147960663
425,vit_lejepa,vit_tiny_cifar,token_gradient,predicted,blocks.4,9,8,8,0.12260058522224426,0.39230379462242126,0.25745218992233276
426,vit_lejepa,vit_tiny_cifar,token_gradient,predicted,blocks.4,3,5,5,0.6192840337753296,0.23297077417373657,0.4261274039745331
427,vit_lejepa,vit_tiny_cifar,token_gradient,predicted,blocks.4,4,3,3,0.11911076307296753,0.24743713438510895,0.18327394872903824
428,vit_lejepa,vit_tiny_cifar,token_gradient,predicted,blocks.4,0,7,7,0.2831862270832062,0.39597269892692566,0.3395794630050659
429,vit_lejepa,vit_tiny_cifar,token_gradient,predicted,blocks.4,6,6,6,0.24023307859897614,0.1872590035200119,0.21374604105949402
430,vit_lejepa,vit_tiny_cifar,token_gradient,predicted,blocks.4,2,7,7,0.3697447180747986,0.10497461259365082,0.2373596653342247
431,vit_lejepa,vit_tiny_cifar,token_gradient,predicted,blocks.4,5,8,8,0.7911202311515808,0.34760165214538574,0.5693609416484833
432,vit_lejepa,vit_tiny_cifar,token_gradient,predicted,blocks.4,3,3,3,0.08824314922094345,0.16492126882076263,0.12658220902085304
433,vit_lejepa,vit_tiny_cifar,token_gradient,predicted,blocks.4,7,3,3,0.44059818983078003,0.3426920771598816,0.3916451334953308
434,vit_lejepa,vit_tiny_cifar,token_gradient,predicted,blocks.4,3,9,9,-0.013450493104755878,0.2162097692489624,0.10137963807210326
435,vit_lejepa,vit_tiny_cifar,token_gradient,predicted,blocks.4,7,5,5,0.32853472232818604,0.18988491594791412,0.2592098191380501
436,vit_lejepa,vit_tiny_cifar,token_gradient,predicted,blocks.4,2,2,2,0.7498650550842285,0.27892056107521057,0.5143928080797195
437,vit_lejepa,vit_tiny_cifar,token_gradient,predicted,blocks.4,5,4,4,0.4773011803627014,0.5748749375343323,0.5260880589485168
438,vit_lejepa,vit_tiny_cifar,token_gradient,predicted,blocks.4,3,3,3,0.10820390284061432,0.4102495610713959,0.2592267319560051
439,vit_lejepa,vit_tiny_cifar,token_gradient,predicted,blocks.4,1,6,6,0.6312769055366516,0.3685779273509979,0.49992741644382477
440,vit_lejepa,vit_tiny_cifar,token_gradient,predicted,blocks.4,1,6,6,-0.006000320427119732,0.0971922054886818,0.04559594253078103
441,vit_lejepa,vit_tiny_cifar,token_gradient,predicted,blocks.4,4,2,2,0.4865754544734955,0.2308235764503479,0.3586995154619217
442,vit_lejepa,vit_tiny_cifar,token_gradient,predicted,blocks.4,9,9,9,0.01033712737262249,0.16401781141757965,0.08717746939510107
443,vit_lejepa,vit_tiny_cifar,token_gradient,predicted,blocks.4,9,9,9,0.4005200266838074,0.2876475155353546,0.344083771109581
444,vit_lejepa,vit_tiny_cifar,token_gradient,predicted,blocks.4,5,8,8,-0.42601603269577026,0.09354142099618912,-0.16623730584979057
445,vit_lejepa,vit_tiny_cifar,token_gradient,predicted,blocks.4,7,4,4,-0.31242772936820984,0.4360119104385376,0.06179209053516388
446,vit_lejepa,vit_tiny_cifar,token_gradient,predicted,blocks.4,5,8,8,0.4483793377876282,0.1381903439760208,0.2932848408818245
447,vit_lejepa,vit_tiny_cifar,token_gradient,predicted,blocks.4,0,0,0,0.780433177947998,0.32907935976982117,0.5547562688589096
448,vit_lejepa,vit_tiny_cifar,token_gradient,predicted,blocks.4,2,6,6,0.7071595191955566,0.19334910809993744,0.45025431364774704
449,vit_lejepa,vit_tiny_cifar,token_gradient,predicted,blocks.4,2,0,0,0.7861052751541138,0.21839848160743713,0.5022518783807755
450,vit_lejepa,vit_tiny_cifar,token_gradient,predicted,blocks.4,2,3,3,0.5669970512390137,0.22411242127418518,0.3955547362565994
451,vit_lejepa,vit_tiny_cifar,token_gradient,predicted,blocks.4,9,9,9,0.6847047805786133,0.3607746958732605,0.5227397382259369
452,vit_lejepa,vit_tiny_cifar,token_gradient,predicted,blocks.4,7,6,6,0.4510324001312256,0.22555871307849884,0.3382955566048622
453,vit_lejepa,vit_tiny_cifar,token_gradient,predicted,blocks.4,3,6,6,0.30387434363365173,0.17880214750766754,0.24133824557065964
454,vit_lejepa,vit_tiny_cifar,token_gradient,predicted,blocks.4,9,8,8,0.7255164980888367,0.25630372762680054,0.4909101128578186
455,vit_lejepa,vit_tiny_cifar,token_gradient,predicted,blocks.4,4,4,4,0.24759449064731598,0.2510742247104645,0.24933435767889023
456,vit_lejepa,vit_tiny_cifar,token_gradient,predicted,blocks.4,3,2,2,0.2537391185760498,0.5557252764701843,0.40473219752311707
457,vit_lejepa,vit_tiny_cifar,token_gradient,predicted,blocks.4,5,6,6,0.2431391477584839,0.157988041639328,0.20056359469890594
458,vit_lejepa,vit_tiny_cifar,token_gradient,predicted,blocks.4,4,4,4,0.09581547975540161,0.21841444075107574,0.15711496025323868
459,vit_lejepa,vit_tiny_cifar,token_gradient,predicted,blocks.4,6,0,0,0.5285310745239258,0.10954597592353821,0.319038525223732
460,vit_lejepa,vit_tiny_cifar,token_gradient,predicted,blocks.4,5,2,2,0.4438992738723755,0.3866625726222992,0.41528092324733734
461,vit_lejepa,vit_tiny_cifar,token_gradient,predicted,blocks.4,6,2,2,0.14349599182605743,0.35301825404167175,0.2482571229338646
462,vit_lejepa,vit_tiny_cifar,token_gradient,predicted,blocks.4,1,9,9,0.4621678292751312,0.2425217479467392,0.3523447886109352
463,vit_lejepa,vit_tiny_cifar,token_gradient,predicted,blocks.4,4,2,2,0.2649308145046234,0.19459472596645355,0.22976277023553848
464,vit_lejepa,vit_tiny_cifar,token_gradient,predicted,blocks.4,3,3,3,0.5246768593788147,0.18501657247543335,0.354846715927124
465,vit_lejepa,vit_tiny_cifar,token_gradient,predicted,blocks.4,4,4,4,0.5984989404678345,0.2460426688194275,0.422270804643631
466,vit_lejepa,vit_tiny_cifar,token_gradient,predicted,blocks.4,4,6,6,0.3613855838775635,0.421498566865921,0.39144207537174225
467,vit_lejepa,vit_tiny_cifar,token_gradient,predicted,blocks.4,3,2,2,0.375440388917923,0.10704420506954193,0.24124229699373245
468,vit_lejepa,vit_tiny_cifar,token_gradient,predicted,blocks.4,7,7,7,0.5679255723953247,0.3311328887939453,0.449529230594635
469,vit_lejepa,vit_tiny_cifar,token_gradient,predicted,blocks.4,8,6,6,0.025364641100168228,0.12500792741775513,0.07518628425896168
470,vit_lejepa,vit_tiny_cifar,token_gradient,predicted,blocks.4,3,2,2,-0.059549540281295776,0.30805230140686035,0.12425138056278229
471,vit_lejepa,vit_tiny_cifar,token_gradient,predicted,blocks.4,7,9,9,-0.04691650718450546,0.16917861998081207,0.061131056398153305
472,vit_lejepa,vit_tiny_cifar,token_gradient,predicted,blocks.4,8,8,8,-0.13727815449237823,0.1709330528974533,0.016827449202537537
473,vit_lejepa,vit_tiny_cifar,token_gradient,predicted,blocks.4,0,4,4,0.28763914108276367,0.16378921270370483,0.22571417689323425
474,vit_lejepa,vit_tiny_cifar,token_gradient,predicted,blocks.4,5,9,9,0.5116857290267944,0.26727885007858276,0.3894822895526886
475,vit_lejepa,vit_tiny_cifar,token_gradient,predicted,blocks.4,7,1,1,0.04322317987680435,0.11640635877847672,0.07981476932764053
476,vit_lejepa,vit_tiny_cifar,token_gradient,predicted,blocks.4,6,4,4,0.2088744044303894,0.20088964700698853,0.20488202571868896
477,vit_lejepa,vit_tiny_cifar,token_gradient,predicted,blocks.4,0,0,0,0.21182885766029358,0.35667118430137634,0.28425002098083496
478,vit_lejepa,vit_tiny_cifar,token_gradient,predicted,blocks.4,5,2,2,-0.056671399623155594,0.3648597300052643,0.15409416519105434
479,vit_lejepa,vit_tiny_cifar,token_gradient,predicted,blocks.4,4,2,2,-0.009842997416853905,0.23005148768424988,0.11010424513369799
480,vit_lejepa,vit_tiny_cifar,token_gradient,predicted,blocks.4,8,9,9,0.44489169120788574,0.23538219928741455,0.34013694524765015
481,vit_lejepa,vit_tiny_cifar,token_gradient,predicted,blocks.4,6,6,6,0.27544456720352173,0.22031988203525543,0.24788222461938858
482,vit_lejepa,vit_tiny_cifar,token_gradient,predicted,blocks.4,8,8,8,0.6778481602668762,0.17636510729789734,0.4271066337823868
483,vit_lejepa,vit_tiny_cifar,token_gradient,predicted,blocks.4,5,3,3,0.09541917592287064,0.2976163923740387,0.19651778414845467
484,vit_lejepa,vit_tiny_cifar,token_gradient,predicted,blocks.4,5,3,3,0.31133294105529785,0.19616959989070892,0.2537512704730034
485,vit_lejepa,vit_tiny_cifar,token_gradient,predicted,blocks.4,9,0,0,0.12680977582931519,0.08212532848119736,0.10446755215525627
486,vit_lejepa,vit_tiny_cifar,token_gradient,predicted,blocks.4,9,9,9,0.3418791890144348,0.24909760057926178,0.2954883947968483
487,vit_lejepa,vit_tiny_cifar,token_gradient,predicted,blocks.4,9,1,1,-0.06674875319004059,0.1930498331785202,0.06315053999423981
488,vit_lejepa,vit_tiny_cifar,token_gradient,predicted,blocks.4,5,5,5,0.35155850648880005,0.12360687553882599,0.23758269101381302
489,vit_lejepa,vit_tiny_cifar,token_gradient,predicted,blocks.4,0,0,0,0.4161742329597473,0.10098239779472351,0.2585783153772354
490,vit_lejepa,vit_tiny_cifar,token_gradient,predicted,blocks.4,1,1,1,0.07929828763008118,0.22380803525447845,0.15155316144227982
491,vit_lejepa,vit_tiny_cifar,token_gradient,predicted,blocks.4,0,3,3,-0.06226910278201103,0.17672044038772583,0.0572256688028574
492,vit_lejepa,vit_tiny_cifar,token_gradient,predicted,blocks.4,8,8,8,0.5883339047431946,0.1546567976474762,0.3714953511953354
493,vit_lejepa,vit_tiny_cifar,token_gradient,predicted,blocks.4,1,1,1,0.6283793449401855,0.306174099445343,0.4672767221927643
494,vit_lejepa,vit_tiny_cifar,token_gradient,predicted,blocks.4,1,0,0,0.7496070861816406,0.20578229427337646,0.47769469022750854
495,vit_lejepa,vit_tiny_cifar,token_gradient,predicted,blocks.4,8,8,8,0.6200129389762878,0.263161301612854,0.4415871202945709
496,vit_lejepa,vit_tiny_cifar,token_gradient,predicted,blocks.4,0,7,7,-0.22981014847755432,0.3804767429828644,0.07533329725265503
497,vit_lejepa,vit_tiny_cifar,token_gradient,predicted,blocks.4,2,2,2,0.14313362538814545,0.3059094250202179,0.22452152520418167
498,vit_lejepa,vit_tiny_cifar,token_gradient,predicted,blocks.4,2,4,4,0.29562079906463623,0.23503777384757996,0.2653292864561081
499,vit_lejepa,vit_tiny_cifar,token_gradient,predicted,blocks.4,0,0,0,0.5707222819328308,0.18599030375480652,0.37835629284381866
500,vit_lejepa,vit_tiny_cifar,token_gradient,predicted,blocks.4,4,6,6,-0.12170243263244629,0.2974972724914551,0.0878974199295044
501,vit_lejepa,vit_tiny_cifar,token_gradient,predicted,blocks.4,6,6,6,0.2138558179140091,0.48982152342796326,0.3518386706709862
502,vit_lejepa,vit_tiny_cifar,token_gradient,predicted,blocks.4,5,2,2,0.5540686845779419,0.4159471094608307,0.4850078970193863
503,vit_lejepa,vit_tiny_cifar,token_gradient,predicted,blocks.4,4,6,6,0.25885483622550964,0.5771563649177551,0.4180056005716324
504,vit_lejepa,vit_tiny_cifar,token_gradient,predicted,blocks.4,9,9,9,0.4137831926345825,0.25411245226860046,0.3339478224515915
505,vit_lejepa,vit_tiny_cifar,token_gradient,predicted,blocks.4,4,5,5,0.7026885151863098,0.17948012053966522,0.4410843178629875
506,vit_lejepa,vit_tiny_cifar,token_gradient,predicted,blocks.4,7,3,3,0.1640426218509674,0.43981850147247314,0.3019305616617203
507,vit_lejepa,vit_tiny_cifar,token_gradient,predicted,blocks.4,9,1,1,-0.3050226867198944,0.23865896463394165,-0.03318186104297638
508,vit_lejepa,vit_tiny_cifar,token_gradient,predicted,blocks.4,9,0,0,0.4137333929538727,0.12807196378707886,0.27090267837047577
509,vit_lejepa,vit_tiny_cifar,token_gradient,predicted,blocks.4,4,4,4,0.3374162018299103,0.5602062344551086,0.44881121814250946
510,vit_lejepa,vit_tiny_cifar,token_gradient,predicted,blocks.4,5,8,8,-0.21482762694358826,0.1220601424574852,-0.04638374224305153
511,vit_lejepa,vit_tiny_cifar,token_gradient,predicted,blocks.4,6,6,6,0.03986433520913124,0.20973238348960876,0.12479835934937
512,vit_lejepa,vit_tiny_cifar,token_gradient,predicted,blocks.1,6,4,4,0.06744685769081116,0.17629826068878174,0.12187255918979645
513,vit_lejepa,vit_tiny_cifar,token_gradient,predicted,blocks.1,1,7,7,0.7365516424179077,0.5162671804428101,0.6264094114303589
514,vit_lejepa,vit_tiny_cifar,token_gradient,predicted,blocks.1,5,9,9,0.33636361360549927,0.2276095598936081,0.2819865867495537
515,vit_lejepa,vit_tiny_cifar,token_gradient,predicted,blocks.1,3,6,6,0.40101519227027893,0.2973286807537079,0.3491719365119934
516,vit_lejepa,vit_tiny_cifar,token_gradient,predicted,blocks.1,8,8,8,0.6835771203041077,0.5167616009712219,0.6001693606376648
517,vit_lejepa,vit_tiny_cifar,token_gradient,predicted,blocks.1,9,0,0,0.5492345690727234,0.22561654448509216,0.3874255567789078
518,vit_lejepa,vit_tiny_cifar,token_gradient,predicted,blocks.1,5,3,3,-0.07387956976890564,0.3973981738090515,0.16175930202007294
519,vit_lejepa,vit_tiny_cifar,token_gradient,predicted,blocks.1,8,8,8,-0.08709879219532013,0.47763383388519287,0.19526752084493637
520,vit_lejepa,vit_tiny_cifar,token_gradient,predicted,blocks.1,5,5,5,0.07852397859096527,0.32530006766319275,0.201912023127079
521,vit_lejepa,vit_tiny_cifar,token_gradient,predicted,blocks.1,7,0,0,-0.028282586485147476,0.2331295758485794,0.10242349468171597
522,vit_lejepa,vit_tiny_cifar,token_gradient,predicted,blocks.1,0,0,0,0.5190925598144531,0.15737204253673553,0.33823230117559433
523,vit_lejepa,vit_tiny_cifar,token_gradient,predicted,blocks.1,7,9,9,0.07484690099954605,0.21617981791496277,0.1455133594572544
524,vit_lejepa,vit_tiny_cifar,token_gradient,predicted,blocks.1,0,0,0,0.526253342628479,0.1901731640100479,0.35821325331926346
525,vit_lejepa,vit_tiny_cifar,token_gradient,predicted,blocks.1,5,3,3,0.2390879988670349,0.4179193377494812,0.32850366830825806
526,vit_lejepa,vit_tiny_cifar,token_gradient,predicted,blocks.1,0,3,3,0.5259882211685181,0.3526163399219513,0.4393022805452347
527,vit_lejepa,vit_tiny_cifar,token_gradient,predicted,blocks.1,0,0,0,0.3659908175468445,0.3387412428855896,0.35236603021621704
528,vit_lejepa,vit_tiny_cifar,token_gradient,predicted,blocks.1,4,0,0,0.010976340621709824,0.12818847596645355,0.06958240829408169
529,vit_lejepa,vit_tiny_cifar,token_gradient,predicted,blocks.1,6,6,6,0.5475518107414246,0.4431527554988861,0.49535228312015533
530,vit_lejepa,vit_tiny_cifar,token_gradient,predicted,blocks.1,9,0,0,0.06866725534200668,0.2876834571361542,0.17817535623908043
531,vit_lejepa,vit_tiny_cifar,token_gradient,predicted,blocks.1,0,9,9,0.546789824962616,0.4788559079170227,0.5128228664398193
532,vit_lejepa,vit_tiny_cifar,token_gradient,predicted,blocks.1,9,6,6,0.4101433753967285,0.3231559097766876,0.36664964258670807
533,vit_lejepa,vit_tiny_cifar,token_gradient,predicted,blocks.1,5,5,5,0.4022352993488312,0.16009153425693512,0.28116341680288315
534,vit_lejepa,vit_tiny_cifar,token_gradient,predicted,blocks.1,6,6,6,0.6160002946853638,0.15366753935813904,0.3848339170217514
535,vit_lejepa,vit_tiny_cifar,token_gradient,predicted,blocks.1,6,6,6,0.24528251588344574,0.2477344572544098,0.24650848656892776
536,vit_lejepa,vit_tiny_cifar,token_gradient,predicted,blocks.1,6,2,2,0.7047324776649475,0.47502371668815613,0.5898780971765518
537,vit_lejepa,vit_tiny_cifar,token_gradient,predicted,blocks.1,2,6,6,0.5861364006996155,0.39000630378723145,0.48807135224342346
538,vit_lejepa,vit_tiny_cifar,token_gradient,predicted,blocks.1,9,0,0,0.32027146220207214,0.46258875727653503,0.3914301097393036
539,vit_lejepa,vit_tiny_cifar,token_gradient,predicted,blocks.1,0,1,1,0.09319453686475754,0.2347436100244522,0.16396907344460487
540,vit_lejepa,vit_tiny_cifar,token_gradient,predicted,blocks.1,1,1,1,0.12848590314388275,0.16808301210403442,0.1482844576239586
541,vit_lejepa,vit_tiny_cifar,token_gradient,predicted,blocks.1,7,7,7,-0.1751353144645691,0.14394885301589966,-0.015593230724334717
542,vit_lejepa,vit_tiny_cifar,token_gradient,predicted,blocks.1,6,6,6,0.47260844707489014,0.18453365564346313,0.32857105135917664
543,vit_lejepa,vit_tiny_cifar,token_gradient,predicted,blocks.1,7,3,3,0.055066872388124466,0.3970486521720886,0.22605776228010654
544,vit_lejepa,vit_tiny_cifar,token_gradient,predicted,blocks.1,5,6,6,0.6134134531021118,0.22534531354904175,0.4193793833255768
545,vit_lejepa,vit_tiny_cifar,token_gradient,predicted,blocks.1,9,9,9,0.670522928237915,0.5282865166664124,0.5994047224521637
546,vit_lejepa,vit_tiny_cifar,token_gradient,predicted,blocks.1,1,1,1,0.3629051148891449,0.21252140402793884,0.28771325945854187
547,vit_lejepa,vit_tiny_cifar,token_gradient,predicted,blocks.1,6,6,6,0.2720218300819397,0.33832305669784546,0.3051724433898926
548,vit_lejepa,vit_tiny_cifar,token_gradient,predicted,blocks.1,2,6,6,0.11382676661014557,0.1958288550376892,0.1548278108239174
549,vit_lejepa,vit_tiny_cifar,token_gradient,predicted,blocks.1,5,9,9,-0.18650595843791962,0.2548465132713318,0.034170277416706085
550,vit_lejepa,vit_tiny_cifar,token_gradient,predicted,blocks.1,5,7,7,-0.2171863168478012,0.25686416029930115,0.01983892172574997
551,vit_lejepa,vit_tiny_cifar,token_gradient,predicted,blocks.1,5,3,3,0.5168712735176086,0.3212989866733551,0.4190851300954819
552,vit_lejepa,vit_tiny_cifar,token_gradient,predicted,blocks.1,8,8,8,0.5715710520744324,0.4221563935279846,0.4968637228012085
553,vit_lejepa,vit_tiny_cifar,token_gradient,predicted,blocks.1,5,5,5,0.3433190584182739,0.14426296949386597,0.24379101395606995
554,vit_lejepa,vit_tiny_cifar,token_gradient,predicted,blocks.1,9,9,9,0.1491187959909439,0.2486741542816162,0.19889647513628006
555,vit_lejepa,vit_tiny_cifar,token_gradient,predicted,blocks.1,4,8,8,-0.16629645228385925,0.4480753540992737,0.14088945090770721
556,vit_lejepa,vit_tiny_cifar,token_gradient,predicted,blocks.1,6,2,2,0.3567807078361511,0.34311261773109436,0.34994666278362274
557,vit_lejepa,vit_tiny_cifar,token_gradient,predicted,blocks.1,4,6,6,0.2931235730648041,0.14782965183258057,0.22047661244869232
558,vit_lejepa,vit_tiny_cifar,token_gradient,predicted,blocks.1,3,5,5,0.25101274251937866,0.320595920085907,0.2858043313026428
559,vit_lejepa,vit_tiny_cifar,token_gradient,predicted,blocks.1,2,2,2,0.28323420882225037,0.3396713435649872,0.3114527761936188
560,vit_lejepa,vit_tiny_cifar,token_gradient,predicted,blocks.1,0,0,0,0.09822013229131699,0.13271217048168182,0.1154661513864994
561,vit_lejepa,vit_tiny_cifar,token_gradient,predicted,blocks.1,7,7,7,-0.1112234815955162,0.19451528787612915,0.04164590314030647
562,vit_lejepa,vit_tiny_cifar,token_gradient,predicted,blocks.1,6,3,3,0.40583565831184387,0.13127249479293823,0.26855407655239105
563,vit_lejepa,vit_tiny_cifar,token_gradient,predicted,blocks.1,2,2,2,-0.28712260723114014,0.1419820487499237,-0.07257027924060822
564,vit_lejepa,vit_tiny_cifar,token_gradient,predicted,blocks.1,2,4,4,0.6970312595367432,0.4498772621154785,0.5734542608261108
565,vit_lejepa,vit_tiny_cifar,token_gradient,predicted,blocks.1,3,9,9,0.1548708975315094,0.41915807127952576,0.2870144844055176
566,vit_lejepa,vit_tiny_cifar,token_gradient,predicted,blocks.1,9,8,8,0.6248659491539001,0.43151628971099854,0.5281911194324493
567,vit_lejepa,vit_tiny_cifar,token_gradient,predicted,blocks.1,7,5,5,0.23782218992710114,0.23362517356872559,0.23572368174791336
568,vit_lejepa,vit_tiny_cifar,token_gradient,predicted,blocks.1,9,0,0,-0.23566293716430664,0.23201145231723785,-0.0018257424235343933
569,vit_lejepa,vit_tiny_cifar,token_gradient,predicted,blocks.1,2,6,6,0.16938267648220062,0.4686584770679474,0.319020576775074
570,vit_lejepa,vit_tiny_cifar,token_gradient,predicted,blocks.1,6,2,2,0.1286763697862625,0.11461958289146423,0.12164797633886337
571,vit_lejepa,vit_tiny_cifar,token_gradient,predicted,blocks.1,7,2,2,0.399085134267807,0.22575458884239197,0.3124198615550995
572,vit_lejepa,vit_tiny_cifar,token_gradient,predicted,blocks.1,1,7,7,0.5448235869407654,0.5616006851196289,0.5532121360301971
573,vit_lejepa,vit_tiny_cifar,token_gradient,predicted,blocks.1,3,5,5,0.3385293483734131,0.3891720771789551,0.3638507127761841
574,vit_lejepa,vit_tiny_cifar,token_gradient,predicted,blocks.1,6,2,2,0.3528808653354645,0.5153973698616028,0.43413911759853363
575,vit_lejepa,vit_tiny_cifar,token_gradient,predicted,blocks.1,6,6,6,0.053078461438417435,0.21845728158950806,0.13576787151396275
576,vit_lejepa,vit_tiny_cifar,token_gradient,predicted,blocks.1,8,8,8,0.30316615104675293,0.2537802457809448,0.2784731984138489
577,vit_lejepa,vit_tiny_cifar,token_gradient,predicted,blocks.1,9,8,8,0.12819474935531616,0.18955527245998383,0.15887501090765
578,vit_lejepa,vit_tiny_cifar,token_gradient,predicted,blocks.1,7,3,3,0.49999070167541504,0.1792629212141037,0.33962681144475937
579,vit_lejepa,vit_tiny_cifar,token_gradient,predicted,blocks.1,5,9,9,0.5630411505699158,0.3141478896141052,0.4385945200920105
580,vit_lejepa,vit_tiny_cifar,token_gradient,predicted,blocks.1,4,4,4,0.5724549293518066,0.3303655982017517,0.4514102637767792
581,vit_lejepa,vit_tiny_cifar,token_gradient,predicted,blocks.1,0,8,8,0.5449579358100891,0.26421648263931274,0.4045872092247009
582,vit_lejepa,vit_tiny_cifar,token_gradient,predicted,blocks.1,8,8,8,0.6532557010650635,0.6061187982559204,0.6296872496604919
583,vit_lejepa,vit_tiny_cifar,token_gradient,predicted,blocks.1,4,1,1,0.41837865114212036,0.3419383466243744,0.3801584988832474
584,vit_lejepa,vit_tiny_cifar,token_gradient,predicted,blocks.1,0,0,0,0.07820390909910202,0.3591882884502411,0.21869609877467155
585,vit_lejepa,vit_tiny_cifar,token_gradient,predicted,blocks.1,9,5,5,0.1266993284225464,0.4912261664867401,0.30896274745464325
586,vit_lejepa,vit_tiny_cifar,token_gradient,predicted,blocks.1,3,3,3,0.292781800031662,0.33302921056747437,0.3129055052995682
587,vit_lejepa,vit_tiny_cifar,token_gradient,predicted,blocks.1,4,7,7,0.08183730393648148,0.4507848620414734,0.26631108298897743
588,vit_lejepa,vit_tiny_cifar,token_gradient,predicted,blocks.1,8,8,8,0.3392915725708008,0.2102697789669037,0.27478067576885223
589,vit_lejepa,vit_tiny_cifar,token_gradient,predicted,blocks.1,9,9,9,0.26892802119255066,0.2174803763628006,0.24320419877767563
590,vit_lejepa,vit_tiny_cifar,token_gradient,predicted,blocks.1,6,6,6,0.4844290316104889,0.3983832597732544,0.44140614569187164
591,vit_lejepa,vit_tiny_cifar,token_gradient,predicted,blocks.1,9,8,8,0.6186816096305847,0.2948240041732788,0.45675280690193176
592,vit_lejepa,vit_tiny_cifar,token_gradient,predicted,blocks.1,2,2,2,0.5211275219917297,0.5496281385421753,0.5353778302669525
593,vit_lejepa,vit_tiny_cifar,token_gradient,predicted,blocks.1,6,6,6,0.6793073415756226,0.36641547083854675,0.5228614062070847
594,vit_lejepa,vit_tiny_cifar,token_gradient,predicted,blocks.1,1,2,2,-0.10091045498847961,0.4193643629550934,0.15922695398330688
595,vit_lejepa,vit_tiny_cifar,token_gradient,predicted,blocks.1,4,0,0,-0.06968067586421967,0.2857292592525482,0.10802429169416428
596,vit_lejepa,vit_tiny_cifar,token_gradient,predicted,blocks.1,7,6,6,0.34569308161735535,0.22218340635299683,0.2839382439851761
597,vit_lejepa,vit_tiny_cifar,token_gradient,predicted,blocks.1,3,9,9,0.17513976991176605,0.2825586795806885,0.22884922474622726
598,vit_lejepa,vit_tiny_cifar,token_gradient,predicted,blocks.1,5,3,3,0.6574739813804626,0.3348492383956909,0.4961616098880768
599,vit_lejepa,vit_tiny_cifar,token_gradient,predicted,blocks.1,3,3,3,0.5622607469558716,0.21056830883026123,0.3864145278930664
600,vit_lejepa,vit_tiny_cifar,token_gradient,predicted,blocks.1,8,9,9,0.5604490637779236,0.31958726048469543,0.4400181621313095
601,vit_lejepa,vit_tiny_cifar,token_gradient,predicted,blocks.1,5,5,5,0.8418845534324646,0.5317609906196594,0.686822772026062
602,vit_lejepa,vit_tiny_cifar,token_gradient,predicted,blocks.1,0,0,0,0.8379086852073669,0.2698178291320801,0.5538632571697235
603,vit_lejepa,vit_tiny_cifar,token_gradient,predicted,blocks.1,2,6,6,0.6720765233039856,0.40551653504371643,0.538796529173851
604,vit_lejepa,vit_tiny_cifar,token_gradient,predicted,blocks.1,1,8,8,-0.09822951257228851,0.2393658310174942,0.07056815922260284
605,vit_lejepa,vit_tiny_cifar,token_gradient,predicted,blocks.1,6,6,6,0.21965108811855316,0.29327893257141113,0.25646501034498215
606,vit_lejepa,vit_tiny_cifar,token_gradient,predicted,blocks.1,4,3,3,0.4668578803539276,0.3182113468647003,0.39253461360931396
607,vit_lejepa,vit_tiny_cifar,token_gradient,predicted,blocks.1,3,5,5,-0.12659068405628204,0.37103670835494995,0.12222301214933395
608,vit_lejepa,vit_tiny_cifar,token_gradient,predicted,blocks.1,3,3,3,0.5042804479598999,0.2965780794620514,0.40042926371097565
609,vit_lejepa,vit_tiny_cifar,token_gradient,predicted,blocks.1,9,1,1,-0.007630787789821625,0.30035868287086487,0.14636394754052162
610,vit_lejepa,vit_tiny_cifar,token_gradient,predicted,blocks.1,6,6,6,0.6546385884284973,0.6347432732582092,0.6446909308433533
611,vit_lejepa,vit_tiny_cifar,token_gradient,predicted,blocks.1,9,0,0,0.5201908349990845,0.2532985508441925,0.3867446929216385
612,vit_lejepa,vit_tiny_cifar,token_gradient,predicted,blocks.1,8,8,8,-0.19706416130065918,0.2785818874835968,0.04075886309146881
613,vit_lejepa,vit_tiny_cifar,token_gradient,predicted,blocks.1,8,8,8,0.3151019513607025,0.1367354691028595,0.225918710231781
614,vit_lejepa,vit_tiny_cifar,token_gradient,predicted,blocks.1,5,6,6,0.28856372833251953,0.21442647278308868,0.2514951005578041
615,vit_lejepa,vit_tiny_cifar,token_gradient,predicted,blocks.1,8,8,8,0.1363416165113449,0.3127700388431549,0.2245558276772499
616,vit_lejepa,vit_tiny_cifar,token_gradient,predicted,blocks.1,6,2,2,0.5553426146507263,0.4684629738330841,0.5119027942419052
617,vit_lejepa,vit_tiny_cifar,token_gradient,predicted,blocks.1,6,7,7,-0.06606332212686539,0.34015795588493347,0.13704731687903404
618,vit_lejepa,vit_tiny_cifar,token_gradient,predicted,blocks.1,2,2,2,-0.07873167097568512,0.27447980642318726,0.09787406772375107
619,vit_lejepa,vit_tiny_cifar,token_gradient,predicted,blocks.1,1,9,9,0.6255849599838257,0.24976521730422974,0.4376750886440277
620,vit_lejepa,vit_tiny_cifar,token_gradient,predicted,blocks.1,7,7,7,0.1807800531387329,0.2444826066493988,0.21263132989406586
621,vit_lejepa,vit_tiny_cifar,token_gradient,predicted,blocks.1,7,6,6,0.4510447084903717,0.3288579285144806,0.38995131850242615
622,vit_lejepa,vit_tiny_cifar,token_gradient,predicted,blocks.1,1,9,9,0.3026962876319885,0.4706692099571228,0.38668274879455566
623,vit_lejepa,vit_tiny_cifar,token_gradient,predicted,blocks.1,2,0,0,0.6090197563171387,0.2308862805366516,0.41995301842689514
624,vit_lejepa,vit_tiny_cifar,token_gradient,predicted,blocks.1,7,3,3,0.48449957370758057,0.2565353810787201,0.37051747739315033
625,vit_lejepa,vit_tiny_cifar,token_gradient,predicted,blocks.1,9,1,1,-0.07676621526479721,0.18348991870880127,0.05336185172200203
626,vit_lejepa,vit_tiny_cifar,token_gradient,predicted,blocks.1,9,9,9,-0.11797798424959183,0.2695383131504059,0.07578016445040703
627,vit_lejepa,vit_tiny_cifar,token_gradient,predicted,blocks.1,4,7,7,0.027983952313661575,0.17595206201076508,0.10196800716221333
628,vit_lejepa,vit_tiny_cifar,token_gradient,predicted,blocks.1,4,4,4,0.2941536009311676,0.21948620676994324,0.2568199038505554
629,vit_lejepa,vit_tiny_cifar,token_gradient,predicted,blocks.1,1,1,1,0.3001173436641693,0.2731912434101105,0.2866542935371399
630,vit_lejepa,vit_tiny_cifar,token_gradient,predicted,blocks.1,2,2,2,-0.2749144434928894,0.22559382021427155,-0.02466031163930893
631,vit_lejepa,vit_tiny_cifar,token_gradient,predicted,blocks.1,5,3,3,0.273409366607666,0.2737312912940979,0.27357032895088196
632,vit_lejepa,vit_tiny_cifar,token_gradient,predicted,blocks.1,6,6,6,0.6535996198654175,0.6949629187583923,0.6742812693119049
633,vit_lejepa,vit_tiny_cifar,token_gradient,predicted,blocks.1,8,0,0,0.5911493897438049,0.373187780380249,0.482168585062027
634,vit_lejepa,vit_tiny_cifar,token_gradient,predicted,blocks.1,7,7,7,-0.04901813343167305,0.2796984910964966,0.11534017883241177
635,vit_lejepa,vit_tiny_cifar,token_gradient,predicted,blocks.1,6,6,6,0.38077905774116516,0.28944361209869385,0.3351113349199295
636,vit_lejepa,vit_tiny_cifar,token_gradient,predicted,blocks.1,8,9,9,-0.024919038638472557,0.11826162785291672,0.04667129460722208
637,vit_lejepa,vit_tiny_cifar,token_gradient,predicted,blocks.1,3,0,0,0.11918537318706512,0.17263589799404144,0.14591063559055328
638,vit_lejepa,vit_tiny_cifar,token_gradient,predicted,blocks.1,0,8,8,0.4217487573623657,0.12776990234851837,0.27475932985544205
639,vit_lejepa,vit_tiny_cifar,token_gradient,predicted,blocks.1,5,7,7,0.05089915171265602,0.14637327194213867,0.09863621182739735
640,vit_lejepa,vit_tiny_cifar,token_gradient,predicted,blocks.1,5,5,5,0.3755628168582916,0.45362579822540283,0.41459430754184723
641,vit_lejepa,vit_tiny_cifar,token_gradient,predicted,blocks.1,3,6,6,0.6325132250785828,0.2185167819261551,0.4255150035023689
642,vit_lejepa,vit_tiny_cifar,token_gradient,predicted,blocks.1,0,8,8,0.31697410345077515,0.2771640121936798,0.2970690578222275
643,vit_lejepa,vit_tiny_cifar,token_gradient,predicted,blocks.1,7,7,7,-0.0704740583896637,0.1744922399520874,0.05200909078121185
644,vit_lejepa,vit_tiny_cifar,token_gradient,predicted,blocks.1,9,8,8,0.16867730021476746,0.15797190368175507,0.16332460194826126
645,vit_lejepa,vit_tiny_cifar,token_gradient,predicted,blocks.1,1,1,1,0.43063822388648987,0.17590287327766418,0.303270548582077
646,vit_lejepa,vit_tiny_cifar,token_gradient,predicted,blocks.1,3,3,3,0.13349847495555878,0.23351800441741943,0.1835082396864891
647,vit_lejepa,vit_tiny_cifar,token_gradient,predicted,blocks.1,4,2,2,0.6161043643951416,0.4626752436161041,0.5393898040056229
648,vit_lejepa,vit_tiny_cifar,token_gradient,predicted,blocks.1,4,2,2,0.2836553454399109,0.386120080947876,0.33488771319389343
649,vit_lejepa,vit_tiny_cifar,token_gradient,predicted,blocks.1,5,2,2,0.11429034918546677,0.2676268219947815,0.19095858559012413
650,vit_lejepa,vit_tiny_cifar,token_gradient,predicted,blocks.1,3,3,3,0.07716313749551773,0.1506861001253128,0.11392461881041527
651,vit_lejepa,vit_tiny_cifar,token_gradient,predicted,blocks.1,9,9,9,0.5108189582824707,0.41460689902305603,0.46271292865276337
652,vit_lejepa,vit_tiny_cifar,token_gradient,predicted,blocks.1,5,9,9,0.006920511834323406,0.23197759687900543,0.11944905435666442
653,vit_lejepa,vit_tiny_cifar,token_gradient,predicted,blocks.1,6,2,2,0.43183469772338867,0.11425083875656128,0.273042768239975
654,vit_lejepa,vit_tiny_cifar,token_gradient,predicted,blocks.1,9,5,5,-0.29553720355033875,0.28488844633102417,-0.005324378609657288
655,vit_lejepa,vit_tiny_cifar,token_gradient,predicted,blocks.1,2,2,2,-0.03136254474520683,0.18305718898773193,0.07584732212126255
656,vit_lejepa,vit_tiny_cifar,token_gradient,predicted,blocks.1,1,9,9,0.5031242370605469,0.23387518525123596,0.3684997111558914
657,vit_lejepa,vit_tiny_cifar,token_gradient,predicted,blocks.1,1,9,9,0.6275037527084351,0.504421591758728,0.5659626722335815
658,vit_lejepa,vit_tiny_cifar,token_gradient,predicted,blocks.1,4,6,6,0.25007158517837524,0.5414929389953613,0.3957822620868683
659,vit_lejepa,vit_tiny_cifar,token_gradient,predicted,blocks.1,1,7,7,0.7596969604492188,0.31902623176574707,0.5393615961074829
660,vit_lejepa,vit_tiny_cifar,token_gradient,predicted,blocks.1,9,9,9,0.48526954650878906,0.4210454821586609,0.453157514333725
661,vit_lejepa,vit_tiny_cifar,token_gradient,predicted,blocks.1,4,2,2,0.5478999614715576,0.4065183103084564,0.477209135890007
662,vit_lejepa,vit_tiny_cifar,token_gradient,predicted,blocks.1,7,7,7,0.3259190022945404,0.35455596446990967,0.34023748338222504
663,vit_lejepa,vit_tiny_cifar,token_gradient,predicted,blocks.1,6,4,4,0.7684352993965149,0.3168484568595886,0.5426418781280518
664,vit_lejepa,vit_tiny_cifar,token_gradient,predicted,blocks.1,3,3,3,0.6565543413162231,0.48152652382850647,0.5690404325723648
665,vit_lejepa,vit_tiny_cifar,token_gradient,predicted,blocks.1,8,8,8,0.2523179054260254,0.13688305020332336,0.19460047781467438
666,vit_lejepa,vit_tiny_cifar,token_gradient,predicted,blocks.1,9,1,1,0.034751951694488525,0.3970859944820404,0.21591897308826447
667,vit_lejepa,vit_tiny_cifar,token_gradient,predicted,blocks.1,0,0,0,-0.21228013932704926,0.2396119385957718,0.013665899634361267
668,vit_lejepa,vit_tiny_cifar,token_gradient,predicted,blocks.1,1,9,9,0.3352704346179962,0.4807460308074951,0.40800823271274567
669,vit_lejepa,vit_tiny_cifar,token_gradient,predicted,blocks.1,3,2,2,0.5323121547698975,0.5076010227203369,0.5199565887451172
670,vit_lejepa,vit_tiny_cifar,token_gradient,predicted,blocks.1,6,2,2,0.6010050177574158,0.17304807901382446,0.3870265483856201
671,vit_lejepa,vit_tiny_cifar,token_gradient,predicted,blocks.1,3,1,1,0.5665266513824463,0.3252677619457245,0.4458972066640854
672,vit_lejepa,vit_tiny_cifar,token_gradient,predicted,blocks.1,6,5,5,0.15914767980575562,0.25343769788742065,0.20629268884658813
673,vit_lejepa,vit_tiny_cifar,token_gradient,predicted,blocks.1,3,3,3,0.5085482597351074,0.3298005759716034,0.4191744178533554
674,vit_lejepa,vit_tiny_cifar,token_gradient,predicted,blocks.1,2,0,0,0.5650882124900818,0.36509081721305847,0.46508951485157013
675,vit_lejepa,vit_tiny_cifar,token_gradient,predicted,blocks.1,0,0,0,0.34820884466171265,0.2829020321369171,0.3155554383993149
676,vit_lejepa,vit_tiny_cifar,token_gradient,predicted,blocks.1,3,6,6,0.3245023190975189,0.13344481587409973,0.22897356748580933
677,vit_lejepa,vit_tiny_cifar,token_gradient,predicted,blocks.1,1,3,3,0.43057557940483093,0.3369138836860657,0.3837447315454483
678,vit_lejepa,vit_tiny_cifar,token_gradient,predicted,blocks.1,0,6,6,0.3085101246833801,0.5448788404464722,0.42669448256492615
679,vit_lejepa,vit_tiny_cifar,token_gradient,predicted,blocks.1,5,7,7,-0.058744627982378006,0.13281035423278809,0.03703286312520504
680,vit_lejepa,vit_tiny_cifar,token_gradient,predicted,blocks.1,9,7,7,-0.3148052394390106,0.32321664690971375,0.0042057037353515625
681,vit_lejepa,vit_tiny_cifar,token_gradient,predicted,blocks.1,6,6,6,0.45585358142852783,0.4137744903564453,0.4348140358924866
682,vit_lejepa,vit_tiny_cifar,token_gradient,predicted,blocks.1,4,9,9,0.2598474621772766,0.33799880743026733,0.298923134803772
683,vit_lejepa,vit_tiny_cifar,token_gradient,predicted,blocks.1,8,9,9,0.7467408776283264,0.37889567017555237,0.5628182739019394
684,vit_lejepa,vit_tiny_cifar,token_gradient,predicted,blocks.1,9,6,6,0.5503058433532715,0.5614510774612427,0.5558784604072571
685,vit_lejepa,vit_tiny_cifar,token_gradient,predicted,blocks.1,6,2,2,0.6298494935035706,0.3477157652378082,0.4887826293706894
686,vit_lejepa,vit_tiny_cifar,token_gradient,predicted,blocks.1,9,8,8,0.23162910342216492,0.28749656677246094,0.2595628350973129
687,vit_lejepa,vit_tiny_cifar,token_gradient,predicted,blocks.1,6,9,9,0.22642703354358673,0.17005887627601624,0.19824295490980148
688,vit_lejepa,vit_tiny_cifar,token_gradient,predicted,blocks.1,3,2,2,0.7459195852279663,0.48037979006767273,0.6131496876478195
689,vit_lejepa,vit_tiny_cifar,token_gradient,predicted,blocks.1,0,6,6,0.04906328022480011,0.16418376564979553,0.10662352293729782
690,vit_lejepa,vit_tiny_cifar,token_gradient,predicted,blocks.1,3,2,2,-0.0381733737885952,0.49325481057167053,0.22754071839153767
691,vit_lejepa,vit_tiny_cifar,token_gradient,predicted,blocks.1,2,2,2,-0.13875935971736908,0.20679758489131927,0.0340191125869751
692,vit_lejepa,vit_tiny_cifar,token_gradient,predicted,blocks.1,2,0,0,0.5526667237281799,0.2812793552875519,0.4169730395078659
693,vit_lejepa,vit_tiny_cifar,token_gradient,predicted,blocks.1,7,7,7,-0.13611510396003723,0.398016095161438,0.13095049560070038
694,vit_lejepa,vit_tiny_cifar,token_gradient,predicted,blocks.1,8,8,8,0.4511610269546509,0.1620510220527649,0.3066060245037079
695,vit_lejepa,vit_tiny_cifar,token_gradient,predicted,blocks.1,3,2,2,0.7763488292694092,0.44915100932121277,0.612749919295311
696,vit_lejepa,vit_tiny_cifar,token_gradient,predicted,blocks.1,8,0,0,0.2134493738412857,0.18415090441703796,0.19880013912916183
697,vit_lejepa,vit_tiny_cifar,token_gradient,predicted,blocks.1,2,4,4,0.7062132358551025,0.5874606966972351,0.6468369662761688
698,vit_lejepa,vit_tiny_cifar,token_gradient,predicted,blocks.1,7,7,7,0.43494707345962524,0.4489508867263794,0.4419489800930023
699,vit_lejepa,vit_tiny_cifar,token_gradient,predicted,blocks.1,5,3,3,0.16310472786426544,0.3652656078338623,0.2641851678490639
700,vit_lejepa,vit_tiny_cifar,token_gradient,predicted,blocks.1,7,1,1,0.3402298390865326,0.15814225375652313,0.24918604642152786
701,vit_lejepa,vit_tiny_cifar,token_gradient,predicted,blocks.1,2,0,0,0.6057146191596985,0.4018304944038391,0.5037725567817688
702,vit_lejepa,vit_tiny_cifar,token_gradient,predicted,blocks.1,4,4,4,0.3666626811027527,0.26527148485183716,0.3159670829772949
703,vit_lejepa,vit_tiny_cifar,token_gradient,predicted,blocks.1,8,5,5,0.29437562823295593,0.11413727700710297,0.20425645262002945
704,vit_lejepa,vit_tiny_cifar,token_gradient,predicted,blocks.1,7,6,6,-0.10744482278823853,0.13476887345314026,0.013662025332450867
705,vit_lejepa,vit_tiny_cifar,token_gradient,predicted,blocks.1,4,2,2,0.6903649568557739,0.14001044631004333,0.41518770158290863
706,vit_lejepa,vit_tiny_cifar,token_gradient,predicted,blocks.1,2,0,0,0.5031068325042725,0.32753321528434753,0.41532002389431
707,vit_lejepa,vit_tiny_cifar,token_gradient,predicted,blocks.1,9,1,1,-0.04186512902379036,0.16403859853744507,0.061086734756827354
708,vit_lejepa,vit_tiny_cifar,token_gradient,predicted,blocks.1,8,8,8,-0.008868497796356678,0.12731344997882843,0.059222476091235876
709,vit_lejepa,vit_tiny_cifar,token_gradient,predicted,blocks.1,8,8,8,0.5852494239807129,0.37339508533477783,0.47932225465774536
710,vit_lejepa,vit_tiny_cifar,token_gradient,predicted,blocks.1,6,8,8,0.22375063598155975,0.21911589801311493,0.22143326699733734
711,vit_lejepa,vit_tiny_cifar,token_gradient,predicted,blocks.1,8,8,8,0.4837786853313446,0.14302843809127808,0.31340356171131134
712,vit_lejepa,vit_tiny_cifar,token_gradient,predicted,blocks.1,8,0,0,0.6315188407897949,0.20308731496334076,0.41730307787656784
713,vit_lejepa,vit_tiny_cifar,token_gradient,predicted,blocks.1,7,7,7,0.014685205183923244,0.28267136216163635,0.1486782836727798
714,vit_lejepa,vit_tiny_cifar,token_gradient,predicted,blocks.1,4,4,4,0.5485106110572815,0.24393746256828308,0.3962240368127823
715,vit_lejepa,vit_tiny_cifar,token_gradient,predicted,blocks.1,3,6,6,0.5809544920921326,0.12712769210338593,0.35404109209775925
716,vit_lejepa,vit_tiny_cifar,token_gradient,predicted,blocks.1,3,2,2,0.25476086139678955,0.11747570335865021,0.18611828237771988
717,vit_lejepa,vit_tiny_cifar,token_gradient,predicted,blocks.1,8,9,9,-0.11934138834476471,0.21387161314487457,0.04726511240005493
718,vit_lejepa,vit_tiny_cifar,token_gradient,predicted,blocks.1,4,4,4,-0.040671687573194504,0.2358858287334442,0.09760707058012486
719,vit_lejepa,vit_tiny_cifar,token_gradient,predicted,blocks.1,9,8,8,0.1929941177368164,0.39906466007232666,0.29602938890457153
720,vit_lejepa,vit_tiny_cifar,token_gradient,predicted,blocks.1,4,0,0,0.7233384251594543,0.4892083406448364,0.6062733829021454
721,vit_lejepa,vit_tiny_cifar,token_gradient,predicted,blocks.1,8,8,8,0.5019516944885254,0.24045979976654053,0.37120574712753296
722,vit_lejepa,vit_tiny_cifar,token_gradient,predicted,blocks.1,8,8,8,-0.2715773582458496,0.20688654482364655,-0.03234540671110153
723,vit_lejepa,vit_tiny_cifar,token_gradient,predicted,blocks.1,1,1,1,0.25782954692840576,0.4088539183139801,0.33334173262119293
724,vit_lejepa,vit_tiny_cifar,token_gradient,predicted,blocks.1,8,8,8,0.17912642657756805,0.25704440474510193,0.218085415661335
725,vit_lejepa,vit_tiny_cifar,token_gradient,predicted,blocks.1,2,0,0,0.4373018443584442,0.13418999314308167,0.28574591875076294
726,vit_lejepa,vit_tiny_cifar,token_gradient,predicted,blocks.1,1,9,9,0.3963019549846649,0.20041340589523315,0.29835768043994904
727,vit_lejepa,vit_tiny_cifar,token_gradient,predicted,blocks.1,3,7,7,0.10784906148910522,0.3155989944934845,0.21172402799129486
728,vit_lejepa,vit_tiny_cifar,token_gradient,predicted,blocks.1,6,4,4,0.3625487685203552,0.17578180134296417,0.2691652849316597
729,vit_lejepa,vit_tiny_cifar,token_gradient,predicted,blocks.1,5,3,3,0.3843616247177124,0.3076302111148834,0.3459959179162979
730,vit_lejepa,vit_tiny_cifar,token_gradient,predicted,blocks.1,4,3,3,0.4454898536205292,0.4412592947483063,0.4433745741844177
731,vit_lejepa,vit_tiny_cifar,token_gradient,predicted,blocks.1,2,0,0,0.2773224413394928,0.2255927175283432,0.251457579433918
732,vit_lejepa,vit_tiny_cifar,token_gradient,predicted,blocks.1,7,7,7,-0.15448537468910217,0.30813300609588623,0.07682381570339203
733,vit_lejepa,vit_tiny_cifar,token_gradient,predicted,blocks.1,9,4,4,0.3006167709827423,0.2491913139820099,0.2749040424823761
734,vit_lejepa,vit_tiny_cifar,token_gradient,predicted,blocks.1,9,1,1,0.04559996724128723,0.3859074115753174,0.2157536894083023
735,vit_lejepa,vit_tiny_cifar,token_gradient,predicted,blocks.1,4,2,2,0.15627017617225647,0.4876609146595001,0.3219655454158783
736,vit_lejepa,vit_tiny_cifar,token_gradient,predicted,blocks.1,1,8,8,0.3747391104698181,0.14004644751548767,0.2573927789926529
737,vit_lejepa,vit_tiny_cifar,token_gradient,predicted,blocks.1,4,2,2,0.7317221760749817,0.2666599750518799,0.4991910755634308
738,vit_lejepa,vit_tiny_cifar,token_gradient,predicted,blocks.1,1,1,1,0.7689456343650818,0.5401789546012878,0.6545622944831848
739,vit_lejepa,vit_tiny_cifar,token_gradient,predicted,blocks.1,3,7,7,0.1487557739019394,0.26635804772377014,0.20755691081285477
740,vit_lejepa,vit_tiny_cifar,token_gradient,predicted,blocks.1,2,7,7,0.04711754247546196,0.19413329660892487,0.12062541954219341
741,vit_lejepa,vit_tiny_cifar,token_gradient,predicted,blocks.1,7,7,7,-0.1675041913986206,0.2073238641023636,0.01990983635187149
742,vit_lejepa,vit_tiny_cifar,token_gradient,predicted,blocks.1,0,0,0,0.12563110888004303,0.3368280827999115,0.23122959583997726
743,vit_lejepa,vit_tiny_cifar,token_gradient,predicted,blocks.1,7,9,9,0.2103082686662674,0.25121650099754333,0.23076238483190536
744,vit_lejepa,vit_tiny_cifar,token_gradient,predicted,blocks.1,9,3,3,0.7427458167076111,0.6223666667938232,0.6825562417507172
745,vit_lejepa,vit_tiny_cifar,token_gradient,predicted,blocks.1,7,7,7,0.35199055075645447,0.4587547779083252,0.40537266433238983
746,vit_lejepa,vit_tiny_cifar,token_gradient,predicted,blocks.1,6,6,6,0.4182528853416443,0.25876885652542114,0.3385108709335327
747,vit_lejepa,vit_tiny_cifar,token_gradient,predicted,blocks.1,6,3,3,0.2830652594566345,0.2741369903087616,0.27860112488269806
748,vit_lejepa,vit_tiny_cifar,token_gradient,predicted,blocks.1,2,2,2,0.5953354239463806,0.16635245084762573,0.3808439373970032
749,vit_lejepa,vit_tiny_cifar,token_gradient,predicted,blocks.1,5,5,5,0.2554815709590912,0.20676450431346893,0.23112303763628006
750,vit_lejepa,vit_tiny_cifar,token_gradient,predicted,blocks.1,9,7,7,-0.24137061834335327,0.19663840532302856,-0.022366106510162354
751,vit_lejepa,vit_tiny_cifar,token_gradient,predicted,blocks.1,2,0,0,0.6453001499176025,0.41089844703674316,0.5280992984771729
752,vit_lejepa,vit_tiny_cifar,token_gradient,predicted,blocks.1,9,9,9,0.19847536087036133,0.24629844725131989,0.2223869040608406
753,vit_lejepa,vit_tiny_cifar,token_gradient,predicted,blocks.1,1,1,1,0.035464439541101456,0.1490340232849121,0.09224923141300678
754,vit_lejepa,vit_tiny_cifar,token_gradient,predicted,blocks.1,2,2,2,0.15834537148475647,0.2007657140493393,0.17955554276704788
755,vit_lejepa,vit_tiny_cifar,token_gradient,predicted,blocks.1,2,4,4,0.2639504075050354,0.3902391195297241,0.32709476351737976
756,vit_lejepa,vit_tiny_cifar,token_gradient,predicted,blocks.1,6,6,6,0.2500098645687103,0.40845608711242676,0.32923297584056854
757,vit_lejepa,vit_tiny_cifar,token_gradient,predicted,blocks.1,8,8,8,-0.1426721066236496,0.11581749469041824,-0.013427305966615677
758,vit_lejepa,vit_tiny_cifar,token_gradient,predicted,blocks.1,2,8,8,0.2257072478532791,0.1550820767879486,0.19039466232061386
759,vit_lejepa,vit_tiny_cifar,token_gradient,predicted,blocks.1,1,1,1,-0.15714168548583984,0.20296362042427063,0.022910967469215393
760,vit_lejepa,vit_tiny_cifar,token_gradient,predicted,blocks.1,3,9,9,0.41426920890808105,0.3510761260986328,0.38267266750335693
761,vit_lejepa,vit_tiny_cifar,token_gradient,predicted,blocks.1,6,5,5,0.638785183429718,0.30443015694618225,0.47160767018795013
762,vit_lejepa,vit_tiny_cifar,token_gradient,predicted,blocks.1,6,1,1,-0.036183394491672516,0.13871555030345917,0.051266077905893326
763,vit_lejepa,vit_tiny_cifar,token_gradient,predicted,blocks.1,0,3,3,0.30258414149284363,0.33075371384620667,0.31666892766952515
764,vit_lejepa,vit_tiny_cifar,token_gradient,predicted,blocks.1,1,8,8,0.3556385636329651,0.40952855348587036,0.3825835585594177
765,vit_lejepa,vit_tiny_cifar,token_gradient,predicted,blocks.1,2,2,2,0.4112280309200287,0.2735796272754669,0.3424038290977478
766,vit_lejepa,vit_tiny_cifar,token_gradient,predicted,blocks.1,7,5,5,0.43459421396255493,0.3787522614002228,0.40667323768138885
767,vit_lejepa,vit_tiny_cifar,token_gradient,predicted,blocks.1,0,0,0,0.5296838283538818,0.3067563474178314,0.41822008788585663
768,vit_lejepa,vit_tiny_cifar,token_gradient,predicted,blocks.1,5,3,3,0.4689062833786011,0.4080161452293396,0.43846121430397034
769,vit_lejepa,vit_tiny_cifar,token_gradient,predicted,blocks.1,4,8,8,0.267311155796051,0.21597231924533844,0.24164173752069473
770,vit_lejepa,vit_tiny_cifar,token_gradient,predicted,blocks.1,6,3,3,0.6339656114578247,0.3536340892314911,0.4937998503446579
771,vit_lejepa,vit_tiny_cifar,token_gradient,predicted,blocks.1,1,7,7,0.04170314967632294,0.1907854825258255,0.11624431610107422
772,vit_lejepa,vit_tiny_cifar,token_gradient,predicted,blocks.1,6,6,6,0.15459983050823212,0.14008264243602753,0.14734123647212982
773,vit_lejepa,vit_tiny_cifar,token_gradient,predicted,blocks.1,4,5,5,0.6129222512245178,0.26374122500419617,0.438331738114357
774,vit_lejepa,vit_tiny_cifar,token_gradient,predicted,blocks.1,0,0,0,0.7510172724723816,0.2348618507385254,0.4929395616054535
775,vit_lejepa,vit_tiny_cifar,token_gradient,predicted,blocks.1,2,6,6,0.5522054433822632,0.2618308961391449,0.40701816976070404
776,vit_lejepa,vit_tiny_cifar,token_gradient,predicted,blocks.1,2,5,5,0.3151986300945282,0.3541521430015564,0.3346753865480423
777,vit_lejepa,vit_tiny_cifar,token_gradient,predicted,blocks.1,6,2,2,0.29093238711357117,0.44326841831207275,0.36710040271282196
778,vit_lejepa,vit_tiny_cifar,token_gradient,predicted,blocks.1,0,2,2,0.2328837811946869,0.31809377670288086,0.2754887789487839
779,vit_lejepa,vit_tiny_cifar,token_gradient,predicted,blocks.1,5,6,6,0.39847373962402344,0.3574967682361603,0.37798525393009186
780,vit_lejepa,vit_tiny_cifar,token_gradient,predicted,blocks.1,9,2,2,0.2597249448299408,0.2451753318309784,0.2524501383304596
781,vit_lejepa,vit_tiny_cifar,token_gradient,predicted,blocks.1,1,1,1,0.6084417700767517,0.5184339284896851,0.5634378492832184
782,vit_lejepa,vit_tiny_cifar,token_gradient,predicted,blocks.1,7,7,7,0.26662468910217285,0.2607901692390442,0.2637074291706085
783,vit_lejepa,vit_tiny_cifar,token_gradient,predicted,blocks.1,6,4,4,0.19848822057247162,0.415659636259079,0.3070739284157753
784,vit_lejepa,vit_tiny_cifar,token_gradient,predicted,blocks.1,7,7,7,0.20770445466041565,0.43955758213996887,0.32363101840019226
785,vit_lejepa,vit_tiny_cifar,token_gradient,predicted,blocks.1,0,0,0,0.013702568598091602,0.22201195359230042,0.11785726109519601
786,vit_lejepa,vit_tiny_cifar,token_gradient,predicted,blocks.1,3,6,6,0.47446638345718384,0.4593348205089569,0.4669006019830704
787,vit_lejepa,vit_tiny_cifar,token_gradient,predicted,blocks.1,9,9,9,-0.3122541010379791,0.10809635370969772,-0.1020788736641407
788,vit_lejepa,vit_tiny_cifar,token_gradient,predicted,blocks.1,6,6,6,-0.10779143869876862,0.19834771752357483,0.04527813941240311
789,vit_lejepa,vit_tiny_cifar,token_gradient,predicted,blocks.1,8,8,8,0.5248730182647705,0.41004812717437744,0.467460572719574
790,vit_lejepa,vit_tiny_cifar,token_gradient,predicted,blocks.1,3,0,0,0.7555525898933411,0.37918907403945923,0.5673708319664001
791,vit_lejepa,vit_tiny_cifar,token_gradient,predicted,blocks.1,0,0,0,0.7069544792175293,0.33668774366378784,0.5218211114406586
792,vit_lejepa,vit_tiny_cifar,token_gradient,predicted,blocks.1,3,4,4,0.10889517515897751,0.11397319287061691,0.11143418401479721
793,vit_lejepa,vit_tiny_cifar,token_gradient,predicted,blocks.1,4,5,5,0.18886342644691467,0.2324422150850296,0.21065282076597214
794,vit_lejepa,vit_tiny_cifar,token_gradient,predicted,blocks.1,7,7,7,-0.01846877671778202,0.18755581974983215,0.08454352151602507
795,vit_lejepa,vit_tiny_cifar,token_gradient,predicted,blocks.1,7,4,4,0.14184081554412842,0.1838180273771286,0.1628294214606285
796,vit_lejepa,vit_tiny_cifar,token_gradient,predicted,blocks.1,1,7,7,0.08918306976556778,0.28548458218574524,0.1873338259756565
797,vit_lejepa,vit_tiny_cifar,token_gradient,predicted,blocks.1,4,6,6,0.10278727859258652,0.4086490273475647,0.2557181529700756
798,vit_lejepa,vit_tiny_cifar,token_gradient,predicted,blocks.1,7,3,3,0.4029914140701294,0.3570074737071991,0.37999944388866425
799,vit_lejepa,vit_tiny_cifar,token_gradient,predicted,blocks.1,2,4,4,0.024133723229169846,0.21157580614089966,0.11785476468503475
800,vit_lejepa,vit_tiny_cifar,token_gradient,predicted,blocks.1,7,7,7,0.15393848717212677,0.3856959939002991,0.2698172405362129
801,vit_lejepa,vit_tiny_cifar,token_gradient,predicted,blocks.1,1,9,9,0.24685615301132202,0.3939230442047119,0.32038959860801697
802,vit_lejepa,vit_tiny_cifar,token_gradient,predicted,blocks.1,4,9,9,0.2453531175851822,0.23087681829929352,0.23811496794223785
803,vit_lejepa,vit_tiny_cifar,token_gradient,predicted,blocks.1,7,7,7,0.7218311429023743,0.3437530994415283,0.5327921211719513
804,vit_lejepa,vit_tiny_cifar,token_gradient,predicted,blocks.1,4,4,4,0.12003298103809357,0.3538738787174225,0.23695342987775803
805,vit_lejepa,vit_tiny_cifar,token_gradient,predicted,blocks.1,4,4,4,0.16710622608661652,0.4728693962097168,0.31998781114816666
806,vit_lejepa,vit_tiny_cifar,token_gradient,predicted,blocks.1,8,8,8,0.48961251974105835,0.21614238619804382,0.3528774529695511
807,vit_lejepa,vit_tiny_cifar,token_gradient,predicted,blocks.1,4,4,4,0.4842473864555359,0.2966386377811432,0.39044301211833954
808,vit_lejepa,vit_tiny_cifar,token_gradient,predicted,blocks.1,7,0,0,0.1595277488231659,0.24560575187206268,0.2025667503476143
809,vit_lejepa,vit_tiny_cifar,token_gradient,predicted,blocks.1,7,3,3,0.025641370564699173,0.13616825640201569,0.08090481348335743
810,vit_lejepa,vit_tiny_cifar,token_gradient,predicted,blocks.1,5,5,5,0.42291927337646484,0.17840003967285156,0.3006596565246582
811,vit_lejepa,vit_tiny_cifar,token_gradient,predicted,blocks.1,3,3,3,0.5564689636230469,0.39277705550193787,0.47462300956249237
812,vit_lejepa,vit_tiny_cifar,token_gradient,predicted,blocks.1,7,7,7,0.3049854040145874,0.47431308031082153,0.38964924216270447
813,vit_lejepa,vit_tiny_cifar,token_gradient,predicted,blocks.1,2,2,2,0.35356640815734863,0.3695473074913025,0.36155685782432556
814,vit_lejepa,vit_tiny_cifar,token_gradient,predicted,blocks.1,0,9,9,0.4595690369606018,0.28416743874549866,0.37186823785305023
815,vit_lejepa,vit_tiny_cifar,token_gradient,predicted,blocks.1,8,9,9,0.2464754730463028,0.3183023929595947,0.28238893300294876
816,vit_lejepa,vit_tiny_cifar,token_gradient,predicted,blocks.1,9,5,5,0.44329607486724854,0.3678886592388153,0.4055923670530319
817,vit_lejepa,vit_tiny_cifar,token_gradient,predicted,blocks.1,5,4,4,0.07117003947496414,0.225863978266716,0.14851700887084007
818,vit_lejepa,vit_tiny_cifar,token_gradient,predicted,blocks.1,8,8,8,0.3940974473953247,0.4049873948097229,0.3995424211025238
819,vit_lejepa,vit_tiny_cifar,token_gradient,predicted,blocks.1,3,6,6,0.3774530589580536,0.2825612723827362,0.3300071656703949
820,vit_lejepa,vit_tiny_cifar,token_gradient,predicted,blocks.1,6,9,9,0.757885217666626,0.431643545627594,0.59476438164711
821,vit_lejepa,vit_tiny_cifar,token_gradient,predicted,blocks.1,2,2,2,0.4801940321922302,0.14381535351276398,0.3120046928524971
822,vit_lejepa,vit_tiny_cifar,token_gradient,predicted,blocks.1,0,9,9,0.5021994113922119,0.43302837014198303,0.4676138907670975
823,vit_lejepa,vit_tiny_cifar,token_gradient,predicted,blocks.1,8,0,0,0.5513712763786316,0.388248473405838,0.4698098748922348
824,vit_lejepa,vit_tiny_cifar,token_gradient,predicted,blocks.1,7,7,7,0.1898537427186966,0.46601495146751404,0.3279343470931053
825,vit_lejepa,vit_tiny_cifar,token_gradient,predicted,blocks.1,3,5,5,0.18509773910045624,0.3132648766040802,0.24918130785226822
826,vit_lejepa,vit_tiny_cifar,token_gradient,predicted,blocks.1,7,0,0,0.1784384399652481,0.18017695844173431,0.1793076992034912
827,vit_lejepa,vit_tiny_cifar,token_gradient,predicted,blocks.1,6,6,6,0.4980863630771637,0.3455522060394287,0.4218192845582962
828,vit_lejepa,vit_tiny_cifar,token_gradient,predicted,blocks.1,5,6,6,0.13562853634357452,0.24379459023475647,0.1897115632891655
829,vit_lejepa,vit_tiny_cifar,token_gradient,predicted,blocks.1,3,0,0,0.8054824471473694,0.32458728551864624,0.5650348663330078
830,vit_lejepa,vit_tiny_cifar,token_gradient,predicted,blocks.1,1,1,1,0.3974749743938446,0.4916263520717621,0.44455066323280334
831,vit_lejepa,vit_tiny_cifar,token_gradient,predicted,blocks.1,3,5,5,0.6191178560256958,0.23232758045196533,0.42572271823883057
832,vit_lejepa,vit_tiny_cifar,token_gradient,predicted,blocks.1,2,5,5,0.5341116189956665,0.17359559237957,0.35385360568761826
833,vit_lejepa,vit_tiny_cifar,token_gradient,predicted,blocks.1,2,3,3,0.6230790615081787,0.21607762575149536,0.41957834362983704
834,vit_lejepa,vit_tiny_cifar,token_gradient,predicted,blocks.1,5,2,2,0.4756491780281067,0.3395915627479553,0.407620370388031
835,vit_lejepa,vit_tiny_cifar,token_gradient,predicted,blocks.1,4,9,9,0.5217936635017395,0.5748453736305237,0.5483195185661316
836,vit_lejepa,vit_tiny_cifar,token_gradient,predicted,blocks.1,1,8,8,-0.09228812903165817,0.17547982931137085,0.04159585013985634
837,vit_lejepa,vit_tiny_cifar,token_gradient,predicted,blocks.1,2,2,2,0.7191709876060486,0.3138442933559418,0.5165076404809952
838,vit_lejepa,vit_tiny_cifar,token_gradient,predicted,blocks.1,9,2,2,-0.19235165417194366,0.3623790740966797,0.08501370996236801
839,vit_lejepa,vit_tiny_cifar,token_gradient,predicted,blocks.1,2,8,8,0.33700281381607056,0.1455416977405548,0.24127225577831268
840,vit_lejepa,vit_tiny_cifar,token_gradient,predicted,blocks.1,7,7,7,0.21190840005874634,0.3258391320705414,0.26887376606464386
841,vit_lejepa,vit_tiny_cifar,token_gradient,predicted,blocks.1,0,0,0,0.5275704860687256,0.24791060388088226,0.3877405449748039
842,vit_lejepa,vit_tiny_cifar,token_gradient,predicted,blocks.1,7,7,7,-0.15123268961906433,0.15053805708885193,-0.00034731626510620117
843,vit_lejepa,vit_tiny_cifar,token_gradient,predicted,blocks.1,2,2,2,0.4638199508190155,0.41235873103141785,0.4380893409252167
844,vit_lejepa,vit_tiny_cifar,token_gradient,predicted,blocks.1,1,7,7,0.7932144403457642,0.3553287088871002,0.5742715746164322
845,vit_lejepa,vit_tiny_cifar,token_gradient,predicted,blocks.1,3,9,9,0.4646921455860138,0.1977621614933014,0.3312271535396576
846,vit_lejepa,vit_tiny_cifar,token_gradient,predicted,blocks.1,2,4,4,0.40568751096725464,0.22532327473163605,0.31550539284944534
847,vit_lejepa,vit_tiny_cifar,token_gradient,predicted,blocks.1,0,0,0,0.1632930189371109,0.14145290851593018,0.15237296372652054
848,vit_lejepa,vit_tiny_cifar,token_gradient,predicted,blocks.1,2,6,6,0.11580247431993484,0.3018878996372223,0.20884518697857857
849,vit_lejepa,vit_tiny_cifar,token_gradient,predicted,blocks.1,4,4,4,0.5820856690406799,0.375023752450943,0.47855471074581146
850,vit_lejepa,vit_tiny_cifar,token_gradient,predicted,blocks.1,7,3,3,0.44244515895843506,0.29419100284576416,0.3683180809020996
851,vit_lejepa,vit_tiny_cifar,token_gradient,predicted,blocks.1,9,9,9,0.13818331062793732,0.41728952527046204,0.2777364179491997
852,vit_lejepa,vit_tiny_cifar,token_gradient,predicted,blocks.1,8,0,0,0.17199377715587616,0.2817583680152893,0.22687607258558273
853,vit_lejepa,vit_tiny_cifar,token_gradient,predicted,blocks.1,9,1,1,0.230914905667305,0.5675274729728699,0.39922118932008743
854,vit_lejepa,vit_tiny_cifar,token_gradient,predicted,blocks.1,0,0,0,0.028664715588092804,0.34462863206863403,0.18664667382836342
855,vit_lejepa,vit_tiny_cifar,token_gradient,predicted,blocks.1,7,9,9,0.5948175191879272,0.5699285268783569,0.5823730230331421
856,vit_lejepa,vit_tiny_cifar,token_gradient,predicted,blocks.1,7,7,7,0.4086328148841858,0.4192163050174713,0.41392455995082855
857,vit_lejepa,vit_tiny_cifar,token_gradient,predicted,blocks.1,0,0,0,0.7314133644104004,0.43522486090660095,0.5833191126585007
858,vit_lejepa,vit_tiny_cifar,token_gradient,predicted,blocks.1,7,2,2,0.2512967586517334,0.16724711656570435,0.20927193760871887
859,vit_lejepa,vit_tiny_cifar,token_gradient,predicted,blocks.1,8,8,8,0.2360275834798813,0.30854368209838867,0.272285632789135
860,vit_lejepa,vit_tiny_cifar,token_gradient,predicted,blocks.1,4,4,4,0.40734076499938965,0.33371785283088684,0.37052930891513824
861,vit_lejepa,vit_tiny_cifar,token_gradient,predicted,blocks.1,6,4,4,0.48207852244377136,0.18577340245246887,0.3339259624481201
862,vit_lejepa,vit_tiny_cifar,token_gradient,predicted,blocks.1,3,3,3,0.49692341685295105,0.22277137637138367,0.35984739661216736
863,vit_lejepa,vit_tiny_cifar,token_gradient,predicted,blocks.1,3,5,5,0.4532748758792877,0.21621975302696228,0.334747314453125
864,vit_lejepa,vit_tiny_cifar,token_gradient,predicted,blocks.1,0,0,0,0.10207046568393707,0.2854364514350891,0.1937534585595131
865,vit_lejepa,vit_tiny_cifar,token_gradient,predicted,blocks.1,1,7,7,0.48149049282073975,0.5350751876831055,0.5082828402519226
866,vit_lejepa,vit_tiny_cifar,token_gradient,predicted,blocks.1,3,5,5,0.007692732382565737,0.2526305317878723,0.13016163208521903
867,vit_lejepa,vit_tiny_cifar,token_gradient,predicted,blocks.1,7,3,3,0.427394300699234,0.4682844281196594,0.4478393644094467
868,vit_lejepa,vit_tiny_cifar,token_gradient,predicted,blocks.1,0,8,8,-0.18645404279232025,0.18757285177707672,0.0005594044923782349
869,vit_lejepa,vit_tiny_cifar,token_gradient,predicted,blocks.1,1,1,1,0.038010042160749435,0.13175354897975922,0.08488179557025433
870,vit_lejepa,vit_tiny_cifar,token_gradient,predicted,blocks.1,3,3,3,0.09523871541023254,0.17397244274616241,0.13460557907819748
871,vit_lejepa,vit_tiny_cifar,token_gradient,predicted,blocks.1,1,1,1,0.20258846879005432,0.5142079591751099,0.3583982139825821
872,vit_lejepa,vit_tiny_cifar,token_gradient,predicted,blocks.1,4,6,6,0.25644993782043457,0.36434242129325867,0.3103961795568466
873,vit_lejepa,vit_tiny_cifar,token_gradient,predicted,blocks.1,2,0,0,0.2799566388130188,0.13241691887378693,0.20618677884340286
874,vit_lejepa,vit_tiny_cifar,token_gradient,predicted,blocks.1,3,3,3,0.7325308918952942,0.3735591173171997,0.553045004606247
875,vit_lejepa,vit_tiny_cifar,token_gradient,predicted,blocks.1,8,8,8,0.18518562614917755,0.23305349051952362,0.20911955833435059
876,vit_lejepa,vit_tiny_cifar,token_gradient,predicted,blocks.1,4,4,4,0.5447530150413513,0.19562986493110657,0.37019143998622894
877,vit_lejepa,vit_tiny_cifar,token_gradient,predicted,blocks.1,2,2,2,0.5294482707977295,0.1409866213798523,0.3352174460887909
878,vit_lejepa,vit_tiny_cifar,token_gradient,predicted,blocks.1,3,4,4,0.25955095887184143,0.4631873667240143,0.36136916279792786
879,vit_lejepa,vit_tiny_cifar,token_gradient,predicted,blocks.1,7,7,7,0.3819009065628052,0.257129043340683,0.3195149749517441
880,vit_lejepa,vit_tiny_cifar,token_gradient,predicted,blocks.1,8,8,8,0.4382385015487671,0.36647412180900574,0.4023563116788864
881,vit_lejepa,vit_tiny_cifar,token_gradient,predicted,blocks.1,4,0,0,0.42514318227767944,0.3767562210559845,0.40094970166683197
882,vit_lejepa,vit_tiny_cifar,token_gradient,predicted,blocks.1,3,0,0,0.5846350789070129,0.201950341463089,0.39329271018505096
883,vit_lejepa,vit_tiny_cifar,token_gradient,predicted,blocks.1,0,0,0,0.38652417063713074,0.20817288756370544,0.2973485291004181
884,vit_lejepa,vit_tiny_cifar,token_gradient,predicted,blocks.1,9,8,8,0.01071347389370203,0.2890019714832306,0.1498577226884663
885,vit_lejepa,vit_tiny_cifar,token_gradient,predicted,blocks.1,0,0,0,0.7046594023704529,0.17791485786437988,0.4412871301174164
886,vit_lejepa,vit_tiny_cifar,token_gradient,predicted,blocks.1,0,9,9,0.2071237415075302,0.24407674372196198,0.2256002426147461
887,vit_lejepa,vit_tiny_cifar,token_gradient,predicted,blocks.1,1,1,1,0.19387060403823853,0.46792882680892944,0.330899715423584
888,vit_lejepa,vit_tiny_cifar,token_gradient,predicted,blocks.1,0,0,0,0.2747438848018646,0.3372161090373993,0.30597999691963196
889,vit_lejepa,vit_tiny_cifar,token_gradient,predicted,blocks.1,4,6,6,0.28732067346572876,0.12840475142002106,0.2078627124428749
890,vit_lejepa,vit_tiny_cifar,token_gradient,predicted,blocks.1,4,1,1,0.512449324131012,0.2919573187828064,0.4022033214569092
891,vit_lejepa,vit_tiny_cifar,token_gradient,predicted,blocks.1,6,6,6,0.28849247097969055,0.2192884087562561,0.2538904398679733
892,vit_lejepa,vit_tiny_cifar,token_gradient,predicted,blocks.1,7,2,2,0.013309536501765251,0.22966651618480682,0.12148802634328604
893,vit_lejepa,vit_tiny_cifar,token_gradient,predicted,blocks.1,6,6,6,-0.18271006643772125,0.49453434348106384,0.1559121385216713
894,vit_lejepa,vit_tiny_cifar,token_gradient,predicted,blocks.1,1,9,9,0.009111285209655762,0.4337511360645294,0.2214312106370926
895,vit_lejepa,vit_tiny_cifar,token_gradient,predicted,blocks.1,1,9,9,0.04783445969223976,0.3839028477668762,0.215868653729558
896,vit_lejepa,vit_tiny_cifar,token_gradient,predicted,blocks.1,3,9,9,0.33239904046058655,0.20549950003623962,0.2689492702484131
897,vit_lejepa,vit_tiny_cifar,token_gradient,predicted,blocks.1,7,8,8,-0.00963956955820322,0.20149268209934235,0.09592655627056956
898,vit_lejepa,vit_tiny_cifar,token_gradient,predicted,blocks.1,3,7,7,0.4922363758087158,0.36422309279441833,0.4282297343015671
899,vit_lejepa,vit_tiny_cifar,token_gradient,predicted,blocks.1,5,7,7,0.7603300213813782,0.4149562120437622,0.5876431167125702
900,vit_lejepa,vit_tiny_cifar,token_gradient,predicted,blocks.1,2,2,2,0.6155446171760559,0.4501292407512665,0.5328369289636612
901,vit_lejepa,vit_tiny_cifar,token_gradient,predicted,blocks.1,6,2,2,0.17901670932769775,0.43895381689071655,0.30898526310920715
902,vit_lejepa,vit_tiny_cifar,token_gradient,predicted,blocks.1,6,6,6,0.286774218082428,0.33815163373947144,0.3124629259109497
903,vit_lejepa,vit_tiny_cifar,token_gradient,predicted,blocks.1,5,3,3,0.17278821766376495,0.36328330636024475,0.26803576201200485
904,vit_lejepa,vit_tiny_cifar,token_gradient,predicted,blocks.1,8,8,8,0.32410722970962524,0.1515035778284073,0.23780540376901627
905,vit_lejepa,vit_tiny_cifar,token_gradient,predicted,blocks.1,7,8,8,-0.05285055190324783,0.16708429157733917,0.05711686983704567
906,vit_lejepa,vit_tiny_cifar,token_gradient,predicted,blocks.1,1,1,1,-0.002097995951771736,0.20105504989624023,0.09947852697223425
907,vit_lejepa,vit_tiny_cifar,token_gradient,predicted,blocks.1,6,6,6,0.18168871104717255,0.46838080883026123,0.3250347599387169
908,vit_lejepa,vit_tiny_cifar,token_gradient,predicted,blocks.1,8,8,8,-0.1173069030046463,0.18723714351654053,0.03496512025594711
909,vit_lejepa,vit_tiny_cifar,token_gradient,predicted,blocks.1,8,8,8,0.44095319509506226,0.2177508920431137,0.329352043569088
910,vit_lejepa,vit_tiny_cifar,token_gradient,predicted,blocks.1,5,6,6,0.4479292929172516,0.1874447762966156,0.3176870346069336
911,vit_lejepa,vit_tiny_cifar,token_gradient,predicted,blocks.1,3,5,5,-0.2332916259765625,0.17648139595985413,-0.028405115008354187
912,vit_lejepa,vit_tiny_cifar,token_gradient,predicted,blocks.1,0,0,0,0.4063228666782379,0.24112682044506073,0.3237248435616493
913,vit_lejepa,vit_tiny_cifar,token_gradient,predicted,blocks.1,4,4,4,-0.2105284333229065,0.24453409016132355,0.017002828419208527
914,vit_lejepa,vit_tiny_cifar,token_gradient,predicted,blocks.1,0,6,6,0.008562742732465267,0.49783334136009216,0.2531980420462787
915,vit_lejepa,vit_tiny_cifar,token_gradient,predicted,blocks.1,1,7,7,0.4255245625972748,0.3015774190425873,0.36355099081993103
916,vit_lejepa,vit_tiny_cifar,token_gradient,predicted,blocks.1,3,7,7,0.5635348558425903,0.4058218002319336,0.48467832803726196
917,vit_lejepa,vit_tiny_cifar,token_gradient,predicted,blocks.1,8,8,8,0.8086303472518921,0.31500011682510376,0.5618152320384979
918,vit_lejepa,vit_tiny_cifar,token_gradient,predicted,blocks.1,8,0,0,0.006433804519474506,0.20028507709503174,0.10335944080725312
919,vit_lejepa,vit_tiny_cifar,token_gradient,predicted,blocks.1,0,2,2,0.7399682998657227,0.5305367112159729,0.6352525055408478
920,vit_lejepa,vit_tiny_cifar,token_gradient,predicted,blocks.1,6,4,4,-0.04725797846913338,0.4149121642112732,0.1838270928710699
921,vit_lejepa,vit_tiny_cifar,token_gradient,predicted,blocks.1,9,9,9,0.27480369806289673,0.43819764256477356,0.35650067031383514
922,vit_lejepa,vit_tiny_cifar,token_gradient,predicted,blocks.1,9,1,1,0.46786707639694214,0.20267510414123535,0.33527109026908875
923,vit_lejepa,vit_tiny_cifar,token_gradient,predicted,blocks.1,9,3,3,0.44101640582084656,0.340129017829895,0.3905727118253708
924,vit_lejepa,vit_tiny_cifar,token_gradient,predicted,blocks.1,5,1,1,-0.03696655482053757,0.37243086099624634,0.16773215308785439
925,vit_lejepa,vit_tiny_cifar,token_gradient,predicted,blocks.1,5,5,5,0.3103490173816681,0.5715882778167725,0.4409686475992203
926,vit_lejepa,vit_tiny_cifar,token_gradient,predicted,blocks.1,8,5,5,0.18895219266414642,0.5162181258201599,0.35258515924215317
927,vit_lejepa,vit_tiny_cifar,token_gradient,predicted,blocks.1,6,3,3,0.7454544901847839,0.38127702474594116,0.5633657574653625
928,vit_lejepa,vit_tiny_cifar,token_gradient,predicted,blocks.1,0,0,0,0.7974603176116943,0.3218531310558319,0.5596567243337631
929,vit_lejepa,vit_tiny_cifar,token_gradient,predicted,blocks.1,0,8,8,0.30982089042663574,0.34752747416496277,0.32867418229579926
930,vit_lejepa,vit_tiny_cifar,token_gradient,predicted,blocks.1,4,4,4,-0.07551120221614838,0.20414584875106812,0.06431732326745987
931,vit_lejepa,vit_tiny_cifar,token_gradient,predicted,blocks.1,2,6,6,0.7245085835456848,0.4909992814064026,0.6077539324760437
932,vit_lejepa,vit_tiny_cifar,token_gradient,predicted,blocks.1,3,9,9,0.09993132948875427,0.4026428461074829,0.2512870877981186
933,vit_lejepa,vit_tiny_cifar,token_gradient,predicted,blocks.1,2,7,7,0.1707506626844406,0.21386314928531647,0.19230690598487854
934,vit_lejepa,vit_tiny_cifar,token_gradient,predicted,blocks.1,7,7,7,0.10350028425455093,0.21666473150253296,0.16008250787854195
935,vit_lejepa,vit_tiny_cifar,token_gradient,predicted,blocks.1,2,0,0,0.774288535118103,0.3161786198616028,0.5452335774898529
936,vit_lejepa,vit_tiny_cifar,token_gradient,predicted,blocks.1,2,2,2,-0.09879303723573685,0.2755078971385956,0.08835742995142937
937,vit_lejepa,vit_tiny_cifar,token_gradient,predicted,blocks.1,5,2,2,0.07822758704423904,0.2365093231201172,0.15736845508217812
938,vit_lejepa,vit_tiny_cifar,token_gradient,predicted,blocks.1,9,1,1,0.5148173570632935,0.3958006501197815,0.4553090035915375
939,vit_lejepa,vit_tiny_cifar,token_gradient,predicted,blocks.1,8,0,0,0.6291847825050354,0.27353113889694214,0.45135796070098877
940,vit_lejepa,vit_tiny_cifar,token_gradient,predicted,blocks.1,9,1,1,-0.06595634669065475,0.3458012044429779,0.13992242887616158
941,vit_lejepa,vit_tiny_cifar,token_gradient,predicted,blocks.1,1,9,9,-0.18642370402812958,0.09263751655817032,-0.04689309373497963
942,vit_lejepa,vit_tiny_cifar,token_gradient,predicted,blocks.1,7,0,0,0.5637627243995667,0.3739214837551117,0.4688421040773392
943,vit_lejepa,vit_tiny_cifar,token_gradient,predicted,blocks.1,4,6,6,0.1275426298379898,0.27157479524612427,0.19955871254205704
944,vit_lejepa,vit_tiny_cifar,token_gradient,predicted,blocks.1,0,0,0,-0.14464807510375977,0.20167848467826843,0.028515204787254333
945,vit_lejepa,vit_tiny_cifar,token_gradient,predicted,blocks.1,3,8,8,-0.08257162570953369,0.19467970728874207,0.05605404078960419
946,vit_lejepa,vit_tiny_cifar,token_gradient,predicted,blocks.1,0,0,0,0.7533266544342041,0.34680014848709106,0.5500634014606476
947,vit_lejepa,vit_tiny_cifar,token_gradient,predicted,blocks.1,1,1,1,0.6472752690315247,0.22108881175518036,0.4341820403933525
948,vit_lejepa,vit_tiny_cifar,token_gradient,predicted,blocks.1,3,8,8,0.26193422079086304,0.29526370763778687,0.27859896421432495
949,vit_lejepa,vit_tiny_cifar,token_gradient,predicted,blocks.1,8,1,1,-0.3034861087799072,0.3863653838634491,0.041439637541770935
950,vit_lejepa,vit_tiny_cifar,token_gradient,predicted,blocks.1,3,2,2,0.2842951714992523,0.4532605707645416,0.368777871131897
951,vit_lejepa,vit_tiny_cifar,token_gradient,predicted,blocks.1,9,0,0,0.19413238763809204,0.3824060559272766,0.2882692217826843
952,vit_lejepa,vit_tiny_cifar,token_gradient,predicted,blocks.1,6,6,6,0.5597326159477234,0.11885198205709457,0.339292299002409
953,vit_lejepa,vit_tiny_cifar,token_gradient,predicted,blocks.1,1,0,0,0.5399461388587952,0.4720427393913269,0.505994439125061
954,vit_lejepa,vit_tiny_cifar,token_gradient,predicted,blocks.1,4,4,4,0.0964893326163292,0.5388140678405762,0.3176517002284527
955,vit_lejepa,vit_tiny_cifar,token_gradient,predicted,blocks.1,7,7,7,0.10782336443662643,0.28603148460388184,0.19692742452025414
956,vit_lejepa,vit_tiny_cifar,token_gradient,predicted,blocks.1,0,8,8,0.3936314880847931,0.23875318467617035,0.3161923363804817
957,vit_lejepa,vit_tiny_cifar,token_gradient,predicted,blocks.1,3,3,3,0.7136751413345337,0.3560374081134796,0.5348562747240067
958,vit_lejepa,vit_tiny_cifar,token_gradient,predicted,blocks.1,7,3,3,0.11905427277088165,0.34578463435173035,0.232419453561306
959,vit_lejepa,vit_tiny_cifar,token_gradient,predicted,blocks.1,8,8,8,0.2817971408367157,0.3924924433231354,0.33714479207992554
960,vit_lejepa,vit_tiny_cifar,token_gradient,predicted,blocks.1,9,1,1,0.33181700110435486,0.23550045490264893,0.2836587280035019
961,vit_lejepa,vit_tiny_cifar,token_gradient,predicted,blocks.1,1,0,0,0.47380638122558594,0.47101902961730957,0.47241270542144775
962,vit_lejepa,vit_tiny_cifar,token_gradient,predicted,blocks.1,1,9,9,-0.025090737268328667,0.26588284969329834,0.12039605621248484
963,vit_lejepa,vit_tiny_cifar,token_gradient,predicted,blocks.1,6,4,4,0.08996318280696869,0.42016544938087463,0.25506431609392166
964,vit_lejepa,vit_tiny_cifar,token_gradient,predicted,blocks.1,6,3,3,0.19514575600624084,0.2798779010772705,0.23751182854175568
965,vit_lejepa,vit_tiny_cifar,token_gradient,predicted,blocks.1,6,6,6,0.6257360577583313,0.2925683259963989,0.4591521918773651
966,vit_lejepa,vit_tiny_cifar,token_gradient,predicted,blocks.1,6,9,9,0.5486639738082886,0.30909445881843567,0.4288792163133621
967,vit_lejepa,vit_tiny_cifar,token_gradient,predicted,blocks.1,9,9,9,0.39791083335876465,0.41684770584106445,0.40737926959991455
968,vit_lejepa,vit_tiny_cifar,token_gradient,predicted,blocks.1,1,1,1,-0.33825889229774475,0.24010495841503143,-0.04907696694135666
969,vit_lejepa,vit_tiny_cifar,token_gradient,predicted,blocks.1,9,0,0,-0.22681032121181488,0.2506438195705414,0.01191674917936325
970,vit_lejepa,vit_tiny_cifar,token_gradient,predicted,blocks.1,9,9,9,0.30527999997138977,0.3200652599334717,0.3126726299524307
971,vit_lejepa,vit_tiny_cifar,token_gradient,predicted,blocks.1,4,6,6,0.7170683741569519,0.42400601506233215,0.570537194609642
972,vit_lejepa,vit_tiny_cifar,token_gradient,predicted,blocks.1,2,7,7,-0.023849468678236008,0.36797896027565,0.172064745798707
973,vit_lejepa,vit_tiny_cifar,token_gradient,predicted,blocks.1,1,1,1,-0.2088809609413147,0.2179010957479477,0.004510067403316498
974,vit_lejepa,vit_tiny_cifar,token_gradient,predicted,blocks.1,7,0,0,0.706558108329773,0.6119629740715027,0.6592605412006378
975,vit_lejepa,vit_tiny_cifar,token_gradient,predicted,blocks.1,0,0,0,0.13349026441574097,0.1499652862548828,0.1417277753353119
976,vit_lejepa,vit_tiny_cifar,token_gradient,predicted,blocks.1,6,6,6,0.07984043657779694,0.19966381788253784,0.1397521272301674
977,vit_lejepa,vit_tiny_cifar,token_gradient,predicted,blocks.1,8,8,8,0.6364622712135315,0.2420085221529007,0.4392353966832161
978,vit_lejepa,vit_tiny_cifar,token_gradient,predicted,blocks.1,1,9,9,0.056962598115205765,0.17993681132793427,0.11844970472157001
979,vit_lejepa,vit_tiny_cifar,token_gradient,predicted,blocks.1,9,2,2,-0.24777641892433167,0.13307763636112213,-0.05734939128160477
980,vit_lejepa,vit_tiny_cifar,token_gradient,predicted,blocks.1,2,6,6,0.6949554085731506,0.37220701575279236,0.5335812121629715
981,vit_lejepa,vit_tiny_cifar,token_gradient,predicted,blocks.1,9,8,8,0.26422318816185,0.20296107232570648,0.23359213024377823
982,vit_lejepa,vit_tiny_cifar,token_gradient,predicted,blocks.1,0,5,5,0.6216426491737366,0.4009909927845001,0.5113168209791183
983,vit_lejepa,vit_tiny_cifar,token_gradient,predicted,blocks.1,4,1,1,-0.038596462458372116,0.3867405354976654,0.17407203651964664
984,vit_lejepa,vit_tiny_cifar,token_gradient,predicted,blocks.1,7,3,3,0.4263673722743988,0.32867738604545593,0.37752237915992737
985,vit_lejepa,vit_tiny_cifar,token_gradient,predicted,blocks.1,8,8,8,0.1828739196062088,0.2727433145046234,0.2278086170554161
986,vit_lejepa,vit_tiny_cifar,token_gradient,predicted,blocks.1,3,3,3,0.536486029624939,0.3151305317878723,0.42580828070640564
987,vit_lejepa,vit_tiny_cifar,token_gradient,predicted,blocks.1,1,8,8,0.45581698417663574,0.24026967585086823,0.348043330013752
988,vit_lejepa,vit_tiny_cifar,token_gradient,predicted,blocks.1,2,1,1,0.31356412172317505,0.2778869569301605,0.2957255393266678
989,vit_lejepa,vit_tiny_cifar,token_gradient,predicted,blocks.1,0,0,0,0.8072644472122192,0.3545091450214386,0.5808867961168289
990,vit_lejepa,vit_tiny_cifar,token_gradient,predicted,blocks.1,1,3,3,0.26510730385780334,0.35375869274139404,0.3094329982995987
991,vit_lejepa,vit_tiny_cifar,token_gradient,predicted,blocks.1,5,6,6,0.5656092762947083,0.28802716732025146,0.42681822180747986
992,vit_lejepa,vit_tiny_cifar,token_gradient,predicted,blocks.1,8,8,8,0.29570719599723816,0.2802869379520416,0.2879970669746399
993,vit_lejepa,vit_tiny_cifar,token_gradient,predicted,blocks.1,4,7,7,0.2891101539134979,0.3073645234107971,0.2982373386621475
994,vit_lejepa,vit_tiny_cifar,token_gradient,predicted,blocks.1,6,6,6,0.342714786529541,0.35767266154289246,0.35019372403621674
995,vit_lejepa,vit_tiny_cifar,token_gradient,predicted,blocks.1,3,3,3,0.34637120366096497,0.4144238829612732,0.3803975433111191
996,vit_lejepa,vit_tiny_cifar,token_gradient,predicted,blocks.1,8,0,0,0.4142566919326782,0.2622382640838623,0.33824747800827026
997,vit_lejepa,vit_tiny_cifar,token_gradient,predicted,blocks.1,1,1,1,-0.15085814893245697,0.22897790372371674,0.03905987739562988
998,vit_lejepa,vit_tiny_cifar,token_gradient,predicted,blocks.1,3,7,7,0.355791836977005,0.14873942732810974,0.2522656321525574
999,vit_lejepa,vit_tiny_cifar,token_gradient,predicted,blocks.1,8,8,8,0.46005579829216003,0.31676581501960754,0.3884108066558838
512,vit_lejepa,vit_tiny_cifar,token_gradient,predicted,blocks.2,6,4,4,-0.14285722374916077,0.2762479782104492,0.06669537723064423
513,vit_lejepa,vit_tiny_cifar,token_gradient,predicted,blocks.2,1,7,7,0.37545856833457947,0.1299777328968048,0.25271815061569214
514,vit_lejepa,vit_tiny_cifar,token_gradient,predicted,blocks.2,5,9,9,0.2702544033527374,0.23429393768310547,0.25227417051792145
515,vit_lejepa,vit_tiny_cifar,token_gradient,predicted,blocks.2,3,6,6,0.3207779824733734,0.3429966866970062,0.3318873345851898
516,vit_lejepa,vit_tiny_cifar,token_gradient,predicted,blocks.2,8,8,8,0.4962538778781891,0.3013148605823517,0.3987843692302704
517,vit_lejepa,vit_tiny_cifar,token_gradient,predicted,blocks.2,9,0,0,0.5357094407081604,0.3077896535396576,0.421749547123909
518,vit_lejepa,vit_tiny_cifar,token_gradient,predicted,blocks.2,5,3,3,0.3545336127281189,0.33103081583976746,0.3427822142839432
519,vit_lejepa,vit_tiny_cifar,token_gradient,predicted,blocks.2,8,8,8,-0.1408938318490982,0.3164844214916229,0.08779529482126236
520,vit_lejepa,vit_tiny_cifar,token_gradient,predicted,blocks.2,5,5,5,-0.126193106174469,0.2726065516471863,0.07320672273635864
521,vit_lejepa,vit_tiny_cifar,token_gradient,predicted,blocks.2,7,0,0,-0.010337536223232746,0.20428518950939178,0.09697382664307952
522,vit_lejepa,vit_tiny_cifar,token_gradient,predicted,blocks.2,0,0,0,0.6612167358398438,0.1796344518661499,0.4204255938529968
523,vit_lejepa,vit_tiny_cifar,token_gradient,predicted,blocks.2,7,9,9,0.368896484375,0.30266696214675903,0.3357817232608795
524,vit_lejepa,vit_tiny_cifar,token_gradient,predicted,blocks.2,0,0,0,0.618823230266571,0.2505319118499756,0.4346775710582733
525,vit_lejepa,vit_tiny_cifar,token_gradient,predicted,blocks.2,5,3,3,0.09566457569599152,0.23599448800086975,0.16582953184843063
526,vit_lejepa,vit_tiny_cifar,token_gradient,predicted,blocks.2,0,3,3,0.29537224769592285,0.3776947557926178,0.3365335017442703
527,vit_lejepa,vit_tiny_cifar,token_gradient,predicted,blocks.2,0,0,0,0.3733820915222168,0.29631394147872925,0.334848016500473
528,vit_lejepa,vit_tiny_cifar,token_gradient,predicted,blocks.2,4,0,0,-0.2812259793281555,0.1836930215358734,-0.04876647889614105
529,vit_lejepa,vit_tiny_cifar,token_gradient,predicted,blocks.2,6,6,6,0.5642732381820679,0.32643556594848633,0.4453544020652771
530,vit_lejepa,vit_tiny_cifar,token_gradient,predicted,blocks.2,9,0,0,0.5355664491653442,0.5331230163574219,0.5343447327613831
531,vit_lejepa,vit_tiny_cifar,token_gradient,predicted,blocks.2,0,9,9,0.2882525622844696,0.4023268520832062,0.3452897071838379
532,vit_lejepa,vit_tiny_cifar,token_gradient,predicted,blocks.2,9,6,6,0.20303334295749664,0.35690250992774963,0.27996792644262314
533,vit_lejepa,vit_tiny_cifar,token_gradient,predicted,blocks.2,5,5,5,0.5585542917251587,0.22743812203407288,0.3929962068796158
534,vit_lejepa,vit_tiny_cifar,token_gradient,predicted,blocks.2,6,6,6,-0.020900588482618332,0.4436362385749817,0.21136782504618168
535,vit_lejepa,vit_tiny_cifar,token_gradient,predicted,blocks.2,6,6,6,0.3872930705547333,0.47652021050453186,0.43190664052963257
536,vit_lejepa,vit_tiny_cifar,token_gradient,predicted,blocks.2,6,2,2,0.5326943397521973,0.4890854060649872,0.5108898729085922
537,vit_lejepa,vit_tiny_cifar,token_gradient,predicted,blocks.2,2,6,6,0.4441578984260559,0.4426814019680023,0.4434196501970291
538,vit_lejepa,vit_tiny_cifar,token_gradient,predicted,blocks.2,9,0,0,0.3457243740558624,0.4398050606250763,0.39276471734046936
539,vit_lejepa,vit_tiny_cifar,token_gradient,predicted,blocks.2,0,1,1,-0.07761712372303009,0.1659034639596939,0.04414317011833191
540,vit_lejepa,vit_tiny_cifar,token_gradient,predicted,blocks.2,1,1,1,-0.07127202302217484,0.2300713211297989,0.07939964905381203
541,vit_lejepa,vit_tiny_cifar,token_gradient,predicted,blocks.2,7,7,7,-0.027816789224743843,0.16095523536205292,0.06656922306865454
542,vit_lejepa,vit_tiny_cifar,token_gradient,predicted,blocks.2,6,6,6,0.04926888272166252,0.09990233927965164,0.07458561100065708
543,vit_lejepa,vit_tiny_cifar,token_gradient,predicted,blocks.2,7,3,3,0.23122939467430115,0.35523971915245056,0.29323455691337585
544,vit_lejepa,vit_tiny_cifar,token_gradient,predicted,blocks.2,5,6,6,0.5638517737388611,0.14912201464176178,0.35648689419031143
545,vit_lejepa,vit_tiny_cifar,token_gradient,predicted,blocks.2,9,9,9,-0.20527495443820953,0.3416290581226349,0.06817705184221268
546,vit_lejepa,vit_tiny_cifar,token_gradient,predicted,blocks.2,1,1,1,0.40234315395355225,0.2389872670173645,0.3206652104854584
547,vit_lejepa,vit_tiny_cifar,token_gradient,predicted,blocks.2,6,6,6,0.35909396409988403,0.4227876365184784,0.3909408003091812
548,vit_lejepa,vit_tiny_cifar,token_gradient,predicted,blocks.2,2,6,6,-0.16408276557922363,0.1753995567560196,0.00565839558839798
549,vit_lejepa,vit_tiny_cifar,token_gradient,predicted,blocks.2,5,9,9,-0.12068569660186768,0.2457122951745987,0.06251329928636551
550,vit_lejepa,vit_tiny_cifar,token_gradient,predicted,blocks.2,5,7,7,-0.23702916502952576,0.28524819016456604,0.02410951256752014
551,vit_lejepa,vit_tiny_cifar,token_gradient,predicted,blocks.2,5,3,3,0.6210319995880127,0.31054723262786865,0.4657896161079407
552,vit_lejepa,vit_tiny_cifar,token_gradient,predicted,blocks.2,8,8,8,0.27806901931762695,0.26553186774253845,0.2718004435300827
553,vit_lejepa,vit_tiny_cifar,token_gradient,predicted,blocks.2,5,5,5,0.46977144479751587,0.15203648805618286,0.31090396642684937
554,vit_lejepa,vit_tiny_cifar,token_gradient,predicted,blocks.2,9,9,9,-0.26693305373191833,0.2526209056377411,-0.007156074047088623
555,vit_lejepa,vit_tiny_cifar,token_gradient,predicted,blocks.2,4,8,8,0.19007404148578644,0.2848237454891205,0.23744889348745346
556,vit_lejepa,vit_tiny_cifar,token_gradient,predicted,blocks.2,6,2,2,0.642901599407196,0.33130791783332825,0.48710475862026215
557,vit_lejepa,vit_tiny_cifar,token_gradient,predicted,blocks.2,4,6,6,0.06428185105323792,0.1292790025472641,0.09678042680025101
558,vit_lejepa,vit_tiny_cifar,token_gradient,predicted,blocks.2,3,5,5,0.03319665417075157,0.4488484263420105,0.24102254025638103
559,vit_lejepa,vit_tiny_cifar,token_gradient,predicted,blocks.2,2,2,2,0.16298924386501312,0.16009581089019775,0.16154252737760544
560,vit_lejepa,vit_tiny_cifar,token_gradient,predicted,blocks.2,0,0,0,0.029926277697086334,0.11979077011346817,0.07485852390527725
561,vit_lejepa,vit_tiny_cifar,token_gradient,predicted,blocks.2,7,7,7,-0.15499347448349,0.22649690508842468,0.035751715302467346
562,vit_lejepa,vit_tiny_cifar,token_gradient,predicted,blocks.2,6,3,3,0.22208702564239502,0.227619007229805,0.2248530164361
563,vit_lejepa,vit_tiny_cifar,token_gradient,predicted,blocks.2,2,2,2,-0.09035862982273102,0.19258210062980652,0.05111173540353775
564,vit_lejepa,vit_tiny_cifar,token_gradient,predicted,blocks.2,2,4,4,0.576362133026123,0.3700137734413147,0.47318795323371887
565,vit_lejepa,vit_tiny_cifar,token_gradient,predicted,blocks.2,3,9,9,-0.11201100796461105,0.33522355556488037,0.11160627380013466
566,vit_lejepa,vit_tiny_cifar,token_gradient,predicted,blocks.2,9,8,8,-0.42972320318222046,0.14544767141342163,-0.14213776588439941
567,vit_lejepa,vit_tiny_cifar,token_gradient,predicted,blocks.2,7,5,5,-0.03701167553663254,0.12752044200897217,0.045254383236169815
568,vit_lejepa,vit_tiny_cifar,token_gradient,predicted,blocks.2,9,0,0,-0.14657220244407654,0.2863745391368866,0.06990116834640503
569,vit_lejepa,vit_tiny_cifar,token_gradient,predicted,blocks.2,2,6,6,0.018320148810744286,0.3980451226234436,0.20818263571709394
570,vit_lejepa,vit_tiny_cifar,token_gradient,predicted,blocks.2,6,2,2,0.12458478659391403,0.11458154022693634,0.11958316341042519
571,vit_lejepa,vit_tiny_cifar,token_gradient,predicted,blocks.2,7,2,2,0.3843744099140167,0.19952334463596344,0.2919488772749901
572,vit_lejepa,vit_tiny_cifar,token_gradient,predicted,blocks.2,1,7,7,0.1389981061220169,0.3055149018764496,0.22225650399923325
573,vit_lejepa,vit_tiny_cifar,token_gradient,predicted,blocks.2,3,5,5,0.257205069065094,0.2657868266105652,0.2614959478378296
574,vit_lejepa,vit_tiny_cifar,token_gradient,predicted,blocks.2,6,2,2,-0.023013146594166756,0.4395422339439392,0.20826454367488623
575,vit_lejepa,vit_tiny_cifar,token_gradient,predicted,blocks.2,6,6,6,-0.15249009430408478,0.1685817688703537,0.00804583728313446
576,vit_lejepa,vit_tiny_cifar,token_gradient,predicted,blocks.2,8,8,8,0.5811147093772888,0.18565945327281952,0.38338708132505417
577,vit_lejepa,vit_tiny_cifar,token_gradient,predicted,blocks.2,9,8,8,-0.08060074597597122,0.18539774417877197,0.052398499101400375
578,vit_lejepa,vit_tiny_cifar,token_gradient,predicted,blocks.2,7,3,3,0.6728528738021851,0.22747491300106049,0.45016389340162277
579,vit_lejepa,vit_tiny_cifar,token_gradient,predicted,blocks.2,5,9,9,0.32759755849838257,0.2857140302658081,0.30665579438209534
580,vit_lejepa,vit_tiny_cifar,token_gradient,predicted,blocks.2,4,4,4,0.47256991267204285,0.37001490592956543,0.42129240930080414
581,vit_lejepa,vit_tiny_cifar,token_gradient,predicted,blocks.2,0,8,8,0.21906818449497223,0.2068840116262436,0.2129760980606079
582,vit_lejepa,vit_tiny_cifar,token_gradient,predicted,blocks.2,8,8,8,0.25956985354423523,0.21154561638832092,0.23555773496627808
583,vit_lejepa,vit_tiny_cifar,token_gradient,predicted,blocks.2,4,1,1,0.46770304441452026,0.5360080599784851,0.5018555521965027
584,vit_lejepa,vit_tiny_cifar,token_gradient,predicted,blocks.2,0,0,0,-0.026202689856290817,0.305920273065567,0.1398587916046381
585,vit_lejepa,vit_tiny_cifar,token_gradient,predicted,blocks.2,9,5,5,0.23295365273952484,0.3437349498271942,0.2883443012833595
586,vit_lejepa,vit_tiny_cifar,token_gradient,predicted,blocks.2,3,3,3,0.22992007434368134,0.44218239188194275,0.33605123311281204
587,vit_lejepa,vit_tiny_cifar,token_gradient,predicted,blocks.2,4,7,7,0.6619217991828918,0.5654568672180176,0.6136893332004547
588,vit_lejepa,vit_tiny_cifar,token_gradient,predicted,blocks.2,8,8,8,0.4089057147502899,0.16302980482578278,0.28596775978803635
589,vit_lejepa,vit_tiny_cifar,token_gradient,predicted,blocks.2,9,9,9,-0.05486462637782097,0.22833622992038727,0.08673580177128315
590,vit_lejepa,vit_tiny_cifar,token_gradient,predicted,blocks.2,6,6,6,-0.006891078781336546,0.1247669979929924,0.05893795960582793
591,vit_lejepa,vit_tiny_cifar,token_gradient,predicted,blocks.2,9,8,8,0.3814328908920288,0.5021392703056335,0.4417860805988312
592,vit_lejepa,vit_tiny_cifar,token_gradient,predicted,blocks.2,2,2,2,0.60856693983078,0.2821134924888611,0.44534021615982056
593,vit_lejepa,vit_tiny_cifar,token_gradient,predicted,blocks.2,6,6,6,0.4964738190174103,0.4998011589050293,0.4981374889612198
594,vit_lejepa,vit_tiny_cifar,token_gradient,predicted,blocks.2,1,2,2,-0.19803394377231598,0.32914087176322937,0.0655534639954567
595,vit_lejepa,vit_tiny_cifar,token_gradient,predicted,blocks.2,4,0,0,-0.1088031530380249,0.21595022082328796,0.05357353389263153
596,vit_lejepa,vit_tiny_cifar,token_gradient,predicted,blocks.2,7,6,6,0.5226030349731445,0.28266575932502747,0.402634397149086
597,vit_lejepa,vit_tiny_cifar,token_gradient,predicted,blocks.2,3,9,9,-0.27153363823890686,0.22066621482372284,-0.02543371170759201
598,vit_lejepa,vit_tiny_cifar,token_gradient,predicted,blocks.2,5,3,3,0.18067792057991028,0.45354941487312317,0.3171136677265167
599,vit_lejepa,vit_tiny_cifar,token_gradient,predicted,blocks.2,3,3,3,0.6260066032409668,0.49152126908302307,0.5587639361619949
600,vit_lejepa,vit_tiny_cifar,token_gradient,predicted,blocks.2,8,9,9,0.5557418465614319,0.2758501172065735,0.4157959818840027
601,vit_lejepa,vit_tiny_cifar,token_gradient,predicted,blocks.2,5,5,5,0.7287502884864807,0.26516804099082947,0.4969591647386551
602,vit_lejepa,vit_tiny_cifar,token_gradient,predicted,blocks.2,0,0,0,0.5832035541534424,0.20530425012111664,0.3942539021372795
603,vit_lejepa,vit_tiny_cifar,token_gradient,predicted,blocks.2,2,6,6,0.4875330626964569,0.35074007511138916,0.41913656890392303
604,vit_lejepa,vit_tiny_cifar,token_gradient,predicted,blocks.2,1,8,8,-0.2614661157131195,0.15002091228961945,-0.05572260171175003
605,vit_lejepa,vit_tiny_cifar,token_gradient,predicted,blocks.2,6,6,6,-0.19095291197299957,0.2615078389644623,0.035277463495731354
606,vit_lejepa,vit_tiny_cifar,token_gradient,predicted,blocks.2,4,3,3,0.4807404577732086,0.3322412669658661,0.40649086236953735
607,vit_lejepa,vit_tiny_cifar,token_gradient,predicted,blocks.2,3,5,5,-0.5230624079704285,0.27243220806121826,-0.1253150999546051
608,vit_lejepa,vit_tiny_cifar,token_gradient,predicted,blocks.2,3,3,3,0.647015392780304,0.518852710723877,0.5829340517520905
609,vit_lejepa,vit_tiny_cifar,token_gradient,predicted,blocks.2,9,1,1,0.026077771559357643,0.2900393307209015,0.15805855114012957
610,vit_lejepa,vit_tiny_cifar,token_gradient,predicted,blocks.2,6,6,6,-0.026108894497156143,0.3208869397640228,0.14738902263343334
611,vit_lejepa,vit_tiny_cifar,token_gradient,predicted,blocks.2,9,0,0,0.603495717048645,0.2165771871805191,0.41003645211458206
612,vit_lejepa,vit_tiny_cifar,token_gradient,predicted,blocks.2,8,8,8,0.07740294933319092,0.32194629311561584,0.19967462122440338
613,vit_lejepa,vit_tiny_cifar,token_gradient,predicted,blocks.2,8,8,8,0.3428184688091278,0.12416676431894302,0.23349261656403542
614,vit_lejepa,vit_tiny_cifar,token_gradient,predicted,blocks.2,5,6,6,-0.010504583828151226,0.2344435304403305,0.11196947330608964
615,vit_lejepa,vit_tiny_cifar,token_gradient,predicted,blocks.2,8,8,8,0.13820648193359375,0.26249831914901733,0.20035240054130554
616,vit_lejepa,vit_tiny_cifar,token_gradient,predicted,blocks.2,6,2,2,0.07090400159358978,0.3346278667449951,0.20276593416929245
617,vit_lejepa,vit_tiny_cifar,token_gradient,predicted,blocks.2,6,7,7,0.015864675864577293,0.23186977207660675,0.12386722397059202
618,vit_lejepa,vit_tiny_cifar,token_gradient,predicted,blocks.2,2,2,2,-0.07036495953798294,0.22707659006118774,0.0783558152616024
619,vit_lejepa,vit_tiny_cifar,token_gradient,predicted,blocks.2,1,9,9,0.39147624373435974,0.21456821262836456,0.30302222818136215
620,vit_lejepa,vit_tiny_cifar,token_gradient,predicted,blocks.2,7,7,7,0.01322329230606556,0.2945351004600525,0.15387919638305902
621,vit_lejepa,vit_tiny_cifar,token_gradient,predicted,blocks.2,7,6,6,0.4841848313808441,0.5157040357589722,0.49994443356990814
622,vit_lejepa,vit_tiny_cifar,token_gradient,predicted,blocks.2,1,9,9,-0.1756080985069275,0.2639286518096924,0.044160276651382446
623,vit_lejepa,vit_tiny_cifar,token_gradient,predicted,blocks.2,2,0,0,0.6542009115219116,0.2538520395755768,0.4540264755487442
624,vit_lejepa,vit_tiny_cifar,token_gradient,predicted,blocks.2,7,3,3,0.21452166140079498,0.29592040181159973,0.25522103160619736
625,vit_lejepa,vit_tiny_cifar,token_gradient,predicted,blocks.2,9,1,1,0.05597871541976929,0.24604937434196472,0.151014044880867
626,vit_lejepa,vit_tiny_cifar,token_gradient,predicted,blocks.2,9,9,9,-0.08002826571464539,0.2815178334712982,0.10074478387832642
627,vit_lejepa,vit_tiny_cifar,token_gradient,predicted,blocks.2,4,7,7,0.0007490601274184883,0.22707971930503845,0.11391438971622847
628,vit_lejepa,vit_tiny_cifar,token_gradient,predicted,blocks.2,4,4,4,0.07837488502264023,0.44042012095451355,0.2593975029885769
629,vit_lejepa,vit_tiny_cifar,token_gradient,predicted,blocks.2,1,1,1,0.13065651059150696,0.2853810787200928,0.20801879465579987
630,vit_lejepa,vit_tiny_cifar,token_gradient,predicted,blocks.2,2,2,2,-0.13266095519065857,0.14726683497428894,0.0073029398918151855
631,vit_lejepa,vit_tiny_cifar,token_gradient,predicted,blocks.2,5,3,3,0.2179185301065445,0.5686149001121521,0.3932667151093483
632,vit_lejepa,vit_tiny_cifar,token_gradient,predicted,blocks.2,6,6,6,0.5879942774772644,0.4081287980079651,0.49806153774261475
633,vit_lejepa,vit_tiny_cifar,token_gradient,predicted,blocks.2,8,0,0,0.46169313788414,0.355648010969162,0.408670574426651
634,vit_lejepa,vit_tiny_cifar,token_gradient,predicted,blocks.2,7,7,7,-0.17263126373291016,0.1740427166223526,0.0007057264447212219
635,vit_lejepa,vit_tiny_cifar,token_gradient,predicted,blocks.2,6,6,6,0.49957364797592163,0.30012768507003784,0.39985066652297974
636,vit_lejepa,vit_tiny_cifar,token_gradient,predicted,blocks.2,8,9,9,0.3451336622238159,0.3171331584453583,0.3311334103345871
637,vit_lejepa,vit_tiny_cifar,token_gradient,predicted,blocks.2,3,0,0,-0.19484920799732208,0.1769450604915619,-0.008952073752880096
638,vit_lejepa,vit_tiny_cifar,token_gradient,predicted,blocks.2,0,8,8,-0.24983644485473633,0.270563006401062,0.010363280773162842
639,vit_lejepa,vit_tiny_cifar,token_gradient,predicted,blocks.2,5,7,7,-0.023770367726683617,0.12799960374832153,0.05211461801081896
640,vit_lejepa,vit_tiny_cifar,token_gradient,predicted,blocks.2,5,5,5,-0.12452176958322525,0.42951032519340515,0.15249427780508995
641,vit_lejepa,vit_tiny_cifar,token_gradient,predicted,blocks.2,3,6,6,0.2178536355495453,0.4076341986656189,0.3127439171075821
642,vit_lejepa,vit_tiny_cifar,token_gradient,predicted,blocks.2,0,8,8,-0.032036758959293365,0.14973068237304688,0.058846961706876755
643,vit_lejepa,vit_tiny_cifar,token_gradient,predicted,blocks.2,7,7,7,0.05982569605112076,0.22052903473377228,0.14017736539244652
644,vit_lejepa,vit_tiny_cifar,token_gradient,predicted,blocks.2,9,8,8,0.3265916407108307,0.34959542751312256,0.3380935341119766
645,vit_lejepa,vit_tiny_cifar,token_gradient,predicted,blocks.2,1,1,1,0.4222627878189087,0.16733630001544952,0.2947995439171791
646,vit_lejepa,vit_tiny_cifar,token_gradient,predicted,blocks.2,3,3,3,-0.30837520956993103,0.2383912056684494,-0.034992001950740814
647,vit_lejepa,vit_tiny_cifar,token_gradient,predicted,blocks.2,4,2,2,0.6781169176101685,0.3197038471698761,0.4989103823900223
648,vit_lejepa,vit_tiny_cifar,token_gradient,predicted,blocks.2,4,2,2,-0.15039817988872528,0.5516175031661987,0.20060966163873672
649,vit_lejepa,vit_tiny_cifar,token_gradient,predicted,blocks.2,5,2,2,0.20999900996685028,0.2578307092189789,0.23391485959291458
650,vit_lejepa,vit_tiny_cifar,token_gradient,predicted,blocks.2,3,3,3,0.425042986869812,0.2527587115764618,0.3389008492231369
651,vit_lejepa,vit_tiny_cifar,token_gradient,predicted,blocks.2,9,9,9,0.10441895574331284,0.33824798464775085,0.22133347019553185
652,vit_lejepa,vit_tiny_cifar,token_gradient,predicted,blocks.2,5,9,9,0.04010426253080368,0.22349727153778076,0.13180076703429222
653,vit_lejepa,vit_tiny_cifar,token_gradient,predicted,blocks.2,6,2,2,0.3366847038269043,0.14435313642024994,0.24051892012357712
654,vit_lejepa,vit_tiny_cifar,token_gradient,predicted,blocks.2,9,5,5,-0.146016925573349,0.3541421592235565,0.10406261682510376
655,vit_lejepa,vit_tiny_cifar,token_gradient,predicted,blocks.2,2,2,2,0.031544048339128494,0.314958393573761,0.17325122095644474
656,vit_lejepa,vit_tiny_cifar,token_gradient,predicted,blocks.2,1,9,9,0.27554768323898315,0.2682291865348816,0.2718884348869324
657,vit_lejepa,vit_tiny_cifar,token_gradient,predicted,blocks.2,1,9,9,-0.010809400118887424,0.3672979772090912,0.17824428854510188
658,vit_lejepa,vit_tiny_cifar,token_gradient,predicted,blocks.2,4,6,6,0.23215211927890778,0.23980745673179626,0.23597978800535202
659,vit_lejepa,vit_tiny_cifar,token_gradient,predicted,blocks.2,1,7,7,0.7104724645614624,0.5600892901420593,0.6352808773517609
660,vit_lejepa,vit_tiny_cifar,token_gradient,predicted,blocks.2,9,9,9,0.6604422926902771,0.3440742790699005,0.5022582858800888
661,vit_lejepa,vit_tiny_cifar,token_gradient,predicted,blocks.2,4,2,2,0.5571339130401611,0.2869858741760254,0.42205989360809326
662,vit_lejepa,vit_tiny_cifar,token_gradient,predicted,blocks.2,7,7,7,0.33354082703590393,0.30274757742881775,0.31814420223236084
663,vit_lejepa,vit_tiny_cifar,token_gradient,predicted,blocks.2,6,4,4,0.7196467518806458,0.3005129396915436,0.5100798457860947
664,vit_lejepa,vit_tiny_cifar,token_gradient,predicted,blocks.2,3,3,3,0.5500892400741577,0.28045982122421265,0.4152745306491852
665,vit_lejepa,vit_tiny_cifar,token_gradient,predicted,blocks.2,8,8,8,0.29766878485679626,0.23584555089473724,0.26675716787576675
666,vit_lejepa,vit_tiny_cifar,token_gradient,predicted,blocks.2,9,1,1,0.22032387554645538,0.5008652210235596,0.3605945482850075
667,vit_lejepa,vit_tiny_cifar,token_gradient,predicted,blocks.2,0,0,0,-0.31121736764907837,0.11692308634519577,-0.0971471406519413
668,vit_lejepa,vit_tiny_cifar,token_gradient,predicted,blocks.2,1,9,9,-0.10815711319446564,0.35308340191841125,0.12246314436197281
669,vit_lejepa,vit_tiny_cifar,token_gradient,predicted,blocks.2,3,2,2,0.44367551803588867,0.30318140983581543,0.37342846393585205
670,vit_lejepa,vit_tiny_cifar,token_gradient,predicted,blocks.2,6,2,2,0.5665075182914734,0.20120298862457275,0.38385525345802307
671,vit_lejepa,vit_tiny_cifar,token_gradient,predicted,blocks.2,3,1,1,0.345883309841156,0.36265695095062256,0.3542701303958893
672,vit_lejepa,vit_tiny_cifar,token_gradient,predicted,blocks.2,6,5,5,0.6095700263977051,0.4076496958732605,0.5086098611354828
673,vit_lejepa,vit_tiny_cifar,token_gradient,predicted,blocks.2,3,3,3,-0.05768199265003204,0.31645116209983826,0.1293845847249031
674,vit_lejepa,vit_tiny_cifar,token_gradient,predicted,blocks.2,2,0,0,0.4219222068786621,0.5036325454711914,0.46277737617492676
675,vit_lejepa,vit_tiny_cifar,token_gradient,predicted,blocks.2,0,0,0,0.27671894431114197,0.21313133835792542,0.2449251413345337
676,vit_lejepa,vit_tiny_cifar,token_gradient,predicted,blocks.2,3,6,6,0.14299269020557404,0.35997679829597473,0.2514847442507744
677,vit_lejepa,vit_tiny_cifar,token_gradient,predicted,blocks.2,1,3,3,0.24600490927696228,0.21292345225811005,0.22946418076753616
678,vit_lejepa,vit_tiny_cifar,token_gradient,predicted,blocks.2,0,6,6,-0.06606806814670563,0.10237552970647812,0.018153730779886246
679,vit_lejepa,vit_tiny_cifar,token_gradient,predicted,blocks.2,5,7,7,0.03641242906451225,0.45910191535949707,0.24775717221200466
680,vit_lejepa,vit_tiny_cifar,token_gradient,predicted,blocks.2,9,7,7,0.06289353966712952,0.47375863790512085,0.2683260887861252
681,vit_lejepa,vit_tiny_cifar,token_gradient,predicted,blocks.2,6,6,6,-0.052062734961509705,0.5163557529449463,0.2321465089917183
682,vit_lejepa,vit_tiny_cifar,token_gradient,predicted,blocks.2,4,9,9,0.16283367574214935,0.28593721985816956,0.22438544780015945
683,vit_lejepa,vit_tiny_cifar,token_gradient,predicted,blocks.2,8,9,9,0.041346225887537,0.28179362416267395,0.16156992502510548
684,vit_lejepa,vit_tiny_cifar,token_gradient,predicted,blocks.2,9,6,6,-0.16936859488487244,0.31184855103492737,0.07123997807502747
685,vit_lejepa,vit_tiny_cifar,token_gradient,predicted,blocks.2,6,2,2,0.4702663719654083,0.35420164465904236,0.41223400831222534
686,vit_lejepa,vit_tiny_cifar,token_gradient,predicted,blocks.2,9,8,8,-0.06547120958566666,0.32833901047706604,0.1314339004456997
687,vit_lejepa,vit_tiny_cifar,token_gradient,predicted,blocks.2,6,9,9,0.36317136883735657,0.22172075510025024,0.2924460619688034
688,vit_lejepa,vit_tiny_cifar,token_gradient,predicted,blocks.2,3,2,2,0.4103826582431793,0.37590113282203674,0.39314189553260803
689,vit_lejepa,vit_tiny_cifar,token_gradient,predicted,blocks.2,0,6,6,-0.15356169641017914,0.4106476306915283,0.1285429671406746
690,vit_lejepa,vit_tiny_cifar,token_gradient,predicted,blocks.2,3,2,2,-0.10400936007499695,0.47004860639572144,0.18301962316036224
691,vit_lejepa,vit_tiny_cifar,token_gradient,predicted,blocks.2,2,2,2,-0.17123451828956604,0.12947098910808563,-0.020881764590740204
692,vit_lejepa,vit_tiny_cifar,token_gradient,predicted,blocks.2,2,0,0,0.5904675126075745,0.3493499457836151,0.4699087291955948
693,vit_lejepa,vit_tiny_cifar,token_gradient,predicted,blocks.2,7,7,7,-0.1330755352973938,0.304328978061676,0.08562672138214111
694,vit_lejepa,vit_tiny_cifar,token_gradient,predicted,blocks.2,8,8,8,0.33392855525016785,0.19445039331912994,0.2641894742846489
695,vit_lejepa,vit_tiny_cifar,token_gradient,predicted,blocks.2,3,2,2,0.8000511527061462,0.6640957593917847,0.7320734560489655
696,vit_lejepa,vit_tiny_cifar,token_gradient,predicted,blocks.2,8,0,0,0.6514466404914856,0.22130456566810608,0.43637560307979584
697,vit_lejepa,vit_tiny_cifar,token_gradient,predicted,blocks.2,2,4,4,0.6197438836097717,0.4442937672138214,0.5320188254117966
698,vit_lejepa,vit_tiny_cifar,token_gradient,predicted,blocks.2,7,7,7,-0.023996366187930107,0.3744676411151886,0.17523563746362925
699,vit_lejepa,vit_tiny_cifar,token_gradient,predicted,blocks.2,5,3,3,0.026780949905514717,0.4514801502227783,0.23913055006414652
700,vit_lejepa,vit_tiny_cifar,token_gradient,predicted,blocks.2,7,1,1,0.16938288509845734,0.1119409054517746,0.14066189527511597
701,vit_lejepa,vit_tiny_cifar,token_gradient,predicted,blocks.2,2,0,0,0.5290308594703674,0.2568226456642151,0.39292675256729126
702,vit_lejepa,vit_tiny_cifar,token_gradient,predicted,blocks.2,4,4,4,-0.13115312159061432,0.1482710838317871,0.008558981120586395
703,vit_lejepa,vit_tiny_cifar,token_gradient,predicted,blocks.2,8,5,5,0.2179134041070938,0.11425435543060303,0.16608387976884842
704,vit_lejepa,vit_tiny_cifar,token_gradient,predicted,blocks.2,7,6,6,0.17111089825630188,0.24178674817085266,0.20644882321357727
705,vit_lejepa,vit_tiny_cifar,token_gradient,predicted,blocks.2,4,2,2,0.7829363346099854,0.219939187169075,0.5014377608895302
706,vit_lejepa,vit_tiny_cifar,token_gradient,predicted,blocks.2,2,0,0,0.4586304724216461,0.20663902163505554,0.33263474702835083
707,vit_lejepa,vit_tiny_cifar,token_gradient,predicted,blocks.2,9,1,1,-0.12119929492473602,0.29354554414749146,0.08617312461137772
708,vit_lejepa,vit_tiny_cifar,token_gradient,predicted,blocks.2,8,8,8,0.2689821422100067,0.2783619165420532,0.27367202937602997
709,vit_lejepa,vit_tiny_cifar,token_gradient,predicted,blocks.2,8,8,8,0.5799576044082642,0.2587605118751526,0.4193590581417084
710,vit_lejepa,vit_tiny_cifar,token_gradient,predicted,blocks.2,6,8,8,0.22005441784858704,0.4192752242088318,0.3196648210287094
711,vit_lejepa,vit_tiny_cifar,token_gradient,predicted,blocks.2,8,8,8,0.5409447550773621,0.12993653118610382,0.33544064313173294
712,vit_lejepa,vit_tiny_cifar,token_gradient,predicted,blocks.2,8,0,0,0.43039804697036743,0.3924362063407898,0.4114171266555786
713,vit_lejepa,vit_tiny_cifar,token_gradient,predicted,blocks.2,7,7,7,-0.19189251959323883,0.3568541407585144,0.08248081058263779
714,vit_lejepa,vit_tiny_cifar,token_gradient,predicted,blocks.2,4,4,4,0.3707997798919678,0.11435911804437637,0.24257944896817207
715,vit_lejepa,vit_tiny_cifar,token_gradient,predicted,blocks.2,3,6,6,0.5424274802207947,0.12087428569793701,0.33165088295936584
716,vit_lejepa,vit_tiny_cifar,token_gradient,predicted,blocks.2,3,2,2,0.3798483908176422,0.3787778317928314,0.3793131113052368
717,vit_lejepa,vit_tiny_cifar,token_gradient,predicted,blocks.2,8,9,9,-0.07519447803497314,0.18142062425613403,0.053113073110580444
718,vit_lejepa,vit_tiny_cifar,token_gradient,predicted,blocks.2,4,4,4,-0.1549483835697174,0.2129337191581726,0.0289926677942276
719,vit_lejepa,vit_tiny_cifar,token_gradient,predicted,blocks.2,9,8,8,0.6480785012245178,0.2554665207862854,0.4517725110054016
720,vit_lejepa,vit_tiny_cifar,token_gradient,predicted,blocks.2,4,0,0,-0.2808969020843506,0.3711164891719818,0.04510979354381561
721,vit_lejepa,vit_tiny_cifar,token_gradient,predicted,blocks.2,8,8,8,0.4653024971485138,0.13638615608215332,0.30084432661533356
722,vit_lejepa,vit_tiny_cifar,token_gradient,predicted,blocks.2,8,8,8,-0.28674137592315674,0.3102884888648987,0.011773556470870972
723,vit_lejepa,vit_tiny_cifar,token_gradient,predicted,blocks.2,1,1,1,0.10305419564247131,0.4602576196193695,0.2816559076309204
724,vit_lejepa,vit_tiny_cifar,token_gradient,predicted,blocks.2,8,8,8,-0.5296469926834106,0.17016024887561798,-0.17974337190389633
725,vit_lejepa,vit_tiny_cifar,token_gradient,predicted,blocks.2,2,0,0,0.4637860059738159,0.20421452820301056,0.33400026708841324
726,vit_lejepa,vit_tiny_cifar,token_gradient,predicted,blocks.2,1,9,9,0.31983238458633423,0.21705681085586548,0.26844459772109985
727,vit_lejepa,vit_tiny_cifar,token_gradient,predicted,blocks.2,3,7,7,0.02668369933962822,0.21381202340126038,0.1202478613704443
728,vit_lejepa,vit_tiny_cifar,token_gradient,predicted,blocks.2,6,4,4,0.2651982009410858,0.1067374050617218,0.1859678030014038
729,vit_lejepa,vit_tiny_cifar,token_gradient,predicted,blocks.2,5,3,3,0.28498274087905884,0.09508055448532104,0.19003164768218994
730,vit_lejepa,vit_tiny_cifar,token_gradient,predicted,blocks.2,4,3,3,0.32788515090942383,0.506493330001831,0.41718924045562744
731,vit_lejepa,vit_tiny_cifar,token_gradient,predicted,blocks.2,2,0,0,0.3270142078399658,0.16043467819690704,0.24372444301843643
732,vit_lejepa,vit_tiny_cifar,token_gradient,predicted,blocks.2,7,7,7,-0.08057886362075806,0.20343032479286194,0.06142573058605194
733,vit_lejepa,vit_tiny_cifar,token_gradient,predicted,blocks.2,9,4,4,0.3874943256378174,0.23639510571956635,0.31194471567869186
734,vit_lejepa,vit_tiny_cifar,token_gradient,predicted,blocks.2,9,1,1,-0.012766089290380478,0.2451286017894745,0.116181256249547
735,vit_lejepa,vit_tiny_cifar,token_gradient,predicted,blocks.2,4,2,2,0.0786888524889946,0.49339330196380615,0.2860410772264004
736,vit_lejepa,vit_tiny_cifar,token_gradient,predicted,blocks.2,1,8,8,0.35593217611312866,0.10353144258260727,0.22973180934786797
737,vit_lejepa,vit_tiny_cifar,token_gradient,predicted,blocks.2,4,2,2,0.5823883414268494,0.24453791975975037,0.41346313059329987
738,vit_lejepa,vit_tiny_cifar,token_gradient,predicted,blocks.2,1,1,1,0.2866855263710022,0.4188949465751648,0.3527902364730835
739,vit_lejepa,vit_tiny_cifar,token_gradient,predicted,blocks.2,3,7,7,0.3903611898422241,0.4096077084541321,0.3999844491481781
740,vit_lejepa,vit_tiny_cifar,token_gradient,predicted,blocks.2,2,7,7,-0.31684213876724243,0.3396563231945038,0.011407092213630676
741,vit_lejepa,vit_tiny_cifar,token_gradient,predicted,blocks.2,7,7,7,-0.25915688276290894,0.386347234249115,0.06359517574310303
742,vit_lejepa,vit_tiny_cifar,token_gradient,predicted,blocks.2,0,0,0,0.2706946134567261,0.4183962345123291,0.3445454239845276
743,vit_lejepa,vit_tiny_cifar,token_gradient,predicted,blocks.2,7,9,9,0.10354603081941605,0.25457388162612915,0.1790599562227726
744,vit_lejepa,vit_tiny_cifar,token_gradient,predicted,blocks.2,9,3,3,0.5720234513282776,0.5443971753120422,0.5582103133201599
745,vit_lejepa,vit_tiny_cifar,token_gradient,predicted,blocks.2,7,7,7,0.0008263965137302876,0.278384804725647,0.13960560061968863
746,vit_lejepa,vit_tiny_cifar,token_gradient,predicted,blocks.2,6,6,6,0.3288629949092865,0.159132719039917,0.24399785697460175
747,vit_lejepa,vit_tiny_cifar,token_gradient,predicted,blocks.2,6,3,3,-0.34168100357055664,0.28335776925086975,-0.029161617159843445
748,vit_lejepa,vit_tiny_cifar,token_gradient,predicted,blocks.2,2,2,2,0.7181403636932373,0.4690139591693878,0.5935771614313126
749,vit_lejepa,vit_tiny_cifar,token_gradient,predicted,blocks.2,5,5,5,0.17903952300548553,0.2524851858615875,0.21576235443353653
750,vit_lejepa,vit_tiny_cifar,token_gradient,predicted,blocks.2,9,7,7,-0.23219305276870728,0.13991917669773102,-0.04613693803548813
751,vit_lejepa,vit_tiny_cifar,token_gradient,predicted,blocks.2,2,0,0,0.6358442306518555,0.43853023648262024,0.5371872335672379
752,vit_lejepa,vit_tiny_cifar,token_gradient,predicted,blocks.2,9,9,9,0.23713040351867676,0.34514594078063965,0.2911381721496582
753,vit_lejepa,vit_tiny_cifar,token_gradient,predicted,blocks.2,1,1,1,-0.11848600208759308,0.16026294231414795,0.020888470113277435
754,vit_lejepa,vit_tiny_cifar,token_gradient,predicted,blocks.2,2,2,2,0.5952944755554199,0.39453667402267456,0.49491557478904724
755,vit_lejepa,vit_tiny_cifar,token_gradient,predicted,blocks.2,2,4,4,0.22024674713611603,0.3425520658493042,0.2813994064927101
756,vit_lejepa,vit_tiny_cifar,token_gradient,predicted,blocks.2,6,6,6,0.3596152365207672,0.33349689841270447,0.34655606746673584
757,vit_lejepa,vit_tiny_cifar,token_gradient,predicted,blocks.2,8,8,8,0.3147561550140381,0.26468217372894287,0.2897191643714905
758,vit_lejepa,vit_tiny_cifar,token_gradient,predicted,blocks.2,2,8,8,-0.20034854114055634,0.08891263604164124,-0.05571795254945755
759,vit_lejepa,vit_tiny_cifar,token_gradient,predicted,blocks.2,1,1,1,0.07946845889091492,0.30075782537460327,0.1901131421327591
760,vit_lejepa,vit_tiny_cifar,token_gradient,predicted,blocks.2,3,9,9,0.2558801770210266,0.24476242065429688,0.25032129883766174
761,vit_lejepa,vit_tiny_cifar,token_gradient,predicted,blocks.2,6,5,5,0.5323253870010376,0.2853429615497589,0.40883417427539825
762,vit_lejepa,vit_tiny_cifar,token_gradient,predicted,blocks.2,6,1,1,-0.03530435636639595,0.14178447425365448,0.053240058943629265
763,vit_lejepa,vit_tiny_cifar,token_gradient,predicted,blocks.2,0,3,3,0.289636492729187,0.24475812911987305,0.26719731092453003
764,vit_lejepa,vit_tiny_cifar,token_gradient,predicted,blocks.2,1,8,8,0.08336405456066132,0.2500881254673004,0.16672609001398087
765,vit_lejepa,vit_tiny_cifar,token_gradient,predicted,blocks.2,2,2,2,0.5121805667877197,0.22304584085941315,0.36761320382356644
766,vit_lejepa,vit_tiny_cifar,token_gradient,predicted,blocks.2,7,5,5,0.11709803342819214,0.1651010811328888,0.14109955728054047
767,vit_lejepa,vit_tiny_cifar,token_gradient,predicted,blocks.2,0,0,0,0.1625298708677292,0.289980411529541,0.2262551411986351
768,vit_lejepa,vit_tiny_cifar,token_gradient,predicted,blocks.2,5,3,3,0.3105902373790741,0.2061009705066681,0.2583456039428711
769,vit_lejepa,vit_tiny_cifar,token_gradient,predicted,blocks.2,4,8,8,0.18011431396007538,0.1891516149044037,0.18463296443223953
770,vit_lejepa,vit_tiny_cifar,token_gradient,predicted,blocks.2,6,3,3,0.7887950539588928,0.2780565321445465,0.5334257930517197
771,vit_lejepa,vit_tiny_cifar,token_gradient,predicted,blocks.2,1,7,7,0.12603870034217834,0.5024468302726746,0.31424276530742645
772,vit_lejepa,vit_tiny_cifar,token_gradient,predicted,blocks.2,6,6,6,-0.18279147148132324,0.16930219531059265,-0.006744638085365295
773,vit_lejepa,vit_tiny_cifar,token_gradient,predicted,blocks.2,4,5,5,0.288737952709198,0.5870733857154846,0.4379056692123413
774,vit_lejepa,vit_tiny_cifar,token_gradient,predicted,blocks.2,0,0,0,0.6383554339408875,0.20776458084583282,0.42306000739336014
775,vit_lejepa,vit_tiny_cifar,token_gradient,predicted,blocks.2,2,6,6,0.44042694568634033,0.2933579981327057,0.366892471909523
776,vit_lejepa,vit_tiny_cifar,token_gradient,predicted,blocks.2,2,5,5,0.23394189774990082,0.27309298515319824,0.25351744145154953
777,vit_lejepa,vit_tiny_cifar,token_gradient,predicted,blocks.2,6,2,2,-0.09011781960725784,0.4058150351047516,0.15784860774874687
778,vit_lejepa,vit_tiny_cifar,token_gradient,predicted,blocks.2,0,2,2,-0.18309803307056427,0.38928279280662537,0.10309237986803055
779,vit_lejepa,vit_tiny_cifar,token_gradient,predicted,blocks.2,5,6,6,0.01837344653904438,0.17637793719768524,0.09737569186836481
780,vit_lejepa,vit_tiny_cifar,token_gradient,predicted,blocks.2,9,2,2,0.09134598076343536,0.21310877799987793,0.15222737938165665
781,vit_lejepa,vit_tiny_cifar,token_gradient,predicted,blocks.2,1,1,1,0.5674605965614319,0.5776912569999695,0.5725759267807007
782,vit_lejepa,vit_tiny_cifar,token_gradient,predicted,blocks.2,7,7,7,0.1950039267539978,0.4283306896686554,0.3116673082113266
783,vit_lejepa,vit_tiny_cifar,token_gradient,predicted,blocks.2,6,4,4,-0.017377585172653198,0.281210720539093,0.1319165676832199
784,vit_lejepa,vit_tiny_cifar,token_gradient,predicted,blocks.2,7,7,7,-0.335260808467865,0.3668622672557831,0.015800729393959045
785,vit_lejepa,vit_tiny_cifar,token_gradient,predicted,blocks.2,0,0,0,0.05063720420002937,0.18833166360855103,0.1194844339042902
786,vit_lejepa,vit_tiny_cifar,token_gradient,predicted,blocks.2,3,6,6,-0.07518957555294037,0.19015973806381226,0.057485081255435944
787,vit_lejepa,vit_tiny_cifar,token_gradient,predicted,blocks.2,9,9,9,-0.49644073843955994,0.21004986763000488,-0.14319543540477753
788,vit_lejepa,vit_tiny_cifar,token_gradient,predicted,blocks.2,6,6,6,0.0866478830575943,0.14169660210609436,0.11417224258184433
789,vit_lejepa,vit_tiny_cifar,token_gradient,predicted,blocks.2,8,8,8,0.37342700362205505,0.48483240604400635,0.4291297048330307
790,vit_lejepa,vit_tiny_cifar,token_gradient,predicted,blocks.2,3,0,0,0.6913092732429504,0.1959305852651596,0.443619929254055
791,vit_lejepa,vit_tiny_cifar,token_gradient,predicted,blocks.2,0,0,0,0.7286331653594971,0.35069915652275085,0.539666160941124
792,vit_lejepa,vit_tiny_cifar,token_gradient,predicted,blocks.2,3,4,4,0.24307723343372345,0.21043196320533752,0.2267545983195305
793,vit_lejepa,vit_tiny_cifar,token_gradient,predicted,blocks.2,4,5,5,0.21673692762851715,0.1685456484556198,0.19264128804206848
794,vit_lejepa,vit_tiny_cifar,token_gradient,predicted,blocks.2,7,7,7,-0.29385077953338623,0.1695975810289383,-0.06212659925222397
795,vit_lejepa,vit_tiny_cifar,token_gradient,predicted,blocks.2,7,4,4,0.12930898368358612,0.11444789916276932,0.12187844142317772
796,vit_lejepa,vit_tiny_cifar,token_gradient,predicted,blocks.2,1,7,7,0.24884921312332153,0.1765870749950409,0.2127181440591812
797,vit_lejepa,vit_tiny_cifar,token_gradient,predicted,blocks.2,4,6,6,-0.14781495928764343,0.24414008855819702,0.048162564635276794
798,vit_lejepa,vit_tiny_cifar,token_gradient,predicted,blocks.2,7,3,3,0.6939609050750732,0.5168171525001526,0.6053890287876129
799,vit_lejepa,vit_tiny_cifar,token_gradient,predicted,blocks.2,2,4,4,-0.03321874514222145,0.17702123522758484,0.0719012450426817
800,vit_lejepa,vit_tiny_cifar,token_gradient,predicted,blocks.2,7,7,7,-0.43418991565704346,0.3128874599933624,-0.060651227831840515
801,vit_lejepa,vit_tiny_cifar,token_gradient,predicted,blocks.2,1,9,9,0.15588398277759552,0.28743278980255127,0.2216583862900734
802,vit_lejepa,vit_tiny_cifar,token_gradient,predicted,blocks.2,4,9,9,0.18739132583141327,0.175176739692688,0.18128403276205063
803,vit_lejepa,vit_tiny_cifar,token_gradient,predicted,blocks.2,7,7,7,0.4819616377353668,0.23265616595745087,0.35730890184640884
804,vit_lejepa,vit_tiny_cifar,token_gradient,predicted,blocks.2,4,4,4,0.07093019038438797,0.2592441141605377,0.16508715227246284
805,vit_lejepa,vit_tiny_cifar,token_gradient,predicted,blocks.2,4,4,4,0.09855110943317413,0.6073878407478333,0.3529694750905037
806,vit_lejepa,vit_tiny_cifar,token_gradient,predicted,blocks.2,8,8,8,0.4103953540325165,0.23022645711898804,0.32031090557575226
807,vit_lejepa,vit_tiny_cifar,token_gradient,predicted,blocks.2,4,4,4,0.6437532901763916,0.36773359775543213,0.5057434439659119
808,vit_lejepa,vit_tiny_cifar,token_gradient,predicted,blocks.2,7,0,0,0.20382830500602722,0.24657577276229858,0.2252020388841629
809,vit_lejepa,vit_tiny_cifar,token_gradient,predicted,blocks.2,7,3,3,0.22918382287025452,0.2561691403388977,0.2426764816045761
810,vit_lejepa,vit_tiny_cifar,token_gradient,predicted,blocks.2,5,5,5,0.4367627501487732,0.15269038081169128,0.29472656548023224
811,vit_lejepa,vit_tiny_cifar,token_gradient,predicted,blocks.2,3,3,3,0.2750675678253174,0.42178672552108765,0.3484271466732025
812,vit_lejepa,vit_tiny_cifar,token_gradient,predicted,blocks.2,7,7,7,-0.09557294845581055,0.3578310012817383,0.13112902641296387
813,vit_lejepa,vit_tiny_cifar,token_gradient,predicted,blocks.2,2,2,2,0.1955474317073822,0.2188957780599594,0.2072216048836708
814,vit_lejepa,vit_tiny_cifar,token_gradient,predicted,blocks.2,0,9,9,0.2604941427707672,0.20304740965366364,0.23177077621221542
815,vit_lejepa,vit_tiny_cifar,token_gradient,predicted,blocks.2,8,9,9,-0.05090406537055969,0.21971037983894348,0.0844031572341919
816,vit_lejepa,vit_tiny_cifar,token_gradient,predicted,blocks.2,9,5,5,-0.2184571474790573,0.14261296391487122,-0.03792209178209305
817,vit_lejepa,vit_tiny_cifar,token_gradient,predicted,blocks.2,5,4,4,-0.03651406243443489,0.07783843576908112,0.020662186667323112
818,vit_lejepa,vit_tiny_cifar,token_gradient,predicted,blocks.2,8,8,8,0.44054144620895386,0.42924943566322327,0.43489544093608856
819,vit_lejepa,vit_tiny_cifar,token_gradient,predicted,blocks.2,3,6,6,-0.316957026720047,0.2842571437358856,-0.01634994149208069
820,vit_lejepa,vit_tiny_cifar,token_gradient,predicted,blocks.2,6,9,9,0.10451257228851318,0.43722712993621826,0.2708698511123657
821,vit_lejepa,vit_tiny_cifar,token_gradient,predicted,blocks.2,2,2,2,0.20604805648326874,0.18153667449951172,0.19379236549139023
822,vit_lejepa,vit_tiny_cifar,token_gradient,predicted,blocks.2,0,9,9,-0.1339225172996521,0.42616015672683716,0.14611881971359253
823,vit_lejepa,vit_tiny_cifar,token_gradient,predicted,blocks.2,8,0,0,0.35677844285964966,0.19440153241157532,0.2755899876356125
824,vit_lejepa,vit_tiny_cifar,token_gradient,predicted,blocks.2,7,7,7,0.18104234337806702,0.2114902138710022,0.1962662786245346
825,vit_lejepa,vit_tiny_cifar,token_gradient,predicted,blocks.2,3,5,5,0.4277940094470978,0.4561779201030731,0.44198596477508545
826,vit_lejepa,vit_tiny_cifar,token_gradient,predicted,blocks.2,7,0,0,0.28929030895233154,0.3126585781574249,0.30097444355487823
827,vit_lejepa,vit_tiny_cifar,token_gradient,predicted,blocks.2,6,6,6,-0.19748429954051971,0.3324597477912903,0.06748772412538528
828,vit_lejepa,vit_tiny_cifar,token_gradient,predicted,blocks.2,5,6,6,0.011933524161577225,0.2486250400543213,0.13027928210794926
829,vit_lejepa,vit_tiny_cifar,token_gradient,predicted,blocks.2,3,0,0,0.7708034515380859,0.29045096039772034,0.5306272059679031
830,vit_lejepa,vit_tiny_cifar,token_gradient,predicted,blocks.2,1,1,1,-0.08407357335090637,0.3473588526248932,0.1316426396369934
831,vit_lejepa,vit_tiny_cifar,token_gradient,predicted,blocks.2,3,5,5,0.6876370906829834,0.23720191419124603,0.4624195024371147
832,vit_lejepa,vit_tiny_cifar,token_gradient,predicted,blocks.2,2,5,5,0.572003960609436,0.27338191866874695,0.4226929396390915
833,vit_lejepa,vit_tiny_cifar,token_gradient,predicted,blocks.2,2,3,3,0.5932079553604126,0.20801976323127747,0.40061385929584503
834,vit_lejepa,vit_tiny_cifar,token_gradient,predicted,blocks.2,5,2,2,0.6895396709442139,0.3510173261165619,0.5202784985303879
835,vit_lejepa,vit_tiny_cifar,token_gradient,predicted,blocks.2,4,9,9,0.6676769256591797,0.6593641042709351,0.6635205149650574
836,vit_lejepa,vit_tiny_cifar,token_gradient,predicted,blocks.2,1,8,8,0.1255187839269638,0.28958213329315186,0.20755045861005783
837,vit_lejepa,vit_tiny_cifar,token_gradient,predicted,blocks.2,2,2,2,0.6278949975967407,0.352276086807251,0.49008554220199585
838,vit_lejepa,vit_tiny_cifar,token_gradient,predicted,blocks.2,9,2,2,-0.19352634251117706,0.35864514112472534,0.08255939930677414
839,vit_lejepa,vit_tiny_cifar,token_gradient,predicted,blocks.2,2,8,8,0.27954161167144775,0.11713556945323944,0.1983385905623436
840,vit_lejepa,vit_tiny_cifar,token_gradient,predicted,blocks.2,7,7,7,0.34222665429115295,0.30057910084724426,0.3214028775691986
841,vit_lejepa,vit_tiny_cifar,token_gradient,predicted,blocks.2,0,0,0,0.19332434237003326,0.3228183686733246,0.2580713555216789
842,vit_lejepa,vit_tiny_cifar,token_gradient,predicted,blocks.2,7,7,7,0.12253714352846146,0.40802446007728577,0.2652808018028736
843,vit_lejepa,vit_tiny_cifar,token_gradient,predicted,blocks.2,2,2,2,0.5987609028816223,0.1787283718585968,0.38874463737010956
844,vit_lejepa,vit_tiny_cifar,token_gradient,predicted,blocks.2,1,7,7,0.7059771418571472,0.4053167402744293,0.5556469410657883
845,vit_lejepa,vit_tiny_cifar,token_gradient,predicted,blocks.2,3,9,9,0.6233193278312683,0.45717617869377136,0.5402477532625198
846,vit_lejepa,vit_tiny_cifar,token_gradient,predicted,blocks.2,2,4,4,0.1234629675745964,0.2793005406856537,0.20138175413012505
847,vit_lejepa,vit_tiny_cifar,token_gradient,predicted,blocks.2,0,0,0,0.18095728754997253,0.16829992830753326,0.1746286079287529
848,vit_lejepa,vit_tiny_cifar,token_gradient,predicted,blocks.2,2,6,6,0.10909290611743927,0.46254846453666687,0.28582068532705307
849,vit_lejepa,vit_tiny_cifar,token_gradient,predicted,blocks.2,4,4,4,0.42706939578056335,0.19961999356746674,0.31334469467401505
850,vit_lejepa,vit_tiny_cifar,token_gradient,predicted,blocks.2,7,3,3,0.46824756264686584,0.23145519196987152,0.3498513773083687
851,vit_lejepa,vit_tiny_cifar,token_gradient,predicted,blocks.2,9,9,9,0.12670113146305084,0.4366888403892517,0.2816949859261513
852,vit_lejepa,vit_tiny_cifar,token_gradient,predicted,blocks.2,8,0,0,0.6119032502174377,0.3401064872741699,0.47600486874580383
853,vit_lejepa,vit_tiny_cifar,token_gradient,predicted,blocks.2,9,1,1,-0.29233086109161377,0.47022944688796997,0.0889492928981781
854,vit_lejepa,vit_tiny_cifar,token_gradient,predicted,blocks.2,0,0,0,0.038832806050777435,0.2533271014690399,0.14607995375990868
855,vit_lejepa,vit_tiny_cifar,token_gradient,predicted,blocks.2,7,9,9,-0.3818364441394806,0.32322266697883606,-0.029306888580322266
856,vit_lejepa,vit_tiny_cifar,token_gradient,predicted,blocks.2,7,7,7,-0.22653372585773468,0.3165665566921234,0.045016415417194366
857,vit_lejepa,vit_tiny_cifar,token_gradient,predicted,blocks.2,0,0,0,0.707469642162323,0.4145318567752838,0.5610007494688034
858,vit_lejepa,vit_tiny_cifar,token_gradient,predicted,blocks.2,7,2,2,0.3561285734176636,0.30836188793182373,0.33224523067474365
859,vit_lejepa,vit_tiny_cifar,token_gradient,predicted,blocks.2,8,8,8,0.345436155796051,0.2524145841598511,0.29892536997795105
860,vit_lejepa,vit_tiny_cifar,token_gradient,predicted,blocks.2,4,4,4,0.17277559638023376,0.1991901695728302,0.18598288297653198
861,vit_lejepa,vit_tiny_cifar,token_gradient,predicted,blocks.2,6,4,4,0.4961143732070923,0.29763343930244446,0.39687390625476837
862,vit_lejepa,vit_tiny_cifar,token_gradient,predicted,blocks.2,3,3,3,0.5221036076545715,0.23472514748573303,0.3784143775701523
863,vit_lejepa,vit_tiny_cifar,token_gradient,predicted,blocks.2,3,5,5,0.6723672747612,0.27943751215934753,0.47590239346027374
864,vit_lejepa,vit_tiny_cifar,token_gradient,predicted,blocks.2,0,0,0,0.5523126125335693,0.16039733588695526,0.3563549742102623
865,vit_lejepa,vit_tiny_cifar,token_gradient,predicted,blocks.2,1,7,7,0.212899312376976,0.3028560280799866,0.2578776702284813
866,vit_lejepa,vit_tiny_cifar,token_gradient,predicted,blocks.2,3,5,5,0.17717556655406952,0.5276346802711487,0.3524051234126091
867,vit_lejepa,vit_tiny_cifar,token_gradient,predicted,blocks.2,7,3,3,0.3757576644420624,0.45815420150756836,0.41695593297481537
868,vit_lejepa,vit_tiny_cifar,token_gradient,predicted,blocks.2,0,8,8,-0.04560230299830437,0.17331598699092865,0.06385684199631214
869,vit_lejepa,vit_tiny_cifar,token_gradient,predicted,blocks.2,1,1,1,-0.07172439992427826,0.13041409850120544,0.029344849288463593
870,vit_lejepa,vit_tiny_cifar,token_gradient,predicted,blocks.2,3,3,3,0.09419715404510498,0.4253735840320587,0.25978536903858185
871,vit_lejepa,vit_tiny_cifar,token_gradient,predicted,blocks.2,1,1,1,0.10109468549489975,0.4533175528049469,0.2772061191499233
872,vit_lejepa,vit_tiny_cifar,token_gradient,predicted,blocks.2,4,6,6,0.3187725245952606,0.19420000910758972,0.25648626685142517
873,vit_lejepa,vit_tiny_cifar,token_gradient,predicted,blocks.2,2,0,0,0.523045539855957,0.24633927643299103,0.38469240814447403
874,vit_lejepa,vit_tiny_cifar,token_gradient,predicted,blocks.2,3,3,3,0.5705401301383972,0.4483872354030609,0.5094636827707291
875,vit_lejepa,vit_tiny_cifar,token_gradient,predicted,blocks.2,8,8,8,-0.10101886838674545,0.153483584523201,0.026232358068227768
876,vit_lejepa,vit_tiny_cifar,token_gradient,predicted,blocks.2,4,4,4,0.23333294689655304,0.25565090775489807,0.24449192732572556
877,vit_lejepa,vit_tiny_cifar,token_gradient,predicted,blocks.2,2,2,2,0.48073506355285645,0.09041807055473328,0.28557656705379486
878,vit_lejepa,vit_tiny_cifar,token_gradient,predicted,blocks.2,3,4,4,0.2362346202135086,0.2272108942270279,0.23172275722026825
879,vit_lejepa,vit_tiny_cifar,token_gradient,predicted,blocks.2,7,7,7,0.025990067049860954,0.25407299399375916,0.14003153052181005
880,vit_lejepa,vit_tiny_cifar,token_gradient,predicted,blocks.2,8,8,8,0.14241458475589752,0.30501827597618103,0.22371643036603928
881,vit_lejepa,vit_tiny_cifar,token_gradient,predicted,blocks.2,4,0,0,0.31569474935531616,0.3107384741306305,0.3132166117429733
882,vit_lejepa,vit_tiny_cifar,token_gradient,predicted,blocks.2,3,0,0,0.5329962968826294,0.20491455495357513,0.36895542591810226
883,vit_lejepa,vit_tiny_cifar,token_gradient,predicted,blocks.2,0,0,0,0.643608033657074,0.26878029108047485,0.4561941623687744
884,vit_lejepa,vit_tiny_cifar,token_gradient,predicted,blocks.2,9,8,8,-0.06666617840528488,0.22321747243404388,0.0782756470143795
885,vit_lejepa,vit_tiny_cifar,token_gradient,predicted,blocks.2,0,0,0,0.6616607308387756,0.3463689088821411,0.5040148198604584
886,vit_lejepa,vit_tiny_cifar,token_gradient,predicted,blocks.2,0,9,9,0.2621830403804779,0.23390907049179077,0.24804605543613434
887,vit_lejepa,vit_tiny_cifar,token_gradient,predicted,blocks.2,1,1,1,-0.14646905660629272,0.3787041902542114,0.11611756682395935
888,vit_lejepa,vit_tiny_cifar,token_gradient,predicted,blocks.2,0,0,0,0.44826334714889526,0.2553328573703766,0.3517981022596359
889,vit_lejepa,vit_tiny_cifar,token_gradient,predicted,blocks.2,4,6,6,0.14544910192489624,0.3580571413040161,0.2517531216144562
890,vit_lejepa,vit_tiny_cifar,token_gradient,predicted,blocks.2,4,1,1,0.49209803342819214,0.34060269594192505,0.4163503646850586
891,vit_lejepa,vit_tiny_cifar,token_gradient,predicted,blocks.2,6,6,6,0.050624679774045944,0.44950178265571594,0.25006323121488094
892,vit_lejepa,vit_tiny_cifar,token_gradient,predicted,blocks.2,7,2,2,0.4751589000225067,0.28241828083992004,0.3787885904312134
893,vit_lejepa,vit_tiny_cifar,token_gradient,predicted,blocks.2,6,6,6,0.6458207964897156,0.2923165261745453,0.46906866133213043
894,vit_lejepa,vit_tiny_cifar,token_gradient,predicted,blocks.2,1,9,9,-0.28893566131591797,0.33700644969940186,0.024035394191741943
895,vit_lejepa,vit_tiny_cifar,token_gradient,predicted,blocks.2,1,9,9,0.1946313977241516,0.45525404810905457,0.3249427229166031
896,vit_lejepa,vit_tiny_cifar,token_gradient,predicted,blocks.2,3,9,9,0.2181772142648697,0.18107137084007263,0.19962429255247116
897,vit_lejepa,vit_tiny_cifar,token_gradient,predicted,blocks.2,7,8,8,-0.0500689260661602,0.2156597226858139,0.08279539830982685
898,vit_lejepa,vit_tiny_cifar,token_gradient,predicted,blocks.2,3,7,7,0.3200334310531616,0.2883865237236023,0.30420997738838196
899,vit_lejepa,vit_tiny_cifar,token_gradient,predicted,blocks.2,5,7,7,0.3367913067340851,0.43296247720718384,0.38487689197063446
900,vit_lejepa,vit_tiny_cifar,token_gradient,predicted,blocks.2,2,2,2,0.5161527395248413,0.5128785371780396,0.5145156383514404
901,vit_lejepa,vit_tiny_cifar,token_gradient,predicted,blocks.2,6,2,2,-0.09127234667539597,0.39490216970443726,0.15181491151452065
902,vit_lejepa,vit_tiny_cifar,token_gradient,predicted,blocks.2,6,6,6,0.26068392395973206,0.3934692144393921,0.3270765691995621
903,vit_lejepa,vit_tiny_cifar,token_gradient,predicted,blocks.2,5,3,3,0.42181462049484253,0.28314438462257385,0.3524795025587082
904,vit_lejepa,vit_tiny_cifar,token_gradient,predicted,blocks.2,8,8,8,0.3633086383342743,0.16029991209506989,0.2618042752146721
905,vit_lejepa,vit_tiny_cifar,token_gradient,predicted,blocks.2,7,8,8,0.12186266481876373,0.17196884751319885,0.1469157561659813
906,vit_lejepa,vit_tiny_cifar,token_gradient,predicted,blocks.2,1,1,1,-0.13052093982696533,0.22895999252796173,0.0492195263504982
907,vit_lejepa,vit_tiny_cifar,token_gradient,predicted,blocks.2,6,6,6,0.6322294473648071,0.19193336367607117,0.41208140552043915
908,vit_lejepa,vit_tiny_cifar,token_gradient,predicted,blocks.2,8,8,8,-0.4883931279182434,0.27509182691574097,-0.10665065050125122
909,vit_lejepa,vit_tiny_cifar,token_gradient,predicted,blocks.2,8,8,8,0.32871493697166443,0.42004477977752686,0.37437985837459564
910,vit_lejepa,vit_tiny_cifar,token_gradient,predicted,blocks.2,5,6,6,0.18892648816108704,0.4196176826953888,0.3042720854282379
911,vit_lejepa,vit_tiny_cifar,token_gradient,predicted,blocks.2,3,5,5,-0.21499300003051758,0.23049049079418182,0.007748745381832123
912,vit_lejepa,vit_tiny_cifar,token_gradient,predicted,blocks.2,0,0,0,0.274921715259552,0.23281091451644897,0.2538663148880005
913,vit_lejepa,vit_tiny_cifar,token_gradient,predicted,blocks.2,4,4,4,0.1209675744175911,0.3582531213760376,0.23961034789681435
914,vit_lejepa,vit_tiny_cifar,token_gradient,predicted,blocks.2,0,6,6,0.21387124061584473,0.2203836590051651,0.2171274498105049
915,vit_lejepa,vit_tiny_cifar,token_gradient,predicted,blocks.2,1,7,7,0.35746148228645325,0.23546436429023743,0.29646292328834534
916,vit_lejepa,vit_tiny_cifar,token_gradient,predicted,blocks.2,3,7,7,0.33384212851524353,0.38869938254356384,0.3612707555294037
917,vit_lejepa,vit_tiny_cifar,token_gradient,predicted,blocks.2,8,8,8,0.6278328895568848,0.2809952199459076,0.4544140547513962
918,vit_lejepa,vit_tiny_cifar,token_gradient,predicted,blocks.2,8,0,0,0.10367675125598907,0.21207180619239807,0.15787427872419357
919,vit_lejepa,vit_tiny_cifar,token_gradient,predicted,blocks.2,0,2,2,0.7860033512115479,0.3407351076602936,0.5633692294359207
920,vit_lejepa,vit_tiny_cifar,token_gradient,predicted,blocks.2,6,4,4,-0.1416107565164566,0.34893056750297546,0.10365990549325943
921,vit_lejepa,vit_tiny_cifar,token_gradient,predicted,blocks.2,9,9,9,-0.28165942430496216,0.37925615906715393,0.048798367381095886
922,vit_lejepa,vit_tiny_cifar,token_gradient,predicted,blocks.2,9,1,1,0.4237392544746399,0.22327549755573273,0.3235073760151863
923,vit_lejepa,vit_tiny_cifar,token_gradient,predicted,blocks.2,9,3,3,-0.05909927934408188,0.1761932075023651,0.05854696407914162
924,vit_lejepa,vit_tiny_cifar,token_gradient,predicted,blocks.2,5,1,1,-0.012687897309660912,0.3311293125152588,0.15922070760279894
925,vit_lejepa,vit_tiny_cifar,token_gradient,predicted,blocks.2,5,5,5,0.3875742554664612,0.33444976806640625,0.3610120117664337
926,vit_lejepa,vit_tiny_cifar,token_gradient,predicted,blocks.2,8,5,5,0.12761662900447845,0.4478813409805298,0.2877489849925041
927,vit_lejepa,vit_tiny_cifar,token_gradient,predicted,blocks.2,6,3,3,0.8002505302429199,0.28099969029426575,0.5406251102685928
928,vit_lejepa,vit_tiny_cifar,token_gradient,predicted,blocks.2,0,0,0,0.8379046320915222,0.3900907635688782,0.6139976978302002
929,vit_lejepa,vit_tiny_cifar,token_gradient,predicted,blocks.2,0,8,8,0.24830514192581177,0.2502014636993408,0.2492533028125763
930,vit_lejepa,vit_tiny_cifar,token_gradient,predicted,blocks.2,4,4,4,-0.13323535025119781,0.18526959419250488,0.026017121970653534
931,vit_lejepa,vit_tiny_cifar,token_gradient,predicted,blocks.2,2,6,6,0.3962952196598053,0.33575451374053955,0.3660248667001724
932,vit_lejepa,vit_tiny_cifar,token_gradient,predicted,blocks.2,3,9,9,0.20053790509700775,0.24273300170898438,0.22163545340299606
933,vit_lejepa,vit_tiny_cifar,token_gradient,predicted,blocks.2,2,7,7,0.06621135771274567,0.21907798945903778,0.14264467358589172
934,vit_lejepa,vit_tiny_cifar,token_gradient,predicted,blocks.2,7,7,7,0.3401457965373993,0.441066175699234,0.39060598611831665
935,vit_lejepa,vit_tiny_cifar,token_gradient,predicted,blocks.2,2,0,0,0.5176283121109009,0.1687242090702057,0.3431762605905533
936,vit_lejepa,vit_tiny_cifar,token_gradient,predicted,blocks.2,2,2,2,0.26833733916282654,0.1863568276166916,0.22734708338975906
937,vit_lejepa,vit_tiny_cifar,token_gradient,predicted,blocks.2,5,2,2,0.042798660695552826,0.1775379627943039,0.11016831174492836
938,vit_lejepa,vit_tiny_cifar,token_gradient,predicted,blocks.2,9,1,1,0.1822669357061386,0.42938172817230225,0.30582433193922043
939,vit_lejepa,vit_tiny_cifar,token_gradient,predicted,blocks.2,8,0,0,0.510772705078125,0.5027362108230591,0.506754457950592
940,vit_lejepa,vit_tiny_cifar,token_gradient,predicted,blocks.2,9,1,1,0.014395438134670258,0.2777314782142639,0.1460634581744671
941,vit_lejepa,vit_tiny_cifar,token_gradient,predicted,blocks.2,1,9,9,-0.0701017826795578,0.10992614179849625,0.019912179559469223
942,vit_lejepa,vit_tiny_cifar,token_gradient,predicted,blocks.2,7,0,0,0.3472440838813782,0.3515445590019226,0.3493943214416504
943,vit_lejepa,vit_tiny_cifar,token_gradient,predicted,blocks.2,4,6,6,0.2338288128376007,0.4388100504875183,0.3363194316625595
944,vit_lejepa,vit_tiny_cifar,token_gradient,predicted,blocks.2,0,0,0,-0.15417179465293884,0.5718556642532349,0.208841934800148
945,vit_lejepa,vit_tiny_cifar,token_gradient,predicted,blocks.2,3,8,8,0.23587356507778168,0.13783609867095947,0.18685483187437057
946,vit_lejepa,vit_tiny_cifar,token_gradient,predicted,blocks.2,0,0,0,0.650526225566864,0.26963010430336,0.460078164935112
947,vit_lejepa,vit_tiny_cifar,token_gradient,predicted,blocks.2,1,1,1,0.6533809900283813,0.4298159182071686,0.541598454117775
948,vit_lejepa,vit_tiny_cifar,token_gradient,predicted,blocks.2,3,8,8,-0.06186453253030777,0.20278319716453552,0.07045933231711388
949,vit_lejepa,vit_tiny_cifar,token_gradient,predicted,blocks.2,8,1,1,-0.43551892042160034,0.3645627498626709,-0.03547808527946472
950,vit_lejepa,vit_tiny_cifar,token_gradient,predicted,blocks.2,3,2,2,0.4174197018146515,0.2876892685890198,0.35255448520183563
951,vit_lejepa,vit_tiny_cifar,token_gradient,predicted,blocks.2,9,0,0,0.2319086343050003,0.2006009817123413,0.2162548080086708
952,vit_lejepa,vit_tiny_cifar,token_gradient,predicted,blocks.2,6,6,6,0.521538496017456,0.5024860501289368,0.5120122730731964
953,vit_lejepa,vit_tiny_cifar,token_gradient,predicted,blocks.2,1,0,0,0.1935846358537674,0.32466360926628113,0.25912412256002426
954,vit_lejepa,vit_tiny_cifar,token_gradient,predicted,blocks.2,4,4,4,0.058545976877212524,0.44845008850097656,0.25349803268909454
955,vit_lejepa,vit_tiny_cifar,token_gradient,predicted,blocks.2,7,7,7,0.12666375935077667,0.204428032040596,0.16554589569568634
956,vit_lejepa,vit_tiny_cifar,token_gradient,predicted,blocks.2,0,8,8,0.7431283593177795,0.26069530844688416,0.5019118338823318
957,vit_lejepa,vit_tiny_cifar,token_gradient,predicted,blocks.2,3,3,3,0.683896005153656,0.3437280058860779,0.5138120055198669
958,vit_lejepa,vit_tiny_cifar,token_gradient,predicted,blocks.2,7,3,3,0.029403764754533768,0.3071948289871216,0.16829929687082767
959,vit_lejepa,vit_tiny_cifar,token_gradient,predicted,blocks.2,8,8,8,0.415844589471817,0.26669180393218994,0.3412681967020035
960,vit_lejepa,vit_tiny_cifar,token_gradient,predicted,blocks.2,9,1,1,-0.18785706162452698,0.24475744366645813,0.028450191020965576
961,vit_lejepa,vit_tiny_cifar,token_gradient,predicted,blocks.2,1,0,0,0.289104700088501,0.23390820622444153,0.26150645315647125
962,vit_lejepa,vit_tiny_cifar,token_gradient,predicted,blocks.2,1,9,9,0.15092812478542328,0.15917350351810455,0.15505081415176392
963,vit_lejepa,vit_tiny_cifar,token_gradient,predicted,blocks.2,6,4,4,-0.16771984100341797,0.33529895544052124,0.08378955721855164
964,vit_lejepa,vit_tiny_cifar,token_gradient,predicted,blocks.2,6,3,3,-0.08517938107252121,0.5010280609130859,0.20792433992028236
965,vit_lejepa,vit_tiny_cifar,token_gradient,predicted,blocks.2,6,6,6,0.5379663109779358,0.43901368975639343,0.4884900003671646
966,vit_lejepa,vit_tiny_cifar,token_gradient,predicted,blocks.2,6,9,9,0.37213611602783203,0.1966933161020279,0.28441471606492996
967,vit_lejepa,vit_tiny_cifar,token_gradient,predicted,blocks.2,9,9,9,-0.1941785365343094,0.33780965209007263,0.07181555777788162
968,vit_lejepa,vit_tiny_cifar,token_gradient,predicted,blocks.2,1,1,1,-0.27358266711235046,0.30709004402160645,0.01675368845462799
969,vit_lejepa,vit_tiny_cifar,token_gradient,predicted,blocks.2,9,0,0,-0.3641965091228485,0.13513951003551483,-0.11452849954366684
970,vit_lejepa,vit_tiny_cifar,token_gradient,predicted,blocks.2,9,9,9,-0.12880074977874756,0.21587495505809784,0.04353710263967514
971,vit_lejepa,vit_tiny_cifar,token_gradient,predicted,blocks.2,4,6,6,0.5756437182426453,0.44169312715530396,0.5086684226989746
972,vit_lejepa,vit_tiny_cifar,token_gradient,predicted,blocks.2,2,7,7,-0.02319464460015297,0.3915487229824066,0.18417703919112682
973,vit_lejepa,vit_tiny_cifar,token_gradient,predicted,blocks.2,1,1,1,-0.32774442434310913,0.2718689441680908,-0.027937740087509155
974,vit_lejepa,vit_tiny_cifar,token_gradient,predicted,blocks.2,7,0,0,0.6757961511611938,0.4015485644340515,0.5386723577976227
975,vit_lejepa,vit_tiny_cifar,token_gradient,predicted,blocks.2,0,0,0,0.04983028769493103,0.2569880485534668,0.1534091681241989
976,vit_lejepa,vit_tiny_cifar,token_gradient,predicted,blocks.2,6,6,6,0.14346663653850555,0.2084219753742218,0.17594430595636368
977,vit_lejepa,vit_tiny_cifar,token_gradient,predicted,blocks.2,8,8,8,0.6779865622520447,0.18152183294296265,0.42975419759750366
978,vit_lejepa,vit_tiny_cifar,token_gradient,predicted,blocks.2,1,9,9,-0.06354427337646484,0.1882646679878235,0.06236019730567932
979,vit_lejepa,vit_tiny_cifar,token_gradient,predicted,blocks.2,9,2,2,0.10191357135772705,0.17800450325012207,0.13995903730392456
980,vit_lejepa,vit_tiny_cifar,token_gradient,predicted,blocks.2,2,6,6,0.5768525004386902,0.4303470551967621,0.5035997778177261
981,vit_lejepa,vit_tiny_cifar,token_gradient,predicted,blocks.2,9,8,8,0.40843528509140015,0.26508334279060364,0.3367593139410019
982,vit_lejepa,vit_tiny_cifar,token_gradient,predicted,blocks.2,0,5,5,0.7479329705238342,0.5736991763114929,0.6608160734176636
983,vit_lejepa,vit_tiny_cifar,token_gradient,predicted,blocks.2,4,1,1,-0.4070996046066284,0.29683730006217957,-0.055131152272224426
984,vit_lejepa,vit_tiny_cifar,token_gradient,predicted,blocks.2,7,3,3,0.3252823054790497,0.2674589157104492,0.29637061059474945
985,vit_lejepa,vit_tiny_cifar,token_gradient,predicted,blocks.2,8,8,8,0.3752094507217407,0.3144516050815582,0.3448305279016495
986,vit_lejepa,vit_tiny_cifar,token_gradient,predicted,blocks.2,3,3,3,-0.08561211079359055,0.2907039225101471,0.10254590585827827
987,vit_lejepa,vit_tiny_cifar,token_gradient,predicted,blocks.2,1,8,8,0.3376166820526123,0.1317434012889862,0.23468004167079926
988,vit_lejepa,vit_tiny_cifar,token_gradient,predicted,blocks.2,2,1,1,0.27151980996131897,0.1834924817085266,0.2275061458349228
989,vit_lejepa,vit_tiny_cifar,token_gradient,predicted,blocks.2,0,0,0,0.8257423043251038,0.2610868513584137,0.5434145778417587
990,vit_lejepa,vit_tiny_cifar,token_gradient,predicted,blocks.2,1,3,3,0.19846442341804504,0.4114703834056854,0.30496740341186523
991,vit_lejepa,vit_tiny_cifar,token_gradient,predicted,blocks.2,5,6,6,0.7073731422424316,0.3290686309337616,0.5182208865880966
992,vit_lejepa,vit_tiny_cifar,token_gradient,predicted,blocks.2,8,8,8,-0.07681616395711899,0.2276836484670639,0.07543374225497246
993,vit_lejepa,vit_tiny_cifar,token_gradient,predicted,blocks.2,4,7,7,0.33422234654426575,0.28091779351234436,0.30757007002830505
994,vit_lejepa,vit_tiny_cifar,token_gradient,predicted,blocks.2,6,6,6,-0.1103229746222496,0.402688592672348,0.1461828090250492
995,vit_lejepa,vit_tiny_cifar,token_gradient,predicted,blocks.2,3,3,3,0.44763731956481934,0.41066259145736694,0.42914995551109314
996,vit_lejepa,vit_tiny_cifar,token_gradient,predicted,blocks.2,8,0,0,0.21662373840808868,0.285110205411911,0.25086697190999985
997,vit_lejepa,vit_tiny_cifar,token_gradient,predicted,blocks.2,1,1,1,-0.1896582990884781,0.4048309028148651,0.10758630186319351
998,vit_lejepa,vit_tiny_cifar,token_gradient,predicted,blocks.2,3,7,7,0.1232382282614708,0.23217439651489258,0.1777063123881817
999,vit_lejepa,vit_tiny_cifar,token_gradient,predicted,blocks.2,8,8,8,0.33401229977607727,0.2735137939453125,0.3037630468606949
512,vit_lejepa,vit_tiny_cifar,token_gradient,predicted,blocks.3,6,4,4,0.21546824276447296,0.2448417991399765,0.23015502095222473
513,vit_lejepa,vit_tiny_cifar,token_gradient,predicted,blocks.3,1,7,7,0.38089627027511597,0.08464391529560089,0.23277009278535843
514,vit_lejepa,vit_tiny_cifar,token_gradient,predicted,blocks.3,5,9,9,0.4599980413913727,0.3510640859603882,0.40553106367588043
515,vit_lejepa,vit_tiny_cifar,token_gradient,predicted,blocks.3,3,6,6,0.841168224811554,0.42875373363494873,0.6349609792232513
516,vit_lejepa,vit_tiny_cifar,token_gradient,predicted,blocks.3,8,8,8,0.44858518242836,0.29488226771354675,0.37173372507095337
517,vit_lejepa,vit_tiny_cifar,token_gradient,predicted,blocks.3,9,0,0,0.6918198466300964,0.15936672687530518,0.4255932867527008
518,vit_lejepa,vit_tiny_cifar,token_gradient,predicted,blocks.3,5,3,3,0.5868436694145203,0.1896928995847702,0.38826828449964523
519,vit_lejepa,vit_tiny_cifar,token_gradient,predicted,blocks.3,8,8,8,-0.16702505946159363,0.33103013038635254,0.08200253546237946
520,vit_lejepa,vit_tiny_cifar,token_gradient,predicted,blocks.3,5,5,5,0.4059719741344452,0.3498639464378357,0.37791796028614044
521,vit_lejepa,vit_tiny_cifar,token_gradient,predicted,blocks.3,7,0,0,0.39823538064956665,0.11366505175828934,0.255950216203928
522,vit_lejepa,vit_tiny_cifar,token_gradient,predicted,blocks.3,0,0,0,0.5601364374160767,0.1990721970796585,0.3796043172478676
523,vit_lejepa,vit_tiny_cifar,token_gradient,predicted,blocks.3,7,9,9,0.5755012035369873,0.1702907830476761,0.3728959932923317
524,vit_lejepa,vit_tiny_cifar,token_gradient,predicted,blocks.3,0,0,0,0.40423789620399475,0.14256936311721802,0.2734036296606064
525,vit_lejepa,vit_tiny_cifar,token_gradient,predicted,blocks.3,5,3,3,0.39616096019744873,0.3015953302383423,0.3488781452178955
526,vit_lejepa,vit_tiny_cifar,token_gradient,predicted,blocks.3,0,3,3,0.6255251169204712,0.32539892196655273,0.47546201944351196
527,vit_lejepa,vit_tiny_cifar,token_gradient,predicted,blocks.3,0,0,0,0.49999022483825684,0.1898118555545807,0.34490104019641876
528,vit_lejepa,vit_tiny_cifar,token_gradient,predicted,blocks.3,4,0,0,-0.4153936803340912,0.22167956829071045,-0.09685705602169037
529,vit_lejepa,vit_tiny_cifar,token_gradient,predicted,blocks.3,6,6,6,0.04645327106118202,0.5052058100700378,0.27582954056560993
530,vit_lejepa,vit_tiny_cifar,token_gradient,predicted,blocks.3,9,0,0,-0.6751886010169983,0.29427847266197205,-0.19045506417751312
531,vit_lejepa,vit_tiny_cifar,token_gradient,predicted,blocks.3,0,9,9,0.11424103379249573,0.3121778964996338,0.21320946514606476
532,vit_lejepa,vit_tiny_cifar,token_gradient,predicted,blocks.3,9,6,6,0.12000424414873123,0.27937304973602295,0.1996886469423771
533,vit_lejepa,vit_tiny_cifar,token_gradient,predicted,blocks.3,5,5,5,0.7153183221817017,0.1754341572523117,0.4453762397170067
534,vit_lejepa,vit_tiny_cifar,token_gradient,predicted,blocks.3,6,6,6,0.22619372606277466,0.42630061507225037,0.3262471705675125
535,vit_lejepa,vit_tiny_cifar,token_gradient,predicted,blocks.3,6,6,6,-0.22665274143218994,0.44063514471054077,0.10699120163917542
536,vit_lejepa,vit_tiny_cifar,token_gradient,predicted,blocks.3,6,2,2,0.7267110347747803,0.22819329798221588,0.4774521663784981
537,vit_lejepa,vit_tiny_cifar,token_gradient,predicted,blocks.3,2,6,6,0.47767844796180725,0.3658992350101471,0.4217888414859772
538,vit_lejepa,vit_tiny_cifar,token_gradient,predicted,blocks.3,9,0,0,0.5714389085769653,0.5395777821540833,0.5555083453655243
539,vit_lejepa,vit_tiny_cifar,token_gradient,predicted,blocks.3,0,1,1,-0.22132910788059235,0.14968737959861755,-0.035820864140987396
540,vit_lejepa,vit_tiny_cifar,token_gradient,predicted,blocks.3,1,1,1,-0.5738480687141418,0.3566688597202301,-0.10858960449695587
541,vit_lejepa,vit_tiny_cifar,token_gradient,predicted,blocks.3,7,7,7,0.1261071115732193,0.06470505148172379,0.09540608152747154
542,vit_lejepa,vit_tiny_cifar,token_gradient,predicted,blocks.3,6,6,6,0.150091752409935,0.06509678065776825,0.10759426653385162
543,vit_lejepa,vit_tiny_cifar,token_gradient,predicted,blocks.3,7,3,3,0.2146678864955902,0.23491008579730988,0.22478898614645004
544,vit_lejepa,vit_tiny_cifar,token_gradient,predicted,blocks.3,5,6,6,0.5067229866981506,0.10505609959363937,0.305889543145895
545,vit_lejepa,vit_tiny_cifar,token_gradient,predicted,blocks.3,9,9,9,0.5679880976676941,0.4377819895744324,0.5028850436210632
546,vit_lejepa,vit_tiny_cifar,token_gradient,predicted,blocks.3,1,1,1,0.11833106726408005,0.27560293674468994,0.196967002004385
547,vit_lejepa,vit_tiny_cifar,token_gradient,predicted,blocks.3,6,6,6,0.21460722386837006,0.4574868679046631,0.33604704588651657
548,vit_lejepa,vit_tiny_cifar,token_gradient,predicted,blocks.3,2,6,6,0.1050862967967987,0.43572762608528137,0.27040696144104004
549,vit_lejepa,vit_tiny_cifar,token_gradient,predicted,blocks.3,5,9,9,0.02389182709157467,0.17578080296516418,0.09983631502836943
550,vit_lejepa,vit_tiny_cifar,token_gradient,predicted,blocks.3,5,7,7,-0.21629881858825684,0.19550879299640656,-0.01039501279592514
551,vit_lejepa,vit_tiny_cifar,token_gradient,predicted,blocks.3,5,3,3,0.6338707208633423,0.27668264508247375,0.455276682972908
552,vit_lejepa,vit_tiny_cifar,token_gradient,predicted,blocks.3,8,8,8,0.31009066104888916,0.40310490131378174,0.35659778118133545
553,vit_lejepa,vit_tiny_cifar,token_gradient,predicted,blocks.3,5,5,5,0.23505160212516785,0.11089611053466797,0.1729738563299179
554,vit_lejepa,vit_tiny_cifar,token_gradient,predicted,blocks.3,9,9,9,-0.3653078079223633,0.21524959802627563,-0.07502910494804382
555,vit_lejepa,vit_tiny_cifar,token_gradient,predicted,blocks.3,4,8,8,0.5120798945426941,0.5664466023445129,0.5392632484436035
556,vit_lejepa,vit_tiny_cifar,token_gradient,predicted,blocks.3,6,2,2,0.39483949542045593,0.2473318725824356,0.32108568400144577
557,vit_lejepa,vit_tiny_cifar,token_gradient,predicted,blocks.3,4,6,6,0.27811846137046814,0.08924051374197006,0.1836794875562191
558,vit_lejepa,vit_tiny_cifar,token_gradient,predicted,blocks.3,3,5,5,0.505516767501831,0.20667384564876556,0.3560953065752983
559,vit_lejepa,vit_tiny_cifar,token_gradient,predicted,blocks.3,2,2,2,0.21688641607761383,0.24836771190166473,0.23262706398963928
560,vit_lejepa,vit_tiny_cifar,token_gradient,predicted,blocks.3,0,0,0,0.08408773690462112,0.06219031289219856,0.07313902489840984
561,vit_lejepa,vit_tiny_cifar,token_gradient,predicted,blocks.3,7,7,7,0.5017763376235962,0.4428142309188843,0.47229528427124023
562,vit_lejepa,vit_tiny_cifar,token_gradient,predicted,blocks.3,6,3,3,0.31529122591018677,0.11890431493520737,0.21709777042269707
563,vit_lejepa,vit_tiny_cifar,token_gradient,predicted,blocks.3,2,2,2,0.3165126144886017,0.15483558177947998,0.23567409813404083
564,vit_lejepa,vit_tiny_cifar,token_gradient,predicted,blocks.3,2,4,4,0.46354347467422485,0.37219786643981934,0.4178706705570221
565,vit_lejepa,vit_tiny_cifar,token_gradient,predicted,blocks.3,3,9,9,-0.19462469220161438,0.25992318987846375,0.03264924883842468
566,vit_lejepa,vit_tiny_cifar,token_gradient,predicted,blocks.3,9,8,8,-0.2531869411468506,0.44032254815101624,0.09356780350208282
567,vit_lejepa,vit_tiny_cifar,token_gradient,predicted,blocks.3,7,5,5,-0.3499886095523834,0.4168663024902344,0.033438846468925476
568,vit_lejepa,vit_tiny_cifar,token_gradient,predicted,blocks.3,9,0,0,-0.230458602309227,0.23745331168174744,0.0034973546862602234
569,vit_lejepa,vit_tiny_cifar,token_gradient,predicted,blocks.3,2,6,6,-0.2222006618976593,0.22115139663219452,-0.0005246326327323914
570,vit_lejepa,vit_tiny_cifar,token_gradient,predicted,blocks.3,6,2,2,0.3841196894645691,0.15869982540607452,0.2714097574353218
571,vit_lejepa,vit_tiny_cifar,token_gradient,predicted,blocks.3,7,2,2,0.3576440215110779,0.1298961341381073,0.2437700778245926
572,vit_lejepa,vit_tiny_cifar,token_gradient,predicted,blocks.3,1,7,7,0.14980654418468475,0.33306437730789185,0.2414354607462883
573,vit_lejepa,vit_tiny_cifar,token_gradient,predicted,blocks.3,3,5,5,0.4968625009059906,0.36888566613197327,0.43287408351898193
574,vit_lejepa,vit_tiny_cifar,token_gradient,predicted,blocks.3,6,2,2,0.4252517819404602,0.2292207032442093,0.32723624259233475
575,vit_lejepa,vit_tiny_cifar,token_gradient,predicted,blocks.3,6,6,6,-0.2020222544670105,0.1747702658176422,-0.013625994324684143
576,vit_lejepa,vit_tiny_cifar,token_gradient,predicted,blocks.3,8,8,8,0.47500020265579224,0.182320699095726,0.3286604508757591
577,vit_lejepa,vit_tiny_cifar,token_gradient,predicted,blocks.3,9,8,8,0.5952414870262146,0.6447156071662903,0.6199785470962524
578,vit_lejepa,vit_tiny_cifar,token_gradient,predicted,blocks.3,7,3,3,0.5708822011947632,0.20346419513225555,0.38717319816350937
579,vit_lejepa,vit_tiny_cifar,token_gradient,predicted,blocks.3,5,9,9,0.1687818318605423,0.3451654314994812,0.25697363168001175
580,vit_lejepa,vit_tiny_cifar,token_gradient,predicted,blocks.3,4,4,4,0.12342602759599686,0.5011187791824341,0.31227240338921547
581,vit_lejepa,vit_tiny_cifar,token_gradient,predicted,blocks.3,0,8,8,0.2930559813976288,0.15346451103687286,0.22326024621725082
582,vit_lejepa,vit_tiny_cifar,token_gradient,predicted,blocks.3,8,8,8,0.6407573223114014,0.5193488001823425,0.580053061246872
583,vit_lejepa,vit_tiny_cifar,token_gradient,predicted,blocks.3,4,1,1,0.41385939717292786,0.2833530008792877,0.3486061990261078
584,vit_lejepa,vit_tiny_cifar,token_gradient,predicted,blocks.3,0,0,0,-0.07828420400619507,0.4814869463443756,0.20160137116909027
585,vit_lejepa,vit_tiny_cifar,token_gradient,predicted,blocks.3,9,5,5,-0.04745812341570854,0.3575868308544159,0.15506435371935368
586,vit_lejepa,vit_tiny_cifar,token_gradient,predicted,blocks.3,3,3,3,-0.10386699438095093,0.16902659833431244,0.032579801976680756
587,vit_lejepa,vit_tiny_cifar,token_gradient,predicted,blocks.3,4,7,7,0.5934852361679077,0.4144596755504608,0.5039724558591843
588,vit_lejepa,vit_tiny_cifar,token_gradient,predicted,blocks.3,8,8,8,-0.1841411292552948,0.4643990993499756,0.1401289850473404
589,vit_lejepa,vit_tiny_cifar,token_gradient,predicted,blocks.3,9,9,9,0.12815505266189575,0.2650725841522217,0.19661381840705872
590,vit_lejepa,vit_tiny_cifar,token_gradient,predicted,blocks.3,6,6,6,0.3675410747528076,0.2521844506263733,0.30986276268959045
591,vit_lejepa,vit_tiny_cifar,token_gradient,predicted,blocks.3,9,8,8,0.44523656368255615,0.10551095753908157,0.27537376061081886
592,vit_lejepa,vit_tiny_cifar,token_gradient,predicted,blocks.3,2,2,2,0.7355631589889526,0.3722531199455261,0.5539081394672394
593,vit_lejepa,vit_tiny_cifar,token_gradient,predicted,blocks.3,6,6,6,0.11393655091524124,0.4167206883430481,0.26532861962914467
594,vit_lejepa,vit_tiny_cifar,token_gradient,predicted,blocks.3,1,2,2,-0.07784993201494217,0.23003430664539337,0.0760921873152256
595,vit_lejepa,vit_tiny_cifar,token_gradient,predicted,blocks.3,4,0,0,-0.14247135818004608,0.24667412042617798,0.05210138112306595
596,vit_lejepa,vit_tiny_cifar,token_gradient,predicted,blocks.3,7,6,6,0.32116761803627014,0.1957758665084839,0.258471742272377
597,vit_lejepa,vit_tiny_cifar,token_gradient,predicted,blocks.3,3,9,9,0.12705154716968536,0.11748356372117996,0.12226755544543266
598,vit_lejepa,vit_tiny_cifar,token_gradient,predicted,blocks.3,5,3,3,0.4170810878276825,0.23647259175777435,0.3267768397927284
599,vit_lejepa,vit_tiny_cifar,token_gradient,predicted,blocks.3,3,3,3,0.5740100741386414,0.25004348158836365,0.4120267778635025
600,vit_lejepa,vit_tiny_cifar,token_gradient,predicted,blocks.3,8,9,9,0.6508898735046387,0.24779734015464783,0.44934360682964325
601,vit_lejepa,vit_tiny_cifar,token_gradient,predicted,blocks.3,5,5,5,0.7229373455047607,0.164987713098526,0.44396252930164337
602,vit_lejepa,vit_tiny_cifar,token_gradient,predicted,blocks.3,0,0,0,0.8260732889175415,0.22284109890460968,0.5244571939110756
603,vit_lejepa,vit_tiny_cifar,token_gradient,predicted,blocks.3,2,6,6,0.540851891040802,0.3036336600780487,0.42224277555942535
604,vit_lejepa,vit_tiny_cifar,token_gradient,predicted,blocks.3,1,8,8,-0.3602791726589203,0.16804806888103485,-0.09611555188894272
605,vit_lejepa,vit_tiny_cifar,token_gradient,predicted,blocks.3,6,6,6,-0.22379812598228455,0.29149702191352844,0.03384944796562195
606,vit_lejepa,vit_tiny_cifar,token_gradient,predicted,blocks.3,4,3,3,0.36439940333366394,0.3904753029346466,0.3774373531341553
607,vit_lejepa,vit_tiny_cifar,token_gradient,predicted,blocks.3,3,5,5,-0.5836045145988464,0.21334798634052277,-0.18512826412916183
608,vit_lejepa,vit_tiny_cifar,token_gradient,predicted,blocks.3,3,3,3,0.6427111625671387,0.19241000711917877,0.4175605848431587
609,vit_lejepa,vit_tiny_cifar,token_gradient,predicted,blocks.3,9,1,1,0.32581883668899536,0.23637662827968597,0.28109773248434067
610,vit_lejepa,vit_tiny_cifar,token_gradient,predicted,blocks.3,6,6,6,0.3290322721004486,0.5175639390945435,0.42329810559749603
611,vit_lejepa,vit_tiny_cifar,token_gradient,predicted,blocks.3,9,0,0,0.6754376292228699,0.37697482109069824,0.5262062251567841
612,vit_lejepa,vit_tiny_cifar,token_gradient,predicted,blocks.3,8,8,8,-0.39017489552497864,0.2374088615179062,-0.07638301700353622
613,vit_lejepa,vit_tiny_cifar,token_gradient,predicted,blocks.3,8,8,8,0.6710355281829834,0.12991675734519958,0.4004761427640915
614,vit_lejepa,vit_tiny_cifar,token_gradient,predicted,blocks.3,5,6,6,0.026357747614383698,0.21436692774295807,0.12036233767867088
615,vit_lejepa,vit_tiny_cifar,token_gradient,predicted,blocks.3,8,8,8,0.513715386390686,0.26305392384529114,0.3883846551179886
616,vit_lejepa,vit_tiny_cifar,token_gradient,predicted,blocks.3,6,2,2,0.14496417343616486,0.1844458431005478,0.16470500826835632
617,vit_lejepa,vit_tiny_cifar,token_gradient,predicted,blocks.3,6,7,7,0.18804007768630981,0.3013834059238434,0.2447117418050766
618,vit_lejepa,vit_tiny_cifar,token_gradient,predicted,blocks.3,2,2,2,-0.141444131731987,0.2510319650173187,0.05479391664266586
619,vit_lejepa,vit_tiny_cifar,token_gradient,predicted,blocks.3,1,9,9,0.22626225650310516,0.17294766008853912,0.19960495829582214
620,vit_lejepa,vit_tiny_cifar,token_gradient,predicted,blocks.3,7,7,7,0.3687375485897064,0.26850029826164246,0.31861892342567444
621,vit_lejepa,vit_tiny_cifar,token_gradient,predicted,blocks.3,7,6,6,0.40528714656829834,0.32231050729751587,0.3637988269329071
622,vit_lejepa,vit_tiny_cifar,token_gradient,predicted,blocks.3,1,9,9,-0.17528630793094635,0.16785289347171783,-0.003716707229614258
623,vit_lejepa,vit_tiny_cifar,token_gradient,predicted,blocks.3,2,0,0,0.7274026870727539,0.21377022564411163,0.47058645635843277
624,vit_lejepa,vit_tiny_cifar,token_gradient,predicted,blocks.3,7,3,3,0.43989109992980957,0.3572103977203369,0.39855074882507324
625,vit_lejepa,vit_tiny_cifar,token_gradient,predicted,blocks.3,9,1,1,0.31815943121910095,0.29618436098098755,0.30717189610004425
626,vit_lejepa,vit_tiny_cifar,token_gradient,predicted,blocks.3,9,9,9,0.10872282832860947,0.2783973217010498,0.19356007501482964
627,vit_lejepa,vit_tiny_cifar,token_gradient,predicted,blocks.3,4,7,7,-0.5013080835342407,0.2733370363712311,-0.11398552358150482
628,vit_lejepa,vit_tiny_cifar,token_gradient,predicted,blocks.3,4,4,4,0.3414802551269531,0.39343199133872986,0.3674561232328415
629,vit_lejepa,vit_tiny_cifar,token_gradient,predicted,blocks.3,1,1,1,0.4016469120979309,0.24824777245521545,0.3249473422765732
630,vit_lejepa,vit_tiny_cifar,token_gradient,predicted,blocks.3,2,2,2,0.05766444280743599,0.16707730293273926,0.11237087287008762
631,vit_lejepa,vit_tiny_cifar,token_gradient,predicted,blocks.3,5,3,3,-0.13141494989395142,0.4089670479297638,0.1387760490179062
632,vit_lejepa,vit_tiny_cifar,token_gradient,predicted,blocks.3,6,6,6,0.5283076167106628,0.5163583755493164,0.5223329961299896
633,vit_lejepa,vit_tiny_cifar,token_gradient,predicted,blocks.3,8,0,0,0.8392724394798279,0.22597934305667877,0.5326258912682533
634,vit_lejepa,vit_tiny_cifar,token_gradient,predicted,blocks.3,7,7,7,-0.1950390785932541,0.20164471864700317,0.0033028200268745422
635,vit_lejepa,vit_tiny_cifar,token_gradient,predicted,blocks.3,6,6,6,0.45298540592193604,0.10852407664060593,0.280754741281271
636,vit_lejepa,vit_tiny_cifar,token_gradient,predicted,blocks.3,8,9,9,0.48101845383644104,0.3212571442127228,0.4011377990245819
637,vit_lejepa,vit_tiny_cifar,token_gradient,predicted,blocks.3,3,0,0,0.0034092157147824764,0.10178705304861069,0.05259813438169658
638,vit_lejepa,vit_tiny_cifar,token_gradient,predicted,blocks.3,0,8,8,0.21312279999256134,0.16546478867530823,0.18929379433393478
639,vit_lejepa,vit_tiny_cifar,token_gradient,predicted,blocks.3,5,7,7,-0.15202739834785461,0.22271248698234558,0.03534254431724548
640,vit_lejepa,vit_tiny_cifar,token_gradient,predicted,blocks.3,5,5,5,-0.21986991167068481,0.47370216250419617,0.12691612541675568
641,vit_lejepa,vit_tiny_cifar,token_gradient,predicted,blocks.3,3,6,6,-0.008637280203402042,0.37916022539138794,0.18526147259399295
642,vit_lejepa,vit_tiny_cifar,token_gradient,predicted,blocks.3,0,8,8,0.23790325224399567,0.324026495218277,0.2809648737311363
643,vit_lejepa,vit_tiny_cifar,token_gradient,predicted,blocks.3,7,7,7,0.34170299768447876,0.22484970092773438,0.28327634930610657
644,vit_lejepa,vit_tiny_cifar,token_gradient,predicted,blocks.3,9,8,8,0.34925568103790283,0.19097599387168884,0.27011583745479584
645,vit_lejepa,vit_tiny_cifar,token_gradient,predicted,blocks.3,1,1,1,0.44396764039993286,0.1866440623998642,0.31530585139989853
646,vit_lejepa,vit_tiny_cifar,token_gradient,predicted,blocks.3,3,3,3,0.3008071482181549,0.31014910340309143,0.30547812581062317
647,vit_lejepa,vit_tiny_cifar,token_gradient,predicted,blocks.3,4,2,2,0.7688358426094055,0.23200584948062897,0.5004208460450172
648,vit_lejepa,vit_tiny_cifar,token_gradient,predicted,blocks.3,4,2,2,0.3171205520629883,0.18928109109401703,0.25320082157850266
649,vit_lejepa,vit_tiny_cifar,token_gradient,predicted,blocks.3,5,2,2,-0.021940266713500023,0.30214300751686096,0.14010137040168047
650,vit_lejepa,vit_tiny_cifar,token_gradient,predicted,blocks.3,3,3,3,0.5362834930419922,0.2769086956977844,0.4065960943698883
651,vit_lejepa,vit_tiny_cifar,token_gradient,predicted,blocks.3,9,9,9,0.024761974811553955,0.499159038066864,0.261960506439209
652,vit_lejepa,vit_tiny_cifar,token_gradient,predicted,blocks.3,5,9,9,0.10405659675598145,0.1617661863565445,0.13291139155626297
653,vit_lejepa,vit_tiny_cifar,token_gradient,predicted,blocks.3,6,2,2,0.015436490066349506,0.36555325984954834,0.19049487495794892
654,vit_lejepa,vit_tiny_cifar,token_gradient,predicted,blocks.3,9,5,5,-0.0785553976893425,0.2120460718870163,0.0667453370988369
655,vit_lejepa,vit_tiny_cifar,token_gradient,predicted,blocks.3,2,2,2,-0.19727353751659393,0.4420318901538849,0.12237917631864548
656,vit_lejepa,vit_tiny_cifar,token_gradient,predicted,blocks.3,1,9,9,0.3581344783306122,0.27367520332336426,0.3159048408269882
657,vit_lejepa,vit_tiny_cifar,token_gradient,predicted,blocks.3,1,9,9,-0.0008540254202671349,0.4721730053424835,0.2356594899611082
658,vit_lejepa,vit_tiny_cifar,token_gradient,predicted,blocks.3,4,6,6,0.15246954560279846,0.07765112817287445,0.11506033688783646
659,vit_lejepa,vit_tiny_cifar,token_gradient,predicted,blocks.3,1,7,7,0.8633093237876892,0.2680912911891937,0.5657003074884415
660,vit_lejepa,vit_tiny_cifar,token_gradient,predicted,blocks.3,9,9,9,0.7268509268760681,0.2919269800186157,0.5093889534473419
661,vit_lejepa,vit_tiny_cifar,token_gradient,predicted,blocks.3,4,2,2,0.3590790331363678,0.1644325852394104,0.2617558091878891
662,vit_lejepa,vit_tiny_cifar,token_gradient,predicted,blocks.3,7,7,7,0.08551716804504395,0.24214176833629608,0.16382946819067
663,vit_lejepa,vit_tiny_cifar,token_gradient,predicted,blocks.3,6,4,4,0.7237404584884644,0.1765904724597931,0.4501654654741287
664,vit_lejepa,vit_tiny_cifar,token_gradient,predicted,blocks.3,3,3,3,0.5889257192611694,0.16538675129413605,0.37715623527765274
665,vit_lejepa,vit_tiny_cifar,token_gradient,predicted,blocks.3,8,8,8,0.40858620405197144,0.1893313080072403,0.29895875602960587
666,vit_lejepa,vit_tiny_cifar,token_gradient,predicted,blocks.3,9,1,1,0.26001155376434326,0.3147961497306824,0.2874038517475128
667,vit_lejepa,vit_tiny_cifar,token_gradient,predicted,blocks.3,0,0,0,0.04118175059556961,0.034330613911151886,0.03775618225336075
668,vit_lejepa,vit_tiny_cifar,token_gradient,predicted,blocks.3,1,9,9,0.014604328200221062,0.2680080235004425,0.14130617585033178
669,vit_lejepa,vit_tiny_cifar,token_gradient,predicted,blocks.3,3,2,2,0.42222481966018677,0.30545759201049805,0.3638412058353424
670,vit_lejepa,vit_tiny_cifar,token_gradient,predicted,blocks.3,6,2,2,0.7558156847953796,0.33589181303977966,0.5458537489175797
671,vit_lejepa,vit_tiny_cifar,token_gradient,predicted,blocks.3,3,1,1,0.24857358634471893,0.28865835070610046,0.2686159685254097
672,vit_lejepa,vit_tiny_cifar,token_gradient,predicted,blocks.3,6,5,5,0.6865343451499939,0.3309245705604553,0.5087294578552246
673,vit_lejepa,vit_tiny_cifar,token_gradient,predicted,blocks.3,3,3,3,0.5307236313819885,0.5213623046875,0.5260429680347443
674,vit_lejepa,vit_tiny_cifar,token_gradient,predicted,blocks.3,2,0,0,0.2742818593978882,0.6034870147705078,0.438884437084198
675,vit_lejepa,vit_tiny_cifar,token_gradient,predicted,blocks.3,0,0,0,0.2141348421573639,0.10511075705289841,0.15962279960513115
676,vit_lejepa,vit_tiny_cifar,token_gradient,predicted,blocks.3,3,6,6,0.01031086128205061,0.2467229813337326,0.1285169213078916
677,vit_lejepa,vit_tiny_cifar,token_gradient,predicted,blocks.3,1,3,3,0.7794872522354126,0.43833115696907043,0.6089092046022415
678,vit_lejepa,vit_tiny_cifar,token_gradient,predicted,blocks.3,0,6,6,0.047182049602270126,0.10417163372039795,0.07567684166133404
679,vit_lejepa,vit_tiny_cifar,token_gradient,predicted,blocks.3,5,7,7,0.4981324076652527,0.45051002502441406,0.4743212163448334
680,vit_lejepa,vit_tiny_cifar,token_gradient,predicted,blocks.3,9,7,7,0.6913699507713318,0.4256364405155182,0.558503195643425
681,vit_lejepa,vit_tiny_cifar,token_gradient,predicted,blocks.3,6,6,6,-0.04489303007721901,0.4357314109802246,0.1954191904515028
682,vit_lejepa,vit_tiny_cifar,token_gradient,predicted,blocks.3,4,9,9,0.7549971342086792,0.24220792949199677,0.498602531850338
683,vit_lejepa,vit_tiny_cifar,token_gradient,predicted,blocks.3,8,9,9,0.19552762806415558,0.2331095039844513,0.21431856602430344
684,vit_lejepa,vit_tiny_cifar,token_gradient,predicted,blocks.3,9,6,6,0.3689817190170288,0.4907930791378021,0.42988739907741547
685,vit_lejepa,vit_tiny_cifar,token_gradient,predicted,blocks.3,6,2,2,0.42435604333877563,0.13478530943393707,0.27957067638635635
686,vit_lejepa,vit_tiny_cifar,token_gradient,predicted,blocks.3,9,8,8,-0.02558286115527153,0.2081141471862793,0.09126564301550388
687,vit_lejepa,vit_tiny_cifar,token_gradient,predicted,blocks.3,6,9,9,0.49825194478034973,0.28001296520233154,0.38913245499134064
688,vit_lejepa,vit_tiny_cifar,token_gradient,predicted,blocks.3,3,2,2,0.5071026086807251,0.3216485381126404,0.41437557339668274
689,vit_lejepa,vit_tiny_cifar,token_gradient,predicted,blocks.3,0,6,6,-0.08854439854621887,0.3580944836139679,0.1347750425338745
690,vit_lejepa,vit_tiny_cifar,token_gradient,predicted,blocks.3,3,2,2,0.23681741952896118,0.5571357607841492,0.3969765901565552
691,vit_lejepa,vit_tiny_cifar,token_gradient,predicted,blocks.3,2,2,2,0.40403932332992554,0.2033105492591858,0.30367493629455566
692,vit_lejepa,vit_tiny_cifar,token_gradient,predicted,blocks.3,2,0,0,0.6688624620437622,0.22092291712760925,0.44489268958568573
693,vit_lejepa,vit_tiny_cifar,token_gradient,predicted,blocks.3,7,7,7,-0.023111315444111824,0.34848737716674805,0.1626880308613181
694,vit_lejepa,vit_tiny_cifar,token_gradient,predicted,blocks.3,8,8,8,0.44742551445961,0.541325569152832,0.494375541806221
695,vit_lejepa,vit_tiny_cifar,token_gradient,predicted,blocks.3,3,2,2,0.7262729406356812,0.4712066352367401,0.5987397879362106
696,vit_lejepa,vit_tiny_cifar,token_gradient,predicted,blocks.3,8,0,0,0.7252203226089478,0.3214854300022125,0.5233528763055801
697,vit_lejepa,vit_tiny_cifar,token_gradient,predicted,blocks.3,2,4,4,0.5234934687614441,0.43225207924842834,0.4778727740049362
698,vit_lejepa,vit_tiny_cifar,token_gradient,predicted,blocks.3,7,7,7,0.13679321110248566,0.40548864006996155,0.2711409255862236
699,vit_lejepa,vit_tiny_cifar,token_gradient,predicted,blocks.3,5,3,3,0.08086640387773514,0.20936715602874756,0.14511677995324135
700,vit_lejepa,vit_tiny_cifar,token_gradient,predicted,blocks.3,7,1,1,0.1094433143734932,0.06994888186454773,0.08969609811902046
701,vit_lejepa,vit_tiny_cifar,token_gradient,predicted,blocks.3,2,0,0,0.5953367948532104,0.6807942390441895,0.6380655169487
702,vit_lejepa,vit_tiny_cifar,token_gradient,predicted,blocks.3,4,4,4,0.1679057627916336,0.20144160091876984,0.18467368185520172
703,vit_lejepa,vit_tiny_cifar,token_gradient,predicted,blocks.3,8,5,5,0.5500022172927856,0.2049621194601059,0.37748216837644577
704,vit_lejepa,vit_tiny_cifar,token_gradient,predicted,blocks.3,7,6,6,0.117455393075943,0.22485211491584778,0.17115375399589539
705,vit_lejepa,vit_tiny_cifar,token_gradient,predicted,blocks.3,4,2,2,0.7847737669944763,0.38180112838745117,0.5832874476909637
706,vit_lejepa,vit_tiny_cifar,token_gradient,predicted,blocks.3,2,0,0,0.5631695985794067,0.2991816997528076,0.4311756491661072
707,vit_lejepa,vit_tiny_cifar,token_gradient,predicted,blocks.3,9,1,1,-0.09207536280155182,0.28678619861602783,0.097355417907238
708,vit_lejepa,vit_tiny_cifar,token_gradient,predicted,blocks.3,8,8,8,0.44184550642967224,0.5280399918556213,0.4849427491426468
709,vit_lejepa,vit_tiny_cifar,token_gradient,predicted,blocks.3,8,8,8,0.24045565724372864,0.2655830681324005,0.2530193626880646
710,vit_lejepa,vit_tiny_cifar,token_gradient,predicted,blocks.3,6,8,8,0.1367139220237732,0.17288783192634583,0.1548008769750595
711,vit_lejepa,vit_tiny_cifar,token_gradient,predicted,blocks.3,8,8,8,0.5200822949409485,0.0935966745018959,0.3068394847214222
712,vit_lejepa,vit_tiny_cifar,token_gradient,predicted,blocks.3,8,0,0,0.4924730658531189,0.28079426288604736,0.38663366436958313
713,vit_lejepa,vit_tiny_cifar,token_gradient,predicted,blocks.3,7,7,7,-0.36266663670539856,0.2720169723033905,-0.04532483220100403
714,vit_lejepa,vit_tiny_cifar,token_gradient,predicted,blocks.3,4,4,4,0.32646462321281433,0.14522096514701843,0.23584279417991638
715,vit_lejepa,vit_tiny_cifar,token_gradient,predicted,blocks.3,3,6,6,0.541614294052124,0.09058737754821777,0.3161008358001709
716,vit_lejepa,vit_tiny_cifar,token_gradient,predicted,blocks.3,3,2,2,-0.035448700189590454,0.48240888118743896,0.22348009049892426
717,vit_lejepa,vit_tiny_cifar,token_gradient,predicted,blocks.3,8,9,9,0.04182779788970947,0.12139914184808731,0.08161346986889839
718,vit_lejepa,vit_tiny_cifar,token_gradient,predicted,blocks.3,4,4,4,0.2628937363624573,0.1784900277853012,0.22069188207387924
719,vit_lejepa,vit_tiny_cifar,token_gradient,predicted,blocks.3,9,8,8,0.6478883624076843,0.24610044062137604,0.4469944015145302
720,vit_lejepa,vit_tiny_cifar,token_gradient,predicted,blocks.3,4,0,0,0.8914773464202881,0.5625897645950317,0.7270335555076599
721,vit_lejepa,vit_tiny_cifar,token_gradient,predicted,blocks.3,8,8,8,-0.023680588230490685,0.20537814497947693,0.09084877837449312
722,vit_lejepa,vit_tiny_cifar,token_gradient,predicted,blocks.3,8,8,8,0.26178643107414246,0.38478925824165344,0.32328784465789795
723,vit_lejepa,vit_tiny_cifar,token_gradient,predicted,blocks.3,1,1,1,0.22606971859931946,0.3195033073425293,0.2727865129709244
724,vit_lejepa,vit_tiny_cifar,token_gradient,predicted,blocks.3,8,8,8,-0.22879448533058167,0.2771361470222473,0.024170830845832825
725,vit_lejepa,vit_tiny_cifar,token_gradient,predicted,blocks.3,2,0,0,0.7202693223953247,0.4337063729763031,0.5769878476858139
726,vit_lejepa,vit_tiny_cifar,token_gradient,predicted,blocks.3,1,9,9,0.13586045801639557,0.28841111063957214,0.21213578432798386
727,vit_lejepa,vit_tiny_cifar,token_gradient,predicted,blocks.3,3,7,7,0.34346437454223633,0.21324694156646729,0.2783556580543518
728,vit_lejepa,vit_tiny_cifar,token_gradient,predicted,blocks.3,6,4,4,0.2220112532377243,0.12483291327953339,0.17342208325862885
729,vit_lejepa,vit_tiny_cifar,token_gradient,predicted,blocks.3,5,3,3,0.3703307509422302,0.21619974076747894,0.2932652458548546
730,vit_lejepa,vit_tiny_cifar,token_gradient,predicted,blocks.3,4,3,3,0.41103631258010864,0.49514520168304443,0.45309075713157654
731,vit_lejepa,vit_tiny_cifar,token_gradient,predicted,blocks.3,2,0,0,0.316966712474823,0.10633593052625656,0.21165132150053978
732,vit_lejepa,vit_tiny_cifar,token_gradient,predicted,blocks.3,7,7,7,0.04088566452264786,0.20067612826824188,0.12078089639544487
733,vit_lejepa,vit_tiny_cifar,token_gradient,predicted,blocks.3,9,4,4,0.4173498749732971,0.18752533197402954,0.30243760347366333
734,vit_lejepa,vit_tiny_cifar,token_gradient,predicted,blocks.3,9,1,1,0.2457166612148285,0.22445259988307953,0.235084630548954
735,vit_lejepa,vit_tiny_cifar,token_gradient,predicted,blocks.3,4,2,2,0.6713790893554688,0.38785287737846375,0.5296159833669662
736,vit_lejepa,vit_tiny_cifar,token_gradient,predicted,blocks.3,1,8,8,0.44398295879364014,0.13437111675739288,0.2891770377755165
737,vit_lejepa,vit_tiny_cifar,token_gradient,predicted,blocks.3,4,2,2,0.7787213325500488,0.45594123005867004,0.6173312813043594
738,vit_lejepa,vit_tiny_cifar,token_gradient,predicted,blocks.3,1,1,1,0.5654326677322388,0.3101884126663208,0.4378105401992798
739,vit_lejepa,vit_tiny_cifar,token_gradient,predicted,blocks.3,3,7,7,0.23263046145439148,0.34268850088119507,0.2876594811677933
740,vit_lejepa,vit_tiny_cifar,token_gradient,predicted,blocks.3,2,7,7,-0.2286694049835205,0.1517195850610733,-0.0384749099612236
741,vit_lejepa,vit_tiny_cifar,token_gradient,predicted,blocks.3,7,7,7,0.08947592973709106,0.2781641185283661,0.18382002413272858
742,vit_lejepa,vit_tiny_cifar,token_gradient,predicted,blocks.3,0,0,0,0.3313932418823242,0.26540783047676086,0.29840053617954254
743,vit_lejepa,vit_tiny_cifar,token_gradient,predicted,blocks.3,7,9,9,-0.07561779022216797,0.22424352169036865,0.07431286573410034
744,vit_lejepa,vit_tiny_cifar,token_gradient,predicted,blocks.3,9,3,3,0.41274598240852356,0.47777292132377625,0.4452594518661499
745,vit_lejepa,vit_tiny_cifar,token_gradient,predicted,blocks.3,7,7,7,0.0593908354640007,0.28315797448158264,0.17127440497279167
746,vit_lejepa,vit_tiny_cifar,token_gradient,predicted,blocks.3,6,6,6,0.4023180305957794,0.20858992636203766,0.30545397847890854
747,vit_lejepa,vit_tiny_cifar,token_gradient,predicted,blocks.3,6,3,3,0.23933447897434235,0.2066081166267395,0.22297129780054092
748,vit_lejepa,vit_tiny_cifar,token_gradient,predicted,blocks.3,2,2,2,0.7026101350784302,0.19504621624946594,0.44882817566394806
749,vit_lejepa,vit_tiny_cifar,token_gradient,predicted,blocks.3,5,5,5,0.37032023072242737,0.13743282854557037,0.25387652963399887
750,vit_lejepa,vit_tiny_cifar,token_gradient,predicted,blocks.3,9,7,7,0.021897006779909134,0.1574697345495224,0.08968337066471577
751,vit_lejepa,vit_tiny_cifar,token_gradient,predicted,blocks.3,2,0,0,-0.4170740842819214,0.3426077961921692,-0.0372331440448761
752,vit_lejepa,vit_tiny_cifar,token_gradient,predicted,blocks.3,9,9,9,0.30438002943992615,0.18371358513832092,0.24404680728912354
753,vit_lejepa,vit_tiny_cifar,token_gradient,predicted,blocks.3,1,1,1,-0.09706073999404907,0.1274529993534088,0.01519612967967987
754,vit_lejepa,vit_tiny_cifar,token_gradient,predicted,blocks.3,2,2,2,0.6305834650993347,0.25871649384498596,0.44464997947216034
755,vit_lejepa,vit_tiny_cifar,token_gradient,predicted,blocks.3,2,4,4,-0.022643497213721275,0.3535231649875641,0.1654398338869214
756,vit_lejepa,vit_tiny_cifar,token_gradient,predicted,blocks.3,6,6,6,0.3014145791530609,0.21299563348293304,0.257205106317997
757,vit_lejepa,vit_tiny_cifar,token_gradient,predicted,blocks.3,8,8,8,0.5134957432746887,0.1842638999223709,0.3488798215985298
758,vit_lejepa,vit_tiny_cifar,token_gradient,predicted,blocks.3,2,8,8,0.24154843389987946,0.2741457521915436,0.2578470930457115
759,vit_lejepa,vit_tiny_cifar,token_gradient,predicted,blocks.3,1,1,1,0.06397351622581482,0.19216632843017578,0.1280699223279953
760,vit_lejepa,vit_tiny_cifar,token_gradient,predicted,blocks.3,3,9,9,-0.08448374271392822,0.12556123733520508,0.020538747310638428
761,vit_lejepa,vit_tiny_cifar,token_gradient,predicted,blocks.3,6,5,5,0.5182857513427734,0.20857064425945282,0.36342819780111313
762,vit_lejepa,vit_tiny_cifar,token_gradient,predicted,blocks.3,6,1,1,0.050985533744096756,0.1391659379005432,0.09507573582231998
763,vit_lejepa,vit_tiny_cifar,token_gradient,predicted,blocks.3,0,3,3,0.4191831648349762,0.15702347457408905,0.2881033197045326
764,vit_lejepa,vit_tiny_cifar,token_gradient,predicted,blocks.3,1,8,8,0.04478558897972107,0.21625332534313202,0.13051945716142654
765,vit_lejepa,vit_tiny_cifar,token_gradient,predicted,blocks.3,2,2,2,0.4771685004234314,0.23134158551692963,0.3542550429701805
766,vit_lejepa,vit_tiny_cifar,token_gradient,predicted,blocks.3,7,5,5,0.1946912407875061,0.4656584858894348,0.33017486333847046
767,vit_lejepa,vit_tiny_cifar,token_gradient,predicted,blocks.3,0,0,0,0.39066335558891296,0.3925442695617676,0.39160381257534027
768,vit_lejepa,vit_tiny_cifar,token_gradient,predicted,blocks.3,5,3,3,0.541971743106842,0.28453925251960754,0.4132554978132248
769,vit_lejepa,vit_tiny_cifar,token_gradient,predicted,blocks.3,4,8,8,0.163308247923851,0.21892410516738892,0.19111617654561996
770,vit_lejepa,vit_tiny_cifar,token_gradient,predicted,blocks.3,6,3,3,0.8640289306640625,0.31838640570640564,0.5912076681852341
771,vit_lejepa,vit_tiny_cifar,token_gradient,predicted,blocks.3,1,7,7,-0.14978498220443726,0.3037793040275574,0.07699716091156006
772,vit_lejepa,vit_tiny_cifar,token_gradient,predicted,blocks.3,6,6,6,-0.13822609186172485,0.21170713007450104,0.03674051910638809
773,vit_lejepa,vit_tiny_cifar,token_gradient,predicted,blocks.3,4,5,5,0.681473970413208,0.26607125997543335,0.4737726151943207
774,vit_lejepa,vit_tiny_cifar,token_gradient,predicted,blocks.3,0,0,0,0.739770770072937,0.16877521574497223,0.4542729929089546
775,vit_lejepa,vit_tiny_cifar,token_gradient,predicted,blocks.3,2,6,6,0.4409703314304352,0.2989902198314667,0.3699802756309509
776,vit_lejepa,vit_tiny_cifar,token_gradient,predicted,blocks.3,2,5,5,-0.05267303064465523,0.12172048538923264,0.034523727372288704
777,vit_lejepa,vit_tiny_cifar,token_gradient,predicted,blocks.3,6,2,2,-0.1632092446088791,0.328830748796463,0.08281075209379196
778,vit_lejepa,vit_tiny_cifar,token_gradient,predicted,blocks.3,0,2,2,-0.22240538895130157,0.34617286920547485,0.06188374012708664
779,vit_lejepa,vit_tiny_cifar,token_gradient,predicted,blocks.3,5,6,6,0.06846478581428528,0.14647001028060913,0.1074673980474472
780,vit_lejepa,vit_tiny_cifar,token_gradient,predicted,blocks.3,9,2,2,0.07585703581571579,0.09894989430904388,0.08740346506237984
781,vit_lejepa,vit_tiny_cifar,token_gradient,predicted,blocks.3,1,1,1,0.6309544444084167,0.4558936059474945,0.5434240251779556
782,vit_lejepa,vit_tiny_cifar,token_gradient,predicted,blocks.3,7,7,7,-0.09092039614915848,0.32280901074409485,0.11594430729746819
783,vit_lejepa,vit_tiny_cifar,token_gradient,predicted,blocks.3,6,4,4,-0.014508327469229698,0.3040180802345276,0.14475487638264894
784,vit_lejepa,vit_tiny_cifar,token_gradient,predicted,blocks.3,7,7,7,-0.2505829632282257,0.32474014163017273,0.03707858920097351
785,vit_lejepa,vit_tiny_cifar,token_gradient,predicted,blocks.3,0,0,0,-0.01658700779080391,0.2973747253417969,0.14039385877549648
786,vit_lejepa,vit_tiny_cifar,token_gradient,predicted,blocks.3,3,6,6,0.11028318107128143,0.07805201411247253,0.09416759759187698
787,vit_lejepa,vit_tiny_cifar,token_gradient,predicted,blocks.3,9,9,9,0.36744096875190735,0.4805683493614197,0.4240046590566635
788,vit_lejepa,vit_tiny_cifar,token_gradient,predicted,blocks.3,6,6,6,0.15213577449321747,0.09080827981233597,0.12147202715277672
789,vit_lejepa,vit_tiny_cifar,token_gradient,predicted,blocks.3,8,8,8,0.6687261462211609,0.39443328976631165,0.5315797179937363
790,vit_lejepa,vit_tiny_cifar,token_gradient,predicted,blocks.3,3,0,0,0.41510826349258423,0.27621594071388245,0.34566210210323334
791,vit_lejepa,vit_tiny_cifar,token_gradient,predicted,blocks.3,0,0,0,0.6722010374069214,0.24066296219825745,0.4564319998025894
792,vit_lejepa,vit_tiny_cifar,token_gradient,predicted,blocks.3,3,4,4,0.7901387214660645,0.2961301803588867,0.5431344509124756
793,vit_lejepa,vit_tiny_cifar,token_gradient,predicted,blocks.3,4,5,5,0.21742300689220428,0.18458285927772522,0.20100293308496475
794,vit_lejepa,vit_tiny_cifar,token_gradient,predicted,blocks.3,7,7,7,-0.3629525899887085,0.12626585364341736,-0.11834336817264557
795,vit_lejepa,vit_tiny_cifar,token_gradient,predicted,blocks.3,7,4,4,0.054131023585796356,0.11037135869264603,0.08225119113922119
796,vit_lejepa,vit_tiny_cifar,token_gradient,predicted,blocks.3,1,7,7,0.5058271884918213,0.5380971431732178,0.5219621658325195
797,vit_lejepa,vit_tiny_cifar,token_gradient,predicted,blocks.3,4,6,6,0.02722598984837532,0.16303090751171112,0.09512844868004322
798,vit_lejepa,vit_tiny_cifar,token_gradient,predicted,blocks.3,7,3,3,0.5369870662689209,0.4468081593513489,0.4918976128101349
799,vit_lejepa,vit_tiny_cifar,token_gradient,predicted,blocks.3,2,4,4,0.025566022843122482,0.20302988588809967,0.11429795436561108
800,vit_lejepa,vit_tiny_cifar,token_gradient,predicted,blocks.3,7,7,7,-0.2497551143169403,0.23225076496601105,-0.00875217467546463
801,vit_lejepa,vit_tiny_cifar,token_gradient,predicted,blocks.3,1,9,9,0.14551196992397308,0.31479012966156006,0.23015104979276657
802,vit_lejepa,vit_tiny_cifar,token_gradient,predicted,blocks.3,4,9,9,-0.0024803546257317066,0.4302899241447449,0.21390478475950658
803,vit_lejepa,vit_tiny_cifar,token_gradient,predicted,blocks.3,7,7,7,0.6190468668937683,0.17720700800418854,0.3981269374489784
804,vit_lejepa,vit_tiny_cifar,token_gradient,predicted,blocks.3,4,4,4,-0.6000983119010925,0.3032960891723633,-0.14840111136436462
805,vit_lejepa,vit_tiny_cifar,token_gradient,predicted,blocks.3,4,4,4,-0.3706091642379761,0.2851026654243469,-0.042753249406814575
806,vit_lejepa,vit_tiny_cifar,token_gradient,predicted,blocks.3,8,8,8,-0.23204171657562256,0.1637355536222458,-0.034153081476688385
807,vit_lejepa,vit_tiny_cifar,token_gradient,predicted,blocks.3,4,4,4,0.14328138530254364,0.4381105899810791,0.29069598764181137
808,vit_lejepa,vit_tiny_cifar,token_gradient,predicted,blocks.3,7,0,0,0.15252622961997986,0.14439278841018677,0.1484595090150833
809,vit_lejepa,vit_tiny_cifar,token_gradient,predicted,blocks.3,7,3,3,0.5715394616127014,0.2109728902578354,0.3912561759352684
810,vit_lejepa,vit_tiny_cifar,token_gradient,predicted,blocks.3,5,5,5,0.5580838322639465,0.21858438849449158,0.38833411037921906
811,vit_lejepa,vit_tiny_cifar,token_gradient,predicted,blocks.3,3,3,3,0.52894526720047,0.3953351080417633,0.46214018762111664
812,vit_lejepa,vit_tiny_cifar,token_gradient,predicted,blocks.3,7,7,7,-0.1164359599351883,0.1485072672367096,0.01603565365076065
813,vit_lejepa,vit_tiny_cifar,token_gradient,predicted,blocks.3,2,2,2,-0.13716939091682434,0.20756375789642334,0.0351971834897995
814,vit_lejepa,vit_tiny_cifar,token_gradient,predicted,blocks.3,0,9,9,0.42311832308769226,0.18881109356880188,0.30596470832824707
815,vit_lejepa,vit_tiny_cifar,token_gradient,predicted,blocks.3,8,9,9,-0.18536080420017242,0.474896639585495,0.14476791769266129
816,vit_lejepa,vit_tiny_cifar,token_gradient,predicted,blocks.3,9,5,5,0.01334141381084919,0.35095691680908203,0.1821491653099656
817,vit_lejepa,vit_tiny_cifar,token_gradient,predicted,blocks.3,5,4,4,0.001499999430961907,0.06547263264656067,0.03348631603876129
818,vit_lejepa,vit_tiny_cifar,token_gradient,predicted,blocks.3,8,8,8,0.19028203189373016,0.4205978214740753,0.30543992668390274
819,vit_lejepa,vit_tiny_cifar,token_gradient,predicted,blocks.3,3,6,6,-0.004314580000936985,0.36878493428230286,0.18223517714068294
820,vit_lejepa,vit_tiny_cifar,token_gradient,predicted,blocks.3,6,9,9,0.6500086784362793,0.5184024572372437,0.5842055678367615
821,vit_lejepa,vit_tiny_cifar,token_gradient,predicted,blocks.3,2,2,2,0.21270610392093658,0.1535852551460266,0.1831456795334816
822,vit_lejepa,vit_tiny_cifar,token_gradient,predicted,blocks.3,0,9,9,-0.018494408577680588,0.28421592712402344,0.13286075927317142
823,vit_lejepa,vit_tiny_cifar,token_gradient,predicted,blocks.3,8,0,0,0.6844245195388794,0.427604079246521,0.5560142993927002
824,vit_lejepa,vit_tiny_cifar,token_gradient,predicted,blocks.3,7,7,7,0.2418057769536972,0.23691512644290924,0.23936045169830322
825,vit_lejepa,vit_tiny_cifar,token_gradient,predicted,blocks.3,3,5,5,0.1787676215171814,0.5387611985206604,0.3587644100189209
826,vit_lejepa,vit_tiny_cifar,token_gradient,predicted,blocks.3,7,0,0,-0.18539613485336304,0.056477755308151245,-0.0644591897726059
827,vit_lejepa,vit_tiny_cifar,token_gradient,predicted,blocks.3,6,6,6,-0.179621621966362,0.3732529878616333,0.09681568294763565
828,vit_lejepa,vit_tiny_cifar,token_gradient,predicted,blocks.3,5,6,6,-0.06493313610553741,0.18997175991535187,0.06251931190490723
829,vit_lejepa,vit_tiny_cifar,token_gradient,predicted,blocks.3,3,0,0,0.7160828113555908,0.19823668897151947,0.45715975016355515
830,vit_lejepa,vit_tiny_cifar,token_gradient,predicted,blocks.3,1,1,1,-0.1654987931251526,0.3347514867782593,0.08462634682655334
831,vit_lejepa,vit_tiny_cifar,token_gradient,predicted,blocks.3,3,5,5,0.6182451844215393,0.15142923593521118,0.38483721017837524
832,vit_lejepa,vit_tiny_cifar,token_gradient,predicted,blocks.3,2,5,5,0.5893126726150513,0.3031952381134033,0.4462539553642273
833,vit_lejepa,vit_tiny_cifar,token_gradient,predicted,blocks.3,2,3,3,-0.15076304972171783,0.190426304936409,0.01983162760734558
834,vit_lejepa,vit_tiny_cifar,token_gradient,predicted,blocks.3,5,2,2,0.14323899149894714,0.22014816105365753,0.18169357627630234
835,vit_lejepa,vit_tiny_cifar,token_gradient,predicted,blocks.3,4,9,9,0.7043648362159729,0.45020759105682373,0.5772862136363983
836,vit_lejepa,vit_tiny_cifar,token_gradient,predicted,blocks.3,1,8,8,0.054757360368967056,0.1584436148405075,0.10660048760473728
837,vit_lejepa,vit_tiny_cifar,token_gradient,predicted,blocks.3,2,2,2,0.2680968642234802,0.19766053557395935,0.2328786998987198
838,vit_lejepa,vit_tiny_cifar,token_gradient,predicted,blocks.3,9,2,2,-0.4323906898498535,0.2681067883968353,-0.0821419507265091
839,vit_lejepa,vit_tiny_cifar,token_gradient,predicted,blocks.3,2,8,8,0.7859387993812561,0.29710653424263,0.541522666811943
840,vit_lejepa,vit_tiny_cifar,token_gradient,predicted,blocks.3,7,7,7,0.3879654109477997,0.34185129404067993,0.3649083524942398
841,vit_lejepa,vit_tiny_cifar,token_gradient,predicted,blocks.3,0,0,0,-0.49979668855667114,0.3796738386154175,-0.06006142497062683
842,vit_lejepa,vit_tiny_cifar,token_gradient,predicted,blocks.3,7,7,7,0.34717124700546265,0.3858094811439514,0.36649036407470703
843,vit_lejepa,vit_tiny_cifar,token_gradient,predicted,blocks.3,2,2,2,0.49477145075798035,0.07708021998405457,0.28592583537101746
844,vit_lejepa,vit_tiny_cifar,token_gradient,predicted,blocks.3,1,7,7,0.632607638835907,0.5028020143508911,0.567704826593399
845,vit_lejepa,vit_tiny_cifar,token_gradient,predicted,blocks.3,3,9,9,0.4298681318759918,0.29475921392440796,0.3623136729001999
846,vit_lejepa,vit_tiny_cifar,token_gradient,predicted,blocks.3,2,4,4,0.5695123672485352,0.3815430700778961,0.47552771866321564
847,vit_lejepa,vit_tiny_cifar,token_gradient,predicted,blocks.3,0,0,0,0.35270828008651733,0.17414312064647675,0.26342570036649704
848,vit_lejepa,vit_tiny_cifar,token_gradient,predicted,blocks.3,2,6,6,-0.012095572426915169,0.4520186185836792,0.21996152307838202
849,vit_lejepa,vit_tiny_cifar,token_gradient,predicted,blocks.3,4,4,4,0.02545791305601597,0.32271185517311096,0.17408488411456347
850,vit_lejepa,vit_tiny_cifar,token_gradient,predicted,blocks.3,7,3,3,0.5496081709861755,0.18793685734272003,0.3687725141644478
851,vit_lejepa,vit_tiny_cifar,token_gradient,predicted,blocks.3,9,9,9,-0.0534551739692688,0.2952156364917755,0.12088023126125336
852,vit_lejepa,vit_tiny_cifar,token_gradient,predicted,blocks.3,8,0,0,0.37808358669281006,0.5095428824424744,0.4438132345676422
853,vit_lejepa,vit_tiny_cifar,token_gradient,predicted,blocks.3,9,1,1,0.1962791085243225,0.5651932954788208,0.38073620200157166
854,vit_lejepa,vit_tiny_cifar,token_gradient,predicted,blocks.3,0,0,0,0.11345411837100983,0.19913049042224884,0.15629230439662933
855,vit_lejepa,vit_tiny_cifar,token_gradient,predicted,blocks.3,7,9,9,0.18046928942203522,0.28904369473457336,0.2347564920783043
856,vit_lejepa,vit_tiny_cifar,token_gradient,predicted,blocks.3,7,7,7,-0.09338528662919998,0.3137054145336151,0.11016006395220757
857,vit_lejepa,vit_tiny_cifar,token_gradient,predicted,blocks.3,0,0,0,0.9635405540466309,0.7034722566604614,0.8335064053535461
858,vit_lejepa,vit_tiny_cifar,token_gradient,predicted,blocks.3,7,2,2,0.29830583930015564,0.26881226897239685,0.28355905413627625
859,vit_lejepa,vit_tiny_cifar,token_gradient,predicted,blocks.3,8,8,8,0.346571147441864,0.19886982440948486,0.27272048592567444
860,vit_lejepa,vit_tiny_cifar,token_gradient,predicted,blocks.3,4,4,4,0.4638301432132721,0.34423065185546875,0.4040303975343704
861,vit_lejepa,vit_tiny_cifar,token_gradient,predicted,blocks.3,6,4,4,0.3814060688018799,0.49174413084983826,0.43657509982585907
862,vit_lejepa,vit_tiny_cifar,token_gradient,predicted,blocks.3,3,3,3,-0.4057173728942871,0.4062178432941437,0.0002502351999282837
863,vit_lejepa,vit_tiny_cifar,token_gradient,predicted,blocks.3,3,5,5,0.6301009058952332,0.24116601049900055,0.43563345819711685
864,vit_lejepa,vit_tiny_cifar,token_gradient,predicted,blocks.3,0,0,0,0.44492247700691223,0.11789996176958084,0.28141121938824654
865,vit_lejepa,vit_tiny_cifar,token_gradient,predicted,blocks.3,1,7,7,0.2675530016422272,0.25397786498069763,0.2607654333114624
866,vit_lejepa,vit_tiny_cifar,token_gradient,predicted,blocks.3,3,5,5,0.7881155014038086,0.3827221691608429,0.5854188352823257
867,vit_lejepa,vit_tiny_cifar,token_gradient,predicted,blocks.3,7,3,3,0.435007244348526,0.16947759687900543,0.3022424206137657
868,vit_lejepa,vit_tiny_cifar,token_gradient,predicted,blocks.3,0,8,8,-0.2903342843055725,0.08779872208833694,-0.10126778110861778
869,vit_lejepa,vit_tiny_cifar,token_gradient,predicted,blocks.3,1,1,1,-0.042207010090351105,0.15105126798152924,0.054422128945589066
870,vit_lejepa,vit_tiny_cifar,token_gradient,predicted,blocks.3,3,3,3,-0.05306384712457657,0.43271976709365845,0.18982795998454094
871,vit_lejepa,vit_tiny_cifar,token_gradient,predicted,blocks.3,1,1,1,0.21122409403324127,0.3688046634197235,0.2900143787264824
872,vit_lejepa,vit_tiny_cifar,token_gradient,predicted,blocks.3,4,6,6,-0.5238496661186218,0.43167877197265625,-0.04608544707298279
873,vit_lejepa,vit_tiny_cifar,token_gradient,predicted,blocks.3,2,0,0,0.4259403944015503,0.28581589460372925,0.35587814450263977
874,vit_lejepa,vit_tiny_cifar,token_gradient,predicted,blocks.3,3,3,3,0.5345166325569153,0.15875522792339325,0.34663593024015427
875,vit_lejepa,vit_tiny_cifar,token_gradient,predicted,blocks.3,8,8,8,0.09477902203798294,0.1976003646850586,0.14618969336152077
876,vit_lejepa,vit_tiny_cifar,token_gradient,predicted,blocks.3,4,4,4,0.2603851854801178,0.3036307692527771,0.28200797736644745
877,vit_lejepa,vit_tiny_cifar,token_gradient,predicted,blocks.3,2,2,2,0.6642622947692871,0.1254574954509735,0.3948598951101303
878,vit_lejepa,vit_tiny_cifar,token_gradient,predicted,blocks.3,3,4,4,-0.39958131313323975,0.538773238658905,0.06959596276283264
879,vit_lejepa,vit_tiny_cifar,token_gradient,predicted,blocks.3,7,7,7,-0.002346302615478635,0.1764342486858368,0.08704397303517908
880,vit_lejepa,vit_tiny_cifar,token_gradient,predicted,blocks.3,8,8,8,-0.3403521180152893,0.4118422865867615,0.035745084285736084
881,vit_lejepa,vit_tiny_cifar,token_gradient,predicted,blocks.3,4,0,0,0.026554526761174202,0.4857544004917145,0.25615446362644434
882,vit_lejepa,vit_tiny_cifar,token_gradient,predicted,blocks.3,3,0,0,0.48607563972473145,0.14346246421337128,0.31476905196905136
883,vit_lejepa,vit_tiny_cifar,token_gradient,predicted,blocks.3,0,0,0,0.7153663039207458,0.2130901962518692,0.4642282500863075
884,vit_lejepa,vit_tiny_cifar,token_gradient,predicted,blocks.3,9,8,8,0.3740712106227875,0.2692667245864868,0.32166896760463715
885,vit_lejepa,vit_tiny_cifar,token_gradient,predicted,blocks.3,0,0,0,0.6664429903030396,0.1589319407939911,0.4126874655485153
886,vit_lejepa,vit_tiny_cifar,token_gradient,predicted,blocks.3,0,9,9,0.3721030652523041,0.1520165205001831,0.2620597928762436
887,vit_lejepa,vit_tiny_cifar,token_gradient,predicted,blocks.3,1,1,1,-0.2520221471786499,0.392141193151474,0.07005952298641205
888,vit_lejepa,vit_tiny_cifar,token_gradient,predicted,blocks.3,0,0,0,0.8613612651824951,0.29186365008354187,0.5766124576330185
889,vit_lejepa,vit_tiny_cifar,token_gradient,predicted,blocks.3,4,6,6,0.22527505457401276,0.2967074513435364,0.26099125295877457
890,vit_lejepa,vit_tiny_cifar,token_gradient,predicted,blocks.3,4,1,1,0.5919734835624695,0.20958992838859558,0.40078170597553253
891,vit_lejepa,vit_tiny_cifar,token_gradient,predicted,blocks.3,6,6,6,-0.06474923342466354,0.47331249713897705,0.20428163185715675
892,vit_lejepa,vit_tiny_cifar,token_gradient,predicted,blocks.3,7,2,2,0.6440834403038025,0.49575528502464294,0.5699193626642227
893,vit_lejepa,vit_tiny_cifar,token_gradient,predicted,blocks.3,6,6,6,0.4853191673755646,0.19934210181236267,0.3423306345939636
894,vit_lejepa,vit_tiny_cifar,token_gradient,predicted,blocks.3,1,9,9,-0.13778574764728546,0.4401388466358185,0.1511765494942665
895,vit_lejepa,vit_tiny_cifar,token_gradient,predicted,blocks.3,1,9,9,0.5110355019569397,0.5192130208015442,0.5151242613792419
896,vit_lejepa,vit_tiny_cifar,token_gradient,predicted,blocks.3,3,9,9,0.31630390882492065,0.15928615629673004,0.23779503256082535
897,vit_lejepa,vit_tiny_cifar,token_gradient,predicted,blocks.3,7,8,8,0.41226819157600403,0.5757724046707153,0.4940202981233597
898,vit_lejepa,vit_tiny_cifar,token_gradient,predicted,blocks.3,3,7,7,0.6046805381774902,0.2843225300312042,0.44450153410434723
899,vit_lejepa,vit_tiny_cifar,token_gradient,predicted,blocks.3,5,7,7,0.17205508053302765,0.32637903094291687,0.24921705573797226
900,vit_lejepa,vit_tiny_cifar,token_gradient,predicted,blocks.3,2,2,2,0.3297065496444702,0.43809419870376587,0.38390037417411804
901,vit_lejepa,vit_tiny_cifar,token_gradient,predicted,blocks.3,6,2,2,0.11881817877292633,0.5252327919006348,0.32202548533678055
902,vit_lejepa,vit_tiny_cifar,token_gradient,predicted,blocks.3,6,6,6,0.1947040557861328,0.23608458042144775,0.21539431810379028
903,vit_lejepa,vit_tiny_cifar,token_gradient,predicted,blocks.3,5,3,3,0.18289625644683838,0.16547603905200958,0.17418614774942398
904,vit_lejepa,vit_tiny_cifar,token_gradient,predicted,blocks.3,8,8,8,0.27080845832824707,0.08753769099712372,0.1791730746626854
905,vit_lejepa,vit_tiny_cifar,token_gradient,predicted,blocks.3,7,8,8,0.11642007529735565,0.3712422847747803,0.24383118003606796
906,vit_lejepa,vit_tiny_cifar,token_gradient,predicted,blocks.3,1,1,1,0.31291887164115906,0.5983951091766357,0.4556569904088974
907,vit_lejepa,vit_tiny_cifar,token_gradient,predicted,blocks.3,6,6,6,-0.1961919665336609,0.2999209463596344,0.051864489912986755
908,vit_lejepa,vit_tiny_cifar,token_gradient,predicted,blocks.3,8,8,8,-0.5071187019348145,0.4567197263240814,-0.025199487805366516
909,vit_lejepa,vit_tiny_cifar,token_gradient,predicted,blocks.3,8,8,8,-0.2186109721660614,0.3941270411014557,0.08775803446769714
910,vit_lejepa,vit_tiny_cifar,token_gradient,predicted,blocks.3,5,6,6,-0.14952850341796875,0.4530051648616791,0.15173833072185516
911,vit_lejepa,vit_tiny_cifar,token_gradient,predicted,blocks.3,3,5,5,0.041618723422288895,0.2668561041355133,0.1542374137789011
912,vit_lejepa,vit_tiny_cifar,token_gradient,predicted,blocks.3,0,0,0,0.15169472992420197,0.26566269993782043,0.2086787149310112
913,vit_lejepa,vit_tiny_cifar,token_gradient,predicted,blocks.3,4,4,4,0.2233232706785202,0.43428272008895874,0.32880299538373947
914,vit_lejepa,vit_tiny_cifar,token_gradient,predicted,blocks.3,0,6,6,0.30928221344947815,0.5074636936187744,0.4083729535341263
915,vit_lejepa,vit_tiny_cifar,token_gradient,predicted,blocks.3,1,7,7,0.44626033306121826,0.18870589137077332,0.3174831122159958
916,vit_lejepa,vit_tiny_cifar,token_gradient,predicted,blocks.3,3,7,7,-0.24510443210601807,0.2453184425830841,0.00010700523853302002
917,vit_lejepa,vit_tiny_cifar,token_gradient,predicted,blocks.3,8,8,8,0.875128448009491,0.4031663239002228,0.6391473859548569
918,vit_lejepa,vit_tiny_cifar,token_gradient,predicted,blocks.3,8,0,0,-0.14227725565433502,0.358106791973114,0.1079147681593895
919,vit_lejepa,vit_tiny_cifar,token_gradient,predicted,blocks.3,0,2,2,0.6409659385681152,0.27368664741516113,0.4573262929916382
920,vit_lejepa,vit_tiny_cifar,token_gradient,predicted,blocks.3,6,4,4,0.4777236878871918,0.23521630465984344,0.3564699962735176
921,vit_lejepa,vit_tiny_cifar,token_gradient,predicted,blocks.3,9,9,9,0.12588907778263092,0.36395713686943054,0.24492310732603073
922,vit_lejepa,vit_tiny_cifar,token_gradient,predicted,blocks.3,9,1,1,0.49122750759124756,0.43241122364997864,0.4618193656206131
923,vit_lejepa,vit_tiny_cifar,token_gradient,predicted,blocks.3,9,3,3,0.26168349385261536,0.1304391473531723,0.19606132060289383
924,vit_lejepa,vit_tiny_cifar,token_gradient,predicted,blocks.3,5,1,1,-0.13926470279693604,0.15801803767681122,0.009376667439937592
925,vit_lejepa,vit_tiny_cifar,token_gradient,predicted,blocks.3,5,5,5,-0.16206061840057373,0.44843029975891113,0.1431848406791687
926,vit_lejepa,vit_tiny_cifar,token_gradient,predicted,blocks.3,8,5,5,0.5876935720443726,0.3223300576210022,0.4550118148326874
927,vit_lejepa,vit_tiny_cifar,token_gradient,predicted,blocks.3,6,3,3,0.7807959318161011,0.2875528931617737,0.5341744124889374
928,vit_lejepa,vit_tiny_cifar,token_gradient,predicted,blocks.3,0,0,0,0.9131568074226379,0.4844163954257965,0.6987866014242172
929,vit_lejepa,vit_tiny_cifar,token_gradient,predicted,blocks.3,0,8,8,0.10346902161836624,0.08874399960041046,0.09610651060938835
930,vit_lejepa,vit_tiny_cifar,token_gradient,predicted,blocks.3,4,4,4,0.11940444260835648,0.305129736661911,0.21226708963513374
931,vit_lejepa,vit_tiny_cifar,token_gradient,predicted,blocks.3,2,6,6,0.4907684922218323,0.38104063272476196,0.4359045624732971
932,vit_lejepa,vit_tiny_cifar,token_gradient,predicted,blocks.3,3,9,9,0.1978166252374649,0.214239239692688,0.20602793246507645
933,vit_lejepa,vit_tiny_cifar,token_gradient,predicted,blocks.3,2,7,7,0.2816712260246277,0.5542750954627991,0.4179731607437134
934,vit_lejepa,vit_tiny_cifar,token_gradient,predicted,blocks.3,7,7,7,0.3374921679496765,0.3715539574623108,0.35452306270599365
935,vit_lejepa,vit_tiny_cifar,token_gradient,predicted,blocks.3,2,0,0,0.5510408878326416,0.28431037068367004,0.4176756292581558
936,vit_lejepa,vit_tiny_cifar,token_gradient,predicted,blocks.3,2,2,2,0.5064072608947754,0.23768164217472076,0.3720444515347481
937,vit_lejepa,vit_tiny_cifar,token_gradient,predicted,blocks.3,5,2,2,-0.2139580249786377,0.09707306325435638,-0.058442480862140656
938,vit_lejepa,vit_tiny_cifar,token_gradient,predicted,blocks.3,9,1,1,-0.28679800033569336,0.36983251571655273,0.04151725769042969
939,vit_lejepa,vit_tiny_cifar,token_gradient,predicted,blocks.3,8,0,0,0.4470430612564087,0.5155452489852905,0.4812941551208496
940,vit_lejepa,vit_tiny_cifar,token_gradient,predicted,blocks.3,9,1,1,-0.07256689667701721,0.1494368314743042,0.038434967398643494
941,vit_lejepa,vit_tiny_cifar,token_gradient,predicted,blocks.3,1,9,9,-0.015800539404153824,0.08533533662557602,0.0347673986107111
942,vit_lejepa,vit_tiny_cifar,token_gradient,predicted,blocks.3,7,0,0,-0.013994441367685795,0.26309552788734436,0.12455054325982928
943,vit_lejepa,vit_tiny_cifar,token_gradient,predicted,blocks.3,4,6,6,0.16201825439929962,0.28603288531303406,0.22402556985616684
944,vit_lejepa,vit_tiny_cifar,token_gradient,predicted,blocks.3,0,0,0,-0.02857617288827896,0.5268404483795166,0.24913213774561882
945,vit_lejepa,vit_tiny_cifar,token_gradient,predicted,blocks.3,3,8,8,0.25052595138549805,0.16331923007965088,0.20692259073257446
946,vit_lejepa,vit_tiny_cifar,token_gradient,predicted,blocks.3,0,0,0,0.6625967025756836,0.426957905292511,0.5447773039340973
947,vit_lejepa,vit_tiny_cifar,token_gradient,predicted,blocks.3,1,1,1,0.6956935524940491,0.1688113659620285,0.4322524592280388
948,vit_lejepa,vit_tiny_cifar,token_gradient,predicted,blocks.3,3,8,8,-0.21760107576847076,0.17470477521419525,-0.021448150277137756
949,vit_lejepa,vit_tiny_cifar,token_gradient,predicted,blocks.3,8,1,1,-0.4364512860774994,0.32166874408721924,-0.057391270995140076
950,vit_lejepa,vit_tiny_cifar,token_gradient,predicted,blocks.3,3,2,2,0.5174388289451599,0.25202643871307373,0.3847326338291168
951,vit_lejepa,vit_tiny_cifar,token_gradient,predicted,blocks.3,9,0,0,0.33346036076545715,0.20101408660411835,0.26723722368478775
952,vit_lejepa,vit_tiny_cifar,token_gradient,predicted,blocks.3,6,6,6,-0.06616830825805664,0.46298375725746155,0.19840772449970245
953,vit_lejepa,vit_tiny_cifar,token_gradient,predicted,blocks.3,1,0,0,0.25336891412734985,0.29764965176582336,0.2755092829465866
954,vit_lejepa,vit_tiny_cifar,token_gradient,predicted,blocks.3,4,4,4,-0.07735614478588104,0.35537683963775635,0.13901034742593765
955,vit_lejepa,vit_tiny_cifar,token_gradient,predicted,blocks.3,7,7,7,0.13481591641902924,0.19956015050411224,0.16718803346157074
956,vit_lejepa,vit_tiny_cifar,token_gradient,predicted,blocks.3,0,8,8,0.7060914635658264,0.22183074057102203,0.4639611020684242
957,vit_lejepa,vit_tiny_cifar,token_gradient,predicted,blocks.3,3,3,3,0.7957279682159424,0.2579723298549652,0.5268501490354538
958,vit_lejepa,vit_tiny_cifar,token_gradient,predicted,blocks.3,7,3,3,-0.19450156390666962,0.2173750102519989,0.011436723172664642
959,vit_lejepa,vit_tiny_cifar,token_gradient,predicted,blocks.3,8,8,8,-0.041205860674381256,0.1948806792497635,0.07683740928769112
960,vit_lejepa,vit_tiny_cifar,token_gradient,predicted,blocks.3,9,1,1,0.03167131915688515,0.21920838952064514,0.12543985433876514
961,vit_lejepa,vit_tiny_cifar,token_gradient,predicted,blocks.3,1,0,0,0.3550756573677063,0.07265918701887131,0.2138674221932888
962,vit_lejepa,vit_tiny_cifar,token_gradient,predicted,blocks.3,1,9,9,0.14317920804023743,0.12020406126976013,0.13169163465499878
963,vit_lejepa,vit_tiny_cifar,token_gradient,predicted,blocks.3,6,4,4,0.1719617396593094,0.3508059084415436,0.2613838240504265
964,vit_lejepa,vit_tiny_cifar,token_gradient,predicted,blocks.3,6,3,3,0.08894269913434982,0.3892810046672821,0.23911185190081596
965,vit_lejepa,vit_tiny_cifar,token_gradient,predicted,blocks.3,6,6,6,0.7821889519691467,0.3232879042625427,0.5527384281158447
966,vit_lejepa,vit_tiny_cifar,token_gradient,predicted,blocks.3,6,9,9,0.647567868232727,0.2957734167575836,0.47167064249515533
967,vit_lejepa,vit_tiny_cifar,token_gradient,predicted,blocks.3,9,9,9,-0.11408668756484985,0.24198438227176666,0.0639488473534584
968,vit_lejepa,vit_tiny_cifar,token_gradient,predicted,blocks.3,1,1,1,-0.27144908905029297,0.42630574107170105,0.07742832601070404
969,vit_lejepa,vit_tiny_cifar,token_gradient,predicted,blocks.3,9,0,0,0.12222719937562943,0.277667760848999,0.19994748011231422
970,vit_lejepa,vit_tiny_cifar,token_gradient,predicted,blocks.3,9,9,9,0.11460910737514496,0.30798766016960144,0.2112983837723732
971,vit_lejepa,vit_tiny_cifar,token_gradient,predicted,blocks.3,4,6,6,0.35702770948410034,0.2481469362974167,0.3025873228907585
972,vit_lejepa,vit_tiny_cifar,token_gradient,predicted,blocks.3,2,7,7,-0.03894880414009094,0.2651599943637848,0.11310559511184692
973,vit_lejepa,vit_tiny_cifar,token_gradient,predicted,blocks.3,1,1,1,-0.474161297082901,0.28591451048851013,-0.09412339329719543
974,vit_lejepa,vit_tiny_cifar,token_gradient,predicted,blocks.3,7,0,0,0.3080127239227295,0.25869426131248474,0.2833534926176071
975,vit_lejepa,vit_tiny_cifar,token_gradient,predicted,blocks.3,0,0,0,0.5492851138114929,0.5822998881340027,0.5657925009727478
976,vit_lejepa,vit_tiny_cifar,token_gradient,predicted,blocks.3,6,6,6,-0.20527930557727814,0.26630985736846924,0.03051527589559555
977,vit_lejepa,vit_tiny_cifar,token_gradient,predicted,blocks.3,8,8,8,0.6793667078018188,0.22633244097232819,0.4528495743870735
978,vit_lejepa,vit_tiny_cifar,token_gradient,predicted,blocks.3,1,9,9,0.1405830830335617,0.41985684633255005,0.2802199646830559
979,vit_lejepa,vit_tiny_cifar,token_gradient,predicted,blocks.3,9,2,2,0.11952181160449982,0.2985837459564209,0.20905277878046036
980,vit_lejepa,vit_tiny_cifar,token_gradient,predicted,blocks.3,2,6,6,0.38404279947280884,0.2760980427265167,0.3300704210996628
981,vit_lejepa,vit_tiny_cifar,token_gradient,predicted,blocks.3,9,8,8,0.5728564262390137,0.1280670017004013,0.3504617139697075
982,vit_lejepa,vit_tiny_cifar,token_gradient,predicted,blocks.3,0,5,5,0.64613938331604,0.16717521846294403,0.40665730088949203
983,vit_lejepa,vit_tiny_cifar,token_gradient,predicted,blocks.3,4,1,1,-0.05976933240890503,0.2940683662891388,0.11714951694011688
984,vit_lejepa,vit_tiny_cifar,token_gradient,predicted,blocks.3,7,3,3,0.4289931356906891,0.29268985986709595,0.3608414977788925
985,vit_lejepa,vit_tiny_cifar,token_gradient,predicted,blocks.3,8,8,8,0.2988074719905853,0.3602435886859894,0.32952553033828735
986,vit_lejepa,vit_tiny_cifar,token_gradient,predicted,blocks.3,3,3,3,0.4057290852069855,0.43630748987197876,0.4210182875394821
987,vit_lejepa,vit_tiny_cifar,token_gradient,predicted,blocks.3,1,8,8,0.34354084730148315,0.21866220235824585,0.2811015248298645
988,vit_lejepa,vit_tiny_cifar,token_gradient,predicted,blocks.3,2,1,1,0.20951300859451294,0.12071391940116882,0.16511346399784088
989,vit_lejepa,vit_tiny_cifar,token_gradient,predicted,blocks.3,0,0,0,0.8462642431259155,0.2129763811826706,0.5296203121542931
990,vit_lejepa,vit_tiny_cifar,token_gradient,predicted,blocks.3,1,3,3,0.05985076725482941,0.4191173315048218,0.2394840493798256
991,vit_lejepa,vit_tiny_cifar,token_gradient,predicted,blocks.3,5,6,6,0.6914563179016113,0.2363288849592209,0.4638926014304161
992,vit_lejepa,vit_tiny_cifar,token_gradient,predicted,blocks.3,8,8,8,-0.07136966288089752,0.38774821162223816,0.15818927437067032
993,vit_lejepa,vit_tiny_cifar,token_gradient,predicted,blocks.3,4,7,7,0.4938564598560333,0.30068424344062805,0.3972703516483307
994,vit_lejepa,vit_tiny_cifar,token_gradient,predicted,blocks.3,6,6,6,0.10071885585784912,0.2080346792936325,0.15437676757574081
995,vit_lejepa,vit_tiny_cifar,token_gradient,predicted,blocks.3,3,3,3,0.3157753646373749,0.39733654260635376,0.3565559536218643
996,vit_lejepa,vit_tiny_cifar,token_gradient,predicted,blocks.3,8,0,0,0.02136506885290146,0.19279266893863678,0.10707886889576912
997,vit_lejepa,vit_tiny_cifar,token_gradient,predicted,blocks.3,1,1,1,-0.18991366028785706,0.25968047976493835,0.03488340973854065
998,vit_lejepa,vit_tiny_cifar,token_gradient,predicted,blocks.3,3,7,7,0.19714151322841644,0.3989262580871582,0.2980338856577873
999,vit_lejepa,vit_tiny_cifar,token_gradient,predicted,blocks.3,8,8,8,0.2048407942056656,0.24635250866413116,0.22559665143489838
512,vit_lejepa,vit_tiny_cifar,token_gradient,predicted,blocks.4,6,4,4,0.0062927561812102795,0.2602965533733368,0.13329465477727354
513,vit_lejepa,vit_tiny_cifar,token_gradient,predicted,blocks.4,1,7,7,0.5985597968101501,0.24370302259922028,0.4211314097046852
514,vit_lejepa,vit_tiny_cifar,token_gradient,predicted,blocks.4,5,9,9,0.4575032889842987,0.2581780254840851,0.3578406572341919
515,vit_lejepa,vit_tiny_cifar,token_gradient,predicted,blocks.4,3,6,6,0.6358191967010498,0.2723064422607422,0.454062819480896
516,vit_lejepa,vit_tiny_cifar,token_gradient,predicted,blocks.4,8,8,8,0.3229358196258545,0.24830561876296997,0.28562071919441223
517,vit_lejepa,vit_tiny_cifar,token_gradient,predicted,blocks.4,9,0,0,0.7168940901756287,0.17382198572158813,0.4453580379486084
518,vit_lejepa,vit_tiny_cifar,token_gradient,predicted,blocks.4,5,3,3,0.668681263923645,0.20049962401390076,0.4345904439687729
519,vit_lejepa,vit_tiny_cifar,token_gradient,predicted,blocks.4,8,8,8,0.06923352926969528,0.3000340759754181,0.1846338026225567
520,vit_lejepa,vit_tiny_cifar,token_gradient,predicted,blocks.4,5,5,5,0.46699726581573486,0.3261808753013611,0.396589070558548
521,vit_lejepa,vit_tiny_cifar,token_gradient,predicted,blocks.4,7,0,0,0.45058995485305786,0.10740289837121964,0.27899642661213875
522,vit_lejepa,vit_tiny_cifar,token_gradient,predicted,blocks.4,0,0,0,0.4979943633079529,0.08644301444292068,0.2922186888754368
523,vit_lejepa,vit_tiny_cifar,token_gradient,predicted,blocks.4,7,9,9,0.5348352789878845,0.16215422749519348,0.348494753241539
524,vit_lejepa,vit_tiny_cifar,token_gradient,predicted,blocks.4,0,0,0,0.4177479147911072,0.17227290570735931,0.29501041024923325
525,vit_lejepa,vit_tiny_cifar,token_gradient,predicted,blocks.4,5,3,3,0.3083430826663971,0.18933244049549103,0.24883776158094406
526,vit_lejepa,vit_tiny_cifar,token_gradient,predicted,blocks.4,0,3,3,0.6117634773254395,0.4704267382621765,0.541095107793808
527,vit_lejepa,vit_tiny_cifar,token_gradient,predicted,blocks.4,0,0,0,0.09001492708921432,0.12998995184898376,0.11000243946909904
528,vit_lejepa,vit_tiny_cifar,token_gradient,predicted,blocks.4,4,0,0,-0.284927099943161,0.06454919278621674,-0.11018895357847214
529,vit_lejepa,vit_tiny_cifar,token_gradient,predicted,blocks.4,6,6,6,-0.15874262154102325,0.41633591055870056,0.12879664450883865
530,vit_lejepa,vit_tiny_cifar,token_gradient,predicted,blocks.4,9,0,0,-0.37032315135002136,0.28184303641319275,-0.04424005746841431
531,vit_lejepa,vit_tiny_cifar,token_gradient,predicted,blocks.4,0,9,9,0.24781359732151031,0.25735536217689514,0.25258447974920273
532,vit_lejepa,vit_tiny_cifar,token_gradient,predicted,blocks.4,9,6,6,0.18318027257919312,0.3075999617576599,0.2453901171684265
533,vit_lejepa,vit_tiny_cifar,token_gradient,predicted,blocks.4,5,5,5,0.6806105971336365,0.1264832317829132,0.40354691445827484
534,vit_lejepa,vit_tiny_cifar,token_gradient,predicted,blocks.4,6,6,6,0.285089910030365,0.437484472990036,0.3612871915102005
535,vit_lejepa,vit_tiny_cifar,token_gradient,predicted,blocks.4,6,6,6,0.12856459617614746,0.45317885279655457,0.290871724486351
536,vit_lejepa,vit_tiny_cifar,token_gradient,predicted,blocks.4,6,2,2,0.6236929297447205,0.26694414019584656,0.4453185349702835
537,vit_lejepa,vit_tiny_cifar,token_gradient,predicted,blocks.4,2,6,6,0.7035681009292603,0.4616793990135193,0.5826237499713898
538,vit_lejepa,vit_tiny_cifar,token_gradient,predicted,blocks.4,9,0,0,0.4940643608570099,0.40194594860076904,0.44800515472888947
539,vit_lejepa,vit_tiny_cifar,token_gradient,predicted,blocks.4,0,1,1,-0.11968941241502762,0.09550657123327255,-0.012091420590877533
540,vit_lejepa,vit_tiny_cifar,token_gradient,predicted,blocks.4,1,1,1,0.06166524067521095,0.45730504393577576,0.25948514230549335
541,vit_lejepa,vit_tiny_cifar,token_gradient,predicted,blocks.4,7,7,7,0.036272164434194565,0.14786489307880402,0.09206852875649929
542,vit_lejepa,vit_tiny_cifar,token_gradient,predicted,blocks.4,6,6,6,0.36190155148506165,0.17839589715003967,0.27014872431755066
543,vit_lejepa,vit_tiny_cifar,token_gradient,predicted,blocks.4,7,3,3,0.03727830573916435,0.19430267810821533,0.11579049192368984
544,vit_lejepa,vit_tiny_cifar,token_gradient,predicted,blocks.4,5,6,6,0.42188870906829834,0.10976341366767883,0.2658260613679886
545,vit_lejepa,vit_tiny_cifar,token_gradient,predicted,blocks.4,9,9,9,0.664899468421936,0.2665894627571106,0.4657444655895233
546,vit_lejepa,vit_tiny_cifar,token_gradient,predicted,blocks.4,1,1,1,0.34500017762184143,0.1010642796754837,0.22303222864866257
547,vit_lejepa,vit_tiny_cifar,token_gradient,predicted,blocks.4,6,6,6,-0.2443487048149109,0.18827129900455475,-0.02803870290517807
548,vit_lejepa,vit_tiny_cifar,token_gradient,predicted,blocks.4,2,6,6,0.031493037939071655,0.21597830951213837,0.12373567372560501
549,vit_lejepa,vit_tiny_cifar,token_gradient,predicted,blocks.4,5,9,9,0.014093780890107155,0.11697222292423248,0.06553300190716982
550,vit_lejepa,vit_tiny_cifar,token_gradient,predicted,blocks.4,5,7,7,-0.26609429717063904,0.2332475185394287,-0.016423389315605164
551,vit_lejepa,vit_tiny_cifar,token_gradient,predicted,blocks.4,5,3,3,0.7302789092063904,0.2889149785041809,0.5095969438552856
552,vit_lejepa,vit_tiny_cifar,token_gradient,predicted,blocks.4,8,8,8,0.45295700430870056,0.28358691930770874,0.36827196180820465
553,vit_lejepa,vit_tiny_cifar,token_gradient,predicted,blocks.4,5,5,5,0.5695714354515076,0.27136915922164917,0.42047029733657837
554,vit_lejepa,vit_tiny_cifar,token_gradient,predicted,blocks.4,9,9,9,-0.24669037759304047,0.1369103640317917,-0.05489000678062439
555,vit_lejepa,vit_tiny_cifar,token_gradient,predicted,blocks.4,4,8,8,-0.268413245677948,0.40150097012519836,0.06654386222362518
556,vit_lejepa,vit_tiny_cifar,token_gradient,predicted,blocks.4,6,2,2,0.19784943759441376,0.23744243383407593,0.21764593571424484
557,vit_lejepa,vit_tiny_cifar,token_gradient,predicted,blocks.4,4,6,6,0.28285661339759827,0.068320132791996,0.17558837309479713
558,vit_lejepa,vit_tiny_cifar,token_gradient,predicted,blocks.4,3,5,5,0.49265292286872864,0.2658063471317291,0.3792296350002289
559,vit_lejepa,vit_tiny_cifar,token_gradient,predicted,blocks.4,2,2,2,0.1894787698984146,0.32382404804229736,0.256651408970356
560,vit_lejepa,vit_tiny_cifar,token_gradient,predicted,blocks.4,0,0,0,0.06418084353208542,0.06116032227873802,0.06267058290541172
561,vit_lejepa,vit_tiny_cifar,token_gradient,predicted,blocks.4,7,7,7,0.6093490719795227,0.419360876083374,0.5143549740314484
562,vit_lejepa,vit_tiny_cifar,token_gradient,predicted,blocks.4,6,3,3,0.3606526255607605,0.29997074604034424,0.33031168580055237
563,vit_lejepa,vit_tiny_cifar,token_gradient,predicted,blocks.4,2,2,2,0.17852528393268585,0.2647767961025238,0.22165104001760483
564,vit_lejepa,vit_tiny_cifar,token_gradient,predicted,blocks.4,2,4,4,0.5205088257789612,0.35460883378982544,0.4375588297843933
565,vit_lejepa,vit_tiny_cifar,token_gradient,predicted,blocks.4,3,9,9,-0.1353711634874344,0.15656514465808868,0.010596990585327148
566,vit_lejepa,vit_tiny_cifar,token_gradient,predicted,blocks.4,9,8,8,0.5316916704177856,0.3190232813358307,0.42535747587680817
567,vit_lejepa,vit_tiny_cifar,token_gradient,predicted,blocks.4,7,5,5,-0.20850981771945953,0.293999046087265,0.04274461418390274
568,vit_lejepa,vit_tiny_cifar,token_gradient,predicted,blocks.4,9,0,0,-0.1807267814874649,0.21216632425785065,0.01571977138519287
569,vit_lejepa,vit_tiny_cifar,token_gradient,predicted,blocks.4,2,6,6,-0.20118890702724457,0.09922607243061066,-0.050981417298316956
570,vit_lejepa,vit_tiny_cifar,token_gradient,predicted,blocks.4,6,2,2,0.3545711934566498,0.1584855616092682,0.256528377532959
571,vit_lejepa,vit_tiny_cifar,token_gradient,predicted,blocks.4,7,2,2,0.277432382106781,0.11396854370832443,0.19570046290755272
572,vit_lejepa,vit_tiny_cifar,token_gradient,predicted,blocks.4,1,7,7,0.12369169294834137,0.35614335536956787,0.23991752415895462
573,vit_lejepa,vit_tiny_cifar,token_gradient,predicted,blocks.4,3,5,5,0.5041164755821228,0.3195370137691498,0.4118267446756363
574,vit_lejepa,vit_tiny_cifar,token_gradient,predicted,blocks.4,6,2,2,0.5068190097808838,0.256396621465683,0.3816078156232834
575,vit_lejepa,vit_tiny_cifar,token_gradient,predicted,blocks.4,6,6,6,-0.16681984066963196,0.08728326112031937,-0.039768289774656296
576,vit_lejepa,vit_tiny_cifar,token_gradient,predicted,blocks.4,8,8,8,0.5601634383201599,0.34440693259239197,0.45228518545627594
577,vit_lejepa,vit_tiny_cifar,token_gradient,predicted,blocks.4,9,8,8,0.5040386319160461,0.36257773637771606,0.4333081841468811
578,vit_lejepa,vit_tiny_cifar,token_gradient,predicted,blocks.4,7,3,3,0.6905413269996643,0.15096744894981384,0.4207543879747391
579,vit_lejepa,vit_tiny_cifar,token_gradient,predicted,blocks.4,5,9,9,0.4008001685142517,0.3361465334892273,0.3684733510017395
580,vit_lejepa,vit_tiny_cifar,token_gradient,predicted,blocks.4,4,4,4,0.19020530581474304,0.2812027037143707,0.23570400476455688
581,vit_lejepa,vit_tiny_cifar,token_gradient,predicted,blocks.4,0,8,8,0.1644926220178604,0.24921245872974396,0.20685254037380219
582,vit_lejepa,vit_tiny_cifar,token_gradient,predicted,blocks.4,8,8,8,0.38878655433654785,0.24907195568084717,0.3189292550086975
583,vit_lejepa,vit_tiny_cifar,token_gradient,predicted,blocks.4,4,1,1,0.5092901587486267,0.18742775917053223,0.34835895895957947
584,vit_lejepa,vit_tiny_cifar,token_gradient,predicted,blocks.4,0,0,0,-0.04196641221642494,0.42835739254951477,0.19319549016654491
585,vit_lejepa,vit_tiny_cifar,token_gradient,predicted,blocks.4,9,5,5,-0.041135918349027634,0.26861488819122314,0.11373948492109776
586,vit_lejepa,vit_tiny_cifar,token_gradient,predicted,blocks.4,3,3,3,0.07529081404209137,0.18464958667755127,0.12997020035982132
587,vit_lejepa,vit_tiny_cifar,token_gradient,predicted,blocks.4,4,7,7,-0.16457782685756683,0.3033599257469177,0.06939104944467545
588,vit_lejepa,vit_tiny_cifar,token_gradient,predicted,blocks.4,8,8,8,-0.28645065426826477,0.4995839595794678,0.1065666526556015
589,vit_lejepa,vit_tiny_cifar,token_gradient,predicted,blocks.4,9,9,9,0.007811808958649635,0.08086086064577103,0.04433633480221033
590,vit_lejepa,vit_tiny_cifar,token_gradient,predicted,blocks.4,6,6,6,0.4874821603298187,0.32771608233451843,0.4075991213321686
591,vit_lejepa,vit_tiny_cifar,token_gradient,predicted,blocks.4,9,8,8,0.4847007393836975,0.14823134243488312,0.3164660409092903
592,vit_lejepa,vit_tiny_cifar,token_gradient,predicted,blocks.4,2,2,2,0.6206579208374023,0.17034220695495605,0.3955000638961792
593,vit_lejepa,vit_tiny_cifar,token_gradient,predicted,blocks.4,6,6,6,0.46769988536834717,0.4225653409957886,0.44513261318206787
594,vit_lejepa,vit_tiny_cifar,token_gradient,predicted,blocks.4,1,2,2,-0.06907890737056732,0.25753796100616455,0.09422952681779861
595,vit_lejepa,vit_tiny_cifar,token_gradient,predicted,blocks.4,4,0,0,0.16698378324508667,0.127333402633667,0.14715859293937683
596,vit_lejepa,vit_tiny_cifar,token_gradient,predicted,blocks.4,7,6,6,0.15623508393764496,0.14488831162452698,0.15056169778108597
597,vit_lejepa,vit_tiny_cifar,token_gradient,predicted,blocks.4,3,9,9,-0.10342207551002502,0.28498655557632446,0.09078224003314972
598,vit_lejepa,vit_tiny_cifar,token_gradient,predicted,blocks.4,5,3,3,0.3442400097846985,0.42114195227622986,0.3826909810304642
599,vit_lejepa,vit_tiny_cifar,token_gradient,predicted,blocks.4,3,3,3,0.5240269899368286,0.1438238024711609,0.33392539620399475
600,vit_lejepa,vit_tiny_cifar,token_gradient,predicted,blocks.4,8,9,9,0.11320088058710098,0.24192723631858826,0.17756405845284462
601,vit_lejepa,vit_tiny_cifar,token_gradient,predicted,blocks.4,5,5,5,0.6926026940345764,0.13162921369075775,0.4121159538626671
602,vit_lejepa,vit_tiny_cifar,token_gradient,predicted,blocks.4,0,0,0,0.8693493008613586,0.2480541467666626,0.5587017238140106
603,vit_lejepa,vit_tiny_cifar,token_gradient,predicted,blocks.4,2,6,6,0.17565518617630005,0.17713133990764618,0.17639326304197311
604,vit_lejepa,vit_tiny_cifar,token_gradient,predicted,blocks.4,1,8,8,-0.2635471224784851,0.12315491586923599,-0.07019610330462456
605,vit_lejepa,vit_tiny_cifar,token_gradient,predicted,blocks.4,6,6,6,0.007412408012896776,0.22088421881198883,0.1141483134124428
606,vit_lejepa,vit_tiny_cifar,token_gradient,predicted,blocks.4,4,3,3,0.16339784860610962,0.21516834199428558,0.1892830953001976
607,vit_lejepa,vit_tiny_cifar,token_gradient,predicted,blocks.4,3,5,5,-0.563652515411377,0.1651414930820465,-0.19925551116466522
608,vit_lejepa,vit_tiny_cifar,token_gradient,predicted,blocks.4,3,3,3,0.6259039640426636,0.22790895402431488,0.4269064590334892
609,vit_lejepa,vit_tiny_cifar,token_gradient,predicted,blocks.4,9,1,1,0.3265833258628845,0.25052207708358765,0.2885527014732361
610,vit_lejepa,vit_tiny_cifar,token_gradient,predicted,blocks.4,6,6,6,0.21817941963672638,0.23596251010894775,0.22707096487283707
611,vit_lejepa,vit_tiny_cifar,token_gradient,predicted,blocks.4,9,0,0,0.6140426993370056,0.19929763674736023,0.4066701680421829
612,vit_lejepa,vit_tiny_cifar,token_gradient,predicted,blocks.4,8,8,8,-0.22502145171165466,0.17398379743099213,-0.02551882714033127
613,vit_lejepa,vit_tiny_cifar,token_gradient,predicted,blocks.4,8,8,8,0.724524974822998,0.13477560877799988,0.42965029180049896
614,vit_lejepa,vit_tiny_cifar,token_gradient,predicted,blocks.4,5,6,6,0.1490429788827896,0.11400334537029266,0.13152316212654114
615,vit_lejepa,vit_tiny_cifar,token_gradient,predicted,blocks.4,8,8,8,0.44776830077171326,0.39939191937446594,0.4235801100730896
616,vit_lejepa,vit_tiny_cifar,token_gradient,predicted,blocks.4,6,2,2,0.10994713753461838,0.1778656542301178,0.1439063958823681
617,vit_lejepa,vit_tiny_cifar,token_gradient,predicted,blocks.4,6,7,7,0.10292293131351471,0.2386888712644577,0.1708059012889862
618,vit_lejepa,vit_tiny_cifar,token_gradient,predicted,blocks.4,2,2,2,0.031408775597810745,0.25101232528686523,0.141210550442338
619,vit_lejepa,vit_tiny_cifar,token_gradient,predicted,blocks.4,1,9,9,0.29831966757774353,0.15964722633361816,0.22898344695568085
620,vit_lejepa,vit_tiny_cifar,token_gradient,predicted,blocks.4,7,7,7,0.3537054657936096,0.18536333739757538,0.2695344015955925
621,vit_lejepa,vit_tiny_cifar,token_gradient,predicted,blocks.4,7,6,6,0.6318550109863281,0.3935302197933197,0.5126926153898239
622,vit_lejepa,vit_tiny_cifar,token_gradient,predicted,blocks.4,1,9,9,-0.14776547253131866,0.13434088230133057,-0.006712295114994049
623,vit_lejepa,vit_tiny_cifar,token_gradient,predicted,blocks.4,2,0,0,0.7183769345283508,0.18671123683452606,0.45254408568143845
624,vit_lejepa,vit_tiny_cifar,token_gradient,predicted,blocks.4,7,3,3,0.4173128306865692,0.17827081680297852,0.29779182374477386
625,vit_lejepa,vit_tiny_cifar,token_gradient,predicted,blocks.4,9,1,1,0.32214078307151794,0.264518141746521,0.29332946240901947
626,vit_lejepa,vit_tiny_cifar,token_gradient,predicted,blocks.4,9,9,9,0.1449487954378128,0.19538427889347076,0.17016653716564178
627,vit_lejepa,vit_tiny_cifar,token_gradient,predicted,blocks.4,4,7,7,-0.38674062490463257,0.1288163959980011,-0.12896211445331573
628,vit_lejepa,vit_tiny_cifar,token_gradient,predicted,blocks.4,4,4,4,-0.22923719882965088,0.2425319254398346,0.006647363305091858
629,vit_lejepa,vit_tiny_cifar,token_gradient,predicted,blocks.4,1,1,1,0.3427254855632782,0.23826000094413757,0.2904927432537079
630,vit_lejepa,vit_tiny_cifar,token_gradient,predicted,blocks.4,2,2,2,-0.02346375584602356,0.19583314657211304,0.08618469536304474
631,vit_lejepa,vit_tiny_cifar,token_gradient,predicted,blocks.4,5,3,3,0.17707833647727966,0.31700247526168823,0.24704040586948395
632,vit_lejepa,vit_tiny_cifar,token_gradient,predicted,blocks.4,6,6,6,0.5474905967712402,0.18928712606430054,0.3683888614177704
633,vit_lejepa,vit_tiny_cifar,token_gradient,predicted,blocks.4,8,0,0,0.9149360656738281,0.3147730529308319,0.61485455930233
634,vit_lejepa,vit_tiny_cifar,token_gradient,predicted,blocks.4,7,7,7,-0.194133460521698,0.14397293329238892,-0.02508026361465454
635,vit_lejepa,vit_tiny_cifar,token_gradient,predicted,blocks.4,6,6,6,0.6137949824333191,0.11822465807199478,0.36600982025265694
636,vit_lejepa,vit_tiny_cifar,token_gradient,predicted,blocks.4,8,9,9,0.35066208243370056,0.23259378969669342,0.291627936065197
637,vit_lejepa,vit_tiny_cifar,token_gradient,predicted,blocks.4,3,0,0,0.842079758644104,0.371721088886261,0.6069004237651825
638,vit_lejepa,vit_tiny_cifar,token_gradient,predicted,blocks.4,0,8,8,0.3869878053665161,0.13405844569206238,0.26052312552928925
639,vit_lejepa,vit_tiny_cifar,token_gradient,predicted,blocks.4,5,7,7,-0.14249102771282196,0.2387860119342804,0.04814749211072922
640,vit_lejepa,vit_tiny_cifar,token_gradient,predicted,blocks.4,5,5,5,-0.27707019448280334,0.4528826177120209,0.08790621161460876
641,vit_lejepa,vit_tiny_cifar,token_gradient,predicted,blocks.4,3,6,6,0.10775773227214813,0.3509584069252014,0.22935806959867477
642,vit_lejepa,vit_tiny_cifar,token_gradient,predicted,blocks.4,0,8,8,0.5603219866752625,0.13766415417194366,0.34899307042360306
643,vit_lejepa,vit_tiny_cifar,token_gradient,predicted,blocks.4,7,7,7,0.3148561418056488,0.22038230299949646,0.26761922240257263
644,vit_lejepa,vit_tiny_cifar,token_gradient,predicted,blocks.4,9,8,8,0.43813666701316833,0.22681502997875214,0.33247584849596024
645,vit_lejepa,vit_tiny_cifar,token_gradient,predicted,blocks.4,1,1,1,0.31901800632476807,0.1136149987578392,0.21631650254130363
646,vit_lejepa,vit_tiny_cifar,token_gradient,predicted,blocks.4,3,3,3,0.3311222493648529,0.2818453907966614,0.30648382008075714
647,vit_lejepa,vit_tiny_cifar,token_gradient,predicted,blocks.4,4,2,2,0.6380718350410461,0.37989741563796997,0.5089846253395081
648,vit_lejepa,vit_tiny_cifar,token_gradient,predicted,blocks.4,4,2,2,0.2462545931339264,0.0952632874250412,0.1707589402794838
649,vit_lejepa,vit_tiny_cifar,token_gradient,predicted,blocks.4,5,2,2,0.05907129868865013,0.42503491044044495,0.24205310456454754
650,vit_lejepa,vit_tiny_cifar,token_gradient,predicted,blocks.4,3,3,3,0.5197355151176453,0.2884940803050995,0.4041147977113724
651,vit_lejepa,vit_tiny_cifar,token_gradient,predicted,blocks.4,9,9,9,-0.017485851421952248,0.28683680295944214,0.13467547576874495
652,vit_lejepa,vit_tiny_cifar,token_gradient,predicted,blocks.4,5,9,9,0.24123233556747437,0.1941324919462204,0.21768241375684738
653,vit_lejepa,vit_tiny_cifar,token_gradient,predicted,blocks.4,6,2,2,0.07913096994161606,0.26799535751342773,0.1735631637275219
654,vit_lejepa,vit_tiny_cifar,token_gradient,predicted,blocks.4,9,5,5,-0.00029921074747107923,0.2995366156101227,0.1496187024313258
655,vit_lejepa,vit_tiny_cifar,token_gradient,predicted,blocks.4,2,2,2,0.001120189786888659,0.30135002732276917,0.1512351085548289
656,vit_lejepa,vit_tiny_cifar,token_gradient,predicted,blocks.4,1,9,9,0.3551936745643616,0.17520542442798615,0.26519954949617386
657,vit_lejepa,vit_tiny_cifar,token_gradient,predicted,blocks.4,1,9,9,0.48768535256385803,0.2072289139032364,0.3474571332335472
658,vit_lejepa,vit_tiny_cifar,token_gradient,predicted,blocks.4,4,6,6,0.21518534421920776,0.08160530030727386,0.14839532226324081
659,vit_lejepa,vit_tiny_cifar,token_gradient,predicted,blocks.4,1,7,7,0.6259358525276184,0.407685250043869,0.5168105512857437
660,vit_lejepa,vit_tiny_cifar,token_gradient,predicted,blocks.4,9,9,9,0.5810590982437134,0.4988507926464081,0.5399549454450607
661,vit_lejepa,vit_tiny_cifar,token_gradient,predicted,blocks.4,4,2,2,0.2589898109436035,0.24996083974838257,0.25447532534599304
662,vit_lejepa,vit_tiny_cifar,token_gradient,predicted,blocks.4,7,7,7,0.2833060622215271,0.1931554675102234,0.23823076486587524
663,vit_lejepa,vit_tiny_cifar,token_gradient,predicted,blocks.4,6,4,4,0.6514627933502197,0.23665113747119904,0.4440569654107094
664,vit_lejepa,vit_tiny_cifar,token_gradient,predicted,blocks.4,3,3,3,0.6216954588890076,0.13565002381801605,0.3786727413535118
665,vit_lejepa,vit_tiny_cifar,token_gradient,predicted,blocks.4,8,8,8,0.5998785495758057,0.26576146483421326,0.43282000720500946
666,vit_lejepa,vit_tiny_cifar,token_gradient,predicted,blocks.4,9,1,1,0.19537408649921417,0.18673433363437653,0.19105421006679535
667,vit_lejepa,vit_tiny_cifar,token_gradient,predicted,blocks.4,0,0,0,-0.17823560535907745,0.036617524921894073,-0.07080904021859169
668,vit_lejepa,vit_tiny_cifar,token_gradient,predicted,blocks.4,1,9,9,0.05367302894592285,0.3003339469432831,0.17700348794460297
669,vit_lejepa,vit_tiny_cifar,token_gradient,predicted,blocks.4,3,2,2,-0.10909265279769897,0.10662470757961273,-0.0012339726090431213
670,vit_lejepa,vit_tiny_cifar,token_gradient,predicted,blocks.4,6,2,2,0.6874433755874634,0.256416380405426,0.4719298779964447
671,vit_lejepa,vit_tiny_cifar,token_gradient,predicted,blocks.4,3,1,1,0.09546410292387009,0.23837630450725555,0.16692020371556282
672,vit_lejepa,vit_tiny_cifar,token_gradient,predicted,blocks.4,6,5,5,0.5490304827690125,0.20247136056423187,0.37575092166662216
673,vit_lejepa,vit_tiny_cifar,token_gradient,predicted,blocks.4,3,3,3,0.3972805440425873,0.3410132825374603,0.3691469132900238
674,vit_lejepa,vit_tiny_cifar,token_gradient,predicted,blocks.4,2,0,0,0.4056549370288849,0.392139732837677,0.39889733493328094
675,vit_lejepa,vit_tiny_cifar,token_gradient,predicted,blocks.4,0,0,0,0.330329954624176,0.08274863660335541,0.20653929561376572
676,vit_lejepa,vit_tiny_cifar,token_gradient,predicted,blocks.4,3,6,6,0.04999988526105881,0.24535693228244781,0.1476784087717533
677,vit_lejepa,vit_tiny_cifar,token_gradient,predicted,blocks.4,1,3,3,0.33531028032302856,0.3614267408847809,0.3483685106039047
678,vit_lejepa,vit_tiny_cifar,token_gradient,predicted,blocks.4,0,6,6,-0.013484611175954342,0.07308710366487503,0.029801246244460344
679,vit_lejepa,vit_tiny_cifar,token_gradient,predicted,blocks.4,5,7,7,0.23000510036945343,0.48254016041755676,0.3562726303935051
680,vit_lejepa,vit_tiny_cifar,token_gradient,predicted,blocks.4,9,7,7,0.2358466237783432,0.5015218257904053,0.36868422478437424
681,vit_lejepa,vit_tiny_cifar,token_gradient,predicted,blocks.4,6,6,6,-0.2783530056476593,0.40193408727645874,0.06179054081439972
682,vit_lejepa,vit_tiny_cifar,token_gradient,predicted,blocks.4,4,9,9,0.8637517690658569,0.3053233027458191,0.584537535905838
683,vit_lejepa,vit_tiny_cifar,token_gradient,predicted,blocks.4,8,9,9,0.11922159045934677,0.16564160585403442,0.1424315981566906
684,vit_lejepa,vit_tiny_cifar,token_gradient,predicted,blocks.4,9,6,6,0.48955023288726807,0.42244958877563477,0.4559999108314514
685,vit_lejepa,vit_tiny_cifar,token_gradient,predicted,blocks.4,6,2,2,0.22397379577159882,0.2680123746395111,0.24599308520555496
686,vit_lejepa,vit_tiny_cifar,token_gradient,predicted,blocks.4,9,8,8,-0.16494233906269073,0.3170181214809418,0.07603789120912552
687,vit_lejepa,vit_tiny_cifar,token_gradient,predicted,blocks.4,6,9,9,0.3086375892162323,0.13963773846626282,0.22413766384124756
688,vit_lejepa,vit_tiny_cifar,token_gradient,predicted,blocks.4,3,2,2,-0.27283239364624023,0.6059617400169373,0.1665646731853485
689,vit_lejepa,vit_tiny_cifar,token_gradient,predicted,blocks.4,0,6,6,-0.4404199719429016,0.22460483014583588,-0.10790757089853287
690,vit_lejepa,vit_tiny_cifar,token_gradient,predicted,blocks.4,3,2,2,-0.08646556735038757,0.4191111624240875,0.16632279753684998
691,vit_lejepa,vit_tiny_cifar,token_gradient,predicted,blocks.4,2,2,2,0.39327239990234375,0.21558353304862976,0.30442796647548676
692,vit_lejepa,vit_tiny_cifar,token_gradient,predicted,blocks.4,2,0,0,0.6642868518829346,0.23905791342258453,0.45167238265275955
693,vit_lejepa,vit_tiny_cifar,token_gradient,predicted,blocks.4,7,7,7,-0.2446337193250656,0.10783839970827103,-0.0683976598083973
694,vit_lejepa,vit_tiny_cifar,token_gradient,predicted,blocks.4,8,8,8,0.26184847950935364,0.15907154977321625,0.21046001464128494
695,vit_lejepa,vit_tiny_cifar,token_gradient,predicted,blocks.4,3,2,2,0.12922729551792145,0.36930719017982483,0.24926724284887314
696,vit_lejepa,vit_tiny_cifar,token_gradient,predicted,blocks.4,8,0,0,0.7812930941581726,0.21954746544361115,0.5004202798008919
697,vit_lejepa,vit_tiny_cifar,token_gradient,predicted,blocks.4,2,4,4,0.24913345277309418,0.33101367950439453,0.29007356613874435
698,vit_lejepa,vit_tiny_cifar,token_gradient,predicted,blocks.4,7,7,7,0.012023805640637875,0.21644021570682526,0.11423201067373157
699,vit_lejepa,vit_tiny_cifar,token_gradient,predicted,blocks.4,5,3,3,-0.05645376816391945,0.18852292001247406,0.0660345759242773
700,vit_lejepa,vit_tiny_cifar,token_gradient,predicted,blocks.4,7,1,1,0.2274947166442871,0.08407764881849289,0.15578618273139
701,vit_lejepa,vit_tiny_cifar,token_gradient,predicted,blocks.4,2,0,0,0.4130556583404541,0.12780694663524628,0.2704313024878502
702,vit_lejepa,vit_tiny_cifar,token_gradient,predicted,blocks.4,4,4,4,0.3819327652454376,0.15689003467559814,0.2694113999605179
703,vit_lejepa,vit_tiny_cifar,token_gradient,predicted,blocks.4,8,5,5,0.5971012115478516,0.22480615973472595,0.41095368564128876
704,vit_lejepa,vit_tiny_cifar,token_gradient,predicted,blocks.4,7,6,6,0.2726469337940216,0.2844633460044861,0.27855513989925385
705,vit_lejepa,vit_tiny_cifar,token_gradient,predicted,blocks.4,4,2,2,0.6685938835144043,0.3027208745479584,0.48565737903118134
706,vit_lejepa,vit_tiny_cifar,token_gradient,predicted,blocks.4,2,0,0,0.5386548042297363,0.12134659290313721,0.33000069856643677
707,vit_lejepa,vit_tiny_cifar,token_gradient,predicted,blocks.4,9,1,1,0.29466512799263,0.3609897494316101,0.32782743871212006
708,vit_lejepa,vit_tiny_cifar,token_gradient,predicted,blocks.4,8,8,8,0.44527891278266907,0.5181493163108826,0.4817141145467758
709,vit_lejepa,vit_tiny_cifar,token_gradient,predicted,blocks.4,8,8,8,0.4523353576660156,0.16108256578445435,0.306708961725235
710,vit_lejepa,vit_tiny_cifar,token_gradient,predicted,blocks.4,6,8,8,0.020642772316932678,0.2612573206424713,0.140950046479702
711,vit_lejepa,vit_tiny_cifar,token_gradient,predicted,blocks.4,8,8,8,0.5042094588279724,0.10979150980710983,0.3070004843175411
712,vit_lejepa,vit_tiny_cifar,token_gradient,predicted,blocks.4,8,0,0,0.5079362392425537,0.24504046142101288,0.3764883503317833
713,vit_lejepa,vit_tiny_cifar,token_gradient,predicted,blocks.4,7,7,7,-0.3782643973827362,0.42093461751937866,0.021335110068321228
714,vit_lejepa,vit_tiny_cifar,token_gradient,predicted,blocks.4,4,4,4,0.28459328413009644,0.2416256070137024,0.2631094455718994
715,vit_lejepa,vit_tiny_cifar,token_gradient,predicted,blocks.4,3,6,6,0.542097806930542,0.08149608969688416,0.3117969483137131
716,vit_lejepa,vit_tiny_cifar,token_gradient,predicted,blocks.4,3,2,2,0.14077113568782806,0.3457268476486206,0.24324899166822433
717,vit_lejepa,vit_tiny_cifar,token_gradient,predicted,blocks.4,8,9,9,0.22005924582481384,0.12539298832416534,0.1727261170744896
718,vit_lejepa,vit_tiny_cifar,token_gradient,predicted,blocks.4,4,4,4,0.18199193477630615,0.28777679800987244,0.2348843663930893
719,vit_lejepa,vit_tiny_cifar,token_gradient,predicted,blocks.4,9,8,8,0.6877578496932983,0.1991043984889984,0.4434311240911484
720,vit_lejepa,vit_tiny_cifar,token_gradient,predicted,blocks.4,4,0,0,-0.0704314336180687,0.3744347095489502,0.15200163796544075
721,vit_lejepa,vit_tiny_cifar,token_gradient,predicted,blocks.4,8,8,8,0.3276137411594391,0.15769930183887482,0.24265652149915695
722,vit_lejepa,vit_tiny_cifar,token_gradient,predicted,blocks.4,8,8,8,0.47243204712867737,0.41252681612968445,0.4424794316291809
723,vit_lejepa,vit_tiny_cifar,token_gradient,predicted,blocks.4,1,1,1,-0.019417578354477882,0.3902312219142914,0.18540682177990675
724,vit_lejepa,vit_tiny_cifar,token_gradient,predicted,blocks.4,8,8,8,0.2923557460308075,0.43937376141548157,0.36586475372314453
725,vit_lejepa,vit_tiny_cifar,token_gradient,predicted,blocks.4,2,0,0,0.4706147313117981,0.2222973108291626,0.34645602107048035
726,vit_lejepa,vit_tiny_cifar,token_gradient,predicted,blocks.4,1,9,9,0.39803221821784973,0.1895729899406433,0.2938026040792465
727,vit_lejepa,vit_tiny_cifar,token_gradient,predicted,blocks.4,3,7,7,0.06441282480955124,0.1566506326198578,0.11053172871470451
728,vit_lejepa,vit_tiny_cifar,token_gradient,predicted,blocks.4,6,4,4,0.1407521367073059,0.13966678082942963,0.14020945876836777
729,vit_lejepa,vit_tiny_cifar,token_gradient,predicted,blocks.4,5,3,3,0.29542720317840576,0.08560100197792053,0.19051410257816315
730,vit_lejepa,vit_tiny_cifar,token_gradient,predicted,blocks.4,4,3,3,0.5213538408279419,0.2697007656097412,0.39552730321884155
731,vit_lejepa,vit_tiny_cifar,token_gradient,predicted,blocks.4,2,0,0,0.2484036087989807,0.12918627262115479,0.18879494071006775
732,vit_lejepa,vit_tiny_cifar,token_gradient,predicted,blocks.4,7,7,7,0.1466268002986908,0.10093401372432709,0.12378040701150894
733,vit_lejepa,vit_tiny_cifar,token_gradient,predicted,blocks.4,9,4,4,0.39018574357032776,0.1125335693359375,0.25135965645313263
734,vit_lejepa,vit_tiny_cifar,token_gradient,predicted,blocks.4,9,1,1,0.30900833010673523,0.20103637874126434,0.2550223544239998
735,vit_lejepa,vit_tiny_cifar,token_gradient,predicted,blocks.4,4,2,2,0.2539394497871399,0.4787706434726715,0.3663550466299057
736,vit_lejepa,vit_tiny_cifar,token_gradient,predicted,blocks.4,1,8,8,0.5117268562316895,0.14370118081569672,0.3277140185236931
737,vit_lejepa,vit_tiny_cifar,token_gradient,predicted,blocks.4,4,2,2,0.5348859429359436,0.21801720559597015,0.3764515742659569
738,vit_lejepa,vit_tiny_cifar,token_gradient,predicted,blocks.4,1,1,1,-0.1221412867307663,0.3663681745529175,0.12211344391107559
739,vit_lejepa,vit_tiny_cifar,token_gradient,predicted,blocks.4,3,7,7,0.2624976336956024,0.2724418640136719,0.26746974885463715
740,vit_lejepa,vit_tiny_cifar,token_gradient,predicted,blocks.4,2,7,7,0.054562922567129135,0.21431149542331696,0.13443720899522305
741,vit_lejepa,vit_tiny_cifar,token_gradient,predicted,blocks.4,7,7,7,0.04949118196964264,0.21954616904258728,0.13451867550611496
742,vit_lejepa,vit_tiny_cifar,token_gradient,predicted,blocks.4,0,0,0,0.027722014114260674,0.13592387735843658,0.08182294573634863
743,vit_lejepa,vit_tiny_cifar,token_gradient,predicted,blocks.4,7,9,9,-0.0058613549917936325,0.19451600313186646,0.09432732407003641
744,vit_lejepa,vit_tiny_cifar,token_gradient,predicted,blocks.4,9,3,3,0.6226401329040527,0.2967975437641144,0.45971883833408356
745,vit_lejepa,vit_tiny_cifar,token_gradient,predicted,blocks.4,7,7,7,0.14179323613643646,0.20576128363609314,0.1737772598862648
746,vit_lejepa,vit_tiny_cifar,token_gradient,predicted,blocks.4,6,6,6,0.38581618666648865,0.3047996163368225,0.3453079015016556
747,vit_lejepa,vit_tiny_cifar,token_gradient,predicted,blocks.4,6,3,3,0.2250336855649948,0.06675803661346436,0.14589586108922958
748,vit_lejepa,vit_tiny_cifar,token_gradient,predicted,blocks.4,2,2,2,0.7417641878128052,0.1787090301513672,0.4602366089820862
749,vit_lejepa,vit_tiny_cifar,token_gradient,predicted,blocks.4,5,5,5,0.3662469983100891,0.22952215373516083,0.29788457602262497
750,vit_lejepa,vit_tiny_cifar,token_gradient,predicted,blocks.4,9,7,7,0.01269854512065649,0.10058318823575974,0.05664086667820811
751,vit_lejepa,vit_tiny_cifar,token_gradient,predicted,blocks.4,2,0,0,0.1133444681763649,0.5000158548355103,0.3066801615059376
752,vit_lejepa,vit_tiny_cifar,token_gradient,predicted,blocks.4,9,9,9,0.32313305139541626,0.12444247305393219,0.22378776222467422
753,vit_lejepa,vit_tiny_cifar,token_gradient,predicted,blocks.4,1,1,1,-0.16902665793895721,0.0623105987906456,-0.05335802957415581
754,vit_lejepa,vit_tiny_cifar,token_gradient,predicted,blocks.4,2,2,2,0.2906067371368408,0.42753320932388306,0.35906997323036194
755,vit_lejepa,vit_tiny_cifar,token_gradient,predicted,blocks.4,2,4,4,0.27491357922554016,0.2936568260192871,0.28428520262241364
756,vit_lejepa,vit_tiny_cifar,token_gradient,predicted,blocks.4,6,6,6,0.1957760751247406,0.35151830315589905,0.2736471891403198
757,vit_lejepa,vit_tiny_cifar,token_gradient,predicted,blocks.4,8,8,8,0.5345976948738098,0.15120618045330048,0.34290193766355515
758,vit_lejepa,vit_tiny_cifar,token_gradient,predicted,blocks.4,2,8,8,0.4570547640323639,0.3485621213912964,0.40280844271183014
759,vit_lejepa,vit_tiny_cifar,token_gradient,predicted,blocks.4,1,1,1,0.4187903106212616,0.28023600578308105,0.3495131582021713
760,vit_lejepa,vit_tiny_cifar,token_gradient,predicted,blocks.4,3,9,9,-0.03766379505395889,0.1276613175868988,0.044998761266469955
761,vit_lejepa,vit_tiny_cifar,token_gradient,predicted,blocks.4,6,5,5,0.5617610812187195,0.1655123382806778,0.36363670974969864
762,vit_lejepa,vit_tiny_cifar,token_gradient,predicted,blocks.4,6,1,1,0.17419077455997467,0.15646779537200928,0.16532928496599197
763,vit_lejepa,vit_tiny_cifar,token_gradient,predicted,blocks.4,0,3,3,0.3474101722240448,0.12372191250324249,0.23556604236364365
764,vit_lejepa,vit_tiny_cifar,token_gradient,predicted,blocks.4,1,8,8,0.04516046866774559,0.07342982292175293,0.05929514579474926
765,vit_lejepa,vit_tiny_cifar,token_gradient,predicted,blocks.4,2,2,2,0.22586148977279663,0.39177221059799194,0.3088168501853943
766,vit_lejepa,vit_tiny_cifar,token_gradient,predicted,blocks.4,7,5,5,-0.04541952162981033,0.17555348575115204,0.06506698206067085
767,vit_lejepa,vit_tiny_cifar,token_gradient,predicted,blocks.4,0,0,0,0.5764405727386475,0.377579927444458,0.47701025009155273
768,vit_lejepa,vit_tiny_cifar,token_gradient,predicted,blocks.4,5,3,3,0.4654809236526489,0.19593088328838348,0.3307059034705162
769,vit_lejepa,vit_tiny_cifar,token_gradient,predicted,blocks.4,4,8,8,0.15871870517730713,0.11655991524457932,0.13763931021094322
770,vit_lejepa,vit_tiny_cifar,token_gradient,predicted,blocks.4,6,3,3,0.8427894115447998,0.2584075927734375,0.5505985021591187
771,vit_lejepa,vit_tiny_cifar,token_gradient,predicted,blocks.4,1,7,7,-0.07112454622983932,0.17586208879947662,0.05236877128481865
772,vit_lejepa,vit_tiny_cifar,token_gradient,predicted,blocks.4,6,6,6,-0.06353242695331573,0.2648604214191437,0.10066399723291397
773,vit_lejepa,vit_tiny_cifar,token_gradient,predicted,blocks.4,4,5,5,0.6470426321029663,0.2696116864681244,0.45832715928554535
774,vit_lejepa,vit_tiny_cifar,token_gradient,predicted,blocks.4,0,0,0,0.7182561159133911,0.18045175075531006,0.4493539333343506
775,vit_lejepa,vit_tiny_cifar,token_gradient,predicted,blocks.4,2,6,6,0.4292061924934387,0.43958768248558044,0.4343969374895096
776,vit_lejepa,vit_tiny_cifar,token_gradient,predicted,blocks.4,2,5,5,0.3499740958213806,0.2619211673736572,0.3059476315975189
777,vit_lejepa,vit_tiny_cifar,token_gradient,predicted,blocks.4,6,2,2,-0.09804760664701462,0.39428311586380005,0.14811775460839272
778,vit_lejepa,vit_tiny_cifar,token_gradient,predicted,blocks.4,0,2,2,-0.5179793238639832,0.3784032464027405,-0.06978803873062134
779,vit_lejepa,vit_tiny_cifar,token_gradient,predicted,blocks.4,5,6,6,0.10513278096914291,0.17238856852054596,0.13876067474484444
780,vit_lejepa,vit_tiny_cifar,token_gradient,predicted,blocks.4,9,2,2,0.10354706645011902,0.07026117295026779,0.0869041197001934
781,vit_lejepa,vit_tiny_cifar,token_gradient,predicted,blocks.4,1,1,1,0.6307860016822815,0.36032792925834656,0.495556965470314
782,vit_lejepa,vit_tiny_cifar,token_gradient,predicted,blocks.4,7,7,7,-0.13922829926013947,0.4098502993583679,0.13531100004911423
783,vit_lejepa,vit_tiny_cifar,token_gradient,predicted,blocks.4,6,4,4,0.1989988088607788,0.15705737471580505,0.17802809178829193
784,vit_lejepa,vit_tiny_cifar,token_gradient,predicted,blocks.4,7,7,7,-0.2945248782634735,0.21720822155475616,-0.03865832835435867
785,vit_lejepa,vit_tiny_cifar,token_gradient,predicted,blocks.4,0,0,0,0.10917456448078156,0.10898447036743164,0.1090795174241066
786,vit_lejepa,vit_tiny_cifar,token_gradient,predicted,blocks.4,3,6,6,0.24522046744823456,0.22442376613616943,0.234822116792202
787,vit_lejepa,vit_tiny_cifar,token_gradient,predicted,blocks.4,9,9,9,0.5570490956306458,0.48073074221611023,0.518889918923378
788,vit_lejepa,vit_tiny_cifar,token_gradient,predicted,blocks.4,6,6,6,0.14092592895030975,0.066372811794281,0.10364937037229538
789,vit_lejepa,vit_tiny_cifar,token_gradient,predicted,blocks.4,8,8,8,0.4113397002220154,0.38620761036872864,0.398773655295372
790,vit_lejepa,vit_tiny_cifar,token_gradient,predicted,blocks.4,3,0,0,0.48796719312667847,0.152143195271492,0.32005519419908524
791,vit_lejepa,vit_tiny_cifar,token_gradient,predicted,blocks.4,0,0,0,0.7691735625267029,0.24894510209560394,0.5090593323111534
792,vit_lejepa,vit_tiny_cifar,token_gradient,predicted,blocks.4,3,4,4,0.8077397346496582,0.2464945763349533,0.5271171554923058
793,vit_lejepa,vit_tiny_cifar,token_gradient,predicted,blocks.4,4,5,5,0.2251468002796173,0.2587225139141083,0.2419346570968628
794,vit_lejepa,vit_tiny_cifar,token_gradient,predicted,blocks.4,7,7,7,-0.26313450932502747,0.14700838923454285,-0.05806306004524231
795,vit_lejepa,vit_tiny_cifar,token_gradient,predicted,blocks.4,7,4,4,0.16398225724697113,0.09580296277999878,0.12989261001348495
796,vit_lejepa,vit_tiny_cifar,token_gradient,predicted,blocks.4,1,7,7,0.05275111645460129,0.1777719110250473,0.1152615137398243
797,vit_lejepa,vit_tiny_cifar,token_gradient,predicted,blocks.4,4,6,6,0.21166767179965973,0.22469529509544373,0.21818148344755173
798,vit_lejepa,vit_tiny_cifar,token_gradient,predicted,blocks.4,7,3,3,0.4389020800590515,0.2628457546234131,0.3508739173412323
799,vit_lejepa,vit_tiny_cifar,token_gradient,predicted,blocks.4,2,4,4,-0.0684567466378212,0.19527344405651093,0.06340834870934486
800,vit_lejepa,vit_tiny_cifar,token_gradient,predicted,blocks.4,7,7,7,-0.19693312048912048,0.20982511341571808,0.006445996463298798
801,vit_lejepa,vit_tiny_cifar,token_gradient,predicted,blocks.4,1,9,9,0.17920894920825958,0.2667609453201294,0.2229849472641945
802,vit_lejepa,vit_tiny_cifar,token_gradient,predicted,blocks.4,4,9,9,0.06350164860486984,0.5615735054016113,0.3125375770032406
803,vit_lejepa,vit_tiny_cifar,token_gradient,predicted,blocks.4,7,7,7,0.6461360454559326,0.23427137732505798,0.4402037113904953
804,vit_lejepa,vit_tiny_cifar,token_gradient,predicted,blocks.4,4,4,4,-0.16945035755634308,0.23195916414260864,0.03125440329313278
805,vit_lejepa,vit_tiny_cifar,token_gradient,predicted,blocks.4,4,4,4,-0.46651268005371094,0.22600772976875305,-0.12025247514247894
806,vit_lejepa,vit_tiny_cifar,token_gradient,predicted,blocks.4,8,8,8,-0.20294629037380219,0.1983146220445633,-0.002315834164619446
807,vit_lejepa,vit_tiny_cifar,token_gradient,predicted,blocks.4,4,4,4,0.41060495376586914,0.42822515964508057,0.41941505670547485
808,vit_lejepa,vit_tiny_cifar,token_gradient,predicted,blocks.4,7,0,0,0.30006879568099976,0.26515206694602966,0.2826104313135147
809,vit_lejepa,vit_tiny_cifar,token_gradient,predicted,blocks.4,7,3,3,0.1891934722661972,0.051334697753190994,0.1202640850096941
810,vit_lejepa,vit_tiny_cifar,token_gradient,predicted,blocks.4,5,5,5,0.4193531274795532,0.12037799507379532,0.26986556127667427
811,vit_lejepa,vit_tiny_cifar,token_gradient,predicted,blocks.4,3,3,3,0.3956814110279083,0.23322206735610962,0.31445173919200897
812,vit_lejepa,vit_tiny_cifar,token_gradient,predicted,blocks.4,7,7,7,-0.06484196335077286,0.24629303812980652,0.09072553738951683
813,vit_lejepa,vit_tiny_cifar,token_gradient,predicted,blocks.4,2,2,2,-0.31167837977409363,0.377512127161026,0.032916873693466187
814,vit_lejepa,vit_tiny_cifar,token_gradient,predicted,blocks.4,0,9,9,0.34672391414642334,0.22360733151435852,0.28516562283039093
815,vit_lejepa,vit_tiny_cifar,token_gradient,predicted,blocks.4,8,9,9,-0.15079821646213531,0.14904040098190308,-0.0008789077401161194
816,vit_lejepa,vit_tiny_cifar,token_gradient,predicted,blocks.4,9,5,5,0.14874055981636047,0.2195894569158554,0.18416500836610794
817,vit_lejepa,vit_tiny_cifar,token_gradient,predicted,blocks.4,5,4,4,0.23849746584892273,0.25857284665107727,0.24853515625
818,vit_lejepa,vit_tiny_cifar,token_gradient,predicted,blocks.4,8,8,8,-0.5295010209083557,0.35828328132629395,-0.08560886979103088
819,vit_lejepa,vit_tiny_cifar,token_gradient,predicted,blocks.4,3,6,6,-0.1799202561378479,0.34079232811927795,0.08043603599071503
820,vit_lejepa,vit_tiny_cifar,token_gradient,predicted,blocks.4,6,9,9,0.22828029096126556,0.26752251386642456,0.24790140241384506
821,vit_lejepa,vit_tiny_cifar,token_gradient,predicted,blocks.4,2,2,2,0.26400405168533325,0.12392044067382812,0.1939622461795807
822,vit_lejepa,vit_tiny_cifar,token_gradient,predicted,blocks.4,0,9,9,0.3758144676685333,0.3127337396144867,0.34427410364151
823,vit_lejepa,vit_tiny_cifar,token_gradient,predicted,blocks.4,8,0,0,0.2582385241985321,0.33700957894325256,0.29762405157089233
824,vit_lejepa,vit_tiny_cifar,token_gradient,predicted,blocks.4,7,7,7,0.23363430798053741,0.19749243557453156,0.21556337177753448
825,vit_lejepa,vit_tiny_cifar,token_gradient,predicted,blocks.4,3,5,5,0.3755423426628113,0.2779141962528229,0.3267282694578171
826,vit_lejepa,vit_tiny_cifar,token_gradient,predicted,blocks.4,7,0,0,0.3408554494380951,0.38177257776260376,0.3613140136003494
827,vit_lejepa,vit_tiny_cifar,token_gradient,predicted,blocks.4,6,6,6,-0.1849580705165863,0.3496131896972656,0.08232755959033966
828,vit_lejepa,vit_tiny_cifar,token_gradient,predicted,blocks.4,5,6,6,0.03544590622186661,0.2527204155921936,0.1440831609070301
829,vit_lejepa,vit_tiny_cifar,token_gradient,predicted,blocks.4,3,0,0,0.5903104543685913,0.14173823595046997,0.36602434515953064
830,vit_lejepa,vit_tiny_cifar,token_gradient,predicted,blocks.4,1,1,1,-0.3726790249347687,0.4111291170120239,0.019225046038627625
831,vit_lejepa,vit_tiny_cifar,token_gradient,predicted,blocks.4,3,5,5,0.6936118602752686,0.17540788650512695,0.43450987339019775
832,vit_lejepa,vit_tiny_cifar,token_gradient,predicted,blocks.4,2,5,5,0.4890541732311249,0.14496946334838867,0.3170118182897568
833,vit_lejepa,vit_tiny_cifar,token_gradient,predicted,blocks.4,2,3,3,0.32029351592063904,0.22108618915081024,0.27068985253572464
834,vit_lejepa,vit_tiny_cifar,token_gradient,predicted,blocks.4,5,2,2,0.10922213643789291,0.11188170313835144,0.11055191978812218
835,vit_lejepa,vit_tiny_cifar,token_gradient,predicted,blocks.4,4,9,9,0.6494171619415283,0.38547495007514954,0.5174460560083389
836,vit_lejepa,vit_tiny_cifar,token_gradient,predicted,blocks.4,1,8,8,0.29150041937828064,0.09679782390594482,0.19414912164211273
837,vit_lejepa,vit_tiny_cifar,token_gradient,predicted,blocks.4,2,2,2,0.3191353678703308,0.2590511441230774,0.2890932559967041
838,vit_lejepa,vit_tiny_cifar,token_gradient,predicted,blocks.4,9,2,2,-0.33616212010383606,0.22533981502056122,-0.05541115254163742
839,vit_lejepa,vit_tiny_cifar,token_gradient,predicted,blocks.4,2,8,8,0.7731742858886719,0.2153194099664688,0.49424684792757034
840,vit_lejepa,vit_tiny_cifar,token_gradient,predicted,blocks.4,7,7,7,0.49063369631767273,0.22204580903053284,0.3563397526741028
841,vit_lejepa,vit_tiny_cifar,token_gradient,predicted,blocks.4,0,0,0,-0.23141084611415863,0.49150216579437256,0.13004565984010696
842,vit_lejepa,vit_tiny_cifar,token_gradient,predicted,blocks.4,7,7,7,-0.0067908912897109985,0.183473601937294,0.0883413553237915
843,vit_lejepa,vit_tiny_cifar,token_gradient,predicted,blocks.4,2,2,2,0.5246542692184448,0.07590712606906891,0.30028069764375687
844,vit_lejepa,vit_tiny_cifar,token_gradient,predicted,blocks.4,1,7,7,0.5249010920524597,0.3517700433731079,0.4383355677127838
845,vit_lejepa,vit_tiny_cifar,token_gradient,predicted,blocks.4,3,9,9,0.7231968641281128,0.23332959413528442,0.4782632291316986
846,vit_lejepa,vit_tiny_cifar,token_gradient,predicted,blocks.4,2,4,4,0.4793770909309387,0.5847901701927185,0.5320836305618286
847,vit_lejepa,vit_tiny_cifar,token_gradient,predicted,blocks.4,0,0,0,0.26287752389907837,0.10993202030658722,0.1864047721028328
848,vit_lejepa,vit_tiny_cifar,token_gradient,predicted,blocks.4,2,6,6,-0.04544435814023018,0.2270275503396988,0.0907915960997343
849,vit_lejepa,vit_tiny_cifar,token_gradient,predicted,blocks.4,4,4,4,0.27462947368621826,0.15478000044822693,0.2147047370672226
850,vit_lejepa,vit_tiny_cifar,token_gradient,predicted,blocks.4,7,3,3,0.35364288091659546,0.2752935290336609,0.3144682049751282
851,vit_lejepa,vit_tiny_cifar,token_gradient,predicted,blocks.4,9,9,9,0.5734657645225525,0.5005536675453186,0.5370097160339355
852,vit_lejepa,vit_tiny_cifar,token_gradient,predicted,blocks.4,8,0,0,0.5874903798103333,0.355374276638031,0.47143232822418213
853,vit_lejepa,vit_tiny_cifar,token_gradient,predicted,blocks.4,9,1,1,0.3975500762462616,0.5527434945106506,0.4751467853784561
854,vit_lejepa,vit_tiny_cifar,token_gradient,predicted,blocks.4,0,0,0,0.11016234755516052,0.18623392283916473,0.14819813519716263
855,vit_lejepa,vit_tiny_cifar,token_gradient,predicted,blocks.4,7,9,9,0.5356550216674805,0.3553011417388916,0.44547808170318604
856,vit_lejepa,vit_tiny_cifar,token_gradient,predicted,blocks.4,7,7,7,-0.3215491473674774,0.19483812153339386,-0.06335551291704178
857,vit_lejepa,vit_tiny_cifar,token_gradient,predicted,blocks.4,0,0,0,0.929111897945404,0.5336877107620239,0.731399804353714
858,vit_lejepa,vit_tiny_cifar,token_gradient,predicted,blocks.4,7,2,2,0.26126423478126526,0.1660570353269577,0.21366063505411148
859,vit_lejepa,vit_tiny_cifar,token_gradient,predicted,blocks.4,8,8,8,0.3292590379714966,0.38405439257621765,0.3566567152738571
860,vit_lejepa,vit_tiny_cifar,token_gradient,predicted,blocks.4,4,4,4,0.3162236511707306,0.34901145100593567,0.33261755108833313
861,vit_lejepa,vit_tiny_cifar,token_gradient,predicted,blocks.4,6,4,4,0.4199230372905731,0.3772924244403839,0.3986077308654785
862,vit_lejepa,vit_tiny_cifar,token_gradient,predicted,blocks.4,3,3,3,-0.2444867640733719,0.43427345156669617,0.09489334374666214
863,vit_lejepa,vit_tiny_cifar,token_gradient,predicted,blocks.4,3,5,5,0.6216521859169006,0.16114741563796997,0.3913998007774353
864,vit_lejepa,vit_tiny_cifar,token_gradient,predicted,blocks.4,0,0,0,0.46894702315330505,0.08585498481988907,0.27740100398659706
865,vit_lejepa,vit_tiny_cifar,token_gradient,predicted,blocks.4,1,7,7,0.2515574097633362,0.19404970109462738,0.22280355542898178
866,vit_lejepa,vit_tiny_cifar,token_gradient,predicted,blocks.4,3,5,5,0.6164143085479736,0.44600310921669006,0.5312087088823318
867,vit_lejepa,vit_tiny_cifar,token_gradient,predicted,blocks.4,7,3,3,0.4838407039642334,0.16489680111408234,0.32436875253915787
868,vit_lejepa,vit_tiny_cifar,token_gradient,predicted,blocks.4,0,8,8,-0.3710342049598694,0.09368623793125153,-0.13867398351430893
869,vit_lejepa,vit_tiny_cifar,token_gradient,predicted,blocks.4,1,1,1,-0.20486462116241455,0.05332202836871147,-0.07577129639685154
870,vit_lejepa,vit_tiny_cifar,token_gradient,predicted,blocks.4,3,3,3,0.16242939233779907,0.19641028344631195,0.1794198378920555
871,vit_lejepa,vit_tiny_cifar,token_gradient,predicted,blocks.4,1,1,1,-0.07247982174158096,0.29116663336753845,0.10934340581297874
872,vit_lejepa,vit_tiny_cifar,token_gradient,predicted,blocks.4,4,6,6,0.1430913358926773,0.3294326961040497,0.2362620159983635
873,vit_lejepa,vit_tiny_cifar,token_gradient,predicted,blocks.4,2,0,0,0.6316665410995483,0.18275408446788788,0.4072103127837181
874,vit_lejepa,vit_tiny_cifar,token_gradient,predicted,blocks.4,3,3,3,0.7180805206298828,0.3440649211406708,0.5310727208852768
875,vit_lejepa,vit_tiny_cifar,token_gradient,predicted,blocks.4,8,8,8,-0.006393884774297476,0.09818487614393234,0.04589549568481743
876,vit_lejepa,vit_tiny_cifar,token_gradient,predicted,blocks.4,4,4,4,0.3023849129676819,0.27651673555374146,0.28945082426071167
877,vit_lejepa,vit_tiny_cifar,token_gradient,predicted,blocks.4,2,2,2,0.5814027786254883,0.10825568437576294,0.3448292315006256
878,vit_lejepa,vit_tiny_cifar,token_gradient,predicted,blocks.4,3,4,4,-0.25741690397262573,0.23857375979423523,-0.009421572089195251
879,vit_lejepa,vit_tiny_cifar,token_gradient,predicted,blocks.4,7,7,7,0.09777619689702988,0.14175523817539215,0.11976571753621101
880,vit_lejepa,vit_tiny_cifar,token_gradient,predicted,blocks.4,8,8,8,0.34482231736183167,0.46970582008361816,0.4072640687227249
881,vit_lejepa,vit_tiny_cifar,token_gradient,predicted,blocks.4,4,0,0,0.2557152509689331,0.3292792737483978,0.29249726235866547
882,vit_lejepa,vit_tiny_cifar,token_gradient,predicted,blocks.4,3,0,0,0.5675198435783386,0.1252908855676651,0.34640536457300186
883,vit_lejepa,vit_tiny_cifar,token_gradient,predicted,blocks.4,0,0,0,0.6878517270088196,0.2508145272731781,0.46933312714099884
884,vit_lejepa,vit_tiny_cifar,token_gradient,predicted,blocks.4,9,8,8,0.2092253565788269,0.3177242577075958,0.26347480714321136
885,vit_lejepa,vit_tiny_cifar,token_gradient,predicted,blocks.4,0,0,0,0.6751444339752197,0.12514139711856842,0.4001429155468941
886,vit_lejepa,vit_tiny_cifar,token_gradient,predicted,blocks.4,0,9,9,0.3965238332748413,0.12587283551692963,0.26119833439588547
887,vit_lejepa,vit_tiny_cifar,token_gradient,predicted,blocks.4,1,1,1,-0.23291803896427155,0.3876616656780243,0.07737181335687637
888,vit_lejepa,vit_tiny_cifar,token_gradient,predicted,blocks.4,0,0,0,0.725231409072876,0.3122956454753876,0.5187635272741318
889,vit_lejepa,vit_tiny_cifar,token_gradient,predicted,blocks.4,4,6,6,0.42313018441200256,0.12721571326255798,0.2751729488372803
890,vit_lejepa,vit_tiny_cifar,token_gradient,predicted,blocks.4,4,1,1,0.6859912276268005,0.17179296910762787,0.4288920983672142
891,vit_lejepa,vit_tiny_cifar,token_gradient,predicted,blocks.4,6,6,6,-0.10823625326156616,0.39565402269363403,0.14370888471603394
892,vit_lejepa,vit_tiny_cifar,token_gradient,predicted,blocks.4,7,2,2,0.4743634760379791,0.21019171178340912,0.3422775939106941
893,vit_lejepa,vit_tiny_cifar,token_gradient,predicted,blocks.4,6,6,6,0.42653581500053406,0.22117361426353455,0.3238547146320343
894,vit_lejepa,vit_tiny_cifar,token_gradient,predicted,blocks.4,1,9,9,-0.4195323586463928,0.18699151277542114,-0.11627042293548584
895,vit_lejepa,vit_tiny_cifar,token_gradient,predicted,blocks.4,1,9,9,-0.4130878150463104,0.3080543279647827,-0.052516743540763855
896,vit_lejepa,vit_tiny_cifar,token_gradient,predicted,blocks.4,3,9,9,0.41152551770210266,0.16634272038936615,0.2889341190457344
897,vit_lejepa,vit_tiny_cifar,token_gradient,predicted,blocks.4,7,8,8,0.32529136538505554,0.14655931293964386,0.2359253391623497
898,vit_lejepa,vit_tiny_cifar,token_gradient,predicted,blocks.4,3,7,7,0.7855587005615234,0.2653314173221588,0.5254450589418411
899,vit_lejepa,vit_tiny_cifar,token_gradient,predicted,blocks.4,5,7,7,-0.03210108354687691,0.12563477456569672,0.046766845509409904
900,vit_lejepa,vit_tiny_cifar,token_gradient,predicted,blocks.4,2,2,2,-0.17881722748279572,0.3581636846065521,0.0896732285618782
901,vit_lejepa,vit_tiny_cifar,token_gradient,predicted,blocks.4,6,2,2,0.07746697217226028,0.259958952665329,0.16871296241879463
902,vit_lejepa,vit_tiny_cifar,token_gradient,predicted,blocks.4,6,6,6,0.4590935707092285,0.31807488203048706,0.3885842263698578
903,vit_lejepa,vit_tiny_cifar,token_gradient,predicted,blocks.4,5,3,3,0.33358174562454224,0.1744198054075241,0.2540007755160332
904,vit_lejepa,vit_tiny_cifar,token_gradient,predicted,blocks.4,8,8,8,0.728214681148529,0.20625080168247223,0.46723274141550064
905,vit_lejepa,vit_tiny_cifar,token_gradient,predicted,blocks.4,7,8,8,0.8621066808700562,0.5337043404579163,0.6979055106639862
906,vit_lejepa,vit_tiny_cifar,token_gradient,predicted,blocks.4,1,1,1,0.6143438816070557,0.4324728846549988,0.5234083831310272
907,vit_lejepa,vit_tiny_cifar,token_gradient,predicted,blocks.4,6,6,6,-0.13088923692703247,0.36629465222358704,0.11770270764827728
908,vit_lejepa,vit_tiny_cifar,token_gradient,predicted,blocks.4,8,8,8,-0.4484352171421051,0.36830464005470276,-0.04006528854370117
909,vit_lejepa,vit_tiny_cifar,token_gradient,predicted,blocks.4,8,8,8,-0.36131417751312256,0.4382283687591553,0.03845709562301636
910,vit_lejepa,vit_tiny_cifar,token_gradient,predicted,blocks.4,5,6,6,0.32086995244026184,0.22836224734783173,0.2746160998940468
911,vit_lejepa,vit_tiny_cifar,token_gradient,predicted,blocks.4,3,5,5,-0.24131137132644653,0.18703597784042358,-0.027137696743011475
912,vit_lejepa,vit_tiny_cifar,token_gradient,predicted,blocks.4,0,0,0,0.571804940700531,0.255250483751297,0.413527712225914
913,vit_lejepa,vit_tiny_cifar,token_gradient,predicted,blocks.4,4,4,4,-0.1283039003610611,0.1575334370136261,0.014614768326282501
914,vit_lejepa,vit_tiny_cifar,token_gradient,predicted,blocks.4,0,6,6,0.05766656994819641,0.4404052197933197,0.24903589487075806
915,vit_lejepa,vit_tiny_cifar,token_gradient,predicted,blocks.4,1,7,7,0.48974019289016724,0.20686499774456024,0.34830259531736374
916,vit_lejepa,vit_tiny_cifar,token_gradient,predicted,blocks.4,3,7,7,-0.1287340223789215,0.28856176137924194,0.07991386950016022
917,vit_lejepa,vit_tiny_cifar,token_gradient,predicted,blocks.4,8,8,8,0.7665486335754395,0.2474503070116043,0.5069994702935219
918,vit_lejepa,vit_tiny_cifar,token_gradient,predicted,blocks.4,8,0,0,0.44713953137397766,0.1508689671754837,0.2990042492747307
919,vit_lejepa,vit_tiny_cifar,token_gradient,predicted,blocks.4,0,2,2,0.6384219527244568,0.3027620017528534,0.4705919772386551
920,vit_lejepa,vit_tiny_cifar,token_gradient,predicted,blocks.4,6,4,4,0.33610570430755615,0.11124727129936218,0.22367648780345917
921,vit_lejepa,vit_tiny_cifar,token_gradient,predicted,blocks.4,9,9,9,-0.215736985206604,0.16258816421031952,-0.026574410498142242
922,vit_lejepa,vit_tiny_cifar,token_gradient,predicted,blocks.4,9,1,1,0.50718092918396,0.32408004999160767,0.4156304895877838
923,vit_lejepa,vit_tiny_cifar,token_gradient,predicted,blocks.4,9,3,3,0.3780008852481842,0.1130404844880104,0.2455206848680973
924,vit_lejepa,vit_tiny_cifar,token_gradient,predicted,blocks.4,5,1,1,-0.3336274027824402,0.09589707106351852,-0.11886516585946083
925,vit_lejepa,vit_tiny_cifar,token_gradient,predicted,blocks.4,5,5,5,-0.4122246205806732,0.30797266960144043,-0.052125975489616394
926,vit_lejepa,vit_tiny_cifar,token_gradient,predicted,blocks.4,8,5,5,0.49893397092819214,0.20670796930789948,0.3528209701180458
927,vit_lejepa,vit_tiny_cifar,token_gradient,predicted,blocks.4,6,3,3,0.8385663628578186,0.24765074253082275,0.5431085526943207
928,vit_lejepa,vit_tiny_cifar,token_gradient,predicted,blocks.4,0,0,0,0.7506123781204224,0.2032380849123001,0.47692523151636124
929,vit_lejepa,vit_tiny_cifar,token_gradient,predicted,blocks.4,0,8,8,0.20129179954528809,0.09385523200035095,0.14757351577281952
930,vit_lejepa,vit_tiny_cifar,token_gradient,predicted,blocks.4,4,4,4,-0.03934168070554733,0.3596024215221405,0.16013037040829659
931,vit_lejepa,vit_tiny_cifar,token_gradient,predicted,blocks.4,2,6,6,0.6461924910545349,0.29635682702064514,0.47127465903759
932,vit_lejepa,vit_tiny_cifar,token_gradient,predicted,blocks.4,3,9,9,0.29244258999824524,0.10396227240562439,0.19820243120193481
933,vit_lejepa,vit_tiny_cifar,token_gradient,predicted,blocks.4,2,7,7,0.6647703647613525,0.33590176701545715,0.5003360658884048
934,vit_lejepa,vit_tiny_cifar,token_gradient,predicted,blocks.4,7,7,7,0.31852424144744873,0.2613712549209595,0.2899477481842041
935,vit_lejepa,vit_tiny_cifar,token_gradient,predicted,blocks.4,2,0,0,0.4048060476779938,0.09640075266361237,0.25060340017080307
936,vit_lejepa,vit_tiny_cifar,token_gradient,predicted,blocks.4,2,2,2,0.5840973854064941,0.20363423228263855,0.39386580884456635
937,vit_lejepa,vit_tiny_cifar,token_gradient,predicted,blocks.4,5,2,2,0.1484578400850296,0.15849627554416656,0.15347705781459808
938,vit_lejepa,vit_tiny_cifar,token_gradient,predicted,blocks.4,9,1,1,0.36365771293640137,0.43766385316848755,0.40066078305244446
939,vit_lejepa,vit_tiny_cifar,token_gradient,predicted,blocks.4,8,0,0,0.5468034148216248,0.32284265756607056,0.43482303619384766
940,vit_lejepa,vit_tiny_cifar,token_gradient,predicted,blocks.4,9,1,1,-0.09921342879533768,0.1454072743654251,0.023096922785043716
941,vit_lejepa,vit_tiny_cifar,token_gradient,predicted,blocks.4,1,9,9,0.3463948667049408,0.13619039952754974,0.24129263311624527
942,vit_lejepa,vit_tiny_cifar,token_gradient,predicted,blocks.4,7,0,0,0.37916064262390137,0.335531085729599,0.3573458641767502
943,vit_lejepa,vit_tiny_cifar,token_gradient,predicted,blocks.4,4,6,6,0.3562301993370056,0.38053375482559204,0.36838197708129883
944,vit_lejepa,vit_tiny_cifar,token_gradient,predicted,blocks.4,0,0,0,-0.01119890809059143,0.4104238748550415,0.19961248338222504
945,vit_lejepa,vit_tiny_cifar,token_gradient,predicted,blocks.4,3,8,8,0.29317083954811096,0.1393927037715912,0.21628177165985107
946,vit_lejepa,vit_tiny_cifar,token_gradient,predicted,blocks.4,0,0,0,0.7045783400535583,0.20713110268115997,0.45585472136735916
947,vit_lejepa,vit_tiny_cifar,token_gradient,predicted,blocks.4,1,1,1,0.6493209004402161,0.19509479403495789,0.422207847237587
948,vit_lejepa,vit_tiny_cifar,token_gradient,predicted,blocks.4,3,8,8,-0.19873644411563873,0.1259550154209137,-0.03639071434736252
949,vit_lejepa,vit_tiny_cifar,token_gradient,predicted,blocks.4,8,1,1,-0.43582800030708313,0.25393640995025635,-0.09094579517841339
950,vit_lejepa,vit_tiny_cifar,token_gradient,predicted,blocks.4,3,2,2,0.43825966119766235,0.21148870885372162,0.324874185025692
951,vit_lejepa,vit_tiny_cifar,token_gradient,predicted,blocks.4,9,0,0,0.37774109840393066,0.27571457624435425,0.32672783732414246
952,vit_lejepa,vit_tiny_cifar,token_gradient,predicted,blocks.4,6,6,6,-0.04291131719946861,0.30581212043762207,0.13145040161907673
953,vit_lejepa,vit_tiny_cifar,token_gradient,predicted,blocks.4,1,0,0,0.27207547426223755,0.16239000856876373,0.21723274141550064
954,vit_lejepa,vit_tiny_cifar,token_gradient,predicted,blocks.4,4,4,4,-0.3227759003639221,0.34265539050102234,0.00993974506855011
955,vit_lejepa,vit_tiny_cifar,token_gradient,predicted,blocks.4,7,7,7,0.42198196053504944,0.1359742283821106,0.27897809445858
956,vit_lejepa,vit_tiny_cifar,token_gradient,predicted,blocks.4,0,8,8,0.7093170881271362,0.20497915148735046,0.45714811980724335
957,vit_lejepa,vit_tiny_cifar,token_gradient,predicted,blocks.4,3,3,3,0.7595478296279907,0.2847445607185364,0.5221461951732635
958,vit_lejepa,vit_tiny_cifar,token_gradient,predicted,blocks.4,7,3,3,0.1541408747434616,0.1480739414691925,0.15110740810632706
959,vit_lejepa,vit_tiny_cifar,token_gradient,predicted,blocks.4,8,8,8,0.017156118527054787,0.1912623792886734,0.1042092489078641
960,vit_lejepa,vit_tiny_cifar,token_gradient,predicted,blocks.4,9,1,1,0.027475949376821518,0.17610028386116028,0.1017881166189909
961,vit_lejepa,vit_tiny_cifar,token_gradient,predicted,blocks.4,1,0,0,0.33889445662498474,0.31423261761665344,0.3265635371208191
962,vit_lejepa,vit_tiny_cifar,token_gradient,predicted,blocks.4,1,9,9,0.5500736832618713,0.13748404383659363,0.3437788635492325
963,vit_lejepa,vit_tiny_cifar,token_gradient,predicted,blocks.4,6,4,4,0.15515750646591187,0.18904249370098114,0.1721000000834465
964,vit_lejepa,vit_tiny_cifar,token_gradient,predicted,blocks.4,6,3,3,0.04605979099869728,0.35105812549591064,0.19855895824730396
965,vit_lejepa,vit_tiny_cifar,token_gradient,predicted,blocks.4,6,6,6,0.7329524755477905,0.22204983234405518,0.47750115394592285
966,vit_lejepa,vit_tiny_cifar,token_gradient,predicted,blocks.4,6,9,9,0.5045444965362549,0.22684785723686218,0.36569617688655853
967,vit_lejepa,vit_tiny_cifar,token_gradient,predicted,blocks.4,9,9,9,0.05785293132066727,0.1897602528333664,0.12380659207701683
968,vit_lejepa,vit_tiny_cifar,token_gradient,predicted,blocks.4,1,1,1,-0.1464579999446869,0.3744153082370758,0.11397865414619446
969,vit_lejepa,vit_tiny_cifar,token_gradient,predicted,blocks.4,9,0,0,0.057012077420949936,0.24628372490406036,0.15164790116250515
970,vit_lejepa,vit_tiny_cifar,token_gradient,predicted,blocks.4,9,9,9,-0.22684907913208008,0.32083365321159363,0.046992287039756775
971,vit_lejepa,vit_tiny_cifar,token_gradient,predicted,blocks.4,4,6,6,0.6148771643638611,0.2869062125682831,0.4508916884660721
972,vit_lejepa,vit_tiny_cifar,token_gradient,predicted,blocks.4,2,7,7,-0.13165199756622314,0.16882723569869995,0.018587619066238403
973,vit_lejepa,vit_tiny_cifar,token_gradient,predicted,blocks.4,1,1,1,-0.3389759957790375,0.24887482821941376,-0.04505058377981186
974,vit_lejepa,vit_tiny_cifar,token_gradient,predicted,blocks.4,7,0,0,0.7480468153953552,0.2661629021167755,0.5071048587560654
975,vit_lejepa,vit_tiny_cifar,token_gradient,predicted,blocks.4,0,0,0,0.4404098689556122,0.30536630749702454,0.37288808822631836
976,vit_lejepa,vit_tiny_cifar,token_gradient,predicted,blocks.4,6,6,6,0.4754111170768738,0.2714582085609436,0.3734346628189087
977,vit_lejepa,vit_tiny_cifar,token_gradient,predicted,blocks.4,8,8,8,0.7910075783729553,0.28081023693084717,0.5359089076519012
978,vit_lejepa,vit_tiny_cifar,token_gradient,predicted,blocks.4,1,9,9,0.10876099020242691,0.3493502736091614,0.22905563190579414
979,vit_lejepa,vit_tiny_cifar,token_gradient,predicted,blocks.4,9,2,2,0.33038923144340515,0.3615175187587738,0.3459533751010895
980,vit_lejepa,vit_tiny_cifar,token_gradient,predicted,blocks.4,2,6,6,0.3795519769191742,0.44574618339538574,0.41264908015727997
981,vit_lejepa,vit_tiny_cifar,token_gradient,predicted,blocks.4,9,8,8,0.6698338985443115,0.1687113642692566,0.41927263140678406
982,vit_lejepa,vit_tiny_cifar,token_gradient,predicted,blocks.4,0,5,5,0.7519365549087524,0.2952408194541931,0.5235886871814728
983,vit_lejepa,vit_tiny_cifar,token_gradient,predicted,blocks.4,4,1,1,0.01005878858268261,0.3507503867149353,0.18040458764880896
984,vit_lejepa,vit_tiny_cifar,token_gradient,predicted,blocks.4,7,3,3,0.1707269698381424,0.22691002488136292,0.19881849735975266
985,vit_lejepa,vit_tiny_cifar,token_gradient,predicted,blocks.4,8,8,8,0.38159528374671936,0.25142523646354675,0.31651026010513306
986,vit_lejepa,vit_tiny_cifar,token_gradient,predicted,blocks.4,3,3,3,0.4599693715572357,0.1744229644536972,0.31719616800546646
987,vit_lejepa,vit_tiny_cifar,token_gradient,predicted,blocks.4,1,8,8,0.5118588805198669,0.3042207360267639,0.40803980827331543
988,vit_lejepa,vit_tiny_cifar,token_gradient,predicted,blocks.4,2,1,1,0.15758809447288513,0.05752943083643913,0.10755876265466213
989,vit_lejepa,vit_tiny_cifar,token_gradient,predicted,blocks.4,0,0,0,0.717271089553833,0.141063392162323,0.429167240858078
990,vit_lejepa,vit_tiny_cifar,token_gradient,predicted,blocks.4,1,3,3,0.07775189727544785,0.4477638006210327,0.2627578489482403
991,vit_lejepa,vit_tiny_cifar,token_gradient,predicted,blocks.4,5,6,6,0.23592567443847656,0.4268867075443268,0.3314061909914017
992,vit_lejepa,vit_tiny_cifar,token_gradient,predicted,blocks.4,8,8,8,0.15050388872623444,0.17715930938720703,0.16383159905672073
993,vit_lejepa,vit_tiny_cifar,token_gradient,predicted,blocks.4,4,7,7,0.40795448422431946,0.16111211478710175,0.2845332995057106
994,vit_lejepa,vit_tiny_cifar,token_gradient,predicted,blocks.4,6,6,6,-0.24980267882347107,0.24925494194030762,-0.0002738684415817261
995,vit_lejepa,vit_tiny_cifar,token_gradient,predicted,blocks.4,3,3,3,0.5555568933486938,0.41357186436653137,0.4845643788576126
996,vit_lejepa,vit_tiny_cifar,token_gradient,predicted,blocks.4,8,0,0,0.2386043816804886,0.15292619168758392,0.19576528668403625
997,vit_lejepa,vit_tiny_cifar,token_gradient,predicted,blocks.4,1,1,1,0.1991875171661377,0.41798534989356995,0.3085864335298538
998,vit_lejepa,vit_tiny_cifar,token_gradient,predicted,blocks.4,3,7,7,-0.007092214189469814,0.1238049790263176,0.05835638241842389
999,vit_lejepa,vit_tiny_cifar,token_gradient,predicted,blocks.4,8,8,8,0.11427295207977295,0.12235535681247711,0.11831415444612503
