sample_idx,mode,architecture,xai_method,gradcam_target,layer,true_label,pred_label,target_label,corr_pca_xai,soft_iou_pca_xai,lsas
0,vit_lejepa,vit_tiny_cifar,attention_rollout,predicted,blocks.1,3,7,7,0.004565672017633915,0.24186822772026062,0.12321694986894727
1,vit_lejepa,vit_tiny_cifar,attention_rollout,predicted,blocks.1,8,8,8,-0.33199405670166016,0.3102210760116577,-0.01088649034500122
2,vit_lejepa,vit_tiny_cifar,attention_rollout,predicted,blocks.1,8,8,8,-0.4498676657676697,0.40374988317489624,-0.02305889129638672
3,vit_lejepa,vit_tiny_cifar,attention_rollout,predicted,blocks.1,0,8,8,-0.14806608855724335,0.40455520153045654,0.1282445564866066
4,vit_lejepa,vit_tiny_cifar,attention_rollout,predicted,blocks.1,6,7,7,-0.24607203900814056,0.20915749669075012,-0.01845727115869522
5,vit_lejepa,vit_tiny_cifar,attention_rollout,predicted,blocks.1,6,6,6,-0.11748997867107391,0.22530671954154968,0.053908370435237885
6,vit_lejepa,vit_tiny_cifar,attention_rollout,predicted,blocks.1,1,9,9,-0.12319955229759216,0.2925666272640228,0.08468353748321533
7,vit_lejepa,vit_tiny_cifar,attention_rollout,predicted,blocks.1,6,7,7,0.5097789168357849,0.23973765969276428,0.3747582882642746
8,vit_lejepa,vit_tiny_cifar,attention_rollout,predicted,blocks.1,3,8,8,-0.06553445756435394,0.27350926399230957,0.10398740321397781
9,vit_lejepa,vit_tiny_cifar,attention_rollout,predicted,blocks.1,1,9,9,-0.31358566880226135,0.27674415707588196,-0.018420755863189697
10,vit_lejepa,vit_tiny_cifar,attention_rollout,predicted,blocks.1,0,9,9,-0.18329843878746033,0.29227063059806824,0.054486095905303955
11,vit_lejepa,vit_tiny_cifar,attention_rollout,predicted,blocks.1,9,9,9,-0.21333380043506622,0.4028942584991455,0.09478022903203964
12,vit_lejepa,vit_tiny_cifar,attention_rollout,predicted,blocks.1,5,9,9,0.011776997707784176,0.33615171909332275,0.17396435840055346
13,vit_lejepa,vit_tiny_cifar,attention_rollout,predicted,blocks.1,7,1,1,-0.23138882219791412,0.41523289680480957,0.09192203730344772
14,vit_lejepa,vit_tiny_cifar,attention_rollout,predicted,blocks.1,9,1,1,0.1174386516213417,0.23018795251846313,0.17381330206990242
15,vit_lejepa,vit_tiny_cifar,attention_rollout,predicted,blocks.1,8,5,5,-0.1442854255437851,0.21954064071178436,0.037627607583999634
16,vit_lejepa,vit_tiny_cifar,attention_rollout,predicted,blocks.1,5,9,9,-0.26033344864845276,0.44686126708984375,0.0932639092206955
17,vit_lejepa,vit_tiny_cifar,attention_rollout,predicted,blocks.1,7,8,8,-0.41088545322418213,0.3608115613460541,-0.025036945939064026
18,vit_lejepa,vit_tiny_cifar,attention_rollout,predicted,blocks.1,8,8,8,-0.37434667348861694,0.4003153145313263,0.012984320521354675
19,vit_lejepa,vit_tiny_cifar,attention_rollout,predicted,blocks.1,6,3,3,-0.32574981451034546,0.3829328119754791,0.028591498732566833
20,vit_lejepa,vit_tiny_cifar,attention_rollout,predicted,blocks.1,7,9,9,-0.2835323214530945,0.34768956899642944,0.03207862377166748
21,vit_lejepa,vit_tiny_cifar,attention_rollout,predicted,blocks.1,0,0,0,0.12337859719991684,0.3844100534915924,0.2538943253457546
22,vit_lejepa,vit_tiny_cifar,attention_rollout,predicted,blocks.1,4,4,4,0.5943880677223206,0.31358009576797485,0.4539840817451477
23,vit_lejepa,vit_tiny_cifar,attention_rollout,predicted,blocks.1,9,1,1,-0.17035511136054993,0.29981154203414917,0.06472821533679962
24,vit_lejepa,vit_tiny_cifar,attention_rollout,predicted,blocks.1,5,5,5,-0.022772355005145073,0.3340655565261841,0.1556466007605195
25,vit_lejepa,vit_tiny_cifar,attention_rollout,predicted,blocks.1,2,7,7,-0.1787130981683731,0.4506548047065735,0.1359708532691002
26,vit_lejepa,vit_tiny_cifar,attention_rollout,predicted,blocks.1,4,7,7,0.12211387604475021,0.2565445899963379,0.18932923302054405
27,vit_lejepa,vit_tiny_cifar,attention_rollout,predicted,blocks.1,0,7,7,-0.19173772633075714,0.3109593391418457,0.05961080640554428
28,vit_lejepa,vit_tiny_cifar,attention_rollout,predicted,blocks.1,9,9,9,-0.24473077058792114,0.40554511547088623,0.08040717244148254
29,vit_lejepa,vit_tiny_cifar,attention_rollout,predicted,blocks.1,6,6,6,0.14985957741737366,0.14201395213603973,0.1459367647767067
30,vit_lejepa,vit_tiny_cifar,attention_rollout,predicted,blocks.1,6,6,6,0.44470131397247314,0.14270782470703125,0.2937045693397522
31,vit_lejepa,vit_tiny_cifar,attention_rollout,predicted,blocks.1,5,4,4,-0.2320641726255417,0.3366609215736389,0.052298374474048615
32,vit_lejepa,vit_tiny_cifar,attention_rollout,predicted,blocks.1,4,4,4,-0.6086612343788147,0.09858053177595139,-0.25504035130143166
33,vit_lejepa,vit_tiny_cifar,attention_rollout,predicted,blocks.1,5,9,9,-0.009866048581898212,0.5001060962677002,0.245120023842901
34,vit_lejepa,vit_tiny_cifar,attention_rollout,predicted,blocks.1,9,9,9,-0.09555595368146896,0.4928120970726013,0.19862807169556618
35,vit_lejepa,vit_tiny_cifar,attention_rollout,predicted,blocks.1,2,9,9,-0.07466617971658707,0.43181583285331726,0.1785748265683651
36,vit_lejepa,vit_tiny_cifar,attention_rollout,predicted,blocks.1,4,4,4,-0.3720550239086151,0.3731856346130371,0.0005653053522109985
37,vit_lejepa,vit_tiny_cifar,attention_rollout,predicted,blocks.1,1,5,5,0.044944699853658676,0.3418905735015869,0.1934176366776228
38,vit_lejepa,vit_tiny_cifar,attention_rollout,predicted,blocks.1,9,7,7,-0.32217055559158325,0.2969356179237366,-0.01261746883392334
39,vit_lejepa,vit_tiny_cifar,attention_rollout,predicted,blocks.1,5,9,9,-0.1569233536720276,0.34057432413101196,0.09182548522949219
40,vit_lejepa,vit_tiny_cifar,attention_rollout,predicted,blocks.1,4,9,9,-0.34210869669914246,0.2742599546909332,-0.033924371004104614
41,vit_lejepa,vit_tiny_cifar,attention_rollout,predicted,blocks.1,6,6,6,0.19419170916080475,0.12601031363010406,0.1601010113954544
42,vit_lejepa,vit_tiny_cifar,attention_rollout,predicted,blocks.1,5,3,3,-0.4167059063911438,0.30010437965393066,-0.05830076336860657
43,vit_lejepa,vit_tiny_cifar,attention_rollout,predicted,blocks.1,6,6,6,0.3910878002643585,0.27255409955978394,0.33182094991207123
44,vit_lejepa,vit_tiny_cifar,attention_rollout,predicted,blocks.1,0,0,0,-0.16744807362556458,0.28861430287361145,0.06058311462402344
45,vit_lejepa,vit_tiny_cifar,attention_rollout,predicted,blocks.1,9,3,3,-0.23594620823860168,0.45246461033821106,0.10825920104980469
46,vit_lejepa,vit_tiny_cifar,attention_rollout,predicted,blocks.1,3,4,4,-0.03950542211532593,0.41797253489494324,0.18923355638980865
47,vit_lejepa,vit_tiny_cifar,attention_rollout,predicted,blocks.1,9,4,4,0.15408673882484436,0.2829529941082001,0.21851986646652222
48,vit_lejepa,vit_tiny_cifar,attention_rollout,predicted,blocks.1,7,4,4,-0.1422799676656723,0.25895369052886963,0.05833686143159866
49,vit_lejepa,vit_tiny_cifar,attention_rollout,predicted,blocks.1,6,6,6,0.39082878828048706,0.12078146636486053,0.2558051273226738
50,vit_lejepa,vit_tiny_cifar,attention_rollout,predicted,blocks.1,9,8,8,-0.1651766002178192,0.45000791549682617,0.14241565763950348
51,vit_lejepa,vit_tiny_cifar,attention_rollout,predicted,blocks.1,8,3,3,0.08195634186267853,0.14735519886016846,0.11465577036142349
52,vit_lejepa,vit_tiny_cifar,attention_rollout,predicted,blocks.1,0,5,5,0.37494292855262756,0.4599774479866028,0.4174601882696152
53,vit_lejepa,vit_tiny_cifar,attention_rollout,predicted,blocks.1,3,9,9,-0.05073839798569679,0.23114392161369324,0.09020276181399822
54,vit_lejepa,vit_tiny_cifar,attention_rollout,predicted,blocks.1,8,5,5,-0.21531890332698822,0.39809978008270264,0.09139043837785721
55,vit_lejepa,vit_tiny_cifar,attention_rollout,predicted,blocks.1,8,4,4,-0.24413156509399414,0.26086118817329407,0.008364811539649963
56,vit_lejepa,vit_tiny_cifar,attention_rollout,predicted,blocks.1,7,5,5,-0.08654745668172836,0.4333862364292145,0.17341938987374306
57,vit_lejepa,vit_tiny_cifar,attention_rollout,predicted,blocks.1,7,8,8,-0.22269393503665924,0.2808397114276886,0.02907288819551468
58,vit_lejepa,vit_tiny_cifar,attention_rollout,predicted,blocks.1,4,9,9,-0.020568972453475,0.2920871078968048,0.1357590677216649
59,vit_lejepa,vit_tiny_cifar,attention_rollout,predicted,blocks.1,6,0,0,-0.3751692771911621,0.29025086760520935,-0.04245920479297638
60,vit_lejepa,vit_tiny_cifar,attention_rollout,predicted,blocks.1,7,5,5,-0.030293745920062065,0.3175547122955322,0.14363048318773508
61,vit_lejepa,vit_tiny_cifar,attention_rollout,predicted,blocks.1,3,3,3,-0.2279350310564041,0.3807702660560608,0.07641761749982834
62,vit_lejepa,vit_tiny_cifar,attention_rollout,predicted,blocks.1,6,8,8,-0.17842093110084534,0.26110559701919556,0.04134233295917511
63,vit_lejepa,vit_tiny_cifar,attention_rollout,predicted,blocks.1,3,9,9,-0.1297963559627533,0.4871136248111725,0.1786586344242096
64,vit_lejepa,vit_tiny_cifar,attention_rollout,predicted,blocks.1,6,4,4,-0.08183964341878891,0.19420799612998962,0.05618417635560036
65,vit_lejepa,vit_tiny_cifar,attention_rollout,predicted,blocks.1,2,1,1,0.1569768488407135,0.2742137014865875,0.2155952751636505
66,vit_lejepa,vit_tiny_cifar,attention_rollout,predicted,blocks.1,1,8,8,0.009625927545130253,0.44212353229522705,0.22587472992017865
67,vit_lejepa,vit_tiny_cifar,attention_rollout,predicted,blocks.1,2,0,0,0.24899230897426605,0.35176098346710205,0.30037664622068405
68,vit_lejepa,vit_tiny_cifar,attention_rollout,predicted,blocks.1,3,1,1,-0.17842692136764526,0.2222166806459427,0.021894879639148712
69,vit_lejepa,vit_tiny_cifar,attention_rollout,predicted,blocks.1,7,3,3,-0.17063985764980316,0.429497092962265,0.12942861765623093
70,vit_lejepa,vit_tiny_cifar,attention_rollout,predicted,blocks.1,2,8,8,0.39601659774780273,0.44904956221580505,0.4225330799818039
71,vit_lejepa,vit_tiny_cifar,attention_rollout,predicted,blocks.1,6,4,4,-0.07380470633506775,0.1471870094537735,0.036691151559352875
72,vit_lejepa,vit_tiny_cifar,attention_rollout,predicted,blocks.1,8,3,3,0.26818060874938965,0.35663557052612305,0.31240808963775635
73,vit_lejepa,vit_tiny_cifar,attention_rollout,predicted,blocks.1,8,8,8,-0.3160352110862732,0.27733883261680603,-0.01934818923473358
74,vit_lejepa,vit_tiny_cifar,attention_rollout,predicted,blocks.1,0,9,9,-0.3922273516654968,0.45052167773246765,0.029147163033485413
75,vit_lejepa,vit_tiny_cifar,attention_rollout,predicted,blocks.1,2,4,4,-0.19009855389595032,0.29620617628097534,0.05305381119251251
76,vit_lejepa,vit_tiny_cifar,attention_rollout,predicted,blocks.1,9,5,5,-0.25975340604782104,0.2684212625026703,0.004333928227424622
77,vit_lejepa,vit_tiny_cifar,attention_rollout,predicted,blocks.1,3,9,9,0.04709983989596367,0.3602769374847412,0.20368838869035244
78,vit_lejepa,vit_tiny_cifar,attention_rollout,predicted,blocks.1,3,9,9,-0.18587340414524078,0.30713221430778503,0.060629405081272125
79,vit_lejepa,vit_tiny_cifar,attention_rollout,predicted,blocks.1,8,8,8,0.3818950653076172,0.47053006291389465,0.4262125641107559
80,vit_lejepa,vit_tiny_cifar,attention_rollout,predicted,blocks.1,8,8,8,-0.28238412737846375,0.21439680457115173,-0.033993661403656006
81,vit_lejepa,vit_tiny_cifar,attention_rollout,predicted,blocks.1,1,3,3,-0.08910974860191345,0.21694497764110565,0.0639176145195961
82,vit_lejepa,vit_tiny_cifar,attention_rollout,predicted,blocks.1,1,8,8,-0.2817959785461426,0.23425132036209106,-0.023772329092025757
83,vit_lejepa,vit_tiny_cifar,attention_rollout,predicted,blocks.1,7,8,8,0.2353859692811966,0.2982046604156494,0.266795314848423
84,vit_lejepa,vit_tiny_cifar,attention_rollout,predicted,blocks.1,2,8,8,0.1983131617307663,0.41486331820487976,0.30658823996782303
85,vit_lejepa,vit_tiny_cifar,attention_rollout,predicted,blocks.1,5,8,8,-0.2954382002353668,0.3564637303352356,0.030512765049934387
86,vit_lejepa,vit_tiny_cifar,attention_rollout,predicted,blocks.1,2,9,9,-0.2603549063205719,0.4237951636314392,0.08172012865543365
87,vit_lejepa,vit_tiny_cifar,attention_rollout,predicted,blocks.1,7,9,9,-0.06975071132183075,0.3071031868457794,0.11867623776197433
88,vit_lejepa,vit_tiny_cifar,attention_rollout,predicted,blocks.1,8,8,8,-0.1751287281513214,0.409629762172699,0.11725051701068878
89,vit_lejepa,vit_tiny_cifar,attention_rollout,predicted,blocks.1,9,9,9,-0.228681743144989,0.4328767955303192,0.1020975261926651
90,vit_lejepa,vit_tiny_cifar,attention_rollout,predicted,blocks.1,0,1,1,-0.06718749552965164,0.37495172023773193,0.15388211235404015
91,vit_lejepa,vit_tiny_cifar,attention_rollout,predicted,blocks.1,3,6,6,0.12123753130435944,0.09409215301275253,0.10766484215855598
92,vit_lejepa,vit_tiny_cifar,attention_rollout,predicted,blocks.1,8,0,0,-0.0066459341906011105,0.3877740502357483,0.1905640580225736
93,vit_lejepa,vit_tiny_cifar,attention_rollout,predicted,blocks.1,6,9,9,-0.3538360893726349,0.35350924730300903,-0.00016342103481292725
94,vit_lejepa,vit_tiny_cifar,attention_rollout,predicted,blocks.1,4,6,6,0.025817357003688812,0.07882154732942581,0.05231945216655731
95,vit_lejepa,vit_tiny_cifar,attention_rollout,predicted,blocks.1,6,7,7,-0.20839227735996246,0.33812814950942993,0.06486793607473373
96,vit_lejepa,vit_tiny_cifar,attention_rollout,predicted,blocks.1,6,4,4,0.3557393550872803,0.16240017116069794,0.2590697631239891
97,vit_lejepa,vit_tiny_cifar,attention_rollout,predicted,blocks.1,0,8,8,0.16873234510421753,0.23217608034610748,0.2004542127251625
98,vit_lejepa,vit_tiny_cifar,attention_rollout,predicted,blocks.1,0,9,9,0.06111684814095497,0.3732251822948456,0.21717101521790028
99,vit_lejepa,vit_tiny_cifar,attention_rollout,predicted,blocks.1,7,7,7,0.01410268060863018,0.4703257977962494,0.24221423920243979
100,vit_lejepa,vit_tiny_cifar,attention_rollout,predicted,blocks.1,4,8,8,-0.16299504041671753,0.41694700717926025,0.12697598338127136
101,vit_lejepa,vit_tiny_cifar,attention_rollout,predicted,blocks.1,5,8,8,0.1190347820520401,0.346993088722229,0.23301393538713455
102,vit_lejepa,vit_tiny_cifar,attention_rollout,predicted,blocks.1,6,3,3,-0.3177078664302826,0.2607588469982147,-0.028474509716033936
103,vit_lejepa,vit_tiny_cifar,attention_rollout,predicted,blocks.1,3,7,7,-0.40549758076667786,0.34896478056907654,-0.02826640009880066
104,vit_lejepa,vit_tiny_cifar,attention_rollout,predicted,blocks.1,1,9,9,0.1736866980791092,0.2762930393218994,0.2249898687005043
105,vit_lejepa,vit_tiny_cifar,attention_rollout,predicted,blocks.1,1,8,8,0.004751181695610285,0.45457518100738525,0.22966318135149777
106,vit_lejepa,vit_tiny_cifar,attention_rollout,predicted,blocks.1,3,4,4,0.4428834021091461,0.15967202186584473,0.3012777119874954
107,vit_lejepa,vit_tiny_cifar,attention_rollout,predicted,blocks.1,6,6,6,-0.01072146836668253,0.0983985885977745,0.04383856011554599
108,vit_lejepa,vit_tiny_cifar,attention_rollout,predicted,blocks.1,8,5,5,-0.19447354972362518,0.40754756331443787,0.10653700679540634
109,vit_lejepa,vit_tiny_cifar,attention_rollout,predicted,blocks.1,7,8,8,-0.2521458566188812,0.37780123949050903,0.0628276914358139
110,vit_lejepa,vit_tiny_cifar,attention_rollout,predicted,blocks.1,4,7,7,-0.24752171337604523,0.24063822627067566,-0.003441743552684784
111,vit_lejepa,vit_tiny_cifar,attention_rollout,predicted,blocks.1,0,8,8,-0.37305948138237,0.23937712609767914,-0.06684117764234543
112,vit_lejepa,vit_tiny_cifar,attention_rollout,predicted,blocks.1,6,8,8,0.09042136371135712,0.39125993847846985,0.24084065109491348
113,vit_lejepa,vit_tiny_cifar,attention_rollout,predicted,blocks.1,2,7,7,0.12374482303857803,0.39081090688705444,0.25727786496281624
114,vit_lejepa,vit_tiny_cifar,attention_rollout,predicted,blocks.1,1,8,8,-0.269725501537323,0.40643957257270813,0.06835703551769257
115,vit_lejepa,vit_tiny_cifar,attention_rollout,predicted,blocks.1,3,8,8,-0.026606829836964607,0.461620956659317,0.2175070634111762
116,vit_lejepa,vit_tiny_cifar,attention_rollout,predicted,blocks.1,0,8,8,-0.14539945125579834,0.4079330265522003,0.131266787648201
117,vit_lejepa,vit_tiny_cifar,attention_rollout,predicted,blocks.1,4,9,9,-0.29859837889671326,0.3306790292263031,0.016040325164794922
118,vit_lejepa,vit_tiny_cifar,attention_rollout,predicted,blocks.1,2,4,4,0.7488850355148315,0.39855828881263733,0.5737216621637344
119,vit_lejepa,vit_tiny_cifar,attention_rollout,predicted,blocks.1,7,8,8,0.04408347234129906,0.3311217129230499,0.1876025926321745
120,vit_lejepa,vit_tiny_cifar,attention_rollout,predicted,blocks.1,8,8,8,-0.006338814739137888,0.44945642352104187,0.221558804390952
121,vit_lejepa,vit_tiny_cifar,attention_rollout,predicted,blocks.1,3,8,8,-0.20573291182518005,0.2560880780220032,0.02517758309841156
122,vit_lejepa,vit_tiny_cifar,attention_rollout,predicted,blocks.1,1,1,1,0.04432502016425133,0.13417395949363708,0.0892494898289442
123,vit_lejepa,vit_tiny_cifar,attention_rollout,predicted,blocks.1,2,8,8,0.0018825988518074155,0.42708858847618103,0.21448559366399422
124,vit_lejepa,vit_tiny_cifar,attention_rollout,predicted,blocks.1,8,9,9,-0.04320766404271126,0.36932849884033203,0.1630604173988104
125,vit_lejepa,vit_tiny_cifar,attention_rollout,predicted,blocks.1,0,3,3,-0.08893472701311111,0.18057644367218018,0.04582085832953453
126,vit_lejepa,vit_tiny_cifar,attention_rollout,predicted,blocks.1,8,7,7,-0.2625338137149811,0.2679518759250641,0.002709031105041504
127,vit_lejepa,vit_tiny_cifar,attention_rollout,predicted,blocks.1,3,9,9,-0.022298015654087067,0.36942240595817566,0.1735621951520443
0,vit_lejepa,vit_tiny_cifar,attention_rollout,predicted,blocks.3,3,7,7,0.28442931175231934,0.3139265179634094,0.2991779148578644
1,vit_lejepa,vit_tiny_cifar,attention_rollout,predicted,blocks.3,8,8,8,0.33530139923095703,0.49095696210861206,0.41312918066978455
2,vit_lejepa,vit_tiny_cifar,attention_rollout,predicted,blocks.3,8,8,8,0.23163078725337982,0.5651742815971375,0.39840253442525864
3,vit_lejepa,vit_tiny_cifar,attention_rollout,predicted,blocks.3,0,8,8,0.31110885739326477,0.4577678143978119,0.38443833589553833
4,vit_lejepa,vit_tiny_cifar,attention_rollout,predicted,blocks.3,6,7,7,0.014394601806998253,0.2191203534603119,0.11675747763365507
5,vit_lejepa,vit_tiny_cifar,attention_rollout,predicted,blocks.3,6,6,6,0.14403940737247467,0.34337589144706726,0.24370764940977097
6,vit_lejepa,vit_tiny_cifar,attention_rollout,predicted,blocks.3,1,9,9,0.1451311856508255,0.38113173842430115,0.2631314620375633
7,vit_lejepa,vit_tiny_cifar,attention_rollout,predicted,blocks.3,6,7,7,0.6512725949287415,0.2728322446346283,0.4620524197816849
8,vit_lejepa,vit_tiny_cifar,attention_rollout,predicted,blocks.3,3,8,8,0.28381720185279846,0.27954792976379395,0.2816825658082962
9,vit_lejepa,vit_tiny_cifar,attention_rollout,predicted,blocks.3,1,9,9,0.033543117344379425,0.44485771656036377,0.2392004169523716
10,vit_lejepa,vit_tiny_cifar,attention_rollout,predicted,blocks.3,0,9,9,0.35607799887657166,0.38421323895454407,0.37014561891555786
11,vit_lejepa,vit_tiny_cifar,attention_rollout,predicted,blocks.3,9,9,9,0.4996417462825775,0.576344907283783,0.5379933267831802
12,vit_lejepa,vit_tiny_cifar,attention_rollout,predicted,blocks.3,5,9,9,0.5057666301727295,0.3757714331150055,0.4407690316438675
13,vit_lejepa,vit_tiny_cifar,attention_rollout,predicted,blocks.3,7,1,1,0.151723712682724,0.38105693459510803,0.266390323638916
14,vit_lejepa,vit_tiny_cifar,attention_rollout,predicted,blocks.3,9,1,1,0.3085871636867523,0.2898741066455841,0.2992306351661682
15,vit_lejepa,vit_tiny_cifar,attention_rollout,predicted,blocks.3,8,5,5,0.17953306436538696,0.27014273405075073,0.22483789920806885
16,vit_lejepa,vit_tiny_cifar,attention_rollout,predicted,blocks.3,5,9,9,0.4271310865879059,0.5721064209938049,0.4996187537908554
17,vit_lejepa,vit_tiny_cifar,attention_rollout,predicted,blocks.3,7,8,8,0.03438909724354744,0.3781203329563141,0.20625471509993076
18,vit_lejepa,vit_tiny_cifar,attention_rollout,predicted,blocks.3,8,8,8,0.3167813718318939,0.4919964373111725,0.4043889045715332
19,vit_lejepa,vit_tiny_cifar,attention_rollout,predicted,blocks.3,6,3,3,0.08385419845581055,0.45033442974090576,0.26709431409835815
20,vit_lejepa,vit_tiny_cifar,attention_rollout,predicted,blocks.3,7,9,9,0.30947479605674744,0.5206902027130127,0.41508249938488007
21,vit_lejepa,vit_tiny_cifar,attention_rollout,predicted,blocks.3,0,0,0,0.38926076889038086,0.3770514130592346,0.38315609097480774
22,vit_lejepa,vit_tiny_cifar,attention_rollout,predicted,blocks.3,4,4,4,0.6683486104011536,0.27397966384887695,0.47116413712501526
23,vit_lejepa,vit_tiny_cifar,attention_rollout,predicted,blocks.3,9,1,1,0.1444600224494934,0.40939533710479736,0.2769276797771454
24,vit_lejepa,vit_tiny_cifar,attention_rollout,predicted,blocks.3,5,5,5,0.4542323052883148,0.3973952829837799,0.42581379413604736
25,vit_lejepa,vit_tiny_cifar,attention_rollout,predicted,blocks.3,2,7,7,0.3129214942455292,0.5514065623283386,0.4321640282869339
26,vit_lejepa,vit_tiny_cifar,attention_rollout,predicted,blocks.3,4,7,7,0.3465653955936432,0.308601438999176,0.3275834172964096
27,vit_lejepa,vit_tiny_cifar,attention_rollout,predicted,blocks.3,0,7,7,0.37824878096580505,0.391451358795166,0.38485006988048553
28,vit_lejepa,vit_tiny_cifar,attention_rollout,predicted,blocks.3,9,9,9,0.3569193184375763,0.4855959415435791,0.4212576299905777
29,vit_lejepa,vit_tiny_cifar,attention_rollout,predicted,blocks.3,6,6,6,0.23370325565338135,0.17345285415649414,0.20357805490493774
30,vit_lejepa,vit_tiny_cifar,attention_rollout,predicted,blocks.3,6,6,6,0.48551470041275024,0.14175137877464294,0.3136330395936966
31,vit_lejepa,vit_tiny_cifar,attention_rollout,predicted,blocks.3,5,4,4,0.38116148114204407,0.4232027530670166,0.40218211710453033
32,vit_lejepa,vit_tiny_cifar,attention_rollout,predicted,blocks.3,4,4,4,-0.44119730591773987,0.19602227210998535,-0.12258751690387726
33,vit_lejepa,vit_tiny_cifar,attention_rollout,predicted,blocks.3,5,9,9,0.5087118744850159,0.5548091530799866,0.5317605137825012
34,vit_lejepa,vit_tiny_cifar,attention_rollout,predicted,blocks.3,9,9,9,0.4063798487186432,0.5746155381202698,0.4904976934194565
35,vit_lejepa,vit_tiny_cifar,attention_rollout,predicted,blocks.3,2,9,9,0.37938106060028076,0.4713493585586548,0.4253652095794678
36,vit_lejepa,vit_tiny_cifar,attention_rollout,predicted,blocks.3,4,4,4,0.21183714270591736,0.4643726944923401,0.3381049185991287
37,vit_lejepa,vit_tiny_cifar,attention_rollout,predicted,blocks.3,1,5,5,0.4258950352668762,0.45595258474349976,0.440923810005188
38,vit_lejepa,vit_tiny_cifar,attention_rollout,predicted,blocks.3,9,7,7,0.3248176574707031,0.4636920690536499,0.3942548632621765
39,vit_lejepa,vit_tiny_cifar,attention_rollout,predicted,blocks.3,5,9,9,0.48756861686706543,0.5136305093765259,0.5005995631217957
40,vit_lejepa,vit_tiny_cifar,attention_rollout,predicted,blocks.3,4,9,9,0.04418480023741722,0.4339806139469147,0.23908270709216595
41,vit_lejepa,vit_tiny_cifar,attention_rollout,predicted,blocks.3,6,6,6,0.3299238681793213,0.1433621197938919,0.2366429939866066
42,vit_lejepa,vit_tiny_cifar,attention_rollout,predicted,blocks.3,5,3,3,0.03294869884848595,0.3713354170322418,0.20214205794036388
43,vit_lejepa,vit_tiny_cifar,attention_rollout,predicted,blocks.3,6,6,6,0.5905950665473938,0.3800297975540161,0.48531243205070496
44,vit_lejepa,vit_tiny_cifar,attention_rollout,predicted,blocks.3,0,0,0,0.12585735321044922,0.3433050811290741,0.23458121716976166
45,vit_lejepa,vit_tiny_cifar,attention_rollout,predicted,blocks.3,9,3,3,0.38362789154052734,0.3725391626358032,0.3780835270881653
46,vit_lejepa,vit_tiny_cifar,attention_rollout,predicted,blocks.3,3,4,4,0.5599172115325928,0.6039543151855469,0.5819357633590698
47,vit_lejepa,vit_tiny_cifar,attention_rollout,predicted,blocks.3,9,4,4,0.35162171721458435,0.28034478425979614,0.31598325073719025
48,vit_lejepa,vit_tiny_cifar,attention_rollout,predicted,blocks.3,7,4,4,0.09368238598108292,0.2961587905883789,0.1949205882847309
49,vit_lejepa,vit_tiny_cifar,attention_rollout,predicted,blocks.3,6,6,6,0.4281764626502991,0.17896245419979095,0.303569458425045
50,vit_lejepa,vit_tiny_cifar,attention_rollout,predicted,blocks.3,9,8,8,0.4486905336380005,0.5701378583908081,0.5094141960144043
51,vit_lejepa,vit_tiny_cifar,attention_rollout,predicted,blocks.3,8,3,3,0.02606271393597126,0.13529559969902039,0.08067915681749582
52,vit_lejepa,vit_tiny_cifar,attention_rollout,predicted,blocks.3,0,5,5,0.6764561533927917,0.45087823271751404,0.5636671930551529
53,vit_lejepa,vit_tiny_cifar,attention_rollout,predicted,blocks.3,3,9,9,0.27188175916671753,0.30778634548187256,0.28983405232429504
54,vit_lejepa,vit_tiny_cifar,attention_rollout,predicted,blocks.3,8,5,5,0.4640754759311676,0.5039450526237488,0.4840102642774582
55,vit_lejepa,vit_tiny_cifar,attention_rollout,predicted,blocks.3,8,4,4,0.09163331985473633,0.4169095456600189,0.2542714327573776
56,vit_lejepa,vit_tiny_cifar,attention_rollout,predicted,blocks.3,7,5,5,0.38149717450141907,0.5220955610275269,0.45179636776447296
57,vit_lejepa,vit_tiny_cifar,attention_rollout,predicted,blocks.3,7,8,8,0.06128311529755592,0.3519936203956604,0.20663836784660816
58,vit_lejepa,vit_tiny_cifar,attention_rollout,predicted,blocks.3,4,9,9,0.44297903776168823,0.37083059549331665,0.40690481662750244
59,vit_lejepa,vit_tiny_cifar,attention_rollout,predicted,blocks.3,6,0,0,0.1334480494260788,0.3869292736053467,0.26018866151571274
60,vit_lejepa,vit_tiny_cifar,attention_rollout,predicted,blocks.3,7,5,5,0.41178303956985474,0.34808558225631714,0.37993431091308594
61,vit_lejepa,vit_tiny_cifar,attention_rollout,predicted,blocks.3,3,3,3,0.15427392721176147,0.4263480305671692,0.29031097888946533
62,vit_lejepa,vit_tiny_cifar,attention_rollout,predicted,blocks.3,6,8,8,0.08883001655340195,0.26960989832878113,0.17921995744109154
63,vit_lejepa,vit_tiny_cifar,attention_rollout,predicted,blocks.3,3,9,9,0.24825452268123627,0.5705990791320801,0.4094268009066582
64,vit_lejepa,vit_tiny_cifar,attention_rollout,predicted,blocks.3,6,4,4,0.31528177857398987,0.24031202495098114,0.2777969017624855
65,vit_lejepa,vit_tiny_cifar,attention_rollout,predicted,blocks.3,2,1,1,0.3709373474121094,0.28517642617225647,0.3280568867921829
66,vit_lejepa,vit_tiny_cifar,attention_rollout,predicted,blocks.3,1,8,8,0.5556188225746155,0.5018389821052551,0.5287289023399353
67,vit_lejepa,vit_tiny_cifar,attention_rollout,predicted,blocks.3,2,0,0,0.6865854263305664,0.5397630929946899,0.6131742596626282
68,vit_lejepa,vit_tiny_cifar,attention_rollout,predicted,blocks.3,3,1,1,0.10712829977273941,0.2789389193058014,0.1930336095392704
69,vit_lejepa,vit_tiny_cifar,attention_rollout,predicted,blocks.3,7,3,3,0.4504004418849945,0.5598832964897156,0.505141869187355
70,vit_lejepa,vit_tiny_cifar,attention_rollout,predicted,blocks.3,2,8,8,0.8190070986747742,0.41821280121803284,0.6186099499464035
71,vit_lejepa,vit_tiny_cifar,attention_rollout,predicted,blocks.3,6,4,4,0.10323137044906616,0.14704111218452454,0.12513624131679535
72,vit_lejepa,vit_tiny_cifar,attention_rollout,predicted,blocks.3,8,3,3,0.40827250480651855,0.3685178756713867,0.38839519023895264
73,vit_lejepa,vit_tiny_cifar,attention_rollout,predicted,blocks.3,8,8,8,0.15298539400100708,0.37833282351493835,0.2656591087579727
74,vit_lejepa,vit_tiny_cifar,attention_rollout,predicted,blocks.3,0,9,9,0.29936540126800537,0.5816410183906555,0.44050320982933044
75,vit_lejepa,vit_tiny_cifar,attention_rollout,predicted,blocks.3,2,4,4,0.06671365350484848,0.37806808948516846,0.22239087149500847
76,vit_lejepa,vit_tiny_cifar,attention_rollout,predicted,blocks.3,9,5,5,0.13260313868522644,0.4126345217227936,0.27261883020401
77,vit_lejepa,vit_tiny_cifar,attention_rollout,predicted,blocks.3,3,9,9,0.45666489005088806,0.48047417402267456,0.4685695320367813
78,vit_lejepa,vit_tiny_cifar,attention_rollout,predicted,blocks.3,3,9,9,0.10702207684516907,0.34895259141921997,0.22798733413219452
79,vit_lejepa,vit_tiny_cifar,attention_rollout,predicted,blocks.3,8,8,8,0.7904898524284363,0.530021071434021,0.6602554619312286
80,vit_lejepa,vit_tiny_cifar,attention_rollout,predicted,blocks.3,8,8,8,0.2742307484149933,0.27056944370269775,0.2724000960588455
81,vit_lejepa,vit_tiny_cifar,attention_rollout,predicted,blocks.3,1,3,3,0.2171841710805893,0.2624097466468811,0.2397969588637352
82,vit_lejepa,vit_tiny_cifar,attention_rollout,predicted,blocks.3,1,8,8,-0.052288156002759933,0.2853843867778778,0.11654811538755894
83,vit_lejepa,vit_tiny_cifar,attention_rollout,predicted,blocks.3,7,8,8,0.7048234939575195,0.4473925530910492,0.5761080235242844
84,vit_lejepa,vit_tiny_cifar,attention_rollout,predicted,blocks.3,2,8,8,0.6772894263267517,0.4128945767879486,0.5450920015573502
85,vit_lejepa,vit_tiny_cifar,attention_rollout,predicted,blocks.3,5,8,8,0.08154936879873276,0.4354133605957031,0.25848136469721794
86,vit_lejepa,vit_tiny_cifar,attention_rollout,predicted,blocks.3,2,9,9,0.3206528127193451,0.5762055516242981,0.4484291821718216
87,vit_lejepa,vit_tiny_cifar,attention_rollout,predicted,blocks.3,7,9,9,0.588608980178833,0.4550768733024597,0.5218429267406464
88,vit_lejepa,vit_tiny_cifar,attention_rollout,predicted,blocks.3,8,8,8,0.4859541058540344,0.6017554402351379,0.5438547730445862
89,vit_lejepa,vit_tiny_cifar,attention_rollout,predicted,blocks.3,9,9,9,0.3663143217563629,0.5410701632499695,0.4536922425031662
90,vit_lejepa,vit_tiny_cifar,attention_rollout,predicted,blocks.3,0,1,1,0.5069105625152588,0.5578921437263489,0.5324013531208038
91,vit_lejepa,vit_tiny_cifar,attention_rollout,predicted,blocks.3,3,6,6,0.195522740483284,0.10348186641931534,0.14950230345129967
92,vit_lejepa,vit_tiny_cifar,attention_rollout,predicted,blocks.3,8,0,0,0.4990200102329254,0.3576595187187195,0.42833976447582245
93,vit_lejepa,vit_tiny_cifar,attention_rollout,predicted,blocks.3,6,9,9,0.10252535343170166,0.47060278058052063,0.28656406700611115
94,vit_lejepa,vit_tiny_cifar,attention_rollout,predicted,blocks.3,4,6,6,0.12500283122062683,0.10432940721511841,0.11466611921787262
95,vit_lejepa,vit_tiny_cifar,attention_rollout,predicted,blocks.3,6,7,7,0.23043425381183624,0.33616191148757935,0.2832980826497078
96,vit_lejepa,vit_tiny_cifar,attention_rollout,predicted,blocks.3,6,4,4,0.45495474338531494,0.24768002331256866,0.3513173833489418
97,vit_lejepa,vit_tiny_cifar,attention_rollout,predicted,blocks.3,0,8,8,0.3165005147457123,0.27970966696739197,0.2981050908565521
98,vit_lejepa,vit_tiny_cifar,attention_rollout,predicted,blocks.3,0,9,9,0.5892611145973206,0.41365811228752136,0.501459613442421
99,vit_lejepa,vit_tiny_cifar,attention_rollout,predicted,blocks.3,7,7,7,0.5831729173660278,0.6290900707244873,0.6061314940452576
100,vit_lejepa,vit_tiny_cifar,attention_rollout,predicted,blocks.3,4,8,8,0.7063884735107422,0.632146954536438,0.6692677140235901
101,vit_lejepa,vit_tiny_cifar,attention_rollout,predicted,blocks.3,5,8,8,0.5243728756904602,0.31447550654411316,0.4194241911172867
102,vit_lejepa,vit_tiny_cifar,attention_rollout,predicted,blocks.3,6,3,3,0.05117928236722946,0.2722912132740021,0.16173524782061577
103,vit_lejepa,vit_tiny_cifar,attention_rollout,predicted,blocks.3,3,7,7,0.20280984044075012,0.5373164415359497,0.3700631409883499
104,vit_lejepa,vit_tiny_cifar,attention_rollout,predicted,blocks.3,1,9,9,0.49711906909942627,0.32307857275009155,0.4100988209247589
105,vit_lejepa,vit_tiny_cifar,attention_rollout,predicted,blocks.3,1,8,8,0.3336103558540344,0.4899960160255432,0.4118031859397888
106,vit_lejepa,vit_tiny_cifar,attention_rollout,predicted,blocks.3,3,4,4,0.5057616233825684,0.19483286142349243,0.3502972424030304
107,vit_lejepa,vit_tiny_cifar,attention_rollout,predicted,blocks.3,6,6,6,0.10301175713539124,0.11952905356884003,0.11127040535211563
108,vit_lejepa,vit_tiny_cifar,attention_rollout,predicted,blocks.3,8,5,5,0.39434972405433655,0.572239339351654,0.4832945317029953
109,vit_lejepa,vit_tiny_cifar,attention_rollout,predicted,blocks.3,7,8,8,0.5250152945518494,0.4924449622631073,0.5087301284074783
110,vit_lejepa,vit_tiny_cifar,attention_rollout,predicted,blocks.3,4,7,7,-0.026461314409971237,0.24401527643203735,0.10877698101103306
111,vit_lejepa,vit_tiny_cifar,attention_rollout,predicted,blocks.3,0,8,8,-0.056065622717142105,0.3425399661064148,0.14323717169463634
112,vit_lejepa,vit_tiny_cifar,attention_rollout,predicted,blocks.3,6,8,8,0.6569327712059021,0.4936019778251648,0.5752673745155334
113,vit_lejepa,vit_tiny_cifar,attention_rollout,predicted,blocks.3,2,7,7,0.5865218639373779,0.48069024085998535,0.5336060523986816
114,vit_lejepa,vit_tiny_cifar,attention_rollout,predicted,blocks.3,1,8,8,0.3033280372619629,0.5674859285354614,0.43540698289871216
115,vit_lejepa,vit_tiny_cifar,attention_rollout,predicted,blocks.3,3,8,8,0.5846662521362305,0.5429425835609436,0.563804417848587
116,vit_lejepa,vit_tiny_cifar,attention_rollout,predicted,blocks.3,0,8,8,0.467218279838562,0.4892663359642029,0.47824230790138245
117,vit_lejepa,vit_tiny_cifar,attention_rollout,predicted,blocks.3,4,9,9,0.08917634934186935,0.4193001389503479,0.2542382441461086
118,vit_lejepa,vit_tiny_cifar,attention_rollout,predicted,blocks.3,2,4,4,0.8139898180961609,0.3041348457336426,0.5590623319149017
119,vit_lejepa,vit_tiny_cifar,attention_rollout,predicted,blocks.3,7,8,8,0.3549785017967224,0.36878424882888794,0.3618813753128052
120,vit_lejepa,vit_tiny_cifar,attention_rollout,predicted,blocks.3,8,8,8,0.6884209513664246,0.5711164474487305,0.6297686994075775
121,vit_lejepa,vit_tiny_cifar,attention_rollout,predicted,blocks.3,3,8,8,0.26353219151496887,0.3169892132282257,0.2902607023715973
122,vit_lejepa,vit_tiny_cifar,attention_rollout,predicted,blocks.3,1,1,1,0.2153753638267517,0.1684567630290985,0.1919160634279251
123,vit_lejepa,vit_tiny_cifar,attention_rollout,predicted,blocks.3,2,8,8,0.7394862174987793,0.564382016658783,0.6519341170787811
124,vit_lejepa,vit_tiny_cifar,attention_rollout,predicted,blocks.3,8,9,9,0.5410708785057068,0.5024415850639343,0.5217562317848206
125,vit_lejepa,vit_tiny_cifar,attention_rollout,predicted,blocks.3,0,3,3,-0.0042924825102090836,0.17047494649887085,0.08309123199433088
126,vit_lejepa,vit_tiny_cifar,attention_rollout,predicted,blocks.3,8,7,7,0.22540104389190674,0.40791377425193787,0.3166574090719223
127,vit_lejepa,vit_tiny_cifar,attention_rollout,predicted,blocks.3,3,9,9,0.4325760006904602,0.3797164261341095,0.40614621341228485
0,vit_lejepa,vit_tiny_cifar,attention_rollout,predicted,blocks.5,3,7,7,0.3438582122325897,0.3262876868247986,0.33507294952869415
1,vit_lejepa,vit_tiny_cifar,attention_rollout,predicted,blocks.5,8,8,8,0.4598972499370575,0.5250202417373657,0.4924587458372116
2,vit_lejepa,vit_tiny_cifar,attention_rollout,predicted,blocks.5,8,8,8,0.4125252068042755,0.6064569354057312,0.5094910711050034
3,vit_lejepa,vit_tiny_cifar,attention_rollout,predicted,blocks.5,0,8,8,0.39703571796417236,0.4070020020008087,0.40201885998249054
4,vit_lejepa,vit_tiny_cifar,attention_rollout,predicted,blocks.5,6,7,7,0.08366113156080246,0.2195366472005844,0.15159888938069344
5,vit_lejepa,vit_tiny_cifar,attention_rollout,predicted,blocks.5,6,6,6,0.23043160140514374,0.36371132731437683,0.2970714643597603
6,vit_lejepa,vit_tiny_cifar,attention_rollout,predicted,blocks.5,1,9,9,0.22274509072303772,0.4083520770072937,0.3155485838651657
7,vit_lejepa,vit_tiny_cifar,attention_rollout,predicted,blocks.5,6,7,7,0.6552527546882629,0.28548213839530945,0.4703674465417862
8,vit_lejepa,vit_tiny_cifar,attention_rollout,predicted,blocks.5,3,8,8,0.3822430670261383,0.28726592659950256,0.33475449681282043
9,vit_lejepa,vit_tiny_cifar,attention_rollout,predicted,blocks.5,1,9,9,0.1355511099100113,0.46259117126464844,0.29907114058732986
10,vit_lejepa,vit_tiny_cifar,attention_rollout,predicted,blocks.5,0,9,9,0.4865157902240753,0.39571917057037354,0.4411174803972244
11,vit_lejepa,vit_tiny_cifar,attention_rollout,predicted,blocks.5,9,9,9,0.5909249782562256,0.5922629237174988,0.5915939509868622
12,vit_lejepa,vit_tiny_cifar,attention_rollout,predicted,blocks.5,5,9,9,0.5781583189964294,0.3280377984046936,0.4530980587005615
13,vit_lejepa,vit_tiny_cifar,attention_rollout,predicted,blocks.5,7,1,1,0.21333391964435577,0.3652822971343994,0.2893081083893776
14,vit_lejepa,vit_tiny_cifar,attention_rollout,predicted,blocks.5,9,1,1,0.33755508065223694,0.2887755334377289,0.3131653070449829
15,vit_lejepa,vit_tiny_cifar,attention_rollout,predicted,blocks.5,8,5,5,0.2657361328601837,0.29345279932022095,0.27959446609020233
16,vit_lejepa,vit_tiny_cifar,attention_rollout,predicted,blocks.5,5,9,9,0.5135435461997986,0.4994107186794281,0.5064771324396133
17,vit_lejepa,vit_tiny_cifar,attention_rollout,predicted,blocks.5,7,8,8,0.1466132253408432,0.35512682795524597,0.2508700266480446
18,vit_lejepa,vit_tiny_cifar,attention_rollout,predicted,blocks.5,8,8,8,0.43485918641090393,0.5443088412284851,0.4895840138196945
19,vit_lejepa,vit_tiny_cifar,attention_rollout,predicted,blocks.5,6,3,3,0.19290301203727722,0.4735861122608185,0.33324456214904785
20,vit_lejepa,vit_tiny_cifar,attention_rollout,predicted,blocks.5,7,9,9,0.44179636240005493,0.5154998302459717,0.4786480963230133
21,vit_lejepa,vit_tiny_cifar,attention_rollout,predicted,blocks.5,0,0,0,0.4803048074245453,0.40904107689857483,0.44467294216156006
22,vit_lejepa,vit_tiny_cifar,attention_rollout,predicted,blocks.5,4,4,4,0.6689133644104004,0.24648341536521912,0.45769838988780975
23,vit_lejepa,vit_tiny_cifar,attention_rollout,predicted,blocks.5,9,1,1,0.21026276051998138,0.3473738133907318,0.2788182869553566
24,vit_lejepa,vit_tiny_cifar,attention_rollout,predicted,blocks.5,5,5,5,0.5479959845542908,0.4105057716369629,0.47925087809562683
25,vit_lejepa,vit_tiny_cifar,attention_rollout,predicted,blocks.5,2,7,7,0.4190414547920227,0.5192139148712158,0.46912768483161926
26,vit_lejepa,vit_tiny_cifar,attention_rollout,predicted,blocks.5,4,7,7,0.37570613622665405,0.3244031071662903,0.35005462169647217
27,vit_lejepa,vit_tiny_cifar,attention_rollout,predicted,blocks.5,0,7,7,0.5019789934158325,0.3722763955593109,0.4371276944875717
28,vit_lejepa,vit_tiny_cifar,attention_rollout,predicted,blocks.5,9,9,9,0.47084444761276245,0.4315175414085388,0.45118099451065063
29,vit_lejepa,vit_tiny_cifar,attention_rollout,predicted,blocks.5,6,6,6,0.231386199593544,0.18093614280223846,0.20616117119789124
30,vit_lejepa,vit_tiny_cifar,attention_rollout,predicted,blocks.5,6,6,6,0.48525869846343994,0.1311071664094925,0.3081829324364662
31,vit_lejepa,vit_tiny_cifar,attention_rollout,predicted,blocks.5,5,4,4,0.5124144554138184,0.4206215739250183,0.46651801466941833
32,vit_lejepa,vit_tiny_cifar,attention_rollout,predicted,blocks.5,4,4,4,-0.2539231479167938,0.24937884509563446,-0.0022721514105796814
33,vit_lejepa,vit_tiny_cifar,attention_rollout,predicted,blocks.5,5,9,9,0.5644402503967285,0.49627479910850525,0.5303575247526169
34,vit_lejepa,vit_tiny_cifar,attention_rollout,predicted,blocks.5,9,9,9,0.46679264307022095,0.5518789887428284,0.5093358159065247
35,vit_lejepa,vit_tiny_cifar,attention_rollout,predicted,blocks.5,2,9,9,0.4665367305278778,0.4642450213432312,0.4653908759355545
36,vit_lejepa,vit_tiny_cifar,attention_rollout,predicted,blocks.5,4,4,4,0.3408592641353607,0.43746060132980347,0.3891599327325821
37,vit_lejepa,vit_tiny_cifar,attention_rollout,predicted,blocks.5,1,5,5,0.5043522119522095,0.5087771415710449,0.5065646767616272
38,vit_lejepa,vit_tiny_cifar,attention_rollout,predicted,blocks.5,9,7,7,0.5025978088378906,0.4744608998298645,0.48852935433387756
39,vit_lejepa,vit_tiny_cifar,attention_rollout,predicted,blocks.5,5,9,9,0.5987906455993652,0.4952006936073303,0.5469956696033478
40,vit_lejepa,vit_tiny_cifar,attention_rollout,predicted,blocks.5,4,9,9,0.1641916185617447,0.4845631718635559,0.3243773952126503
41,vit_lejepa,vit_tiny_cifar,attention_rollout,predicted,blocks.5,6,6,6,0.3599132001399994,0.14072100818157196,0.2503171041607857
42,vit_lejepa,vit_tiny_cifar,attention_rollout,predicted,blocks.5,5,3,3,0.15283828973770142,0.3915386199951172,0.2721884548664093
43,vit_lejepa,vit_tiny_cifar,attention_rollout,predicted,blocks.5,6,6,6,0.5994439721107483,0.37052783370018005,0.4849859029054642
44,vit_lejepa,vit_tiny_cifar,attention_rollout,predicted,blocks.5,0,0,0,0.19589826464653015,0.33602914214134216,0.26596370339393616
45,vit_lejepa,vit_tiny_cifar,attention_rollout,predicted,blocks.5,9,3,3,0.4775370657444,0.36074647307395935,0.4191417694091797
46,vit_lejepa,vit_tiny_cifar,attention_rollout,predicted,blocks.5,3,4,4,0.6592556238174438,0.5747931003570557,0.6170243620872498
47,vit_lejepa,vit_tiny_cifar,attention_rollout,predicted,blocks.5,9,4,4,0.3663284182548523,0.2806476056575775,0.3234880119562149
48,vit_lejepa,vit_tiny_cifar,attention_rollout,predicted,blocks.5,7,4,4,0.15647485852241516,0.29626211524009705,0.2263684868812561
49,vit_lejepa,vit_tiny_cifar,attention_rollout,predicted,blocks.5,6,6,6,0.43162018060684204,0.2131277620792389,0.32237397134304047
50,vit_lejepa,vit_tiny_cifar,attention_rollout,predicted,blocks.5,9,8,8,0.5104197263717651,0.5599865317344666,0.5352031290531158
51,vit_lejepa,vit_tiny_cifar,attention_rollout,predicted,blocks.5,8,3,3,-0.014772612601518631,0.13084867596626282,0.05803803168237209
52,vit_lejepa,vit_tiny_cifar,attention_rollout,predicted,blocks.5,0,5,5,0.763784646987915,0.5116931200027466,0.6377388834953308
53,vit_lejepa,vit_tiny_cifar,attention_rollout,predicted,blocks.5,3,9,9,0.33750978112220764,0.3178039789199829,0.3276568800210953
54,vit_lejepa,vit_tiny_cifar,attention_rollout,predicted,blocks.5,8,5,5,0.5928113460540771,0.5741314888000488,0.583471417427063
55,vit_lejepa,vit_tiny_cifar,attention_rollout,predicted,blocks.5,8,4,4,0.17665868997573853,0.3823566734790802,0.27950768172740936
56,vit_lejepa,vit_tiny_cifar,attention_rollout,predicted,blocks.5,7,5,5,0.43285852670669556,0.477617472410202,0.4552379995584488
57,vit_lejepa,vit_tiny_cifar,attention_rollout,predicted,blocks.5,7,8,8,0.12377112358808517,0.3558502197265625,0.23981067165732384
58,vit_lejepa,vit_tiny_cifar,attention_rollout,predicted,blocks.5,4,9,9,0.4941800832748413,0.3486502468585968,0.42141516506671906
59,vit_lejepa,vit_tiny_cifar,attention_rollout,predicted,blocks.5,6,0,0,0.27733170986175537,0.36894309520721436,0.32313740253448486
60,vit_lejepa,vit_tiny_cifar,attention_rollout,predicted,blocks.5,7,5,5,0.48391035199165344,0.34665772318840027,0.41528403759002686
61,vit_lejepa,vit_tiny_cifar,attention_rollout,predicted,blocks.5,3,3,3,0.24909792840480804,0.42781487107276917,0.3384563997387886
62,vit_lejepa,vit_tiny_cifar,attention_rollout,predicted,blocks.5,6,8,8,0.1341886967420578,0.2646982669830322,0.199443481862545
63,vit_lejepa,vit_tiny_cifar,attention_rollout,predicted,blocks.5,3,9,9,0.3544633388519287,0.6006993055343628,0.47758132219314575
64,vit_lejepa,vit_tiny_cifar,attention_rollout,predicted,blocks.5,6,4,4,0.40935441851615906,0.2501191198825836,0.32973676919937134
65,vit_lejepa,vit_tiny_cifar,attention_rollout,predicted,blocks.5,2,1,1,0.3985494375228882,0.28679752349853516,0.34267348051071167
66,vit_lejepa,vit_tiny_cifar,attention_rollout,predicted,blocks.5,1,8,8,0.6229806542396545,0.46444904804229736,0.543714851140976
67,vit_lejepa,vit_tiny_cifar,attention_rollout,predicted,blocks.5,2,0,0,0.7535447478294373,0.5432682633399963,0.6484065055847168
68,vit_lejepa,vit_tiny_cifar,attention_rollout,predicted,blocks.5,3,1,1,0.16975899040699005,0.2907925248146057,0.23027575761079788
69,vit_lejepa,vit_tiny_cifar,attention_rollout,predicted,blocks.5,7,3,3,0.5451897382736206,0.5776997208595276,0.5614447295665741
70,vit_lejepa,vit_tiny_cifar,attention_rollout,predicted,blocks.5,2,8,8,0.8656412959098816,0.4206107556819916,0.6431260257959366
71,vit_lejepa,vit_tiny_cifar,attention_rollout,predicted,blocks.5,6,4,4,0.13228829205036163,0.14018148183822632,0.13623488694429398
72,vit_lejepa,vit_tiny_cifar,attention_rollout,predicted,blocks.5,8,3,3,0.42559298872947693,0.36509501934051514,0.39534400403499603
73,vit_lejepa,vit_tiny_cifar,attention_rollout,predicted,blocks.5,8,8,8,0.2939842939376831,0.3777602016925812,0.33587224781513214
74,vit_lejepa,vit_tiny_cifar,attention_rollout,predicted,blocks.5,0,9,9,0.41199439764022827,0.49294930696487427,0.45247185230255127
75,vit_lejepa,vit_tiny_cifar,attention_rollout,predicted,blocks.5,2,4,4,0.11844530701637268,0.36196398735046387,0.24020464718341827
76,vit_lejepa,vit_tiny_cifar,attention_rollout,predicted,blocks.5,9,5,5,0.24259406328201294,0.37792906165122986,0.3102615624666214
77,vit_lejepa,vit_tiny_cifar,attention_rollout,predicted,blocks.5,3,9,9,0.5179949402809143,0.4402433931827545,0.4791191667318344
78,vit_lejepa,vit_tiny_cifar,attention_rollout,predicted,blocks.5,3,9,9,0.15428708493709564,0.319244384765625,0.23676573485136032
79,vit_lejepa,vit_tiny_cifar,attention_rollout,predicted,blocks.5,8,8,8,0.8271698951721191,0.5285059809684753,0.6778379380702972
80,vit_lejepa,vit_tiny_cifar,attention_rollout,predicted,blocks.5,8,8,8,0.3945640027523041,0.2505531311035156,0.32255856692790985
81,vit_lejepa,vit_tiny_cifar,attention_rollout,predicted,blocks.5,1,3,3,0.2890442907810211,0.26149460673332214,0.27526944875717163
82,vit_lejepa,vit_tiny_cifar,attention_rollout,predicted,blocks.5,1,8,8,0.01781168021261692,0.2885507345199585,0.1531812073662877
83,vit_lejepa,vit_tiny_cifar,attention_rollout,predicted,blocks.5,7,8,8,0.7680447697639465,0.49167415499687195,0.6298594623804092
84,vit_lejepa,vit_tiny_cifar,attention_rollout,predicted,blocks.5,2,8,8,0.7585105299949646,0.43387550115585327,0.5961930155754089
85,vit_lejepa,vit_tiny_cifar,attention_rollout,predicted,blocks.5,5,8,8,0.1727026402950287,0.43969860672950745,0.30620062351226807
86,vit_lejepa,vit_tiny_cifar,attention_rollout,predicted,blocks.5,2,9,9,0.4112136960029602,0.5826283097267151,0.49692100286483765
87,vit_lejepa,vit_tiny_cifar,attention_rollout,predicted,blocks.5,7,9,9,0.7245438098907471,0.4801206588745117,0.6023322343826294
88,vit_lejepa,vit_tiny_cifar,attention_rollout,predicted,blocks.5,8,8,8,0.5979247093200684,0.6386749744415283,0.6182998418807983
89,vit_lejepa,vit_tiny_cifar,attention_rollout,predicted,blocks.5,9,9,9,0.4813271462917328,0.5664989352226257,0.5239130407571793
90,vit_lejepa,vit_tiny_cifar,attention_rollout,predicted,blocks.5,0,1,1,0.6079682111740112,0.5802623629570007,0.594115287065506
91,vit_lejepa,vit_tiny_cifar,attention_rollout,predicted,blocks.5,3,6,6,0.19511109590530396,0.10549213737249374,0.15030161663889885
92,vit_lejepa,vit_tiny_cifar,attention_rollout,predicted,blocks.5,8,0,0,0.5800096392631531,0.33842313289642334,0.4592163860797882
93,vit_lejepa,vit_tiny_cifar,attention_rollout,predicted,blocks.5,6,9,9,0.20690906047821045,0.4836781322956085,0.3452935963869095
94,vit_lejepa,vit_tiny_cifar,attention_rollout,predicted,blocks.5,4,6,6,0.14398397505283356,0.11081894487142563,0.1274014599621296
95,vit_lejepa,vit_tiny_cifar,attention_rollout,predicted,blocks.5,6,7,7,0.3287999927997589,0.3405560851097107,0.3346780389547348
96,vit_lejepa,vit_tiny_cifar,attention_rollout,predicted,blocks.5,6,4,4,0.44669049978256226,0.2620342969894409,0.3543623983860016
97,vit_lejepa,vit_tiny_cifar,attention_rollout,predicted,blocks.5,0,8,8,0.4036617875099182,0.29323264956474304,0.3484472185373306
98,vit_lejepa,vit_tiny_cifar,attention_rollout,predicted,blocks.5,0,9,9,0.6817386150360107,0.4164026379585266,0.5490706264972687
99,vit_lejepa,vit_tiny_cifar,attention_rollout,predicted,blocks.5,7,7,7,0.6633308529853821,0.6234901547431946,0.6434105038642883
100,vit_lejepa,vit_tiny_cifar,attention_rollout,predicted,blocks.5,4,8,8,0.8175055980682373,0.6490733623504639,0.7332894802093506
101,vit_lejepa,vit_tiny_cifar,attention_rollout,predicted,blocks.5,5,8,8,0.5743505358695984,0.29333221912384033,0.43384137749671936
102,vit_lejepa,vit_tiny_cifar,attention_rollout,predicted,blocks.5,6,3,3,0.14333365857601166,0.2569182217121124,0.20012594014406204
103,vit_lejepa,vit_tiny_cifar,attention_rollout,predicted,blocks.5,3,7,7,0.3617713451385498,0.42371830344200134,0.3927448242902756
104,vit_lejepa,vit_tiny_cifar,attention_rollout,predicted,blocks.5,1,9,9,0.5394770503044128,0.3218165934085846,0.4306468218564987
105,vit_lejepa,vit_tiny_cifar,attention_rollout,predicted,blocks.5,1,8,8,0.38419848680496216,0.5178454518318176,0.4510219693183899
106,vit_lejepa,vit_tiny_cifar,attention_rollout,predicted,blocks.5,3,4,4,0.4887002110481262,0.205597922205925,0.3471490666270256
107,vit_lejepa,vit_tiny_cifar,attention_rollout,predicted,blocks.5,6,6,6,0.12442361563444138,0.1258079707622528,0.1251157931983471
108,vit_lejepa,vit_tiny_cifar,attention_rollout,predicted,blocks.5,8,5,5,0.5285719633102417,0.578612744808197,0.5535923540592194
109,vit_lejepa,vit_tiny_cifar,attention_rollout,predicted,blocks.5,7,8,8,0.6108096241950989,0.49924126267433167,0.5550254434347153
110,vit_lejepa,vit_tiny_cifar,attention_rollout,predicted,blocks.5,4,7,7,0.0342748798429966,0.2288070023059845,0.13154094107449055
111,vit_lejepa,vit_tiny_cifar,attention_rollout,predicted,blocks.5,0,8,8,0.06985659897327423,0.39598074555397034,0.23291867226362228
112,vit_lejepa,vit_tiny_cifar,attention_rollout,predicted,blocks.5,6,8,8,0.7412770986557007,0.48157915472984314,0.6114281266927719
113,vit_lejepa,vit_tiny_cifar,attention_rollout,predicted,blocks.5,2,7,7,0.6411887407302856,0.47445639967918396,0.5578225702047348
114,vit_lejepa,vit_tiny_cifar,attention_rollout,predicted,blocks.5,1,8,8,0.42845702171325684,0.5734038949012756,0.5009304583072662
115,vit_lejepa,vit_tiny_cifar,attention_rollout,predicted,blocks.5,3,8,8,0.6742346882820129,0.55715411901474,0.6156944036483765
116,vit_lejepa,vit_tiny_cifar,attention_rollout,predicted,blocks.5,0,8,8,0.5719501972198486,0.5220479965209961,0.5469990968704224
117,vit_lejepa,vit_tiny_cifar,attention_rollout,predicted,blocks.5,4,9,9,0.197501540184021,0.4379606246948242,0.3177310824394226
118,vit_lejepa,vit_tiny_cifar,attention_rollout,predicted,blocks.5,2,4,4,0.822773277759552,0.2891506850719452,0.5559619814157486
119,vit_lejepa,vit_tiny_cifar,attention_rollout,predicted,blocks.5,7,8,8,0.4165353775024414,0.37442320585250854,0.395479291677475
120,vit_lejepa,vit_tiny_cifar,attention_rollout,predicted,blocks.5,8,8,8,0.7623852491378784,0.5883824825286865,0.6753838658332825
121,vit_lejepa,vit_tiny_cifar,attention_rollout,predicted,blocks.5,3,8,8,0.3831799328327179,0.34224024415016174,0.3627100884914398
122,vit_lejepa,vit_tiny_cifar,attention_rollout,predicted,blocks.5,1,1,1,0.2588052749633789,0.1772948056459427,0.2180500403046608
123,vit_lejepa,vit_tiny_cifar,attention_rollout,predicted,blocks.5,2,8,8,0.8261203765869141,0.6167581677436829,0.7214392721652985
124,vit_lejepa,vit_tiny_cifar,attention_rollout,predicted,blocks.5,8,9,9,0.6552057266235352,0.5246273279190063,0.5899165272712708
125,vit_lejepa,vit_tiny_cifar,attention_rollout,predicted,blocks.5,0,3,3,0.0026497661601752043,0.16273000836372375,0.08268988726194948
126,vit_lejepa,vit_tiny_cifar,attention_rollout,predicted,blocks.5,8,7,7,0.3636266589164734,0.3669155240058899,0.36527109146118164
127,vit_lejepa,vit_tiny_cifar,attention_rollout,predicted,blocks.5,3,9,9,0.4932909905910492,0.3697483539581299,0.43151967227458954
128,vit_lejepa,vit_tiny_cifar,attention_rollout,predicted,blocks.1,5,8,8,-0.12239157408475876,0.43272995948791504,0.15516919270157814
129,vit_lejepa,vit_tiny_cifar,attention_rollout,predicted,blocks.1,2,0,0,-0.05097921937704086,0.2915186285972595,0.12026970461010933
130,vit_lejepa,vit_tiny_cifar,attention_rollout,predicted,blocks.1,4,5,5,0.18852099776268005,0.3542639911174774,0.27139249444007874
131,vit_lejepa,vit_tiny_cifar,attention_rollout,predicted,blocks.1,1,9,9,-0.21257229149341583,0.44940707087516785,0.11841738969087601
132,vit_lejepa,vit_tiny_cifar,attention_rollout,predicted,blocks.1,8,9,9,-0.17595210671424866,0.4171091318130493,0.12057851254940033
133,vit_lejepa,vit_tiny_cifar,attention_rollout,predicted,blocks.1,9,9,9,-0.07950276881456375,0.39977872371673584,0.16013797745108604
134,vit_lejepa,vit_tiny_cifar,attention_rollout,predicted,blocks.1,1,5,5,-0.06538550555706024,0.3896836042404175,0.16214904934167862
135,vit_lejepa,vit_tiny_cifar,attention_rollout,predicted,blocks.1,2,8,8,-0.045397937297821045,0.3337039351463318,0.14415299892425537
136,vit_lejepa,vit_tiny_cifar,attention_rollout,predicted,blocks.1,9,9,9,-0.2891266345977783,0.38266900181770325,0.04677118360996246
137,vit_lejepa,vit_tiny_cifar,attention_rollout,predicted,blocks.1,7,9,9,-0.08268313854932785,0.35987547039985657,0.13859616592526436
138,vit_lejepa,vit_tiny_cifar,attention_rollout,predicted,blocks.1,2,4,4,0.6414055228233337,0.2100978046655655,0.4257516637444496
139,vit_lejepa,vit_tiny_cifar,attention_rollout,predicted,blocks.1,9,8,8,0.03422725573182106,0.45387884974479675,0.2440530527383089
140,vit_lejepa,vit_tiny_cifar,attention_rollout,predicted,blocks.1,6,9,9,-0.2708609998226166,0.2917231619358063,0.010431081056594849
141,vit_lejepa,vit_tiny_cifar,attention_rollout,predicted,blocks.1,5,7,7,-0.3664340078830719,0.40922439098358154,0.021395191550254822
142,vit_lejepa,vit_tiny_cifar,attention_rollout,predicted,blocks.1,6,8,8,0.21008287370204926,0.33175334334373474,0.270918108522892
143,vit_lejepa,vit_tiny_cifar,attention_rollout,predicted,blocks.1,3,7,7,0.6303310990333557,0.3105248212814331,0.4704279601573944
144,vit_lejepa,vit_tiny_cifar,attention_rollout,predicted,blocks.1,8,5,5,-0.11479384452104568,0.3808160424232483,0.1330110989511013
145,vit_lejepa,vit_tiny_cifar,attention_rollout,predicted,blocks.1,7,5,5,-0.2195262461900711,0.46795710921287537,0.12421543151140213
146,vit_lejepa,vit_tiny_cifar,attention_rollout,predicted,blocks.1,6,6,6,0.027766698971390724,0.1321776956319809,0.07997219730168581
147,vit_lejepa,vit_tiny_cifar,attention_rollout,predicted,blocks.1,2,9,9,-0.26145267486572266,0.3706372082233429,0.05459226667881012
148,vit_lejepa,vit_tiny_cifar,attention_rollout,predicted,blocks.1,5,9,9,-0.10163822025060654,0.4795672595500946,0.18896451964974403
149,vit_lejepa,vit_tiny_cifar,attention_rollout,predicted,blocks.1,2,3,3,-0.2550152838230133,0.38185080885887146,0.06341776251792908
150,vit_lejepa,vit_tiny_cifar,attention_rollout,predicted,blocks.1,8,1,1,0.0038623816799372435,0.37941932678222656,0.1916408542310819
151,vit_lejepa,vit_tiny_cifar,attention_rollout,predicted,blocks.1,9,8,8,-0.43540966510772705,0.4558842182159424,0.010237276554107666
152,vit_lejepa,vit_tiny_cifar,attention_rollout,predicted,blocks.1,6,1,1,0.09002269059419632,0.3015662431716919,0.1957944668829441
153,vit_lejepa,vit_tiny_cifar,attention_rollout,predicted,blocks.1,0,3,3,0.06899233162403107,0.2510124146938324,0.16000237315893173
154,vit_lejepa,vit_tiny_cifar,attention_rollout,predicted,blocks.1,0,8,8,-0.052300773561000824,0.4448002874851227,0.19624975696206093
155,vit_lejepa,vit_tiny_cifar,attention_rollout,predicted,blocks.1,5,9,9,-0.05031692981719971,0.3170168995857239,0.13334998488426208
156,vit_lejepa,vit_tiny_cifar,attention_rollout,predicted,blocks.1,2,8,8,0.9341943860054016,0.6285411715507507,0.7813677787780762
157,vit_lejepa,vit_tiny_cifar,attention_rollout,predicted,blocks.1,9,9,9,-0.3523760139942169,0.4193977117538452,0.03351084887981415
158,vit_lejepa,vit_tiny_cifar,attention_rollout,predicted,blocks.1,5,7,7,-0.14332742989063263,0.2778528928756714,0.06726273149251938
159,vit_lejepa,vit_tiny_cifar,attention_rollout,predicted,blocks.1,4,9,9,-0.24281109869480133,0.21712076663970947,-0.012845166027545929
160,vit_lejepa,vit_tiny_cifar,attention_rollout,predicted,blocks.1,2,5,5,0.015217533335089684,0.44484376907348633,0.230030651204288
161,vit_lejepa,vit_tiny_cifar,attention_rollout,predicted,blocks.1,1,9,9,-0.19026941061019897,0.24342484772205353,0.026577718555927277
162,vit_lejepa,vit_tiny_cifar,attention_rollout,predicted,blocks.1,6,9,9,-0.23954205214977264,0.26808831095695496,0.014273129403591156
163,vit_lejepa,vit_tiny_cifar,attention_rollout,predicted,blocks.1,6,7,7,0.22205287218093872,0.1501467376947403,0.1860998049378395
164,vit_lejepa,vit_tiny_cifar,attention_rollout,predicted,blocks.1,8,8,8,-0.04615991562604904,0.4181133210659027,0.18597670271992683
165,vit_lejepa,vit_tiny_cifar,attention_rollout,predicted,blocks.1,4,8,8,-0.05142880231142044,0.32303211092948914,0.13580165430903435
166,vit_lejepa,vit_tiny_cifar,attention_rollout,predicted,blocks.1,8,8,8,-0.30276548862457275,0.3980119228363037,0.04762321710586548
167,vit_lejepa,vit_tiny_cifar,attention_rollout,predicted,blocks.1,4,6,6,0.4891441762447357,0.10582849383354187,0.2974863350391388
168,vit_lejepa,vit_tiny_cifar,attention_rollout,predicted,blocks.1,5,8,8,0.0876060426235199,0.427672803401947,0.25763942301273346
169,vit_lejepa,vit_tiny_cifar,attention_rollout,predicted,blocks.1,0,8,8,-0.1341327726840973,0.37374770641326904,0.11980746686458588
170,vit_lejepa,vit_tiny_cifar,attention_rollout,predicted,blocks.1,9,8,8,0.18522235751152039,0.45525455474853516,0.32023845613002777
171,vit_lejepa,vit_tiny_cifar,attention_rollout,predicted,blocks.1,9,9,9,-0.18408145010471344,0.5027641654014587,0.15934135764837265
172,vit_lejepa,vit_tiny_cifar,attention_rollout,predicted,blocks.1,9,8,8,-0.19056962430477142,0.33857718110084534,0.07400377839803696
173,vit_lejepa,vit_tiny_cifar,attention_rollout,predicted,blocks.1,8,4,4,-0.043205615133047104,0.3809983432292938,0.16889636404812336
174,vit_lejepa,vit_tiny_cifar,attention_rollout,predicted,blocks.1,9,9,9,-0.06948519498109818,0.2905547320842743,0.11053476855158806
175,vit_lejepa,vit_tiny_cifar,attention_rollout,predicted,blocks.1,9,9,9,-0.4875783622264862,0.292744904756546,-0.09741672873497009
176,vit_lejepa,vit_tiny_cifar,attention_rollout,predicted,blocks.1,3,7,7,-0.10038275271654129,0.2011009305715561,0.0503590889275074
177,vit_lejepa,vit_tiny_cifar,attention_rollout,predicted,blocks.1,7,7,7,0.19662919640541077,0.16953344643115997,0.18308132141828537
178,vit_lejepa,vit_tiny_cifar,attention_rollout,predicted,blocks.1,5,3,3,-0.19929006695747375,0.15714260935783386,-0.021073728799819946
179,vit_lejepa,vit_tiny_cifar,attention_rollout,predicted,blocks.1,0,9,9,-0.10123920440673828,0.43067824840545654,0.16471952199935913
180,vit_lejepa,vit_tiny_cifar,attention_rollout,predicted,blocks.1,0,9,9,0.009350975975394249,0.3976035416126251,0.20347725879400969
181,vit_lejepa,vit_tiny_cifar,attention_rollout,predicted,blocks.1,5,5,5,0.2724260687828064,0.5122042894363403,0.39231517910957336
182,vit_lejepa,vit_tiny_cifar,attention_rollout,predicted,blocks.1,2,3,3,-0.16090142726898193,0.32245564460754395,0.080777108669281
183,vit_lejepa,vit_tiny_cifar,attention_rollout,predicted,blocks.1,2,9,9,0.38997408747673035,0.15959182381629944,0.2747829556465149
184,vit_lejepa,vit_tiny_cifar,attention_rollout,predicted,blocks.1,3,8,8,0.08558213710784912,0.36090078949928284,0.22324146330356598
185,vit_lejepa,vit_tiny_cifar,attention_rollout,predicted,blocks.1,8,8,8,-0.24122382700443268,0.21610215306282043,-0.012560836970806122
186,vit_lejepa,vit_tiny_cifar,attention_rollout,predicted,blocks.1,6,1,1,-0.08357997238636017,0.15927182137966156,0.037845924496650696
187,vit_lejepa,vit_tiny_cifar,attention_rollout,predicted,blocks.1,3,9,9,-0.1253412961959839,0.2907332181930542,0.08269596099853516
188,vit_lejepa,vit_tiny_cifar,attention_rollout,predicted,blocks.1,4,9,9,0.05429494008421898,0.4120999574661255,0.23319744877517223
189,vit_lejepa,vit_tiny_cifar,attention_rollout,predicted,blocks.1,0,9,9,-0.023690804839134216,0.4218481481075287,0.19907867163419724
190,vit_lejepa,vit_tiny_cifar,attention_rollout,predicted,blocks.1,5,4,4,-0.17178136110305786,0.18000946938991547,0.0041140541434288025
191,vit_lejepa,vit_tiny_cifar,attention_rollout,predicted,blocks.1,8,9,9,-0.4122917056083679,0.33776572346687317,-0.037262991070747375
192,vit_lejepa,vit_tiny_cifar,attention_rollout,predicted,blocks.1,0,9,9,-0.13025973737239838,0.404342919588089,0.1370415911078453
193,vit_lejepa,vit_tiny_cifar,attention_rollout,predicted,blocks.1,1,9,9,-0.025830665603280067,0.17490984499454498,0.07453958969563246
194,vit_lejepa,vit_tiny_cifar,attention_rollout,predicted,blocks.1,7,7,7,-0.0999123826622963,0.2299661636352539,0.0650268904864788
195,vit_lejepa,vit_tiny_cifar,attention_rollout,predicted,blocks.1,2,1,1,0.09403661638498306,0.08318602293729782,0.08861131966114044
196,vit_lejepa,vit_tiny_cifar,attention_rollout,predicted,blocks.1,8,9,9,-0.12155637890100479,0.37954622507095337,0.1289949230849743
197,vit_lejepa,vit_tiny_cifar,attention_rollout,predicted,blocks.1,8,8,8,0.5110070705413818,0.4411605894565582,0.47608382999897003
198,vit_lejepa,vit_tiny_cifar,attention_rollout,predicted,blocks.1,7,5,5,-0.17971670627593994,0.4421227276325226,0.13120301067829132
199,vit_lejepa,vit_tiny_cifar,attention_rollout,predicted,blocks.1,8,8,8,-0.21516568958759308,0.3313933312892914,0.05811382085084915
200,vit_lejepa,vit_tiny_cifar,attention_rollout,predicted,blocks.1,5,9,9,-0.10765638947486877,0.4686049818992615,0.18047429621219635
201,vit_lejepa,vit_tiny_cifar,attention_rollout,predicted,blocks.1,1,8,8,-0.12692683935165405,0.4296002984046936,0.15133672952651978
202,vit_lejepa,vit_tiny_cifar,attention_rollout,predicted,blocks.1,8,9,9,-0.07435621321201324,0.4687991440296173,0.19722146540880203
203,vit_lejepa,vit_tiny_cifar,attention_rollout,predicted,blocks.1,7,9,9,-0.03762666508555412,0.48341989517211914,0.2228966150432825
204,vit_lejepa,vit_tiny_cifar,attention_rollout,predicted,blocks.1,1,1,1,-0.11335784196853638,0.2765312194824219,0.08158668875694275
205,vit_lejepa,vit_tiny_cifar,attention_rollout,predicted,blocks.1,3,0,0,0.5153073668479919,0.3387412130832672,0.4270242899656296
206,vit_lejepa,vit_tiny_cifar,attention_rollout,predicted,blocks.1,0,4,4,-0.03822249174118042,0.23097948729991913,0.09637849777936935
207,vit_lejepa,vit_tiny_cifar,attention_rollout,predicted,blocks.1,5,4,4,0.04483645781874657,0.27407288551330566,0.15945467166602612
208,vit_lejepa,vit_tiny_cifar,attention_rollout,predicted,blocks.1,7,5,5,0.046710774302482605,0.3777923583984375,0.21225156635046005
209,vit_lejepa,vit_tiny_cifar,attention_rollout,predicted,blocks.1,9,8,8,-0.18536928296089172,0.4744970202445984,0.14456386864185333
210,vit_lejepa,vit_tiny_cifar,attention_rollout,predicted,blocks.1,7,4,4,-0.24877852201461792,0.39650094509124756,0.07386121153831482
211,vit_lejepa,vit_tiny_cifar,attention_rollout,predicted,blocks.1,4,8,8,0.261790007352829,0.4409703016281128,0.3513801544904709
212,vit_lejepa,vit_tiny_cifar,attention_rollout,predicted,blocks.1,5,8,8,0.11331473290920258,0.30493679642677307,0.20912576466798782
213,vit_lejepa,vit_tiny_cifar,attention_rollout,predicted,blocks.1,9,9,9,-0.24185070395469666,0.3996829092502594,0.07891610264778137
214,vit_lejepa,vit_tiny_cifar,attention_rollout,predicted,blocks.1,8,8,8,-0.10368402302265167,0.4200272262096405,0.15817160159349442
215,vit_lejepa,vit_tiny_cifar,attention_rollout,predicted,blocks.1,0,8,8,0.25949031114578247,0.4393984377384186,0.3494443744421005
216,vit_lejepa,vit_tiny_cifar,attention_rollout,predicted,blocks.1,7,5,5,-0.12021894752979279,0.2851211130619049,0.08245108276605606
217,vit_lejepa,vit_tiny_cifar,attention_rollout,predicted,blocks.1,9,9,9,-0.34718579053878784,0.34261468052864075,-0.0022855550050735474
218,vit_lejepa,vit_tiny_cifar,attention_rollout,predicted,blocks.1,8,8,8,0.7492644190788269,0.21470153331756592,0.4819829761981964
219,vit_lejepa,vit_tiny_cifar,attention_rollout,predicted,blocks.1,2,7,7,-0.15852375328540802,0.2859989404678345,0.06373759359121323
220,vit_lejepa,vit_tiny_cifar,attention_rollout,predicted,blocks.1,7,9,9,-0.21039225161075592,0.42322641611099243,0.10641708225011826
221,vit_lejepa,vit_tiny_cifar,attention_rollout,predicted,blocks.1,6,4,4,0.1692020744085312,0.279436856508255,0.2243194654583931
222,vit_lejepa,vit_tiny_cifar,attention_rollout,predicted,blocks.1,9,9,9,-0.42309683561325073,0.33964085578918457,-0.04172798991203308
223,vit_lejepa,vit_tiny_cifar,attention_rollout,predicted,blocks.1,4,4,4,0.44868505001068115,0.18161140382289886,0.31514822691679
224,vit_lejepa,vit_tiny_cifar,attention_rollout,predicted,blocks.1,3,9,9,0.10005495697259903,0.32987043261528015,0.2149626947939396
225,vit_lejepa,vit_tiny_cifar,attention_rollout,predicted,blocks.1,9,3,3,-0.23427443206310272,0.4005343019962311,0.08312993496656418
226,vit_lejepa,vit_tiny_cifar,attention_rollout,predicted,blocks.1,6,4,4,0.31973567605018616,0.35038259625434875,0.33505913615226746
227,vit_lejepa,vit_tiny_cifar,attention_rollout,predicted,blocks.1,4,5,5,0.17539682984352112,0.3253229856491089,0.250359907746315
228,vit_lejepa,vit_tiny_cifar,attention_rollout,predicted,blocks.1,7,8,8,0.15558718144893646,0.375499963760376,0.2655435726046562
229,vit_lejepa,vit_tiny_cifar,attention_rollout,predicted,blocks.1,6,9,9,-0.27721118927001953,0.40976017713546753,0.066274493932724
230,vit_lejepa,vit_tiny_cifar,attention_rollout,predicted,blocks.1,5,5,5,-0.2239544689655304,0.3157396912574768,0.045892611145973206
231,vit_lejepa,vit_tiny_cifar,attention_rollout,predicted,blocks.1,1,5,5,-0.1356743723154068,0.4338538944721222,0.1490897610783577
232,vit_lejepa,vit_tiny_cifar,attention_rollout,predicted,blocks.1,5,9,9,-0.21403774619102478,0.330229789018631,0.0580960214138031
233,vit_lejepa,vit_tiny_cifar,attention_rollout,predicted,blocks.1,8,4,4,0.1575886458158493,0.23545902967453003,0.19652383774518967
234,vit_lejepa,vit_tiny_cifar,attention_rollout,predicted,blocks.1,8,8,8,-0.2728935182094574,0.2977285087108612,0.012417495250701904
235,vit_lejepa,vit_tiny_cifar,attention_rollout,predicted,blocks.1,0,0,0,-0.08102059364318848,0.15810585021972656,0.03854262828826904
236,vit_lejepa,vit_tiny_cifar,attention_rollout,predicted,blocks.1,4,6,6,0.32248151302337646,0.16100044548511505,0.24174097925424576
237,vit_lejepa,vit_tiny_cifar,attention_rollout,predicted,blocks.1,0,8,8,-0.2364751547574997,0.4548051655292511,0.1091650053858757
238,vit_lejepa,vit_tiny_cifar,attention_rollout,predicted,blocks.1,5,0,0,0.9205974340438843,0.6391458511352539,0.7798716425895691
239,vit_lejepa,vit_tiny_cifar,attention_rollout,predicted,blocks.1,5,8,8,0.4477333426475525,0.49411097168922424,0.47092215716838837
240,vit_lejepa,vit_tiny_cifar,attention_rollout,predicted,blocks.1,1,8,8,-0.23012621700763702,0.19953683018684387,-0.015294693410396576
241,vit_lejepa,vit_tiny_cifar,attention_rollout,predicted,blocks.1,1,9,9,-0.29739728569984436,0.3763458728790283,0.03947429358959198
242,vit_lejepa,vit_tiny_cifar,attention_rollout,predicted,blocks.1,8,4,4,0.020078519359230995,0.2511168122291565,0.13559766579419374
243,vit_lejepa,vit_tiny_cifar,attention_rollout,predicted,blocks.1,9,3,3,0.01585065759718418,0.44737324118614197,0.23161194939166307
244,vit_lejepa,vit_tiny_cifar,attention_rollout,predicted,blocks.1,0,9,9,0.15843930840492249,0.22354379296302795,0.19099155068397522
245,vit_lejepa,vit_tiny_cifar,attention_rollout,predicted,blocks.1,3,7,7,-0.2358587086200714,0.2594236731529236,0.011782482266426086
246,vit_lejepa,vit_tiny_cifar,attention_rollout,predicted,blocks.1,1,2,2,-0.19991707801818848,0.23991551995277405,0.019999220967292786
247,vit_lejepa,vit_tiny_cifar,attention_rollout,predicted,blocks.1,9,8,8,-0.1414193958044052,0.3680148422718048,0.1132977232336998
248,vit_lejepa,vit_tiny_cifar,attention_rollout,predicted,blocks.1,2,7,7,-0.09963637590408325,0.14751875400543213,0.02394118905067444
249,vit_lejepa,vit_tiny_cifar,attention_rollout,predicted,blocks.1,2,3,3,0.08320456743240356,0.22183626890182495,0.15252041816711426
250,vit_lejepa,vit_tiny_cifar,attention_rollout,predicted,blocks.1,5,8,8,-0.06523590534925461,0.38564160466194153,0.16020284965634346
251,vit_lejepa,vit_tiny_cifar,attention_rollout,predicted,blocks.1,3,1,1,-0.057395000010728836,0.4252288341522217,0.18391691707074642
252,vit_lejepa,vit_tiny_cifar,attention_rollout,predicted,blocks.1,9,7,7,-0.18017974495887756,0.3143729567527771,0.06709660589694977
253,vit_lejepa,vit_tiny_cifar,attention_rollout,predicted,blocks.1,9,6,6,0.17651987075805664,0.2543959319591522,0.21545790135860443
254,vit_lejepa,vit_tiny_cifar,attention_rollout,predicted,blocks.1,4,7,7,-0.19894342124462128,0.3359227478504181,0.06848966330289841
255,vit_lejepa,vit_tiny_cifar,attention_rollout,predicted,blocks.1,0,8,8,0.047028228640556335,0.45171910524368286,0.2493736669421196
128,vit_lejepa,vit_tiny_cifar,attention_rollout,predicted,blocks.3,5,8,8,0.6071032881736755,0.6190089583396912,0.6130561232566833
129,vit_lejepa,vit_tiny_cifar,attention_rollout,predicted,blocks.3,2,0,0,0.6079634428024292,0.37846437096595764,0.4932139068841934
130,vit_lejepa,vit_tiny_cifar,attention_rollout,predicted,blocks.3,4,5,5,0.6839859485626221,0.49554550647735596,0.589765727519989
131,vit_lejepa,vit_tiny_cifar,attention_rollout,predicted,blocks.3,1,9,9,0.3953417241573334,0.6034102439880371,0.49937598407268524
132,vit_lejepa,vit_tiny_cifar,attention_rollout,predicted,blocks.3,8,9,9,0.22798021137714386,0.3593885600566864,0.29368438571691513
133,vit_lejepa,vit_tiny_cifar,attention_rollout,predicted,blocks.3,9,9,9,0.47176700830459595,0.5063632726669312,0.48906514048576355
134,vit_lejepa,vit_tiny_cifar,attention_rollout,predicted,blocks.3,1,5,5,0.46177348494529724,0.4335559606552124,0.4476647228002548
135,vit_lejepa,vit_tiny_cifar,attention_rollout,predicted,blocks.3,2,8,8,0.48470360040664673,0.36568862199783325,0.42519611120224
136,vit_lejepa,vit_tiny_cifar,attention_rollout,predicted,blocks.3,9,9,9,0.40925297141075134,0.5435569286346436,0.47640495002269745
137,vit_lejepa,vit_tiny_cifar,attention_rollout,predicted,blocks.3,7,9,9,0.3990357518196106,0.2917769253253937,0.34540633857250214
138,vit_lejepa,vit_tiny_cifar,attention_rollout,predicted,blocks.3,2,4,4,0.7099581360816956,0.2403317540884018,0.4751449450850487
139,vit_lejepa,vit_tiny_cifar,attention_rollout,predicted,blocks.3,9,8,8,0.6005272269248962,0.4450761675834656,0.5228016972541809
140,vit_lejepa,vit_tiny_cifar,attention_rollout,predicted,blocks.3,6,9,9,0.1092306450009346,0.24357715249061584,0.17640389874577522
141,vit_lejepa,vit_tiny_cifar,attention_rollout,predicted,blocks.3,5,7,7,0.2922799587249756,0.5175157785415649,0.40489786863327026
142,vit_lejepa,vit_tiny_cifar,attention_rollout,predicted,blocks.3,6,8,8,0.5840052962303162,0.4222142696380615,0.5031097829341888
143,vit_lejepa,vit_tiny_cifar,attention_rollout,predicted,blocks.3,3,7,7,0.7615723609924316,0.3446849286556244,0.553128644824028
144,vit_lejepa,vit_tiny_cifar,attention_rollout,predicted,blocks.3,8,5,5,0.5536847114562988,0.5239810943603516,0.5388329029083252
145,vit_lejepa,vit_tiny_cifar,attention_rollout,predicted,blocks.3,7,5,5,0.37941402196884155,0.5016144514083862,0.4405142366886139
146,vit_lejepa,vit_tiny_cifar,attention_rollout,predicted,blocks.3,6,6,6,0.17438378930091858,0.12792867422103882,0.1511562317609787
147,vit_lejepa,vit_tiny_cifar,attention_rollout,predicted,blocks.3,2,9,9,0.24681904911994934,0.5022897124290466,0.374554380774498
148,vit_lejepa,vit_tiny_cifar,attention_rollout,predicted,blocks.3,5,9,9,0.45730462670326233,0.6070724725723267,0.5321885496377945
149,vit_lejepa,vit_tiny_cifar,attention_rollout,predicted,blocks.3,2,3,3,0.4382716417312622,0.5220653414726257,0.48016849160194397
150,vit_lejepa,vit_tiny_cifar,attention_rollout,predicted,blocks.3,8,1,1,0.5478531718254089,0.5442676544189453,0.5460604131221771
151,vit_lejepa,vit_tiny_cifar,attention_rollout,predicted,blocks.3,9,8,8,0.12978659570217133,0.4523523449897766,0.29106947034597397
152,vit_lejepa,vit_tiny_cifar,attention_rollout,predicted,blocks.3,6,1,1,0.33788394927978516,0.35539019107818604,0.3466370701789856
153,vit_lejepa,vit_tiny_cifar,attention_rollout,predicted,blocks.3,0,3,3,0.4089806079864502,0.3660535216331482,0.3875170648097992
154,vit_lejepa,vit_tiny_cifar,attention_rollout,predicted,blocks.3,0,8,8,0.3393994867801666,0.5464575886726379,0.4429285377264023
155,vit_lejepa,vit_tiny_cifar,attention_rollout,predicted,blocks.3,5,9,9,0.33138543367385864,0.3948158621788025,0.36310064792633057
156,vit_lejepa,vit_tiny_cifar,attention_rollout,predicted,blocks.3,2,8,8,0.822284996509552,0.5685836672782898,0.6954343318939209
157,vit_lejepa,vit_tiny_cifar,attention_rollout,predicted,blocks.3,9,9,9,0.35944682359695435,0.5563937425613403,0.45792028307914734
158,vit_lejepa,vit_tiny_cifar,attention_rollout,predicted,blocks.3,5,7,7,0.24286925792694092,0.313167929649353,0.278018593788147
159,vit_lejepa,vit_tiny_cifar,attention_rollout,predicted,blocks.3,4,9,9,-0.07101677358150482,0.22937585413455963,0.0791795402765274
160,vit_lejepa,vit_tiny_cifar,attention_rollout,predicted,blocks.3,2,5,5,0.41056931018829346,0.4123293459415436,0.4114493280649185
161,vit_lejepa,vit_tiny_cifar,attention_rollout,predicted,blocks.3,1,9,9,0.15547166764736176,0.29238492250442505,0.2239282950758934
162,vit_lejepa,vit_tiny_cifar,attention_rollout,predicted,blocks.3,6,9,9,0.03683648258447647,0.3616383373737335,0.199237409979105
163,vit_lejepa,vit_tiny_cifar,attention_rollout,predicted,blocks.3,6,7,7,0.3751273453235626,0.2120542675256729,0.29359080642461777
164,vit_lejepa,vit_tiny_cifar,attention_rollout,predicted,blocks.3,8,8,8,0.46508294343948364,0.5015432238578796,0.48331308364868164
165,vit_lejepa,vit_tiny_cifar,attention_rollout,predicted,blocks.3,4,8,8,0.5083863735198975,0.476572185754776,0.49247927963733673
166,vit_lejepa,vit_tiny_cifar,attention_rollout,predicted,blocks.3,8,8,8,0.2910127341747284,0.3128190338611603,0.30191588401794434
167,vit_lejepa,vit_tiny_cifar,attention_rollout,predicted,blocks.3,4,6,6,0.5233790278434753,0.13462716341018677,0.32900309562683105
168,vit_lejepa,vit_tiny_cifar,attention_rollout,predicted,blocks.3,5,8,8,0.5316426753997803,0.44215813279151917,0.4869004040956497
169,vit_lejepa,vit_tiny_cifar,attention_rollout,predicted,blocks.3,0,8,8,0.6772046089172363,0.6129121780395508,0.6450583934783936
170,vit_lejepa,vit_tiny_cifar,attention_rollout,predicted,blocks.3,9,8,8,0.639229416847229,0.4805023968219757,0.5598659068346024
171,vit_lejepa,vit_tiny_cifar,attention_rollout,predicted,blocks.3,9,9,9,0.45966458320617676,0.5949228405952454,0.5272937119007111
172,vit_lejepa,vit_tiny_cifar,attention_rollout,predicted,blocks.3,9,8,8,0.3256000578403473,0.4073543846607208,0.36647722125053406
173,vit_lejepa,vit_tiny_cifar,attention_rollout,predicted,blocks.3,8,4,4,0.3369993269443512,0.3773209750652313,0.35716015100479126
174,vit_lejepa,vit_tiny_cifar,attention_rollout,predicted,blocks.3,9,9,9,0.13639065623283386,0.28233060240745544,0.20936062932014465
175,vit_lejepa,vit_tiny_cifar,attention_rollout,predicted,blocks.3,9,9,9,0.3391582667827606,0.5053247809410095,0.42224152386188507
176,vit_lejepa,vit_tiny_cifar,attention_rollout,predicted,blocks.3,3,7,7,0.02777678705751896,0.21173739433288574,0.11975709069520235
177,vit_lejepa,vit_tiny_cifar,attention_rollout,predicted,blocks.3,7,7,7,0.32564622163772583,0.20113499462604523,0.26339060813188553
178,vit_lejepa,vit_tiny_cifar,attention_rollout,predicted,blocks.3,5,3,3,0.1382453441619873,0.17488479614257812,0.15656507015228271
179,vit_lejepa,vit_tiny_cifar,attention_rollout,predicted,blocks.3,0,9,9,0.40770986676216125,0.42269647121429443,0.41520316898822784
180,vit_lejepa,vit_tiny_cifar,attention_rollout,predicted,blocks.3,0,9,9,0.5331854820251465,0.384574294090271,0.45887988805770874
181,vit_lejepa,vit_tiny_cifar,attention_rollout,predicted,blocks.3,5,5,5,0.7079443335533142,0.538221538066864,0.6230829358100891
182,vit_lejepa,vit_tiny_cifar,attention_rollout,predicted,blocks.3,2,3,3,0.1949441283941269,0.2884839177131653,0.2417140230536461
183,vit_lejepa,vit_tiny_cifar,attention_rollout,predicted,blocks.3,2,9,9,0.33047962188720703,0.15352857112884521,0.24200409650802612
184,vit_lejepa,vit_tiny_cifar,attention_rollout,predicted,blocks.3,3,8,8,0.5027649402618408,0.4073775112628937,0.45507122576236725
185,vit_lejepa,vit_tiny_cifar,attention_rollout,predicted,blocks.3,8,8,8,0.3406292498111725,0.39674103260040283,0.36868514120578766
186,vit_lejepa,vit_tiny_cifar,attention_rollout,predicted,blocks.3,6,1,1,0.08185432851314545,0.17591288685798645,0.12888360768556595
187,vit_lejepa,vit_tiny_cifar,attention_rollout,predicted,blocks.3,3,9,9,0.35065215826034546,0.3890509605407715,0.36985155940055847
188,vit_lejepa,vit_tiny_cifar,attention_rollout,predicted,blocks.3,4,9,9,0.6568500995635986,0.45064544677734375,0.5537477731704712
189,vit_lejepa,vit_tiny_cifar,attention_rollout,predicted,blocks.3,0,9,9,0.24049128592014313,0.4292020797729492,0.3348466828465462
190,vit_lejepa,vit_tiny_cifar,attention_rollout,predicted,blocks.3,5,4,4,0.21319937705993652,0.28606170415878296,0.24963054060935974
191,vit_lejepa,vit_tiny_cifar,attention_rollout,predicted,blocks.3,8,9,9,0.28495264053344727,0.42093557119369507,0.35294410586357117
192,vit_lejepa,vit_tiny_cifar,attention_rollout,predicted,blocks.3,0,9,9,0.3633856773376465,0.45920246839523315,0.4112940728664398
193,vit_lejepa,vit_tiny_cifar,attention_rollout,predicted,blocks.3,1,9,9,0.18958987295627594,0.18824641406536102,0.18891814351081848
194,vit_lejepa,vit_tiny_cifar,attention_rollout,predicted,blocks.3,7,7,7,0.1908772587776184,0.2679949402809143,0.22943609952926636
195,vit_lejepa,vit_tiny_cifar,attention_rollout,predicted,blocks.3,2,1,1,0.20647922158241272,0.10063573718070984,0.15355747938156128
196,vit_lejepa,vit_tiny_cifar,attention_rollout,predicted,blocks.3,8,9,9,0.5551273822784424,0.5034570693969727,0.5292922258377075
197,vit_lejepa,vit_tiny_cifar,attention_rollout,predicted,blocks.3,8,8,8,0.47630003094673157,0.3899526298046112,0.4331263303756714
198,vit_lejepa,vit_tiny_cifar,attention_rollout,predicted,blocks.3,7,5,5,0.4509357213973999,0.5323773622512817,0.4916565418243408
199,vit_lejepa,vit_tiny_cifar,attention_rollout,predicted,blocks.3,8,8,8,0.35243695974349976,0.45615535974502563,0.4042961597442627
200,vit_lejepa,vit_tiny_cifar,attention_rollout,predicted,blocks.3,5,9,9,0.4475919008255005,0.5220457315444946,0.48481881618499756
201,vit_lejepa,vit_tiny_cifar,attention_rollout,predicted,blocks.3,1,8,8,0.5579383373260498,0.6257398128509521,0.591839075088501
202,vit_lejepa,vit_tiny_cifar,attention_rollout,predicted,blocks.3,8,9,9,0.6974101662635803,0.629464328289032,0.6634372472763062
203,vit_lejepa,vit_tiny_cifar,attention_rollout,predicted,blocks.3,7,9,9,0.24636076390743256,0.4891049265861511,0.36773284524679184
204,vit_lejepa,vit_tiny_cifar,attention_rollout,predicted,blocks.3,1,1,1,0.1877518594264984,0.28916195034980774,0.23845690488815308
205,vit_lejepa,vit_tiny_cifar,attention_rollout,predicted,blocks.3,3,0,0,0.7205245494842529,0.39642465114593506,0.558474600315094
206,vit_lejepa,vit_tiny_cifar,attention_rollout,predicted,blocks.3,0,4,4,0.2678667902946472,0.33289405703544617,0.3003804236650467
207,vit_lejepa,vit_tiny_cifar,attention_rollout,predicted,blocks.3,5,4,4,0.3611987829208374,0.32553327083587646,0.34336602687835693
208,vit_lejepa,vit_tiny_cifar,attention_rollout,predicted,blocks.3,7,5,5,0.552122950553894,0.2950213849544525,0.4235721677541733
209,vit_lejepa,vit_tiny_cifar,attention_rollout,predicted,blocks.3,9,8,8,0.5419794321060181,0.5665061473846436,0.5542427897453308
210,vit_lejepa,vit_tiny_cifar,attention_rollout,predicted,blocks.3,7,4,4,0.24713045358657837,0.4038458466529846,0.3254881501197815
211,vit_lejepa,vit_tiny_cifar,attention_rollout,predicted,blocks.3,4,8,8,0.8158758282661438,0.6239098906517029,0.7198928594589233
212,vit_lejepa,vit_tiny_cifar,attention_rollout,predicted,blocks.3,5,8,8,0.44362780451774597,0.4042649269104004,0.4239463657140732
213,vit_lejepa,vit_tiny_cifar,attention_rollout,predicted,blocks.3,9,9,9,0.37476879358291626,0.5246554017066956,0.4497120976448059
214,vit_lejepa,vit_tiny_cifar,attention_rollout,predicted,blocks.3,8,8,8,0.5235926508903503,0.5537717342376709,0.5386821925640106
215,vit_lejepa,vit_tiny_cifar,attention_rollout,predicted,blocks.3,0,8,8,0.797087550163269,0.5786663293838501,0.6878769397735596
216,vit_lejepa,vit_tiny_cifar,attention_rollout,predicted,blocks.3,7,5,5,0.3116355240345001,0.3867153823375702,0.34917545318603516
217,vit_lejepa,vit_tiny_cifar,attention_rollout,predicted,blocks.3,9,9,9,0.24384957551956177,0.5713903307914734,0.4076199531555176
218,vit_lejepa,vit_tiny_cifar,attention_rollout,predicted,blocks.3,8,8,8,0.7215445041656494,0.17077380418777466,0.44615915417671204
219,vit_lejepa,vit_tiny_cifar,attention_rollout,predicted,blocks.3,2,7,7,0.22365489602088928,0.206747904419899,0.21520140022039413
220,vit_lejepa,vit_tiny_cifar,attention_rollout,predicted,blocks.3,7,9,9,0.3104388117790222,0.46836790442466736,0.3894033581018448
221,vit_lejepa,vit_tiny_cifar,attention_rollout,predicted,blocks.3,6,4,4,0.4146696627140045,0.34308451414108276,0.37887708842754364
222,vit_lejepa,vit_tiny_cifar,attention_rollout,predicted,blocks.3,9,9,9,0.11240705847740173,0.5079194903373718,0.3101632744073868
223,vit_lejepa,vit_tiny_cifar,attention_rollout,predicted,blocks.3,4,4,4,0.5482974052429199,0.2005951702594757,0.3744462877511978
224,vit_lejepa,vit_tiny_cifar,attention_rollout,predicted,blocks.3,3,9,9,0.43485212326049805,0.39967286586761475,0.4172624945640564
225,vit_lejepa,vit_tiny_cifar,attention_rollout,predicted,blocks.3,9,3,3,0.42272019386291504,0.5374405980110168,0.48008039593696594
226,vit_lejepa,vit_tiny_cifar,attention_rollout,predicted,blocks.3,6,4,4,0.71549391746521,0.6338678002357483,0.6746808588504791
227,vit_lejepa,vit_tiny_cifar,attention_rollout,predicted,blocks.3,4,5,5,0.6650741100311279,0.4702639579772949,0.5676690340042114
228,vit_lejepa,vit_tiny_cifar,attention_rollout,predicted,blocks.3,7,8,8,0.6519258618354797,0.42434999346733093,0.5381379276514053
229,vit_lejepa,vit_tiny_cifar,attention_rollout,predicted,blocks.3,6,9,9,0.07517891377210617,0.2667140066623688,0.17094646021723747
230,vit_lejepa,vit_tiny_cifar,attention_rollout,predicted,blocks.3,5,5,5,0.5319303870201111,0.4828587472438812,0.5073945671319962
231,vit_lejepa,vit_tiny_cifar,attention_rollout,predicted,blocks.3,1,5,5,0.5556700825691223,0.5931538939476013,0.5744119882583618
232,vit_lejepa,vit_tiny_cifar,attention_rollout,predicted,blocks.3,5,9,9,0.13047857582569122,0.42858847975730896,0.2795335277915001
233,vit_lejepa,vit_tiny_cifar,attention_rollout,predicted,blocks.3,8,4,4,0.36164262890815735,0.2302369475364685,0.2959397882223129
234,vit_lejepa,vit_tiny_cifar,attention_rollout,predicted,blocks.3,8,8,8,0.33342215418815613,0.4001395106315613,0.3667808324098587
235,vit_lejepa,vit_tiny_cifar,attention_rollout,predicted,blocks.3,0,0,0,0.05476992577314377,0.2000376582145691,0.12740379199385643
236,vit_lejepa,vit_tiny_cifar,attention_rollout,predicted,blocks.3,4,6,6,0.4480400085449219,0.16866247355937958,0.3083512410521507
237,vit_lejepa,vit_tiny_cifar,attention_rollout,predicted,blocks.3,0,8,8,0.18195286393165588,0.5411532521247864,0.36155305802822113
238,vit_lejepa,vit_tiny_cifar,attention_rollout,predicted,blocks.3,5,0,0,0.8667545914649963,0.5288064479827881,0.6977805197238922
239,vit_lejepa,vit_tiny_cifar,attention_rollout,predicted,blocks.3,5,8,8,0.7383575439453125,0.5744335055351257,0.6563955247402191
240,vit_lejepa,vit_tiny_cifar,attention_rollout,predicted,blocks.3,1,8,8,-0.012138435617089272,0.27818506956100464,0.13302331697195768
241,vit_lejepa,vit_tiny_cifar,attention_rollout,predicted,blocks.3,1,9,9,0.1743537336587906,0.4700370132923126,0.3221953734755516
242,vit_lejepa,vit_tiny_cifar,attention_rollout,predicted,blocks.3,8,4,4,0.3927430808544159,0.3333849310874939,0.3630640059709549
243,vit_lejepa,vit_tiny_cifar,attention_rollout,predicted,blocks.3,9,3,3,0.7636081576347351,0.6156020164489746,0.6896050870418549
244,vit_lejepa,vit_tiny_cifar,attention_rollout,predicted,blocks.3,0,9,9,0.3406951129436493,0.24225641787052155,0.2914757654070854
245,vit_lejepa,vit_tiny_cifar,attention_rollout,predicted,blocks.3,3,7,7,0.21691682934761047,0.4206749498844147,0.3187958896160126
246,vit_lejepa,vit_tiny_cifar,attention_rollout,predicted,blocks.3,1,2,2,0.1448364555835724,0.2660335302352905,0.20543499290943146
247,vit_lejepa,vit_tiny_cifar,attention_rollout,predicted,blocks.3,9,8,8,0.38910138607025146,0.49774569272994995,0.4434235394001007
248,vit_lejepa,vit_tiny_cifar,attention_rollout,predicted,blocks.3,2,7,7,0.012947633862495422,0.15427528321743011,0.08361145853996277
249,vit_lejepa,vit_tiny_cifar,attention_rollout,predicted,blocks.3,2,3,3,0.37085801362991333,0.2719463109970093,0.3214021623134613
250,vit_lejepa,vit_tiny_cifar,attention_rollout,predicted,blocks.3,5,8,8,0.4510582685470581,0.4855642318725586,0.46831125020980835
251,vit_lejepa,vit_tiny_cifar,attention_rollout,predicted,blocks.3,3,1,1,0.336405873298645,0.45881471037864685,0.39761029183864594
252,vit_lejepa,vit_tiny_cifar,attention_rollout,predicted,blocks.3,9,7,7,0.22862549126148224,0.29700273275375366,0.26281411200761795
253,vit_lejepa,vit_tiny_cifar,attention_rollout,predicted,blocks.3,9,6,6,0.2548983097076416,0.24125522375106812,0.24807676672935486
254,vit_lejepa,vit_tiny_cifar,attention_rollout,predicted,blocks.3,4,7,7,0.4144971966743469,0.3995537757873535,0.4070254862308502
255,vit_lejepa,vit_tiny_cifar,attention_rollout,predicted,blocks.3,0,8,8,0.7533738613128662,0.5475552082061768,0.6504645347595215
128,vit_lejepa,vit_tiny_cifar,attention_rollout,predicted,blocks.5,5,8,8,0.7025757431983948,0.6444513201713562,0.6735135316848755
129,vit_lejepa,vit_tiny_cifar,attention_rollout,predicted,blocks.5,2,0,0,0.6980084180831909,0.36174914240837097,0.529878780245781
130,vit_lejepa,vit_tiny_cifar,attention_rollout,predicted,blocks.5,4,5,5,0.7427991628646851,0.5271334648132324,0.6349663138389587
131,vit_lejepa,vit_tiny_cifar,attention_rollout,predicted,blocks.5,1,9,9,0.48194992542266846,0.5994135141372681,0.5406817197799683
132,vit_lejepa,vit_tiny_cifar,attention_rollout,predicted,blocks.5,8,9,9,0.29517531394958496,0.33720630407333374,0.31619080901145935
133,vit_lejepa,vit_tiny_cifar,attention_rollout,predicted,blocks.5,9,9,9,0.575552225112915,0.4968632757663727,0.5362077504396439
134,vit_lejepa,vit_tiny_cifar,attention_rollout,predicted,blocks.5,1,5,5,0.5305013656616211,0.38410043716430664,0.45730090141296387
135,vit_lejepa,vit_tiny_cifar,attention_rollout,predicted,blocks.5,2,8,8,0.5644226670265198,0.33269691467285156,0.44855979084968567
136,vit_lejepa,vit_tiny_cifar,attention_rollout,predicted,blocks.5,9,9,9,0.5398987531661987,0.5169817209243774,0.5284402370452881
137,vit_lejepa,vit_tiny_cifar,attention_rollout,predicted,blocks.5,7,9,9,0.46649491786956787,0.2722225785255432,0.36935874819755554
138,vit_lejepa,vit_tiny_cifar,attention_rollout,predicted,blocks.5,2,4,4,0.7012534737586975,0.24962669610977173,0.4754400849342346
139,vit_lejepa,vit_tiny_cifar,attention_rollout,predicted,blocks.5,9,8,8,0.6892877817153931,0.4477384388446808,0.5685131102800369
140,vit_lejepa,vit_tiny_cifar,attention_rollout,predicted,blocks.5,6,9,9,0.19331543147563934,0.21875110268592834,0.20603326708078384
141,vit_lejepa,vit_tiny_cifar,attention_rollout,predicted,blocks.5,5,7,7,0.42646872997283936,0.4799257516860962,0.4531972408294678
142,vit_lejepa,vit_tiny_cifar,attention_rollout,predicted,blocks.5,6,8,8,0.6356145143508911,0.41306331753730774,0.5243389159440994
143,vit_lejepa,vit_tiny_cifar,attention_rollout,predicted,blocks.5,3,7,7,0.7630448341369629,0.35259053111076355,0.5578176826238632
144,vit_lejepa,vit_tiny_cifar,attention_rollout,predicted,blocks.5,8,5,5,0.6579396724700928,0.5381057262420654,0.5980226993560791
145,vit_lejepa,vit_tiny_cifar,attention_rollout,predicted,blocks.5,7,5,5,0.43159499764442444,0.4558051824569702,0.4437000900506973
146,vit_lejepa,vit_tiny_cifar,attention_rollout,predicted,blocks.5,6,6,6,0.19427524507045746,0.12768256664276123,0.16097890585660934
147,vit_lejepa,vit_tiny_cifar,attention_rollout,predicted,blocks.5,2,9,9,0.3793611526489258,0.52099609375,0.4501786231994629
148,vit_lejepa,vit_tiny_cifar,attention_rollout,predicted,blocks.5,5,9,9,0.5027333498001099,0.5963547825813293,0.5495440661907196
149,vit_lejepa,vit_tiny_cifar,attention_rollout,predicted,blocks.5,2,3,3,0.557782769203186,0.5412590503692627,0.5495209097862244
150,vit_lejepa,vit_tiny_cifar,attention_rollout,predicted,blocks.5,8,1,1,0.6298200488090515,0.5847083330154419,0.6072641909122467
151,vit_lejepa,vit_tiny_cifar,attention_rollout,predicted,blocks.5,9,8,8,0.22374127805233002,0.40795570611953735,0.3158484920859337
152,vit_lejepa,vit_tiny_cifar,attention_rollout,predicted,blocks.5,6,1,1,0.36599451303482056,0.36017608642578125,0.3630852997303009
153,vit_lejepa,vit_tiny_cifar,attention_rollout,predicted,blocks.5,0,3,3,0.4951615035533905,0.3811441659927368,0.43815283477306366
154,vit_lejepa,vit_tiny_cifar,attention_rollout,predicted,blocks.5,0,8,8,0.39376300573349,0.5288453698158264,0.4613041877746582
155,vit_lejepa,vit_tiny_cifar,attention_rollout,predicted,blocks.5,5,9,9,0.38634994626045227,0.36519715189933777,0.375773549079895
156,vit_lejepa,vit_tiny_cifar,attention_rollout,predicted,blocks.5,2,8,8,0.6412724852561951,0.49120113253593445,0.5662368088960648
157,vit_lejepa,vit_tiny_cifar,attention_rollout,predicted,blocks.5,9,9,9,0.5043702125549316,0.5492146611213684,0.52679243683815
158,vit_lejepa,vit_tiny_cifar,attention_rollout,predicted,blocks.5,5,7,7,0.33058667182922363,0.31508228182792664,0.32283447682857513
159,vit_lejepa,vit_tiny_cifar,attention_rollout,predicted,blocks.5,4,9,9,-0.014786778017878532,0.20516656339168549,0.09518989268690348
160,vit_lejepa,vit_tiny_cifar,attention_rollout,predicted,blocks.5,2,5,5,0.47083213925361633,0.38815921545028687,0.4294956773519516
161,vit_lejepa,vit_tiny_cifar,attention_rollout,predicted,blocks.5,1,9,9,0.23181727528572083,0.29002583026885986,0.26092155277729034
162,vit_lejepa,vit_tiny_cifar,attention_rollout,predicted,blocks.5,6,9,9,0.11175911873579025,0.34832459688186646,0.23004185780882835
163,vit_lejepa,vit_tiny_cifar,attention_rollout,predicted,blocks.5,6,7,7,0.3854469954967499,0.2289125919342041,0.307179793715477
164,vit_lejepa,vit_tiny_cifar,attention_rollout,predicted,blocks.5,8,8,8,0.565918505191803,0.5006464719772339,0.5332824885845184
165,vit_lejepa,vit_tiny_cifar,attention_rollout,predicted,blocks.5,4,8,8,0.6301841735839844,0.48544439673423767,0.557814285159111
166,vit_lejepa,vit_tiny_cifar,attention_rollout,predicted,blocks.5,8,8,8,0.4016265869140625,0.31890246272087097,0.36026452481746674
167,vit_lejepa,vit_tiny_cifar,attention_rollout,predicted,blocks.5,4,6,6,0.5261217951774597,0.14246423542499542,0.33429301530122757
168,vit_lejepa,vit_tiny_cifar,attention_rollout,predicted,blocks.5,5,8,8,0.5949485898017883,0.41970714926719666,0.5073278695344925
169,vit_lejepa,vit_tiny_cifar,attention_rollout,predicted,blocks.5,0,8,8,0.7654324173927307,0.5395225882530212,0.652477502822876
170,vit_lejepa,vit_tiny_cifar,attention_rollout,predicted,blocks.5,9,8,8,0.7028937935829163,0.45388299226760864,0.5783883929252625
171,vit_lejepa,vit_tiny_cifar,attention_rollout,predicted,blocks.5,9,9,9,0.5495767593383789,0.5739308595657349,0.5617538094520569
172,vit_lejepa,vit_tiny_cifar,attention_rollout,predicted,blocks.5,9,8,8,0.4301646947860718,0.4267546832561493,0.42845968902111053
173,vit_lejepa,vit_tiny_cifar,attention_rollout,predicted,blocks.5,8,4,4,0.3913676142692566,0.36203694343566895,0.37670227885246277
174,vit_lejepa,vit_tiny_cifar,attention_rollout,predicted,blocks.5,9,9,9,0.1631283015012741,0.27547407150268555,0.21930118650197983
175,vit_lejepa,vit_tiny_cifar,attention_rollout,predicted,blocks.5,9,9,9,0.46685799956321716,0.5656375288963318,0.5162477642297745
176,vit_lejepa,vit_tiny_cifar,attention_rollout,predicted,blocks.5,3,7,7,0.05007179081439972,0.20950697362422943,0.12978938221931458
177,vit_lejepa,vit_tiny_cifar,attention_rollout,predicted,blocks.5,7,7,7,0.3322362005710602,0.21461284160614014,0.27342452108860016
178,vit_lejepa,vit_tiny_cifar,attention_rollout,predicted,blocks.5,5,3,3,0.22305071353912354,0.17962665855884552,0.20133868604898453
179,vit_lejepa,vit_tiny_cifar,attention_rollout,predicted,blocks.5,0,9,9,0.5111024379730225,0.4031359553337097,0.4571191966533661
180,vit_lejepa,vit_tiny_cifar,attention_rollout,predicted,blocks.5,0,9,9,0.6177487969398499,0.36775872111320496,0.4927537590265274
181,vit_lejepa,vit_tiny_cifar,attention_rollout,predicted,blocks.5,5,5,5,0.7551688551902771,0.5001005530357361,0.6276347041130066
182,vit_lejepa,vit_tiny_cifar,attention_rollout,predicted,blocks.5,2,3,3,0.25678080320358276,0.2783810794353485,0.26758094131946564
183,vit_lejepa,vit_tiny_cifar,attention_rollout,predicted,blocks.5,2,9,9,0.29354989528656006,0.15636496245861053,0.2249574288725853
184,vit_lejepa,vit_tiny_cifar,attention_rollout,predicted,blocks.5,3,8,8,0.5771913528442383,0.405906617641449,0.49154898524284363
185,vit_lejepa,vit_tiny_cifar,attention_rollout,predicted,blocks.5,8,8,8,0.5294972658157349,0.4531557559967041,0.4913265109062195
186,vit_lejepa,vit_tiny_cifar,attention_rollout,predicted,blocks.5,6,1,1,0.12428116053342819,0.18819542229175568,0.15623829141259193
187,vit_lejepa,vit_tiny_cifar,attention_rollout,predicted,blocks.5,3,9,9,0.4322827458381653,0.3695732057094574,0.40092797577381134
188,vit_lejepa,vit_tiny_cifar,attention_rollout,predicted,blocks.5,4,9,9,0.7214769124984741,0.4107503890991211,0.5661136507987976
189,vit_lejepa,vit_tiny_cifar,attention_rollout,predicted,blocks.5,0,9,9,0.2691430449485779,0.4018450677394867,0.3354940563440323
190,vit_lejepa,vit_tiny_cifar,attention_rollout,predicted,blocks.5,5,4,4,0.35340166091918945,0.3998299837112427,0.37661582231521606
191,vit_lejepa,vit_tiny_cifar,attention_rollout,predicted,blocks.5,8,9,9,0.43597203493118286,0.40180283784866333,0.4188874363899231
192,vit_lejepa,vit_tiny_cifar,attention_rollout,predicted,blocks.5,0,9,9,0.4462946653366089,0.43506112694740295,0.4406778961420059
193,vit_lejepa,vit_tiny_cifar,attention_rollout,predicted,blocks.5,1,9,9,0.2297797054052353,0.18452368676662445,0.20715169608592987
194,vit_lejepa,vit_tiny_cifar,attention_rollout,predicted,blocks.5,7,7,7,0.26527896523475647,0.2642492651939392,0.26476411521434784
195,vit_lejepa,vit_tiny_cifar,attention_rollout,predicted,blocks.5,2,1,1,0.22748011350631714,0.10418175160884857,0.16583093255758286
196,vit_lejepa,vit_tiny_cifar,attention_rollout,predicted,blocks.5,8,9,9,0.661344587802887,0.4563015401363373,0.5588230639696121
197,vit_lejepa,vit_tiny_cifar,attention_rollout,predicted,blocks.5,8,8,8,0.4288701117038727,0.3567449152469635,0.3928075134754181
198,vit_lejepa,vit_tiny_cifar,attention_rollout,predicted,blocks.5,7,5,5,0.5391294956207275,0.5298139452934265,0.534471720457077
199,vit_lejepa,vit_tiny_cifar,attention_rollout,predicted,blocks.5,8,8,8,0.43686726689338684,0.43539971113204956,0.4361334890127182
200,vit_lejepa,vit_tiny_cifar,attention_rollout,predicted,blocks.5,5,9,9,0.514710545539856,0.5156604647636414,0.5151855051517487
201,vit_lejepa,vit_tiny_cifar,attention_rollout,predicted,blocks.5,1,8,8,0.6416603326797485,0.6204306483268738,0.6310454905033112
202,vit_lejepa,vit_tiny_cifar,attention_rollout,predicted,blocks.5,8,9,9,0.7692176103591919,0.6409516334533691,0.7050846219062805
203,vit_lejepa,vit_tiny_cifar,attention_rollout,predicted,blocks.5,7,9,9,0.28103336691856384,0.4840027093887329,0.3825180381536484
204,vit_lejepa,vit_tiny_cifar,attention_rollout,predicted,blocks.5,1,1,1,0.25296080112457275,0.28635719418525696,0.26965899765491486
205,vit_lejepa,vit_tiny_cifar,attention_rollout,predicted,blocks.5,3,0,0,0.7428756356239319,0.39526045322418213,0.569068044424057
206,vit_lejepa,vit_tiny_cifar,attention_rollout,predicted,blocks.5,0,4,4,0.35023659467697144,0.3539217412471771,0.3520791679620743
207,vit_lejepa,vit_tiny_cifar,attention_rollout,predicted,blocks.5,5,4,4,0.4352085292339325,0.34619104862213135,0.3906997889280319
208,vit_lejepa,vit_tiny_cifar,attention_rollout,predicted,blocks.5,7,5,5,0.6447105407714844,0.28578096628189087,0.4652457535266876
209,vit_lejepa,vit_tiny_cifar,attention_rollout,predicted,blocks.5,9,8,8,0.6346611380577087,0.54704749584198,0.5908543169498444
210,vit_lejepa,vit_tiny_cifar,attention_rollout,predicted,blocks.5,7,4,4,0.34566381573677063,0.399819552898407,0.3727416843175888
211,vit_lejepa,vit_tiny_cifar,attention_rollout,predicted,blocks.5,4,8,8,0.8541249632835388,0.6233744621276855,0.7387497127056122
212,vit_lejepa,vit_tiny_cifar,attention_rollout,predicted,blocks.5,5,8,8,0.5452329516410828,0.4409203827381134,0.4930766671895981
213,vit_lejepa,vit_tiny_cifar,attention_rollout,predicted,blocks.5,9,9,9,0.4940696060657501,0.5405502319335938,0.5173099189996719
214,vit_lejepa,vit_tiny_cifar,attention_rollout,predicted,blocks.5,8,8,8,0.6424732208251953,0.5614438056945801,0.6019585132598877
215,vit_lejepa,vit_tiny_cifar,attention_rollout,predicted,blocks.5,0,8,8,0.8445562720298767,0.5551742315292358,0.6998652517795563
216,vit_lejepa,vit_tiny_cifar,attention_rollout,predicted,blocks.5,7,5,5,0.41836440563201904,0.38268357515335083,0.40052399039268494
217,vit_lejepa,vit_tiny_cifar,attention_rollout,predicted,blocks.5,9,9,9,0.40274038910865784,0.5992343425750732,0.5009873658418655
218,vit_lejepa,vit_tiny_cifar,attention_rollout,predicted,blocks.5,8,8,8,0.7011206150054932,0.14765797555446625,0.4243892952799797
219,vit_lejepa,vit_tiny_cifar,attention_rollout,predicted,blocks.5,2,7,7,0.3087407946586609,0.1854066252708435,0.2470737099647522
220,vit_lejepa,vit_tiny_cifar,attention_rollout,predicted,blocks.5,7,9,9,0.3980841040611267,0.4500446319580078,0.42406436800956726
221,vit_lejepa,vit_tiny_cifar,attention_rollout,predicted,blocks.5,6,4,4,0.43492960929870605,0.3570254147052765,0.39597751200199127
222,vit_lejepa,vit_tiny_cifar,attention_rollout,predicted,blocks.5,9,9,9,0.25615090131759644,0.5222001075744629,0.38917550444602966
223,vit_lejepa,vit_tiny_cifar,attention_rollout,predicted,blocks.5,4,4,4,0.5377715826034546,0.2110898494720459,0.37443071603775024
224,vit_lejepa,vit_tiny_cifar,attention_rollout,predicted,blocks.5,3,9,9,0.49724459648132324,0.4127720892429352,0.4550083428621292
225,vit_lejepa,vit_tiny_cifar,attention_rollout,predicted,blocks.5,9,3,3,0.5599477887153625,0.5562720894813538,0.5581099390983582
226,vit_lejepa,vit_tiny_cifar,attention_rollout,predicted,blocks.5,6,4,4,0.753907322883606,0.6704065799713135,0.7121569514274597
227,vit_lejepa,vit_tiny_cifar,attention_rollout,predicted,blocks.5,4,5,5,0.7445161938667297,0.4717353284358978,0.6081257611513138
228,vit_lejepa,vit_tiny_cifar,attention_rollout,predicted,blocks.5,7,8,8,0.7012847065925598,0.4023135304450989,0.5517991185188293
229,vit_lejepa,vit_tiny_cifar,attention_rollout,predicted,blocks.5,6,9,9,0.11945493519306183,0.24060849845409393,0.18003171682357788
230,vit_lejepa,vit_tiny_cifar,attention_rollout,predicted,blocks.5,5,5,5,0.6043983101844788,0.4952956736087799,0.5498469918966293
231,vit_lejepa,vit_tiny_cifar,attention_rollout,predicted,blocks.5,1,5,5,0.6416300535202026,0.5516929030418396,0.5966614782810211
232,vit_lejepa,vit_tiny_cifar,attention_rollout,predicted,blocks.5,5,9,9,0.2136635184288025,0.4016006886959076,0.30763210356235504
233,vit_lejepa,vit_tiny_cifar,attention_rollout,predicted,blocks.5,8,4,4,0.3804686665534973,0.22576811909675598,0.30311839282512665
234,vit_lejepa,vit_tiny_cifar,attention_rollout,predicted,blocks.5,8,8,8,0.4992644488811493,0.47443920373916626,0.4868518263101578
235,vit_lejepa,vit_tiny_cifar,attention_rollout,predicted,blocks.5,0,0,0,0.08339383453130722,0.19949224591255188,0.14144304022192955
236,vit_lejepa,vit_tiny_cifar,attention_rollout,predicted,blocks.5,4,6,6,0.45944586396217346,0.16350877285003662,0.31147731840610504
237,vit_lejepa,vit_tiny_cifar,attention_rollout,predicted,blocks.5,0,8,8,0.22994524240493774,0.5390641689300537,0.3845047056674957
238,vit_lejepa,vit_tiny_cifar,attention_rollout,predicted,blocks.5,5,0,0,0.8343147039413452,0.49589094519615173,0.6651028245687485
239,vit_lejepa,vit_tiny_cifar,attention_rollout,predicted,blocks.5,5,8,8,0.7785864472389221,0.5779975652694702,0.6782920062541962
240,vit_lejepa,vit_tiny_cifar,attention_rollout,predicted,blocks.5,1,8,8,0.051527928560972214,0.28890693187713623,0.17021743021905422
241,vit_lejepa,vit_tiny_cifar,attention_rollout,predicted,blocks.5,1,9,9,0.28400102257728577,0.4782260060310364,0.38111351430416107
242,vit_lejepa,vit_tiny_cifar,attention_rollout,predicted,blocks.5,8,4,4,0.4485754668712616,0.30376797914505005,0.3761717230081558
243,vit_lejepa,vit_tiny_cifar,attention_rollout,predicted,blocks.5,9,3,3,0.8126930594444275,0.6014732718467712,0.7070831656455994
244,vit_lejepa,vit_tiny_cifar,attention_rollout,predicted,blocks.5,0,9,9,0.3649887442588806,0.2419530600309372,0.3034709021449089
245,vit_lejepa,vit_tiny_cifar,attention_rollout,predicted,blocks.5,3,7,7,0.32212722301483154,0.3788703680038452,0.3504987955093384
246,vit_lejepa,vit_tiny_cifar,attention_rollout,predicted,blocks.5,1,2,2,0.23337753117084503,0.28053560853004456,0.2569565698504448
247,vit_lejepa,vit_tiny_cifar,attention_rollout,predicted,blocks.5,9,8,8,0.4532123804092407,0.42819657921791077,0.44070447981357574
248,vit_lejepa,vit_tiny_cifar,attention_rollout,predicted,blocks.5,2,7,7,0.03423883020877838,0.15819557011127472,0.09621720016002655
249,vit_lejepa,vit_tiny_cifar,attention_rollout,predicted,blocks.5,2,3,3,0.4577259123325348,0.2924330234527588,0.3750794678926468
250,vit_lejepa,vit_tiny_cifar,attention_rollout,predicted,blocks.5,5,8,8,0.5330981016159058,0.4953455924987793,0.5142218470573425
251,vit_lejepa,vit_tiny_cifar,attention_rollout,predicted,blocks.5,3,1,1,0.40326499938964844,0.47835004329681396,0.4408075213432312
252,vit_lejepa,vit_tiny_cifar,attention_rollout,predicted,blocks.5,9,7,7,0.3188362419605255,0.2888658940792084,0.30385106801986694
253,vit_lejepa,vit_tiny_cifar,attention_rollout,predicted,blocks.5,9,6,6,0.22818659245967865,0.22433176636695862,0.22625917941331863
254,vit_lejepa,vit_tiny_cifar,attention_rollout,predicted,blocks.5,4,7,7,0.5217546224594116,0.3721427619457245,0.44694869220256805
255,vit_lejepa,vit_tiny_cifar,attention_rollout,predicted,blocks.5,0,8,8,0.8066012859344482,0.5401796698570251,0.6733904778957367
256,vit_lejepa,vit_tiny_cifar,attention_rollout,predicted,blocks.1,3,4,4,0.15508650243282318,0.286949098110199,0.22101780027151108
257,vit_lejepa,vit_tiny_cifar,attention_rollout,predicted,blocks.1,0,8,8,-0.10740213096141815,0.453006774187088,0.17280232161283493
258,vit_lejepa,vit_tiny_cifar,attention_rollout,predicted,blocks.1,0,8,8,-0.119047611951828,0.3606652617454529,0.12080882489681244
259,vit_lejepa,vit_tiny_cifar,attention_rollout,predicted,blocks.1,9,9,9,-0.12153419107198715,0.32739928364753723,0.10293254628777504
260,vit_lejepa,vit_tiny_cifar,attention_rollout,predicted,blocks.1,8,8,8,-0.402856707572937,0.40619248151779175,0.0016678869724273682
261,vit_lejepa,vit_tiny_cifar,attention_rollout,predicted,blocks.1,1,1,1,-0.034734178334474564,0.2207186073064804,0.09299221448600292
262,vit_lejepa,vit_tiny_cifar,attention_rollout,predicted,blocks.1,5,3,3,-0.425209105014801,0.2524162530899048,-0.08639642596244812
263,vit_lejepa,vit_tiny_cifar,attention_rollout,predicted,blocks.1,7,4,4,-0.044822778552770615,0.10736946016550064,0.03127334080636501
264,vit_lejepa,vit_tiny_cifar,attention_rollout,predicted,blocks.1,0,5,5,0.07552037388086319,0.4282112419605255,0.25186580792069435
265,vit_lejepa,vit_tiny_cifar,attention_rollout,predicted,blocks.1,8,8,8,-0.4345599114894867,0.4419002830982208,0.0036701858043670654
266,vit_lejepa,vit_tiny_cifar,attention_rollout,predicted,blocks.1,2,0,0,-0.18922273814678192,0.2746013104915619,0.042689286172389984
267,vit_lejepa,vit_tiny_cifar,attention_rollout,predicted,blocks.1,4,4,4,0.13872753083705902,0.26632270216941833,0.20252511650323868
268,vit_lejepa,vit_tiny_cifar,attention_rollout,predicted,blocks.1,7,7,7,-0.2201492190361023,0.31087353825569153,0.04536215960979462
269,vit_lejepa,vit_tiny_cifar,attention_rollout,predicted,blocks.1,0,8,8,0.49727532267570496,0.12833428382873535,0.31280480325222015
270,vit_lejepa,vit_tiny_cifar,attention_rollout,predicted,blocks.1,2,5,5,-0.10857334733009338,0.4342828691005707,0.16285476088523865
271,vit_lejepa,vit_tiny_cifar,attention_rollout,predicted,blocks.1,3,8,8,0.18980960547924042,0.44685599207878113,0.3183327987790108
272,vit_lejepa,vit_tiny_cifar,attention_rollout,predicted,blocks.1,6,4,4,-0.007705803494900465,0.10321232676506042,0.04775326163507998
273,vit_lejepa,vit_tiny_cifar,attention_rollout,predicted,blocks.1,3,3,3,-0.08416012674570084,0.35294702649116516,0.13439344987273216
274,vit_lejepa,vit_tiny_cifar,attention_rollout,predicted,blocks.1,8,8,8,-0.055706970393657684,0.41343384981155396,0.17886343970894814
275,vit_lejepa,vit_tiny_cifar,attention_rollout,predicted,blocks.1,5,8,8,-0.08033616840839386,0.37572604417800903,0.1476949378848076
276,vit_lejepa,vit_tiny_cifar,attention_rollout,predicted,blocks.1,0,1,1,-0.190560445189476,0.4412025213241577,0.12532103806734085
277,vit_lejepa,vit_tiny_cifar,attention_rollout,predicted,blocks.1,3,7,7,-0.06306789070367813,0.2155054211616516,0.07621876522898674
278,vit_lejepa,vit_tiny_cifar,attention_rollout,predicted,blocks.1,4,3,3,-0.19737613201141357,0.3963138163089752,0.09946884214878082
279,vit_lejepa,vit_tiny_cifar,attention_rollout,predicted,blocks.1,3,7,7,-0.26627317070961,0.3417246341705322,0.03772573173046112
280,vit_lejepa,vit_tiny_cifar,attention_rollout,predicted,blocks.1,9,1,1,-0.2244075983762741,0.3778253495693207,0.07670887559652328
281,vit_lejepa,vit_tiny_cifar,attention_rollout,predicted,blocks.1,0,9,9,-0.2015828788280487,0.31994080543518066,0.05917896330356598
282,vit_lejepa,vit_tiny_cifar,attention_rollout,predicted,blocks.1,6,8,8,0.16506116092205048,0.34488141536712646,0.25497128814458847
283,vit_lejepa,vit_tiny_cifar,attention_rollout,predicted,blocks.1,1,9,9,-0.01219905260950327,0.47084444761276245,0.2293226975016296
284,vit_lejepa,vit_tiny_cifar,attention_rollout,predicted,blocks.1,0,8,8,0.12514792382717133,0.35921064019203186,0.2421792820096016
285,vit_lejepa,vit_tiny_cifar,attention_rollout,predicted,blocks.1,9,9,9,-0.3536511957645416,0.39909470081329346,0.022721752524375916
286,vit_lejepa,vit_tiny_cifar,attention_rollout,predicted,blocks.1,1,8,8,-0.3856506049633026,0.2666376531124115,-0.05950647592544556
287,vit_lejepa,vit_tiny_cifar,attention_rollout,predicted,blocks.1,0,8,8,0.4338025748729706,0.3601313829421997,0.39696697890758514
288,vit_lejepa,vit_tiny_cifar,attention_rollout,predicted,blocks.1,7,7,7,-0.2751350402832031,0.4064595699310303,0.06566226482391357
289,vit_lejepa,vit_tiny_cifar,attention_rollout,predicted,blocks.1,9,8,8,-0.3918918967247009,0.4340672492980957,0.021087676286697388
290,vit_lejepa,vit_tiny_cifar,attention_rollout,predicted,blocks.1,1,1,1,-0.33280494809150696,0.30978870391845703,-0.011508122086524963
291,vit_lejepa,vit_tiny_cifar,attention_rollout,predicted,blocks.1,2,4,4,0.24273313581943512,0.11793417483568192,0.18033365532755852
292,vit_lejepa,vit_tiny_cifar,attention_rollout,predicted,blocks.1,6,6,6,0.25706401467323303,0.06516998261213303,0.16111699864268303
293,vit_lejepa,vit_tiny_cifar,attention_rollout,predicted,blocks.1,9,8,8,-0.2518675923347473,0.4443761110305786,0.09625425934791565
294,vit_lejepa,vit_tiny_cifar,attention_rollout,predicted,blocks.1,3,8,8,-0.33305683732032776,0.3453027904033661,0.006122976541519165
295,vit_lejepa,vit_tiny_cifar,attention_rollout,predicted,blocks.1,4,4,4,-0.41714799404144287,0.1834218055009842,-0.11686309427022934
296,vit_lejepa,vit_tiny_cifar,attention_rollout,predicted,blocks.1,6,9,9,0.001704677939414978,0.4010002017021179,0.20135243982076645
297,vit_lejepa,vit_tiny_cifar,attention_rollout,predicted,blocks.1,0,8,8,0.15990468859672546,0.3759324550628662,0.26791857182979584
298,vit_lejepa,vit_tiny_cifar,attention_rollout,predicted,blocks.1,0,9,9,-0.08872579783201218,0.4394455850124359,0.17535989359021187
299,vit_lejepa,vit_tiny_cifar,attention_rollout,predicted,blocks.1,6,7,7,0.40392741560935974,0.15970107913017273,0.28181424736976624
300,vit_lejepa,vit_tiny_cifar,attention_rollout,predicted,blocks.1,6,4,4,0.2058795690536499,0.1417834460735321,0.173831507563591
301,vit_lejepa,vit_tiny_cifar,attention_rollout,predicted,blocks.1,6,8,8,-0.4989495277404785,0.3588724136352539,-0.0700385570526123
302,vit_lejepa,vit_tiny_cifar,attention_rollout,predicted,blocks.1,3,7,7,-0.4259316325187683,0.3605990409851074,-0.032666295766830444
303,vit_lejepa,vit_tiny_cifar,attention_rollout,predicted,blocks.1,2,8,8,-0.028011450543999672,0.44453734159469604,0.2082629455253482
304,vit_lejepa,vit_tiny_cifar,attention_rollout,predicted,blocks.1,6,9,9,0.6581735610961914,0.26887547969818115,0.4635245203971863
305,vit_lejepa,vit_tiny_cifar,attention_rollout,predicted,blocks.1,1,8,8,0.19971275329589844,0.532823383808136,0.3662680685520172
306,vit_lejepa,vit_tiny_cifar,attention_rollout,predicted,blocks.1,8,4,4,-0.14013226330280304,0.3871130347251892,0.12349038571119308
307,vit_lejepa,vit_tiny_cifar,attention_rollout,predicted,blocks.1,2,8,8,0.17332406342029572,0.43819108605384827,0.305757574737072
308,vit_lejepa,vit_tiny_cifar,attention_rollout,predicted,blocks.1,1,9,9,-0.19667895138263702,0.32547953724861145,0.06440029293298721
309,vit_lejepa,vit_tiny_cifar,attention_rollout,predicted,blocks.1,6,4,4,0.9259258508682251,0.347275972366333,0.636600911617279
310,vit_lejepa,vit_tiny_cifar,attention_rollout,predicted,blocks.1,8,8,8,0.024303000420331955,0.37209683656692505,0.1981999184936285
311,vit_lejepa,vit_tiny_cifar,attention_rollout,predicted,blocks.1,6,4,4,0.08195984363555908,0.28579074144363403,0.18387529253959656
312,vit_lejepa,vit_tiny_cifar,attention_rollout,predicted,blocks.1,8,8,8,0.30145829916000366,0.37490227818489075,0.3381802886724472
313,vit_lejepa,vit_tiny_cifar,attention_rollout,predicted,blocks.1,0,8,8,0.6340997815132141,0.3286589980125427,0.4813793897628784
314,vit_lejepa,vit_tiny_cifar,attention_rollout,predicted,blocks.1,4,3,3,-0.3366648554801941,0.3903007209300995,0.026817932724952698
315,vit_lejepa,vit_tiny_cifar,attention_rollout,predicted,blocks.1,0,3,3,0.5187368988990784,0.43090930581092834,0.47482310235500336
316,vit_lejepa,vit_tiny_cifar,attention_rollout,predicted,blocks.1,7,4,4,-0.04758886620402336,0.2742205262184143,0.11331583000719547
317,vit_lejepa,vit_tiny_cifar,attention_rollout,predicted,blocks.1,7,4,4,-0.19289974868297577,0.2639048099517822,0.03550253063440323
318,vit_lejepa,vit_tiny_cifar,attention_rollout,predicted,blocks.1,5,9,9,0.022961344569921494,0.2980896234512329,0.1605254840105772
319,vit_lejepa,vit_tiny_cifar,attention_rollout,predicted,blocks.1,5,7,7,0.0655173659324646,0.2508074641227722,0.1581624150276184
320,vit_lejepa,vit_tiny_cifar,attention_rollout,predicted,blocks.1,3,0,0,-0.011427165009081364,0.455030232667923,0.2218015338294208
321,vit_lejepa,vit_tiny_cifar,attention_rollout,predicted,blocks.1,5,9,9,-0.09737265110015869,0.38207367062568665,0.14235050976276398
322,vit_lejepa,vit_tiny_cifar,attention_rollout,predicted,blocks.1,2,8,8,-0.04546665400266647,0.2148190587759018,0.08467620238661766
323,vit_lejepa,vit_tiny_cifar,attention_rollout,predicted,blocks.1,3,4,4,-0.24645066261291504,0.3114757835865021,0.03251256048679352
324,vit_lejepa,vit_tiny_cifar,attention_rollout,predicted,blocks.1,4,9,9,0.029775256291031837,0.3291378915309906,0.17945657391101122
325,vit_lejepa,vit_tiny_cifar,attention_rollout,predicted,blocks.1,1,9,9,-0.11646474152803421,0.3600901663303375,0.12181271240115166
326,vit_lejepa,vit_tiny_cifar,attention_rollout,predicted,blocks.1,7,2,2,0.0861751139163971,0.11140144616365433,0.09878828004002571
327,vit_lejepa,vit_tiny_cifar,attention_rollout,predicted,blocks.1,5,8,8,-0.23984971642494202,0.4403405487537384,0.1002454161643982
328,vit_lejepa,vit_tiny_cifar,attention_rollout,predicted,blocks.1,4,9,9,-0.3563293516635895,0.31593218445777893,-0.020198583602905273
329,vit_lejepa,vit_tiny_cifar,attention_rollout,predicted,blocks.1,6,7,7,-0.27950620651245117,0.2727125883102417,-0.0033968091011047363
330,vit_lejepa,vit_tiny_cifar,attention_rollout,predicted,blocks.1,1,7,7,-0.10695303976535797,0.46207141876220703,0.17755918949842453
331,vit_lejepa,vit_tiny_cifar,attention_rollout,predicted,blocks.1,9,9,9,-0.12897852063179016,0.46000877022743225,0.16551512479782104
332,vit_lejepa,vit_tiny_cifar,attention_rollout,predicted,blocks.1,3,7,7,-0.2874854505062103,0.2851688265800476,-0.0011583119630813599
333,vit_lejepa,vit_tiny_cifar,attention_rollout,predicted,blocks.1,6,6,6,-0.15168291330337524,0.16903696954250336,0.008677028119564056
334,vit_lejepa,vit_tiny_cifar,attention_rollout,predicted,blocks.1,6,4,4,-0.07597795873880386,0.1958218365907669,0.05992193892598152
335,vit_lejepa,vit_tiny_cifar,attention_rollout,predicted,blocks.1,9,4,4,-0.12287220358848572,0.30838465690612793,0.0927562266588211
336,vit_lejepa,vit_tiny_cifar,attention_rollout,predicted,blocks.1,3,4,4,-0.09424406290054321,0.34478649497032166,0.12527121603488922
337,vit_lejepa,vit_tiny_cifar,attention_rollout,predicted,blocks.1,8,8,8,-0.18028734624385834,0.3969534635543823,0.108333058655262
338,vit_lejepa,vit_tiny_cifar,attention_rollout,predicted,blocks.1,0,8,8,0.18808571994304657,0.3177923858165741,0.25293905287981033
339,vit_lejepa,vit_tiny_cifar,attention_rollout,predicted,blocks.1,7,9,9,-0.15517698228359222,0.28781190514564514,0.06631746143102646
340,vit_lejepa,vit_tiny_cifar,attention_rollout,predicted,blocks.1,2,5,5,0.22143423557281494,0.29360079765319824,0.2575175166130066
341,vit_lejepa,vit_tiny_cifar,attention_rollout,predicted,blocks.1,6,7,7,-0.06793799996376038,0.44709813594818115,0.1895800679922104
342,vit_lejepa,vit_tiny_cifar,attention_rollout,predicted,blocks.1,2,8,8,0.8366515636444092,0.5336462259292603,0.6851488947868347
343,vit_lejepa,vit_tiny_cifar,attention_rollout,predicted,blocks.1,5,9,9,-0.233096182346344,0.31241437792778015,0.03965909779071808
344,vit_lejepa,vit_tiny_cifar,attention_rollout,predicted,blocks.1,8,1,1,-0.2382500171661377,0.3647496700286865,0.06324982643127441
345,vit_lejepa,vit_tiny_cifar,attention_rollout,predicted,blocks.1,5,7,7,-0.06137613207101822,0.30229485034942627,0.12045935913920403
346,vit_lejepa,vit_tiny_cifar,attention_rollout,predicted,blocks.1,4,5,5,-0.40100133419036865,0.3167428970336914,-0.04212921857833862
347,vit_lejepa,vit_tiny_cifar,attention_rollout,predicted,blocks.1,6,6,6,-0.29222118854522705,0.20123811066150665,-0.0454915389418602
348,vit_lejepa,vit_tiny_cifar,attention_rollout,predicted,blocks.1,8,9,9,-0.3155672550201416,0.33381208777427673,0.009122416377067566
349,vit_lejepa,vit_tiny_cifar,attention_rollout,predicted,blocks.1,9,1,1,-0.2588297128677368,0.38336464762687683,0.06226746737957001
350,vit_lejepa,vit_tiny_cifar,attention_rollout,predicted,blocks.1,9,8,8,0.2098870426416397,0.4798954129219055,0.3448912277817726
351,vit_lejepa,vit_tiny_cifar,attention_rollout,predicted,blocks.1,1,9,9,0.12013642489910126,0.2708801031112671,0.19550826400518417
352,vit_lejepa,vit_tiny_cifar,attention_rollout,predicted,blocks.1,0,3,3,-0.3818076550960541,0.3177565336227417,-0.03202556073665619
353,vit_lejepa,vit_tiny_cifar,attention_rollout,predicted,blocks.1,2,8,8,0.1067633181810379,0.46049627661705017,0.28362979739904404
354,vit_lejepa,vit_tiny_cifar,attention_rollout,predicted,blocks.1,2,5,5,0.42861253023147583,0.47976821660995483,0.45419037342071533
355,vit_lejepa,vit_tiny_cifar,attention_rollout,predicted,blocks.1,7,3,3,-0.22096216678619385,0.3662038743495941,0.07262085378170013
356,vit_lejepa,vit_tiny_cifar,attention_rollout,predicted,blocks.1,3,8,8,0.8157587647438049,0.484671950340271,0.650215357542038
357,vit_lejepa,vit_tiny_cifar,attention_rollout,predicted,blocks.1,2,7,7,-0.08477173000574112,0.2554939091205597,0.08536108955740929
358,vit_lejepa,vit_tiny_cifar,attention_rollout,predicted,blocks.1,8,9,9,-0.1338246762752533,0.3674268424510956,0.11680108308792114
359,vit_lejepa,vit_tiny_cifar,attention_rollout,predicted,blocks.1,0,8,8,-0.3289947509765625,0.253863662481308,-0.03756554424762726
360,vit_lejepa,vit_tiny_cifar,attention_rollout,predicted,blocks.1,9,4,4,0.2749500274658203,0.09013809263706207,0.1825440600514412
361,vit_lejepa,vit_tiny_cifar,attention_rollout,predicted,blocks.1,5,5,5,-0.26165270805358887,0.34275689721107483,0.04055209457874298
362,vit_lejepa,vit_tiny_cifar,attention_rollout,predicted,blocks.1,8,8,8,-0.22365029156208038,0.4110427498817444,0.093696229159832
363,vit_lejepa,vit_tiny_cifar,attention_rollout,predicted,blocks.1,1,9,9,0.20611810684204102,0.22075919806957245,0.21343865245580673
364,vit_lejepa,vit_tiny_cifar,attention_rollout,predicted,blocks.1,9,5,5,8.363511005882174e-05,0.2941083014011383,0.14709596825559856
365,vit_lejepa,vit_tiny_cifar,attention_rollout,predicted,blocks.1,4,5,5,-0.06716038286685944,0.36433717608451843,0.1485883966088295
366,vit_lejepa,vit_tiny_cifar,attention_rollout,predicted,blocks.1,1,7,7,-0.48382556438446045,0.34716126322746277,-0.06833215057849884
367,vit_lejepa,vit_tiny_cifar,attention_rollout,predicted,blocks.1,3,9,9,-0.10896401852369308,0.3892687261104584,0.14015235379338264
368,vit_lejepa,vit_tiny_cifar,attention_rollout,predicted,blocks.1,8,8,8,0.16562199592590332,0.3488950729370117,0.2572585344314575
369,vit_lejepa,vit_tiny_cifar,attention_rollout,predicted,blocks.1,1,1,1,-0.3715451657772064,0.36566340923309326,-0.0029408782720565796
370,vit_lejepa,vit_tiny_cifar,attention_rollout,predicted,blocks.1,4,5,5,0.3647167980670929,0.45580926537513733,0.4102630317211151
371,vit_lejepa,vit_tiny_cifar,attention_rollout,predicted,blocks.1,7,9,9,-0.3417384624481201,0.3244180679321289,-0.008660197257995605
372,vit_lejepa,vit_tiny_cifar,attention_rollout,predicted,blocks.1,9,8,8,-0.10091536492109299,0.48142650723457336,0.1902555711567402
373,vit_lejepa,vit_tiny_cifar,attention_rollout,predicted,blocks.1,4,4,4,0.15755170583724976,0.33673858642578125,0.2471451461315155
374,vit_lejepa,vit_tiny_cifar,attention_rollout,predicted,blocks.1,2,6,6,0.06752388924360275,0.16393382847309113,0.11572885885834694
375,vit_lejepa,vit_tiny_cifar,attention_rollout,predicted,blocks.1,7,7,7,0.0841306671500206,0.3802497386932373,0.23219020292162895
376,vit_lejepa,vit_tiny_cifar,attention_rollout,predicted,blocks.1,0,9,9,-0.027628667652606964,0.33115723729133606,0.15176428481936455
377,vit_lejepa,vit_tiny_cifar,attention_rollout,predicted,blocks.1,7,9,9,-0.10103459656238556,0.4956244230270386,0.1972949132323265
378,vit_lejepa,vit_tiny_cifar,attention_rollout,predicted,blocks.1,0,7,7,0.2653839886188507,0.3550322651863098,0.31020812690258026
379,vit_lejepa,vit_tiny_cifar,attention_rollout,predicted,blocks.1,6,6,6,0.21498192846775055,0.30142831802368164,0.2582051232457161
380,vit_lejepa,vit_tiny_cifar,attention_rollout,predicted,blocks.1,6,4,4,0.31761911511421204,0.12787334620952606,0.22274623066186905
381,vit_lejepa,vit_tiny_cifar,attention_rollout,predicted,blocks.1,9,5,5,-0.3750426769256592,0.31827789545059204,-0.02838239073753357
382,vit_lejepa,vit_tiny_cifar,attention_rollout,predicted,blocks.1,0,8,8,0.5379551649093628,0.3942910432815552,0.466123104095459
383,vit_lejepa,vit_tiny_cifar,attention_rollout,predicted,blocks.1,9,9,9,0.22555525600910187,0.39705148339271545,0.31130336970090866
256,vit_lejepa,vit_tiny_cifar,attention_rollout,predicted,blocks.3,3,4,4,0.39951977133750916,0.3218671977519989,0.36069348454475403
257,vit_lejepa,vit_tiny_cifar,attention_rollout,predicted,blocks.3,0,8,8,0.6291701197624207,0.6696001291275024,0.6493851244449615
258,vit_lejepa,vit_tiny_cifar,attention_rollout,predicted,blocks.3,0,8,8,0.49108436703681946,0.5369131565093994,0.5139987617731094
259,vit_lejepa,vit_tiny_cifar,attention_rollout,predicted,blocks.3,9,9,9,0.3616900146007538,0.4952179789543152,0.4284539967775345
260,vit_lejepa,vit_tiny_cifar,attention_rollout,predicted,blocks.3,8,8,8,-0.008534177206456661,0.32383328676223755,0.15764955477789044
261,vit_lejepa,vit_tiny_cifar,attention_rollout,predicted,blocks.3,1,1,1,0.23408924043178558,0.2573041617870331,0.24569670110940933
262,vit_lejepa,vit_tiny_cifar,attention_rollout,predicted,blocks.3,5,3,3,-0.20108701288700104,0.1920834481716156,-0.0045017823576927185
263,vit_lejepa,vit_tiny_cifar,attention_rollout,predicted,blocks.3,7,4,4,0.09975089132785797,0.13346116244792938,0.11660602688789368
264,vit_lejepa,vit_tiny_cifar,attention_rollout,predicted,blocks.3,0,5,5,0.606820285320282,0.47688207030296326,0.5418511778116226
265,vit_lejepa,vit_tiny_cifar,attention_rollout,predicted,blocks.3,8,8,8,0.2514711916446686,0.5368717908859253,0.39417149126529694
266,vit_lejepa,vit_tiny_cifar,attention_rollout,predicted,blocks.3,2,0,0,0.3142050504684448,0.4919765889644623,0.40309081971645355
267,vit_lejepa,vit_tiny_cifar,attention_rollout,predicted,blocks.3,4,4,4,0.4349236786365509,0.2960755527019501,0.3654996156692505
268,vit_lejepa,vit_tiny_cifar,attention_rollout,predicted,blocks.3,7,7,7,0.4311387538909912,0.505282461643219,0.4682106077671051
269,vit_lejepa,vit_tiny_cifar,attention_rollout,predicted,blocks.3,0,8,8,0.4974289536476135,0.11565455794334412,0.3065417557954788
270,vit_lejepa,vit_tiny_cifar,attention_rollout,predicted,blocks.3,2,5,5,0.5356916785240173,0.5800153017044067,0.557853490114212
271,vit_lejepa,vit_tiny_cifar,attention_rollout,predicted,blocks.3,3,8,8,0.6463815569877625,0.5168166756629944,0.5815991163253784
272,vit_lejepa,vit_tiny_cifar,attention_rollout,predicted,blocks.3,6,4,4,0.10768964886665344,0.11073808372020721,0.10921386629343033
273,vit_lejepa,vit_tiny_cifar,attention_rollout,predicted,blocks.3,3,3,3,0.2922491133213043,0.3649611473083496,0.32860513031482697
274,vit_lejepa,vit_tiny_cifar,attention_rollout,predicted,blocks.3,8,8,8,0.40831252932548523,0.43668872117996216,0.4225006252527237
275,vit_lejepa,vit_tiny_cifar,attention_rollout,predicted,blocks.3,5,8,8,0.4771052896976471,0.43403708934783936,0.4555711895227432
276,vit_lejepa,vit_tiny_cifar,attention_rollout,predicted,blocks.3,0,1,1,0.503154456615448,0.5557687878608704,0.5294616222381592
277,vit_lejepa,vit_tiny_cifar,attention_rollout,predicted,blocks.3,3,7,7,0.22953727841377258,0.2563886046409607,0.24296294152736664
278,vit_lejepa,vit_tiny_cifar,attention_rollout,predicted,blocks.3,4,3,3,0.46709978580474854,0.4260943830013275,0.446597084403038
279,vit_lejepa,vit_tiny_cifar,attention_rollout,predicted,blocks.3,3,7,7,0.2575910985469818,0.4523202180862427,0.35495565831661224
280,vit_lejepa,vit_tiny_cifar,attention_rollout,predicted,blocks.3,9,1,1,0.3248494267463684,0.5023425817489624,0.4135960042476654
281,vit_lejepa,vit_tiny_cifar,attention_rollout,predicted,blocks.3,0,9,9,0.11262156814336777,0.3580499291419983,0.23533574864268303
282,vit_lejepa,vit_tiny_cifar,attention_rollout,predicted,blocks.3,6,8,8,0.7916152477264404,0.4905266761779785,0.6410709619522095
283,vit_lejepa,vit_tiny_cifar,attention_rollout,predicted,blocks.3,1,9,9,0.5116792917251587,0.5108891129493713,0.511284202337265
284,vit_lejepa,vit_tiny_cifar,attention_rollout,predicted,blocks.3,0,8,8,0.5869804620742798,0.5275183916091919,0.5572494268417358
285,vit_lejepa,vit_tiny_cifar,attention_rollout,predicted,blocks.3,9,9,9,0.11868508160114288,0.3857440650463104,0.25221457332372665
286,vit_lejepa,vit_tiny_cifar,attention_rollout,predicted,blocks.3,1,8,8,-0.05621131509542465,0.31863319873809814,0.13121094182133675
287,vit_lejepa,vit_tiny_cifar,attention_rollout,predicted,blocks.3,0,8,8,0.8360710740089417,0.5082783699035645,0.672174721956253
288,vit_lejepa,vit_tiny_cifar,attention_rollout,predicted,blocks.3,7,7,7,0.2662251591682434,0.5873426198959351,0.42678388953208923
289,vit_lejepa,vit_tiny_cifar,attention_rollout,predicted,blocks.3,9,8,8,0.27659401297569275,0.5054453015327454,0.39101965725421906
290,vit_lejepa,vit_tiny_cifar,attention_rollout,predicted,blocks.3,1,1,1,0.10045117139816284,0.4624752998352051,0.28146323561668396
291,vit_lejepa,vit_tiny_cifar,attention_rollout,predicted,blocks.3,2,4,4,0.21870853006839752,0.1468144953250885,0.182761512696743
292,vit_lejepa,vit_tiny_cifar,attention_rollout,predicted,blocks.3,6,6,6,0.3069108724594116,0.08568638563156128,0.19629862904548645
293,vit_lejepa,vit_tiny_cifar,attention_rollout,predicted,blocks.3,9,8,8,0.23494412004947662,0.49746131896972656,0.3662027195096016
294,vit_lejepa,vit_tiny_cifar,attention_rollout,predicted,blocks.3,3,8,8,0.4770090579986572,0.5243063569068909,0.500657707452774
295,vit_lejepa,vit_tiny_cifar,attention_rollout,predicted,blocks.3,4,4,4,-0.21712976694107056,0.2680589556694031,0.02546459436416626
296,vit_lejepa,vit_tiny_cifar,attention_rollout,predicted,blocks.3,6,9,9,0.3596676290035248,0.513687014579773,0.43667732179164886
297,vit_lejepa,vit_tiny_cifar,attention_rollout,predicted,blocks.3,0,8,8,0.41419655084609985,0.34350714087486267,0.37885184586048126
298,vit_lejepa,vit_tiny_cifar,attention_rollout,predicted,blocks.3,0,9,9,0.5377603769302368,0.5579236745834351,0.5478420257568359
299,vit_lejepa,vit_tiny_cifar,attention_rollout,predicted,blocks.3,6,7,7,0.5177842378616333,0.1913307160139084,0.35455747693777084
300,vit_lejepa,vit_tiny_cifar,attention_rollout,predicted,blocks.3,6,4,4,0.32827913761138916,0.1901126354932785,0.25919588655233383
301,vit_lejepa,vit_tiny_cifar,attention_rollout,predicted,blocks.3,6,8,8,0.08192063868045807,0.34964796900749207,0.21578430384397507
302,vit_lejepa,vit_tiny_cifar,attention_rollout,predicted,blocks.3,3,7,7,0.12418364733457565,0.49132513999938965,0.30775439366698265
303,vit_lejepa,vit_tiny_cifar,attention_rollout,predicted,blocks.3,2,8,8,0.558424174785614,0.5106714367866516,0.5345478057861328
304,vit_lejepa,vit_tiny_cifar,attention_rollout,predicted,blocks.3,6,9,9,0.6540491580963135,0.2544670104980469,0.4542580842971802
305,vit_lejepa,vit_tiny_cifar,attention_rollout,predicted,blocks.3,1,8,8,0.17145216464996338,0.5415089130401611,0.35648053884506226
306,vit_lejepa,vit_tiny_cifar,attention_rollout,predicted,blocks.3,8,4,4,0.20980344712734222,0.4092463552951813,0.30952490121126175
307,vit_lejepa,vit_tiny_cifar,attention_rollout,predicted,blocks.3,2,8,8,0.6826809048652649,0.6028808355331421,0.6427808701992035
308,vit_lejepa,vit_tiny_cifar,attention_rollout,predicted,blocks.3,1,9,9,0.13257907330989838,0.4288610816001892,0.2807200774550438
309,vit_lejepa,vit_tiny_cifar,attention_rollout,predicted,blocks.3,6,4,4,0.9214774966239929,0.4006011486053467,0.6610393226146698
310,vit_lejepa,vit_tiny_cifar,attention_rollout,predicted,blocks.3,8,8,8,0.47510671615600586,0.573340654373169,0.5242236852645874
311,vit_lejepa,vit_tiny_cifar,attention_rollout,predicted,blocks.3,6,4,4,0.2744230031967163,0.29559338092803955,0.28500819206237793
312,vit_lejepa,vit_tiny_cifar,attention_rollout,predicted,blocks.3,8,8,8,0.8477271199226379,0.49679309129714966,0.6722601056098938
313,vit_lejepa,vit_tiny_cifar,attention_rollout,predicted,blocks.3,0,8,8,0.669736385345459,0.3143424689769745,0.49203942716121674
314,vit_lejepa,vit_tiny_cifar,attention_rollout,predicted,blocks.3,4,3,3,0.3344660997390747,0.4478991627693176,0.39118263125419617
315,vit_lejepa,vit_tiny_cifar,attention_rollout,predicted,blocks.3,0,3,3,0.5477085709571838,0.5790734887123108,0.5633910298347473
316,vit_lejepa,vit_tiny_cifar,attention_rollout,predicted,blocks.3,7,4,4,0.3906686007976532,0.25806036591529846,0.32436448335647583
317,vit_lejepa,vit_tiny_cifar,attention_rollout,predicted,blocks.3,7,4,4,0.20071247220039368,0.40899157524108887,0.30485202372074127
318,vit_lejepa,vit_tiny_cifar,attention_rollout,predicted,blocks.3,5,9,9,0.3221030533313751,0.3809625804424286,0.35153281688690186
319,vit_lejepa,vit_tiny_cifar,attention_rollout,predicted,blocks.3,5,7,7,0.4245995581150055,0.2922295928001404,0.35841457545757294
320,vit_lejepa,vit_tiny_cifar,attention_rollout,predicted,blocks.3,3,0,0,0.5643556118011475,0.4620817303657532,0.5132186710834503
321,vit_lejepa,vit_tiny_cifar,attention_rollout,predicted,blocks.3,5,9,9,0.4268380403518677,0.5043178200721741,0.4655779302120209
322,vit_lejepa,vit_tiny_cifar,attention_rollout,predicted,blocks.3,2,8,8,0.2900242209434509,0.2516876757144928,0.27085594832897186
323,vit_lejepa,vit_tiny_cifar,attention_rollout,predicted,blocks.3,3,4,4,0.14718684554100037,0.38164082169532776,0.26441383361816406
324,vit_lejepa,vit_tiny_cifar,attention_rollout,predicted,blocks.3,4,9,9,0.3445632755756378,0.39230725169181824,0.368435263633728
325,vit_lejepa,vit_tiny_cifar,attention_rollout,predicted,blocks.3,1,9,9,0.1988595873117447,0.41815391182899475,0.3085067495703697
326,vit_lejepa,vit_tiny_cifar,attention_rollout,predicted,blocks.3,7,2,2,0.2393953502178192,0.14298507571220398,0.1911902129650116
327,vit_lejepa,vit_tiny_cifar,attention_rollout,predicted,blocks.3,5,8,8,0.3700712025165558,0.3936575651168823,0.38186438381671906
328,vit_lejepa,vit_tiny_cifar,attention_rollout,predicted,blocks.3,4,9,9,0.18226276338100433,0.5257657170295715,0.35401424020528793
329,vit_lejepa,vit_tiny_cifar,attention_rollout,predicted,blocks.3,6,7,7,0.16603997349739075,0.451311856508255,0.3086759150028229
330,vit_lejepa,vit_tiny_cifar,attention_rollout,predicted,blocks.3,1,7,7,0.33839526772499084,0.5665245056152344,0.4524598866701126
331,vit_lejepa,vit_tiny_cifar,attention_rollout,predicted,blocks.3,9,9,9,0.40559273958206177,0.5482804775238037,0.47693660855293274
332,vit_lejepa,vit_tiny_cifar,attention_rollout,predicted,blocks.3,3,7,7,0.1907080113887787,0.34043368697166443,0.26557084918022156
333,vit_lejepa,vit_tiny_cifar,attention_rollout,predicted,blocks.3,6,6,6,0.05177938938140869,0.21709147095680237,0.13443543016910553
334,vit_lejepa,vit_tiny_cifar,attention_rollout,predicted,blocks.3,6,4,4,0.11922889202833176,0.22251412272453308,0.17087150737643242
335,vit_lejepa,vit_tiny_cifar,attention_rollout,predicted,blocks.3,9,4,4,0.24814192950725555,0.371561735868454,0.30985183268785477
336,vit_lejepa,vit_tiny_cifar,attention_rollout,predicted,blocks.3,3,4,4,0.278948575258255,0.4249841570854187,0.35196636617183685
337,vit_lejepa,vit_tiny_cifar,attention_rollout,predicted,blocks.3,8,8,8,0.27684810757637024,0.35481691360473633,0.3158325105905533
338,vit_lejepa,vit_tiny_cifar,attention_rollout,predicted,blocks.3,0,8,8,0.6179309487342834,0.5209842324256897,0.5694575905799866
339,vit_lejepa,vit_tiny_cifar,attention_rollout,predicted,blocks.3,7,9,9,0.46487873792648315,0.5302538275718689,0.497566282749176
340,vit_lejepa,vit_tiny_cifar,attention_rollout,predicted,blocks.3,2,5,5,0.5932512283325195,0.43463775515556335,0.5139444917440414
341,vit_lejepa,vit_tiny_cifar,attention_rollout,predicted,blocks.3,6,7,7,0.3802681863307953,0.5618135333061218,0.47104085981845856
342,vit_lejepa,vit_tiny_cifar,attention_rollout,predicted,blocks.3,2,8,8,0.9585168361663818,0.5776777863502502,0.768097311258316
343,vit_lejepa,vit_tiny_cifar,attention_rollout,predicted,blocks.3,5,9,9,0.19448377192020416,0.4300788342952728,0.3122813031077385
344,vit_lejepa,vit_tiny_cifar,attention_rollout,predicted,blocks.3,8,1,1,0.12529882788658142,0.4532032608985901,0.28925104439258575
345,vit_lejepa,vit_tiny_cifar,attention_rollout,predicted,blocks.3,5,7,7,0.16997474431991577,0.3745693564414978,0.2722720503807068
346,vit_lejepa,vit_tiny_cifar,attention_rollout,predicted,blocks.3,4,5,5,0.20291873812675476,0.43024107813835144,0.3165799081325531
347,vit_lejepa,vit_tiny_cifar,attention_rollout,predicted,blocks.3,6,6,6,-0.012410974130034447,0.31384342908859253,0.15071622747927904
348,vit_lejepa,vit_tiny_cifar,attention_rollout,predicted,blocks.3,8,9,9,0.04620307311415672,0.3980175852775574,0.22211032919585705
349,vit_lejepa,vit_tiny_cifar,attention_rollout,predicted,blocks.3,9,1,1,0.4224271774291992,0.5125396847724915,0.46748343110084534
350,vit_lejepa,vit_tiny_cifar,attention_rollout,predicted,blocks.3,9,8,8,0.6110343933105469,0.4472831189632416,0.5291587561368942
351,vit_lejepa,vit_tiny_cifar,attention_rollout,predicted,blocks.3,1,9,9,0.42471247911453247,0.38590526580810547,0.40530887246131897
352,vit_lejepa,vit_tiny_cifar,attention_rollout,predicted,blocks.3,0,3,3,0.4840136170387268,0.5160093307495117,0.5000114738941193
353,vit_lejepa,vit_tiny_cifar,attention_rollout,predicted,blocks.3,2,8,8,0.6111454367637634,0.5583339929580688,0.5847397148609161
354,vit_lejepa,vit_tiny_cifar,attention_rollout,predicted,blocks.3,2,5,5,0.7342458367347717,0.4017276167869568,0.5679867267608643
355,vit_lejepa,vit_tiny_cifar,attention_rollout,predicted,blocks.3,7,3,3,0.4788420796394348,0.6092631816864014,0.5440526306629181
356,vit_lejepa,vit_tiny_cifar,attention_rollout,predicted,blocks.3,3,8,8,0.8706419467926025,0.559583306312561,0.7151126265525818
357,vit_lejepa,vit_tiny_cifar,attention_rollout,predicted,blocks.3,2,7,7,0.28429773449897766,0.31093841791152954,0.2976180762052536
358,vit_lejepa,vit_tiny_cifar,attention_rollout,predicted,blocks.3,8,9,9,0.314345121383667,0.521702766418457,0.418023943901062
359,vit_lejepa,vit_tiny_cifar,attention_rollout,predicted,blocks.3,0,8,8,0.34013238549232483,0.3481711745262146,0.3441517800092697
360,vit_lejepa,vit_tiny_cifar,attention_rollout,predicted,blocks.3,9,4,4,0.36030009388923645,0.09659422188997269,0.22844715788960457
361,vit_lejepa,vit_tiny_cifar,attention_rollout,predicted,blocks.3,5,5,5,0.31304141879081726,0.3608298599720001,0.3369356393814087
362,vit_lejepa,vit_tiny_cifar,attention_rollout,predicted,blocks.3,8,8,8,0.48201459646224976,0.5518814325332642,0.516948014497757
363,vit_lejepa,vit_tiny_cifar,attention_rollout,predicted,blocks.3,1,9,9,0.36855101585388184,0.23224355280399323,0.30039728432893753
364,vit_lejepa,vit_tiny_cifar,attention_rollout,predicted,blocks.3,9,5,5,0.28446751832962036,0.3545280694961548,0.3194977939128876
365,vit_lejepa,vit_tiny_cifar,attention_rollout,predicted,blocks.3,4,5,5,0.4054352343082428,0.46555566787719727,0.43549545109272003
366,vit_lejepa,vit_tiny_cifar,attention_rollout,predicted,blocks.3,1,7,7,-0.1857498437166214,0.35859277844429016,0.08642146736383438
367,vit_lejepa,vit_tiny_cifar,attention_rollout,predicted,blocks.3,3,9,9,0.360520601272583,0.5226061344146729,0.44156336784362793
368,vit_lejepa,vit_tiny_cifar,attention_rollout,predicted,blocks.3,8,8,8,0.40654629468917847,0.37688732147216797,0.3917168080806732
369,vit_lejepa,vit_tiny_cifar,attention_rollout,predicted,blocks.3,1,1,1,0.3470781147480011,0.5516244173049927,0.4493512660264969
370,vit_lejepa,vit_tiny_cifar,attention_rollout,predicted,blocks.3,4,5,5,0.7476486563682556,0.4970812499523163,0.622364953160286
371,vit_lejepa,vit_tiny_cifar,attention_rollout,predicted,blocks.3,7,9,9,0.3350091874599457,0.5057205557823181,0.4203648716211319
372,vit_lejepa,vit_tiny_cifar,attention_rollout,predicted,blocks.3,9,8,8,0.6111838221549988,0.6098540425300598,0.6105189323425293
373,vit_lejepa,vit_tiny_cifar,attention_rollout,predicted,blocks.3,4,4,4,0.4259571433067322,0.39982274174690247,0.4128899425268173
374,vit_lejepa,vit_tiny_cifar,attention_rollout,predicted,blocks.3,2,6,6,0.2813090682029724,0.16856016218662262,0.22493461519479752
375,vit_lejepa,vit_tiny_cifar,attention_rollout,predicted,blocks.3,7,7,7,0.5594267249107361,0.5753200054168701,0.5673733651638031
376,vit_lejepa,vit_tiny_cifar,attention_rollout,predicted,blocks.3,0,9,9,0.5514574646949768,0.46832606196403503,0.5098917633295059
377,vit_lejepa,vit_tiny_cifar,attention_rollout,predicted,blocks.3,7,9,9,0.3963504135608673,0.5049914717674255,0.4506709426641464
378,vit_lejepa,vit_tiny_cifar,attention_rollout,predicted,blocks.3,0,7,7,0.5037998557090759,0.42557480931282043,0.4646873325109482
379,vit_lejepa,vit_tiny_cifar,attention_rollout,predicted,blocks.3,6,6,6,0.3837249279022217,0.2970319092273712,0.34037841856479645
380,vit_lejepa,vit_tiny_cifar,attention_rollout,predicted,blocks.3,6,4,4,0.4143279790878296,0.13412590324878693,0.27422694116830826
381,vit_lejepa,vit_tiny_cifar,attention_rollout,predicted,blocks.3,9,5,5,0.23559147119522095,0.5468534827232361,0.3912224769592285
382,vit_lejepa,vit_tiny_cifar,attention_rollout,predicted,blocks.3,0,8,8,0.7922440767288208,0.4384123980998993,0.61532823741436
383,vit_lejepa,vit_tiny_cifar,attention_rollout,predicted,blocks.3,9,9,9,0.6178603768348694,0.4031391441822052,0.5104997605085373
256,vit_lejepa,vit_tiny_cifar,attention_rollout,predicted,blocks.5,3,4,4,0.41288867592811584,0.3059273958206177,0.35940803587436676
257,vit_lejepa,vit_tiny_cifar,attention_rollout,predicted,blocks.5,0,8,8,0.6922893524169922,0.7029168605804443,0.6976031064987183
258,vit_lejepa,vit_tiny_cifar,attention_rollout,predicted,blocks.5,0,8,8,0.5937756896018982,0.5622696280479431,0.5780226588249207
259,vit_lejepa,vit_tiny_cifar,attention_rollout,predicted,blocks.5,9,9,9,0.4819025993347168,0.5061448216438293,0.49402371048927307
260,vit_lejepa,vit_tiny_cifar,attention_rollout,predicted,blocks.5,8,8,8,0.06419549882411957,0.29058802127838135,0.17739176005125046
261,vit_lejepa,vit_tiny_cifar,attention_rollout,predicted,blocks.5,1,1,1,0.2835640609264374,0.254425972700119,0.2689950168132782
262,vit_lejepa,vit_tiny_cifar,attention_rollout,predicted,blocks.5,5,3,3,-0.1607792228460312,0.17544470727443695,0.007332742214202881
263,vit_lejepa,vit_tiny_cifar,attention_rollout,predicted,blocks.5,7,4,4,0.12653790414333344,0.13691265881061554,0.1317252814769745
264,vit_lejepa,vit_tiny_cifar,attention_rollout,predicted,blocks.5,0,5,5,0.6930917501449585,0.5028486251831055,0.597970187664032
265,vit_lejepa,vit_tiny_cifar,attention_rollout,predicted,blocks.5,8,8,8,0.3848269581794739,0.4974396228790283,0.4411332905292511
266,vit_lejepa,vit_tiny_cifar,attention_rollout,predicted,blocks.5,2,0,0,0.4141641855239868,0.47850823402404785,0.44633620977401733
267,vit_lejepa,vit_tiny_cifar,attention_rollout,predicted,blocks.5,4,4,4,0.4743511974811554,0.26570871472358704,0.3700299561023712
268,vit_lejepa,vit_tiny_cifar,attention_rollout,predicted,blocks.5,7,7,7,0.5542088747024536,0.5131221413612366,0.5336655080318451
269,vit_lejepa,vit_tiny_cifar,attention_rollout,predicted,blocks.5,0,8,8,0.48909884691238403,0.11599890142679214,0.3025488741695881
270,vit_lejepa,vit_tiny_cifar,attention_rollout,predicted,blocks.5,2,5,5,0.6194630861282349,0.5788277983665466,0.5991454422473907
271,vit_lejepa,vit_tiny_cifar,attention_rollout,predicted,blocks.5,3,8,8,0.7001006603240967,0.5174034833908081,0.6087520718574524
272,vit_lejepa,vit_tiny_cifar,attention_rollout,predicted,blocks.5,6,4,4,0.132557675242424,0.11387132853269577,0.12321450188755989
273,vit_lejepa,vit_tiny_cifar,attention_rollout,predicted,blocks.5,3,3,3,0.3760300874710083,0.35284265875816345,0.3644363731145859
274,vit_lejepa,vit_tiny_cifar,attention_rollout,predicted,blocks.5,8,8,8,0.5096631646156311,0.45593351125717163,0.48279833793640137
275,vit_lejepa,vit_tiny_cifar,attention_rollout,predicted,blocks.5,5,8,8,0.5657109618186951,0.3972398638725281,0.4814754128456116
276,vit_lejepa,vit_tiny_cifar,attention_rollout,predicted,blocks.5,0,1,1,0.5847848653793335,0.5514931082725525,0.568138986825943
277,vit_lejepa,vit_tiny_cifar,attention_rollout,predicted,blocks.5,3,7,7,0.295427143573761,0.24745941162109375,0.27144327759742737
278,vit_lejepa,vit_tiny_cifar,attention_rollout,predicted,blocks.5,4,3,3,0.5877132415771484,0.42445021867752075,0.5060817301273346
279,vit_lejepa,vit_tiny_cifar,attention_rollout,predicted,blocks.5,3,7,7,0.36254259943962097,0.438876211643219,0.40070940554142
280,vit_lejepa,vit_tiny_cifar,attention_rollout,predicted,blocks.5,9,1,1,0.45927074551582336,0.5065465569496155,0.4829086512327194
281,vit_lejepa,vit_tiny_cifar,attention_rollout,predicted,blocks.5,0,9,9,0.1844336986541748,0.3561435043811798,0.2702886015176773
282,vit_lejepa,vit_tiny_cifar,attention_rollout,predicted,blocks.5,6,8,8,0.8736766576766968,0.4644646942615509,0.6690706759691238
283,vit_lejepa,vit_tiny_cifar,attention_rollout,predicted,blocks.5,1,9,9,0.5683863759040833,0.5066640973091125,0.5375252366065979
284,vit_lejepa,vit_tiny_cifar,attention_rollout,predicted,blocks.5,0,8,8,0.7004356384277344,0.586341142654419,0.6433883905410767
285,vit_lejepa,vit_tiny_cifar,attention_rollout,predicted,blocks.5,9,9,9,0.21418805420398712,0.3371555209159851,0.2756717875599861
286,vit_lejepa,vit_tiny_cifar,attention_rollout,predicted,blocks.5,1,8,8,0.015283185057342052,0.311724990606308,0.16350408783182502
287,vit_lejepa,vit_tiny_cifar,attention_rollout,predicted,blocks.5,0,8,8,0.8618625402450562,0.5079866051673889,0.6849245727062225
288,vit_lejepa,vit_tiny_cifar,attention_rollout,predicted,blocks.5,7,7,7,0.3502911627292633,0.5274034738540649,0.4388473182916641
289,vit_lejepa,vit_tiny_cifar,attention_rollout,predicted,blocks.5,9,8,8,0.4161659777164459,0.5040451884269714,0.4601055830717087
290,vit_lejepa,vit_tiny_cifar,attention_rollout,predicted,blocks.5,1,1,1,0.23694759607315063,0.4663766026496887,0.3516620993614197
291,vit_lejepa,vit_tiny_cifar,attention_rollout,predicted,blocks.5,2,4,4,0.19682076573371887,0.158424511551857,0.17762263864278793
292,vit_lejepa,vit_tiny_cifar,attention_rollout,predicted,blocks.5,6,6,6,0.3105884790420532,0.0916011705994606,0.2010948248207569
293,vit_lejepa,vit_tiny_cifar,attention_rollout,predicted,blocks.5,9,8,8,0.3218974769115448,0.4804515838623047,0.40117453038692474
294,vit_lejepa,vit_tiny_cifar,attention_rollout,predicted,blocks.5,3,8,8,0.6225766539573669,0.5390639305114746,0.5808202922344208
295,vit_lejepa,vit_tiny_cifar,attention_rollout,predicted,blocks.5,4,4,4,-0.15213148295879364,0.25271326303482056,0.05029089003801346
296,vit_lejepa,vit_tiny_cifar,attention_rollout,predicted,blocks.5,6,9,9,0.416902095079422,0.48482516407966614,0.45086362957954407
297,vit_lejepa,vit_tiny_cifar,attention_rollout,predicted,blocks.5,0,8,8,0.46487531065940857,0.3341419994831085,0.39950865507125854
298,vit_lejepa,vit_tiny_cifar,attention_rollout,predicted,blocks.5,0,9,9,0.6490118503570557,0.5330474972724915,0.5910296738147736
299,vit_lejepa,vit_tiny_cifar,attention_rollout,predicted,blocks.5,6,7,7,0.5258876085281372,0.1966952383518219,0.36129142343997955
300,vit_lejepa,vit_tiny_cifar,attention_rollout,predicted,blocks.5,6,4,4,0.3347547948360443,0.19511252641677856,0.26493366062641144
301,vit_lejepa,vit_tiny_cifar,attention_rollout,predicted,blocks.5,6,8,8,0.2377990484237671,0.3415360152721405,0.2896675318479538
302,vit_lejepa,vit_tiny_cifar,attention_rollout,predicted,blocks.5,3,7,7,0.25295940041542053,0.5064082741737366,0.37968383729457855
303,vit_lejepa,vit_tiny_cifar,attention_rollout,predicted,blocks.5,2,8,8,0.6477915644645691,0.4899918735027313,0.5688917189836502
304,vit_lejepa,vit_tiny_cifar,attention_rollout,predicted,blocks.5,6,9,9,0.6161441802978516,0.25067099928855896,0.43340758979320526
305,vit_lejepa,vit_tiny_cifar,attention_rollout,predicted,blocks.5,1,8,8,0.16592472791671753,0.5306658744812012,0.34829530119895935
306,vit_lejepa,vit_tiny_cifar,attention_rollout,predicted,blocks.5,8,4,4,0.26236504316329956,0.39523354172706604,0.3287992924451828
307,vit_lejepa,vit_tiny_cifar,attention_rollout,predicted,blocks.5,2,8,8,0.7517963647842407,0.6305286288261414,0.691162496805191
308,vit_lejepa,vit_tiny_cifar,attention_rollout,predicted,blocks.5,1,9,9,0.21498535573482513,0.445675253868103,0.3303303048014641
309,vit_lejepa,vit_tiny_cifar,attention_rollout,predicted,blocks.5,6,4,4,0.9165223836898804,0.4034690856933594,0.6599957346916199
310,vit_lejepa,vit_tiny_cifar,attention_rollout,predicted,blocks.5,8,8,8,0.5629396438598633,0.618868887424469,0.5909042656421661
311,vit_lejepa,vit_tiny_cifar,attention_rollout,predicted,blocks.5,6,4,4,0.30491694808006287,0.28705841302871704,0.29598768055438995
312,vit_lejepa,vit_tiny_cifar,attention_rollout,predicted,blocks.5,8,8,8,0.880200982093811,0.4957042634487152,0.6879526227712631
313,vit_lejepa,vit_tiny_cifar,attention_rollout,predicted,blocks.5,0,8,8,0.6697030067443848,0.29491564631462097,0.48230932652950287
314,vit_lejepa,vit_tiny_cifar,attention_rollout,predicted,blocks.5,4,3,3,0.4569607377052307,0.44839051365852356,0.45267562568187714
315,vit_lejepa,vit_tiny_cifar,attention_rollout,predicted,blocks.5,0,3,3,0.5056188702583313,0.5319782495498657,0.5187985599040985
316,vit_lejepa,vit_tiny_cifar,attention_rollout,predicted,blocks.5,7,4,4,0.45702841877937317,0.24584001302719116,0.35143421590328217
317,vit_lejepa,vit_tiny_cifar,attention_rollout,predicted,blocks.5,7,4,4,0.3212711215019226,0.410814493894577,0.3660428076982498
318,vit_lejepa,vit_tiny_cifar,attention_rollout,predicted,blocks.5,5,9,9,0.358816921710968,0.37017107009887695,0.3644939959049225
319,vit_lejepa,vit_tiny_cifar,attention_rollout,predicted,blocks.5,5,7,7,0.486540287733078,0.29379504919052124,0.3901676684617996
320,vit_lejepa,vit_tiny_cifar,attention_rollout,predicted,blocks.5,3,0,0,0.6425983905792236,0.45896095037460327,0.5507796704769135
321,vit_lejepa,vit_tiny_cifar,attention_rollout,predicted,blocks.5,5,9,9,0.5086604952812195,0.47491708397865295,0.4917887896299362
322,vit_lejepa,vit_tiny_cifar,attention_rollout,predicted,blocks.5,2,8,8,0.37744268774986267,0.26127055287361145,0.31935662031173706
323,vit_lejepa,vit_tiny_cifar,attention_rollout,predicted,blocks.5,3,4,4,0.2483692467212677,0.40664032101631165,0.3275047838687897
324,vit_lejepa,vit_tiny_cifar,attention_rollout,predicted,blocks.5,4,9,9,0.40239065885543823,0.4049220085144043,0.40365633368492126
325,vit_lejepa,vit_tiny_cifar,attention_rollout,predicted,blocks.5,1,9,9,0.24940261244773865,0.4060266315937042,0.32771462202072144
326,vit_lejepa,vit_tiny_cifar,attention_rollout,predicted,blocks.5,7,2,2,0.2725420296192169,0.14986415207386017,0.21120309084653854
327,vit_lejepa,vit_tiny_cifar,attention_rollout,predicted,blocks.5,5,8,8,0.43256986141204834,0.3482159674167633,0.3903929144144058
328,vit_lejepa,vit_tiny_cifar,attention_rollout,predicted,blocks.5,4,9,9,0.34508946537971497,0.49371492862701416,0.41940219700336456
329,vit_lejepa,vit_tiny_cifar,attention_rollout,predicted,blocks.5,6,7,7,0.27701446413993835,0.4449101388454437,0.36096230149269104
330,vit_lejepa,vit_tiny_cifar,attention_rollout,predicted,blocks.5,1,7,7,0.4028964638710022,0.5491735935211182,0.4760350286960602
331,vit_lejepa,vit_tiny_cifar,attention_rollout,predicted,blocks.5,9,9,9,0.48194220662117004,0.5106159448623657,0.4962790757417679
332,vit_lejepa,vit_tiny_cifar,attention_rollout,predicted,blocks.5,3,7,7,0.3203302323818207,0.3080368936061859,0.3141835629940033
333,vit_lejepa,vit_tiny_cifar,attention_rollout,predicted,blocks.5,6,6,6,0.09373131394386292,0.25019198656082153,0.17196165025234222
334,vit_lejepa,vit_tiny_cifar,attention_rollout,predicted,blocks.5,6,4,4,0.1527775526046753,0.2213977575302124,0.18708765506744385
335,vit_lejepa,vit_tiny_cifar,attention_rollout,predicted,blocks.5,9,4,4,0.3271024227142334,0.3650789260864258,0.3460906744003296
336,vit_lejepa,vit_tiny_cifar,attention_rollout,predicted,blocks.5,3,4,4,0.34429481625556946,0.3685021698474884,0.35639849305152893
337,vit_lejepa,vit_tiny_cifar,attention_rollout,predicted,blocks.5,8,8,8,0.34617018699645996,0.33445894718170166,0.3403145670890808
338,vit_lejepa,vit_tiny_cifar,attention_rollout,predicted,blocks.5,0,8,8,0.7001787424087524,0.47883448004722595,0.5895066112279892
339,vit_lejepa,vit_tiny_cifar,attention_rollout,predicted,blocks.5,7,9,9,0.5902401208877563,0.4749246835708618,0.5325824022293091
340,vit_lejepa,vit_tiny_cifar,attention_rollout,predicted,blocks.5,2,5,5,0.6785017251968384,0.45763108134269714,0.5680664032697678
341,vit_lejepa,vit_tiny_cifar,attention_rollout,predicted,blocks.5,6,7,7,0.4510331153869629,0.546363890171051,0.49869850277900696
342,vit_lejepa,vit_tiny_cifar,attention_rollout,predicted,blocks.5,2,8,8,0.9669699668884277,0.6151449680328369,0.7910574674606323
343,vit_lejepa,vit_tiny_cifar,attention_rollout,predicted,blocks.5,5,9,9,0.30478614568710327,0.4166792631149292,0.36073270440101624
344,vit_lejepa,vit_tiny_cifar,attention_rollout,predicted,blocks.5,8,1,1,0.1887464076280594,0.43902310729026794,0.31388475745916367
345,vit_lejepa,vit_tiny_cifar,attention_rollout,predicted,blocks.5,5,7,7,0.19838450849056244,0.371823787689209,0.2851041480898857
346,vit_lejepa,vit_tiny_cifar,attention_rollout,predicted,blocks.5,4,5,5,0.37041062116622925,0.4233895540237427,0.39690008759498596
347,vit_lejepa,vit_tiny_cifar,attention_rollout,predicted,blocks.5,6,6,6,0.08656013011932373,0.30289775133132935,0.19472894072532654
348,vit_lejepa,vit_tiny_cifar,attention_rollout,predicted,blocks.5,8,9,9,0.13036732375621796,0.40166014432907104,0.2660137340426445
349,vit_lejepa,vit_tiny_cifar,attention_rollout,predicted,blocks.5,9,1,1,0.5334954261779785,0.5021395087242126,0.5178174674510956
350,vit_lejepa,vit_tiny_cifar,attention_rollout,predicted,blocks.5,9,8,8,0.6600949168205261,0.40718498826026917,0.5336399525403976
351,vit_lejepa,vit_tiny_cifar,attention_rollout,predicted,blocks.5,1,9,9,0.48852914571762085,0.41522589325904846,0.45187751948833466
352,vit_lejepa,vit_tiny_cifar,attention_rollout,predicted,blocks.5,0,3,3,0.6346381306648254,0.538165807723999,0.5864019691944122
353,vit_lejepa,vit_tiny_cifar,attention_rollout,predicted,blocks.5,2,8,8,0.6758548617362976,0.5630847215652466,0.6194697916507721
354,vit_lejepa,vit_tiny_cifar,attention_rollout,predicted,blocks.5,2,5,5,0.7721254229545593,0.38902851939201355,0.5805769711732864
355,vit_lejepa,vit_tiny_cifar,attention_rollout,predicted,blocks.5,7,3,3,0.600007951259613,0.5978490114212036,0.5989284813404083
356,vit_lejepa,vit_tiny_cifar,attention_rollout,predicted,blocks.5,3,8,8,0.8678882122039795,0.5851361751556396,0.7265121936798096
357,vit_lejepa,vit_tiny_cifar,attention_rollout,predicted,blocks.5,2,7,7,0.3859322965145111,0.3127429485321045,0.3493376225233078
358,vit_lejepa,vit_tiny_cifar,attention_rollout,predicted,blocks.5,8,9,9,0.3944854140281677,0.5180333256721497,0.4562593698501587
359,vit_lejepa,vit_tiny_cifar,attention_rollout,predicted,blocks.5,0,8,8,0.4458451569080353,0.40573740005493164,0.42579127848148346
360,vit_lejepa,vit_tiny_cifar,attention_rollout,predicted,blocks.5,9,4,4,0.3652377724647522,0.09557949751615524,0.23040863499045372
361,vit_lejepa,vit_tiny_cifar,attention_rollout,predicted,blocks.5,5,5,5,0.429654985666275,0.33006221055984497,0.37985859811306
362,vit_lejepa,vit_tiny_cifar,attention_rollout,predicted,blocks.5,8,8,8,0.5651297569274902,0.5104979276657104,0.5378138422966003
363,vit_lejepa,vit_tiny_cifar,attention_rollout,predicted,blocks.5,1,9,9,0.3788006007671356,0.22539642453193665,0.30209851264953613
364,vit_lejepa,vit_tiny_cifar,attention_rollout,predicted,blocks.5,9,5,5,0.3550599217414856,0.3572496473789215,0.35615478456020355
365,vit_lejepa,vit_tiny_cifar,attention_rollout,predicted,blocks.5,4,5,5,0.5107390880584717,0.4838874638080597,0.4973132759332657
366,vit_lejepa,vit_tiny_cifar,attention_rollout,predicted,blocks.5,1,7,7,-0.10113658010959625,0.3527356684207916,0.1257995441555977
367,vit_lejepa,vit_tiny_cifar,attention_rollout,predicted,blocks.5,3,9,9,0.4491872787475586,0.5103763937950134,0.479781836271286
368,vit_lejepa,vit_tiny_cifar,attention_rollout,predicted,blocks.5,8,8,8,0.4300209581851959,0.34416279196739197,0.38709187507629395
369,vit_lejepa,vit_tiny_cifar,attention_rollout,predicted,blocks.5,1,1,1,0.5215561389923096,0.5977421402931213,0.5596491396427155
370,vit_lejepa,vit_tiny_cifar,attention_rollout,predicted,blocks.5,4,5,5,0.7691550254821777,0.4585534334182739,0.6138542294502258
371,vit_lejepa,vit_tiny_cifar,attention_rollout,predicted,blocks.5,7,9,9,0.500036895275116,0.45782461762428284,0.4789307564496994
372,vit_lejepa,vit_tiny_cifar,attention_rollout,predicted,blocks.5,9,8,8,0.6861443519592285,0.6149201393127441,0.6505322456359863
373,vit_lejepa,vit_tiny_cifar,attention_rollout,predicted,blocks.5,4,4,4,0.4280376136302948,0.37988555431365967,0.40396158397197723
374,vit_lejepa,vit_tiny_cifar,attention_rollout,predicted,blocks.5,2,6,6,0.31396418809890747,0.15997086465358734,0.2369675263762474
375,vit_lejepa,vit_tiny_cifar,attention_rollout,predicted,blocks.5,7,7,7,0.6090705990791321,0.5754178762435913,0.5922442376613617
376,vit_lejepa,vit_tiny_cifar,attention_rollout,predicted,blocks.5,0,9,9,0.6405481100082397,0.4615604877471924,0.5510542988777161
377,vit_lejepa,vit_tiny_cifar,attention_rollout,predicted,blocks.5,7,9,9,0.47064635157585144,0.4619777202606201,0.4663120359182358
378,vit_lejepa,vit_tiny_cifar,attention_rollout,predicted,blocks.5,0,7,7,0.5227183699607849,0.42930376529693604,0.4760110676288605
379,vit_lejepa,vit_tiny_cifar,attention_rollout,predicted,blocks.5,6,6,6,0.38757407665252686,0.2821532189846039,0.33486364781856537
380,vit_lejepa,vit_tiny_cifar,attention_rollout,predicted,blocks.5,6,4,4,0.40827691555023193,0.13929517567157745,0.2737860456109047
381,vit_lejepa,vit_tiny_cifar,attention_rollout,predicted,blocks.5,9,5,5,0.4090072810649872,0.5803201198577881,0.49466370046138763
382,vit_lejepa,vit_tiny_cifar,attention_rollout,predicted,blocks.5,0,8,8,0.8327089548110962,0.45991185307502747,0.6463104039430618
383,vit_lejepa,vit_tiny_cifar,attention_rollout,predicted,blocks.5,9,9,9,0.6814594864845276,0.4060473144054413,0.5437534004449844
384,vit_lejepa,vit_tiny_cifar,attention_rollout,predicted,blocks.1,2,4,4,0.3919095993041992,0.22118201851844788,0.30654580891132355
385,vit_lejepa,vit_tiny_cifar,attention_rollout,predicted,blocks.1,8,0,0,0.3166067600250244,0.30501478910446167,0.31081077456474304
386,vit_lejepa,vit_tiny_cifar,attention_rollout,predicted,blocks.1,7,9,9,0.06363552063703537,0.2590584456920624,0.16134698316454887
387,vit_lejepa,vit_tiny_cifar,attention_rollout,predicted,blocks.1,2,7,7,0.017050767317414284,0.30214646458625793,0.1595986159518361
388,vit_lejepa,vit_tiny_cifar,attention_rollout,predicted,blocks.1,2,3,3,-0.07548590749502182,0.40728259086608887,0.16589834168553352
389,vit_lejepa,vit_tiny_cifar,attention_rollout,predicted,blocks.1,5,7,7,-0.21874690055847168,0.29402878880500793,0.03764094412326813
390,vit_lejepa,vit_tiny_cifar,attention_rollout,predicted,blocks.1,1,9,9,0.2244158685207367,0.11996757239103317,0.17219172045588493
391,vit_lejepa,vit_tiny_cifar,attention_rollout,predicted,blocks.1,2,6,6,0.774092435836792,0.2692316770553589,0.5216620564460754
392,vit_lejepa,vit_tiny_cifar,attention_rollout,predicted,blocks.1,6,7,7,-0.11923245340585709,0.3388012647628784,0.10978440567851067
393,vit_lejepa,vit_tiny_cifar,attention_rollout,predicted,blocks.1,2,5,5,-0.07038132846355438,0.3690569996833801,0.14933783560991287
394,vit_lejepa,vit_tiny_cifar,attention_rollout,predicted,blocks.1,9,9,9,-0.060820963233709335,0.26579606533050537,0.10248755104839802
395,vit_lejepa,vit_tiny_cifar,attention_rollout,predicted,blocks.1,6,6,6,0.4037080705165863,0.22865541279315948,0.3161817416548729
396,vit_lejepa,vit_tiny_cifar,attention_rollout,predicted,blocks.1,2,4,4,-0.1698610633611679,0.3931277394294739,0.11163333803415298
397,vit_lejepa,vit_tiny_cifar,attention_rollout,predicted,blocks.1,3,3,3,-0.32130202651023865,0.47961002588272095,0.07915399968624115
398,vit_lejepa,vit_tiny_cifar,attention_rollout,predicted,blocks.1,0,8,8,-0.15819503366947174,0.30397236347198486,0.07288866490125656
399,vit_lejepa,vit_tiny_cifar,attention_rollout,predicted,blocks.1,3,9,9,0.12368117272853851,0.4223020672798157,0.2729916200041771
400,vit_lejepa,vit_tiny_cifar,attention_rollout,predicted,blocks.1,9,9,9,-0.03227478265762329,0.4224116802215576,0.19506844878196716
401,vit_lejepa,vit_tiny_cifar,attention_rollout,predicted,blocks.1,8,8,8,-0.14368994534015656,0.3831329643726349,0.11972150951623917
402,vit_lejepa,vit_tiny_cifar,attention_rollout,predicted,blocks.1,7,5,5,0.26867932081222534,0.47340846061706543,0.3710438907146454
403,vit_lejepa,vit_tiny_cifar,attention_rollout,predicted,blocks.1,8,8,8,-0.2016545832157135,0.24718345701694489,0.022764436900615692
404,vit_lejepa,vit_tiny_cifar,attention_rollout,predicted,blocks.1,8,8,8,-0.24060407280921936,0.4530394971370697,0.10621771216392517
405,vit_lejepa,vit_tiny_cifar,attention_rollout,predicted,blocks.1,4,4,4,0.3800708055496216,0.18682579696178436,0.283448301255703
406,vit_lejepa,vit_tiny_cifar,attention_rollout,predicted,blocks.1,0,9,9,-0.1922987997531891,0.21250765025615692,0.010104425251483917
407,vit_lejepa,vit_tiny_cifar,attention_rollout,predicted,blocks.1,1,1,1,0.012150084599852562,0.45137637853622437,0.23176323156803846
408,vit_lejepa,vit_tiny_cifar,attention_rollout,predicted,blocks.1,8,8,8,-0.1346820443868637,0.17144058644771576,0.018379271030426025
409,vit_lejepa,vit_tiny_cifar,attention_rollout,predicted,blocks.1,2,8,8,0.09308812767267227,0.24406476318836212,0.1685764454305172
410,vit_lejepa,vit_tiny_cifar,attention_rollout,predicted,blocks.1,7,8,8,-0.28942468762397766,0.28992679715156555,0.0002510547637939453
411,vit_lejepa,vit_tiny_cifar,attention_rollout,predicted,blocks.1,9,0,0,0.2876482903957367,0.4217269718647003,0.3546876311302185
412,vit_lejepa,vit_tiny_cifar,attention_rollout,predicted,blocks.1,3,9,9,-0.10365210473537445,0.4249516427516937,0.16064976900815964
413,vit_lejepa,vit_tiny_cifar,attention_rollout,predicted,blocks.1,6,4,4,0.18330103158950806,0.1923602819442749,0.18783065676689148
414,vit_lejepa,vit_tiny_cifar,attention_rollout,predicted,blocks.1,1,9,9,-0.21045918762683868,0.3950931429862976,0.09231697767972946
415,vit_lejepa,vit_tiny_cifar,attention_rollout,predicted,blocks.1,9,8,8,-0.3834543228149414,0.4254476726055145,0.02099667489528656
416,vit_lejepa,vit_tiny_cifar,attention_rollout,predicted,blocks.1,0,3,3,0.12255220860242844,0.4457799196243286,0.2841660641133785
417,vit_lejepa,vit_tiny_cifar,attention_rollout,predicted,blocks.1,7,5,5,-0.10152401775121689,0.4372826814651489,0.16787933185696602
418,vit_lejepa,vit_tiny_cifar,attention_rollout,predicted,blocks.1,3,7,7,-0.09541952610015869,0.4181673526763916,0.16137391328811646
419,vit_lejepa,vit_tiny_cifar,attention_rollout,predicted,blocks.1,7,7,7,-0.06639643758535385,0.306535005569458,0.12006928399205208
420,vit_lejepa,vit_tiny_cifar,attention_rollout,predicted,blocks.1,4,8,8,0.2559438943862915,0.2516229450702667,0.2537834197282791
421,vit_lejepa,vit_tiny_cifar,attention_rollout,predicted,blocks.1,5,9,9,-0.21952185034751892,0.3689345717430115,0.07470636069774628
422,vit_lejepa,vit_tiny_cifar,attention_rollout,predicted,blocks.1,0,3,3,-0.4081801772117615,0.23065601289272308,-0.0887620821595192
423,vit_lejepa,vit_tiny_cifar,attention_rollout,predicted,blocks.1,0,3,3,0.08167020976543427,0.282850980758667,0.18226059526205063
424,vit_lejepa,vit_tiny_cifar,attention_rollout,predicted,blocks.1,2,5,5,0.3377157747745514,0.3349902331829071,0.33635300397872925
425,vit_lejepa,vit_tiny_cifar,attention_rollout,predicted,blocks.1,9,9,9,-0.24229884147644043,0.34869062900543213,0.05319589376449585
426,vit_lejepa,vit_tiny_cifar,attention_rollout,predicted,blocks.1,3,9,9,0.09702631086111069,0.44439077377319336,0.270708542317152
427,vit_lejepa,vit_tiny_cifar,attention_rollout,predicted,blocks.1,4,6,6,0.18320778012275696,0.32441866397857666,0.2538132220506668
428,vit_lejepa,vit_tiny_cifar,attention_rollout,predicted,blocks.1,0,7,7,0.11131390929222107,0.4086853265762329,0.259999617934227
429,vit_lejepa,vit_tiny_cifar,attention_rollout,predicted,blocks.1,6,8,8,0.03795010596513748,0.4407004714012146,0.23932528868317604
430,vit_lejepa,vit_tiny_cifar,attention_rollout,predicted,blocks.1,2,7,7,-0.2551247775554657,0.3748214542865753,0.05984833836555481
431,vit_lejepa,vit_tiny_cifar,attention_rollout,predicted,blocks.1,5,8,8,0.21346703171730042,0.3812737762928009,0.29737040400505066
432,vit_lejepa,vit_tiny_cifar,attention_rollout,predicted,blocks.1,3,7,7,0.047767747193574905,0.29057973623275757,0.16917374171316624
433,vit_lejepa,vit_tiny_cifar,attention_rollout,predicted,blocks.1,7,9,9,-0.006235592532902956,0.3951559364795685,0.19446017197333276
434,vit_lejepa,vit_tiny_cifar,attention_rollout,predicted,blocks.1,3,4,4,-0.3456755578517914,0.3352707624435425,-0.005202397704124451
435,vit_lejepa,vit_tiny_cifar,attention_rollout,predicted,blocks.1,7,7,7,-0.04625469818711281,0.35977473855018616,0.15676002018153667
436,vit_lejepa,vit_tiny_cifar,attention_rollout,predicted,blocks.1,2,3,3,-0.25804463028907776,0.41651949286460876,0.0792374312877655
437,vit_lejepa,vit_tiny_cifar,attention_rollout,predicted,blocks.1,5,6,6,0.37303444743156433,0.22666320204734802,0.2998488247394562
438,vit_lejepa,vit_tiny_cifar,attention_rollout,predicted,blocks.1,3,9,9,0.1749095618724823,0.1668335348367691,0.1708715483546257
439,vit_lejepa,vit_tiny_cifar,attention_rollout,predicted,blocks.1,1,7,7,-0.16776734590530396,0.28091710805892944,0.056574881076812744
440,vit_lejepa,vit_tiny_cifar,attention_rollout,predicted,blocks.1,1,5,5,-0.30024009943008423,0.3134002685546875,0.006580084562301636
441,vit_lejepa,vit_tiny_cifar,attention_rollout,predicted,blocks.1,4,4,4,0.4289398789405823,0.1203422099351883,0.2746410444378853
442,vit_lejepa,vit_tiny_cifar,attention_rollout,predicted,blocks.1,9,9,9,-0.2546693980693817,0.4704570174217224,0.10789380967617035
443,vit_lejepa,vit_tiny_cifar,attention_rollout,predicted,blocks.1,9,3,3,-0.5216336250305176,0.37484365701675415,-0.07339498400688171
444,vit_lejepa,vit_tiny_cifar,attention_rollout,predicted,blocks.1,5,8,8,-0.37427252531051636,0.42495542764663696,0.025341451168060303
445,vit_lejepa,vit_tiny_cifar,attention_rollout,predicted,blocks.1,7,4,4,0.058940429240465164,0.24725663661956787,0.15309853293001652
446,vit_lejepa,vit_tiny_cifar,attention_rollout,predicted,blocks.1,5,3,3,-0.3270915150642395,0.38740333914756775,0.030155912041664124
447,vit_lejepa,vit_tiny_cifar,attention_rollout,predicted,blocks.1,0,0,0,-0.1593962460756302,0.09910564869642258,-0.030145298689603806
448,vit_lejepa,vit_tiny_cifar,attention_rollout,predicted,blocks.1,2,8,8,0.5473240613937378,0.4591315686702728,0.5032278150320053
449,vit_lejepa,vit_tiny_cifar,attention_rollout,predicted,blocks.1,2,8,8,0.17906105518341064,0.38951054215431213,0.2842857986688614
450,vit_lejepa,vit_tiny_cifar,attention_rollout,predicted,blocks.1,2,9,9,-0.2940351366996765,0.26326078176498413,-0.015387177467346191
451,vit_lejepa,vit_tiny_cifar,attention_rollout,predicted,blocks.1,9,9,9,-0.03459645062685013,0.4825992286205292,0.22400138899683952
452,vit_lejepa,vit_tiny_cifar,attention_rollout,predicted,blocks.1,7,9,9,-0.15077564120292664,0.3348385691642761,0.09203146398067474
453,vit_lejepa,vit_tiny_cifar,attention_rollout,predicted,blocks.1,3,8,8,0.4282159209251404,0.42083731293678284,0.4245266169309616
454,vit_lejepa,vit_tiny_cifar,attention_rollout,predicted,blocks.1,9,8,8,-0.13276071846485138,0.3394051790237427,0.10332223027944565
455,vit_lejepa,vit_tiny_cifar,attention_rollout,predicted,blocks.1,4,8,8,-0.0021162896882742643,0.3487098813056946,0.17329679580871016
456,vit_lejepa,vit_tiny_cifar,attention_rollout,predicted,blocks.1,3,4,4,0.6090452671051025,0.31631895899772644,0.4626821130514145
457,vit_lejepa,vit_tiny_cifar,attention_rollout,predicted,blocks.1,5,7,7,0.2460688352584839,0.27102038264274597,0.25854460895061493
458,vit_lejepa,vit_tiny_cifar,attention_rollout,predicted,blocks.1,4,4,4,-0.22585484385490417,0.3287521302700043,0.05144864320755005
459,vit_lejepa,vit_tiny_cifar,attention_rollout,predicted,blocks.1,6,8,8,0.015936942771077156,0.27925246953964233,0.14759470615535975
460,vit_lejepa,vit_tiny_cifar,attention_rollout,predicted,blocks.1,5,7,7,-0.24993303418159485,0.466447651386261,0.10825730860233307
461,vit_lejepa,vit_tiny_cifar,attention_rollout,predicted,blocks.1,6,7,7,-0.20657776296138763,0.2741616666316986,0.03379195183515549
462,vit_lejepa,vit_tiny_cifar,attention_rollout,predicted,blocks.1,1,8,8,-0.16546429693698883,0.4381106197834015,0.13632316142320633
463,vit_lejepa,vit_tiny_cifar,attention_rollout,predicted,blocks.1,4,8,8,-0.17749029397964478,0.20578718185424805,0.014148443937301636
464,vit_lejepa,vit_tiny_cifar,attention_rollout,predicted,blocks.1,3,0,0,-0.060091592371463776,0.446414053440094,0.1931612305343151
465,vit_lejepa,vit_tiny_cifar,attention_rollout,predicted,blocks.1,4,8,8,-0.0013145137345418334,0.3915703296661377,0.19512790796579793
466,vit_lejepa,vit_tiny_cifar,attention_rollout,predicted,blocks.1,4,7,7,-0.27234721183776855,0.4088080823421478,0.06823043525218964
467,vit_lejepa,vit_tiny_cifar,attention_rollout,predicted,blocks.1,3,9,9,-0.0790601447224617,0.3668690621852875,0.1439044587314129
468,vit_lejepa,vit_tiny_cifar,attention_rollout,predicted,blocks.1,7,9,9,-0.2680259048938751,0.375322163105011,0.05364812910556793
469,vit_lejepa,vit_tiny_cifar,attention_rollout,predicted,blocks.1,8,7,7,-0.396205872297287,0.35012200474739075,-0.02304193377494812
470,vit_lejepa,vit_tiny_cifar,attention_rollout,predicted,blocks.1,3,4,4,0.13506954908370972,0.2226174920797348,0.17884352058172226
471,vit_lejepa,vit_tiny_cifar,attention_rollout,predicted,blocks.1,7,9,9,-0.19263330101966858,0.45897015929222107,0.13316842913627625
472,vit_lejepa,vit_tiny_cifar,attention_rollout,predicted,blocks.1,8,8,8,-0.42813894152641296,0.3989715576171875,-0.014583691954612732
473,vit_lejepa,vit_tiny_cifar,attention_rollout,predicted,blocks.1,0,8,8,-0.6183738708496094,0.18464809656143188,-0.21686288714408875
474,vit_lejepa,vit_tiny_cifar,attention_rollout,predicted,blocks.1,5,9,9,-0.3189540505409241,0.38957518339157104,0.035310566425323486
475,vit_lejepa,vit_tiny_cifar,attention_rollout,predicted,blocks.1,7,7,7,-0.24968749284744263,0.30152979493141174,0.025921151041984558
476,vit_lejepa,vit_tiny_cifar,attention_rollout,predicted,blocks.1,6,7,7,-0.2090141624212265,0.3992975950241089,0.09514171630144119
477,vit_lejepa,vit_tiny_cifar,attention_rollout,predicted,blocks.1,0,8,8,0.09319630265235901,0.5121977925300598,0.3026970475912094
478,vit_lejepa,vit_tiny_cifar,attention_rollout,predicted,blocks.1,5,7,7,-0.1987401396036148,0.2641727924346924,0.03271632641553879
479,vit_lejepa,vit_tiny_cifar,attention_rollout,predicted,blocks.1,4,8,8,-0.23397986590862274,0.3636127710342407,0.06481645256280899
480,vit_lejepa,vit_tiny_cifar,attention_rollout,predicted,blocks.1,8,5,5,-0.26649612188339233,0.3877084255218506,0.060606151819229126
481,vit_lejepa,vit_tiny_cifar,attention_rollout,predicted,blocks.1,6,6,6,0.4094627797603607,0.1434977799654007,0.2764802798628807
482,vit_lejepa,vit_tiny_cifar,attention_rollout,predicted,blocks.1,8,8,8,-0.3120453655719757,0.39276009798049927,0.04035736620426178
483,vit_lejepa,vit_tiny_cifar,attention_rollout,predicted,blocks.1,5,6,6,0.23423784971237183,0.14358513057231903,0.18891149014234543
484,vit_lejepa,vit_tiny_cifar,attention_rollout,predicted,blocks.1,5,5,5,0.014461757615208626,0.3675256073474884,0.19099368248134851
485,vit_lejepa,vit_tiny_cifar,attention_rollout,predicted,blocks.1,9,9,9,-0.20136016607284546,0.3656480312347412,0.08214393258094788
486,vit_lejepa,vit_tiny_cifar,attention_rollout,predicted,blocks.1,9,9,9,-0.17127977311611176,0.3787960410118103,0.10375813394784927
487,vit_lejepa,vit_tiny_cifar,attention_rollout,predicted,blocks.1,9,9,9,-0.33830419182777405,0.3721271753311157,0.016911491751670837
488,vit_lejepa,vit_tiny_cifar,attention_rollout,predicted,blocks.1,5,8,8,0.1644117832183838,0.38968169689178467,0.27704674005508423
489,vit_lejepa,vit_tiny_cifar,attention_rollout,predicted,blocks.1,0,8,8,0.21557366847991943,0.42527127265930176,0.3204224705696106
490,vit_lejepa,vit_tiny_cifar,attention_rollout,predicted,blocks.1,1,9,9,-0.07773973792791367,0.23963479697704315,0.08094752952456474
491,vit_lejepa,vit_tiny_cifar,attention_rollout,predicted,blocks.1,0,8,8,-0.35339170694351196,0.3855638802051544,0.016086086630821228
492,vit_lejepa,vit_tiny_cifar,attention_rollout,predicted,blocks.1,8,8,8,-0.40311500430107117,0.316584050655365,-0.04326547682285309
493,vit_lejepa,vit_tiny_cifar,attention_rollout,predicted,blocks.1,1,9,9,-0.13282611966133118,0.4230121076107025,0.14509299397468567
494,vit_lejepa,vit_tiny_cifar,attention_rollout,predicted,blocks.1,1,8,8,-0.1712377965450287,0.3615649342536926,0.09516356885433197
495,vit_lejepa,vit_tiny_cifar,attention_rollout,predicted,blocks.1,8,8,8,-0.20025835931301117,0.409719318151474,0.10473047941923141
496,vit_lejepa,vit_tiny_cifar,attention_rollout,predicted,blocks.1,0,8,8,-0.3381476104259491,0.25095856189727783,-0.04359452426433563
497,vit_lejepa,vit_tiny_cifar,attention_rollout,predicted,blocks.1,2,0,0,-0.4074714183807373,0.31045690178871155,-0.04850725829601288
498,vit_lejepa,vit_tiny_cifar,attention_rollout,predicted,blocks.1,2,2,2,-0.3378484547138214,0.30169588327407837,-0.01807628571987152
499,vit_lejepa,vit_tiny_cifar,attention_rollout,predicted,blocks.1,0,9,9,0.01347518153488636,0.3964281380176544,0.2049516597762704
500,vit_lejepa,vit_tiny_cifar,attention_rollout,predicted,blocks.1,4,2,2,-0.17245984077453613,0.27827128767967224,0.052905723452568054
501,vit_lejepa,vit_tiny_cifar,attention_rollout,predicted,blocks.1,6,6,6,0.4092971384525299,0.19816230237483978,0.30372972041368484
502,vit_lejepa,vit_tiny_cifar,attention_rollout,predicted,blocks.1,5,4,4,0.45676034688949585,0.32823461294174194,0.3924974799156189
503,vit_lejepa,vit_tiny_cifar,attention_rollout,predicted,blocks.1,4,6,6,0.22964993119239807,0.16061218082904816,0.19513105601072311
504,vit_lejepa,vit_tiny_cifar,attention_rollout,predicted,blocks.1,9,8,8,-0.20055913925170898,0.3896213173866272,0.0945310890674591
505,vit_lejepa,vit_tiny_cifar,attention_rollout,predicted,blocks.1,4,5,5,0.5398300886154175,0.49738335609436035,0.5186067223548889
506,vit_lejepa,vit_tiny_cifar,attention_rollout,predicted,blocks.1,7,9,9,-0.07710455358028412,0.4626947045326233,0.1927950754761696
507,vit_lejepa,vit_tiny_cifar,attention_rollout,predicted,blocks.1,9,4,4,-0.015284484252333641,0.4235602617263794,0.20413788873702288
508,vit_lejepa,vit_tiny_cifar,attention_rollout,predicted,blocks.1,9,8,8,0.328411728143692,0.09900130331516266,0.21370651572942734
509,vit_lejepa,vit_tiny_cifar,attention_rollout,predicted,blocks.1,4,4,4,0.6363828182220459,0.19057098031044006,0.413476899266243
510,vit_lejepa,vit_tiny_cifar,attention_rollout,predicted,blocks.1,5,5,5,0.28548476099967957,0.3827850818634033,0.33413492143154144
511,vit_lejepa,vit_tiny_cifar,attention_rollout,predicted,blocks.1,6,6,6,0.03354424610733986,0.21276558935642242,0.12315491773188114
384,vit_lejepa,vit_tiny_cifar,attention_rollout,predicted,blocks.3,2,4,4,0.5052698254585266,0.23569311201572418,0.3704814687371254
385,vit_lejepa,vit_tiny_cifar,attention_rollout,predicted,blocks.3,8,0,0,0.8431015610694885,0.5455614328384399,0.6943314969539642
386,vit_lejepa,vit_tiny_cifar,attention_rollout,predicted,blocks.3,7,9,9,0.2559034526348114,0.3023587763309479,0.27913111448287964
387,vit_lejepa,vit_tiny_cifar,attention_rollout,predicted,blocks.3,2,7,7,0.34342387318611145,0.33688387274742126,0.34015387296676636
388,vit_lejepa,vit_tiny_cifar,attention_rollout,predicted,blocks.3,2,3,3,0.4931257367134094,0.37538638710975647,0.43425606191158295
389,vit_lejepa,vit_tiny_cifar,attention_rollout,predicted,blocks.3,5,7,7,0.33027076721191406,0.42870497703552246,0.37948787212371826
390,vit_lejepa,vit_tiny_cifar,attention_rollout,predicted,blocks.3,1,9,9,0.26804304122924805,0.13427132368087769,0.20115718245506287
391,vit_lejepa,vit_tiny_cifar,attention_rollout,predicted,blocks.3,2,6,6,0.8162412643432617,0.3555445969104767,0.5858929306268692
392,vit_lejepa,vit_tiny_cifar,attention_rollout,predicted,blocks.3,6,7,7,0.3063472807407379,0.34617021679878235,0.32625874876976013
393,vit_lejepa,vit_tiny_cifar,attention_rollout,predicted,blocks.3,2,5,5,0.5514053702354431,0.5157483816146851,0.5335768759250641
394,vit_lejepa,vit_tiny_cifar,attention_rollout,predicted,blocks.3,9,9,9,0.23959973454475403,0.3520243465900421,0.29581204056739807
395,vit_lejepa,vit_tiny_cifar,attention_rollout,predicted,blocks.3,6,6,6,0.3285849094390869,0.2510561943054199,0.2898205518722534
396,vit_lejepa,vit_tiny_cifar,attention_rollout,predicted,blocks.3,2,4,4,0.32751160860061646,0.30404120683670044,0.31577640771865845
397,vit_lejepa,vit_tiny_cifar,attention_rollout,predicted,blocks.3,3,3,3,0.27483025193214417,0.5506037473678589,0.4127169996500015
398,vit_lejepa,vit_tiny_cifar,attention_rollout,predicted,blocks.3,0,8,8,0.8384406566619873,0.6449973583221436,0.7417190074920654
399,vit_lejepa,vit_tiny_cifar,attention_rollout,predicted,blocks.3,3,9,9,0.7404291033744812,0.542518138885498,0.6414736211299896
400,vit_lejepa,vit_tiny_cifar,attention_rollout,predicted,blocks.3,9,9,9,0.41270458698272705,0.45114362239837646,0.43192410469055176
401,vit_lejepa,vit_tiny_cifar,attention_rollout,predicted,blocks.3,8,8,8,0.3534807562828064,0.4151771664619446,0.3843289613723755
402,vit_lejepa,vit_tiny_cifar,attention_rollout,predicted,blocks.3,7,5,5,0.7429476380348206,0.5981128215789795,0.6705302298069
403,vit_lejepa,vit_tiny_cifar,attention_rollout,predicted,blocks.3,8,8,8,0.23544172942638397,0.29106009006500244,0.2632509097456932
404,vit_lejepa,vit_tiny_cifar,attention_rollout,predicted,blocks.3,8,8,8,0.2754109501838684,0.47192147374153137,0.3736662119626999
405,vit_lejepa,vit_tiny_cifar,attention_rollout,predicted,blocks.3,4,4,4,0.4358212351799011,0.1627521514892578,0.29928669333457947
406,vit_lejepa,vit_tiny_cifar,attention_rollout,predicted,blocks.3,0,9,9,0.10536617785692215,0.26538893580436707,0.1853775568306446
407,vit_lejepa,vit_tiny_cifar,attention_rollout,predicted,blocks.3,1,1,1,0.5991171002388,0.6037905216217041,0.6014538109302521
408,vit_lejepa,vit_tiny_cifar,attention_rollout,predicted,blocks.3,8,8,8,0.745482325553894,0.517147421836853,0.6313148736953735
409,vit_lejepa,vit_tiny_cifar,attention_rollout,predicted,blocks.3,2,8,8,0.4784581661224365,0.3742637038230896,0.42636093497276306
410,vit_lejepa,vit_tiny_cifar,attention_rollout,predicted,blocks.3,7,8,8,0.10255608707666397,0.3002198040485382,0.2013879455626011
411,vit_lejepa,vit_tiny_cifar,attention_rollout,predicted,blocks.3,9,0,0,0.604935348033905,0.4241318106651306,0.5145335793495178
412,vit_lejepa,vit_tiny_cifar,attention_rollout,predicted,blocks.3,3,9,9,0.3625112473964691,0.4702785313129425,0.4163948893547058
413,vit_lejepa,vit_tiny_cifar,attention_rollout,predicted,blocks.3,6,4,4,0.29282134771347046,0.31480729579925537,0.3038143217563629
414,vit_lejepa,vit_tiny_cifar,attention_rollout,predicted,blocks.3,1,9,9,0.3048664331436157,0.5082376599311829,0.4065520465373993
415,vit_lejepa,vit_tiny_cifar,attention_rollout,predicted,blocks.3,9,8,8,0.3135319650173187,0.5903632044792175,0.4519475847482681
416,vit_lejepa,vit_tiny_cifar,attention_rollout,predicted,blocks.3,0,3,3,0.6718137860298157,0.5315483212471008,0.6016810536384583
417,vit_lejepa,vit_tiny_cifar,attention_rollout,predicted,blocks.3,7,5,5,0.4208516478538513,0.5563817024230957,0.4886166751384735
418,vit_lejepa,vit_tiny_cifar,attention_rollout,predicted,blocks.3,3,7,7,0.28874677419662476,0.4766007959842682,0.38267378509044647
419,vit_lejepa,vit_tiny_cifar,attention_rollout,predicted,blocks.3,7,7,7,0.3535609245300293,0.5104253888130188,0.43199315667152405
420,vit_lejepa,vit_tiny_cifar,attention_rollout,predicted,blocks.3,4,8,8,0.4539981186389923,0.28560253977775574,0.369800329208374
421,vit_lejepa,vit_tiny_cifar,attention_rollout,predicted,blocks.3,5,9,9,0.5037627816200256,0.5085240602493286,0.5061434209346771
422,vit_lejepa,vit_tiny_cifar,attention_rollout,predicted,blocks.3,0,3,3,-0.029077863320708275,0.3068009912967682,0.13886156398802996
423,vit_lejepa,vit_tiny_cifar,attention_rollout,predicted,blocks.3,0,3,3,0.3348354399204254,0.2911984920501709,0.31301696598529816
424,vit_lejepa,vit_tiny_cifar,attention_rollout,predicted,blocks.3,2,5,5,0.7607917189598083,0.4088703989982605,0.5848310589790344
425,vit_lejepa,vit_tiny_cifar,attention_rollout,predicted,blocks.3,9,9,9,0.3092843294143677,0.42156100273132324,0.36542266607284546
426,vit_lejepa,vit_tiny_cifar,attention_rollout,predicted,blocks.3,3,9,9,0.455666184425354,0.5340161323547363,0.49484115839004517
427,vit_lejepa,vit_tiny_cifar,attention_rollout,predicted,blocks.3,4,6,6,0.4355736970901489,0.30892905592918396,0.37225137650966644
428,vit_lejepa,vit_tiny_cifar,attention_rollout,predicted,blocks.3,0,7,7,0.31444913148880005,0.46564462780952454,0.3900468796491623
429,vit_lejepa,vit_tiny_cifar,attention_rollout,predicted,blocks.3,6,8,8,0.6642066240310669,0.5136451721191406,0.5889258980751038
430,vit_lejepa,vit_tiny_cifar,attention_rollout,predicted,blocks.3,2,7,7,0.4768769443035126,0.46913233399391174,0.47300463914871216
431,vit_lejepa,vit_tiny_cifar,attention_rollout,predicted,blocks.3,5,8,8,0.6707228422164917,0.3980617821216583,0.534392312169075
432,vit_lejepa,vit_tiny_cifar,attention_rollout,predicted,blocks.3,3,7,7,0.06973974406719208,0.2057686150074005,0.1377541795372963
433,vit_lejepa,vit_tiny_cifar,attention_rollout,predicted,blocks.3,7,9,9,0.30452442169189453,0.4455680549144745,0.3750462383031845
434,vit_lejepa,vit_tiny_cifar,attention_rollout,predicted,blocks.3,3,4,4,0.05683399736881256,0.39587828516960144,0.226356141269207
435,vit_lejepa,vit_tiny_cifar,attention_rollout,predicted,blocks.3,7,7,7,0.442516028881073,0.45265457034111023,0.4475852996110916
436,vit_lejepa,vit_tiny_cifar,attention_rollout,predicted,blocks.3,2,3,3,0.5703012943267822,0.59907066822052,0.5846859812736511
437,vit_lejepa,vit_tiny_cifar,attention_rollout,predicted,blocks.3,5,6,6,0.48120078444480896,0.25578194856643677,0.36849136650562286
438,vit_lejepa,vit_tiny_cifar,attention_rollout,predicted,blocks.3,3,9,9,0.2726922035217285,0.16276052594184875,0.21772636473178864
439,vit_lejepa,vit_tiny_cifar,attention_rollout,predicted,blocks.3,1,7,7,0.19044438004493713,0.3955548405647278,0.29299961030483246
440,vit_lejepa,vit_tiny_cifar,attention_rollout,predicted,blocks.3,1,5,5,0.1920691728591919,0.488426148891449,0.34024766087532043
441,vit_lejepa,vit_tiny_cifar,attention_rollout,predicted,blocks.3,4,4,4,0.4356333017349243,0.14750979840755463,0.29157155007123947
442,vit_lejepa,vit_tiny_cifar,attention_rollout,predicted,blocks.3,9,9,9,0.4812856614589691,0.6262164115905762,0.5537510365247726
443,vit_lejepa,vit_tiny_cifar,attention_rollout,predicted,blocks.3,9,3,3,-0.11003485321998596,0.47755128145217896,0.1837582141160965
444,vit_lejepa,vit_tiny_cifar,attention_rollout,predicted,blocks.3,5,8,8,0.25664496421813965,0.5099770426750183,0.383311003446579
445,vit_lejepa,vit_tiny_cifar,attention_rollout,predicted,blocks.3,7,4,4,0.28655171394348145,0.22119660675525665,0.25387416034936905
446,vit_lejepa,vit_tiny_cifar,attention_rollout,predicted,blocks.3,5,3,3,0.2801974415779114,0.294215589761734,0.2872065156698227
447,vit_lejepa,vit_tiny_cifar,attention_rollout,predicted,blocks.3,0,0,0,0.9193119406700134,0.7126495242118835,0.8159807324409485
448,vit_lejepa,vit_tiny_cifar,attention_rollout,predicted,blocks.3,2,8,8,0.8287893533706665,0.48336896300315857,0.6560791581869125
449,vit_lejepa,vit_tiny_cifar,attention_rollout,predicted,blocks.3,2,8,8,0.721845805644989,0.5424250960350037,0.6321354508399963
450,vit_lejepa,vit_tiny_cifar,attention_rollout,predicted,blocks.3,2,9,9,0.1695593297481537,0.464923232793808,0.31724128127098083
451,vit_lejepa,vit_tiny_cifar,attention_rollout,predicted,blocks.3,9,9,9,0.5469712018966675,0.5329918265342712,0.5399815142154694
452,vit_lejepa,vit_tiny_cifar,attention_rollout,predicted,blocks.3,7,9,9,0.28405946493148804,0.39113789796829224,0.33759868144989014
453,vit_lejepa,vit_tiny_cifar,attention_rollout,predicted,blocks.3,3,8,8,0.7385658621788025,0.33259475231170654,0.5355803072452545
454,vit_lejepa,vit_tiny_cifar,attention_rollout,predicted,blocks.3,9,8,8,0.4474659264087677,0.4377926290035248,0.44262927770614624
455,vit_lejepa,vit_tiny_cifar,attention_rollout,predicted,blocks.3,4,8,8,0.4232315421104431,0.3959871828556061,0.4096093624830246
456,vit_lejepa,vit_tiny_cifar,attention_rollout,predicted,blocks.3,3,4,4,0.7309867739677429,0.3528267741203308,0.5419067740440369
457,vit_lejepa,vit_tiny_cifar,attention_rollout,predicted,blocks.3,5,7,7,0.5347856879234314,0.30924516916275024,0.4220154285430908
458,vit_lejepa,vit_tiny_cifar,attention_rollout,predicted,blocks.3,4,4,4,0.01914368011057377,0.38122400641441345,0.2001838432624936
459,vit_lejepa,vit_tiny_cifar,attention_rollout,predicted,blocks.3,6,8,8,0.5154251456260681,0.4056369960308075,0.4605310708284378
460,vit_lejepa,vit_tiny_cifar,attention_rollout,predicted,blocks.3,5,7,7,0.3469505310058594,0.5368256568908691,0.44188809394836426
461,vit_lejepa,vit_tiny_cifar,attention_rollout,predicted,blocks.3,6,7,7,0.10527022927999496,0.3092915713787079,0.20728090032935143
462,vit_lejepa,vit_tiny_cifar,attention_rollout,predicted,blocks.3,1,8,8,0.401917427778244,0.5753705501556396,0.48864398896694183
463,vit_lejepa,vit_tiny_cifar,attention_rollout,predicted,blocks.3,4,8,8,0.28940680623054504,0.2806505262851715,0.2850286662578583
464,vit_lejepa,vit_tiny_cifar,attention_rollout,predicted,blocks.3,3,0,0,0.5192901492118835,0.42144879698753357,0.47036947309970856
465,vit_lejepa,vit_tiny_cifar,attention_rollout,predicted,blocks.3,4,8,8,0.5847781896591187,0.5347667336463928,0.5597724616527557
466,vit_lejepa,vit_tiny_cifar,attention_rollout,predicted,blocks.3,4,7,7,0.3707405626773834,0.5452002286911011,0.45797039568424225
467,vit_lejepa,vit_tiny_cifar,attention_rollout,predicted,blocks.3,3,9,9,0.4117193818092346,0.33094125986099243,0.3713303208351135
468,vit_lejepa,vit_tiny_cifar,attention_rollout,predicted,blocks.3,7,9,9,0.2553006112575531,0.534663736820221,0.394982174038887
469,vit_lejepa,vit_tiny_cifar,attention_rollout,predicted,blocks.3,8,7,7,0.06494277715682983,0.43665745854377747,0.25080011785030365
470,vit_lejepa,vit_tiny_cifar,attention_rollout,predicted,blocks.3,3,4,4,0.2752332389354706,0.23431140184402466,0.2547723203897476
471,vit_lejepa,vit_tiny_cifar,attention_rollout,predicted,blocks.3,7,9,9,0.4746865928173065,0.5290999412536621,0.5018932670354843
472,vit_lejepa,vit_tiny_cifar,attention_rollout,predicted,blocks.3,8,8,8,0.0687628909945488,0.5683879852294922,0.3185754381120205
473,vit_lejepa,vit_tiny_cifar,attention_rollout,predicted,blocks.3,0,8,8,-0.506410539150238,0.2072150558233261,-0.14959774166345596
474,vit_lejepa,vit_tiny_cifar,attention_rollout,predicted,blocks.3,5,9,9,0.2366964966058731,0.5501702427864075,0.3934333696961403
475,vit_lejepa,vit_tiny_cifar,attention_rollout,predicted,blocks.3,7,7,7,0.17246462404727936,0.48034152388572693,0.32640307396650314
476,vit_lejepa,vit_tiny_cifar,attention_rollout,predicted,blocks.3,6,7,7,0.27131035923957825,0.337072491645813,0.3041914254426956
477,vit_lejepa,vit_tiny_cifar,attention_rollout,predicted,blocks.3,0,8,8,0.5778994560241699,0.6281532049179077,0.6030263304710388
478,vit_lejepa,vit_tiny_cifar,attention_rollout,predicted,blocks.3,5,7,7,0.24303007125854492,0.3995370864868164,0.32128357887268066
479,vit_lejepa,vit_tiny_cifar,attention_rollout,predicted,blocks.3,4,8,8,0.1801033914089203,0.339889794588089,0.25999659299850464
480,vit_lejepa,vit_tiny_cifar,attention_rollout,predicted,blocks.3,8,5,5,0.3910541534423828,0.46092545986175537,0.4259898066520691
481,vit_lejepa,vit_tiny_cifar,attention_rollout,predicted,blocks.3,6,6,6,0.5142306089401245,0.1792118102312088,0.34672120958566666
482,vit_lejepa,vit_tiny_cifar,attention_rollout,predicted,blocks.3,8,8,8,0.2731338441371918,0.3504967987537384,0.3118153214454651
483,vit_lejepa,vit_tiny_cifar,attention_rollout,predicted,blocks.3,5,6,6,0.4050449728965759,0.32757768034935,0.36631132662296295
484,vit_lejepa,vit_tiny_cifar,attention_rollout,predicted,blocks.3,5,5,5,0.5172389149665833,0.48232659697532654,0.4997827559709549
485,vit_lejepa,vit_tiny_cifar,attention_rollout,predicted,blocks.3,9,9,9,0.216729536652565,0.5647462606430054,0.3907378986477852
486,vit_lejepa,vit_tiny_cifar,attention_rollout,predicted,blocks.3,9,9,9,0.4261910915374756,0.5255938172340393,0.47589245438575745
487,vit_lejepa,vit_tiny_cifar,attention_rollout,predicted,blocks.3,9,9,9,-0.009287893772125244,0.4265325963497162,0.20862235128879547
488,vit_lejepa,vit_tiny_cifar,attention_rollout,predicted,blocks.3,5,8,8,0.6898061037063599,0.5299355387687683,0.6098708212375641
489,vit_lejepa,vit_tiny_cifar,attention_rollout,predicted,blocks.3,0,8,8,0.6503863334655762,0.5606192350387573,0.6055027842521667
490,vit_lejepa,vit_tiny_cifar,attention_rollout,predicted,blocks.3,1,9,9,0.14016740024089813,0.23128652572631836,0.18572696298360825
491,vit_lejepa,vit_tiny_cifar,attention_rollout,predicted,blocks.3,0,8,8,0.5399830341339111,0.5959932208061218,0.5679881274700165
492,vit_lejepa,vit_tiny_cifar,attention_rollout,predicted,blocks.3,8,8,8,0.08396880328655243,0.47434648871421814,0.2791576460003853
493,vit_lejepa,vit_tiny_cifar,attention_rollout,predicted,blocks.3,1,9,9,0.45313653349876404,0.5137977004051208,0.48346711695194244
494,vit_lejepa,vit_tiny_cifar,attention_rollout,predicted,blocks.3,1,8,8,0.31711938977241516,0.4881514608860016,0.4026354253292084
495,vit_lejepa,vit_tiny_cifar,attention_rollout,predicted,blocks.3,8,8,8,0.48607930541038513,0.5269781947135925,0.5065287500619888
496,vit_lejepa,vit_tiny_cifar,attention_rollout,predicted,blocks.3,0,8,8,-0.11351677030324936,0.1774107962846756,0.03194701299071312
497,vit_lejepa,vit_tiny_cifar,attention_rollout,predicted,blocks.3,2,0,0,0.043443530797958374,0.3886334300041199,0.21603848040103912
498,vit_lejepa,vit_tiny_cifar,attention_rollout,predicted,blocks.3,2,2,2,0.12233296781778336,0.37872710824012756,0.25053003802895546
499,vit_lejepa,vit_tiny_cifar,attention_rollout,predicted,blocks.3,0,9,9,0.5662506818771362,0.38183876872062683,0.47404472529888153
500,vit_lejepa,vit_tiny_cifar,attention_rollout,predicted,blocks.3,4,2,2,0.27188557386398315,0.4158156216144562,0.34385059773921967
501,vit_lejepa,vit_tiny_cifar,attention_rollout,predicted,blocks.3,6,6,6,0.5760397911071777,0.31737443804740906,0.4467071145772934
502,vit_lejepa,vit_tiny_cifar,attention_rollout,predicted,blocks.3,5,4,4,0.5520806312561035,0.3042662441730499,0.4281734377145767
503,vit_lejepa,vit_tiny_cifar,attention_rollout,predicted,blocks.3,4,6,6,0.3703630566596985,0.16398894786834717,0.2671760022640228
504,vit_lejepa,vit_tiny_cifar,attention_rollout,predicted,blocks.3,9,8,8,0.2623608410358429,0.3519941568374634,0.30717749893665314
505,vit_lejepa,vit_tiny_cifar,attention_rollout,predicted,blocks.3,4,5,5,0.5593775510787964,0.5191989541053772,0.5392882525920868
506,vit_lejepa,vit_tiny_cifar,attention_rollout,predicted,blocks.3,7,9,9,0.5538660287857056,0.5702034831047058,0.5620347559452057
507,vit_lejepa,vit_tiny_cifar,attention_rollout,predicted,blocks.3,9,4,4,0.3126934766769409,0.40410754084587097,0.35840050876140594
508,vit_lejepa,vit_tiny_cifar,attention_rollout,predicted,blocks.3,9,8,8,0.3770470917224884,0.17082595825195312,0.27393652498722076
509,vit_lejepa,vit_tiny_cifar,attention_rollout,predicted,blocks.3,4,4,4,0.6097743511199951,0.14516378939151764,0.3774690702557564
510,vit_lejepa,vit_tiny_cifar,attention_rollout,predicted,blocks.3,5,5,5,0.724259614944458,0.45943188667297363,0.5918457508087158
511,vit_lejepa,vit_tiny_cifar,attention_rollout,predicted,blocks.3,6,6,6,0.28712165355682373,0.29789862036705017,0.29251013696193695
384,vit_lejepa,vit_tiny_cifar,attention_rollout,predicted,blocks.5,2,4,4,0.504940390586853,0.24089355766773224,0.37291697412729263
385,vit_lejepa,vit_tiny_cifar,attention_rollout,predicted,blocks.5,8,0,0,0.8961938619613647,0.5745487213134766,0.7353712916374207
386,vit_lejepa,vit_tiny_cifar,attention_rollout,predicted,blocks.5,7,9,9,0.2710346579551697,0.2936954200267792,0.2823650389909744
387,vit_lejepa,vit_tiny_cifar,attention_rollout,predicted,blocks.5,2,7,7,0.4101514518260956,0.34903982281684875,0.37959563732147217
388,vit_lejepa,vit_tiny_cifar,attention_rollout,predicted,blocks.5,2,3,3,0.5719966292381287,0.35873153805732727,0.46536408364772797
389,vit_lejepa,vit_tiny_cifar,attention_rollout,predicted,blocks.5,5,7,7,0.423167884349823,0.400460809469223,0.411814346909523
390,vit_lejepa,vit_tiny_cifar,attention_rollout,predicted,blocks.5,1,9,9,0.25379377603530884,0.13464796543121338,0.1942208707332611
391,vit_lejepa,vit_tiny_cifar,attention_rollout,predicted,blocks.5,2,6,6,0.7966125011444092,0.3448912799358368,0.570751890540123
392,vit_lejepa,vit_tiny_cifar,attention_rollout,predicted,blocks.5,6,7,7,0.41095781326293945,0.3460249900817871,0.3784914016723633
393,vit_lejepa,vit_tiny_cifar,attention_rollout,predicted,blocks.5,2,5,5,0.6643686890602112,0.5479983687400818,0.6061835289001465
394,vit_lejepa,vit_tiny_cifar,attention_rollout,predicted,blocks.5,9,9,9,0.29415175318717957,0.37159764766693115,0.33287470042705536
395,vit_lejepa,vit_tiny_cifar,attention_rollout,predicted,blocks.5,6,6,6,0.2625431418418884,0.250488817691803,0.2565159797668457
396,vit_lejepa,vit_tiny_cifar,attention_rollout,predicted,blocks.5,2,4,4,0.4256893992424011,0.2889803946018219,0.3573348969221115
397,vit_lejepa,vit_tiny_cifar,attention_rollout,predicted,blocks.5,3,3,3,0.3832992911338806,0.5218008756637573,0.45255008339881897
398,vit_lejepa,vit_tiny_cifar,attention_rollout,predicted,blocks.5,0,8,8,0.8696679472923279,0.684562087059021,0.7771150171756744
399,vit_lejepa,vit_tiny_cifar,attention_rollout,predicted,blocks.5,3,9,9,0.8072201013565063,0.5260363817214966,0.6666282415390015
400,vit_lejepa,vit_tiny_cifar,attention_rollout,predicted,blocks.5,9,9,9,0.5177066922187805,0.5059881210327148,0.5118474066257477
401,vit_lejepa,vit_tiny_cifar,attention_rollout,predicted,blocks.5,8,8,8,0.43078649044036865,0.3895716369152069,0.4101790636777878
402,vit_lejepa,vit_tiny_cifar,attention_rollout,predicted,blocks.5,7,5,5,0.8052868843078613,0.6204466223716736,0.7128667533397675
403,vit_lejepa,vit_tiny_cifar,attention_rollout,predicted,blocks.5,8,8,8,0.35331153869628906,0.3254389762878418,0.33937525749206543
404,vit_lejepa,vit_tiny_cifar,attention_rollout,predicted,blocks.5,8,8,8,0.36304137110710144,0.4332295358181,0.3981354534626007
405,vit_lejepa,vit_tiny_cifar,attention_rollout,predicted,blocks.5,4,4,4,0.4354102611541748,0.15071983635425568,0.29306504875421524
406,vit_lejepa,vit_tiny_cifar,attention_rollout,predicted,blocks.5,0,9,9,0.16157029569149017,0.27852022647857666,0.22004526108503342
407,vit_lejepa,vit_tiny_cifar,attention_rollout,predicted,blocks.5,1,1,1,0.6645416021347046,0.6038251519203186,0.6341833770275116
408,vit_lejepa,vit_tiny_cifar,attention_rollout,predicted,blocks.5,8,8,8,0.8040773868560791,0.6062324047088623,0.7051548957824707
409,vit_lejepa,vit_tiny_cifar,attention_rollout,predicted,blocks.5,2,8,8,0.5818637609481812,0.447246253490448,0.5145550072193146
410,vit_lejepa,vit_tiny_cifar,attention_rollout,predicted,blocks.5,7,8,8,0.19611479341983795,0.28104835748672485,0.2385815754532814
411,vit_lejepa,vit_tiny_cifar,attention_rollout,predicted,blocks.5,9,0,0,0.6580926775932312,0.42717495560646057,0.5426338165998459
412,vit_lejepa,vit_tiny_cifar,attention_rollout,predicted,blocks.5,3,9,9,0.4671730697154999,0.46430376172065735,0.4657384157180786
413,vit_lejepa,vit_tiny_cifar,attention_rollout,predicted,blocks.5,6,4,4,0.31550395488739014,0.3280278146266937,0.32176588475704193
414,vit_lejepa,vit_tiny_cifar,attention_rollout,predicted,blocks.5,1,9,9,0.39636626839637756,0.4494679272174835,0.42291709780693054
415,vit_lejepa,vit_tiny_cifar,attention_rollout,predicted,blocks.5,9,8,8,0.4176863431930542,0.5714632868766785,0.49457481503486633
416,vit_lejepa,vit_tiny_cifar,attention_rollout,predicted,blocks.5,0,3,3,0.7459137439727783,0.5369528532028198,0.6414332985877991
417,vit_lejepa,vit_tiny_cifar,attention_rollout,predicted,blocks.5,7,5,5,0.4956611692905426,0.5126980543136597,0.5041796118021011
418,vit_lejepa,vit_tiny_cifar,attention_rollout,predicted,blocks.5,3,7,7,0.3368045687675476,0.44787487387657166,0.39233972132205963
419,vit_lejepa,vit_tiny_cifar,attention_rollout,predicted,blocks.5,7,7,7,0.44980281591415405,0.5094855427742004,0.47964417934417725
420,vit_lejepa,vit_tiny_cifar,attention_rollout,predicted,blocks.5,4,8,8,0.48857855796813965,0.2868153750896454,0.3876969665288925
421,vit_lejepa,vit_tiny_cifar,attention_rollout,predicted,blocks.5,5,9,9,0.6376820206642151,0.5403825640678406,0.5890322923660278
422,vit_lejepa,vit_tiny_cifar,attention_rollout,predicted,blocks.5,0,3,3,0.11130592226982117,0.28089773654937744,0.1961018294095993
423,vit_lejepa,vit_tiny_cifar,attention_rollout,predicted,blocks.5,0,3,3,0.38133350014686584,0.28999388217926025,0.33566369116306305
424,vit_lejepa,vit_tiny_cifar,attention_rollout,predicted,blocks.5,2,5,5,0.7949346303939819,0.41426679491996765,0.6046007126569748
425,vit_lejepa,vit_tiny_cifar,attention_rollout,predicted,blocks.5,9,9,9,0.4530225396156311,0.4122534990310669,0.432638019323349
426,vit_lejepa,vit_tiny_cifar,attention_rollout,predicted,blocks.5,3,9,9,0.4910735487937927,0.5316615104675293,0.511367529630661
427,vit_lejepa,vit_tiny_cifar,attention_rollout,predicted,blocks.5,4,6,6,0.45614954829216003,0.2781701385974884,0.3671598434448242
428,vit_lejepa,vit_tiny_cifar,attention_rollout,predicted,blocks.5,0,7,7,0.32657140493392944,0.4513723850250244,0.38897189497947693
429,vit_lejepa,vit_tiny_cifar,attention_rollout,predicted,blocks.5,6,8,8,0.7330320477485657,0.4852486848831177,0.6091403663158417
430,vit_lejepa,vit_tiny_cifar,attention_rollout,predicted,blocks.5,2,7,7,0.5767473578453064,0.43490132689476013,0.5058243423700333
431,vit_lejepa,vit_tiny_cifar,attention_rollout,predicted,blocks.5,5,8,8,0.7204974889755249,0.384583055973053,0.5525402724742889
432,vit_lejepa,vit_tiny_cifar,attention_rollout,predicted,blocks.5,3,7,7,0.031620852649211884,0.1971738636493683,0.11439735814929008
433,vit_lejepa,vit_tiny_cifar,attention_rollout,predicted,blocks.5,7,9,9,0.3374958634376526,0.4465310275554657,0.39201344549655914
434,vit_lejepa,vit_tiny_cifar,attention_rollout,predicted,blocks.5,3,4,4,0.15464605391025543,0.35849329829216003,0.25656967610120773
435,vit_lejepa,vit_tiny_cifar,attention_rollout,predicted,blocks.5,7,7,7,0.5211315751075745,0.4437834322452545,0.4824575036764145
436,vit_lejepa,vit_tiny_cifar,attention_rollout,predicted,blocks.5,2,3,3,0.7022755146026611,0.6110415458679199,0.6566585302352905
437,vit_lejepa,vit_tiny_cifar,attention_rollout,predicted,blocks.5,5,6,6,0.47643354535102844,0.2600972056388855,0.36826537549495697
438,vit_lejepa,vit_tiny_cifar,attention_rollout,predicted,blocks.5,3,9,9,0.2732921242713928,0.16088956594467163,0.21709084510803223
439,vit_lejepa,vit_tiny_cifar,attention_rollout,predicted,blocks.5,1,7,7,0.3043416738510132,0.4487479627132416,0.3765448182821274
440,vit_lejepa,vit_tiny_cifar,attention_rollout,predicted,blocks.5,1,5,5,0.3263089656829834,0.47228243947029114,0.39929570257663727
441,vit_lejepa,vit_tiny_cifar,attention_rollout,predicted,blocks.5,4,4,4,0.4241029918193817,0.1531643271446228,0.28863365948200226
442,vit_lejepa,vit_tiny_cifar,attention_rollout,predicted,blocks.5,9,9,9,0.6169103384017944,0.6747485399246216,0.645829439163208
443,vit_lejepa,vit_tiny_cifar,attention_rollout,predicted,blocks.5,9,3,3,0.019726721569895744,0.46642816066741943,0.2430774411186576
444,vit_lejepa,vit_tiny_cifar,attention_rollout,predicted,blocks.5,5,8,8,0.37502622604370117,0.47071516513824463,0.4228706955909729
445,vit_lejepa,vit_tiny_cifar,attention_rollout,predicted,blocks.5,7,4,4,0.3031303584575653,0.21394626796245575,0.25853831321001053
446,vit_lejepa,vit_tiny_cifar,attention_rollout,predicted,blocks.5,5,3,3,0.3700035512447357,0.2796770930290222,0.32484032213687897
447,vit_lejepa,vit_tiny_cifar,attention_rollout,predicted,blocks.5,0,0,0,0.9484946131706238,0.772412896156311,0.8604537546634674
448,vit_lejepa,vit_tiny_cifar,attention_rollout,predicted,blocks.5,2,8,8,0.855613648891449,0.48369836807250977,0.6696560084819794
449,vit_lejepa,vit_tiny_cifar,attention_rollout,predicted,blocks.5,2,8,8,0.7746134400367737,0.506958544254303,0.6407859921455383
450,vit_lejepa,vit_tiny_cifar,attention_rollout,predicted,blocks.5,2,9,9,0.3507618010044098,0.5230858325958252,0.4369238168001175
451,vit_lejepa,vit_tiny_cifar,attention_rollout,predicted,blocks.5,9,9,9,0.6269012093544006,0.511492133140564,0.5691966712474823
452,vit_lejepa,vit_tiny_cifar,attention_rollout,predicted,blocks.5,7,9,9,0.35410964488983154,0.3411976397037506,0.3476536422967911
453,vit_lejepa,vit_tiny_cifar,attention_rollout,predicted,blocks.5,3,8,8,0.7678584456443787,0.3103836178779602,0.5391210317611694
454,vit_lejepa,vit_tiny_cifar,attention_rollout,predicted,blocks.5,9,8,8,0.5555209517478943,0.4486672580242157,0.502094104886055
455,vit_lejepa,vit_tiny_cifar,attention_rollout,predicted,blocks.5,4,8,8,0.48976659774780273,0.37250542640686035,0.43113601207733154
456,vit_lejepa,vit_tiny_cifar,attention_rollout,predicted,blocks.5,3,4,4,0.7276854515075684,0.35636579990386963,0.542025625705719
457,vit_lejepa,vit_tiny_cifar,attention_rollout,predicted,blocks.5,5,7,7,0.5765137076377869,0.3338344395160675,0.4551740735769272
458,vit_lejepa,vit_tiny_cifar,attention_rollout,predicted,blocks.5,4,4,4,0.06882750242948532,0.3709690570831299,0.2198982797563076
459,vit_lejepa,vit_tiny_cifar,attention_rollout,predicted,blocks.5,6,8,8,0.6306983232498169,0.4081425666809082,0.5194204449653625
460,vit_lejepa,vit_tiny_cifar,attention_rollout,predicted,blocks.5,5,7,7,0.4465424716472626,0.5923976302146912,0.5194700509309769
461,vit_lejepa,vit_tiny_cifar,attention_rollout,predicted,blocks.5,6,7,7,0.17564289271831512,0.32003381848335266,0.2478383556008339
462,vit_lejepa,vit_tiny_cifar,attention_rollout,predicted,blocks.5,1,8,8,0.49005958437919617,0.5989716649055481,0.5445156246423721
463,vit_lejepa,vit_tiny_cifar,attention_rollout,predicted,blocks.5,4,8,8,0.37971916794776917,0.264542818069458,0.3221309930086136
464,vit_lejepa,vit_tiny_cifar,attention_rollout,predicted,blocks.5,3,0,0,0.6028714776039124,0.3839418590068817,0.49340666830539703
465,vit_lejepa,vit_tiny_cifar,attention_rollout,predicted,blocks.5,4,8,8,0.6661248803138733,0.5379260778427124,0.6020254790782928
466,vit_lejepa,vit_tiny_cifar,attention_rollout,predicted,blocks.5,4,7,7,0.5017638802528381,0.5168922543525696,0.5093280673027039
467,vit_lejepa,vit_tiny_cifar,attention_rollout,predicted,blocks.5,3,9,9,0.49488407373428345,0.3124634027481079,0.4036737382411957
468,vit_lejepa,vit_tiny_cifar,attention_rollout,predicted,blocks.5,7,9,9,0.3710688054561615,0.5110519528388977,0.4410603791475296
469,vit_lejepa,vit_tiny_cifar,attention_rollout,predicted,blocks.5,8,7,7,0.2106384038925171,0.41912969946861267,0.3148840516805649
470,vit_lejepa,vit_tiny_cifar,attention_rollout,predicted,blocks.5,3,4,4,0.2829267382621765,0.2280842810869217,0.2555055096745491
471,vit_lejepa,vit_tiny_cifar,attention_rollout,predicted,blocks.5,7,9,9,0.5685211420059204,0.5210621356964111,0.5447916388511658
472,vit_lejepa,vit_tiny_cifar,attention_rollout,predicted,blocks.5,8,8,8,0.23935392498970032,0.6047021746635437,0.422028049826622
473,vit_lejepa,vit_tiny_cifar,attention_rollout,predicted,blocks.5,0,8,8,-0.45241138339042664,0.22582025825977325,-0.11329556256532669
474,vit_lejepa,vit_tiny_cifar,attention_rollout,predicted,blocks.5,5,9,9,0.3847367465496063,0.5762392282485962,0.48048798739910126
475,vit_lejepa,vit_tiny_cifar,attention_rollout,predicted,blocks.5,7,7,7,0.2826545536518097,0.4645352363586426,0.37359489500522614
476,vit_lejepa,vit_tiny_cifar,attention_rollout,predicted,blocks.5,6,7,7,0.34014132618904114,0.2990697920322418,0.3196055591106415
477,vit_lejepa,vit_tiny_cifar,attention_rollout,predicted,blocks.5,0,8,8,0.601858377456665,0.5732567310333252,0.5875575542449951
478,vit_lejepa,vit_tiny_cifar,attention_rollout,predicted,blocks.5,5,7,7,0.34882113337516785,0.3971498906612396,0.37298551201820374
479,vit_lejepa,vit_tiny_cifar,attention_rollout,predicted,blocks.5,4,8,8,0.2719677686691284,0.30662253499031067,0.28929515182971954
480,vit_lejepa,vit_tiny_cifar,attention_rollout,predicted,blocks.5,8,5,5,0.4962174594402313,0.47342026233673096,0.48481886088848114
481,vit_lejepa,vit_tiny_cifar,attention_rollout,predicted,blocks.5,6,6,6,0.5255128741264343,0.18714092671871185,0.3563269004225731
482,vit_lejepa,vit_tiny_cifar,attention_rollout,predicted,blocks.5,8,8,8,0.3662417232990265,0.3479345440864563,0.3570881336927414
483,vit_lejepa,vit_tiny_cifar,attention_rollout,predicted,blocks.5,5,6,6,0.4152768552303314,0.4017443358898163,0.40851059556007385
484,vit_lejepa,vit_tiny_cifar,attention_rollout,predicted,blocks.5,5,5,5,0.6203833222389221,0.49613428115844727,0.5582588016986847
485,vit_lejepa,vit_tiny_cifar,attention_rollout,predicted,blocks.5,9,9,9,0.29418227076530457,0.47764459252357483,0.3859134316444397
486,vit_lejepa,vit_tiny_cifar,attention_rollout,predicted,blocks.5,9,9,9,0.5412020087242126,0.48625779151916504,0.5137299001216888
487,vit_lejepa,vit_tiny_cifar,attention_rollout,predicted,blocks.5,9,9,9,0.0606110580265522,0.410722553730011,0.2356668058782816
488,vit_lejepa,vit_tiny_cifar,attention_rollout,predicted,blocks.5,5,8,8,0.7510253190994263,0.5230823159217834,0.6370538175106049
489,vit_lejepa,vit_tiny_cifar,attention_rollout,predicted,blocks.5,0,8,8,0.7175452709197998,0.5924575328826904,0.6550014019012451
490,vit_lejepa,vit_tiny_cifar,attention_rollout,predicted,blocks.5,1,9,9,0.1787596344947815,0.23026998341083527,0.20451480895280838
491,vit_lejepa,vit_tiny_cifar,attention_rollout,predicted,blocks.5,0,8,8,0.6973428726196289,0.6477716565132141,0.6725572645664215
492,vit_lejepa,vit_tiny_cifar,attention_rollout,predicted,blocks.5,8,8,8,0.23730431497097015,0.46345484256744385,0.350379578769207
493,vit_lejepa,vit_tiny_cifar,attention_rollout,predicted,blocks.5,1,9,9,0.5626686215400696,0.5288576483726501,0.5457631349563599
494,vit_lejepa,vit_tiny_cifar,attention_rollout,predicted,blocks.5,1,8,8,0.4201250374317169,0.5036465525627136,0.46188579499721527
495,vit_lejepa,vit_tiny_cifar,attention_rollout,predicted,blocks.5,8,8,8,0.6005724668502808,0.5000302195549011,0.5503013432025909
496,vit_lejepa,vit_tiny_cifar,attention_rollout,predicted,blocks.5,0,8,8,-0.07412166148424149,0.15977516770362854,0.04282675310969353
497,vit_lejepa,vit_tiny_cifar,attention_rollout,predicted,blocks.5,2,0,0,0.19588328897953033,0.3891107738018036,0.29249703139066696
498,vit_lejepa,vit_tiny_cifar,attention_rollout,predicted,blocks.5,2,2,2,0.2786659002304077,0.39591050148010254,0.3372882008552551
499,vit_lejepa,vit_tiny_cifar,attention_rollout,predicted,blocks.5,0,9,9,0.6975334286689758,0.43154504895210266,0.5645392388105392
500,vit_lejepa,vit_tiny_cifar,attention_rollout,predicted,blocks.5,4,2,2,0.38409385085105896,0.40300774574279785,0.3935507982969284
501,vit_lejepa,vit_tiny_cifar,attention_rollout,predicted,blocks.5,6,6,6,0.5835539698600769,0.3070385158061981,0.4452962428331375
502,vit_lejepa,vit_tiny_cifar,attention_rollout,predicted,blocks.5,5,4,4,0.5302653908729553,0.2685738503932953,0.3994196206331253
503,vit_lejepa,vit_tiny_cifar,attention_rollout,predicted,blocks.5,4,6,6,0.37732964754104614,0.16193021833896637,0.26962993294000626
504,vit_lejepa,vit_tiny_cifar,attention_rollout,predicted,blocks.5,9,8,8,0.35332977771759033,0.3390711843967438,0.34620048105716705
505,vit_lejepa,vit_tiny_cifar,attention_rollout,predicted,blocks.5,4,5,5,0.5676698684692383,0.5210226774215698,0.544346272945404
506,vit_lejepa,vit_tiny_cifar,attention_rollout,predicted,blocks.5,7,9,9,0.6439326405525208,0.5342022180557251,0.5890674293041229
507,vit_lejepa,vit_tiny_cifar,attention_rollout,predicted,blocks.5,9,4,4,0.3562072217464447,0.3684422969818115,0.3623247593641281
508,vit_lejepa,vit_tiny_cifar,attention_rollout,predicted,blocks.5,9,8,8,0.42403703927993774,0.20058919489383698,0.31231311708688736
509,vit_lejepa,vit_tiny_cifar,attention_rollout,predicted,blocks.5,4,4,4,0.5927799940109253,0.13104146718978882,0.36191073060035706
510,vit_lejepa,vit_tiny_cifar,attention_rollout,predicted,blocks.5,5,5,5,0.7773930430412292,0.4104474186897278,0.5939202308654785
511,vit_lejepa,vit_tiny_cifar,attention_rollout,predicted,blocks.5,6,6,6,0.34220561385154724,0.3130584955215454,0.3276320546865463
512,vit_lejepa,vit_tiny_cifar,attention_rollout,predicted,blocks.1,6,7,7,-0.010083970613777637,0.29242879152297974,0.14117241045460105
513,vit_lejepa,vit_tiny_cifar,attention_rollout,predicted,blocks.1,1,9,9,-0.20843791961669922,0.26477909088134766,0.02817058563232422
514,vit_lejepa,vit_tiny_cifar,attention_rollout,predicted,blocks.1,5,9,9,-0.23704726994037628,0.4253755509853363,0.09416414052248001
515,vit_lejepa,vit_tiny_cifar,attention_rollout,predicted,blocks.1,3,9,9,-0.035088907927274704,0.293591171503067,0.12925113178789616
516,vit_lejepa,vit_tiny_cifar,attention_rollout,predicted,blocks.1,8,9,9,-0.21879763901233673,0.42290130257606506,0.10205183178186417
517,vit_lejepa,vit_tiny_cifar,attention_rollout,predicted,blocks.1,9,3,3,0.4769436717033386,0.3974926769733429,0.43721817433834076
518,vit_lejepa,vit_tiny_cifar,attention_rollout,predicted,blocks.1,5,8,8,-0.2899124026298523,0.3979629874229431,0.05402529239654541
519,vit_lejepa,vit_tiny_cifar,attention_rollout,predicted,blocks.1,8,8,8,-0.35474151372909546,0.2654913663864136,-0.04462507367134094
520,vit_lejepa,vit_tiny_cifar,attention_rollout,predicted,blocks.1,5,7,7,-0.11329923570156097,0.47299808263778687,0.17984942346811295
521,vit_lejepa,vit_tiny_cifar,attention_rollout,predicted,blocks.1,7,0,0,0.16467364132404327,0.2777799963951111,0.22122681885957718
522,vit_lejepa,vit_tiny_cifar,attention_rollout,predicted,blocks.1,0,8,8,-0.08775515854358673,0.23487530648708344,0.07356007397174835
523,vit_lejepa,vit_tiny_cifar,attention_rollout,predicted,blocks.1,7,8,8,-0.2189982831478119,0.4206865429878235,0.1008441299200058
524,vit_lejepa,vit_tiny_cifar,attention_rollout,predicted,blocks.1,0,8,8,0.09242032468318939,0.29501041769981384,0.19371537119150162
525,vit_lejepa,vit_tiny_cifar,attention_rollout,predicted,blocks.1,5,4,4,-0.09942328184843063,0.2493179738521576,0.07494734600186348
526,vit_lejepa,vit_tiny_cifar,attention_rollout,predicted,blocks.1,0,5,5,0.13638925552368164,0.3703526556491852,0.2533709555864334
527,vit_lejepa,vit_tiny_cifar,attention_rollout,predicted,blocks.1,0,8,8,0.11414970457553864,0.39636239409446716,0.2552560493350029
528,vit_lejepa,vit_tiny_cifar,attention_rollout,predicted,blocks.1,4,4,4,0.10101868212223053,0.20460045337677002,0.15280956774950027
529,vit_lejepa,vit_tiny_cifar,attention_rollout,predicted,blocks.1,6,6,6,0.017788434401154518,0.1398988664150238,0.07884365040808916
530,vit_lejepa,vit_tiny_cifar,attention_rollout,predicted,blocks.1,9,8,8,-0.0038075074553489685,0.5454805493354797,0.2708365209400654
531,vit_lejepa,vit_tiny_cifar,attention_rollout,predicted,blocks.1,0,9,9,-0.11755872517824173,0.4271053373813629,0.1547733061015606
532,vit_lejepa,vit_tiny_cifar,attention_rollout,predicted,blocks.1,9,7,7,-0.06871384382247925,0.24230483174324036,0.08679549396038055
533,vit_lejepa,vit_tiny_cifar,attention_rollout,predicted,blocks.1,5,5,5,-0.22297392785549164,0.3682529926300049,0.07263953238725662
534,vit_lejepa,vit_tiny_cifar,attention_rollout,predicted,blocks.1,6,6,6,0.020959381014108658,0.06726913899183273,0.044114260002970695
535,vit_lejepa,vit_tiny_cifar,attention_rollout,predicted,blocks.1,6,6,6,0.08363430947065353,0.22458414733409882,0.15410922840237617
536,vit_lejepa,vit_tiny_cifar,attention_rollout,predicted,blocks.1,6,7,7,-0.047840412706136703,0.3040139377117157,0.1280867625027895
537,vit_lejepa,vit_tiny_cifar,attention_rollout,predicted,blocks.1,2,9,9,0.564570963382721,0.13394559919834137,0.34925828129053116
538,vit_lejepa,vit_tiny_cifar,attention_rollout,predicted,blocks.1,9,8,8,-0.19275611639022827,0.4780268967151642,0.14263539016246796
539,vit_lejepa,vit_tiny_cifar,attention_rollout,predicted,blocks.1,0,9,9,-0.28901487588882446,0.34763312339782715,0.029309123754501343
540,vit_lejepa,vit_tiny_cifar,attention_rollout,predicted,blocks.1,1,9,9,-0.19043445587158203,0.4335811138153076,0.12157332897186279
541,vit_lejepa,vit_tiny_cifar,attention_rollout,predicted,blocks.1,7,8,8,-0.2313639223575592,0.2496223747730255,0.009129226207733154
542,vit_lejepa,vit_tiny_cifar,attention_rollout,predicted,blocks.1,6,9,9,0.18185016512870789,0.3637083172798157,0.2727792412042618
543,vit_lejepa,vit_tiny_cifar,attention_rollout,predicted,blocks.1,7,7,7,-0.23400866985321045,0.28694066405296326,0.026465997099876404
544,vit_lejepa,vit_tiny_cifar,attention_rollout,predicted,blocks.1,5,7,7,0.43536847829818726,0.2443707436323166,0.3398696109652519
545,vit_lejepa,vit_tiny_cifar,attention_rollout,predicted,blocks.1,9,9,9,-0.2705412805080414,0.42298781871795654,0.07622326910495758
546,vit_lejepa,vit_tiny_cifar,attention_rollout,predicted,blocks.1,1,9,9,-0.07780594378709793,0.36694619059562683,0.14457012340426445
547,vit_lejepa,vit_tiny_cifar,attention_rollout,predicted,blocks.1,6,6,6,0.133621484041214,0.2528565526008606,0.1932390183210373
548,vit_lejepa,vit_tiny_cifar,attention_rollout,predicted,blocks.1,2,4,4,0.08152986317873001,0.1968018263578415,0.13916584476828575
549,vit_lejepa,vit_tiny_cifar,attention_rollout,predicted,blocks.1,5,9,9,-0.1386808305978775,0.2989983558654785,0.0801587626338005
550,vit_lejepa,vit_tiny_cifar,attention_rollout,predicted,blocks.1,5,8,8,-0.38920891284942627,0.30794575810432434,-0.040631577372550964
551,vit_lejepa,vit_tiny_cifar,attention_rollout,predicted,blocks.1,5,5,5,-0.23853453993797302,0.3432471752166748,0.05235631763935089
552,vit_lejepa,vit_tiny_cifar,attention_rollout,predicted,blocks.1,8,8,8,-0.06610067933797836,0.419036328792572,0.17646782472729683
553,vit_lejepa,vit_tiny_cifar,attention_rollout,predicted,blocks.1,5,3,3,-0.12148156017065048,0.29310449957847595,0.08581146970391273
554,vit_lejepa,vit_tiny_cifar,attention_rollout,predicted,blocks.1,9,8,8,-0.03117469698190689,0.4298556447029114,0.19934047386050224
555,vit_lejepa,vit_tiny_cifar,attention_rollout,predicted,blocks.1,4,4,4,0.2655249238014221,0.274807870388031,0.27016639709472656
556,vit_lejepa,vit_tiny_cifar,attention_rollout,predicted,blocks.1,6,4,4,-0.07198140770196915,0.258772611618042,0.09339560195803642
557,vit_lejepa,vit_tiny_cifar,attention_rollout,predicted,blocks.1,4,8,8,-0.1376534402370453,0.18928936123847961,0.025817960500717163
558,vit_lejepa,vit_tiny_cifar,attention_rollout,predicted,blocks.1,3,9,9,-0.12849055230617523,0.34156590700149536,0.10653767734766006
559,vit_lejepa,vit_tiny_cifar,attention_rollout,predicted,blocks.1,2,4,4,-0.3811773657798767,0.20636935532093048,-0.08740400522947311
560,vit_lejepa,vit_tiny_cifar,attention_rollout,predicted,blocks.1,0,0,0,0.3358522653579712,0.47679224610328674,0.40632225573062897
561,vit_lejepa,vit_tiny_cifar,attention_rollout,predicted,blocks.1,7,4,4,0.31684017181396484,0.06713099777698517,0.191985584795475
562,vit_lejepa,vit_tiny_cifar,attention_rollout,predicted,blocks.1,6,4,4,0.07772833853960037,0.2311629354953766,0.15444563701748848
563,vit_lejepa,vit_tiny_cifar,attention_rollout,predicted,blocks.1,2,4,4,-0.08189528435468674,0.15079852938652039,0.034451622515916824
564,vit_lejepa,vit_tiny_cifar,attention_rollout,predicted,blocks.1,2,7,7,-0.34645524621009827,0.22072537243366241,-0.06286493688821793
565,vit_lejepa,vit_tiny_cifar,attention_rollout,predicted,blocks.1,3,8,8,-0.2069781869649887,0.4618290066719055,0.1274254098534584
566,vit_lejepa,vit_tiny_cifar,attention_rollout,predicted,blocks.1,9,8,8,-0.30174288153648376,0.37272095680236816,0.0354890376329422
567,vit_lejepa,vit_tiny_cifar,attention_rollout,predicted,blocks.1,7,7,7,0.09192793816328049,0.3837233781814575,0.237825658172369
568,vit_lejepa,vit_tiny_cifar,attention_rollout,predicted,blocks.1,9,8,8,-0.2857760787010193,0.40017181634902954,0.05719786882400513
569,vit_lejepa,vit_tiny_cifar,attention_rollout,predicted,blocks.1,2,8,8,0.007306717336177826,0.34284934401512146,0.17507803067564964
570,vit_lejepa,vit_tiny_cifar,attention_rollout,predicted,blocks.1,6,9,9,-0.19028210639953613,0.4376447796821594,0.12368133664131165
571,vit_lejepa,vit_tiny_cifar,attention_rollout,predicted,blocks.1,7,9,9,0.06498535722494125,0.43445631861686707,0.24972083792090416
572,vit_lejepa,vit_tiny_cifar,attention_rollout,predicted,blocks.1,1,8,8,-0.16103141009807587,0.44938135147094727,0.1441749706864357
573,vit_lejepa,vit_tiny_cifar,attention_rollout,predicted,blocks.1,3,6,6,-0.14042875170707703,0.35143929719924927,0.10550527274608612
574,vit_lejepa,vit_tiny_cifar,attention_rollout,predicted,blocks.1,6,9,9,0.017118394374847412,0.4263864755630493,0.22175243496894836
575,vit_lejepa,vit_tiny_cifar,attention_rollout,predicted,blocks.1,6,7,7,0.21642708778381348,0.14418451488018036,0.18030580133199692
576,vit_lejepa,vit_tiny_cifar,attention_rollout,predicted,blocks.1,8,8,8,-0.3036257326602936,0.3213215470314026,0.008847907185554504
577,vit_lejepa,vit_tiny_cifar,attention_rollout,predicted,blocks.1,9,8,8,-0.1910165250301361,0.33850619196891785,0.07374483346939087
578,vit_lejepa,vit_tiny_cifar,attention_rollout,predicted,blocks.1,7,8,8,0.08503782004117966,0.3284936845302582,0.20676575228571892
579,vit_lejepa,vit_tiny_cifar,attention_rollout,predicted,blocks.1,5,9,9,-0.43670591711997986,0.26638010144233704,-0.08516290783882141
580,vit_lejepa,vit_tiny_cifar,attention_rollout,predicted,blocks.1,4,6,6,0.10483024269342422,0.12575359642505646,0.11529191955924034
581,vit_lejepa,vit_tiny_cifar,attention_rollout,predicted,blocks.1,0,8,8,0.01498323306441307,0.3901297152042389,0.20255647413432598
582,vit_lejepa,vit_tiny_cifar,attention_rollout,predicted,blocks.1,8,5,5,-0.09707625955343246,0.4559172987937927,0.17942051962018013
583,vit_lejepa,vit_tiny_cifar,attention_rollout,predicted,blocks.1,4,4,4,0.40632230043411255,0.29539117217063904,0.3508567363023758
584,vit_lejepa,vit_tiny_cifar,attention_rollout,predicted,blocks.1,0,4,4,0.00536291254684329,0.18191049993038177,0.09363670623861253
585,vit_lejepa,vit_tiny_cifar,attention_rollout,predicted,blocks.1,9,9,9,-0.020476918667554855,0.2684306204319,0.12397685088217258
586,vit_lejepa,vit_tiny_cifar,attention_rollout,predicted,blocks.1,3,4,4,0.0084158880636096,0.2645060122013092,0.1364609501324594
587,vit_lejepa,vit_tiny_cifar,attention_rollout,predicted,blocks.1,4,4,4,0.3913883566856384,0.22619707882404327,0.30879271775484085
588,vit_lejepa,vit_tiny_cifar,attention_rollout,predicted,blocks.1,8,8,8,-0.22420868277549744,0.3836023211479187,0.07969681918621063
589,vit_lejepa,vit_tiny_cifar,attention_rollout,predicted,blocks.1,9,5,5,-0.29875388741493225,0.4252151846885681,0.06323064863681793
590,vit_lejepa,vit_tiny_cifar,attention_rollout,predicted,blocks.1,6,8,8,-0.47288399934768677,0.44041261076927185,-0.01623569428920746
591,vit_lejepa,vit_tiny_cifar,attention_rollout,predicted,blocks.1,9,9,9,-0.12434662133455276,0.44288957118988037,0.1592714749276638
592,vit_lejepa,vit_tiny_cifar,attention_rollout,predicted,blocks.1,2,5,5,0.3750135600566864,0.32754939794540405,0.3512814790010452
593,vit_lejepa,vit_tiny_cifar,attention_rollout,predicted,blocks.1,6,4,4,0.5631383657455444,0.1573975682258606,0.3602679669857025
594,vit_lejepa,vit_tiny_cifar,attention_rollout,predicted,blocks.1,1,9,9,-0.3967446982860565,0.3772297501564026,-0.009757474064826965
595,vit_lejepa,vit_tiny_cifar,attention_rollout,predicted,blocks.1,4,9,9,0.09950380772352219,0.4836200773715973,0.29156194254755974
596,vit_lejepa,vit_tiny_cifar,attention_rollout,predicted,blocks.1,7,5,5,0.24235746264457703,0.38766202330589294,0.315009742975235
597,vit_lejepa,vit_tiny_cifar,attention_rollout,predicted,blocks.1,3,7,7,0.041085608303546906,0.3469311594963074,0.19400838389992714
598,vit_lejepa,vit_tiny_cifar,attention_rollout,predicted,blocks.1,5,8,8,-0.14096114039421082,0.47801169753074646,0.16852527856826782
599,vit_lejepa,vit_tiny_cifar,attention_rollout,predicted,blocks.1,3,7,7,-0.3209649622440338,0.3363838195800781,0.007709428668022156
600,vit_lejepa,vit_tiny_cifar,attention_rollout,predicted,blocks.1,8,9,9,-0.26335424184799194,0.29384845495224,0.015247106552124023
601,vit_lejepa,vit_tiny_cifar,attention_rollout,predicted,blocks.1,5,9,9,0.2288496345281601,0.3869374394416809,0.3078935369849205
602,vit_lejepa,vit_tiny_cifar,attention_rollout,predicted,blocks.1,0,1,1,-0.03729837015271187,0.3647076189517975,0.1637046243995428
603,vit_lejepa,vit_tiny_cifar,attention_rollout,predicted,blocks.1,2,4,4,0.13794901967048645,0.3493519127368927,0.24365046620368958
604,vit_lejepa,vit_tiny_cifar,attention_rollout,predicted,blocks.1,1,9,9,-0.13897423446178436,0.49286553263664246,0.17694564908742905
605,vit_lejepa,vit_tiny_cifar,attention_rollout,predicted,blocks.1,6,2,2,-0.07318472117185593,0.23776960372924805,0.08229244127869606
606,vit_lejepa,vit_tiny_cifar,attention_rollout,predicted,blocks.1,4,8,8,-0.20461827516555786,0.37153705954551697,0.08345939218997955
607,vit_lejepa,vit_tiny_cifar,attention_rollout,predicted,blocks.1,3,7,7,-0.3215339779853821,0.42984625697135925,0.054156139492988586
608,vit_lejepa,vit_tiny_cifar,attention_rollout,predicted,blocks.1,3,9,9,0.19609372317790985,0.3142317831516266,0.2551627531647682
609,vit_lejepa,vit_tiny_cifar,attention_rollout,predicted,blocks.1,9,9,9,-0.017102956771850586,0.33262670040130615,0.15776187181472778
610,vit_lejepa,vit_tiny_cifar,attention_rollout,predicted,blocks.1,6,6,6,0.1580045074224472,0.17966800928115845,0.16883625835180283
611,vit_lejepa,vit_tiny_cifar,attention_rollout,predicted,blocks.1,9,5,5,0.1535768061876297,0.3279029428958893,0.2407398745417595
612,vit_lejepa,vit_tiny_cifar,attention_rollout,predicted,blocks.1,8,9,9,-0.10424257814884186,0.36684465408325195,0.13130103796720505
613,vit_lejepa,vit_tiny_cifar,attention_rollout,predicted,blocks.1,8,8,8,0.41035428643226624,0.293480783700943,0.3519175350666046
614,vit_lejepa,vit_tiny_cifar,attention_rollout,predicted,blocks.1,5,4,4,-0.03415382653474808,0.11857231706380844,0.04220924526453018
615,vit_lejepa,vit_tiny_cifar,attention_rollout,predicted,blocks.1,8,9,9,-0.2798290252685547,0.3466453552246094,0.033408164978027344
616,vit_lejepa,vit_tiny_cifar,attention_rollout,predicted,blocks.1,6,9,9,-0.2343294620513916,0.322372704744339,0.044021621346473694
617,vit_lejepa,vit_tiny_cifar,attention_rollout,predicted,blocks.1,6,7,7,0.21351668238639832,0.20786601305007935,0.21069134771823883
618,vit_lejepa,vit_tiny_cifar,attention_rollout,predicted,blocks.1,2,9,9,-0.21956579387187958,0.313183069229126,0.0468086376786232
619,vit_lejepa,vit_tiny_cifar,attention_rollout,predicted,blocks.1,1,9,9,-0.17024420201778412,0.4232601523399353,0.1265079751610756
620,vit_lejepa,vit_tiny_cifar,attention_rollout,predicted,blocks.1,7,7,7,-0.10685806721448898,0.25158342719078064,0.07236267998814583
621,vit_lejepa,vit_tiny_cifar,attention_rollout,predicted,blocks.1,7,6,6,0.31697505712509155,0.30052557587623596,0.30875031650066376
622,vit_lejepa,vit_tiny_cifar,attention_rollout,predicted,blocks.1,1,9,9,0.12673883140087128,0.28995323181152344,0.20834603160619736
623,vit_lejepa,vit_tiny_cifar,attention_rollout,predicted,blocks.1,2,8,8,-0.033322252333164215,0.40831613540649414,0.18749694153666496
624,vit_lejepa,vit_tiny_cifar,attention_rollout,predicted,blocks.1,7,9,9,0.0061617083847522736,0.515312671661377,0.2607371900230646
625,vit_lejepa,vit_tiny_cifar,attention_rollout,predicted,blocks.1,9,9,9,-0.14088381826877594,0.33622175455093384,0.09766896814107895
626,vit_lejepa,vit_tiny_cifar,attention_rollout,predicted,blocks.1,9,9,9,-0.3390211760997772,0.3284794092178345,-0.0052708834409713745
627,vit_lejepa,vit_tiny_cifar,attention_rollout,predicted,blocks.1,4,1,1,0.20427951216697693,0.1054072305560112,0.15484337136149406
628,vit_lejepa,vit_tiny_cifar,attention_rollout,predicted,blocks.1,4,4,4,0.008262012153863907,0.3964657783508301,0.202363895252347
629,vit_lejepa,vit_tiny_cifar,attention_rollout,predicted,blocks.1,1,4,4,0.10399951040744781,0.09130579978227615,0.09765265509486198
630,vit_lejepa,vit_tiny_cifar,attention_rollout,predicted,blocks.1,2,2,2,0.6800271272659302,0.18110080063343048,0.43056396394968033
631,vit_lejepa,vit_tiny_cifar,attention_rollout,predicted,blocks.1,5,4,4,0.29478293657302856,0.1255595088005066,0.21017122268676758
632,vit_lejepa,vit_tiny_cifar,attention_rollout,predicted,blocks.1,6,6,6,0.14495418965816498,0.19106192886829376,0.16800805926322937
633,vit_lejepa,vit_tiny_cifar,attention_rollout,predicted,blocks.1,8,3,3,0.3750154376029968,0.42221513390541077,0.3986152857542038
634,vit_lejepa,vit_tiny_cifar,attention_rollout,predicted,blocks.1,7,7,7,-0.06442013382911682,0.1525883823633194,0.04408412426710129
635,vit_lejepa,vit_tiny_cifar,attention_rollout,predicted,blocks.1,6,8,8,0.011344625614583492,0.2946738600730896,0.15300924284383655
636,vit_lejepa,vit_tiny_cifar,attention_rollout,predicted,blocks.1,8,8,8,-0.42468875646591187,0.414143830537796,-0.005272462964057922
637,vit_lejepa,vit_tiny_cifar,attention_rollout,predicted,blocks.1,3,7,7,-0.13709557056427002,0.2799687683582306,0.07143659889698029
638,vit_lejepa,vit_tiny_cifar,attention_rollout,predicted,blocks.1,0,8,8,0.3701704442501068,0.4150258004665375,0.39259812235832214
639,vit_lejepa,vit_tiny_cifar,attention_rollout,predicted,blocks.1,5,4,4,-0.10267321765422821,0.15543478727340698,0.026380784809589386
512,vit_lejepa,vit_tiny_cifar,attention_rollout,predicted,blocks.3,6,7,7,0.39300602674484253,0.2926647663116455,0.342835396528244
513,vit_lejepa,vit_tiny_cifar,attention_rollout,predicted,blocks.3,1,9,9,0.24202491343021393,0.33104294538497925,0.2865339294075966
514,vit_lejepa,vit_tiny_cifar,attention_rollout,predicted,blocks.3,5,9,9,0.5455356240272522,0.5299082398414612,0.5377219319343567
515,vit_lejepa,vit_tiny_cifar,attention_rollout,predicted,blocks.3,3,9,9,0.4765985608100891,0.5457735657691956,0.5111860632896423
516,vit_lejepa,vit_tiny_cifar,attention_rollout,predicted,blocks.3,8,9,9,0.43065932393074036,0.5736891627311707,0.5021742433309555
517,vit_lejepa,vit_tiny_cifar,attention_rollout,predicted,blocks.3,9,3,3,0.5726340413093567,0.5360116958618164,0.5543228685855865
518,vit_lejepa,vit_tiny_cifar,attention_rollout,predicted,blocks.3,5,8,8,0.22013555467128754,0.45903751254081726,0.3395865336060524
519,vit_lejepa,vit_tiny_cifar,attention_rollout,predicted,blocks.3,8,8,8,0.028268050402402878,0.43640992045402527,0.23233898542821407
520,vit_lejepa,vit_tiny_cifar,attention_rollout,predicted,blocks.3,5,7,7,0.5430648326873779,0.45662426948547363,0.4998445510864258
521,vit_lejepa,vit_tiny_cifar,attention_rollout,predicted,blocks.3,7,0,0,0.5214866995811462,0.3901718258857727,0.4558292627334595
522,vit_lejepa,vit_tiny_cifar,attention_rollout,predicted,blocks.3,0,8,8,0.027810009196400642,0.25093427300453186,0.13937214110046625
523,vit_lejepa,vit_tiny_cifar,attention_rollout,predicted,blocks.3,7,8,8,0.10821762681007385,0.40930110216140747,0.25875936448574066
524,vit_lejepa,vit_tiny_cifar,attention_rollout,predicted,blocks.3,0,8,8,0.7631722688674927,0.5544323921203613,0.658802330493927
525,vit_lejepa,vit_tiny_cifar,attention_rollout,predicted,blocks.3,5,4,4,0.21342505514621735,0.46292349696159363,0.3381742760539055
526,vit_lejepa,vit_tiny_cifar,attention_rollout,predicted,blocks.3,0,5,5,0.7771295309066772,0.6241652369499207,0.700647383928299
527,vit_lejepa,vit_tiny_cifar,attention_rollout,predicted,blocks.3,0,8,8,0.6777785420417786,0.4518125355243683,0.5647955387830734
528,vit_lejepa,vit_tiny_cifar,attention_rollout,predicted,blocks.3,4,4,4,0.21564601361751556,0.2189740538597107,0.21731003373861313
529,vit_lejepa,vit_tiny_cifar,attention_rollout,predicted,blocks.3,6,6,6,0.26835235953330994,0.16904132068157196,0.21869684010744095
530,vit_lejepa,vit_tiny_cifar,attention_rollout,predicted,blocks.3,9,8,8,0.6444992423057556,0.6066516041755676,0.6255754232406616
531,vit_lejepa,vit_tiny_cifar,attention_rollout,predicted,blocks.3,0,9,9,0.657844066619873,0.554155707359314,0.6059998869895935
532,vit_lejepa,vit_tiny_cifar,attention_rollout,predicted,blocks.3,9,7,7,0.24058131873607635,0.31160858273506165,0.276094950735569
533,vit_lejepa,vit_tiny_cifar,attention_rollout,predicted,blocks.3,5,5,5,0.5631150007247925,0.44693323969841003,0.5050241202116013
534,vit_lejepa,vit_tiny_cifar,attention_rollout,predicted,blocks.3,6,6,6,0.06721869856119156,0.07644190639257431,0.07183030247688293
535,vit_lejepa,vit_tiny_cifar,attention_rollout,predicted,blocks.3,6,6,6,0.28209561109542847,0.22904764115810394,0.2555716261267662
536,vit_lejepa,vit_tiny_cifar,attention_rollout,predicted,blocks.3,6,7,7,0.2903727889060974,0.34954479336738586,0.31995879113674164
537,vit_lejepa,vit_tiny_cifar,attention_rollout,predicted,blocks.3,2,9,9,0.5529806613922119,0.1534491628408432,0.35321491211652756
538,vit_lejepa,vit_tiny_cifar,attention_rollout,predicted,blocks.3,9,8,8,0.44537732005119324,0.4765090048313141,0.46094316244125366
539,vit_lejepa,vit_tiny_cifar,attention_rollout,predicted,blocks.3,0,9,9,0.19557850062847137,0.5247955322265625,0.36018701642751694
540,vit_lejepa,vit_tiny_cifar,attention_rollout,predicted,blocks.3,1,9,9,0.335184246301651,0.5560334324836731,0.44560883939266205
541,vit_lejepa,vit_tiny_cifar,attention_rollout,predicted,blocks.3,7,8,8,0.18711945414543152,0.4426611065864563,0.3148902803659439
542,vit_lejepa,vit_tiny_cifar,attention_rollout,predicted,blocks.3,6,9,9,0.5516046285629272,0.2894299328327179,0.42051728069782257
543,vit_lejepa,vit_tiny_cifar,attention_rollout,predicted,blocks.3,7,7,7,0.17313678562641144,0.41173893213272095,0.2924378588795662
544,vit_lejepa,vit_tiny_cifar,attention_rollout,predicted,blocks.3,5,7,7,0.5841783881187439,0.30559206008911133,0.4448852241039276
545,vit_lejepa,vit_tiny_cifar,attention_rollout,predicted,blocks.3,9,9,9,0.2122703492641449,0.5295751094818115,0.3709227293729782
546,vit_lejepa,vit_tiny_cifar,attention_rollout,predicted,blocks.3,1,9,9,0.38978418707847595,0.4832800328731537,0.4365321099758148
547,vit_lejepa,vit_tiny_cifar,attention_rollout,predicted,blocks.3,6,6,6,0.33181363344192505,0.28434181213378906,0.30807772278785706
548,vit_lejepa,vit_tiny_cifar,attention_rollout,predicted,blocks.3,2,4,4,0.22089196741580963,0.19714049994945526,0.20901623368263245
549,vit_lejepa,vit_tiny_cifar,attention_rollout,predicted,blocks.3,5,9,9,0.33336377143859863,0.5441058278083801,0.4387347996234894
550,vit_lejepa,vit_tiny_cifar,attention_rollout,predicted,blocks.3,5,8,8,0.039094485342502594,0.27779313921928406,0.15844381228089333
551,vit_lejepa,vit_tiny_cifar,attention_rollout,predicted,blocks.3,5,5,5,0.4774090647697449,0.5022423267364502,0.48982569575309753
552,vit_lejepa,vit_tiny_cifar,attention_rollout,predicted,blocks.3,8,8,8,0.3335363268852234,0.41129979491233826,0.3724180608987808
553,vit_lejepa,vit_tiny_cifar,attention_rollout,predicted,blocks.3,5,3,3,0.48241785168647766,0.49152490496635437,0.486971378326416
554,vit_lejepa,vit_tiny_cifar,attention_rollout,predicted,blocks.3,9,8,8,0.3582186698913574,0.43250787258148193,0.3953632712364197
555,vit_lejepa,vit_tiny_cifar,attention_rollout,predicted,blocks.3,4,4,4,0.5277175903320312,0.47833916544914246,0.5030283778905869
556,vit_lejepa,vit_tiny_cifar,attention_rollout,predicted,blocks.3,6,4,4,0.13004586100578308,0.3443939685821533,0.2372199147939682
557,vit_lejepa,vit_tiny_cifar,attention_rollout,predicted,blocks.3,4,8,8,0.054668497294187546,0.17804908752441406,0.1163587924093008
558,vit_lejepa,vit_tiny_cifar,attention_rollout,predicted,blocks.3,3,9,9,0.25474801659584045,0.3666210174560547,0.31068451702594757
559,vit_lejepa,vit_tiny_cifar,attention_rollout,predicted,blocks.3,2,4,4,-0.08493009954690933,0.31412726640701294,0.1145985834300518
560,vit_lejepa,vit_tiny_cifar,attention_rollout,predicted,blocks.3,0,0,0,0.7322040796279907,0.5222533941268921,0.6272287368774414
561,vit_lejepa,vit_tiny_cifar,attention_rollout,predicted,blocks.3,7,4,4,0.3376513123512268,0.08053947240114212,0.20909539237618446
562,vit_lejepa,vit_tiny_cifar,attention_rollout,predicted,blocks.3,6,4,4,0.3941849172115326,0.40540093183517456,0.3997929245233536
563,vit_lejepa,vit_tiny_cifar,attention_rollout,predicted,blocks.3,2,4,4,0.10465738922357559,0.20157963037490845,0.15311850979924202
564,vit_lejepa,vit_tiny_cifar,attention_rollout,predicted,blocks.3,2,7,7,-0.15943725407123566,0.2530932128429413,0.046827979385852814
565,vit_lejepa,vit_tiny_cifar,attention_rollout,predicted,blocks.3,3,8,8,0.4093746840953827,0.4788573682308197,0.4441160261631012
566,vit_lejepa,vit_tiny_cifar,attention_rollout,predicted,blocks.3,9,8,8,0.26635074615478516,0.5672389268875122,0.4167948365211487
567,vit_lejepa,vit_tiny_cifar,attention_rollout,predicted,blocks.3,7,7,7,0.5912002921104431,0.47387173771858215,0.5325360149145126
568,vit_lejepa,vit_tiny_cifar,attention_rollout,predicted,blocks.3,9,8,8,0.23212213814258575,0.537881076335907,0.38500160723924637
569,vit_lejepa,vit_tiny_cifar,attention_rollout,predicted,blocks.3,2,8,8,0.40492475032806396,0.346739262342453,0.3758320063352585
570,vit_lejepa,vit_tiny_cifar,attention_rollout,predicted,blocks.3,6,9,9,0.5389758348464966,0.5285633206367493,0.5337695777416229
571,vit_lejepa,vit_tiny_cifar,attention_rollout,predicted,blocks.3,7,9,9,0.5720366835594177,0.4941704571247101,0.5331035703420639
572,vit_lejepa,vit_tiny_cifar,attention_rollout,predicted,blocks.3,1,8,8,0.2899388372898102,0.4169113039970398,0.353425070643425
573,vit_lejepa,vit_tiny_cifar,attention_rollout,predicted,blocks.3,3,6,6,0.10303739458322525,0.42922425270080566,0.26613082364201546
574,vit_lejepa,vit_tiny_cifar,attention_rollout,predicted,blocks.3,6,9,9,0.6578084230422974,0.6382081508636475,0.6480082869529724
575,vit_lejepa,vit_tiny_cifar,attention_rollout,predicted,blocks.3,6,7,7,0.3389471173286438,0.16309884190559387,0.25102297961711884
576,vit_lejepa,vit_tiny_cifar,attention_rollout,predicted,blocks.3,8,8,8,0.14285223186016083,0.4615701138973236,0.3022111728787422
577,vit_lejepa,vit_tiny_cifar,attention_rollout,predicted,blocks.3,9,8,8,0.345977783203125,0.4101451635360718,0.3780614733695984
578,vit_lejepa,vit_tiny_cifar,attention_rollout,predicted,blocks.3,7,8,8,0.5055002570152283,0.3889174461364746,0.44720885157585144
579,vit_lejepa,vit_tiny_cifar,attention_rollout,predicted,blocks.3,5,9,9,0.010871442034840584,0.3662109971046448,0.18854121956974268
580,vit_lejepa,vit_tiny_cifar,attention_rollout,predicted,blocks.3,4,6,6,0.2117564082145691,0.17193825542926788,0.1918473318219185
581,vit_lejepa,vit_tiny_cifar,attention_rollout,predicted,blocks.3,0,8,8,0.4423985481262207,0.4681464731693268,0.45527251064777374
582,vit_lejepa,vit_tiny_cifar,attention_rollout,predicted,blocks.3,8,5,5,0.5201826691627502,0.4126811921596527,0.4664319306612015
583,vit_lejepa,vit_tiny_cifar,attention_rollout,predicted,blocks.3,4,4,4,0.5454215407371521,0.306924968957901,0.42617325484752655
584,vit_lejepa,vit_tiny_cifar,attention_rollout,predicted,blocks.3,0,4,4,0.16116955876350403,0.17621786892414093,0.16869371384382248
585,vit_lejepa,vit_tiny_cifar,attention_rollout,predicted,blocks.3,9,9,9,0.3202964663505554,0.3079771399497986,0.314136803150177
586,vit_lejepa,vit_tiny_cifar,attention_rollout,predicted,blocks.3,3,4,4,0.22358320653438568,0.21639466285705566,0.21998893469572067
587,vit_lejepa,vit_tiny_cifar,attention_rollout,predicted,blocks.3,4,4,4,0.47856488823890686,0.27476635575294495,0.3766656219959259
588,vit_lejepa,vit_tiny_cifar,attention_rollout,predicted,blocks.3,8,8,8,0.29938992857933044,0.4836671054363251,0.39152851700782776
589,vit_lejepa,vit_tiny_cifar,attention_rollout,predicted,blocks.3,9,5,5,0.19867753982543945,0.5391395688056946,0.368908554315567
590,vit_lejepa,vit_tiny_cifar,attention_rollout,predicted,blocks.3,6,8,8,0.41238123178482056,0.5029065012931824,0.45764386653900146
591,vit_lejepa,vit_tiny_cifar,attention_rollout,predicted,blocks.3,9,9,9,0.4681434631347656,0.5904636383056641,0.5293035507202148
592,vit_lejepa,vit_tiny_cifar,attention_rollout,predicted,blocks.3,2,5,5,0.7189913392066956,0.4929898679256439,0.6059906035661697
593,vit_lejepa,vit_tiny_cifar,attention_rollout,predicted,blocks.3,6,4,4,0.5531217455863953,0.19472339749336243,0.37392257153987885
594,vit_lejepa,vit_tiny_cifar,attention_rollout,predicted,blocks.3,1,9,9,0.08035407960414886,0.47873371839523315,0.279543898999691
595,vit_lejepa,vit_tiny_cifar,attention_rollout,predicted,blocks.3,4,9,9,0.47237977385520935,0.4679384231567383,0.4701590985059738
596,vit_lejepa,vit_tiny_cifar,attention_rollout,predicted,blocks.3,7,5,5,0.6183764934539795,0.40420621633529663,0.5112913548946381
597,vit_lejepa,vit_tiny_cifar,attention_rollout,predicted,blocks.3,3,7,7,0.30216139554977417,0.3295004665851593,0.31583093106746674
598,vit_lejepa,vit_tiny_cifar,attention_rollout,predicted,blocks.3,5,8,8,0.42408478260040283,0.45591700077056885,0.44000089168548584
599,vit_lejepa,vit_tiny_cifar,attention_rollout,predicted,blocks.3,3,7,7,0.2732408940792084,0.35490769147872925,0.3140742927789688
600,vit_lejepa,vit_tiny_cifar,attention_rollout,predicted,blocks.3,8,9,9,-0.01431173924356699,0.30643486976623535,0.14606156526133418
601,vit_lejepa,vit_tiny_cifar,attention_rollout,predicted,blocks.3,5,9,9,0.6661977171897888,0.5646647810935974,0.6154312491416931
602,vit_lejepa,vit_tiny_cifar,attention_rollout,predicted,blocks.3,0,1,1,0.5272952914237976,0.5184279084205627,0.5228615999221802
603,vit_lejepa,vit_tiny_cifar,attention_rollout,predicted,blocks.3,2,4,4,0.6050610542297363,0.3843020796775818,0.49468156695365906
604,vit_lejepa,vit_tiny_cifar,attention_rollout,predicted,blocks.3,1,9,9,0.32821622490882874,0.5712317228317261,0.4497239738702774
605,vit_lejepa,vit_tiny_cifar,attention_rollout,predicted,blocks.3,6,2,2,0.11737184226512909,0.20868641138076782,0.16302912682294846
606,vit_lejepa,vit_tiny_cifar,attention_rollout,predicted,blocks.3,4,8,8,0.28414806723594666,0.4715665578842163,0.3778573125600815
607,vit_lejepa,vit_tiny_cifar,attention_rollout,predicted,blocks.3,3,7,7,-0.04268193244934082,0.40985187888145447,0.18358497321605682
608,vit_lejepa,vit_tiny_cifar,attention_rollout,predicted,blocks.3,3,9,9,0.46990928053855896,0.41103726625442505,0.440473273396492
609,vit_lejepa,vit_tiny_cifar,attention_rollout,predicted,blocks.3,9,9,9,0.5650798678398132,0.4792974293231964,0.5221886485815048
610,vit_lejepa,vit_tiny_cifar,attention_rollout,predicted,blocks.3,6,6,6,0.30667445063591003,0.2362038642168045,0.27143915742635727
611,vit_lejepa,vit_tiny_cifar,attention_rollout,predicted,blocks.3,9,5,5,0.522110104560852,0.29545336961746216,0.4087817370891571
612,vit_lejepa,vit_tiny_cifar,attention_rollout,predicted,blocks.3,8,9,9,0.34187355637550354,0.4183668792247772,0.3801202178001404
613,vit_lejepa,vit_tiny_cifar,attention_rollout,predicted,blocks.3,8,8,8,0.7225746512413025,0.39694666862487793,0.5597606599330902
614,vit_lejepa,vit_tiny_cifar,attention_rollout,predicted,blocks.3,5,4,4,0.13023146986961365,0.14097774028778076,0.1356046050786972
615,vit_lejepa,vit_tiny_cifar,attention_rollout,predicted,blocks.3,8,9,9,0.13330940902233124,0.40263280272483826,0.26797110587358475
616,vit_lejepa,vit_tiny_cifar,attention_rollout,predicted,blocks.3,6,9,9,0.22303588688373566,0.5446584224700928,0.3838471546769142
617,vit_lejepa,vit_tiny_cifar,attention_rollout,predicted,blocks.3,6,7,7,0.36282896995544434,0.2104661613702774,0.28664756566286087
618,vit_lejepa,vit_tiny_cifar,attention_rollout,predicted,blocks.3,2,9,9,0.2344321757555008,0.5692941546440125,0.4018631651997566
619,vit_lejepa,vit_tiny_cifar,attention_rollout,predicted,blocks.3,1,9,9,0.42180201411247253,0.5691199898719788,0.49546100199222565
620,vit_lejepa,vit_tiny_cifar,attention_rollout,predicted,blocks.3,7,7,7,0.21350924670696259,0.373964786529541,0.2937370166182518
621,vit_lejepa,vit_tiny_cifar,attention_rollout,predicted,blocks.3,7,6,6,0.6069056391716003,0.49031510949134827,0.5486103743314743
622,vit_lejepa,vit_tiny_cifar,attention_rollout,predicted,blocks.3,1,9,9,0.44537848234176636,0.3700409531593323,0.4077097177505493
623,vit_lejepa,vit_tiny_cifar,attention_rollout,predicted,blocks.3,2,8,8,0.4859994351863861,0.41987866163253784,0.452939048409462
624,vit_lejepa,vit_tiny_cifar,attention_rollout,predicted,blocks.3,7,9,9,0.46844297647476196,0.5830009579658508,0.5257219672203064
625,vit_lejepa,vit_tiny_cifar,attention_rollout,predicted,blocks.3,9,9,9,0.4003245234489441,0.42750677466392517,0.41391564905643463
626,vit_lejepa,vit_tiny_cifar,attention_rollout,predicted,blocks.3,9,9,9,0.19083209335803986,0.37273108959198,0.2817815914750099
627,vit_lejepa,vit_tiny_cifar,attention_rollout,predicted,blocks.3,4,1,1,0.22774672508239746,0.10639547556638718,0.16707110032439232
628,vit_lejepa,vit_tiny_cifar,attention_rollout,predicted,blocks.3,4,4,4,0.40535441040992737,0.49006757140159607,0.4477109909057617
629,vit_lejepa,vit_tiny_cifar,attention_rollout,predicted,blocks.3,1,4,4,0.1202867329120636,0.11793535202741623,0.11911104246973991
630,vit_lejepa,vit_tiny_cifar,attention_rollout,predicted,blocks.3,2,2,2,0.653801679611206,0.20731572806835175,0.4305587038397789
631,vit_lejepa,vit_tiny_cifar,attention_rollout,predicted,blocks.3,5,4,4,0.3717153072357178,0.13672564923763275,0.25422047823667526
632,vit_lejepa,vit_tiny_cifar,attention_rollout,predicted,blocks.3,6,6,6,0.3899550139904022,0.241268590092659,0.3156118020415306
633,vit_lejepa,vit_tiny_cifar,attention_rollout,predicted,blocks.3,8,3,3,0.3152739405632019,0.37812066078186035,0.34669730067253113
634,vit_lejepa,vit_tiny_cifar,attention_rollout,predicted,blocks.3,7,7,7,0.09654361754655838,0.17513097822666168,0.13583729788661003
635,vit_lejepa,vit_tiny_cifar,attention_rollout,predicted,blocks.3,6,8,8,0.40530478954315186,0.3616843521595001,0.383494570851326
636,vit_lejepa,vit_tiny_cifar,attention_rollout,predicted,blocks.3,8,8,8,0.42462578415870667,0.6208801865577698,0.5227529853582382
637,vit_lejepa,vit_tiny_cifar,attention_rollout,predicted,blocks.3,3,7,7,0.40965735912323,0.35758474469184875,0.38362105190753937
638,vit_lejepa,vit_tiny_cifar,attention_rollout,predicted,blocks.3,0,8,8,0.6645564436912537,0.4702048599720001,0.5673806518316269
639,vit_lejepa,vit_tiny_cifar,attention_rollout,predicted,blocks.3,5,4,4,0.15111947059631348,0.25826361775398254,0.204691544175148
512,vit_lejepa,vit_tiny_cifar,attention_rollout,predicted,blocks.5,6,7,7,0.4688799977302551,0.25549620389938354,0.36218810081481934
513,vit_lejepa,vit_tiny_cifar,attention_rollout,predicted,blocks.5,1,9,9,0.3649751543998718,0.3331383764743805,0.34905676543712616
514,vit_lejepa,vit_tiny_cifar,attention_rollout,predicted,blocks.5,5,9,9,0.6530805230140686,0.4959833323955536,0.5745319277048111
515,vit_lejepa,vit_tiny_cifar,attention_rollout,predicted,blocks.5,3,9,9,0.5669105648994446,0.5194754600524902,0.5431930124759674
516,vit_lejepa,vit_tiny_cifar,attention_rollout,predicted,blocks.5,8,9,9,0.5566166043281555,0.5887882113456726,0.5727024078369141
517,vit_lejepa,vit_tiny_cifar,attention_rollout,predicted,blocks.5,9,3,3,0.5928764343261719,0.5208198428153992,0.5568481385707855
518,vit_lejepa,vit_tiny_cifar,attention_rollout,predicted,blocks.5,5,8,8,0.2955228388309479,0.45139697194099426,0.37345990538597107
519,vit_lejepa,vit_tiny_cifar,attention_rollout,predicted,blocks.5,8,8,8,0.17033027112483978,0.41151636838912964,0.2909233197569847
520,vit_lejepa,vit_tiny_cifar,attention_rollout,predicted,blocks.5,5,7,7,0.6204470992088318,0.4355354607105255,0.5279912799596786
521,vit_lejepa,vit_tiny_cifar,attention_rollout,predicted,blocks.5,7,0,0,0.6059741377830505,0.4374169409275055,0.521695539355278
522,vit_lejepa,vit_tiny_cifar,attention_rollout,predicted,blocks.5,0,8,8,0.08773007243871689,0.27726495265960693,0.1824975125491619
523,vit_lejepa,vit_tiny_cifar,attention_rollout,predicted,blocks.5,7,8,8,0.1589990109205246,0.4075605869293213,0.28327979892492294
524,vit_lejepa,vit_tiny_cifar,attention_rollout,predicted,blocks.5,0,8,8,0.8282313346862793,0.5614336133003235,0.6948324739933014
525,vit_lejepa,vit_tiny_cifar,attention_rollout,predicted,blocks.5,5,4,4,0.2643071413040161,0.43107372522354126,0.3476904332637787
526,vit_lejepa,vit_tiny_cifar,attention_rollout,predicted,blocks.5,0,5,5,0.8312568068504333,0.6378564834594727,0.734556645154953
527,vit_lejepa,vit_tiny_cifar,attention_rollout,predicted,blocks.5,0,8,8,0.7450025677680969,0.4316049814224243,0.5883037745952606
528,vit_lejepa,vit_tiny_cifar,attention_rollout,predicted,blocks.5,4,4,4,0.21576258540153503,0.2142079770565033,0.21498528122901917
529,vit_lejepa,vit_tiny_cifar,attention_rollout,predicted,blocks.5,6,6,6,0.33703020215034485,0.17869652807712555,0.2578633651137352
530,vit_lejepa,vit_tiny_cifar,attention_rollout,predicted,blocks.5,9,8,8,0.7150867581367493,0.5554751753807068,0.635280966758728
531,vit_lejepa,vit_tiny_cifar,attention_rollout,predicted,blocks.5,0,9,9,0.7417759299278259,0.6323030591011047,0.6870394945144653
532,vit_lejepa,vit_tiny_cifar,attention_rollout,predicted,blocks.5,9,7,7,0.31719303131103516,0.33055490255355835,0.32387396693229675
533,vit_lejepa,vit_tiny_cifar,attention_rollout,predicted,blocks.5,5,5,5,0.6726598739624023,0.46261703968048096,0.5676384568214417
534,vit_lejepa,vit_tiny_cifar,attention_rollout,predicted,blocks.5,6,6,6,0.06453068554401398,0.07317318022251129,0.06885193288326263
535,vit_lejepa,vit_tiny_cifar,attention_rollout,predicted,blocks.5,6,6,6,0.29744675755500793,0.20741955935955048,0.2524331584572792
536,vit_lejepa,vit_tiny_cifar,attention_rollout,predicted,blocks.5,6,7,7,0.3658018112182617,0.3378986120223999,0.3518502116203308
537,vit_lejepa,vit_tiny_cifar,attention_rollout,predicted,blocks.5,2,9,9,0.5459574460983276,0.15660034120082855,0.3512788936495781
538,vit_lejepa,vit_tiny_cifar,attention_rollout,predicted,blocks.5,9,8,8,0.5284956097602844,0.4475184679031372,0.4880070388317108
539,vit_lejepa,vit_tiny_cifar,attention_rollout,predicted,blocks.5,0,9,9,0.31730467081069946,0.5472827553749084,0.43229371309280396
540,vit_lejepa,vit_tiny_cifar,attention_rollout,predicted,blocks.5,1,9,9,0.41577839851379395,0.5304661989212036,0.4731222987174988
541,vit_lejepa,vit_tiny_cifar,attention_rollout,predicted,blocks.5,7,8,8,0.30725881457328796,0.4220446050167084,0.36465170979499817
542,vit_lejepa,vit_tiny_cifar,attention_rollout,predicted,blocks.5,6,9,9,0.5908144116401672,0.2660863697528839,0.4284503906965256
543,vit_lejepa,vit_tiny_cifar,attention_rollout,predicted,blocks.5,7,7,7,0.29480934143066406,0.43020424246788025,0.36250679194927216
544,vit_lejepa,vit_tiny_cifar,attention_rollout,predicted,blocks.5,5,7,7,0.5701826214790344,0.29586875438690186,0.43302568793296814
545,vit_lejepa,vit_tiny_cifar,attention_rollout,predicted,blocks.5,9,9,9,0.2997768521308899,0.5272524356842041,0.413514643907547
546,vit_lejepa,vit_tiny_cifar,attention_rollout,predicted,blocks.5,1,9,9,0.48751452565193176,0.46917325258255005,0.4783438891172409
547,vit_lejepa,vit_tiny_cifar,attention_rollout,predicted,blocks.5,6,6,6,0.36124956607818604,0.29507479071617126,0.32816217839717865
548,vit_lejepa,vit_tiny_cifar,attention_rollout,predicted,blocks.5,2,4,4,0.22809092700481415,0.19553205370903015,0.21181149035692215
549,vit_lejepa,vit_tiny_cifar,attention_rollout,predicted,blocks.5,5,9,9,0.4113087058067322,0.5412959456443787,0.4763023257255554
550,vit_lejepa,vit_tiny_cifar,attention_rollout,predicted,blocks.5,5,8,8,0.15423482656478882,0.27314919233322144,0.21369200944900513
551,vit_lejepa,vit_tiny_cifar,attention_rollout,predicted,blocks.5,5,5,5,0.5655457377433777,0.5201267600059509,0.5428362488746643
552,vit_lejepa,vit_tiny_cifar,attention_rollout,predicted,blocks.5,8,8,8,0.39758774638175964,0.38934239745140076,0.3934650719165802
553,vit_lejepa,vit_tiny_cifar,attention_rollout,predicted,blocks.5,5,3,3,0.6232842206954956,0.5138441920280457,0.5685642063617706
554,vit_lejepa,vit_tiny_cifar,attention_rollout,predicted,blocks.5,9,8,8,0.4246283173561096,0.41720545291900635,0.420916885137558
555,vit_lejepa,vit_tiny_cifar,attention_rollout,predicted,blocks.5,4,4,4,0.5483516454696655,0.45528846979141235,0.5018200576305389
556,vit_lejepa,vit_tiny_cifar,attention_rollout,predicted,blocks.5,6,4,4,0.15558882057666779,0.32845133543014526,0.24202007800340652
557,vit_lejepa,vit_tiny_cifar,attention_rollout,predicted,blocks.5,4,8,8,0.0885043814778328,0.17858387529850006,0.13354412838816643
558,vit_lejepa,vit_tiny_cifar,attention_rollout,predicted,blocks.5,3,9,9,0.34108805656433105,0.36498188972473145,0.35303497314453125
559,vit_lejepa,vit_tiny_cifar,attention_rollout,predicted,blocks.5,2,4,4,0.0002299298794241622,0.30104362964630127,0.15063677976286272
560,vit_lejepa,vit_tiny_cifar,attention_rollout,predicted,blocks.5,0,0,0,0.7773337960243225,0.547003984451294,0.6621688902378082
561,vit_lejepa,vit_tiny_cifar,attention_rollout,predicted,blocks.5,7,4,4,0.3287127614021301,0.08369714021682739,0.20620495080947876
562,vit_lejepa,vit_tiny_cifar,attention_rollout,predicted,blocks.5,6,4,4,0.4528551995754242,0.4058961570262909,0.42937567830085754
563,vit_lejepa,vit_tiny_cifar,attention_rollout,predicted,blocks.5,2,4,4,0.14359624683856964,0.20250624418258667,0.17305124551057816
564,vit_lejepa,vit_tiny_cifar,attention_rollout,predicted,blocks.5,2,7,7,-0.10150972753763199,0.25451692938804626,0.07650360092520714
565,vit_lejepa,vit_tiny_cifar,attention_rollout,predicted,blocks.5,3,8,8,0.4717223346233368,0.433288037776947,0.4525051862001419
566,vit_lejepa,vit_tiny_cifar,attention_rollout,predicted,blocks.5,9,8,8,0.39206209778785706,0.5340812802314758,0.46307168900966644
567,vit_lejepa,vit_tiny_cifar,attention_rollout,predicted,blocks.5,7,7,7,0.6679440140724182,0.4715968668460846,0.5697704404592514
568,vit_lejepa,vit_tiny_cifar,attention_rollout,predicted,blocks.5,9,8,8,0.3693409562110901,0.5798039436340332,0.47457244992256165
569,vit_lejepa,vit_tiny_cifar,attention_rollout,predicted,blocks.5,2,8,8,0.48117056488990784,0.34554094076156616,0.413355752825737
570,vit_lejepa,vit_tiny_cifar,attention_rollout,predicted,blocks.5,6,9,9,0.6427926421165466,0.5302562713623047,0.5865244567394257
571,vit_lejepa,vit_tiny_cifar,attention_rollout,predicted,blocks.5,7,9,9,0.6253478527069092,0.46589571237564087,0.545621782541275
572,vit_lejepa,vit_tiny_cifar,attention_rollout,predicted,blocks.5,1,8,8,0.3475620150566101,0.3930726647377014,0.37031733989715576
573,vit_lejepa,vit_tiny_cifar,attention_rollout,predicted,blocks.5,3,6,6,0.1596694439649582,0.44207823276519775,0.300873838365078
574,vit_lejepa,vit_tiny_cifar,attention_rollout,predicted,blocks.5,6,9,9,0.7609902024269104,0.6471836566925049,0.7040869295597076
575,vit_lejepa,vit_tiny_cifar,attention_rollout,predicted,blocks.5,6,7,7,0.3395056426525116,0.1660143882036209,0.25276001542806625
576,vit_lejepa,vit_tiny_cifar,attention_rollout,predicted,blocks.5,8,8,8,0.3024757206439972,0.5187907218933105,0.41063322126865387
577,vit_lejepa,vit_tiny_cifar,attention_rollout,predicted,blocks.5,9,8,8,0.46578264236450195,0.42169103026390076,0.44373683631420135
578,vit_lejepa,vit_tiny_cifar,attention_rollout,predicted,blocks.5,7,8,8,0.5913628339767456,0.40814465284347534,0.4997537434101105
579,vit_lejepa,vit_tiny_cifar,attention_rollout,predicted,blocks.5,5,9,9,0.15054456889629364,0.3347567021846771,0.24265063554048538
580,vit_lejepa,vit_tiny_cifar,attention_rollout,predicted,blocks.5,4,6,6,0.2213667929172516,0.18753503262996674,0.20445091277360916
581,vit_lejepa,vit_tiny_cifar,attention_rollout,predicted,blocks.5,0,8,8,0.5413945317268372,0.48152485489845276,0.511459693312645
582,vit_lejepa,vit_tiny_cifar,attention_rollout,predicted,blocks.5,8,5,5,0.601557731628418,0.38667941093444824,0.4941185712814331
583,vit_lejepa,vit_tiny_cifar,attention_rollout,predicted,blocks.5,4,4,4,0.5380460023880005,0.2702109217643738,0.40412846207618713
584,vit_lejepa,vit_tiny_cifar,attention_rollout,predicted,blocks.5,0,4,4,0.1617714762687683,0.17055784165859222,0.16616465896368027
585,vit_lejepa,vit_tiny_cifar,attention_rollout,predicted,blocks.5,9,9,9,0.36617207527160645,0.2955203652381897,0.33084622025489807
586,vit_lejepa,vit_tiny_cifar,attention_rollout,predicted,blocks.5,3,4,4,0.25826117396354675,0.20593716204166412,0.23209916800260544
587,vit_lejepa,vit_tiny_cifar,attention_rollout,predicted,blocks.5,4,4,4,0.47134050726890564,0.27897748351097107,0.37515899538993835
588,vit_lejepa,vit_tiny_cifar,attention_rollout,predicted,blocks.5,8,8,8,0.3891996443271637,0.5360792875289917,0.4626394659280777
589,vit_lejepa,vit_tiny_cifar,attention_rollout,predicted,blocks.5,9,5,5,0.29293420910835266,0.5682284832000732,0.43058134615421295
590,vit_lejepa,vit_tiny_cifar,attention_rollout,predicted,blocks.5,6,8,8,0.5045351386070251,0.4447893798351288,0.47466225922107697
591,vit_lejepa,vit_tiny_cifar,attention_rollout,predicted,blocks.5,9,9,9,0.5409220457077026,0.5801323652267456,0.5605272054672241
592,vit_lejepa,vit_tiny_cifar,attention_rollout,predicted,blocks.5,2,5,5,0.7708975672721863,0.46465003490448,0.6177738010883331
593,vit_lejepa,vit_tiny_cifar,attention_rollout,predicted,blocks.5,6,4,4,0.5369483232498169,0.19978810846805573,0.3683682158589363
594,vit_lejepa,vit_tiny_cifar,attention_rollout,predicted,blocks.5,1,9,9,0.1971207708120346,0.44618239998817444,0.3216515854001045
595,vit_lejepa,vit_tiny_cifar,attention_rollout,predicted,blocks.5,4,9,9,0.5185261368751526,0.4331323206424713,0.47582922875881195
596,vit_lejepa,vit_tiny_cifar,attention_rollout,predicted,blocks.5,7,5,5,0.6767559051513672,0.38577067852020264,0.5312632918357849
597,vit_lejepa,vit_tiny_cifar,attention_rollout,predicted,blocks.5,3,7,7,0.31318986415863037,0.300142377614975,0.3066661208868027
598,vit_lejepa,vit_tiny_cifar,attention_rollout,predicted,blocks.5,5,8,8,0.5132018327713013,0.432326078414917,0.47276395559310913
599,vit_lejepa,vit_tiny_cifar,attention_rollout,predicted,blocks.5,3,7,7,0.4126921594142914,0.34614890813827515,0.37942053377628326
600,vit_lejepa,vit_tiny_cifar,attention_rollout,predicted,blocks.5,8,9,9,0.03902606666088104,0.3031546473503113,0.17109035700559616
601,vit_lejepa,vit_tiny_cifar,attention_rollout,predicted,blocks.5,5,9,9,0.7975696325302124,0.5976863503456116,0.697627991437912
602,vit_lejepa,vit_tiny_cifar,attention_rollout,predicted,blocks.5,0,1,1,0.6392072439193726,0.5308719873428345,0.5850396156311035
603,vit_lejepa,vit_tiny_cifar,attention_rollout,predicted,blocks.5,2,4,4,0.646586000919342,0.36574554443359375,0.5061657726764679
604,vit_lejepa,vit_tiny_cifar,attention_rollout,predicted,blocks.5,1,9,9,0.40340015292167664,0.5586874485015869,0.4810438007116318
605,vit_lejepa,vit_tiny_cifar,attention_rollout,predicted,blocks.5,6,2,2,0.14403405785560608,0.19932028651237488,0.17167717218399048
606,vit_lejepa,vit_tiny_cifar,attention_rollout,predicted,blocks.5,4,8,8,0.4109201431274414,0.513700544834137,0.4623103439807892
607,vit_lejepa,vit_tiny_cifar,attention_rollout,predicted,blocks.5,3,7,7,0.007090204395353794,0.3844139873981476,0.1957520958967507
608,vit_lejepa,vit_tiny_cifar,attention_rollout,predicted,blocks.5,3,9,9,0.505312442779541,0.37419581413269043,0.4397541284561157
609,vit_lejepa,vit_tiny_cifar,attention_rollout,predicted,blocks.5,9,9,9,0.6598595976829529,0.4607400894165039,0.5602998435497284
610,vit_lejepa,vit_tiny_cifar,attention_rollout,predicted,blocks.5,6,6,6,0.32939180731773376,0.23762723803520203,0.2835095226764679
611,vit_lejepa,vit_tiny_cifar,attention_rollout,predicted,blocks.5,9,5,5,0.5977737307548523,0.31150221824645996,0.45463797450065613
612,vit_lejepa,vit_tiny_cifar,attention_rollout,predicted,blocks.5,8,9,9,0.4223167896270752,0.4119974970817566,0.4171571433544159
613,vit_lejepa,vit_tiny_cifar,attention_rollout,predicted,blocks.5,8,8,8,0.7647016644477844,0.4292360246181488,0.5969688445329666
614,vit_lejepa,vit_tiny_cifar,attention_rollout,predicted,blocks.5,5,4,4,0.15643110871315002,0.14115437865257263,0.14879274368286133
615,vit_lejepa,vit_tiny_cifar,attention_rollout,predicted,blocks.5,8,9,9,0.2242717295885086,0.40964826941490173,0.31695999950170517
616,vit_lejepa,vit_tiny_cifar,attention_rollout,predicted,blocks.5,6,9,9,0.3690367639064789,0.5643212795257568,0.46667902171611786
617,vit_lejepa,vit_tiny_cifar,attention_rollout,predicted,blocks.5,6,7,7,0.3721977174282074,0.21125289797782898,0.2917253077030182
618,vit_lejepa,vit_tiny_cifar,attention_rollout,predicted,blocks.5,2,9,9,0.3549857437610626,0.5647976994514465,0.4598917216062546
619,vit_lejepa,vit_tiny_cifar,attention_rollout,predicted,blocks.5,1,9,9,0.5408017039299011,0.5902345776557922,0.5655181407928467
620,vit_lejepa,vit_tiny_cifar,attention_rollout,predicted,blocks.5,7,7,7,0.28959935903549194,0.36656832695007324,0.3280838429927826
621,vit_lejepa,vit_tiny_cifar,attention_rollout,predicted,blocks.5,7,6,6,0.6347395777702332,0.4753454923629761,0.5550425350666046
622,vit_lejepa,vit_tiny_cifar,attention_rollout,predicted,blocks.5,1,9,9,0.4991236925125122,0.32750779390335083,0.4133157432079315
623,vit_lejepa,vit_tiny_cifar,attention_rollout,predicted,blocks.5,2,8,8,0.5460957884788513,0.3849032521247864,0.46549952030181885
624,vit_lejepa,vit_tiny_cifar,attention_rollout,predicted,blocks.5,7,9,9,0.5181417465209961,0.5713287591934204,0.5447352528572083
625,vit_lejepa,vit_tiny_cifar,attention_rollout,predicted,blocks.5,9,9,9,0.5312827825546265,0.4198635220527649,0.4755731523036957
626,vit_lejepa,vit_tiny_cifar,attention_rollout,predicted,blocks.5,9,9,9,0.3198990523815155,0.32738497853279114,0.3236420154571533
627,vit_lejepa,vit_tiny_cifar,attention_rollout,predicted,blocks.5,4,1,1,0.2146138995885849,0.10423240810632706,0.15942315384745598
628,vit_lejepa,vit_tiny_cifar,attention_rollout,predicted,blocks.5,4,4,4,0.470083087682724,0.47779685258865356,0.4739399701356888
629,vit_lejepa,vit_tiny_cifar,attention_rollout,predicted,blocks.5,1,4,4,0.09536043554544449,0.12075124680995941,0.10805584117770195
630,vit_lejepa,vit_tiny_cifar,attention_rollout,predicted,blocks.5,2,2,2,0.6384454965591431,0.21734720468521118,0.4278963506221771
631,vit_lejepa,vit_tiny_cifar,attention_rollout,predicted,blocks.5,5,4,4,0.36578109860420227,0.13842186331748962,0.25210148096084595
632,vit_lejepa,vit_tiny_cifar,attention_rollout,predicted,blocks.5,6,6,6,0.4303324818611145,0.24344538152217865,0.3368889316916466
633,vit_lejepa,vit_tiny_cifar,attention_rollout,predicted,blocks.5,8,3,3,0.3031623065471649,0.38097038865089417,0.34206634759902954
634,vit_lejepa,vit_tiny_cifar,attention_rollout,predicted,blocks.5,7,7,7,0.13367998600006104,0.17643100023269653,0.15505549311637878
635,vit_lejepa,vit_tiny_cifar,attention_rollout,predicted,blocks.5,6,8,8,0.4662902057170868,0.3393959403038025,0.40284307301044464
636,vit_lejepa,vit_tiny_cifar,attention_rollout,predicted,blocks.5,8,8,8,0.5739336609840393,0.6527772545814514,0.6133554577827454
637,vit_lejepa,vit_tiny_cifar,attention_rollout,predicted,blocks.5,3,7,7,0.4946730434894562,0.33187413215637207,0.4132735878229141
638,vit_lejepa,vit_tiny_cifar,attention_rollout,predicted,blocks.5,0,8,8,0.7071928977966309,0.48284000158309937,0.5950164496898651
639,vit_lejepa,vit_tiny_cifar,attention_rollout,predicted,blocks.5,5,4,4,0.2343529462814331,0.2732198238372803,0.2537863850593567
640,vit_lejepa,vit_tiny_cifar,attention_rollout,predicted,blocks.1,5,3,3,-0.14989295601844788,0.354733943939209,0.10242049396038055
641,vit_lejepa,vit_tiny_cifar,attention_rollout,predicted,blocks.1,3,6,6,0.09400945156812668,0.16847048699855804,0.13123996928334236
642,vit_lejepa,vit_tiny_cifar,attention_rollout,predicted,blocks.1,0,8,8,-0.03572865575551987,0.3378159701824188,0.15104365721344948
643,vit_lejepa,vit_tiny_cifar,attention_rollout,predicted,blocks.1,7,7,7,-0.45273295044898987,0.4096073508262634,-0.02156279981136322
644,vit_lejepa,vit_tiny_cifar,attention_rollout,predicted,blocks.1,9,8,8,-0.3472888767719269,0.35761961340904236,0.005165368318557739
645,vit_lejepa,vit_tiny_cifar,attention_rollout,predicted,blocks.1,1,9,9,0.09529564529657364,0.371044784784317,0.23317021504044533
646,vit_lejepa,vit_tiny_cifar,attention_rollout,predicted,blocks.1,3,8,8,-0.18639016151428223,0.2565036416053772,0.035056740045547485
647,vit_lejepa,vit_tiny_cifar,attention_rollout,predicted,blocks.1,4,5,5,0.3656454384326935,0.4634599983692169,0.4145527184009552
648,vit_lejepa,vit_tiny_cifar,attention_rollout,predicted,blocks.1,4,5,5,-0.24049410223960876,0.3469245135784149,0.053215205669403076
649,vit_lejepa,vit_tiny_cifar,attention_rollout,predicted,blocks.1,5,7,7,0.5440000295639038,0.1992259919643402,0.371613010764122
650,vit_lejepa,vit_tiny_cifar,attention_rollout,predicted,blocks.1,3,8,8,-0.06769399344921112,0.37260791659355164,0.15245696157217026
651,vit_lejepa,vit_tiny_cifar,attention_rollout,predicted,blocks.1,9,9,9,-0.12111356109380722,0.4767313003540039,0.17780886963009834
652,vit_lejepa,vit_tiny_cifar,attention_rollout,predicted,blocks.1,5,3,3,-0.173652783036232,0.48472118377685547,0.15553420037031174
653,vit_lejepa,vit_tiny_cifar,attention_rollout,predicted,blocks.1,6,7,7,0.10720953345298767,0.1667460948228836,0.13697781413793564
654,vit_lejepa,vit_tiny_cifar,attention_rollout,predicted,blocks.1,9,7,7,-0.10958254337310791,0.33444175124168396,0.11242960393428802
655,vit_lejepa,vit_tiny_cifar,attention_rollout,predicted,blocks.1,2,4,4,0.19757740199565887,0.2434140294790268,0.22049571573734283
656,vit_lejepa,vit_tiny_cifar,attention_rollout,predicted,blocks.1,1,9,9,0.13493835926055908,0.4238240718841553,0.2793812155723572
657,vit_lejepa,vit_tiny_cifar,attention_rollout,predicted,blocks.1,1,9,9,-0.17926247417926788,0.4686369299888611,0.1446872279047966
658,vit_lejepa,vit_tiny_cifar,attention_rollout,predicted,blocks.1,4,4,4,0.378944993019104,0.11423701047897339,0.2465910017490387
659,vit_lejepa,vit_tiny_cifar,attention_rollout,predicted,blocks.1,1,3,3,0.03302798792719841,0.25431710481643677,0.1436725463718176
660,vit_lejepa,vit_tiny_cifar,attention_rollout,predicted,blocks.1,9,9,9,-0.20715561509132385,0.27413663268089294,0.033490508794784546
661,vit_lejepa,vit_tiny_cifar,attention_rollout,predicted,blocks.1,4,3,3,-0.28117695450782776,0.32498714327812195,0.021905094385147095
662,vit_lejepa,vit_tiny_cifar,attention_rollout,predicted,blocks.1,7,8,8,-0.1096452921628952,0.3514646589756012,0.120909683406353
663,vit_lejepa,vit_tiny_cifar,attention_rollout,predicted,blocks.1,6,6,6,0.3109700679779053,0.1356133371591568,0.22329170256853104
664,vit_lejepa,vit_tiny_cifar,attention_rollout,predicted,blocks.1,3,1,1,-0.2561526298522949,0.2266821712255478,-0.014735229313373566
665,vit_lejepa,vit_tiny_cifar,attention_rollout,predicted,blocks.1,8,0,0,-0.46088701486587524,0.29448848962783813,-0.08319926261901855
666,vit_lejepa,vit_tiny_cifar,attention_rollout,predicted,blocks.1,9,9,9,-0.08103341609239578,0.31846490502357483,0.11871574446558952
667,vit_lejepa,vit_tiny_cifar,attention_rollout,predicted,blocks.1,0,8,8,0.33623719215393066,0.4567778408527374,0.39650751650333405
668,vit_lejepa,vit_tiny_cifar,attention_rollout,predicted,blocks.1,1,8,8,-0.2859908640384674,0.364764928817749,0.03938703238964081
669,vit_lejepa,vit_tiny_cifar,attention_rollout,predicted,blocks.1,3,8,8,-0.3536456823348999,0.3126920759677887,-0.020476803183555603
670,vit_lejepa,vit_tiny_cifar,attention_rollout,predicted,blocks.1,6,4,4,0.18271906673908234,0.34737691283226013,0.26504798978567123
671,vit_lejepa,vit_tiny_cifar,attention_rollout,predicted,blocks.1,3,7,7,-0.4030739963054657,0.3813972473144531,-0.010838374495506287
672,vit_lejepa,vit_tiny_cifar,attention_rollout,predicted,blocks.1,6,3,3,-0.21448883414268494,0.41333305835723877,0.09942211210727692
673,vit_lejepa,vit_tiny_cifar,attention_rollout,predicted,blocks.1,3,5,5,-0.12349455058574677,0.4151345491409302,0.1458199992775917
674,vit_lejepa,vit_tiny_cifar,attention_rollout,predicted,blocks.1,2,7,7,0.8835690021514893,0.39808857440948486,0.6408287882804871
675,vit_lejepa,vit_tiny_cifar,attention_rollout,predicted,blocks.1,0,8,8,-0.05598153546452522,0.40156710147857666,0.17279278300702572
676,vit_lejepa,vit_tiny_cifar,attention_rollout,predicted,blocks.1,3,7,7,0.11732566356658936,0.19843406975269318,0.15787986665964127
677,vit_lejepa,vit_tiny_cifar,attention_rollout,predicted,blocks.1,1,9,9,-0.13382276892662048,0.3889537751674652,0.12756550312042236
678,vit_lejepa,vit_tiny_cifar,attention_rollout,predicted,blocks.1,0,0,0,-0.0460982620716095,0.30725789070129395,0.13057981431484222
679,vit_lejepa,vit_tiny_cifar,attention_rollout,predicted,blocks.1,5,9,9,-0.30826690793037415,0.42356640100479126,0.05764974653720856
680,vit_lejepa,vit_tiny_cifar,attention_rollout,predicted,blocks.1,9,9,9,-0.22688362002372742,0.4395093321800232,0.10631285607814789
681,vit_lejepa,vit_tiny_cifar,attention_rollout,predicted,blocks.1,6,6,6,0.27500513195991516,0.17944204807281494,0.22722359001636505
682,vit_lejepa,vit_tiny_cifar,attention_rollout,predicted,blocks.1,4,4,4,0.1388171762228012,0.3793378174304962,0.2590774968266487
683,vit_lejepa,vit_tiny_cifar,attention_rollout,predicted,blocks.1,8,1,1,-0.30609142780303955,0.3765416443347931,0.03522510826587677
684,vit_lejepa,vit_tiny_cifar,attention_rollout,predicted,blocks.1,9,9,9,-0.06710369884967804,0.42495280504226685,0.1789245530962944
685,vit_lejepa,vit_tiny_cifar,attention_rollout,predicted,blocks.1,6,4,4,-0.3204073905944824,0.3239580988883972,0.0017753541469573975
686,vit_lejepa,vit_tiny_cifar,attention_rollout,predicted,blocks.1,9,8,8,0.11609480530023575,0.16859525442123413,0.14234502986073494
687,vit_lejepa,vit_tiny_cifar,attention_rollout,predicted,blocks.1,6,7,7,0.012748883105814457,0.2937454581260681,0.15324717061594129
688,vit_lejepa,vit_tiny_cifar,attention_rollout,predicted,blocks.1,3,6,6,0.38320231437683105,0.10413727909326553,0.2436697967350483
689,vit_lejepa,vit_tiny_cifar,attention_rollout,predicted,blocks.1,0,9,9,-0.004720628727227449,0.17540207505226135,0.08534072316251695
690,vit_lejepa,vit_tiny_cifar,attention_rollout,predicted,blocks.1,3,8,8,-0.2070748507976532,0.40458887815475464,0.09875701367855072
691,vit_lejepa,vit_tiny_cifar,attention_rollout,predicted,blocks.1,2,5,5,-0.25131192803382874,0.4050526022911072,0.07687033712863922
692,vit_lejepa,vit_tiny_cifar,attention_rollout,predicted,blocks.1,2,8,8,-0.11288725584745407,0.3677799701690674,0.12744635716080666
693,vit_lejepa,vit_tiny_cifar,attention_rollout,predicted,blocks.1,7,8,8,-0.21855278313159943,0.39083757996559143,0.086142398416996
694,vit_lejepa,vit_tiny_cifar,attention_rollout,predicted,blocks.1,8,8,8,-0.31141915917396545,0.4676036834716797,0.07809226214885712
695,vit_lejepa,vit_tiny_cifar,attention_rollout,predicted,blocks.1,3,4,4,0.17845885455608368,0.2714376747608185,0.22494826465845108
696,vit_lejepa,vit_tiny_cifar,attention_rollout,predicted,blocks.1,8,8,8,-0.16709886491298676,0.37255048751831055,0.1027258113026619
697,vit_lejepa,vit_tiny_cifar,attention_rollout,predicted,blocks.1,2,4,4,0.1367000788450241,0.06561446934938431,0.10115727409720421
698,vit_lejepa,vit_tiny_cifar,attention_rollout,predicted,blocks.1,7,8,8,-0.6061044335365295,0.3311348855495453,-0.13748477399349213
699,vit_lejepa,vit_tiny_cifar,attention_rollout,predicted,blocks.1,5,7,7,-0.09191654622554779,0.24745841324329376,0.07777093350887299
700,vit_lejepa,vit_tiny_cifar,attention_rollout,predicted,blocks.1,7,9,9,0.08766108006238937,0.31452077627182007,0.20109092816710472
701,vit_lejepa,vit_tiny_cifar,attention_rollout,predicted,blocks.1,2,8,8,-0.18510793149471283,0.31301194429397583,0.0639520063996315
702,vit_lejepa,vit_tiny_cifar,attention_rollout,predicted,blocks.1,4,8,8,-0.18452632427215576,0.36006033420562744,0.08776700496673584
703,vit_lejepa,vit_tiny_cifar,attention_rollout,predicted,blocks.1,8,4,4,-0.2833690047264099,0.27726981043815613,-0.003049597144126892
704,vit_lejepa,vit_tiny_cifar,attention_rollout,predicted,blocks.1,7,7,7,-0.06529098749160767,0.22482413053512573,0.07976657152175903
705,vit_lejepa,vit_tiny_cifar,attention_rollout,predicted,blocks.1,4,4,4,0.4243779182434082,0.2077733725309372,0.3160756453871727
706,vit_lejepa,vit_tiny_cifar,attention_rollout,predicted,blocks.1,2,7,7,0.029879920184612274,0.3284386098384857,0.179159265011549
707,vit_lejepa,vit_tiny_cifar,attention_rollout,predicted,blocks.1,9,9,9,0.021676380187273026,0.4283478856086731,0.22501213289797306
708,vit_lejepa,vit_tiny_cifar,attention_rollout,predicted,blocks.1,8,8,8,-0.13946779072284698,0.3343571722507477,0.09744469076395035
709,vit_lejepa,vit_tiny_cifar,attention_rollout,predicted,blocks.1,8,8,8,-0.41576671600341797,0.43481963872909546,0.009526461362838745
710,vit_lejepa,vit_tiny_cifar,attention_rollout,predicted,blocks.1,6,9,9,-0.21955208480358124,0.3772706985473633,0.07885930687189102
711,vit_lejepa,vit_tiny_cifar,attention_rollout,predicted,blocks.1,8,0,0,0.21889802813529968,0.3560774028301239,0.2874877154827118
712,vit_lejepa,vit_tiny_cifar,attention_rollout,predicted,blocks.1,8,8,8,-0.194837287068367,0.25727754831314087,0.031220130622386932
713,vit_lejepa,vit_tiny_cifar,attention_rollout,predicted,blocks.1,7,8,8,-0.05245088040828705,0.3821398615837097,0.16484449058771133
714,vit_lejepa,vit_tiny_cifar,attention_rollout,predicted,blocks.1,4,7,7,-0.1894126981496811,0.45253875851631165,0.13156303018331528
715,vit_lejepa,vit_tiny_cifar,attention_rollout,predicted,blocks.1,3,8,8,0.04636266827583313,0.4109334647655487,0.22864806652069092
716,vit_lejepa,vit_tiny_cifar,attention_rollout,predicted,blocks.1,3,6,6,0.2377195507287979,0.1723303198814392,0.20502493530511856
717,vit_lejepa,vit_tiny_cifar,attention_rollout,predicted,blocks.1,8,9,9,-0.17800740897655487,0.40802228450775146,0.1150074377655983
718,vit_lejepa,vit_tiny_cifar,attention_rollout,predicted,blocks.1,4,3,3,-0.15487416088581085,0.3931279182434082,0.11912687867879868
719,vit_lejepa,vit_tiny_cifar,attention_rollout,predicted,blocks.1,9,1,1,-0.43053942918777466,0.4000207781791687,-0.015259325504302979
720,vit_lejepa,vit_tiny_cifar,attention_rollout,predicted,blocks.1,4,8,8,0.14647816121578217,0.4307451546192169,0.28861165791749954
721,vit_lejepa,vit_tiny_cifar,attention_rollout,predicted,blocks.1,8,8,8,-0.6640018820762634,0.20056506991386414,-0.23171840608119965
722,vit_lejepa,vit_tiny_cifar,attention_rollout,predicted,blocks.1,8,9,9,-0.26573723554611206,0.35950157046318054,0.04688216745853424
723,vit_lejepa,vit_tiny_cifar,attention_rollout,predicted,blocks.1,1,9,9,-0.13954482972621918,0.45636388659477234,0.15840952843427658
724,vit_lejepa,vit_tiny_cifar,attention_rollout,predicted,blocks.1,8,9,9,-0.14577209949493408,0.4695967435836792,0.16191232204437256
725,vit_lejepa,vit_tiny_cifar,attention_rollout,predicted,blocks.1,2,9,9,-0.007708108983933926,0.1770787388086319,0.08468531491234899
726,vit_lejepa,vit_tiny_cifar,attention_rollout,predicted,blocks.1,1,9,9,0.13681279122829437,0.14036788046360016,0.13859033584594727
727,vit_lejepa,vit_tiny_cifar,attention_rollout,predicted,blocks.1,3,9,9,-0.14391662180423737,0.2390350103378296,0.04755919426679611
728,vit_lejepa,vit_tiny_cifar,attention_rollout,predicted,blocks.1,6,7,7,-0.18589824438095093,0.21378183364868164,0.013941794633865356
729,vit_lejepa,vit_tiny_cifar,attention_rollout,predicted,blocks.1,5,3,3,-0.11401035636663437,0.3045079708099365,0.09524880722165108
730,vit_lejepa,vit_tiny_cifar,attention_rollout,predicted,blocks.1,4,8,8,-0.33216577768325806,0.32573503255844116,-0.0032153725624084473
731,vit_lejepa,vit_tiny_cifar,attention_rollout,predicted,blocks.1,2,8,8,0.34438133239746094,0.48810046911239624,0.4162409007549286
732,vit_lejepa,vit_tiny_cifar,attention_rollout,predicted,blocks.1,7,9,9,-0.13831977546215057,0.37295836210250854,0.11731929332017899
733,vit_lejepa,vit_tiny_cifar,attention_rollout,predicted,blocks.1,9,9,9,-0.5183539390563965,0.34868213534355164,-0.08483590185642242
734,vit_lejepa,vit_tiny_cifar,attention_rollout,predicted,blocks.1,9,9,9,-0.07061583548784256,0.40014275908470154,0.1647634617984295
735,vit_lejepa,vit_tiny_cifar,attention_rollout,predicted,blocks.1,4,8,8,-0.03835667669773102,0.4090338349342346,0.1853385791182518
736,vit_lejepa,vit_tiny_cifar,attention_rollout,predicted,blocks.1,1,9,9,-0.3645673096179962,0.3827342987060547,0.009083494544029236
737,vit_lejepa,vit_tiny_cifar,attention_rollout,predicted,blocks.1,4,8,8,0.3007930815219879,0.315676748752594,0.30823491513729095
738,vit_lejepa,vit_tiny_cifar,attention_rollout,predicted,blocks.1,1,8,8,-0.10348072648048401,0.4151807427406311,0.15585000813007355
739,vit_lejepa,vit_tiny_cifar,attention_rollout,predicted,blocks.1,3,8,8,0.13666000962257385,0.37965327501296997,0.2581566423177719
740,vit_lejepa,vit_tiny_cifar,attention_rollout,predicted,blocks.1,2,9,9,-0.08810149133205414,0.4231843650341034,0.16754143685102463
741,vit_lejepa,vit_tiny_cifar,attention_rollout,predicted,blocks.1,7,5,5,-0.3112789988517761,0.28785240650177,-0.011713296175003052
742,vit_lejepa,vit_tiny_cifar,attention_rollout,predicted,blocks.1,0,1,1,0.051894158124923706,0.3681475520133972,0.21002085506916046
743,vit_lejepa,vit_tiny_cifar,attention_rollout,predicted,blocks.1,7,9,9,-0.1286933571100235,0.3573426902294159,0.1143246665596962
744,vit_lejepa,vit_tiny_cifar,attention_rollout,predicted,blocks.1,9,4,4,0.6313728094100952,0.25859466195106506,0.44498373568058014
745,vit_lejepa,vit_tiny_cifar,attention_rollout,predicted,blocks.1,7,7,7,0.02363564446568489,0.20508135855197906,0.11435850150883198
746,vit_lejepa,vit_tiny_cifar,attention_rollout,predicted,blocks.1,6,6,6,0.44533976912498474,0.13842268288135529,0.29188122600317
747,vit_lejepa,vit_tiny_cifar,attention_rollout,predicted,blocks.1,6,9,9,-0.002275268081575632,0.29468467831611633,0.14620470511727035
748,vit_lejepa,vit_tiny_cifar,attention_rollout,predicted,blocks.1,2,5,5,0.08156482875347137,0.3438245952129364,0.2126947119832039
749,vit_lejepa,vit_tiny_cifar,attention_rollout,predicted,blocks.1,5,3,3,0.0010162744438275695,0.41556963324546814,0.20829295384464785
750,vit_lejepa,vit_tiny_cifar,attention_rollout,predicted,blocks.1,9,8,8,-0.30687886476516724,0.3193104565143585,0.006215795874595642
751,vit_lejepa,vit_tiny_cifar,attention_rollout,predicted,blocks.1,2,6,6,0.6619370579719543,0.1602155864238739,0.4110763221979141
752,vit_lejepa,vit_tiny_cifar,attention_rollout,predicted,blocks.1,9,8,8,-0.3883110582828522,0.3405202329158783,-0.02389541268348694
753,vit_lejepa,vit_tiny_cifar,attention_rollout,predicted,blocks.1,1,7,7,0.10096472501754761,0.4803163707256317,0.29064054787158966
754,vit_lejepa,vit_tiny_cifar,attention_rollout,predicted,blocks.1,2,6,6,0.26019734144210815,0.08071797341108322,0.1704576574265957
755,vit_lejepa,vit_tiny_cifar,attention_rollout,predicted,blocks.1,2,4,4,0.2691473662853241,0.165100559592247,0.21712396293878555
756,vit_lejepa,vit_tiny_cifar,attention_rollout,predicted,blocks.1,6,6,6,-0.0714556872844696,0.05118267983198166,-0.010136503726243973
757,vit_lejepa,vit_tiny_cifar,attention_rollout,predicted,blocks.1,8,8,8,-0.09560109674930573,0.10777368396520615,0.006086293607950211
758,vit_lejepa,vit_tiny_cifar,attention_rollout,predicted,blocks.1,2,8,8,-0.18620218336582184,0.3359500467777252,0.07487393170595169
759,vit_lejepa,vit_tiny_cifar,attention_rollout,predicted,blocks.1,1,5,5,-0.3071673810482025,0.36386290192604065,0.028347760438919067
760,vit_lejepa,vit_tiny_cifar,attention_rollout,predicted,blocks.1,3,9,9,-0.04202183708548546,0.523762583732605,0.24087037332355976
761,vit_lejepa,vit_tiny_cifar,attention_rollout,predicted,blocks.1,6,5,5,0.07716556638479233,0.4273979663848877,0.25228176638484
762,vit_lejepa,vit_tiny_cifar,attention_rollout,predicted,blocks.1,6,9,9,-0.2633817195892334,0.17081615328788757,-0.04628278315067291
763,vit_lejepa,vit_tiny_cifar,attention_rollout,predicted,blocks.1,0,9,9,0.07546629011631012,0.42565223574638367,0.2505592629313469
764,vit_lejepa,vit_tiny_cifar,attention_rollout,predicted,blocks.1,1,9,9,-0.3804130256175995,0.35516613721847534,-0.012623444199562073
765,vit_lejepa,vit_tiny_cifar,attention_rollout,predicted,blocks.1,2,4,4,0.2994527518749237,0.2817351818084717,0.2905939668416977
766,vit_lejepa,vit_tiny_cifar,attention_rollout,predicted,blocks.1,7,9,9,-0.0032514063641428947,0.3549368679523468,0.17584273079410195
767,vit_lejepa,vit_tiny_cifar,attention_rollout,predicted,blocks.1,0,9,9,-0.31955012679100037,0.3480716347694397,0.014260753989219666
640,vit_lejepa,vit_tiny_cifar,attention_rollout,predicted,blocks.3,5,3,3,0.2121139019727707,0.4160803258419037,0.3140971139073372
641,vit_lejepa,vit_tiny_cifar,attention_rollout,predicted,blocks.3,3,6,6,0.2839238941669464,0.20020999014377594,0.24206694215536118
642,vit_lejepa,vit_tiny_cifar,attention_rollout,predicted,blocks.3,0,8,8,0.4619505703449249,0.2712392807006836,0.36659492552280426
643,vit_lejepa,vit_tiny_cifar,attention_rollout,predicted,blocks.3,7,7,7,0.16202004253864288,0.5033517479896545,0.3326858952641487
644,vit_lejepa,vit_tiny_cifar,attention_rollout,predicted,blocks.3,9,8,8,0.1025429368019104,0.40321385860443115,0.2528783977031708
645,vit_lejepa,vit_tiny_cifar,attention_rollout,predicted,blocks.3,1,9,9,0.5566045641899109,0.49931463599205017,0.5279596000909805
646,vit_lejepa,vit_tiny_cifar,attention_rollout,predicted,blocks.3,3,8,8,0.20199649035930634,0.3349590599536896,0.26847777515649796
647,vit_lejepa,vit_tiny_cifar,attention_rollout,predicted,blocks.3,4,5,5,0.7862967252731323,0.42481404542922974,0.605555385351181
648,vit_lejepa,vit_tiny_cifar,attention_rollout,predicted,blocks.3,4,5,5,0.4638034701347351,0.3945896327495575,0.4291965514421463
649,vit_lejepa,vit_tiny_cifar,attention_rollout,predicted,blocks.3,5,7,7,0.6021762490272522,0.2485799491405487,0.42537809908390045
650,vit_lejepa,vit_tiny_cifar,attention_rollout,predicted,blocks.3,3,8,8,0.5495351552963257,0.4407936930656433,0.4951644241809845
651,vit_lejepa,vit_tiny_cifar,attention_rollout,predicted,blocks.3,9,9,9,0.30943429470062256,0.44043615460395813,0.37493522465229034
652,vit_lejepa,vit_tiny_cifar,attention_rollout,predicted,blocks.3,5,3,3,0.6114271879196167,0.5999084711074829,0.6056678295135498
653,vit_lejepa,vit_tiny_cifar,attention_rollout,predicted,blocks.3,6,7,7,0.19388608634471893,0.22141368687152863,0.20764988660812378
654,vit_lejepa,vit_tiny_cifar,attention_rollout,predicted,blocks.3,9,7,7,0.1967853605747223,0.41720423102378845,0.30699479579925537
655,vit_lejepa,vit_tiny_cifar,attention_rollout,predicted,blocks.3,2,4,4,0.39280426502227783,0.2754998505115509,0.33415205776691437
656,vit_lejepa,vit_tiny_cifar,attention_rollout,predicted,blocks.3,1,9,9,0.5938051342964172,0.5765402913093567,0.585172712802887
657,vit_lejepa,vit_tiny_cifar,attention_rollout,predicted,blocks.3,1,9,9,0.28470444679260254,0.42806127667427063,0.3563828617334366
658,vit_lejepa,vit_tiny_cifar,attention_rollout,predicted,blocks.3,4,4,4,0.43251746892929077,0.14849452674388885,0.2905059978365898
659,vit_lejepa,vit_tiny_cifar,attention_rollout,predicted,blocks.3,1,3,3,0.319795161485672,0.29345202445983887,0.30662359297275543
660,vit_lejepa,vit_tiny_cifar,attention_rollout,predicted,blocks.3,9,9,9,0.24935555458068848,0.39477503299713135,0.3220652937889099
661,vit_lejepa,vit_tiny_cifar,attention_rollout,predicted,blocks.3,4,3,3,0.28451693058013916,0.4259815812110901,0.3552492558956146
662,vit_lejepa,vit_tiny_cifar,attention_rollout,predicted,blocks.3,7,8,8,0.3479786217212677,0.3768951892852783,0.362436905503273
663,vit_lejepa,vit_tiny_cifar,attention_rollout,predicted,blocks.3,6,6,6,0.45898810029029846,0.17477554082870483,0.31688182055950165
664,vit_lejepa,vit_tiny_cifar,attention_rollout,predicted,blocks.3,3,1,1,0.02232307195663452,0.27499982714653015,0.14866144955158234
665,vit_lejepa,vit_tiny_cifar,attention_rollout,predicted,blocks.3,8,0,0,-0.041951876133680344,0.30182141065597534,0.1299347672611475
666,vit_lejepa,vit_tiny_cifar,attention_rollout,predicted,blocks.3,9,9,9,0.2747243344783783,0.37279507517814636,0.32375970482826233
667,vit_lejepa,vit_tiny_cifar,attention_rollout,predicted,blocks.3,0,8,8,0.8626928925514221,0.6494784355163574,0.7560856640338898
668,vit_lejepa,vit_tiny_cifar,attention_rollout,predicted,blocks.3,1,8,8,0.27928200364112854,0.46515199542045593,0.37221699953079224
669,vit_lejepa,vit_tiny_cifar,attention_rollout,predicted,blocks.3,3,8,8,0.4810408651828766,0.4815821945667267,0.48131152987480164
670,vit_lejepa,vit_tiny_cifar,attention_rollout,predicted,blocks.3,6,4,4,0.5584043264389038,0.43841931223869324,0.4984118193387985
671,vit_lejepa,vit_tiny_cifar,attention_rollout,predicted,blocks.3,3,7,7,0.31078454852104187,0.48793599009513855,0.3993602693080902
672,vit_lejepa,vit_tiny_cifar,attention_rollout,predicted,blocks.3,6,3,3,0.5923442244529724,0.5070528984069824,0.5496985614299774
673,vit_lejepa,vit_tiny_cifar,attention_rollout,predicted,blocks.3,3,5,5,0.4656287431716919,0.4342695474624634,0.44994914531707764
674,vit_lejepa,vit_tiny_cifar,attention_rollout,predicted,blocks.3,2,7,7,0.8593147993087769,0.3059959411621094,0.5826553702354431
675,vit_lejepa,vit_tiny_cifar,attention_rollout,predicted,blocks.3,0,8,8,0.373855322599411,0.4667314887046814,0.4202934056520462
676,vit_lejepa,vit_tiny_cifar,attention_rollout,predicted,blocks.3,3,7,7,0.318215936422348,0.25018492341041565,0.28420042991638184
677,vit_lejepa,vit_tiny_cifar,attention_rollout,predicted,blocks.3,1,9,9,0.5309967994689941,0.5830086469650269,0.5570027232170105
678,vit_lejepa,vit_tiny_cifar,attention_rollout,predicted,blocks.3,0,0,0,0.009192358702421188,0.3548907935619354,0.1820415761321783
679,vit_lejepa,vit_tiny_cifar,attention_rollout,predicted,blocks.3,5,9,9,0.25218436121940613,0.5254235863685608,0.38880397379398346
680,vit_lejepa,vit_tiny_cifar,attention_rollout,predicted,blocks.3,9,9,9,0.3111059069633484,0.5154423713684082,0.4132741391658783
681,vit_lejepa,vit_tiny_cifar,attention_rollout,predicted,blocks.3,6,6,6,0.4039125144481659,0.2056875377893448,0.30480002611875534
682,vit_lejepa,vit_tiny_cifar,attention_rollout,predicted,blocks.3,4,4,4,0.3245181441307068,0.40643951296806335,0.36547882854938507
683,vit_lejepa,vit_tiny_cifar,attention_rollout,predicted,blocks.3,8,1,1,0.2158951759338379,0.4035806953907013,0.3097379356622696
684,vit_lejepa,vit_tiny_cifar,attention_rollout,predicted,blocks.3,9,9,9,0.5837150812149048,0.504385232925415,0.5440501570701599
685,vit_lejepa,vit_tiny_cifar,attention_rollout,predicted,blocks.3,6,4,4,-0.004499838221818209,0.4029085338115692,0.1992043477948755
686,vit_lejepa,vit_tiny_cifar,attention_rollout,predicted,blocks.3,9,8,8,0.3039834499359131,0.17813153564929962,0.24105749279260635
687,vit_lejepa,vit_tiny_cifar,attention_rollout,predicted,blocks.3,6,7,7,0.29506024718284607,0.33603188395500183,0.31554606556892395
688,vit_lejepa,vit_tiny_cifar,attention_rollout,predicted,blocks.3,3,6,6,0.38553696870803833,0.12996868789196014,0.25775282829999924
689,vit_lejepa,vit_tiny_cifar,attention_rollout,predicted,blocks.3,0,9,9,0.3895583152770996,0.3422319293022156,0.3658951222896576
690,vit_lejepa,vit_tiny_cifar,attention_rollout,predicted,blocks.3,3,8,8,0.43073275685310364,0.5179733633995056,0.4743530601263046
691,vit_lejepa,vit_tiny_cifar,attention_rollout,predicted,blocks.3,2,5,5,0.33657824993133545,0.5404334664344788,0.4385058581829071
692,vit_lejepa,vit_tiny_cifar,attention_rollout,predicted,blocks.3,2,8,8,0.43856069445610046,0.44842711091041565,0.44349390268325806
693,vit_lejepa,vit_tiny_cifar,attention_rollout,predicted,blocks.3,7,8,8,0.27357611060142517,0.348980575799942,0.3112783432006836
694,vit_lejepa,vit_tiny_cifar,attention_rollout,predicted,blocks.3,8,8,8,0.40404069423675537,0.5940917134284973,0.49906620383262634
695,vit_lejepa,vit_tiny_cifar,attention_rollout,predicted,blocks.3,3,4,4,0.34240826964378357,0.20513251423835754,0.27377039194107056
696,vit_lejepa,vit_tiny_cifar,attention_rollout,predicted,blocks.3,8,8,8,0.324519544839859,0.3566322922706604,0.3405759185552597
697,vit_lejepa,vit_tiny_cifar,attention_rollout,predicted,blocks.3,2,4,4,0.17923083901405334,0.07985852658748627,0.1295446828007698
698,vit_lejepa,vit_tiny_cifar,attention_rollout,predicted,blocks.3,7,8,8,-0.1364525407552719,0.3352300822734833,0.09938877075910568
699,vit_lejepa,vit_tiny_cifar,attention_rollout,predicted,blocks.3,5,7,7,0.21628601849079132,0.2575763463973999,0.2369311824440956
700,vit_lejepa,vit_tiny_cifar,attention_rollout,predicted,blocks.3,7,9,9,0.5846941471099854,0.45676639676094055,0.520730271935463
701,vit_lejepa,vit_tiny_cifar,attention_rollout,predicted,blocks.3,2,8,8,0.372711181640625,0.41752931475639343,0.3951202481985092
702,vit_lejepa,vit_tiny_cifar,attention_rollout,predicted,blocks.3,4,8,8,0.6226987242698669,0.49958857893943787,0.5611436516046524
703,vit_lejepa,vit_tiny_cifar,attention_rollout,predicted,blocks.3,8,4,4,0.1253153383731842,0.4464986324310303,0.28590698540210724
704,vit_lejepa,vit_tiny_cifar,attention_rollout,predicted,blocks.3,7,7,7,0.22119005024433136,0.2875794470310211,0.25438474863767624
705,vit_lejepa,vit_tiny_cifar,attention_rollout,predicted,blocks.3,4,4,4,0.37375667691230774,0.24640870094299316,0.31008268892765045
706,vit_lejepa,vit_tiny_cifar,attention_rollout,predicted,blocks.3,2,7,7,0.23324570059776306,0.3494305908679962,0.29133814573287964
707,vit_lejepa,vit_tiny_cifar,attention_rollout,predicted,blocks.3,9,9,9,0.3193305432796478,0.4939076900482178,0.4066191166639328
708,vit_lejepa,vit_tiny_cifar,attention_rollout,predicted,blocks.3,8,8,8,0.33296605944633484,0.47500163316726685,0.40398384630680084
709,vit_lejepa,vit_tiny_cifar,attention_rollout,predicted,blocks.3,8,8,8,0.08876406401395798,0.32958242297172546,0.20917324349284172
710,vit_lejepa,vit_tiny_cifar,attention_rollout,predicted,blocks.3,6,9,9,0.3811025321483612,0.482276052236557,0.4316892921924591
711,vit_lejepa,vit_tiny_cifar,attention_rollout,predicted,blocks.3,8,0,0,0.6014606356620789,0.34613069891929626,0.47379566729068756
712,vit_lejepa,vit_tiny_cifar,attention_rollout,predicted,blocks.3,8,8,8,0.3633573055267334,0.4045116901397705,0.38393449783325195
713,vit_lejepa,vit_tiny_cifar,attention_rollout,predicted,blocks.3,7,8,8,0.21059097349643707,0.40863946080207825,0.30961521714925766
714,vit_lejepa,vit_tiny_cifar,attention_rollout,predicted,blocks.3,4,7,7,0.4633883237838745,0.5963315367698669,0.5298599302768707
715,vit_lejepa,vit_tiny_cifar,attention_rollout,predicted,blocks.3,3,8,8,0.4516301453113556,0.48557254672050476,0.4686013460159302
716,vit_lejepa,vit_tiny_cifar,attention_rollout,predicted,blocks.3,3,6,6,0.38122719526290894,0.16988253593444824,0.2755548655986786
717,vit_lejepa,vit_tiny_cifar,attention_rollout,predicted,blocks.3,8,9,9,0.28667572140693665,0.3779699504375458,0.3323228359222412
718,vit_lejepa,vit_tiny_cifar,attention_rollout,predicted,blocks.3,4,3,3,0.34207069873809814,0.5214910507202148,0.4317808747291565
719,vit_lejepa,vit_tiny_cifar,attention_rollout,predicted,blocks.3,9,1,1,0.14109720289707184,0.5037944912910461,0.322445847094059
720,vit_lejepa,vit_tiny_cifar,attention_rollout,predicted,blocks.3,4,8,8,0.42504608631134033,0.4446907639503479,0.4348684251308441
721,vit_lejepa,vit_tiny_cifar,attention_rollout,predicted,blocks.3,8,8,8,-0.39302539825439453,0.23478884994983673,-0.0791182741522789
722,vit_lejepa,vit_tiny_cifar,attention_rollout,predicted,blocks.3,8,9,9,0.08287753164768219,0.5598742365837097,0.32137588411569595
723,vit_lejepa,vit_tiny_cifar,attention_rollout,predicted,blocks.3,1,9,9,0.268118679523468,0.39211854338645935,0.3301186114549637
724,vit_lejepa,vit_tiny_cifar,attention_rollout,predicted,blocks.3,8,9,9,0.6082625985145569,0.5942180156707764,0.6012403070926666
725,vit_lejepa,vit_tiny_cifar,attention_rollout,predicted,blocks.3,2,9,9,0.1365346908569336,0.18137866258621216,0.15895667672157288
726,vit_lejepa,vit_tiny_cifar,attention_rollout,predicted,blocks.3,1,9,9,0.33478477597236633,0.17950351536273956,0.25714414566755295
727,vit_lejepa,vit_tiny_cifar,attention_rollout,predicted,blocks.3,3,9,9,0.21695661544799805,0.41887080669403076,0.3179137110710144
728,vit_lejepa,vit_tiny_cifar,attention_rollout,predicted,blocks.3,6,7,7,0.17054331302642822,0.20762516558170319,0.1890842393040657
729,vit_lejepa,vit_tiny_cifar,attention_rollout,predicted,blocks.3,5,3,3,0.3994617462158203,0.45166897773742676,0.42556536197662354
730,vit_lejepa,vit_tiny_cifar,attention_rollout,predicted,blocks.3,4,8,8,0.1438838392496109,0.4115254878997803,0.2777046635746956
731,vit_lejepa,vit_tiny_cifar,attention_rollout,predicted,blocks.3,2,8,8,0.6826552748680115,0.5288178324699402,0.6057365536689758
732,vit_lejepa,vit_tiny_cifar,attention_rollout,predicted,blocks.3,7,9,9,0.31680431962013245,0.33149421215057373,0.3241492658853531
733,vit_lejepa,vit_tiny_cifar,attention_rollout,predicted,blocks.3,9,9,9,-0.09426092356443405,0.35403695702552795,0.12988801673054695
734,vit_lejepa,vit_tiny_cifar,attention_rollout,predicted,blocks.3,9,9,9,0.2563234865665436,0.536613941192627,0.39646871387958527
735,vit_lejepa,vit_tiny_cifar,attention_rollout,predicted,blocks.3,4,8,8,-0.05516941845417023,0.3953031003475189,0.17006684094667435
736,vit_lejepa,vit_tiny_cifar,attention_rollout,predicted,blocks.3,1,9,9,0.13712111115455627,0.44722819328308105,0.29217465221881866
737,vit_lejepa,vit_tiny_cifar,attention_rollout,predicted,blocks.3,4,8,8,0.2932932376861572,0.29301685094833374,0.2931550443172455
738,vit_lejepa,vit_tiny_cifar,attention_rollout,predicted,blocks.3,1,8,8,0.3484308421611786,0.41072598099708557,0.3795784115791321
739,vit_lejepa,vit_tiny_cifar,attention_rollout,predicted,blocks.3,3,8,8,0.5289655923843384,0.46127691864967346,0.4951212555170059
740,vit_lejepa,vit_tiny_cifar,attention_rollout,predicted,blocks.3,2,9,9,0.361265629529953,0.5898602604866028,0.4755629450082779
741,vit_lejepa,vit_tiny_cifar,attention_rollout,predicted,blocks.3,7,5,5,-0.024675965309143066,0.29634809494018555,0.13583606481552124
742,vit_lejepa,vit_tiny_cifar,attention_rollout,predicted,blocks.3,0,1,1,0.5784293413162231,0.5030162930488586,0.5407228171825409
743,vit_lejepa,vit_tiny_cifar,attention_rollout,predicted,blocks.3,7,9,9,0.4938962459564209,0.49644744396209717,0.49517184495925903
744,vit_lejepa,vit_tiny_cifar,attention_rollout,predicted,blocks.3,9,4,4,0.6905348300933838,0.28960752487182617,0.490071177482605
745,vit_lejepa,vit_tiny_cifar,attention_rollout,predicted,blocks.3,7,7,7,0.3017263412475586,0.23390977084636688,0.26781805604696274
746,vit_lejepa,vit_tiny_cifar,attention_rollout,predicted,blocks.3,6,6,6,0.5251270532608032,0.15782620012760162,0.3414766266942024
747,vit_lejepa,vit_tiny_cifar,attention_rollout,predicted,blocks.3,6,9,9,0.49718645215034485,0.4905283451080322,0.49385739862918854
748,vit_lejepa,vit_tiny_cifar,attention_rollout,predicted,blocks.3,2,5,5,0.6242852210998535,0.46096938848495483,0.5426273047924042
749,vit_lejepa,vit_tiny_cifar,attention_rollout,predicted,blocks.3,5,3,3,0.6501715779304504,0.5650608539581299,0.6076162159442902
750,vit_lejepa,vit_tiny_cifar,attention_rollout,predicted,blocks.3,9,8,8,0.2030174881219864,0.4356249272823334,0.3193212077021599
751,vit_lejepa,vit_tiny_cifar,attention_rollout,predicted,blocks.3,2,6,6,0.7001840472221375,0.19548769295215607,0.44783587008714676
752,vit_lejepa,vit_tiny_cifar,attention_rollout,predicted,blocks.3,9,8,8,0.2737750709056854,0.34148889780044556,0.3076319843530655
753,vit_lejepa,vit_tiny_cifar,attention_rollout,predicted,blocks.3,1,7,7,0.6035609245300293,0.4182920753955841,0.5109264999628067
754,vit_lejepa,vit_tiny_cifar,attention_rollout,predicted,blocks.3,2,6,6,0.30523085594177246,0.1028653085231781,0.20404808223247528
755,vit_lejepa,vit_tiny_cifar,attention_rollout,predicted,blocks.3,2,4,4,0.2922862470149994,0.20098918676376343,0.2466377168893814
756,vit_lejepa,vit_tiny_cifar,attention_rollout,predicted,blocks.3,6,6,6,-0.020805558189749718,0.06943526864051819,0.024314855225384235
757,vit_lejepa,vit_tiny_cifar,attention_rollout,predicted,blocks.3,8,8,8,0.10506982356309891,0.23328031599521637,0.16917506977915764
758,vit_lejepa,vit_tiny_cifar,attention_rollout,predicted,blocks.3,2,8,8,0.45824384689331055,0.5435242652893066,0.5008840560913086
759,vit_lejepa,vit_tiny_cifar,attention_rollout,predicted,blocks.3,1,5,5,0.10449496656656265,0.3987537920475006,0.25162437930703163
760,vit_lejepa,vit_tiny_cifar,attention_rollout,predicted,blocks.3,3,9,9,0.5063226222991943,0.4680822193622589,0.4872024208307266
761,vit_lejepa,vit_tiny_cifar,attention_rollout,predicted,blocks.3,6,5,5,0.5463340282440186,0.49920809268951416,0.5227710604667664
762,vit_lejepa,vit_tiny_cifar,attention_rollout,predicted,blocks.3,6,9,9,-0.10112395882606506,0.2199186533689499,0.05939734727144241
763,vit_lejepa,vit_tiny_cifar,attention_rollout,predicted,blocks.3,0,9,9,0.5767331719398499,0.5095369815826416,0.5431350767612457
764,vit_lejepa,vit_tiny_cifar,attention_rollout,predicted,blocks.3,1,9,9,0.07105991989374161,0.4879404604434967,0.27950019016861916
765,vit_lejepa,vit_tiny_cifar,attention_rollout,predicted,blocks.3,2,4,4,0.5456975698471069,0.3539714515209198,0.44983451068401337
766,vit_lejepa,vit_tiny_cifar,attention_rollout,predicted,blocks.3,7,9,9,0.41997432708740234,0.4129844903945923,0.4164794087409973
767,vit_lejepa,vit_tiny_cifar,attention_rollout,predicted,blocks.3,0,9,9,0.3587099015712738,0.5391780138015747,0.44894395768642426
640,vit_lejepa,vit_tiny_cifar,attention_rollout,predicted,blocks.5,5,3,3,0.276690274477005,0.4182468354701996,0.3474685549736023
641,vit_lejepa,vit_tiny_cifar,attention_rollout,predicted,blocks.5,3,6,6,0.33008649945259094,0.20447076857089996,0.26727863401174545
642,vit_lejepa,vit_tiny_cifar,attention_rollout,predicted,blocks.5,0,8,8,0.5466139912605286,0.2845557928085327,0.41558489203453064
643,vit_lejepa,vit_tiny_cifar,attention_rollout,predicted,blocks.5,7,7,7,0.32207202911376953,0.5217729210853577,0.4219224750995636
644,vit_lejepa,vit_tiny_cifar,attention_rollout,predicted,blocks.5,9,8,8,0.19925875961780548,0.39612269401550293,0.2976907268166542
645,vit_lejepa,vit_tiny_cifar,attention_rollout,predicted,blocks.5,1,9,9,0.6304236650466919,0.5101749300956726,0.5702992975711823
646,vit_lejepa,vit_tiny_cifar,attention_rollout,predicted,blocks.5,3,8,8,0.30114832520484924,0.3322524428367615,0.31670038402080536
647,vit_lejepa,vit_tiny_cifar,attention_rollout,predicted,blocks.5,4,5,5,0.8253857493400574,0.4116344153881073,0.6185100823640823
648,vit_lejepa,vit_tiny_cifar,attention_rollout,predicted,blocks.5,4,5,5,0.5904046893119812,0.36219683289527893,0.47630076110363007
649,vit_lejepa,vit_tiny_cifar,attention_rollout,predicted,blocks.5,5,7,7,0.5917714834213257,0.2738626003265381,0.4328170418739319
650,vit_lejepa,vit_tiny_cifar,attention_rollout,predicted,blocks.5,3,8,8,0.6364771127700806,0.4109143018722534,0.523695707321167
651,vit_lejepa,vit_tiny_cifar,attention_rollout,predicted,blocks.5,9,9,9,0.3819497227668762,0.415436327457428,0.3986930251121521
652,vit_lejepa,vit_tiny_cifar,attention_rollout,predicted,blocks.5,5,3,3,0.7094732522964478,0.5751860737800598,0.6423296630382538
653,vit_lejepa,vit_tiny_cifar,attention_rollout,predicted,blocks.5,6,7,7,0.19610300660133362,0.23488926887512207,0.21549613773822784
654,vit_lejepa,vit_tiny_cifar,attention_rollout,predicted,blocks.5,9,7,7,0.28431782126426697,0.4288206994533539,0.3565692603588104
655,vit_lejepa,vit_tiny_cifar,attention_rollout,predicted,blocks.5,2,4,4,0.41835924983024597,0.2669987380504608,0.3426789939403534
656,vit_lejepa,vit_tiny_cifar,attention_rollout,predicted,blocks.5,1,9,9,0.6633719205856323,0.5743025541305542,0.6188372373580933
657,vit_lejepa,vit_tiny_cifar,attention_rollout,predicted,blocks.5,1,9,9,0.3537069261074066,0.3960438072681427,0.37487536668777466
658,vit_lejepa,vit_tiny_cifar,attention_rollout,predicted,blocks.5,4,4,4,0.4349720776081085,0.16020743548870087,0.2975897565484047
659,vit_lejepa,vit_tiny_cifar,attention_rollout,predicted,blocks.5,1,3,3,0.3926670253276825,0.3051091134548187,0.3488880693912506
660,vit_lejepa,vit_tiny_cifar,attention_rollout,predicted,blocks.5,9,9,9,0.3549826741218567,0.43515801429748535,0.395070344209671
661,vit_lejepa,vit_tiny_cifar,attention_rollout,predicted,blocks.5,4,3,3,0.3792729675769806,0.4052805006504059,0.39227673411369324
662,vit_lejepa,vit_tiny_cifar,attention_rollout,predicted,blocks.5,7,8,8,0.44115400314331055,0.36944910883903503,0.4053015559911728
663,vit_lejepa,vit_tiny_cifar,attention_rollout,predicted,blocks.5,6,6,6,0.4863469898700714,0.18003258109092712,0.33318978548049927
664,vit_lejepa,vit_tiny_cifar,attention_rollout,predicted,blocks.5,3,1,1,0.08303244411945343,0.27269095182418823,0.17786169797182083
665,vit_lejepa,vit_tiny_cifar,attention_rollout,predicted,blocks.5,8,0,0,0.045852676033973694,0.29718947410583496,0.17152107506990433
666,vit_lejepa,vit_tiny_cifar,attention_rollout,predicted,blocks.5,9,9,9,0.3398272693157196,0.3487926423549652,0.3443099558353424
667,vit_lejepa,vit_tiny_cifar,attention_rollout,predicted,blocks.5,0,8,8,0.8826046586036682,0.638247549533844,0.7604261040687561
668,vit_lejepa,vit_tiny_cifar,attention_rollout,predicted,blocks.5,1,8,8,0.40627172589302063,0.4304049611091614,0.418338343501091
669,vit_lejepa,vit_tiny_cifar,attention_rollout,predicted,blocks.5,3,8,8,0.6305381059646606,0.512222945690155,0.5713805258274078
670,vit_lejepa,vit_tiny_cifar,attention_rollout,predicted,blocks.5,6,4,4,0.6428722143173218,0.46349141001701355,0.5531818121671677
671,vit_lejepa,vit_tiny_cifar,attention_rollout,predicted,blocks.5,3,7,7,0.45628976821899414,0.5153037309646606,0.4857967495918274
672,vit_lejepa,vit_tiny_cifar,attention_rollout,predicted,blocks.5,6,3,3,0.7294111847877502,0.5092533230781555,0.6193322539329529
673,vit_lejepa,vit_tiny_cifar,attention_rollout,predicted,blocks.5,3,5,5,0.5438739061355591,0.40497276186943054,0.4744233340024948
674,vit_lejepa,vit_tiny_cifar,attention_rollout,predicted,blocks.5,2,7,7,0.8468866348266602,0.2817862629890442,0.5643364489078522
675,vit_lejepa,vit_tiny_cifar,attention_rollout,predicted,blocks.5,0,8,8,0.4617394804954529,0.45990392565727234,0.4608217030763626
676,vit_lejepa,vit_tiny_cifar,attention_rollout,predicted,blocks.5,3,7,7,0.35660895705223083,0.2674576938152313,0.3120333254337311
677,vit_lejepa,vit_tiny_cifar,attention_rollout,predicted,blocks.5,1,9,9,0.6253265142440796,0.5584002137184143,0.591863363981247
678,vit_lejepa,vit_tiny_cifar,attention_rollout,predicted,blocks.5,0,0,0,0.039594244211912155,0.3763442933559418,0.20796926878392696
679,vit_lejepa,vit_tiny_cifar,attention_rollout,predicted,blocks.5,5,9,9,0.3436371982097626,0.5184018015861511,0.43101949989795685
680,vit_lejepa,vit_tiny_cifar,attention_rollout,predicted,blocks.5,9,9,9,0.38571619987487793,0.4880999028682709,0.4369080513715744
681,vit_lejepa,vit_tiny_cifar,attention_rollout,predicted,blocks.5,6,6,6,0.418979674577713,0.21219387650489807,0.31558677554130554
682,vit_lejepa,vit_tiny_cifar,attention_rollout,predicted,blocks.5,4,4,4,0.33105945587158203,0.3853410482406616,0.3582002520561218
683,vit_lejepa,vit_tiny_cifar,attention_rollout,predicted,blocks.5,8,1,1,0.3169304430484772,0.37721845507621765,0.3470744490623474
684,vit_lejepa,vit_tiny_cifar,attention_rollout,predicted,blocks.5,9,9,9,0.6690194010734558,0.4846883714199066,0.5768538862466812
685,vit_lejepa,vit_tiny_cifar,attention_rollout,predicted,blocks.5,6,4,4,0.08595026284456253,0.40299129486083984,0.2444707788527012
686,vit_lejepa,vit_tiny_cifar,attention_rollout,predicted,blocks.5,9,8,8,0.3391861617565155,0.1704423725605011,0.2548142671585083
687,vit_lejepa,vit_tiny_cifar,attention_rollout,predicted,blocks.5,6,7,7,0.3610765039920807,0.35241270065307617,0.35674460232257843
688,vit_lejepa,vit_tiny_cifar,attention_rollout,predicted,blocks.5,3,6,6,0.3869205117225647,0.13758151233196259,0.26225101202726364
689,vit_lejepa,vit_tiny_cifar,attention_rollout,predicted,blocks.5,0,9,9,0.4761353135108948,0.3173926770687103,0.39676399528980255
690,vit_lejepa,vit_tiny_cifar,attention_rollout,predicted,blocks.5,3,8,8,0.5687788128852844,0.5167913436889648,0.5427850782871246
691,vit_lejepa,vit_tiny_cifar,attention_rollout,predicted,blocks.5,2,5,5,0.4434410333633423,0.5065515637397766,0.47499629855155945
692,vit_lejepa,vit_tiny_cifar,attention_rollout,predicted,blocks.5,2,8,8,0.5153864026069641,0.5361144542694092,0.5257504284381866
693,vit_lejepa,vit_tiny_cifar,attention_rollout,predicted,blocks.5,7,8,8,0.3827543556690216,0.3347413241863251,0.35874783992767334
694,vit_lejepa,vit_tiny_cifar,attention_rollout,predicted,blocks.5,8,8,8,0.5440838932991028,0.6332916021347046,0.5886877477169037
695,vit_lejepa,vit_tiny_cifar,attention_rollout,predicted,blocks.5,3,4,4,0.34435799717903137,0.1887962818145752,0.2665771394968033
696,vit_lejepa,vit_tiny_cifar,attention_rollout,predicted,blocks.5,8,8,8,0.42489859461784363,0.3858746588230133,0.40538662672042847
697,vit_lejepa,vit_tiny_cifar,attention_rollout,predicted,blocks.5,2,4,4,0.18021996319293976,0.08259128034114838,0.13140562176704407
698,vit_lejepa,vit_tiny_cifar,attention_rollout,predicted,blocks.5,7,8,8,0.010313166305422783,0.32324594259262085,0.16677955444902182
699,vit_lejepa,vit_tiny_cifar,attention_rollout,predicted,blocks.5,5,7,7,0.2888871729373932,0.2704377770423889,0.27966247498989105
700,vit_lejepa,vit_tiny_cifar,attention_rollout,predicted,blocks.5,7,9,9,0.6663757562637329,0.4886395335197449,0.5775076448917389
701,vit_lejepa,vit_tiny_cifar,attention_rollout,predicted,blocks.5,2,8,8,0.5308119058609009,0.5202928185462952,0.525552362203598
702,vit_lejepa,vit_tiny_cifar,attention_rollout,predicted,blocks.5,4,8,8,0.6958531737327576,0.49532023072242737,0.5955867022275925
703,vit_lejepa,vit_tiny_cifar,attention_rollout,predicted,blocks.5,8,4,4,0.2322283685207367,0.4301896393299103,0.3312090039253235
704,vit_lejepa,vit_tiny_cifar,attention_rollout,predicted,blocks.5,7,7,7,0.29463669657707214,0.276046484708786,0.2853415906429291
705,vit_lejepa,vit_tiny_cifar,attention_rollout,predicted,blocks.5,4,4,4,0.3153994679450989,0.2372829169034958,0.27634119242429733
706,vit_lejepa,vit_tiny_cifar,attention_rollout,predicted,blocks.5,2,7,7,0.302324503660202,0.3614955246448517,0.33191001415252686
707,vit_lejepa,vit_tiny_cifar,attention_rollout,predicted,blocks.5,9,9,9,0.34527674317359924,0.47927263379096985,0.41227468848228455
708,vit_lejepa,vit_tiny_cifar,attention_rollout,predicted,blocks.5,8,8,8,0.43742820620536804,0.4978320598602295,0.46763013303279877
709,vit_lejepa,vit_tiny_cifar,attention_rollout,predicted,blocks.5,8,8,8,0.19673122465610504,0.3081493675708771,0.25244029611349106
710,vit_lejepa,vit_tiny_cifar,attention_rollout,predicted,blocks.5,6,9,9,0.5238291025161743,0.4762462079524994,0.5000376552343369
711,vit_lejepa,vit_tiny_cifar,attention_rollout,predicted,blocks.5,8,0,0,0.6752976179122925,0.379052996635437,0.5271753072738647
712,vit_lejepa,vit_tiny_cifar,attention_rollout,predicted,blocks.5,8,8,8,0.4940181374549866,0.42495277523994446,0.4594854563474655
713,vit_lejepa,vit_tiny_cifar,attention_rollout,predicted,blocks.5,7,8,8,0.2534157931804657,0.4130428433418274,0.33322931826114655
714,vit_lejepa,vit_tiny_cifar,attention_rollout,predicted,blocks.5,4,7,7,0.5719490051269531,0.6045039892196655,0.5882264971733093
715,vit_lejepa,vit_tiny_cifar,attention_rollout,predicted,blocks.5,3,8,8,0.5106649994850159,0.4927178621292114,0.5016914308071136
716,vit_lejepa,vit_tiny_cifar,attention_rollout,predicted,blocks.5,3,6,6,0.3846204876899719,0.17040839791297913,0.2775144428014755
717,vit_lejepa,vit_tiny_cifar,attention_rollout,predicted,blocks.5,8,9,9,0.36890533566474915,0.3691926598548889,0.36904899775981903
718,vit_lejepa,vit_tiny_cifar,attention_rollout,predicted,blocks.5,4,3,3,0.44672274589538574,0.5083579421043396,0.47754034399986267
719,vit_lejepa,vit_tiny_cifar,attention_rollout,predicted,blocks.5,9,1,1,0.26294031739234924,0.48898375034332275,0.375962033867836
720,vit_lejepa,vit_tiny_cifar,attention_rollout,predicted,blocks.5,4,8,8,0.4604562222957611,0.44031041860580444,0.4503833204507828
721,vit_lejepa,vit_tiny_cifar,attention_rollout,predicted,blocks.5,8,8,8,-0.2973710000514984,0.22140274941921234,-0.037984125316143036
722,vit_lejepa,vit_tiny_cifar,attention_rollout,predicted,blocks.5,8,9,9,0.16463202238082886,0.5436400175094604,0.35413601994514465
723,vit_lejepa,vit_tiny_cifar,attention_rollout,predicted,blocks.5,1,9,9,0.3229404091835022,0.35640841722488403,0.3396744132041931
724,vit_lejepa,vit_tiny_cifar,attention_rollout,predicted,blocks.5,8,9,9,0.7112262845039368,0.6018593311309814,0.6565428078174591
725,vit_lejepa,vit_tiny_cifar,attention_rollout,predicted,blocks.5,2,9,9,0.14880606532096863,0.17844288051128387,0.16362447291612625
726,vit_lejepa,vit_tiny_cifar,attention_rollout,predicted,blocks.5,1,9,9,0.38358157873153687,0.1863073706626892,0.28494447469711304
727,vit_lejepa,vit_tiny_cifar,attention_rollout,predicted,blocks.5,3,9,9,0.32740235328674316,0.39380133152008057,0.36060184240341187
728,vit_lejepa,vit_tiny_cifar,attention_rollout,predicted,blocks.5,6,7,7,0.2570708096027374,0.20221450924873352,0.22964265942573547
729,vit_lejepa,vit_tiny_cifar,attention_rollout,predicted,blocks.5,5,3,3,0.5394849181175232,0.4512508511543274,0.4953678846359253
730,vit_lejepa,vit_tiny_cifar,attention_rollout,predicted,blocks.5,4,8,8,0.2911745011806488,0.436931848526001,0.3640531748533249
731,vit_lejepa,vit_tiny_cifar,attention_rollout,predicted,blocks.5,2,8,8,0.7601152658462524,0.5541539788246155,0.657134622335434
732,vit_lejepa,vit_tiny_cifar,attention_rollout,predicted,blocks.5,7,9,9,0.40100038051605225,0.33848366141319275,0.3697420209646225
733,vit_lejepa,vit_tiny_cifar,attention_rollout,predicted,blocks.5,9,9,9,0.03848281875252724,0.3039756119251251,0.17122921533882618
734,vit_lejepa,vit_tiny_cifar,attention_rollout,predicted,blocks.5,9,9,9,0.3066985309123993,0.5328183770179749,0.4197584539651871
735,vit_lejepa,vit_tiny_cifar,attention_rollout,predicted,blocks.5,4,8,8,-0.06521018594503403,0.3871900141239166,0.1609899140894413
736,vit_lejepa,vit_tiny_cifar,attention_rollout,predicted,blocks.5,1,9,9,0.2408474087715149,0.4253886938095093,0.3331180512905121
737,vit_lejepa,vit_tiny_cifar,attention_rollout,predicted,blocks.5,4,8,8,0.2754761576652527,0.2869056761264801,0.2811909168958664
738,vit_lejepa,vit_tiny_cifar,attention_rollout,predicted,blocks.5,1,8,8,0.4066636264324188,0.38291892409324646,0.39479127526283264
739,vit_lejepa,vit_tiny_cifar,attention_rollout,predicted,blocks.5,3,8,8,0.5608208179473877,0.47809988260269165,0.5194603502750397
740,vit_lejepa,vit_tiny_cifar,attention_rollout,predicted,blocks.5,2,9,9,0.42610964179039,0.5656392574310303,0.49587444961071014
741,vit_lejepa,vit_tiny_cifar,attention_rollout,predicted,blocks.5,7,5,5,0.050574008375406265,0.2584954798221588,0.15453474409878254
742,vit_lejepa,vit_tiny_cifar,attention_rollout,predicted,blocks.5,0,1,1,0.6490326523780823,0.4913082718849182,0.5701704621315002
743,vit_lejepa,vit_tiny_cifar,attention_rollout,predicted,blocks.5,7,9,9,0.5997260808944702,0.5254606604576111,0.5625933706760406
744,vit_lejepa,vit_tiny_cifar,attention_rollout,predicted,blocks.5,9,4,4,0.6812289953231812,0.29588955640792847,0.4885592758655548
745,vit_lejepa,vit_tiny_cifar,attention_rollout,predicted,blocks.5,7,7,7,0.3356068432331085,0.2271370142698288,0.28137192875146866
746,vit_lejepa,vit_tiny_cifar,attention_rollout,predicted,blocks.5,6,6,6,0.5265498161315918,0.16333474218845367,0.34494227916002274
747,vit_lejepa,vit_tiny_cifar,attention_rollout,predicted,blocks.5,6,9,9,0.6164259314537048,0.5465212464332581,0.5814735889434814
748,vit_lejepa,vit_tiny_cifar,attention_rollout,predicted,blocks.5,2,5,5,0.693378746509552,0.4741181433200836,0.5837484449148178
749,vit_lejepa,vit_tiny_cifar,attention_rollout,predicted,blocks.5,5,3,3,0.7451807856559753,0.5161213278770447,0.63065105676651
750,vit_lejepa,vit_tiny_cifar,attention_rollout,predicted,blocks.5,9,8,8,0.360710084438324,0.4519987404346466,0.4063544124364853
751,vit_lejepa,vit_tiny_cifar,attention_rollout,predicted,blocks.5,2,6,6,0.6976536512374878,0.20331740379333496,0.4504855275154114
752,vit_lejepa,vit_tiny_cifar,attention_rollout,predicted,blocks.5,9,8,8,0.410312682390213,0.3120495080947876,0.3611810952425003
753,vit_lejepa,vit_tiny_cifar,attention_rollout,predicted,blocks.5,1,7,7,0.660723090171814,0.40452054142951965,0.5326218158006668
754,vit_lejepa,vit_tiny_cifar,attention_rollout,predicted,blocks.5,2,6,6,0.3030232787132263,0.11108227074146271,0.2070527747273445
755,vit_lejepa,vit_tiny_cifar,attention_rollout,predicted,blocks.5,2,4,4,0.3055747151374817,0.21403899788856506,0.2598068565130234
756,vit_lejepa,vit_tiny_cifar,attention_rollout,predicted,blocks.5,6,6,6,-0.014617661945521832,0.07591119408607483,0.0306467660702765
757,vit_lejepa,vit_tiny_cifar,attention_rollout,predicted,blocks.5,8,8,8,0.1658019721508026,0.2757546305656433,0.22077830135822296
758,vit_lejepa,vit_tiny_cifar,attention_rollout,predicted,blocks.5,2,8,8,0.5734350085258484,0.5233619213104248,0.5483984649181366
759,vit_lejepa,vit_tiny_cifar,attention_rollout,predicted,blocks.5,1,5,5,0.20600540935993195,0.39941397309303284,0.3027096912264824
760,vit_lejepa,vit_tiny_cifar,attention_rollout,predicted,blocks.5,3,9,9,0.5549127459526062,0.4255053400993347,0.49020904302597046
761,vit_lejepa,vit_tiny_cifar,attention_rollout,predicted,blocks.5,6,5,5,0.6235334277153015,0.47402656078338623,0.5487799942493439
762,vit_lejepa,vit_tiny_cifar,attention_rollout,predicted,blocks.5,6,9,9,-0.04039233550429344,0.20897075533866882,0.08428920991718769
763,vit_lejepa,vit_tiny_cifar,attention_rollout,predicted,blocks.5,0,9,9,0.6133114099502563,0.40678828954696655,0.5100498497486115
764,vit_lejepa,vit_tiny_cifar,attention_rollout,predicted,blocks.5,1,9,9,0.2018289566040039,0.49972349405288696,0.35077622532844543
765,vit_lejepa,vit_tiny_cifar,attention_rollout,predicted,blocks.5,2,4,4,0.611217200756073,0.38066184520721436,0.4959395229816437
766,vit_lejepa,vit_tiny_cifar,attention_rollout,predicted,blocks.5,7,9,9,0.45963969826698303,0.33074116706848145,0.39519043266773224
767,vit_lejepa,vit_tiny_cifar,attention_rollout,predicted,blocks.5,0,9,9,0.5036884546279907,0.49783390760421753,0.5007611811161041
768,vit_lejepa,vit_tiny_cifar,attention_rollout,predicted,blocks.1,5,7,7,-0.2895936965942383,0.34549909830093384,0.02795270085334778
769,vit_lejepa,vit_tiny_cifar,attention_rollout,predicted,blocks.1,4,8,8,-0.05178982391953468,0.446841299533844,0.19752573780715466
770,vit_lejepa,vit_tiny_cifar,attention_rollout,predicted,blocks.1,6,1,1,0.1335742175579071,0.2924286425113678,0.21300143003463745
771,vit_lejepa,vit_tiny_cifar,attention_rollout,predicted,blocks.1,1,7,7,-0.03777386620640755,0.2951902747154236,0.12870820425450802
772,vit_lejepa,vit_tiny_cifar,attention_rollout,predicted,blocks.1,6,7,7,-0.22056934237480164,0.2763386368751526,0.027884647250175476
773,vit_lejepa,vit_tiny_cifar,attention_rollout,predicted,blocks.1,4,7,7,0.40357503294944763,0.19927504658699036,0.301425039768219
774,vit_lejepa,vit_tiny_cifar,attention_rollout,predicted,blocks.1,0,8,8,0.030459241941571236,0.29656556248664856,0.1635124022141099
775,vit_lejepa,vit_tiny_cifar,attention_rollout,predicted,blocks.1,2,6,6,0.15128877758979797,0.1389085352420807,0.14509865641593933
776,vit_lejepa,vit_tiny_cifar,attention_rollout,predicted,blocks.1,2,7,7,-0.2741263210773468,0.34759730100631714,0.03673548996448517
777,vit_lejepa,vit_tiny_cifar,attention_rollout,predicted,blocks.1,6,7,7,0.105501689016819,0.26308995485305786,0.18429582193493843
778,vit_lejepa,vit_tiny_cifar,attention_rollout,predicted,blocks.1,0,4,4,-0.15526476502418518,0.19723686575889587,0.020986050367355347
779,vit_lejepa,vit_tiny_cifar,attention_rollout,predicted,blocks.1,5,7,7,-0.32648614048957825,0.34492069482803345,0.0092172771692276
780,vit_lejepa,vit_tiny_cifar,attention_rollout,predicted,blocks.1,9,9,9,-0.13591068983078003,0.3577446937561035,0.11091700196266174
781,vit_lejepa,vit_tiny_cifar,attention_rollout,predicted,blocks.1,1,9,9,0.05083047226071358,0.2778312563896179,0.16433086432516575
782,vit_lejepa,vit_tiny_cifar,attention_rollout,predicted,blocks.1,7,7,7,-0.2540443241596222,0.3221198618412018,0.034037768840789795
783,vit_lejepa,vit_tiny_cifar,attention_rollout,predicted,blocks.1,6,4,4,0.08117534965276718,0.21214629709720612,0.14666082337498665
784,vit_lejepa,vit_tiny_cifar,attention_rollout,predicted,blocks.1,7,6,6,-0.04694271832704544,0.1990685611963272,0.07606292143464088
785,vit_lejepa,vit_tiny_cifar,attention_rollout,predicted,blocks.1,0,8,8,0.2939305007457733,0.4837246537208557,0.3888275772333145
786,vit_lejepa,vit_tiny_cifar,attention_rollout,predicted,blocks.1,3,8,8,0.1446036398410797,0.3580573797225952,0.25133050978183746
787,vit_lejepa,vit_tiny_cifar,attention_rollout,predicted,blocks.1,9,9,9,-0.2215491235256195,0.3749667704105377,0.0767088234424591
788,vit_lejepa,vit_tiny_cifar,attention_rollout,predicted,blocks.1,6,5,5,-0.3525860905647278,0.29047176241874695,-0.031057164072990417
789,vit_lejepa,vit_tiny_cifar,attention_rollout,predicted,blocks.1,8,1,1,-0.11443872004747391,0.3528541922569275,0.11920773610472679
790,vit_lejepa,vit_tiny_cifar,attention_rollout,predicted,blocks.1,3,5,5,-0.07372306287288666,0.3871893286705017,0.15673313289880753
791,vit_lejepa,vit_tiny_cifar,attention_rollout,predicted,blocks.1,0,9,9,-0.2677902281284332,0.3881451189517975,0.06017744541168213
792,vit_lejepa,vit_tiny_cifar,attention_rollout,predicted,blocks.1,3,5,5,0.049969401210546494,0.36639469861984253,0.2081820499151945
793,vit_lejepa,vit_tiny_cifar,attention_rollout,predicted,blocks.1,4,5,5,-0.18518729507923126,0.48069435358047485,0.1477535292506218
794,vit_lejepa,vit_tiny_cifar,attention_rollout,predicted,blocks.1,7,4,4,-0.3179294466972351,0.3280242085456848,0.0050473809242248535
795,vit_lejepa,vit_tiny_cifar,attention_rollout,predicted,blocks.1,7,8,8,0.024079786613583565,0.3133477568626404,0.16871377173811197
796,vit_lejepa,vit_tiny_cifar,attention_rollout,predicted,blocks.1,1,9,9,0.25286683440208435,0.3613447844982147,0.30710580945014954
797,vit_lejepa,vit_tiny_cifar,attention_rollout,predicted,blocks.1,4,9,9,0.047639988362789154,0.43215101957321167,0.2398955039680004
798,vit_lejepa,vit_tiny_cifar,attention_rollout,predicted,blocks.1,7,7,7,-0.20571793615818024,0.408634752035141,0.10145840793848038
799,vit_lejepa,vit_tiny_cifar,attention_rollout,predicted,blocks.1,2,7,7,0.5820216536521912,0.23485155403614044,0.4084366038441658
800,vit_lejepa,vit_tiny_cifar,attention_rollout,predicted,blocks.1,7,9,9,-0.1401323527097702,0.3979607820510864,0.1289142146706581
801,vit_lejepa,vit_tiny_cifar,attention_rollout,predicted,blocks.1,1,9,9,-0.15614628791809082,0.3876333236694336,0.11574351787567139
802,vit_lejepa,vit_tiny_cifar,attention_rollout,predicted,blocks.1,4,0,0,0.8714205026626587,0.38458457589149475,0.6280025392770767
803,vit_lejepa,vit_tiny_cifar,attention_rollout,predicted,blocks.1,7,3,3,0.04015674814581871,0.3630073666572571,0.2015820574015379
804,vit_lejepa,vit_tiny_cifar,attention_rollout,predicted,blocks.1,4,4,4,0.35622063279151917,0.12830820679664612,0.24226441979408264
805,vit_lejepa,vit_tiny_cifar,attention_rollout,predicted,blocks.1,4,4,4,0.7846428751945496,0.3953632712364197,0.5900030732154846
806,vit_lejepa,vit_tiny_cifar,attention_rollout,predicted,blocks.1,8,8,8,-0.13180352747440338,0.30314135551452637,0.08566891402006149
807,vit_lejepa,vit_tiny_cifar,attention_rollout,predicted,blocks.1,4,4,4,-0.20371748507022858,0.23775643110275269,0.017019473016262054
808,vit_lejepa,vit_tiny_cifar,attention_rollout,predicted,blocks.1,7,8,8,0.33291271328926086,0.3363761603832245,0.3346444368362427
809,vit_lejepa,vit_tiny_cifar,attention_rollout,predicted,blocks.1,7,0,0,-0.43989574909210205,0.3065357506275177,-0.06667999923229218
810,vit_lejepa,vit_tiny_cifar,attention_rollout,predicted,blocks.1,5,5,5,-0.22831310331821442,0.37318941950798035,0.07243815809488297
811,vit_lejepa,vit_tiny_cifar,attention_rollout,predicted,blocks.1,3,5,5,-0.10287076234817505,0.3486851751804352,0.12290720641613007
812,vit_lejepa,vit_tiny_cifar,attention_rollout,predicted,blocks.1,7,7,7,-0.3133852779865265,0.3123249113559723,-0.0005301833152770996
813,vit_lejepa,vit_tiny_cifar,attention_rollout,predicted,blocks.1,2,4,4,0.25262635946273804,0.13913750648498535,0.1958819329738617
814,vit_lejepa,vit_tiny_cifar,attention_rollout,predicted,blocks.1,0,9,9,-0.46996885538101196,0.3741230070590973,-0.047922924160957336
815,vit_lejepa,vit_tiny_cifar,attention_rollout,predicted,blocks.1,8,8,8,-0.05401353910565376,0.27895623445510864,0.11247134767472744
816,vit_lejepa,vit_tiny_cifar,attention_rollout,predicted,blocks.1,9,7,7,-0.08958594501018524,0.38756343722343445,0.1489887461066246
817,vit_lejepa,vit_tiny_cifar,attention_rollout,predicted,blocks.1,5,4,4,0.22375911474227905,0.17300453782081604,0.19838182628154755
818,vit_lejepa,vit_tiny_cifar,attention_rollout,predicted,blocks.1,8,6,6,0.31349092721939087,0.09481577575206757,0.20415335148572922
819,vit_lejepa,vit_tiny_cifar,attention_rollout,predicted,blocks.1,3,4,4,-0.23274001479148865,0.25271862745285034,0.009989306330680847
820,vit_lejepa,vit_tiny_cifar,attention_rollout,predicted,blocks.1,6,9,9,-0.19119198620319366,0.386209636926651,0.09750882536172867
821,vit_lejepa,vit_tiny_cifar,attention_rollout,predicted,blocks.1,2,8,8,0.07633399963378906,0.3288569450378418,0.20259547233581543
822,vit_lejepa,vit_tiny_cifar,attention_rollout,predicted,blocks.1,0,9,9,-0.12885330617427826,0.4881403148174286,0.17964350432157516
823,vit_lejepa,vit_tiny_cifar,attention_rollout,predicted,blocks.1,8,8,8,-0.171601340174675,0.3046969771385193,0.06654781848192215
824,vit_lejepa,vit_tiny_cifar,attention_rollout,predicted,blocks.1,7,8,8,-0.20938007533550262,0.2772122621536255,0.03391609340906143
825,vit_lejepa,vit_tiny_cifar,attention_rollout,predicted,blocks.1,3,6,6,0.2579564154148102,0.2626379132270813,0.26029716432094574
826,vit_lejepa,vit_tiny_cifar,attention_rollout,predicted,blocks.1,7,6,6,0.38316836953163147,0.08841190487146378,0.23579013720154762
827,vit_lejepa,vit_tiny_cifar,attention_rollout,predicted,blocks.1,6,6,6,0.12639006972312927,0.39151448011398315,0.2589522749185562
828,vit_lejepa,vit_tiny_cifar,attention_rollout,predicted,blocks.1,5,4,4,0.188914954662323,0.4481874108314514,0.3185511827468872
829,vit_lejepa,vit_tiny_cifar,attention_rollout,predicted,blocks.1,3,5,5,0.020142747089266777,0.3628237843513489,0.19148326572030783
830,vit_lejepa,vit_tiny_cifar,attention_rollout,predicted,blocks.1,1,1,1,-0.07521360367536545,0.24343140423297882,0.08410890027880669
831,vit_lejepa,vit_tiny_cifar,attention_rollout,predicted,blocks.1,3,8,8,-0.06030432879924774,0.31447291374206543,0.12708429247140884
832,vit_lejepa,vit_tiny_cifar,attention_rollout,predicted,blocks.1,2,8,8,0.44910717010498047,0.533274233341217,0.49119070172309875
833,vit_lejepa,vit_tiny_cifar,attention_rollout,predicted,blocks.1,2,6,6,0.4483594000339508,0.3336576223373413,0.39100851118564606
834,vit_lejepa,vit_tiny_cifar,attention_rollout,predicted,blocks.1,5,7,7,-0.2320607453584671,0.20017097890377045,-0.015944883227348328
835,vit_lejepa,vit_tiny_cifar,attention_rollout,predicted,blocks.1,4,9,9,-0.1691819727420807,0.4390959143638611,0.1349569708108902
836,vit_lejepa,vit_tiny_cifar,attention_rollout,predicted,blocks.1,1,8,8,-0.18838681280612946,0.3290124535560608,0.07031282037496567
837,vit_lejepa,vit_tiny_cifar,attention_rollout,predicted,blocks.1,2,1,1,-0.11576306074857712,0.26113033294677734,0.07268363609910011
838,vit_lejepa,vit_tiny_cifar,attention_rollout,predicted,blocks.1,9,9,9,-0.03684307634830475,0.25833258032798767,0.11074475198984146
839,vit_lejepa,vit_tiny_cifar,attention_rollout,predicted,blocks.1,2,8,8,-0.008087442256510258,0.4093417823314667,0.2006271700374782
840,vit_lejepa,vit_tiny_cifar,attention_rollout,predicted,blocks.1,7,9,9,-0.02273687534034252,0.462737113237381,0.22000011894851923
841,vit_lejepa,vit_tiny_cifar,attention_rollout,predicted,blocks.1,0,4,4,0.7756303548812866,0.2752828896045685,0.5254566222429276
842,vit_lejepa,vit_tiny_cifar,attention_rollout,predicted,blocks.1,7,7,7,-0.10721272230148315,0.21825888752937317,0.05552308261394501
843,vit_lejepa,vit_tiny_cifar,attention_rollout,predicted,blocks.1,2,4,4,-0.3230620324611664,0.27253636717796326,-0.025262832641601562
844,vit_lejepa,vit_tiny_cifar,attention_rollout,predicted,blocks.1,1,9,9,0.01630694791674614,0.19477443397045135,0.10554069094359875
845,vit_lejepa,vit_tiny_cifar,attention_rollout,predicted,blocks.1,3,9,9,-0.018946578726172447,0.4169725775718689,0.19901299942284822
846,vit_lejepa,vit_tiny_cifar,attention_rollout,predicted,blocks.1,2,7,7,-0.1507062315940857,0.3942435681819916,0.12176866829395294
847,vit_lejepa,vit_tiny_cifar,attention_rollout,predicted,blocks.1,0,5,5,0.30528175830841064,0.4476035535335541,0.37644265592098236
848,vit_lejepa,vit_tiny_cifar,attention_rollout,predicted,blocks.1,2,4,4,0.3951820433139801,0.29709702730178833,0.3461395353078842
849,vit_lejepa,vit_tiny_cifar,attention_rollout,predicted,blocks.1,4,4,4,0.5751014351844788,0.19851793348789215,0.38680968433618546
850,vit_lejepa,vit_tiny_cifar,attention_rollout,predicted,blocks.1,7,9,9,-0.021548105403780937,0.34246158599853516,0.1604567402973771
851,vit_lejepa,vit_tiny_cifar,attention_rollout,predicted,blocks.1,9,9,9,-0.2109965682029724,0.33939841389656067,0.06420092284679413
852,vit_lejepa,vit_tiny_cifar,attention_rollout,predicted,blocks.1,8,8,8,-0.5073207020759583,0.29347822070121765,-0.1069212406873703
853,vit_lejepa,vit_tiny_cifar,attention_rollout,predicted,blocks.1,9,1,1,0.04000271484255791,0.44549477100372314,0.24274874292314053
854,vit_lejepa,vit_tiny_cifar,attention_rollout,predicted,blocks.1,0,8,8,0.8704341053962708,0.5188965201377869,0.6946653127670288
855,vit_lejepa,vit_tiny_cifar,attention_rollout,predicted,blocks.1,7,9,9,-0.39944562315940857,0.37659382820129395,-0.011425897479057312
856,vit_lejepa,vit_tiny_cifar,attention_rollout,predicted,blocks.1,7,8,8,-0.27283886075019836,0.4366472661495209,0.08190420269966125
857,vit_lejepa,vit_tiny_cifar,attention_rollout,predicted,blocks.1,0,8,8,0.6601710915565491,0.4292157292366028,0.5446934103965759
858,vit_lejepa,vit_tiny_cifar,attention_rollout,predicted,blocks.1,7,7,7,-0.31734660267829895,0.3817913234233856,0.032222360372543335
859,vit_lejepa,vit_tiny_cifar,attention_rollout,predicted,blocks.1,8,8,8,-0.24453715980052948,0.4196028709411621,0.08753285557031631
860,vit_lejepa,vit_tiny_cifar,attention_rollout,predicted,blocks.1,4,4,4,0.32649585604667664,0.16235484182834625,0.24442534893751144
861,vit_lejepa,vit_tiny_cifar,attention_rollout,predicted,blocks.1,6,6,6,0.2787136137485504,0.08966255187988281,0.1841880828142166
862,vit_lejepa,vit_tiny_cifar,attention_rollout,predicted,blocks.1,3,1,1,0.14945799112319946,0.1556030809879303,0.15253053605556488
863,vit_lejepa,vit_tiny_cifar,attention_rollout,predicted,blocks.1,3,8,8,-0.11554496735334396,0.41037827730178833,0.14741665497422218
864,vit_lejepa,vit_tiny_cifar,attention_rollout,predicted,blocks.1,0,8,8,0.33042532205581665,0.3767867088317871,0.3536060154438019
865,vit_lejepa,vit_tiny_cifar,attention_rollout,predicted,blocks.1,1,9,9,-0.07944277673959732,0.46772298216819763,0.19414010271430016
866,vit_lejepa,vit_tiny_cifar,attention_rollout,predicted,blocks.1,3,8,8,-0.1942833811044693,0.25435906648635864,0.03003784269094467
867,vit_lejepa,vit_tiny_cifar,attention_rollout,predicted,blocks.1,7,8,8,0.09766129404306412,0.3470529317855835,0.2223571129143238
868,vit_lejepa,vit_tiny_cifar,attention_rollout,predicted,blocks.1,0,8,8,-0.18496108055114746,0.3287540078163147,0.07189646363258362
869,vit_lejepa,vit_tiny_cifar,attention_rollout,predicted,blocks.1,1,8,8,-0.29611918330192566,0.25335314869880676,-0.021383017301559448
870,vit_lejepa,vit_tiny_cifar,attention_rollout,predicted,blocks.1,3,7,7,-0.05704305320978165,0.295987606048584,0.11947227641940117
871,vit_lejepa,vit_tiny_cifar,attention_rollout,predicted,blocks.1,1,4,4,0.031028781086206436,0.38441407680511475,0.2077214289456606
872,vit_lejepa,vit_tiny_cifar,attention_rollout,predicted,blocks.1,4,3,3,0.632095217704773,0.2723269462585449,0.45221108198165894
873,vit_lejepa,vit_tiny_cifar,attention_rollout,predicted,blocks.1,2,8,8,0.026070449501276016,0.416918009519577,0.22149422951042652
874,vit_lejepa,vit_tiny_cifar,attention_rollout,predicted,blocks.1,3,7,7,-0.16625981032848358,0.35576993227005005,0.09475506097078323
875,vit_lejepa,vit_tiny_cifar,attention_rollout,predicted,blocks.1,8,3,3,-0.09957288950681686,0.428460031747818,0.16444357112050056
876,vit_lejepa,vit_tiny_cifar,attention_rollout,predicted,blocks.1,4,4,4,0.027185212820768356,0.16258938610553741,0.09488729946315289
877,vit_lejepa,vit_tiny_cifar,attention_rollout,predicted,blocks.1,2,9,9,-0.04673318937420845,0.4400022327899933,0.19663452170789242
878,vit_lejepa,vit_tiny_cifar,attention_rollout,predicted,blocks.1,3,8,8,0.30530935525894165,0.12595249712467194,0.2156309261918068
879,vit_lejepa,vit_tiny_cifar,attention_rollout,predicted,blocks.1,7,7,7,-0.2748839259147644,0.3284456729888916,0.0267808735370636
880,vit_lejepa,vit_tiny_cifar,attention_rollout,predicted,blocks.1,8,8,8,-0.49917834997177124,0.24540403485298157,-0.12688715755939484
881,vit_lejepa,vit_tiny_cifar,attention_rollout,predicted,blocks.1,4,8,8,-0.32880839705467224,0.4295171797275543,0.05035439133644104
882,vit_lejepa,vit_tiny_cifar,attention_rollout,predicted,blocks.1,3,5,5,0.03882288932800293,0.32304030656814575,0.18093159794807434
883,vit_lejepa,vit_tiny_cifar,attention_rollout,predicted,blocks.1,0,8,8,0.3554637134075165,0.4028051197528839,0.3791344165802002
884,vit_lejepa,vit_tiny_cifar,attention_rollout,predicted,blocks.1,9,3,3,-0.10594367980957031,0.4622509777545929,0.1781536489725113
885,vit_lejepa,vit_tiny_cifar,attention_rollout,predicted,blocks.1,0,8,8,0.39429211616516113,0.3671592175960541,0.3807256668806076
886,vit_lejepa,vit_tiny_cifar,attention_rollout,predicted,blocks.1,0,8,8,0.17566047608852386,0.3986188769340515,0.2871396765112877
887,vit_lejepa,vit_tiny_cifar,attention_rollout,predicted,blocks.1,1,9,9,-0.31314852833747864,0.3367226719856262,0.011787071824073792
888,vit_lejepa,vit_tiny_cifar,attention_rollout,predicted,blocks.1,0,8,8,-0.4530772864818573,0.34973764419555664,-0.05166982114315033
889,vit_lejepa,vit_tiny_cifar,attention_rollout,predicted,blocks.1,4,4,4,0.2390131801366806,0.27705827355384827,0.25803572684526443
890,vit_lejepa,vit_tiny_cifar,attention_rollout,predicted,blocks.1,4,9,9,-0.046590834856033325,0.4039826989173889,0.1786959320306778
891,vit_lejepa,vit_tiny_cifar,attention_rollout,predicted,blocks.1,6,6,6,0.10264378786087036,0.08663234114646912,0.09463806450366974
892,vit_lejepa,vit_tiny_cifar,attention_rollout,predicted,blocks.1,7,8,8,-0.39229321479797363,0.37662315368652344,-0.007835030555725098
893,vit_lejepa,vit_tiny_cifar,attention_rollout,predicted,blocks.1,6,8,8,0.30476173758506775,0.1432548314332962,0.22400828450918198
894,vit_lejepa,vit_tiny_cifar,attention_rollout,predicted,blocks.1,1,9,9,-0.14824965596199036,0.41987088322639465,0.13581061363220215
895,vit_lejepa,vit_tiny_cifar,attention_rollout,predicted,blocks.1,1,1,1,-0.11788562685251236,0.36964887380599976,0.1258816234767437
768,vit_lejepa,vit_tiny_cifar,attention_rollout,predicted,blocks.3,5,7,7,0.41800281405448914,0.4924973249435425,0.4552500694990158
769,vit_lejepa,vit_tiny_cifar,attention_rollout,predicted,blocks.3,4,8,8,0.5861093401908875,0.6171246767044067,0.6016170084476471
770,vit_lejepa,vit_tiny_cifar,attention_rollout,predicted,blocks.3,6,1,1,0.39003050327301025,0.29380691051483154,0.3419187068939209
771,vit_lejepa,vit_tiny_cifar,attention_rollout,predicted,blocks.3,1,7,7,0.33721619844436646,0.4082680642604828,0.3727421313524246
772,vit_lejepa,vit_tiny_cifar,attention_rollout,predicted,blocks.3,6,7,7,0.09302496910095215,0.3729024827480316,0.23296372592449188
773,vit_lejepa,vit_tiny_cifar,attention_rollout,predicted,blocks.3,4,7,7,0.5505706071853638,0.2326805144548416,0.3916255608201027
774,vit_lejepa,vit_tiny_cifar,attention_rollout,predicted,blocks.3,0,8,8,0.3434639275074005,0.2619440257549286,0.30270397663116455
775,vit_lejepa,vit_tiny_cifar,attention_rollout,predicted,blocks.3,2,6,6,0.2801641523838043,0.15760375559329987,0.2188839539885521
776,vit_lejepa,vit_tiny_cifar,attention_rollout,predicted,blocks.3,2,7,7,0.15247491002082825,0.4904780089855194,0.32147645950317383
777,vit_lejepa,vit_tiny_cifar,attention_rollout,predicted,blocks.3,6,7,7,0.2806200385093689,0.28562062978744507,0.283120334148407
778,vit_lejepa,vit_tiny_cifar,attention_rollout,predicted,blocks.3,0,4,4,0.1702832132577896,0.2027280181646347,0.18650561571121216
779,vit_lejepa,vit_tiny_cifar,attention_rollout,predicted,blocks.3,5,7,7,0.153660386800766,0.5035710334777832,0.3286157101392746
780,vit_lejepa,vit_tiny_cifar,attention_rollout,predicted,blocks.3,9,9,9,0.33734753727912903,0.5163778066635132,0.4268626719713211
781,vit_lejepa,vit_tiny_cifar,attention_rollout,predicted,blocks.3,1,9,9,0.33215606212615967,0.373209685087204,0.3526828736066818
782,vit_lejepa,vit_tiny_cifar,attention_rollout,predicted,blocks.3,7,7,7,0.03380734473466873,0.4315364956855774,0.23267192021012306
783,vit_lejepa,vit_tiny_cifar,attention_rollout,predicted,blocks.3,6,4,4,0.18076084554195404,0.20219039916992188,0.19147562235593796
784,vit_lejepa,vit_tiny_cifar,attention_rollout,predicted,blocks.3,7,6,6,0.1508522778749466,0.277130126953125,0.2139912024140358
785,vit_lejepa,vit_tiny_cifar,attention_rollout,predicted,blocks.3,0,8,8,0.7058723568916321,0.3415193259716034,0.5236958414316177
786,vit_lejepa,vit_tiny_cifar,attention_rollout,predicted,blocks.3,3,8,8,0.7091233730316162,0.5569003224372864,0.6330118477344513
787,vit_lejepa,vit_tiny_cifar,attention_rollout,predicted,blocks.3,9,9,9,0.37256932258605957,0.33463332056999207,0.3536013215780258
788,vit_lejepa,vit_tiny_cifar,attention_rollout,predicted,blocks.3,6,5,5,0.11887896060943604,0.392936110496521,0.2559075355529785
789,vit_lejepa,vit_tiny_cifar,attention_rollout,predicted,blocks.3,8,1,1,0.1492803990840912,0.3653789162635803,0.25732965767383575
790,vit_lejepa,vit_tiny_cifar,attention_rollout,predicted,blocks.3,3,5,5,0.47017645835876465,0.45099711418151855,0.4605867862701416
791,vit_lejepa,vit_tiny_cifar,attention_rollout,predicted,blocks.3,0,9,9,0.19395023584365845,0.4590874910354614,0.32651886343955994
792,vit_lejepa,vit_tiny_cifar,attention_rollout,predicted,blocks.3,3,5,5,0.6293773055076599,0.36962205171585083,0.49949967861175537
793,vit_lejepa,vit_tiny_cifar,attention_rollout,predicted,blocks.3,4,5,5,0.3380042016506195,0.5776011347770691,0.4578026682138443
794,vit_lejepa,vit_tiny_cifar,attention_rollout,predicted,blocks.3,7,4,4,0.12677019834518433,0.3687429130077362,0.24775655567646027
795,vit_lejepa,vit_tiny_cifar,attention_rollout,predicted,blocks.3,7,8,8,0.5178150534629822,0.4494485855102539,0.48363181948661804
796,vit_lejepa,vit_tiny_cifar,attention_rollout,predicted,blocks.3,1,9,9,0.5557984113693237,0.46170932054519653,0.5087538659572601
797,vit_lejepa,vit_tiny_cifar,attention_rollout,predicted,blocks.3,4,9,9,0.6152613759040833,0.41880953311920166,0.5170354545116425
798,vit_lejepa,vit_tiny_cifar,attention_rollout,predicted,blocks.3,7,7,7,0.3575407862663269,0.43281781673431396,0.39517930150032043
799,vit_lejepa,vit_tiny_cifar,attention_rollout,predicted,blocks.3,2,7,7,0.5917460322380066,0.2082201987504959,0.39998311549425125
800,vit_lejepa,vit_tiny_cifar,attention_rollout,predicted,blocks.3,7,9,9,0.26425501704216003,0.4286994934082031,0.3464772552251816
801,vit_lejepa,vit_tiny_cifar,attention_rollout,predicted,blocks.3,1,9,9,0.25332507491111755,0.4869789481163025,0.37015201151371
802,vit_lejepa,vit_tiny_cifar,attention_rollout,predicted,blocks.3,4,0,0,0.833766758441925,0.4469728171825409,0.640369787812233
803,vit_lejepa,vit_tiny_cifar,attention_rollout,predicted,blocks.3,7,3,3,0.54990154504776,0.42356958985328674,0.4867355674505234
804,vit_lejepa,vit_tiny_cifar,attention_rollout,predicted,blocks.3,4,4,4,0.46464672684669495,0.14309868216514587,0.3038727045059204
805,vit_lejepa,vit_tiny_cifar,attention_rollout,predicted,blocks.3,4,4,4,0.7814732789993286,0.28889307379722595,0.5351831763982773
806,vit_lejepa,vit_tiny_cifar,attention_rollout,predicted,blocks.3,8,8,8,0.41916728019714355,0.5379669666290283,0.47856712341308594
807,vit_lejepa,vit_tiny_cifar,attention_rollout,predicted,blocks.3,4,4,4,-0.0187002494931221,0.3391115069389343,0.1602056287229061
808,vit_lejepa,vit_tiny_cifar,attention_rollout,predicted,blocks.3,7,8,8,0.7636862993240356,0.4844502806663513,0.6240682899951935
809,vit_lejepa,vit_tiny_cifar,attention_rollout,predicted,blocks.3,7,0,0,-0.051670193672180176,0.20929604768753052,0.07881292700767517
810,vit_lejepa,vit_tiny_cifar,attention_rollout,predicted,blocks.3,5,5,5,0.22371213138103485,0.35890600085258484,0.29130906611680984
811,vit_lejepa,vit_tiny_cifar,attention_rollout,predicted,blocks.3,3,5,5,0.42778709530830383,0.5470329523086548,0.4874100238084793
812,vit_lejepa,vit_tiny_cifar,attention_rollout,predicted,blocks.3,7,7,7,0.12122821807861328,0.39421823620796204,0.25772322714328766
813,vit_lejepa,vit_tiny_cifar,attention_rollout,predicted,blocks.3,2,4,4,0.3274266719818115,0.1778252273797989,0.2526259496808052
814,vit_lejepa,vit_tiny_cifar,attention_rollout,predicted,blocks.3,0,9,9,0.13457688689231873,0.44459548592567444,0.2895861864089966
815,vit_lejepa,vit_tiny_cifar,attention_rollout,predicted,blocks.3,8,8,8,0.672471821308136,0.5226859450340271,0.5975788831710815
816,vit_lejepa,vit_tiny_cifar,attention_rollout,predicted,blocks.3,9,7,7,0.42083045840263367,0.48321962356567383,0.45202504098415375
817,vit_lejepa,vit_tiny_cifar,attention_rollout,predicted,blocks.3,5,4,4,0.4013369679450989,0.1821158528327942,0.29172641038894653
818,vit_lejepa,vit_tiny_cifar,attention_rollout,predicted,blocks.3,8,6,6,0.36513751745224,0.10872151702642441,0.2369295172393322
819,vit_lejepa,vit_tiny_cifar,attention_rollout,predicted,blocks.3,3,4,4,0.03971213847398758,0.27139076590538025,0.15555145218968391
820,vit_lejepa,vit_tiny_cifar,attention_rollout,predicted,blocks.3,6,9,9,0.2988765239715576,0.3513298034667969,0.32510316371917725
821,vit_lejepa,vit_tiny_cifar,attention_rollout,predicted,blocks.3,2,8,8,0.5233431458473206,0.3587936460971832,0.4410683959722519
822,vit_lejepa,vit_tiny_cifar,attention_rollout,predicted,blocks.3,0,9,9,0.415554016828537,0.5268828272819519,0.47121842205524445
823,vit_lejepa,vit_tiny_cifar,attention_rollout,predicted,blocks.3,8,8,8,0.04601995274424553,0.305452823638916,0.17573638819158077
824,vit_lejepa,vit_tiny_cifar,attention_rollout,predicted,blocks.3,7,8,8,0.31233617663383484,0.3951077461242676,0.3537219613790512
825,vit_lejepa,vit_tiny_cifar,attention_rollout,predicted,blocks.3,3,6,6,0.4704473912715912,0.30488821864128113,0.38766780495643616
826,vit_lejepa,vit_tiny_cifar,attention_rollout,predicted,blocks.3,7,6,6,0.4714173376560211,0.11750005930662155,0.29445869848132133
827,vit_lejepa,vit_tiny_cifar,attention_rollout,predicted,blocks.3,6,6,6,0.3557782471179962,0.4486302137374878,0.402204230427742
828,vit_lejepa,vit_tiny_cifar,attention_rollout,predicted,blocks.3,5,4,4,0.7443951368331909,0.5875115394592285,0.6659533381462097
829,vit_lejepa,vit_tiny_cifar,attention_rollout,predicted,blocks.3,3,5,5,0.5152952671051025,0.457195520401001,0.48624539375305176
830,vit_lejepa,vit_tiny_cifar,attention_rollout,predicted,blocks.3,1,1,1,0.14024023711681366,0.21541783213615417,0.17782903462648392
831,vit_lejepa,vit_tiny_cifar,attention_rollout,predicted,blocks.3,3,8,8,0.590530276298523,0.48956942558288574,0.5400498509407043
832,vit_lejepa,vit_tiny_cifar,attention_rollout,predicted,blocks.3,2,8,8,0.8030607104301453,0.5058760046958923,0.6544683575630188
833,vit_lejepa,vit_tiny_cifar,attention_rollout,predicted,blocks.3,2,6,6,0.5684782266616821,0.34535616636276245,0.4569171965122223
834,vit_lejepa,vit_tiny_cifar,attention_rollout,predicted,blocks.3,5,7,7,0.05855085328221321,0.28308776021003723,0.17081930674612522
835,vit_lejepa,vit_tiny_cifar,attention_rollout,predicted,blocks.3,4,9,9,0.36278557777404785,0.483347624540329,0.4230666011571884
836,vit_lejepa,vit_tiny_cifar,attention_rollout,predicted,blocks.3,1,8,8,0.25900015234947205,0.43078768253326416,0.3448939174413681
837,vit_lejepa,vit_tiny_cifar,attention_rollout,predicted,blocks.3,2,1,1,0.2542627155780792,0.3042517304420471,0.27925722301006317
838,vit_lejepa,vit_tiny_cifar,attention_rollout,predicted,blocks.3,9,9,9,0.2811390161514282,0.31674250960350037,0.2989407628774643
839,vit_lejepa,vit_tiny_cifar,attention_rollout,predicted,blocks.3,2,8,8,0.6245481371879578,0.5373502969741821,0.58094921708107
840,vit_lejepa,vit_tiny_cifar,attention_rollout,predicted,blocks.3,7,9,9,0.5748052597045898,0.5025051236152649,0.5386551916599274
841,vit_lejepa,vit_tiny_cifar,attention_rollout,predicted,blocks.3,0,4,4,0.7616457939147949,0.21972431242465973,0.4906850531697273
842,vit_lejepa,vit_tiny_cifar,attention_rollout,predicted,blocks.3,7,7,7,0.23873919248580933,0.2056218981742859,0.2221805453300476
843,vit_lejepa,vit_tiny_cifar,attention_rollout,predicted,blocks.3,2,4,4,0.14614689350128174,0.37308478355407715,0.25961583852767944
844,vit_lejepa,vit_tiny_cifar,attention_rollout,predicted,blocks.3,1,9,9,0.21919554471969604,0.22106195986270905,0.22012875229120255
845,vit_lejepa,vit_tiny_cifar,attention_rollout,predicted,blocks.3,3,9,9,0.40615367889404297,0.49561095237731934,0.45088231563568115
846,vit_lejepa,vit_tiny_cifar,attention_rollout,predicted,blocks.3,2,7,7,0.3801319897174835,0.4128497838973999,0.3964908868074417
847,vit_lejepa,vit_tiny_cifar,attention_rollout,predicted,blocks.3,0,5,5,0.5684647560119629,0.5476730465888977,0.5580689013004303
848,vit_lejepa,vit_tiny_cifar,attention_rollout,predicted,blocks.3,2,4,4,0.5781159400939941,0.3126652240753174,0.44539058208465576
849,vit_lejepa,vit_tiny_cifar,attention_rollout,predicted,blocks.3,4,4,4,0.6262258291244507,0.22949565947055817,0.4278607442975044
850,vit_lejepa,vit_tiny_cifar,attention_rollout,predicted,blocks.3,7,9,9,0.4699621796607971,0.5059442520141602,0.48795321583747864
851,vit_lejepa,vit_tiny_cifar,attention_rollout,predicted,blocks.3,9,9,9,0.21024435758590698,0.418451189994812,0.3143477737903595
852,vit_lejepa,vit_tiny_cifar,attention_rollout,predicted,blocks.3,8,8,8,-0.10320108383893967,0.31071019172668457,0.10375455394387245
853,vit_lejepa,vit_tiny_cifar,attention_rollout,predicted,blocks.3,9,1,1,0.3350728154182434,0.42131686210632324,0.3781948387622833
854,vit_lejepa,vit_tiny_cifar,attention_rollout,predicted,blocks.3,0,8,8,0.7473288178443909,0.552053689956665,0.649691253900528
855,vit_lejepa,vit_tiny_cifar,attention_rollout,predicted,blocks.3,7,9,9,0.27047044038772583,0.5679730176925659,0.4192217290401459
856,vit_lejepa,vit_tiny_cifar,attention_rollout,predicted,blocks.3,7,8,8,0.3783183693885803,0.583835244178772,0.48107680678367615
857,vit_lejepa,vit_tiny_cifar,attention_rollout,predicted,blocks.3,0,8,8,0.8577480912208557,0.5755444169044495,0.7166462540626526
858,vit_lejepa,vit_tiny_cifar,attention_rollout,predicted,blocks.3,7,7,7,0.22893236577510834,0.5354037284851074,0.3821680471301079
859,vit_lejepa,vit_tiny_cifar,attention_rollout,predicted,blocks.3,8,8,8,0.23705443739891052,0.4697874188423157,0.3534209281206131
860,vit_lejepa,vit_tiny_cifar,attention_rollout,predicted,blocks.3,4,4,4,0.45611318945884705,0.16093710064888,0.3085251450538635
861,vit_lejepa,vit_tiny_cifar,attention_rollout,predicted,blocks.3,6,6,6,0.3693239986896515,0.1200360506772995,0.2446800246834755
862,vit_lejepa,vit_tiny_cifar,attention_rollout,predicted,blocks.3,3,1,1,0.30342695116996765,0.17991852760314941,0.24167273938655853
863,vit_lejepa,vit_tiny_cifar,attention_rollout,predicted,blocks.3,3,8,8,0.4342736005783081,0.4638700783252716,0.44907183945178986
864,vit_lejepa,vit_tiny_cifar,attention_rollout,predicted,blocks.3,0,8,8,0.3771745264530182,0.32092440128326416,0.3490494638681412
865,vit_lejepa,vit_tiny_cifar,attention_rollout,predicted,blocks.3,1,9,9,0.5084062814712524,0.5239862203598022,0.5161962509155273
866,vit_lejepa,vit_tiny_cifar,attention_rollout,predicted,blocks.3,3,8,8,0.15848079323768616,0.3801976144313812,0.2693392038345337
867,vit_lejepa,vit_tiny_cifar,attention_rollout,predicted,blocks.3,7,8,8,0.6585794687271118,0.5228762626647949,0.5907278656959534
868,vit_lejepa,vit_tiny_cifar,attention_rollout,predicted,blocks.3,0,8,8,0.2684258222579956,0.39640501141548157,0.3324154168367386
869,vit_lejepa,vit_tiny_cifar,attention_rollout,predicted,blocks.3,1,8,8,0.06807725876569748,0.24634835124015808,0.15721280500292778
870,vit_lejepa,vit_tiny_cifar,attention_rollout,predicted,blocks.3,3,7,7,0.5674375295639038,0.47902506589889526,0.5232312977313995
871,vit_lejepa,vit_tiny_cifar,attention_rollout,predicted,blocks.3,1,4,4,0.3142177164554596,0.47104763984680176,0.3926326781511307
872,vit_lejepa,vit_tiny_cifar,attention_rollout,predicted,blocks.3,4,3,3,0.7043431997299194,0.20905578136444092,0.4566994905471802
873,vit_lejepa,vit_tiny_cifar,attention_rollout,predicted,blocks.3,2,8,8,0.48167285323143005,0.4280937910079956,0.45488332211971283
874,vit_lejepa,vit_tiny_cifar,attention_rollout,predicted,blocks.3,3,7,7,0.2971223294734955,0.49612802267074585,0.39662517607212067
875,vit_lejepa,vit_tiny_cifar,attention_rollout,predicted,blocks.3,8,3,3,0.3471969664096832,0.3815986216068268,0.364397794008255
876,vit_lejepa,vit_tiny_cifar,attention_rollout,predicted,blocks.3,4,4,4,0.12354465574026108,0.17422084510326385,0.14888275042176247
877,vit_lejepa,vit_tiny_cifar,attention_rollout,predicted,blocks.3,2,9,9,0.6056346893310547,0.552029550075531,0.5788321197032928
878,vit_lejepa,vit_tiny_cifar,attention_rollout,predicted,blocks.3,3,8,8,0.3979312479496002,0.1460513323545456,0.2719912901520729
879,vit_lejepa,vit_tiny_cifar,attention_rollout,predicted,blocks.3,7,7,7,0.22359788417816162,0.43502017855644226,0.32930903136730194
880,vit_lejepa,vit_tiny_cifar,attention_rollout,predicted,blocks.3,8,8,8,-0.20901843905448914,0.3153202533721924,0.053150907158851624
881,vit_lejepa,vit_tiny_cifar,attention_rollout,predicted,blocks.3,4,8,8,0.4624245762825012,0.6086662411689758,0.5355454087257385
882,vit_lejepa,vit_tiny_cifar,attention_rollout,predicted,blocks.3,3,5,5,0.4498136043548584,0.37198755145072937,0.4109005779027939
883,vit_lejepa,vit_tiny_cifar,attention_rollout,predicted,blocks.3,0,8,8,0.7381516098976135,0.5326091051101685,0.635380357503891
884,vit_lejepa,vit_tiny_cifar,attention_rollout,predicted,blocks.3,9,3,3,0.45474663376808167,0.4862104654312134,0.4704785495996475
885,vit_lejepa,vit_tiny_cifar,attention_rollout,predicted,blocks.3,0,8,8,0.6062601208686829,0.36207884550094604,0.48416948318481445
886,vit_lejepa,vit_tiny_cifar,attention_rollout,predicted,blocks.3,0,8,8,0.61415034532547,0.5625420808792114,0.5883462131023407
887,vit_lejepa,vit_tiny_cifar,attention_rollout,predicted,blocks.3,1,9,9,0.0721052810549736,0.41453418135643005,0.24331973120570183
888,vit_lejepa,vit_tiny_cifar,attention_rollout,predicted,blocks.3,0,8,8,-0.09877268970012665,0.3622143864631653,0.13172084838151932
889,vit_lejepa,vit_tiny_cifar,attention_rollout,predicted,blocks.3,4,4,4,0.4249992072582245,0.31431666016578674,0.3696579337120056
890,vit_lejepa,vit_tiny_cifar,attention_rollout,predicted,blocks.3,4,9,9,0.21614648401737213,0.33555838465690613,0.27585243433713913
891,vit_lejepa,vit_tiny_cifar,attention_rollout,predicted,blocks.3,6,6,6,0.16575637459754944,0.12098477780818939,0.14337057620286942
892,vit_lejepa,vit_tiny_cifar,attention_rollout,predicted,blocks.3,7,8,8,0.3971656262874603,0.5634802579879761,0.4803229421377182
893,vit_lejepa,vit_tiny_cifar,attention_rollout,predicted,blocks.3,6,8,8,0.30551546812057495,0.12431491911411285,0.2149151936173439
894,vit_lejepa,vit_tiny_cifar,attention_rollout,predicted,blocks.3,1,9,9,0.4444487392902374,0.5500086545944214,0.4972286969423294
895,vit_lejepa,vit_tiny_cifar,attention_rollout,predicted,blocks.3,1,1,1,0.3670123219490051,0.4765082597732544,0.42176029086112976
768,vit_lejepa,vit_tiny_cifar,attention_rollout,predicted,blocks.5,5,7,7,0.5780971050262451,0.5522888898849487,0.5651929974555969
769,vit_lejepa,vit_tiny_cifar,attention_rollout,predicted,blocks.5,4,8,8,0.6973614692687988,0.6545192003250122,0.6759403347969055
770,vit_lejepa,vit_tiny_cifar,attention_rollout,predicted,blocks.5,6,1,1,0.44743430614471436,0.2999058663845062,0.3736700862646103
771,vit_lejepa,vit_tiny_cifar,attention_rollout,predicted,blocks.5,1,7,7,0.4017210006713867,0.4049151837825775,0.4033180922269821
772,vit_lejepa,vit_tiny_cifar,attention_rollout,predicted,blocks.5,6,7,7,0.18218225240707397,0.36878708004951477,0.2754846662282944
773,vit_lejepa,vit_tiny_cifar,attention_rollout,predicted,blocks.5,4,7,7,0.5503168702125549,0.23990383744239807,0.3951103538274765
774,vit_lejepa,vit_tiny_cifar,attention_rollout,predicted,blocks.5,0,8,8,0.4389503598213196,0.30856648087501526,0.3737584203481674
775,vit_lejepa,vit_tiny_cifar,attention_rollout,predicted,blocks.5,2,6,6,0.2992194890975952,0.15861639380455017,0.2289179414510727
776,vit_lejepa,vit_tiny_cifar,attention_rollout,predicted,blocks.5,2,7,7,0.2592647969722748,0.4988606870174408,0.3790627419948578
777,vit_lejepa,vit_tiny_cifar,attention_rollout,predicted,blocks.5,6,7,7,0.2948039174079895,0.27557653188705444,0.285190224647522
778,vit_lejepa,vit_tiny_cifar,attention_rollout,predicted,blocks.5,0,4,4,0.24957077205181122,0.1927812099456787,0.22117599099874496
779,vit_lejepa,vit_tiny_cifar,attention_rollout,predicted,blocks.5,5,7,7,0.2851024866104126,0.53397136926651,0.4095369279384613
780,vit_lejepa,vit_tiny_cifar,attention_rollout,predicted,blocks.5,9,9,9,0.44415342807769775,0.5080823302268982,0.476117879152298
781,vit_lejepa,vit_tiny_cifar,attention_rollout,predicted,blocks.5,1,9,9,0.37702837586402893,0.3509500026702881,0.3639891892671585
782,vit_lejepa,vit_tiny_cifar,attention_rollout,predicted,blocks.5,7,7,7,0.0962420180439949,0.4296031892299652,0.26292260363698006
783,vit_lejepa,vit_tiny_cifar,attention_rollout,predicted,blocks.5,6,4,4,0.18665233254432678,0.2064458280801773,0.19654908031225204
784,vit_lejepa,vit_tiny_cifar,attention_rollout,predicted,blocks.5,7,6,6,0.1920527070760727,0.28507617115974426,0.23856443911790848
785,vit_lejepa,vit_tiny_cifar,attention_rollout,predicted,blocks.5,0,8,8,0.7402064204216003,0.32785001397132874,0.5340282171964645
786,vit_lejepa,vit_tiny_cifar,attention_rollout,predicted,blocks.5,3,8,8,0.7992205023765564,0.57955002784729,0.6893852651119232
787,vit_lejepa,vit_tiny_cifar,attention_rollout,predicted,blocks.5,9,9,9,0.44859546422958374,0.2942308783531189,0.3714131712913513
788,vit_lejepa,vit_tiny_cifar,attention_rollout,predicted,blocks.5,6,5,5,0.25796908140182495,0.36053428053855896,0.30925168097019196
789,vit_lejepa,vit_tiny_cifar,attention_rollout,predicted,blocks.5,8,1,1,0.1802436113357544,0.3486892580986023,0.26446643471717834
790,vit_lejepa,vit_tiny_cifar,attention_rollout,predicted,blocks.5,3,5,5,0.5866665840148926,0.4273873269557953,0.5070269554853439
791,vit_lejepa,vit_tiny_cifar,attention_rollout,predicted,blocks.5,0,9,9,0.29618141055107117,0.43181753158569336,0.36399947106838226
792,vit_lejepa,vit_tiny_cifar,attention_rollout,predicted,blocks.5,3,5,5,0.7274195551872253,0.3876549303531647,0.557537242770195
793,vit_lejepa,vit_tiny_cifar,attention_rollout,predicted,blocks.5,4,5,5,0.43083062767982483,0.5867766737937927,0.5088036507368088
794,vit_lejepa,vit_tiny_cifar,attention_rollout,predicted,blocks.5,7,4,4,0.24956557154655457,0.3692517578601837,0.30940866470336914
795,vit_lejepa,vit_tiny_cifar,attention_rollout,predicted,blocks.5,7,8,8,0.6199650764465332,0.47107118368148804,0.5455181300640106
796,vit_lejepa,vit_tiny_cifar,attention_rollout,predicted,blocks.5,1,9,9,0.5919213891029358,0.46792685985565186,0.5299241244792938
797,vit_lejepa,vit_tiny_cifar,attention_rollout,predicted,blocks.5,4,9,9,0.6844159960746765,0.3912753164768219,0.5378456562757492
798,vit_lejepa,vit_tiny_cifar,attention_rollout,predicted,blocks.5,7,7,7,0.4412965178489685,0.405244916677475,0.42327071726322174
799,vit_lejepa,vit_tiny_cifar,attention_rollout,predicted,blocks.5,2,7,7,0.5629726648330688,0.2100786715745926,0.3865256682038307
800,vit_lejepa,vit_tiny_cifar,attention_rollout,predicted,blocks.5,7,9,9,0.333675742149353,0.41729095578193665,0.37548334896564484
801,vit_lejepa,vit_tiny_cifar,attention_rollout,predicted,blocks.5,1,9,9,0.31830447912216187,0.4652393162250519,0.3917718976736069
802,vit_lejepa,vit_tiny_cifar,attention_rollout,predicted,blocks.5,4,0,0,0.8050573468208313,0.4124203026294708,0.6087388247251511
803,vit_lejepa,vit_tiny_cifar,attention_rollout,predicted,blocks.5,7,3,3,0.6388879418373108,0.4303728938102722,0.5346304178237915
804,vit_lejepa,vit_tiny_cifar,attention_rollout,predicted,blocks.5,4,4,4,0.4711683690547943,0.14973807334899902,0.31045322120189667
805,vit_lejepa,vit_tiny_cifar,attention_rollout,predicted,blocks.5,4,4,4,0.7646204829216003,0.2505744397640228,0.5075974613428116
806,vit_lejepa,vit_tiny_cifar,attention_rollout,predicted,blocks.5,8,8,8,0.5359979271888733,0.5483759045600891,0.5421869158744812
807,vit_lejepa,vit_tiny_cifar,attention_rollout,predicted,blocks.5,4,4,4,0.023413177579641342,0.34222790598869324,0.1828205417841673
808,vit_lejepa,vit_tiny_cifar,attention_rollout,predicted,blocks.5,7,8,8,0.8203864097595215,0.49553701281547546,0.6579617112874985
809,vit_lejepa,vit_tiny_cifar,attention_rollout,predicted,blocks.5,7,0,0,0.04419240355491638,0.20374129712581635,0.12396685034036636
810,vit_lejepa,vit_tiny_cifar,attention_rollout,predicted,blocks.5,5,5,5,0.3002723157405853,0.35621780157089233,0.32824505865573883
811,vit_lejepa,vit_tiny_cifar,attention_rollout,predicted,blocks.5,3,5,5,0.5118528008460999,0.5527490973472595,0.5323009490966797
812,vit_lejepa,vit_tiny_cifar,attention_rollout,predicted,blocks.5,7,7,7,0.25034186244010925,0.3775649070739746,0.31395338475704193
813,vit_lejepa,vit_tiny_cifar,attention_rollout,predicted,blocks.5,2,4,4,0.3199578821659088,0.18928149342536926,0.25461968779563904
814,vit_lejepa,vit_tiny_cifar,attention_rollout,predicted,blocks.5,0,9,9,0.3055165410041809,0.42990821599960327,0.3677123785018921
815,vit_lejepa,vit_tiny_cifar,attention_rollout,predicted,blocks.5,8,8,8,0.7140859365463257,0.5453367233276367,0.6297113299369812
816,vit_lejepa,vit_tiny_cifar,attention_rollout,predicted,blocks.5,9,7,7,0.5114328265190125,0.4857158064842224,0.49857431650161743
817,vit_lejepa,vit_tiny_cifar,attention_rollout,predicted,blocks.5,5,4,4,0.4217277467250824,0.18686211109161377,0.3042949289083481
818,vit_lejepa,vit_tiny_cifar,attention_rollout,predicted,blocks.5,8,6,6,0.3584330677986145,0.11242452263832092,0.2354287952184677
819,vit_lejepa,vit_tiny_cifar,attention_rollout,predicted,blocks.5,3,4,4,0.08739873766899109,0.2743698060512543,0.18088427186012268
820,vit_lejepa,vit_tiny_cifar,attention_rollout,predicted,blocks.5,6,9,9,0.3820570707321167,0.33583685755729675,0.3589469641447067
821,vit_lejepa,vit_tiny_cifar,attention_rollout,predicted,blocks.5,2,8,8,0.6248067021369934,0.42356494069099426,0.5241858214139938
822,vit_lejepa,vit_tiny_cifar,attention_rollout,predicted,blocks.5,0,9,9,0.5057756900787354,0.5165199041366577,0.5111477971076965
823,vit_lejepa,vit_tiny_cifar,attention_rollout,predicted,blocks.5,8,8,8,0.08037123084068298,0.27642154693603516,0.17839638888835907
824,vit_lejepa,vit_tiny_cifar,attention_rollout,predicted,blocks.5,7,8,8,0.4324658215045929,0.423432856798172,0.42794933915138245
825,vit_lejepa,vit_tiny_cifar,attention_rollout,predicted,blocks.5,3,6,6,0.49647894501686096,0.30079513788223267,0.3986370414495468
826,vit_lejepa,vit_tiny_cifar,attention_rollout,predicted,blocks.5,7,6,6,0.4781423509120941,0.12557943165302277,0.30186089128255844
827,vit_lejepa,vit_tiny_cifar,attention_rollout,predicted,blocks.5,6,6,6,0.36339330673217773,0.41466379165649414,0.38902854919433594
828,vit_lejepa,vit_tiny_cifar,attention_rollout,predicted,blocks.5,5,4,4,0.802681028842926,0.5796686410903931,0.6911748349666595
829,vit_lejepa,vit_tiny_cifar,attention_rollout,predicted,blocks.5,3,5,5,0.6188832521438599,0.4788331985473633,0.5488582253456116
830,vit_lejepa,vit_tiny_cifar,attention_rollout,predicted,blocks.5,1,1,1,0.1650441437959671,0.209565207362175,0.18730467557907104
831,vit_lejepa,vit_tiny_cifar,attention_rollout,predicted,blocks.5,3,8,8,0.7119805812835693,0.5330339670181274,0.6225072741508484
832,vit_lejepa,vit_tiny_cifar,attention_rollout,predicted,blocks.5,2,8,8,0.8360764980316162,0.4998699128627777,0.667973205447197
833,vit_lejepa,vit_tiny_cifar,attention_rollout,predicted,blocks.5,2,6,6,0.5439576506614685,0.3109675347805023,0.4274625927209854
834,vit_lejepa,vit_tiny_cifar,attention_rollout,predicted,blocks.5,5,7,7,0.15418565273284912,0.298573762178421,0.22637970745563507
835,vit_lejepa,vit_tiny_cifar,attention_rollout,predicted,blocks.5,4,9,9,0.4529975950717926,0.4533136487007141,0.45315562188625336
836,vit_lejepa,vit_tiny_cifar,attention_rollout,predicted,blocks.5,1,8,8,0.35737529397010803,0.439107209444046,0.398241251707077
837,vit_lejepa,vit_tiny_cifar,attention_rollout,predicted,blocks.5,2,1,1,0.3417392671108246,0.3032754957675934,0.322507381439209
838,vit_lejepa,vit_tiny_cifar,attention_rollout,predicted,blocks.5,9,9,9,0.34397152066230774,0.3211680054664612,0.33256976306438446
839,vit_lejepa,vit_tiny_cifar,attention_rollout,predicted,blocks.5,2,8,8,0.7217215895652771,0.5421653389930725,0.6319434642791748
840,vit_lejepa,vit_tiny_cifar,attention_rollout,predicted,blocks.5,7,9,9,0.6632667779922485,0.4709739685058594,0.567120373249054
841,vit_lejepa,vit_tiny_cifar,attention_rollout,predicted,blocks.5,0,4,4,0.7562010288238525,0.19298142194747925,0.4745912253856659
842,vit_lejepa,vit_tiny_cifar,attention_rollout,predicted,blocks.5,7,7,7,0.2941170334815979,0.19273847341537476,0.24342775344848633
843,vit_lejepa,vit_tiny_cifar,attention_rollout,predicted,blocks.5,2,4,4,0.26563650369644165,0.35365694761276245,0.30964672565460205
844,vit_lejepa,vit_tiny_cifar,attention_rollout,predicted,blocks.5,1,9,9,0.2632715106010437,0.21487417817115784,0.23907284438610077
845,vit_lejepa,vit_tiny_cifar,attention_rollout,predicted,blocks.5,3,9,9,0.47547441720962524,0.47930750250816345,0.47739095985889435
846,vit_lejepa,vit_tiny_cifar,attention_rollout,predicted,blocks.5,2,7,7,0.48569291830062866,0.38073959946632385,0.43321625888347626
847,vit_lejepa,vit_tiny_cifar,attention_rollout,predicted,blocks.5,0,5,5,0.5942065715789795,0.5436906218528748,0.5689485967159271
848,vit_lejepa,vit_tiny_cifar,attention_rollout,predicted,blocks.5,2,4,4,0.5799899697303772,0.3161642849445343,0.44807712733745575
849,vit_lejepa,vit_tiny_cifar,attention_rollout,predicted,blocks.5,4,4,4,0.6129852533340454,0.2210370898246765,0.41701117157936096
850,vit_lejepa,vit_tiny_cifar,attention_rollout,predicted,blocks.5,7,9,9,0.5747039318084717,0.49988698959350586,0.5372954607009888
851,vit_lejepa,vit_tiny_cifar,attention_rollout,predicted,blocks.5,9,9,9,0.32426050305366516,0.427986741065979,0.3761236220598221
852,vit_lejepa,vit_tiny_cifar,attention_rollout,predicted,blocks.5,8,8,8,0.00831872969865799,0.3130292594432831,0.16067399457097054
853,vit_lejepa,vit_tiny_cifar,attention_rollout,predicted,blocks.5,9,1,1,0.3583287298679352,0.3996080458164215,0.37896838784217834
854,vit_lejepa,vit_tiny_cifar,attention_rollout,predicted,blocks.5,0,8,8,0.5407146215438843,0.4503069221973419,0.4955107718706131
855,vit_lejepa,vit_tiny_cifar,attention_rollout,predicted,blocks.5,7,9,9,0.41116273403167725,0.5075980424880981,0.4593803882598877
856,vit_lejepa,vit_tiny_cifar,attention_rollout,predicted,blocks.5,7,8,8,0.47283709049224854,0.5798496007919312,0.5263433456420898
857,vit_lejepa,vit_tiny_cifar,attention_rollout,predicted,blocks.5,0,8,8,0.8867374062538147,0.6110169291496277,0.7488771677017212
858,vit_lejepa,vit_tiny_cifar,attention_rollout,predicted,blocks.5,7,7,7,0.34531792998313904,0.5301535725593567,0.43773575127124786
859,vit_lejepa,vit_tiny_cifar,attention_rollout,predicted,blocks.5,8,8,8,0.322908490896225,0.4718509018421173,0.39737969636917114
860,vit_lejepa,vit_tiny_cifar,attention_rollout,predicted,blocks.5,4,4,4,0.45262542366981506,0.1579761803150177,0.3053008019924164
861,vit_lejepa,vit_tiny_cifar,attention_rollout,predicted,blocks.5,6,6,6,0.3727928102016449,0.12679588794708252,0.2497943490743637
862,vit_lejepa,vit_tiny_cifar,attention_rollout,predicted,blocks.5,3,1,1,0.3327488899230957,0.18551002442836761,0.25912945717573166
863,vit_lejepa,vit_tiny_cifar,attention_rollout,predicted,blocks.5,3,8,8,0.5418660640716553,0.4552748501300812,0.4985704571008682
864,vit_lejepa,vit_tiny_cifar,attention_rollout,predicted,blocks.5,0,8,8,0.39039871096611023,0.35316067934036255,0.3717796951532364
865,vit_lejepa,vit_tiny_cifar,attention_rollout,predicted,blocks.5,1,9,9,0.5827162861824036,0.5079892873764038,0.5453527867794037
866,vit_lejepa,vit_tiny_cifar,attention_rollout,predicted,blocks.5,3,8,8,0.2556971311569214,0.3446597456932068,0.3001784384250641
867,vit_lejepa,vit_tiny_cifar,attention_rollout,predicted,blocks.5,7,8,8,0.7342517375946045,0.5068628191947937,0.6205572783946991
868,vit_lejepa,vit_tiny_cifar,attention_rollout,predicted,blocks.5,0,8,8,0.34160953760147095,0.3627626895904541,0.3521861135959625
869,vit_lejepa,vit_tiny_cifar,attention_rollout,predicted,blocks.5,1,8,8,0.17231088876724243,0.25418442487716675,0.2132476568222046
870,vit_lejepa,vit_tiny_cifar,attention_rollout,predicted,blocks.5,3,7,7,0.6662322282791138,0.4849206507205963,0.575576439499855
871,vit_lejepa,vit_tiny_cifar,attention_rollout,predicted,blocks.5,1,4,4,0.3495617210865021,0.46630334854125977,0.4079325348138809
872,vit_lejepa,vit_tiny_cifar,attention_rollout,predicted,blocks.5,4,3,3,0.7161547541618347,0.18574358522891998,0.45094916969537735
873,vit_lejepa,vit_tiny_cifar,attention_rollout,predicted,blocks.5,2,8,8,0.5593855381011963,0.44731834530830383,0.5033519417047501
874,vit_lejepa,vit_tiny_cifar,attention_rollout,predicted,blocks.5,3,7,7,0.39657512307167053,0.5009514689445496,0.44876329600811005
875,vit_lejepa,vit_tiny_cifar,attention_rollout,predicted,blocks.5,8,3,3,0.42224395275115967,0.3620961010456085,0.3921700268983841
876,vit_lejepa,vit_tiny_cifar,attention_rollout,predicted,blocks.5,4,4,4,0.11925595253705978,0.17713360488414764,0.14819477871060371
877,vit_lejepa,vit_tiny_cifar,attention_rollout,predicted,blocks.5,2,9,9,0.6862179040908813,0.4393497407436371,0.5627838224172592
878,vit_lejepa,vit_tiny_cifar,attention_rollout,predicted,blocks.5,3,8,8,0.40197262167930603,0.14994652569293976,0.2759595736861229
879,vit_lejepa,vit_tiny_cifar,attention_rollout,predicted,blocks.5,7,7,7,0.349911630153656,0.4158766269683838,0.3828941285610199
880,vit_lejepa,vit_tiny_cifar,attention_rollout,predicted,blocks.5,8,8,8,-0.13499446213245392,0.2919396162033081,0.0784725770354271
881,vit_lejepa,vit_tiny_cifar,attention_rollout,predicted,blocks.5,4,8,8,0.5493695735931396,0.5839844346046448,0.5666770040988922
882,vit_lejepa,vit_tiny_cifar,attention_rollout,predicted,blocks.5,3,5,5,0.5168563723564148,0.3587435483932495,0.43779996037483215
883,vit_lejepa,vit_tiny_cifar,attention_rollout,predicted,blocks.5,0,8,8,0.7819849848747253,0.5384522080421448,0.6602185964584351
884,vit_lejepa,vit_tiny_cifar,attention_rollout,predicted,blocks.5,9,3,3,0.5402640700340271,0.43709471821784973,0.4886793941259384
885,vit_lejepa,vit_tiny_cifar,attention_rollout,predicted,blocks.5,0,8,8,0.6752039194107056,0.39664727449417114,0.5359255969524384
886,vit_lejepa,vit_tiny_cifar,attention_rollout,predicted,blocks.5,0,8,8,0.6949729919433594,0.5949154496192932,0.6449442207813263
887,vit_lejepa,vit_tiny_cifar,attention_rollout,predicted,blocks.5,1,9,9,0.1851414442062378,0.4101647436618805,0.29765309393405914
888,vit_lejepa,vit_tiny_cifar,attention_rollout,predicted,blocks.5,0,8,8,-0.0022136985789984465,0.3514263331890106,0.1746063173050061
889,vit_lejepa,vit_tiny_cifar,attention_rollout,predicted,blocks.5,4,4,4,0.4305233359336853,0.30373328924179077,0.36712831258773804
890,vit_lejepa,vit_tiny_cifar,attention_rollout,predicted,blocks.5,4,9,9,0.24556908011436462,0.2986612617969513,0.27211517095565796
891,vit_lejepa,vit_tiny_cifar,attention_rollout,predicted,blocks.5,6,6,6,0.17276205122470856,0.1306818723678589,0.15172196179628372
892,vit_lejepa,vit_tiny_cifar,attention_rollout,predicted,blocks.5,7,8,8,0.5275302529335022,0.6069498062133789,0.5672400295734406
893,vit_lejepa,vit_tiny_cifar,attention_rollout,predicted,blocks.5,6,8,8,0.29542461037635803,0.12673839926719666,0.21108150482177734
894,vit_lejepa,vit_tiny_cifar,attention_rollout,predicted,blocks.5,1,9,9,0.5446857810020447,0.5561520457267761,0.5504189133644104
895,vit_lejepa,vit_tiny_cifar,attention_rollout,predicted,blocks.5,1,1,1,0.4458549916744232,0.4865626096725464,0.4662088006734848
896,vit_lejepa,vit_tiny_cifar,attention_rollout,predicted,blocks.1,3,9,9,-0.2527208924293518,0.34462618827819824,0.04595264792442322
897,vit_lejepa,vit_tiny_cifar,attention_rollout,predicted,blocks.1,7,9,9,-0.2338874191045761,0.2576923072338104,0.011902444064617157
898,vit_lejepa,vit_tiny_cifar,attention_rollout,predicted,blocks.1,3,7,7,0.3087180554866791,0.3191029727458954,0.31391051411628723
899,vit_lejepa,vit_tiny_cifar,attention_rollout,predicted,blocks.1,5,9,9,-0.34703323245048523,0.34966570138931274,0.0013162344694137573
900,vit_lejepa,vit_tiny_cifar,attention_rollout,predicted,blocks.1,2,4,4,0.16861188411712646,0.15045121312141418,0.15953154861927032
901,vit_lejepa,vit_tiny_cifar,attention_rollout,predicted,blocks.1,6,4,4,0.37011975049972534,0.18713617324829102,0.2786279618740082
902,vit_lejepa,vit_tiny_cifar,attention_rollout,predicted,blocks.1,6,1,1,0.23058365285396576,0.23973877727985382,0.2351612150669098
903,vit_lejepa,vit_tiny_cifar,attention_rollout,predicted,blocks.1,5,9,9,-0.16404013335704803,0.3735889196395874,0.10477439314126968
904,vit_lejepa,vit_tiny_cifar,attention_rollout,predicted,blocks.1,8,8,8,0.30981266498565674,0.4664013683795929,0.3881070166826248
905,vit_lejepa,vit_tiny_cifar,attention_rollout,predicted,blocks.1,7,0,0,0.2711305618286133,0.3800300359725952,0.32558029890060425
906,vit_lejepa,vit_tiny_cifar,attention_rollout,predicted,blocks.1,1,1,1,-0.1850484013557434,0.3789551854133606,0.0969533920288086
907,vit_lejepa,vit_tiny_cifar,attention_rollout,predicted,blocks.1,6,4,4,0.4984724223613739,0.5242601037025452,0.5113662630319595
908,vit_lejepa,vit_tiny_cifar,attention_rollout,predicted,blocks.1,8,4,4,0.1678009331226349,0.3808862268924713,0.2743435800075531
909,vit_lejepa,vit_tiny_cifar,attention_rollout,predicted,blocks.1,8,9,9,-0.10966436564922333,0.2987455725669861,0.09454060345888138
910,vit_lejepa,vit_tiny_cifar,attention_rollout,predicted,blocks.1,5,3,3,0.0062091355212032795,0.2773561477661133,0.14178264164365828
911,vit_lejepa,vit_tiny_cifar,attention_rollout,predicted,blocks.1,3,9,9,-0.2788906693458557,0.33554166555404663,0.02832549810409546
912,vit_lejepa,vit_tiny_cifar,attention_rollout,predicted,blocks.1,0,3,3,-0.22947891056537628,0.3206906020641327,0.045605845749378204
913,vit_lejepa,vit_tiny_cifar,attention_rollout,predicted,blocks.1,4,8,8,-0.05980436131358147,0.46728768944740295,0.20374166406691074
914,vit_lejepa,vit_tiny_cifar,attention_rollout,predicted,blocks.1,0,6,6,0.49853160977363586,0.31773683428764343,0.40813422203063965
915,vit_lejepa,vit_tiny_cifar,attention_rollout,predicted,blocks.1,1,8,8,-0.19095222651958466,0.39235955476760864,0.100703664124012
916,vit_lejepa,vit_tiny_cifar,attention_rollout,predicted,blocks.1,3,7,7,-0.32716089487075806,0.38005056977272034,0.02644483745098114
917,vit_lejepa,vit_tiny_cifar,attention_rollout,predicted,blocks.1,8,0,0,-0.26747193932533264,0.3693011701107025,0.050914615392684937
918,vit_lejepa,vit_tiny_cifar,attention_rollout,predicted,blocks.1,8,8,8,-0.21976691484451294,0.4268219769001007,0.10352753102779388
919,vit_lejepa,vit_tiny_cifar,attention_rollout,predicted,blocks.1,0,0,0,0.16018640995025635,0.32840290665626526,0.2442946583032608
920,vit_lejepa,vit_tiny_cifar,attention_rollout,predicted,blocks.1,6,3,3,0.21726094186306,0.3780948221683502,0.2976778820157051
921,vit_lejepa,vit_tiny_cifar,attention_rollout,predicted,blocks.1,9,9,9,-0.10849852114915848,0.32868388295173645,0.11009268090128899
922,vit_lejepa,vit_tiny_cifar,attention_rollout,predicted,blocks.1,9,7,7,-0.23958055675029755,0.27221477031707764,0.016317106783390045
923,vit_lejepa,vit_tiny_cifar,attention_rollout,predicted,blocks.1,9,5,5,-0.33180350065231323,0.422664612531662,0.04543055593967438
924,vit_lejepa,vit_tiny_cifar,attention_rollout,predicted,blocks.1,5,9,9,0.41025492548942566,0.2058444619178772,0.30804969370365143
925,vit_lejepa,vit_tiny_cifar,attention_rollout,predicted,blocks.1,5,9,9,-0.30064061284065247,0.2430463582277298,-0.028797127306461334
926,vit_lejepa,vit_tiny_cifar,attention_rollout,predicted,blocks.1,8,8,8,-0.18278096616268158,0.36952459812164307,0.09337181597948074
927,vit_lejepa,vit_tiny_cifar,attention_rollout,predicted,blocks.1,6,5,5,0.0024830747861415148,0.3654867708683014,0.18398492282722145
928,vit_lejepa,vit_tiny_cifar,attention_rollout,predicted,blocks.1,0,5,5,0.22545936703681946,0.39503639936447144,0.31024788320064545
929,vit_lejepa,vit_tiny_cifar,attention_rollout,predicted,blocks.1,0,8,8,-0.1221199780702591,0.3436528444290161,0.11076643317937851
930,vit_lejepa,vit_tiny_cifar,attention_rollout,predicted,blocks.1,4,4,4,0.2073831558227539,0.421479195356369,0.31443117558956146
931,vit_lejepa,vit_tiny_cifar,attention_rollout,predicted,blocks.1,2,4,4,-0.23730908334255219,0.33184704184532166,0.047268979251384735
932,vit_lejepa,vit_tiny_cifar,attention_rollout,predicted,blocks.1,3,1,1,0.004560660105198622,0.20245128870010376,0.10350597440265119
933,vit_lejepa,vit_tiny_cifar,attention_rollout,predicted,blocks.1,2,3,3,-0.25830599665641785,0.4318249225616455,0.08675946295261383
934,vit_lejepa,vit_tiny_cifar,attention_rollout,predicted,blocks.1,7,7,7,-0.29237881302833557,0.35086917877197266,0.029245182871818542
935,vit_lejepa,vit_tiny_cifar,attention_rollout,predicted,blocks.1,2,8,8,0.3198610246181488,0.3719736337661743,0.34591732919216156
936,vit_lejepa,vit_tiny_cifar,attention_rollout,predicted,blocks.1,2,8,8,-0.2919052839279175,0.29037344455718994,-0.0007659196853637695
937,vit_lejepa,vit_tiny_cifar,attention_rollout,predicted,blocks.1,5,5,5,0.05465425178408623,0.35656410455703735,0.2056091781705618
938,vit_lejepa,vit_tiny_cifar,attention_rollout,predicted,blocks.1,9,4,4,0.11217169463634491,0.4184127151966095,0.2652922049164772
939,vit_lejepa,vit_tiny_cifar,attention_rollout,predicted,blocks.1,8,8,8,-0.043594371527433395,0.37853559851646423,0.16747061349451542
940,vit_lejepa,vit_tiny_cifar,attention_rollout,predicted,blocks.1,9,7,7,-0.1680191159248352,0.26336535811424255,0.047673121094703674
941,vit_lejepa,vit_tiny_cifar,attention_rollout,predicted,blocks.1,1,9,9,-0.08134979754686356,0.2882659435272217,0.10345807299017906
942,vit_lejepa,vit_tiny_cifar,attention_rollout,predicted,blocks.1,7,7,7,-0.13035845756530762,0.40297895669937134,0.13631024956703186
943,vit_lejepa,vit_tiny_cifar,attention_rollout,predicted,blocks.1,4,6,6,-0.05270441249012947,0.17190596461296082,0.05960077606141567
944,vit_lejepa,vit_tiny_cifar,attention_rollout,predicted,blocks.1,0,9,9,0.549226701259613,0.24832959473133087,0.39877814799547195
945,vit_lejepa,vit_tiny_cifar,attention_rollout,predicted,blocks.1,3,5,5,-0.3033437430858612,0.31622573733329773,0.006440997123718262
946,vit_lejepa,vit_tiny_cifar,attention_rollout,predicted,blocks.1,0,1,1,-0.07551678270101547,0.3275459110736847,0.1260145641863346
947,vit_lejepa,vit_tiny_cifar,attention_rollout,predicted,blocks.1,1,1,1,-0.2891339063644409,0.20387759804725647,-0.042628154158592224
948,vit_lejepa,vit_tiny_cifar,attention_rollout,predicted,blocks.1,3,9,9,-0.10955771058797836,0.4464600682258606,0.16845117881894112
949,vit_lejepa,vit_tiny_cifar,attention_rollout,predicted,blocks.1,8,9,9,-0.09992726892232895,0.2573220133781433,0.07869737222790718
950,vit_lejepa,vit_tiny_cifar,attention_rollout,predicted,blocks.1,3,0,0,-3.524592466419563e-05,0.19747060537338257,0.09871767972435919
951,vit_lejepa,vit_tiny_cifar,attention_rollout,predicted,blocks.1,9,3,3,-0.3051527142524719,0.4751374125480652,0.08499234914779663
952,vit_lejepa,vit_tiny_cifar,attention_rollout,predicted,blocks.1,6,7,7,0.43168559670448303,0.37454846501350403,0.40311703085899353
953,vit_lejepa,vit_tiny_cifar,attention_rollout,predicted,blocks.1,1,9,9,-0.2689613997936249,0.38383176922798157,0.057435184717178345
954,vit_lejepa,vit_tiny_cifar,attention_rollout,predicted,blocks.1,4,4,4,-0.010097380727529526,0.3062802255153656,0.14809142239391804
955,vit_lejepa,vit_tiny_cifar,attention_rollout,predicted,blocks.1,7,7,7,0.06938372552394867,0.34933072328567505,0.20935722440481186
956,vit_lejepa,vit_tiny_cifar,attention_rollout,predicted,blocks.1,0,9,9,0.00071290711639449,0.2513450086116791,0.12602895786403678
957,vit_lejepa,vit_tiny_cifar,attention_rollout,predicted,blocks.1,3,9,9,0.19191361963748932,0.23572979867458344,0.21382170915603638
958,vit_lejepa,vit_tiny_cifar,attention_rollout,predicted,blocks.1,7,7,7,-0.25614097714424133,0.3175261318683624,0.030692577362060547
959,vit_lejepa,vit_tiny_cifar,attention_rollout,predicted,blocks.1,8,8,8,-0.26809361577033997,0.3828659951686859,0.057386189699172974
960,vit_lejepa,vit_tiny_cifar,attention_rollout,predicted,blocks.1,9,7,7,0.11538355052471161,0.3108905553817749,0.21313705295324326
961,vit_lejepa,vit_tiny_cifar,attention_rollout,predicted,blocks.1,1,8,8,-0.1929153949022293,0.3570273518562317,0.08205597847700119
962,vit_lejepa,vit_tiny_cifar,attention_rollout,predicted,blocks.1,1,9,9,0.21338897943496704,0.4170372188091278,0.3152130991220474
963,vit_lejepa,vit_tiny_cifar,attention_rollout,predicted,blocks.1,6,7,7,0.06857138872146606,0.30043449997901917,0.18450294435024261
964,vit_lejepa,vit_tiny_cifar,attention_rollout,predicted,blocks.1,6,3,3,0.13376761972904205,0.45168742537498474,0.2927275225520134
965,vit_lejepa,vit_tiny_cifar,attention_rollout,predicted,blocks.1,6,4,4,-0.014959033578634262,0.1456727385520935,0.06535685248672962
966,vit_lejepa,vit_tiny_cifar,attention_rollout,predicted,blocks.1,6,9,9,-0.1530468910932541,0.43977591395378113,0.14336451143026352
967,vit_lejepa,vit_tiny_cifar,attention_rollout,predicted,blocks.1,9,9,9,-0.1579127162694931,0.3343282639980316,0.08820777386426926
968,vit_lejepa,vit_tiny_cifar,attention_rollout,predicted,blocks.1,1,9,9,-0.055012062191963196,0.38215500116348267,0.16357146948575974
969,vit_lejepa,vit_tiny_cifar,attention_rollout,predicted,blocks.1,9,9,9,-0.07521891593933105,0.4081941843032837,0.16648763418197632
970,vit_lejepa,vit_tiny_cifar,attention_rollout,predicted,blocks.1,9,9,9,0.01783577725291252,0.34886643290519714,0.18335110507905483
971,vit_lejepa,vit_tiny_cifar,attention_rollout,predicted,blocks.1,4,6,6,0.3199369013309479,0.15747526288032532,0.2387060821056366
972,vit_lejepa,vit_tiny_cifar,attention_rollout,predicted,blocks.1,2,7,7,-0.2743107080459595,0.3302336633205414,0.027961477637290955
973,vit_lejepa,vit_tiny_cifar,attention_rollout,predicted,blocks.1,1,1,1,-0.09805195778608322,0.08371809124946594,-0.0071669332683086395
974,vit_lejepa,vit_tiny_cifar,attention_rollout,predicted,blocks.1,7,7,7,-0.17070932686328888,0.43719571828842163,0.13324319571256638
975,vit_lejepa,vit_tiny_cifar,attention_rollout,predicted,blocks.1,0,8,8,-0.13287723064422607,0.17659927904605865,0.02186102420091629
976,vit_lejepa,vit_tiny_cifar,attention_rollout,predicted,blocks.1,6,4,4,0.059020739048719406,0.2081843763589859,0.13360255770385265
977,vit_lejepa,vit_tiny_cifar,attention_rollout,predicted,blocks.1,8,8,8,-0.15791957080364227,0.18403907120227814,0.013059750199317932
978,vit_lejepa,vit_tiny_cifar,attention_rollout,predicted,blocks.1,1,4,4,0.003090130863711238,0.09722702950239182,0.05015858018305153
979,vit_lejepa,vit_tiny_cifar,attention_rollout,predicted,blocks.1,9,7,7,-0.11816634237766266,0.2650730609893799,0.07345335930585861
980,vit_lejepa,vit_tiny_cifar,attention_rollout,predicted,blocks.1,2,6,6,0.42630788683891296,0.14319667220115662,0.2847522795200348
981,vit_lejepa,vit_tiny_cifar,attention_rollout,predicted,blocks.1,9,8,8,0.044770486652851105,0.4193059802055359,0.2320382334291935
982,vit_lejepa,vit_tiny_cifar,attention_rollout,predicted,blocks.1,0,4,4,0.016044775024056435,0.2785388231277466,0.1472917990759015
983,vit_lejepa,vit_tiny_cifar,attention_rollout,predicted,blocks.1,4,1,1,0.4048106074333191,0.2677866220474243,0.3362986147403717
984,vit_lejepa,vit_tiny_cifar,attention_rollout,predicted,blocks.1,7,7,7,-0.15923435986042023,0.22711847722530365,0.03394205868244171
985,vit_lejepa,vit_tiny_cifar,attention_rollout,predicted,blocks.1,8,8,8,-0.06285229325294495,0.4153707027435303,0.17625920474529266
986,vit_lejepa,vit_tiny_cifar,attention_rollout,predicted,blocks.1,3,8,8,-0.19561700522899628,0.22573333978652954,0.015058167278766632
987,vit_lejepa,vit_tiny_cifar,attention_rollout,predicted,blocks.1,1,9,9,-0.11077292263507843,0.35256534814834595,0.12089621275663376
988,vit_lejepa,vit_tiny_cifar,attention_rollout,predicted,blocks.1,2,5,5,-0.38038700819015503,0.1877724677324295,-0.09630727022886276
989,vit_lejepa,vit_tiny_cifar,attention_rollout,predicted,blocks.1,0,8,8,0.4551798105239868,0.4311617612838745,0.44317078590393066
990,vit_lejepa,vit_tiny_cifar,attention_rollout,predicted,blocks.1,1,6,6,0.09430468827486038,0.11160709708929062,0.1029558926820755
991,vit_lejepa,vit_tiny_cifar,attention_rollout,predicted,blocks.1,5,4,4,0.1539585292339325,0.19628551602363586,0.17512202262878418
992,vit_lejepa,vit_tiny_cifar,attention_rollout,predicted,blocks.1,8,9,9,-0.3872720003128052,0.29236099123954773,-0.04745550453662872
993,vit_lejepa,vit_tiny_cifar,attention_rollout,predicted,blocks.1,4,5,5,-0.13594657182693481,0.47412222623825073,0.16908782720565796
994,vit_lejepa,vit_tiny_cifar,attention_rollout,predicted,blocks.1,6,9,9,-0.3040733337402344,0.4303150773048401,0.06312087178230286
995,vit_lejepa,vit_tiny_cifar,attention_rollout,predicted,blocks.1,3,7,7,-0.1333153396844864,0.2351481169462204,0.050916388630867004
996,vit_lejepa,vit_tiny_cifar,attention_rollout,predicted,blocks.1,8,8,8,0.07339742034673691,0.45847436785697937,0.26593589410185814
997,vit_lejepa,vit_tiny_cifar,attention_rollout,predicted,blocks.1,1,9,9,-0.1945182979106903,0.4581964313983917,0.1318390667438507
998,vit_lejepa,vit_tiny_cifar,attention_rollout,predicted,blocks.1,3,7,7,-0.030234118923544884,0.3688843846321106,0.16932513285428286
999,vit_lejepa,vit_tiny_cifar,attention_rollout,predicted,blocks.1,8,8,8,-0.30070072412490845,0.2830551862716675,-0.008822768926620483
896,vit_lejepa,vit_tiny_cifar,attention_rollout,predicted,blocks.3,3,9,9,0.19850565493106842,0.37723687291145325,0.28787126392126083
897,vit_lejepa,vit_tiny_cifar,attention_rollout,predicted,blocks.3,7,9,9,0.05038006976246834,0.36625054478645325,0.2083153072744608
898,vit_lejepa,vit_tiny_cifar,attention_rollout,predicted,blocks.3,3,7,7,0.6214366555213928,0.4133502244949341,0.5173934400081635
899,vit_lejepa,vit_tiny_cifar,attention_rollout,predicted,blocks.3,5,9,9,0.32852065563201904,0.44419682025909424,0.38635873794555664
900,vit_lejepa,vit_tiny_cifar,attention_rollout,predicted,blocks.3,2,4,4,0.3383837938308716,0.17669391632080078,0.2575388550758362
901,vit_lejepa,vit_tiny_cifar,attention_rollout,predicted,blocks.3,6,4,4,0.4943636357784271,0.21422156691551208,0.3542926013469696
902,vit_lejepa,vit_tiny_cifar,attention_rollout,predicted,blocks.3,6,1,1,0.3546004593372345,0.2098960131406784,0.28224823623895645
903,vit_lejepa,vit_tiny_cifar,attention_rollout,predicted,blocks.3,5,9,9,0.5107150673866272,0.6147842407226562,0.5627496540546417
904,vit_lejepa,vit_tiny_cifar,attention_rollout,predicted,blocks.3,8,8,8,0.7057731747627258,0.44723060727119446,0.5765018910169601
905,vit_lejepa,vit_tiny_cifar,attention_rollout,predicted,blocks.3,7,0,0,0.8310904502868652,0.620898962020874,0.7259947061538696
906,vit_lejepa,vit_tiny_cifar,attention_rollout,predicted,blocks.3,1,1,1,0.354472815990448,0.4156917929649353,0.38508230447769165
907,vit_lejepa,vit_tiny_cifar,attention_rollout,predicted,blocks.3,6,4,4,0.6216385960578918,0.4320153295993805,0.5268269628286362
908,vit_lejepa,vit_tiny_cifar,attention_rollout,predicted,blocks.3,8,4,4,0.6317424178123474,0.654011607170105,0.6428770124912262
909,vit_lejepa,vit_tiny_cifar,attention_rollout,predicted,blocks.3,8,9,9,0.27666163444519043,0.3327115476131439,0.3046865910291672
910,vit_lejepa,vit_tiny_cifar,attention_rollout,predicted,blocks.3,5,3,3,0.4008883237838745,0.4322677254676819,0.4165780246257782
911,vit_lejepa,vit_tiny_cifar,attention_rollout,predicted,blocks.3,3,9,9,0.13006803393363953,0.3748597502708435,0.2524638921022415
912,vit_lejepa,vit_tiny_cifar,attention_rollout,predicted,blocks.3,0,3,3,0.4032878577709198,0.5283146500587463,0.46580125391483307
913,vit_lejepa,vit_tiny_cifar,attention_rollout,predicted,blocks.3,4,8,8,0.7195649743080139,0.5282147526741028,0.6238898634910583
914,vit_lejepa,vit_tiny_cifar,attention_rollout,predicted,blocks.3,0,6,6,0.6503434181213379,0.3398931324481964,0.49511827528476715
915,vit_lejepa,vit_tiny_cifar,attention_rollout,predicted,blocks.3,1,8,8,0.2256656438112259,0.434827983379364,0.33024681359529495
916,vit_lejepa,vit_tiny_cifar,attention_rollout,predicted,blocks.3,3,7,7,0.02495758794248104,0.46180999279022217,0.2433837903663516
917,vit_lejepa,vit_tiny_cifar,attention_rollout,predicted,blocks.3,8,0,0,0.15138408541679382,0.46697109937667847,0.30917759239673615
918,vit_lejepa,vit_tiny_cifar,attention_rollout,predicted,blocks.3,8,8,8,0.468222975730896,0.4759014844894409,0.47206223011016846
919,vit_lejepa,vit_tiny_cifar,attention_rollout,predicted,blocks.3,0,0,0,0.7387546300888062,0.44142356514930725,0.5900890976190567
920,vit_lejepa,vit_tiny_cifar,attention_rollout,predicted,blocks.3,6,3,3,0.7321387529373169,0.548876941204071,0.640507847070694
921,vit_lejepa,vit_tiny_cifar,attention_rollout,predicted,blocks.3,9,9,9,0.31448161602020264,0.3284017741680145,0.3214416950941086
922,vit_lejepa,vit_tiny_cifar,attention_rollout,predicted,blocks.3,9,7,7,0.32375413179397583,0.4401353597640991,0.3819447457790375
923,vit_lejepa,vit_tiny_cifar,attention_rollout,predicted,blocks.3,9,5,5,0.32948654890060425,0.5489857196807861,0.4392361342906952
924,vit_lejepa,vit_tiny_cifar,attention_rollout,predicted,blocks.3,5,9,9,0.5805618166923523,0.25441452860832214,0.4174881726503372
925,vit_lejepa,vit_tiny_cifar,attention_rollout,predicted,blocks.3,5,9,9,0.07140028476715088,0.3506793677806854,0.21103982627391815
926,vit_lejepa,vit_tiny_cifar,attention_rollout,predicted,blocks.3,8,8,8,0.28030508756637573,0.4658386707305908,0.3730718791484833
927,vit_lejepa,vit_tiny_cifar,attention_rollout,predicted,blocks.3,6,5,5,0.4414423406124115,0.4415063261985779,0.4414743334054947
928,vit_lejepa,vit_tiny_cifar,attention_rollout,predicted,blocks.3,0,5,5,0.5699629783630371,0.4213891923427582,0.49567608535289764
929,vit_lejepa,vit_tiny_cifar,attention_rollout,predicted,blocks.3,0,8,8,0.5833868384361267,0.4457491636276245,0.5145680010318756
930,vit_lejepa,vit_tiny_cifar,attention_rollout,predicted,blocks.3,4,4,4,0.5478904843330383,0.49201107025146484,0.5199507772922516
931,vit_lejepa,vit_tiny_cifar,attention_rollout,predicted,blocks.3,2,4,4,0.16105031967163086,0.36058303713798523,0.26081667840480804
932,vit_lejepa,vit_tiny_cifar,attention_rollout,predicted,blocks.3,3,1,1,0.17226092517375946,0.21077869832515717,0.1915198117494583
933,vit_lejepa,vit_tiny_cifar,attention_rollout,predicted,blocks.3,2,3,3,0.3939003646373749,0.5656731724739075,0.4797867685556412
934,vit_lejepa,vit_tiny_cifar,attention_rollout,predicted,blocks.3,7,7,7,0.2653578817844391,0.4692002832889557,0.3672790825366974
935,vit_lejepa,vit_tiny_cifar,attention_rollout,predicted,blocks.3,2,8,8,0.6978145241737366,0.46128541231155396,0.5795499682426453
936,vit_lejepa,vit_tiny_cifar,attention_rollout,predicted,blocks.3,2,8,8,0.12124389410018921,0.2710380256175995,0.19614095985889435
937,vit_lejepa,vit_tiny_cifar,attention_rollout,predicted,blocks.3,5,5,5,0.6522971987724304,0.49865448474884033,0.5754758417606354
938,vit_lejepa,vit_tiny_cifar,attention_rollout,predicted,blocks.3,9,4,4,0.5600063800811768,0.4664875566959381,0.5132469683885574
939,vit_lejepa,vit_tiny_cifar,attention_rollout,predicted,blocks.3,8,8,8,0.5925403237342834,0.48912033438682556,0.5408303290605545
940,vit_lejepa,vit_tiny_cifar,attention_rollout,predicted,blocks.3,9,7,7,0.11990021169185638,0.4146687090396881,0.26728446036577225
941,vit_lejepa,vit_tiny_cifar,attention_rollout,predicted,blocks.3,1,9,9,0.159488245844841,0.3666965365409851,0.26309239119291306
942,vit_lejepa,vit_tiny_cifar,attention_rollout,predicted,blocks.3,7,7,7,0.23639751970767975,0.4938473701477051,0.3651224449276924
943,vit_lejepa,vit_tiny_cifar,attention_rollout,predicted,blocks.3,4,6,6,0.07696356624364853,0.18870018422603607,0.1328318752348423
944,vit_lejepa,vit_tiny_cifar,attention_rollout,predicted,blocks.3,0,9,9,0.6467241048812866,0.35816752910614014,0.5024458169937134
945,vit_lejepa,vit_tiny_cifar,attention_rollout,predicted,blocks.3,3,5,5,0.17028535902500153,0.2985137104988098,0.23439953476190567
946,vit_lejepa,vit_tiny_cifar,attention_rollout,predicted,blocks.3,0,1,1,0.6922368407249451,0.6069609522819519,0.6495988965034485
947,vit_lejepa,vit_tiny_cifar,attention_rollout,predicted,blocks.3,1,1,1,0.1380966156721115,0.26944300532341003,0.20376981049776077
948,vit_lejepa,vit_tiny_cifar,attention_rollout,predicted,blocks.3,3,9,9,0.3664971888065338,0.5450547337532043,0.4557759612798691
949,vit_lejepa,vit_tiny_cifar,attention_rollout,predicted,blocks.3,8,9,9,0.18438613414764404,0.2851804792881012,0.23478330671787262
950,vit_lejepa,vit_tiny_cifar,attention_rollout,predicted,blocks.3,3,0,0,0.4824259281158447,0.43585512042045593,0.45914052426815033
951,vit_lejepa,vit_tiny_cifar,attention_rollout,predicted,blocks.3,9,3,3,0.5329228639602661,0.600372314453125,0.5666475892066956
952,vit_lejepa,vit_tiny_cifar,attention_rollout,predicted,blocks.3,6,7,7,0.624178409576416,0.4003369212150574,0.5122576653957367
953,vit_lejepa,vit_tiny_cifar,attention_rollout,predicted,blocks.3,1,9,9,0.29089856147766113,0.5041755437850952,0.3975370526313782
954,vit_lejepa,vit_tiny_cifar,attention_rollout,predicted,blocks.3,4,4,4,0.30325210094451904,0.3721185028553009,0.33768530189991
955,vit_lejepa,vit_tiny_cifar,attention_rollout,predicted,blocks.3,7,7,7,0.5352736115455627,0.46259981393814087,0.4989367127418518
956,vit_lejepa,vit_tiny_cifar,attention_rollout,predicted,blocks.3,0,9,9,0.5011369585990906,0.4114391803741455,0.45628806948661804
957,vit_lejepa,vit_tiny_cifar,attention_rollout,predicted,blocks.3,3,9,9,0.3409428596496582,0.2529120147228241,0.29692743718624115
958,vit_lejepa,vit_tiny_cifar,attention_rollout,predicted,blocks.3,7,7,7,0.10651497542858124,0.38515591621398926,0.24583544582128525
959,vit_lejepa,vit_tiny_cifar,attention_rollout,predicted,blocks.3,8,8,8,0.24853233993053436,0.426616370677948,0.3375743553042412
960,vit_lejepa,vit_tiny_cifar,attention_rollout,predicted,blocks.3,9,7,7,0.5204499959945679,0.422760933637619,0.47160546481609344
961,vit_lejepa,vit_tiny_cifar,attention_rollout,predicted,blocks.3,1,8,8,0.27420055866241455,0.3643995225429535,0.319300040602684
962,vit_lejepa,vit_tiny_cifar,attention_rollout,predicted,blocks.3,1,9,9,0.5477793216705322,0.5282125473022461,0.5379959344863892
963,vit_lejepa,vit_tiny_cifar,attention_rollout,predicted,blocks.3,6,7,7,0.2672501802444458,0.2918376624584198,0.2795439213514328
964,vit_lejepa,vit_tiny_cifar,attention_rollout,predicted,blocks.3,6,3,3,0.7112157344818115,0.616183340549469,0.6636995375156403
965,vit_lejepa,vit_tiny_cifar,attention_rollout,predicted,blocks.3,6,4,4,0.24981504678726196,0.25202929973602295,0.25092217326164246
966,vit_lejepa,vit_tiny_cifar,attention_rollout,predicted,blocks.3,6,9,9,0.47331902384757996,0.5585832595825195,0.5159511417150497
967,vit_lejepa,vit_tiny_cifar,attention_rollout,predicted,blocks.3,9,9,9,0.35474756360054016,0.5221019387245178,0.438424751162529
968,vit_lejepa,vit_tiny_cifar,attention_rollout,predicted,blocks.3,1,9,9,0.3370370864868164,0.4286399483680725,0.38283851742744446
969,vit_lejepa,vit_tiny_cifar,attention_rollout,predicted,blocks.3,9,9,9,0.5296201109886169,0.5658963918685913,0.5477582514286041
970,vit_lejepa,vit_tiny_cifar,attention_rollout,predicted,blocks.3,9,9,9,0.25676387548446655,0.4320491552352905,0.34440651535987854
971,vit_lejepa,vit_tiny_cifar,attention_rollout,predicted,blocks.3,4,6,6,0.3657429814338684,0.19601032137870789,0.28087665140628815
972,vit_lejepa,vit_tiny_cifar,attention_rollout,predicted,blocks.3,2,7,7,0.1843252182006836,0.5161704421043396,0.3502478301525116
973,vit_lejepa,vit_tiny_cifar,attention_rollout,predicted,blocks.3,1,1,1,0.02531106024980545,0.09716226160526276,0.0612366609275341
974,vit_lejepa,vit_tiny_cifar,attention_rollout,predicted,blocks.3,7,7,7,0.5260235071182251,0.6013458371162415,0.5636846721172333
975,vit_lejepa,vit_tiny_cifar,attention_rollout,predicted,blocks.3,0,8,8,0.3775511682033539,0.37040987610816956,0.3739805221557617
976,vit_lejepa,vit_tiny_cifar,attention_rollout,predicted,blocks.3,6,4,4,0.20810139179229736,0.24869130551815033,0.22839634865522385
977,vit_lejepa,vit_tiny_cifar,attention_rollout,predicted,blocks.3,8,8,8,0.056302037090063095,0.18128973245620728,0.11879588477313519
978,vit_lejepa,vit_tiny_cifar,attention_rollout,predicted,blocks.3,1,4,4,0.06791575253009796,0.105587437748909,0.08675159513950348
979,vit_lejepa,vit_tiny_cifar,attention_rollout,predicted,blocks.3,9,7,7,0.20964500308036804,0.29408371448516846,0.25186435878276825
980,vit_lejepa,vit_tiny_cifar,attention_rollout,predicted,blocks.3,2,6,6,0.4960840344429016,0.18399330973625183,0.3400386720895767
981,vit_lejepa,vit_tiny_cifar,attention_rollout,predicted,blocks.3,9,8,8,0.7002857327461243,0.5114198923110962,0.6058528125286102
982,vit_lejepa,vit_tiny_cifar,attention_rollout,predicted,blocks.3,0,4,4,0.2328086644411087,0.31076502799987793,0.2717868462204933
983,vit_lejepa,vit_tiny_cifar,attention_rollout,predicted,blocks.3,4,1,1,0.5561039447784424,0.2798219621181488,0.4179629534482956
984,vit_lejepa,vit_tiny_cifar,attention_rollout,predicted,blocks.3,7,7,7,0.16108505427837372,0.2620655596256256,0.21157530695199966
985,vit_lejepa,vit_tiny_cifar,attention_rollout,predicted,blocks.3,8,8,8,0.20017334818840027,0.39503568410873413,0.2976045161485672
986,vit_lejepa,vit_tiny_cifar,attention_rollout,predicted,blocks.3,3,8,8,0.20992064476013184,0.2570078670978546,0.23346425592899323
987,vit_lejepa,vit_tiny_cifar,attention_rollout,predicted,blocks.3,1,9,9,0.193721204996109,0.38382193446159363,0.2887715697288513
988,vit_lejepa,vit_tiny_cifar,attention_rollout,predicted,blocks.3,2,5,5,-0.14467117190361023,0.2132945954799652,0.03431171178817749
989,vit_lejepa,vit_tiny_cifar,attention_rollout,predicted,blocks.3,0,8,8,0.7220154404640198,0.4442247152328491,0.5831200778484344
990,vit_lejepa,vit_tiny_cifar,attention_rollout,predicted,blocks.3,1,6,6,0.17584684491157532,0.13259541988372803,0.15422113239765167
991,vit_lejepa,vit_tiny_cifar,attention_rollout,predicted,blocks.3,5,4,4,0.26599082350730896,0.21280880272388458,0.23939981311559677
992,vit_lejepa,vit_tiny_cifar,attention_rollout,predicted,blocks.3,8,9,9,-0.0029735493008047342,0.34895357489585876,0.17299001279752702
993,vit_lejepa,vit_tiny_cifar,attention_rollout,predicted,blocks.3,4,5,5,0.41641390323638916,0.5877182483673096,0.5020660758018494
994,vit_lejepa,vit_tiny_cifar,attention_rollout,predicted,blocks.3,6,9,9,0.174552783370018,0.48228955268859863,0.3284211680293083
995,vit_lejepa,vit_tiny_cifar,attention_rollout,predicted,blocks.3,3,7,7,0.115615114569664,0.20638181269168854,0.16099846363067627
996,vit_lejepa,vit_tiny_cifar,attention_rollout,predicted,blocks.3,8,8,8,0.5738123059272766,0.3567514717578888,0.4652818888425827
997,vit_lejepa,vit_tiny_cifar,attention_rollout,predicted,blocks.3,1,9,9,0.3630060851573944,0.5344118475914001,0.4487089663743973
998,vit_lejepa,vit_tiny_cifar,attention_rollout,predicted,blocks.3,3,7,7,0.3700670897960663,0.4525376856327057,0.411302387714386
999,vit_lejepa,vit_tiny_cifar,attention_rollout,predicted,blocks.3,8,8,8,0.26030051708221436,0.49417293071746826,0.3772367238998413
896,vit_lejepa,vit_tiny_cifar,attention_rollout,predicted,blocks.5,3,9,9,0.29600170254707336,0.3585871756076813,0.3272944390773773
897,vit_lejepa,vit_tiny_cifar,attention_rollout,predicted,blocks.5,7,9,9,0.13093960285186768,0.3472825586795807,0.23911108076572418
898,vit_lejepa,vit_tiny_cifar,attention_rollout,predicted,blocks.5,3,7,7,0.6522369980812073,0.4042883813381195,0.5282626897096634
899,vit_lejepa,vit_tiny_cifar,attention_rollout,predicted,blocks.5,5,9,9,0.465317964553833,0.44659343361854553,0.45595569908618927
900,vit_lejepa,vit_tiny_cifar,attention_rollout,predicted,blocks.5,2,4,4,0.3645787239074707,0.17449627816677094,0.2695375010371208
901,vit_lejepa,vit_tiny_cifar,attention_rollout,predicted,blocks.5,6,4,4,0.4950292706489563,0.21649125218391418,0.35576026141643524
902,vit_lejepa,vit_tiny_cifar,attention_rollout,predicted,blocks.5,6,1,1,0.3595098853111267,0.20798823237419128,0.283749058842659
903,vit_lejepa,vit_tiny_cifar,attention_rollout,predicted,blocks.5,5,9,9,0.5979824662208557,0.5689399838447571,0.5834612250328064
904,vit_lejepa,vit_tiny_cifar,attention_rollout,predicted,blocks.5,8,8,8,0.757273256778717,0.4371899366378784,0.5972315967082977
905,vit_lejepa,vit_tiny_cifar,attention_rollout,predicted,blocks.5,7,0,0,0.8792439103126526,0.6558530330657959,0.7675484716892242
906,vit_lejepa,vit_tiny_cifar,attention_rollout,predicted,blocks.5,1,1,1,0.44539982080459595,0.398690789937973,0.4220453053712845
907,vit_lejepa,vit_tiny_cifar,attention_rollout,predicted,blocks.5,6,4,4,0.6338305473327637,0.3630337417125702,0.49843214452266693
908,vit_lejepa,vit_tiny_cifar,attention_rollout,predicted,blocks.5,8,4,4,0.6699699759483337,0.6269190311431885,0.6484445035457611
909,vit_lejepa,vit_tiny_cifar,attention_rollout,predicted,blocks.5,8,9,9,0.3594339191913605,0.3440517783164978,0.35174284875392914
910,vit_lejepa,vit_tiny_cifar,attention_rollout,predicted,blocks.5,5,3,3,0.49460142850875854,0.4296351373195648,0.4621182829141617
911,vit_lejepa,vit_tiny_cifar,attention_rollout,predicted,blocks.5,3,9,9,0.25438711047172546,0.3868696391582489,0.3206283748149872
912,vit_lejepa,vit_tiny_cifar,attention_rollout,predicted,blocks.5,0,3,3,0.531800389289856,0.5139641761779785,0.5228822827339172
913,vit_lejepa,vit_tiny_cifar,attention_rollout,predicted,blocks.5,4,8,8,0.8071831464767456,0.5222492814064026,0.6647162139415741
914,vit_lejepa,vit_tiny_cifar,attention_rollout,predicted,blocks.5,0,6,6,0.6524863839149475,0.3386112153530121,0.4955487996339798
915,vit_lejepa,vit_tiny_cifar,attention_rollout,predicted,blocks.5,1,8,8,0.31010186672210693,0.4396728575229645,0.3748873621225357
916,vit_lejepa,vit_tiny_cifar,attention_rollout,predicted,blocks.5,3,7,7,0.12230129539966583,0.45703405141830444,0.28966767340898514
917,vit_lejepa,vit_tiny_cifar,attention_rollout,predicted,blocks.5,8,0,0,0.2695002555847168,0.4507598280906677,0.36013004183769226
918,vit_lejepa,vit_tiny_cifar,attention_rollout,predicted,blocks.5,8,8,8,0.5687688589096069,0.4845612645149231,0.526665061712265
919,vit_lejepa,vit_tiny_cifar,attention_rollout,predicted,blocks.5,0,0,0,0.8200451731681824,0.43685290217399597,0.6284490376710892
920,vit_lejepa,vit_tiny_cifar,attention_rollout,predicted,blocks.5,6,3,3,0.8034666180610657,0.5709646940231323,0.687215656042099
921,vit_lejepa,vit_tiny_cifar,attention_rollout,predicted,blocks.5,9,9,9,0.3835369050502777,0.2864779233932495,0.3350074142217636
922,vit_lejepa,vit_tiny_cifar,attention_rollout,predicted,blocks.5,9,7,7,0.47584038972854614,0.4251931309700012,0.4505167603492737
923,vit_lejepa,vit_tiny_cifar,attention_rollout,predicted,blocks.5,9,5,5,0.46051928400993347,0.5496764779090881,0.5050978809595108
924,vit_lejepa,vit_tiny_cifar,attention_rollout,predicted,blocks.5,5,9,9,0.5940075516700745,0.2659355103969574,0.42997153103351593
925,vit_lejepa,vit_tiny_cifar,attention_rollout,predicted,blocks.5,5,9,9,0.19881755113601685,0.380806028842926,0.28981178998947144
926,vit_lejepa,vit_tiny_cifar,attention_rollout,predicted,blocks.5,8,8,8,0.379110187292099,0.45877090096473694,0.41894054412841797
927,vit_lejepa,vit_tiny_cifar,attention_rollout,predicted,blocks.5,6,5,5,0.5050791501998901,0.4065777063369751,0.4558284282684326
928,vit_lejepa,vit_tiny_cifar,attention_rollout,predicted,blocks.5,0,5,5,0.6273455023765564,0.42421218752861023,0.5257788449525833
929,vit_lejepa,vit_tiny_cifar,attention_rollout,predicted,blocks.5,0,8,8,0.696610152721405,0.4678111970424652,0.5822106748819351
930,vit_lejepa,vit_tiny_cifar,attention_rollout,predicted,blocks.5,4,4,4,0.5812103748321533,0.4495096504688263,0.5153600126504898
931,vit_lejepa,vit_tiny_cifar,attention_rollout,predicted,blocks.5,2,4,4,0.25513264536857605,0.3524268567562103,0.3037797510623932
932,vit_lejepa,vit_tiny_cifar,attention_rollout,predicted,blocks.5,3,1,1,0.19287514686584473,0.21398980915546417,0.20343247801065445
933,vit_lejepa,vit_tiny_cifar,attention_rollout,predicted,blocks.5,2,3,3,0.49204450845718384,0.5709443688392639,0.5314944386482239
934,vit_lejepa,vit_tiny_cifar,attention_rollout,predicted,blocks.5,7,7,7,0.3982725739479065,0.5006224513053894,0.44944751262664795
935,vit_lejepa,vit_tiny_cifar,attention_rollout,predicted,blocks.5,2,8,8,0.7590188384056091,0.491250604391098,0.6251347213983536
936,vit_lejepa,vit_tiny_cifar,attention_rollout,predicted,blocks.5,2,8,8,0.21666128933429718,0.24499893188476562,0.2308301106095314
937,vit_lejepa,vit_tiny_cifar,attention_rollout,predicted,blocks.5,5,5,5,0.7347698211669922,0.5119577050209045,0.6233637630939484
938,vit_lejepa,vit_tiny_cifar,attention_rollout,predicted,blocks.5,9,4,4,0.6229676604270935,0.45959168672561646,0.541279673576355
939,vit_lejepa,vit_tiny_cifar,attention_rollout,predicted,blocks.5,8,8,8,0.7013708353042603,0.473072350025177,0.5872215926647186
940,vit_lejepa,vit_tiny_cifar,attention_rollout,predicted,blocks.5,9,7,7,0.20111064612865448,0.4202062487602234,0.31065844744443893
941,vit_lejepa,vit_tiny_cifar,attention_rollout,predicted,blocks.5,1,9,9,0.20335841178894043,0.3843432664871216,0.293850839138031
942,vit_lejepa,vit_tiny_cifar,attention_rollout,predicted,blocks.5,7,7,7,0.29826077818870544,0.5060943961143494,0.4021775871515274
943,vit_lejepa,vit_tiny_cifar,attention_rollout,predicted,blocks.5,4,6,6,0.09807120263576508,0.17671793699264526,0.13739456981420517
944,vit_lejepa,vit_tiny_cifar,attention_rollout,predicted,blocks.5,0,9,9,0.6389850974082947,0.36368176341056824,0.5013334304094315
945,vit_lejepa,vit_tiny_cifar,attention_rollout,predicted,blocks.5,3,5,5,0.26938632130622864,0.2742178440093994,0.271802082657814
946,vit_lejepa,vit_tiny_cifar,attention_rollout,predicted,blocks.5,0,1,1,0.8023728132247925,0.6168450117111206,0.7096089124679565
947,vit_lejepa,vit_tiny_cifar,attention_rollout,predicted,blocks.5,1,1,1,0.31194189190864563,0.32888954877853394,0.3204157203435898
948,vit_lejepa,vit_tiny_cifar,attention_rollout,predicted,blocks.5,3,9,9,0.4419384300708771,0.5215089917182922,0.48172371089458466
949,vit_lejepa,vit_tiny_cifar,attention_rollout,predicted,blocks.5,8,9,9,0.2369886338710785,0.2777201235294342,0.25735437870025635
950,vit_lejepa,vit_tiny_cifar,attention_rollout,predicted,blocks.5,3,0,0,0.5879290103912354,0.40789225697517395,0.49791063368320465
951,vit_lejepa,vit_tiny_cifar,attention_rollout,predicted,blocks.5,9,3,3,0.6572035551071167,0.6050047874450684,0.6311041712760925
952,vit_lejepa,vit_tiny_cifar,attention_rollout,predicted,blocks.5,6,7,7,0.6365594267845154,0.38005512952804565,0.5083072781562805
953,vit_lejepa,vit_tiny_cifar,attention_rollout,predicted,blocks.5,1,9,9,0.42666706442832947,0.5102313756942749,0.4684492200613022
954,vit_lejepa,vit_tiny_cifar,attention_rollout,predicted,blocks.5,4,4,4,0.35421305894851685,0.3569977581501007,0.3556054085493088
955,vit_lejepa,vit_tiny_cifar,attention_rollout,predicted,blocks.5,7,7,7,0.5935449600219727,0.45860588550567627,0.5260754227638245
956,vit_lejepa,vit_tiny_cifar,attention_rollout,predicted,blocks.5,0,9,9,0.6330947279930115,0.45963671803474426,0.5463657230138779
957,vit_lejepa,vit_tiny_cifar,attention_rollout,predicted,blocks.5,3,9,9,0.3555844724178314,0.25359275937080383,0.3045886158943176
958,vit_lejepa,vit_tiny_cifar,attention_rollout,predicted,blocks.5,7,7,7,0.19120411574840546,0.3889215886592865,0.290062852203846
959,vit_lejepa,vit_tiny_cifar,attention_rollout,predicted,blocks.5,8,8,8,0.3506912589073181,0.40360578894615173,0.3771485239267349
960,vit_lejepa,vit_tiny_cifar,attention_rollout,predicted,blocks.5,9,7,7,0.6150972247123718,0.4658263623714447,0.5404617935419083
961,vit_lejepa,vit_tiny_cifar,attention_rollout,predicted,blocks.5,1,8,8,0.35627710819244385,0.3496728539466858,0.3529749810695648
962,vit_lejepa,vit_tiny_cifar,attention_rollout,predicted,blocks.5,1,9,9,0.6037761569023132,0.55372154712677,0.5787488520145416
963,vit_lejepa,vit_tiny_cifar,attention_rollout,predicted,blocks.5,6,7,7,0.2748976945877075,0.278538316488266,0.27671800553798676
964,vit_lejepa,vit_tiny_cifar,attention_rollout,predicted,blocks.5,6,3,3,0.7824481725692749,0.6090870499610901,0.6957676112651825
965,vit_lejepa,vit_tiny_cifar,attention_rollout,predicted,blocks.5,6,4,4,0.32739517092704773,0.2946349084377289,0.3110150396823883
966,vit_lejepa,vit_tiny_cifar,attention_rollout,predicted,blocks.5,6,9,9,0.5607262253761292,0.5687850713729858,0.5647556483745575
967,vit_lejepa,vit_tiny_cifar,attention_rollout,predicted,blocks.5,9,9,9,0.45390981435775757,0.5018996596336365,0.477904736995697
968,vit_lejepa,vit_tiny_cifar,attention_rollout,predicted,blocks.5,1,9,9,0.40925803780555725,0.4201173484325409,0.4146876931190491
969,vit_lejepa,vit_tiny_cifar,attention_rollout,predicted,blocks.5,9,9,9,0.6227617263793945,0.5548581480979919,0.5888099372386932
970,vit_lejepa,vit_tiny_cifar,attention_rollout,predicted,blocks.5,9,9,9,0.2975444793701172,0.42271658778190613,0.36013053357601166
971,vit_lejepa,vit_tiny_cifar,attention_rollout,predicted,blocks.5,4,6,6,0.35380879044532776,0.19695045053958893,0.27537962049245834
972,vit_lejepa,vit_tiny_cifar,attention_rollout,predicted,blocks.5,2,7,7,0.32317209243774414,0.5371553301811218,0.430163711309433
973,vit_lejepa,vit_tiny_cifar,attention_rollout,predicted,blocks.5,1,1,1,0.05068063363432884,0.09174773842096329,0.07121418602764606
974,vit_lejepa,vit_tiny_cifar,attention_rollout,predicted,blocks.5,7,7,7,0.6179462671279907,0.6425543427467346,0.6302503049373627
975,vit_lejepa,vit_tiny_cifar,attention_rollout,predicted,blocks.5,0,8,8,0.4806135892868042,0.3240443468093872,0.4023289680480957
976,vit_lejepa,vit_tiny_cifar,attention_rollout,predicted,blocks.5,6,4,4,0.21783307194709778,0.25665193796157837,0.23724250495433807
977,vit_lejepa,vit_tiny_cifar,attention_rollout,predicted,blocks.5,8,8,8,0.09903688728809357,0.17498484253883362,0.1370108649134636
978,vit_lejepa,vit_tiny_cifar,attention_rollout,predicted,blocks.5,1,4,4,0.07044117897748947,0.1077500507235527,0.08909561485052109
979,vit_lejepa,vit_tiny_cifar,attention_rollout,predicted,blocks.5,9,7,7,0.2944371998310089,0.30703720450401306,0.300737202167511
980,vit_lejepa,vit_tiny_cifar,attention_rollout,predicted,blocks.5,2,6,6,0.48911648988723755,0.19732068479061127,0.3432185873389244
981,vit_lejepa,vit_tiny_cifar,attention_rollout,predicted,blocks.5,9,8,8,0.7606031894683838,0.5718097686767578,0.6662064790725708
982,vit_lejepa,vit_tiny_cifar,attention_rollout,predicted,blocks.5,0,4,4,0.2667728364467621,0.29925766587257385,0.28301525115966797
983,vit_lejepa,vit_tiny_cifar,attention_rollout,predicted,blocks.5,4,1,1,0.5605241060256958,0.29219871759414673,0.42636141180992126
984,vit_lejepa,vit_tiny_cifar,attention_rollout,predicted,blocks.5,7,7,7,0.24054984748363495,0.2769460678100586,0.25874795764684677
985,vit_lejepa,vit_tiny_cifar,attention_rollout,predicted,blocks.5,8,8,8,0.2271067202091217,0.36823439598083496,0.29767055809497833
986,vit_lejepa,vit_tiny_cifar,attention_rollout,predicted,blocks.5,3,8,8,0.3095397353172302,0.25573626160621643,0.2826379984617233
987,vit_lejepa,vit_tiny_cifar,attention_rollout,predicted,blocks.5,1,9,9,0.2521377205848694,0.3653978705406189,0.30876779556274414
988,vit_lejepa,vit_tiny_cifar,attention_rollout,predicted,blocks.5,2,5,5,-0.062103502452373505,0.23419302701950073,0.08604476228356361
989,vit_lejepa,vit_tiny_cifar,attention_rollout,predicted,blocks.5,0,8,8,0.7634975910186768,0.4541998505592346,0.6088487207889557
990,vit_lejepa,vit_tiny_cifar,attention_rollout,predicted,blocks.5,1,6,6,0.17833049595355988,0.1311703622341156,0.15475042909383774
991,vit_lejepa,vit_tiny_cifar,attention_rollout,predicted,blocks.5,5,4,4,0.2758772671222687,0.20870329439640045,0.24229028075933456
992,vit_lejepa,vit_tiny_cifar,attention_rollout,predicted,blocks.5,8,9,9,0.09457419067621231,0.3566090166568756,0.22559160366654396
993,vit_lejepa,vit_tiny_cifar,attention_rollout,predicted,blocks.5,4,5,5,0.48455581068992615,0.5819650888442993,0.5332604497671127
994,vit_lejepa,vit_tiny_cifar,attention_rollout,predicted,blocks.5,6,9,9,0.2529754638671875,0.4717733561992645,0.362374410033226
995,vit_lejepa,vit_tiny_cifar,attention_rollout,predicted,blocks.5,3,7,7,0.16332152485847473,0.1999683380126953,0.18164493143558502
996,vit_lejepa,vit_tiny_cifar,attention_rollout,predicted,blocks.5,8,8,8,0.6226769685745239,0.30888721346855164,0.4657820910215378
997,vit_lejepa,vit_tiny_cifar,attention_rollout,predicted,blocks.5,1,9,9,0.4712825119495392,0.5349051356315613,0.5030938237905502
998,vit_lejepa,vit_tiny_cifar,attention_rollout,predicted,blocks.5,3,7,7,0.45662280917167664,0.4828435182571411,0.4697331637144089
999,vit_lejepa,vit_tiny_cifar,attention_rollout,predicted,blocks.5,8,8,8,0.4285186231136322,0.4943026900291443,0.46141065657138824
