sample_idx,sample_id,mode,architecture,xai_method,target,layer,true_label,pred_label,target_label,corr_pca_xai,soft_iou_pca_xai,iou_pca_gt,iou_xai_gt,soft_iou_pca_gt,soft_iou_xai_gt,object_focus_pca,object_focus_xai,foreground_area,pca_stability,g_lsas_no_stability,g_lsas,top_frac
0,n01443537/ILSVRC2012_val_00004677,vit_supervised,vit_small_patch16_224,token_gradient,predicted,blocks.2,0,23,23,0.14429621398448944,0.4088502824306488,0.0,0.0,0.0,0.0,0.0,0.0,0.0,0.9517615437507629,0.057718485593795776,0.19326790645718575,0.2
1,n01443537/ILSVRC2012_val_00006007,vit_supervised,vit_small_patch16_224,token_gradient,predicted,blocks.2,0,0,0,0.5310512781143188,0.09238491207361221,0.0,0.0,0.0,0.0,0.0,0.0,0.0,0.9654420018196106,0.21242051124572756,0.3306842476129532,0.2
2,n01443537/ILSVRC2012_val_00013623,vit_supervised,vit_small_patch16_224,token_gradient,predicted,blocks.2,0,0,0,0.17573870718479156,0.4118885397911072,0.0,0.0,0.0,0.0,0.0,0.0,0.0,0.9869075417518616,0.07029548287391663,0.20954467877745628,0.2
3,n01443537/ILSVRC2012_val_00018075,vit_supervised,vit_small_patch16_224,token_gradient,predicted,blocks.2,0,0,0,0.15041445195674896,0.1965041607618332,0.0,0.0,0.0,0.0,0.0,0.0,0.0,0.9449143409729004,0.06016578078269959,0.1943822093307972,0.2
4,n01443537/ILSVRC2012_val_00020436,vit_supervised,vit_small_patch16_224,token_gradient,predicted,blocks.2,0,0,0,0.3333688974380493,0.11121498793363571,0.0,0.0,0.0,0.0,0.0,0.0,0.0,0.9915856122970581,0.13334755897521974,0.26541695594787595,0.2
5,n01443537/ILSVRC2012_val_00020785,vit_supervised,vit_small_patch16_224,token_gradient,predicted,blocks.2,0,0,0,0.3039609491825104,0.1872737854719162,0.0,0.0,0.0,0.0,0.0,0.0,0.0,0.9909772276878357,0.12158437967300416,0.255032916367054,0.2
6,n01443537/ILSVRC2012_val_00021905,vit_supervised,vit_small_patch16_224,token_gradient,predicted,blocks.2,0,0,0,0.6702537536621094,0.3303854763507843,0.0,0.0,0.0,0.0,0.0,0.0,0.0,0.9822192788124084,0.26810150146484374,0.3819217056035995,0.2
7,n01443537/ILSVRC2012_val_00026064,vit_supervised,vit_small_patch16_224,token_gradient,predicted,blocks.2,0,3,3,0.23450826108455658,0.28653261065483093,0.0,0.0,0.0,0.0,0.0,0.0,0.0,0.9920230507850647,0.09380330443382263,0.23088134899735452,0.2
8,n01443537/ILSVRC2012_val_00028713,vit_supervised,vit_small_patch16_224,token_gradient,predicted,blocks.2,0,0,0,0.28601211309432983,0.47613146901130676,0.0,0.0,0.0,0.0,0.0,0.0,0.0,0.9892157912254333,0.11440484523773194,0.24848660826683044,0.2
9,n01443537/ILSVRC2012_val_00032235,vit_supervised,vit_small_patch16_224,token_gradient,predicted,blocks.2,0,0,0,0.4147084951400757,0.27105018496513367,0.0,0.0,0.0,0.0,0.0,0.0,0.0,0.9761219024658203,0.16588339805603028,0.2915662586688995,0.2
10,n01443537/ILSVRC2012_val_00032258,vit_supervised,vit_small_patch16_224,token_gradient,predicted,blocks.2,0,0,0,0.5810317993164062,0.4455356001853943,0.0,0.0,0.0,0.0,0.0,0.0,0.0,0.9975355267524719,0.23241271972656252,0.35299145877361293,0.2
11,n01443537/ILSVRC2012_val_00037846,vit_supervised,vit_small_patch16_224,token_gradient,predicted,blocks.2,0,40,40,0.4210146367549896,0.1306857466697693,0.0,0.0,0.0,0.0,0.0,0.0,0.0,0.9815784096717834,0.16840585470199587,0.2945918843150138,0.2
12,n01443537/ILSVRC2012_val_00038057,vit_supervised,vit_small_patch16_224,token_gradient,predicted,blocks.2,0,0,0,0.1679091602563858,0.1683436781167984,0.0,0.0,0.0,0.0,0.0,0.0,0.0,0.8989059329032898,0.06716366410255432,0.1936040960252285,0.2
13,n01443537/ILSVRC2012_val_00045761,vit_supervised,vit_small_patch16_224,token_gradient,predicted,blocks.2,0,0,0,0.40718767046928406,0.42979374527931213,0.0,0.0,0.0,0.0,0.0,0.0,0.0,0.9943807125091553,0.16287506818771363,0.2916727915406227,0.2
14,n01443537/ILSVRC2012_val_00048864,vit_supervised,vit_small_patch16_224,token_gradient,predicted,blocks.2,0,0,0,0.260128915309906,0.37141698598861694,0.0,0.0,0.0,0.0,0.0,0.0,0.0,0.7410889863967896,0.10405156612396241,0.20220846831798553,0.2
15,n01491361/ILSVRC2012_val_00002922,vit_supervised,vit_small_patch16_224,token_gradient,predicted,blocks.2,1,1,1,0.38484594225883484,0.4598132371902466,0.5232182902146676,0.3041584714806106,0.2855822443962097,0.19064834713935852,0.5029990673065186,0.48025479912757874,0.3550302933672762,0.9957937002182007,0.4021514054121174,0.4909093252471418,0.2
0,n01443537/ILSVRC2012_val_00004677,vit_supervised,vit_small_patch16_224,token_gradient,predicted,blocks.5,0,23,23,0.13363276422023773,0.4174915850162506,0.0,0.0,0.0,0.0,0.0,0.0,0.0,0.9565081596374512,0.053453105688095096,0.19024769142270087,0.2
1,n01443537/ILSVRC2012_val_00006007,vit_supervised,vit_small_patch16_224,token_gradient,predicted,blocks.5,0,0,0,0.3336920738220215,0.15012893080711365,0.0,0.0,0.0,0.0,0.0,0.0,0.0,0.8971124291419983,0.1334768295288086,0.25135909020900726,0.2
2,n01443537/ILSVRC2012_val_00013623,vit_supervised,vit_small_patch16_224,token_gradient,predicted,blocks.5,0,0,0,0.3721867799758911,0.2908179461956024,0.0,0.0,0.0,0.0,0.0,0.0,0.0,0.982555627822876,0.14887471199035646,0.2776487171649933,0.2
3,n01443537/ILSVRC2012_val_00018075,vit_supervised,vit_small_patch16_224,token_gradient,predicted,blocks.5,0,0,0,0.22704218327999115,0.27392494678497314,0.0,0.0,0.0,0.0,0.0,0.0,0.0,0.9211071133613586,0.09081687331199646,0.21763083115220067,0.2
4,n01443537/ILSVRC2012_val_00020436,vit_supervised,vit_small_patch16_224,token_gradient,predicted,blocks.5,0,0,0,0.39289915561676025,0.21351681649684906,0.0,0.0,0.0,0.0,0.0,0.0,0.0,0.9864455461502075,0.1571596622467041,0.28548153638839724,0.2
5,n01443537/ILSVRC2012_val_00020785,vit_supervised,vit_small_patch16_224,token_gradient,predicted,blocks.5,0,0,0,0.29282793402671814,0.27457988262176514,0.0,0.0,0.0,0.0,0.0,0.0,0.0,0.9723579287528992,0.11713117361068726,0.24834346622228623,0.2
6,n01443537/ILSVRC2012_val_00021905,vit_supervised,vit_small_patch16_224,token_gradient,predicted,blocks.5,0,0,0,0.38753780722618103,0.4491022825241089,0.0,0.0,0.0,0.0,0.0,0.0,0.0,0.9394962787628174,0.15501512289047242,0.27656267434358595,0.2
7,n01443537/ILSVRC2012_val_00026064,vit_supervised,vit_small_patch16_224,token_gradient,predicted,blocks.5,0,3,3,0.21161602437496185,0.29649659991264343,0.0,0.0,0.0,0.0,0.0,0.0,0.0,0.9831831455230713,0.08464640974998475,0.22154308035969733,0.2
8,n01443537/ILSVRC2012_val_00028713,vit_supervised,vit_small_patch16_224,token_gradient,predicted,blocks.5,0,0,0,0.06828753650188446,0.27514955401420593,0.0,0.0,0.0,0.0,0.0,0.0,0.0,0.9885687828063965,0.027315014600753786,0.17218595519661903,0.2
9,n01443537/ILSVRC2012_val_00032235,vit_supervised,vit_small_patch16_224,token_gradient,predicted,blocks.5,0,0,0,0.13686780631542206,0.38428497314453125,0.0,0.0,0.0,0.0,0.0,0.0,0.0,0.9723834991455078,0.054747122526168826,0.19376125708222386,0.2
10,n01443537/ILSVRC2012_val_00032258,vit_supervised,vit_small_patch16_224,token_gradient,predicted,blocks.5,0,0,0,0.7109840512275696,0.39548906683921814,0.0,0.0,0.0,0.0,0.0,0.0,0.0,0.9971531629562378,0.28439362049102784,0.39841739237308504,0.2
11,n01443537/ILSVRC2012_val_00037846,vit_supervised,vit_small_patch16_224,token_gradient,predicted,blocks.5,0,40,40,0.24631871283054352,0.09523683041334152,0.0,0.0,0.0,0.0,0.0,0.0,0.0,0.9449014067649841,0.09852748513221742,0.22794676050543783,0.2
12,n01443537/ILSVRC2012_val_00038057,vit_supervised,vit_small_patch16_224,token_gradient,predicted,blocks.5,0,0,0,-0.030120274052023888,0.13651137053966522,0.0,0.0,0.0,0.0,0.0,0.0,0.0,0.9542007446289062,-0.012048109620809556,0.13258801577612755,0.2
13,n01443537/ILSVRC2012_val_00045761,vit_supervised,vit_small_patch16_224,token_gradient,predicted,blocks.5,0,0,0,0.2208499312400818,0.41621363162994385,0.0,0.0,0.0,0.0,0.0,0.0,0.0,0.9946320652961731,0.08833997249603272,0.2264922857284546,0.2
14,n01443537/ILSVRC2012_val_00048864,vit_supervised,vit_small_patch16_224,token_gradient,predicted,blocks.5,0,0,0,-0.026232333853840828,0.28525310754776,0.0,0.0,0.0,0.0,0.0,0.0,0.0,0.5948827266693115,-0.010492933541536333,0.08005109215155243,0.2
15,n01491361/ILSVRC2012_val_00002922,vit_supervised,vit_small_patch16_224,token_gradient,predicted,blocks.5,1,1,1,0.3836163878440857,0.31180039048194885,0.5357339803680734,0.37200709429482115,0.29439446330070496,0.1317424774169922,0.5023317337036133,0.5262801647186279,0.3550302933672762,0.9950590133666992,0.42576887753650267,0.5104598564161585,0.2
0,n01443537/ILSVRC2012_val_00004677,vit_supervised,vit_small_patch16_224,token_gradient,predicted,blocks.8,0,23,23,0.025028349831700325,0.36516276001930237,0.0,0.0,0.0,0.0,0.0,0.0,0.0,0.932836651802063,0.01001133993268013,0.14868542021140455,0.2
1,n01443537/ILSVRC2012_val_00006007,vit_supervised,vit_small_patch16_224,token_gradient,predicted,blocks.8,0,0,0,0.43197011947631836,0.34272608160972595,0.0,0.0,0.0,0.0,0.0,0.0,0.0,0.5055598616600037,0.17278804779052737,0.22702352106571194,0.2
2,n01443537/ILSVRC2012_val_00013623,vit_supervised,vit_small_patch16_224,token_gradient,predicted,blocks.8,0,0,0,0.028364166617393494,0.3889971077442169,0.0,0.0,0.0,0.0,0.0,0.0,0.0,0.9770349264144897,0.011345666646957398,0.15648269727826117,0.2
3,n01443537/ILSVRC2012_val_00018075,vit_supervised,vit_small_patch16_224,token_gradient,predicted,blocks.8,0,0,0,0.0130402697250247,0.11698564887046814,0.0,0.0,0.0,0.0,0.0,0.0,0.0,0.9317113161087036,0.00521610789000988,0.1443207918200642,0.2
4,n01443537/ILSVRC2012_val_00020436,vit_supervised,vit_small_patch16_224,token_gradient,predicted,blocks.8,0,0,0,-0.010219213552772999,0.3739972710609436,0.0,0.0,0.0,0.0,0.0,0.0,0.0,0.9836843013763428,-0.004087685421109199,0.14397592046298088,0.2
5,n01443537/ILSVRC2012_val_00020785,vit_supervised,vit_small_patch16_224,token_gradient,predicted,blocks.8,0,0,0,-0.02111683413386345,0.12458404153585434,0.0,0.0,0.0,0.0,0.0,0.0,0.0,0.08307621628046036,-0.00844673365354538,0.005070540495216846,0.2
6,n01443537/ILSVRC2012_val_00021905,vit_supervised,vit_small_patch16_224,token_gradient,predicted,blocks.8,0,0,0,-0.04313145950436592,0.31666719913482666,0.0,0.0,0.0,0.0,0.0,0.0,0.0,0.9056810736656189,-0.01725258380174637,0.12075615022331475,0.2
7,n01443537/ILSVRC2012_val_00026064,vit_supervised,vit_small_patch16_224,token_gradient,predicted,blocks.8,0,3,3,-0.24656495451927185,0.4020857512950897,0.0,0.0,0.0,0.0,0.0,0.0,0.0,0.972507894039154,-0.09862598180770875,0.05957845002412797,0.2
8,n01443537/ILSVRC2012_val_00028713,vit_supervised,vit_small_patch16_224,token_gradient,predicted,blocks.8,0,0,0,-0.038542769849300385,0.21367622911930084,0.0,0.0,0.0,0.0,0.0,0.0,0.0,0.98531174659729,-0.015417107939720155,0.13430679254233835,0.2
9,n01443537/ILSVRC2012_val_00032235,vit_supervised,vit_small_patch16_224,token_gradient,predicted,blocks.8,0,0,0,0.1972442865371704,0.41861891746520996,0.0,0.0,0.0,0.0,0.0,0.0,0.0,0.9649991989135742,0.07889771461486816,0.21378538012504578,0.2
10,n01443537/ILSVRC2012_val_00032258,vit_supervised,vit_small_patch16_224,token_gradient,predicted,blocks.8,0,0,0,0.5459451675415039,0.3638935089111328,0.0,0.0,0.0,0.0,0.0,0.0,0.0,0.9959657192230225,0.21837806701660156,0.3404756665229797,0.2
11,n01443537/ILSVRC2012_val_00037846,vit_supervised,vit_small_patch16_224,token_gradient,predicted,blocks.8,0,40,40,0.06714566797018051,0.11471342295408249,0.0,0.0,0.0,0.0,0.0,0.0,0.0,0.9126521944999695,0.026858267188072205,0.16039881296455857,0.2
12,n01443537/ILSVRC2012_val_00038057,vit_supervised,vit_small_patch16_224,token_gradient,predicted,blocks.8,0,0,0,-0.13748043775558472,0.22212006151676178,0.0,0.0,0.0,0.0,0.0,0.0,0.0,0.9771165251731873,-0.05499217510223389,0.09844932556152344,0.2
13,n01443537/ILSVRC2012_val_00045761,vit_supervised,vit_small_patch16_224,token_gradient,predicted,blocks.8,0,0,0,-0.11798269301652908,0.3898356854915619,0.0,0.0,0.0,0.0,0.0,0.0,0.0,0.9905008673667908,-0.04719307720661164,0.10728118754923344,0.2
14,n01443537/ILSVRC2012_val_00048864,vit_supervised,vit_small_patch16_224,token_gradient,predicted,blocks.8,0,0,0,-0.11823823302984238,0.12761762738227844,0.0,0.0,0.0,0.0,0.0,0.0,0.0,0.43674907088279724,-0.047295293211936956,0.024128979071974754,0.2
15,n01491361/ILSVRC2012_val_00002922,vit_supervised,vit_small_patch16_224,token_gradient,predicted,blocks.8,1,1,1,0.25482141971588135,0.24458347260951996,0.5001346329901987,0.2536688574771524,0.2848127782344818,0.09417957067489624,0.4619920253753662,0.44554170966148376,0.3550302933672762,0.9909144043922424,0.32806961502655785,0.4262755301762326,0.2
0,n01443537/ILSVRC2012_val_00004677,vit_supervised,vit_small_patch16_224,token_gradient,predicted,blocks.11,0,23,23,0.0,0.0,0.0,0.0,0.0,0.0,0.0,0.0,0.0,0.9564068913459778,0.0,0.14346103370189667,0.2
1,n01443537/ILSVRC2012_val_00006007,vit_supervised,vit_small_patch16_224,token_gradient,predicted,blocks.11,0,0,0,0.0,0.0,0.0,0.0,0.0,0.0,0.0,0.0,0.0,0.12714816629886627,0.0,0.01907222494482994,0.2
2,n01443537/ILSVRC2012_val_00013623,vit_supervised,vit_small_patch16_224,token_gradient,predicted,blocks.11,0,0,0,0.0,0.0,0.0,0.0,0.0,0.0,0.0,0.0,0.0,0.9601098895072937,0.0,0.14401648342609405,0.2
3,n01443537/ILSVRC2012_val_00018075,vit_supervised,vit_small_patch16_224,token_gradient,predicted,blocks.11,0,0,0,0.0,0.0,0.0,0.0,0.0,0.0,0.0,0.0,0.0,0.9414269328117371,0.0,0.14121403992176054,0.2
4,n01443537/ILSVRC2012_val_00020436,vit_supervised,vit_small_patch16_224,token_gradient,predicted,blocks.11,0,0,0,0.0,0.0,0.0,0.0,0.0,0.0,0.0,0.0,0.0,0.9827759265899658,0.0,0.14741638898849488,0.2
5,n01443537/ILSVRC2012_val_00020785,vit_supervised,vit_small_patch16_224,token_gradient,predicted,blocks.11,0,0,0,0.0,0.0,0.0,0.0,0.0,0.0,0.0,0.0,0.0,0.6672553420066833,0.0,0.1000883013010025,0.2
6,n01443537/ILSVRC2012_val_00021905,vit_supervised,vit_small_patch16_224,token_gradient,predicted,blocks.11,0,0,0,0.0,0.0,0.0,0.0,0.0,0.0,0.0,0.0,0.0,0.856317937374115,0.0,0.12844769060611724,0.2
7,n01443537/ILSVRC2012_val_00026064,vit_supervised,vit_small_patch16_224,token_gradient,predicted,blocks.11,0,3,3,0.0,0.0,0.0,0.0,0.0,0.0,0.0,0.0,0.0,0.8670820593833923,0.0,0.13006230890750883,0.2
8,n01443537/ILSVRC2012_val_00028713,vit_supervised,vit_small_patch16_224,token_gradient,predicted,blocks.11,0,0,0,0.0,0.0,0.0,0.0,0.0,0.0,0.0,0.0,0.0,0.9862586259841919,0.0,0.1479387938976288,0.2
9,n01443537/ILSVRC2012_val_00032235,vit_supervised,vit_small_patch16_224,token_gradient,predicted,blocks.11,0,0,0,0.0,0.0,0.0,0.0,0.0,0.0,0.0,0.0,0.0,0.965816080570221,0.0,0.14487241208553314,0.2
10,n01443537/ILSVRC2012_val_00032258,vit_supervised,vit_small_patch16_224,token_gradient,predicted,blocks.11,0,0,0,0.0,0.0,0.0,0.0,0.0,0.0,0.0,0.0,0.0,0.9934107065200806,0.0,0.14901160597801208,0.2
11,n01443537/ILSVRC2012_val_00037846,vit_supervised,vit_small_patch16_224,token_gradient,predicted,blocks.11,0,40,40,0.0,0.0,0.0,0.0,0.0,0.0,0.0,0.0,0.0,0.8331406116485596,0.0,0.12497109174728394,0.2
12,n01443537/ILSVRC2012_val_00038057,vit_supervised,vit_small_patch16_224,token_gradient,predicted,blocks.11,0,0,0,0.0,0.0,0.0,0.0,0.0,0.0,0.0,0.0,0.0,0.9683153629302979,0.0,0.14524730443954467,0.2
13,n01443537/ILSVRC2012_val_00045761,vit_supervised,vit_small_patch16_224,token_gradient,predicted,blocks.11,0,0,0,0.0,0.0,0.0,0.0,0.0,0.0,0.0,0.0,0.0,0.9144150018692017,0.0,0.13716225028038023,0.2
14,n01443537/ILSVRC2012_val_00048864,vit_supervised,vit_small_patch16_224,token_gradient,predicted,blocks.11,0,0,0,0.0,0.0,0.0,0.0,0.0,0.0,0.0,0.0,0.0,0.4852142930030823,0.0,0.07278214395046234,0.2
15,n01491361/ILSVRC2012_val_00002922,vit_supervised,vit_small_patch16_224,token_gradient,predicted,blocks.11,1,1,1,0.0,0.0,0.34711943114190147,0.3550302933672762,0.2822094261646271,0.0,0.41298672556877136,0.0,0.3550302933672762,0.9564553499221802,0.2106449173527533,0.31900573361562146,0.2
16,n01491361/ILSVRC2012_val_00013484,vit_supervised,vit_small_patch16_224,token_gradient,predicted,blocks.2,1,18,18,0.03471465781331062,0.16149678826332092,0.3200989996904609,0.20246090264396635,0.29809704422950745,0.09890376776456833,0.35794758796691895,0.3843923807144165,0.31024792729585654,0.9755359292030334,0.1706538338256524,0.2891204951987205,0.2
17,n01491361/ILSVRC2012_val_00015631,vit_supervised,vit_small_patch16_224,token_gradient,predicted,blocks.2,1,1,1,-0.09660407155752182,0.3527079224586487,0.12222390089128099,0.23224950232230238,0.11046252399682999,0.13321465253829956,0.11580874770879745,0.16648399829864502,0.0960817920918176,0.968376636505127,0.06770039234106628,0.20006342123403226,0.2
18,n01491361/ILSVRC2012_val_00019531,vit_supervised,vit_small_patch16_224,token_gradient,predicted,blocks.2,1,1,1,0.1474863737821579,0.3228833079338074,0.19898472295383388,0.16305862677688307,0.3018513023853302,0.12290990352630615,0.7839286923408508,0.7735726237297058,0.7979312818875961,0.9872909188270569,0.16760755443207825,0.290224706080493,0.2
19,n01491361/ILSVRC2012_val_00025640,vit_supervised,vit_small_patch16_224,token_gradient,predicted,blocks.2,1,1,1,0.2971804440021515,0.2915317118167877,0.31399652789141014,0.18236472945886412,0.3381779193878174,0.11562363803386688,0.5949381589889526,0.5311496257781982,0.5994897959182479,0.9515271782875061,0.26778055480594287,0.3708325464814475,0.2
20,n01491361/ILSVRC2012_val_00030926,vit_supervised,vit_small_patch16_224,token_gradient,predicted,blocks.2,1,1,1,-0.0040937019512057304,0.19193871319293976,0.10619218692537519,0.2782335828456581,0.3263034224510193,0.1263006329536438,0.5341033935546875,0.7492497563362122,0.5793606505100887,0.9978554844856262,0.11369025015082768,0.24435196943268023,0.2
21,n01491361/ILSVRC2012_val_00032130,vit_supervised,vit_small_patch16_224,token_gradient,predicted,blocks.2,1,1,1,0.5563291907310486,0.16468645632266998,0.6650717703344149,0.5074407880943845,0.34883415699005127,0.12694795429706573,0.458069771528244,0.6198196411132812,0.23001036352036233,0.9878246188163757,0.5742854438210592,0.6360170491855233,0.2
22,n01491361/ILSVRC2012_val_00034038,vit_supervised,vit_small_patch16_224,token_gradient,predicted,blocks.2,1,1,1,0.07189437747001648,0.29337000846862793,0.23209723085406248,0.3004592171438877,0.21423472464084625,0.14690998196601868,0.2533549964427948,0.2857406735420227,0.15557238520405064,0.06434710323810577,0.18852468538739164,0.16795420959970916,0.2
23,n01491361/ILSVRC2012_val_00034413,vit_supervised,vit_small_patch16_224,token_gradient,predicted,blocks.2,1,1,1,0.0860610157251358,0.287983238697052,0.034396560343948404,0.43431542460975087,0.16777527332305908,0.2106553018093109,0.20121514797210693,0.40377968549728394,0.21235251913261075,0.9926625490188599,0.17503800177616408,0.2961987340950514,0.2
24,n01491361/ILSVRC2012_val_00037780,vit_supervised,vit_small_patch16_224,token_gradient,predicted,blocks.2,1,1,1,0.6592289209365845,0.2887035012245178,0.5985286389906735,0.44530229243351627,0.3362307548522949,0.15600985288619995,0.47019246220588684,0.5337738394737244,0.28501674107137176,0.7209290266036987,0.5768408478018907,0.5998272091744069,0.2
25,n01531178/ILSVRC2012_val_00002668,vit_supervised,vit_small_patch16_224,token_gradient,predicted,blocks.2,2,2,2,0.39531639218330383,0.23927032947540283,0.1814423518602541,0.2056720965661516,0.20652374625205994,0.10579794645309448,0.26141661405563354,0.297865092754364,0.2100805165815908,0.9894744753837585,0.27426089140124327,0.3835605206783215,0.2
26,n01531178/ILSVRC2012_val_00004243,vit_supervised,vit_small_patch16_224,token_gradient,predicted,blocks.2,2,2,2,0.15974807739257812,0.448012113571167,0.29677554731741146,0.20233463035006333,0.1661398857831955,0.12241513282060623,0.24336229264736176,0.2226763218641281,0.16950334821425195,0.8078421950340271,0.21363228425727368,0.30186570075937513,0.2
27,n01531178/ILSVRC2012_val_00004893,vit_supervised,vit_small_patch16_224,token_gradient,predicted,blocks.2,2,2,2,0.11201511323451996,0.2805078327655792,0.060123618655122564,0.11351564036974865,0.03478020429611206,0.07433094084262848,0.03609270229935646,0.08508667349815369,0.02560985331632143,0.9383817911148071,0.09689782300126934,0.22337237305552085,0.2
28,n01531178/ILSVRC2012_val_00005287,vit_supervised,vit_small_patch16_224,token_gradient,predicted,blocks.2,2,2,2,0.2656363248825073,0.2688324451446533,0.4271742926996666,0.36875251239423235,0.24656105041503906,0.1412794440984726,0.3877398669719696,0.4660605192184448,0.20717075892853015,0.9881930351257324,0.3450325714811726,0.4401833702512121,0.2
29,n01531178/ILSVRC2012_val_00010409,vit_supervised,vit_small_patch16_224,token_gradient,predicted,blocks.2,2,42,42,0.3898516893386841,0.3869079053401947,0.0,0.03276276043681143,0.024512991309165955,0.03795180469751358,0.03074103221297264,0.05723671242594719,0.0657485650510073,0.9987204074859619,0.1657695038665171,0.2944468425006366,0.2
30,n01531178/ILSVRC2012_val_00015903,vit_supervised,vit_small_patch16_224,token_gradient,predicted,blocks.2,2,2,2,0.19440311193466187,0.29092171788215637,0.1619283778327882,0.22807338331186194,0.16474223136901855,0.10972406715154648,0.23369957506656647,0.30331912636756897,0.20157047193873534,0.9884836077690125,0.19476177311725978,0.3138140706286461,0.2
31,n01531178/ILSVRC2012_val_00016252,vit_supervised,vit_small_patch16_224,token_gradient,predicted,blocks.2,2,2,2,0.22197332978248596,0.30493298172950745,0.10267042627292862,0.2038931643275655,0.08402802050113678,0.10860459506511688,0.09532320499420166,0.15777693688869476,0.064991230867334,0.966045618057251,0.1807584090931426,0.2992384057825812,0.2
16,n01491361/ILSVRC2012_val_00013484,vit_supervised,vit_small_patch16_224,token_gradient,predicted,blocks.5,1,18,18,-0.014938623644411564,0.14450883865356445,0.44480812641058415,0.17526625045897204,0.30314353108406067,0.07818485796451569,0.3581254780292511,0.33332133293151855,0.31024792729585654,0.9507960677146912,0.1800468636031022,0.2924094860990487,0.2
17,n01491361/ILSVRC2012_val_00015631,vit_supervised,vit_small_patch16_224,token_gradient,predicted,blocks.5,1,1,1,-0.10783369839191437,0.1635068953037262,0.20019389238956195,0.02124149309134444,0.12522254884243011,0.023593299090862274,0.13161897659301758,0.04717794805765152,0.0960817920918176,0.9861515760421753,0.02329713628750616,0.16553978833938285,0.2
18,n01491361/ILSVRC2012_val_00019531,vit_supervised,vit_small_patch16_224,token_gradient,predicted,blocks.5,1,1,1,0.020203065127134323,0.22265686094760895,0.22395502322165145,0.2486783042393395,0.28035908937454224,0.08306724578142166,0.8153800964355469,0.8860083818435669,0.7979312818875961,0.9963761568069458,0.149871224289151,0.2746858281807866,0.2
19,n01491361/ILSVRC2012_val_00025640,vit_supervised,vit_small_patch16_224,token_gradient,predicted,blocks.5,1,1,1,0.0767531469464302,0.22227385640144348,0.3187915050298117,0.21874525292413224,0.3052307367324829,0.09695988893508911,0.6036189794540405,0.6322929263114929,0.5994897959182479,0.9809828400611877,0.19196228616475525,0.3083952169289147,0.2
20,n01491361/ILSVRC2012_val_00030926,vit_supervised,vit_small_patch16_224,token_gradient,predicted,blocks.5,1,1,1,-0.4258841872215271,0.16128496825695038,0.0017675991392556187,0.1757366205651907,0.34361353516578674,0.09200116991996765,0.5202223062515259,0.5873301029205322,0.5793606505100887,0.9934157729148865,-0.11710240897727696,0.04432895533581008,0.2
21,n01491361/ILSVRC2012_val_00032130,vit_supervised,vit_small_patch16_224,token_gradient,predicted,blocks.5,1,1,1,0.38903290033340454,0.2325156331062317,0.6906384645509669,0.37883435582797875,0.3370799422264099,0.1658587008714676,0.438313752412796,0.5015096664428711,0.23001036352036233,0.9951015710830688,0.4764550062470455,0.5527949558738884,0.2
22,n01491361/ILSVRC2012_val_00034038,vit_supervised,vit_small_patch16_224,token_gradient,predicted,blocks.5,1,1,1,-0.22341510653495789,0.1856517493724823,0.015250668639381295,0.21806513279154907,0.07324770092964172,0.11348006874322891,0.09420958161354065,0.2813951373100281,0.15557238520405064,0.012608794495463371,-0.01937130218470405,-0.017975017755183155,0.2
23,n01491361/ILSVRC2012_val_00034413,vit_supervised,vit_small_patch16_224,token_gradient,predicted,blocks.5,1,1,1,-0.46914559602737427,0.1531955450773239,0.001597521421309194,0.3453588143523496,0.13800053298473358,0.13637100160121918,0.16515548527240753,0.3788148760795593,0.21235251913261075,0.9769418835639954,-0.08357133767885208,0.06907940786843303,0.2
24,n01491361/ILSVRC2012_val_00037780,vit_supervised,vit_small_patch16_224,token_gradient,predicted,blocks.5,1,1,1,0.5479220151901245,0.31419801712036133,0.6605936540425379,0.47407945736405394,0.3500395715236664,0.16039656102657318,0.48091456294059753,0.49356982111930847,0.28501674107137176,0.8659268617630005,0.5595707394980274,0.6053300124326415,0.2
25,n01531178/ILSVRC2012_val_00002668,vit_supervised,vit_small_patch16_224,token_gradient,predicted,blocks.5,2,2,2,0.16432932019233704,0.2309904545545578,0.15530600786066517,0.1346641667585008,0.19075803458690643,0.07364385575056076,0.24398621916770935,0.21396057307720184,0.2100805165815908,0.9890177249908447,0.15272278046268462,0.27836046447073615,0.2
26,n01531178/ILSVRC2012_val_00004243,vit_supervised,vit_small_patch16_224,token_gradient,predicted,blocks.5,2,2,2,-0.06627874076366425,0.3458842635154724,0.33882149046769294,0.11732449532984794,0.19709688425064087,0.09129921346902847,0.24560832977294922,0.1873677670955658,0.16950334821425195,0.3500165045261383,0.11033229943379655,0.14334141286102348,0.2
27,n01531178/ILSVRC2012_val_00004893,vit_supervised,vit_small_patch16_224,token_gradient,predicted,blocks.5,2,2,2,-0.04194728285074234,0.17598389089107513,0.08908985953426102,0.09034868040831212,0.04451572522521019,0.03202353045344353,0.04601457715034485,0.04342489317059517,0.02560985331632143,0.9554414749145508,0.037052648842475,0.17349430722506606,0.2
28,n01531178/ILSVRC2012_val_00005287,vit_supervised,vit_small_patch16_224,token_gradient,predicted,blocks.5,2,2,2,0.34964799880981445,0.1993061602115631,0.44533239038158035,0.5028689127552576,0.2500602900981903,0.12362753599882126,0.34429123997688293,0.4833642542362213,0.20717075892853015,0.9503593444824219,0.42431959046497714,0.5019810270400078,0.2
29,n01531178/ILSVRC2012_val_00010409,vit_supervised,vit_small_patch16_224,token_gradient,predicted,blocks.5,2,42,42,0.36618152260780334,0.3841959834098816,0.0,0.07229593888212923,0.026148388162255287,0.049786899238824844,0.03352409601211548,0.07409879565238953,0.0657485650510073,0.9971520900726318,0.16816139070776012,0.2958103311441582,0.2
30,n01531178/ILSVRC2012_val_00015903,vit_supervised,vit_small_patch16_224,token_gradient,predicted,blocks.5,2,2,2,0.28804895281791687,0.22104410827159882,0.18712072114523823,0.4142626517860502,0.18422964215278625,0.1582202911376953,0.23684430122375488,0.44564834237098694,0.20157047193873534,0.9685874581336975,0.29563459300655326,0.3964510954391476,0.2
31,n01531178/ILSVRC2012_val_00016252,vit_supervised,vit_small_patch16_224,token_gradient,predicted,blocks.5,2,2,2,0.12663137912750244,0.2687073349952698,0.03980605302256995,0.19762205008088846,0.060872916132211685,0.08315517008304596,0.0708237737417221,0.13108853995800018,0.064991230867334,0.963966965675354,0.1218809825820385,0.24827305332179356,0.2
16,n01491361/ILSVRC2012_val_00013484,vit_supervised,vit_small_patch16_224,token_gradient,predicted,blocks.8,1,18,18,0.2010989636182785,0.11490055918693542,0.3929270946679037,0.24747843882461262,0.30195218324661255,0.08377465605735779,0.3541170060634613,0.4267071783542633,0.31024792729585654,0.9485080242156982,0.27256124549506633,0.3727622242718813,0.2
17,n01491361/ILSVRC2012_val_00015631,vit_supervised,vit_small_patch16_224,token_gradient,predicted,blocks.8,1,1,1,0.10084231197834015,0.18449634313583374,0.16627414036727406,0.03743016759773922,0.11820624768733978,0.03599269688129425,0.12288350611925125,0.06398312747478485,0.0960817920918176,0.9845070242881775,0.10144821718084004,0.23389693982689896,0.2
18,n01491361/ILSVRC2012_val_00019531,vit_supervised,vit_small_patch16_224,token_gradient,predicted,blocks.8,1,1,1,0.3047293424606323,0.3278849124908447,0.21981047041335483,0.24951962668124436,0.2780134081840515,0.1338951289653778,0.8047299385070801,0.8877271413803101,0.7979312818875961,0.9955153465270996,0.2626907661126327,0.37331509611393604,0.2
19,n01491361/ILSVRC2012_val_00025640,vit_supervised,vit_small_patch16_224,token_gradient,predicted,blocks.8,1,1,1,-0.15170708298683167,0.1946752816438675,0.2750301951559739,0.2010119457500671,0.3186852037906647,0.0936475396156311,0.5786067843437195,0.6205457448959351,0.5994897959182479,0.832802951335907,0.08212980907707962,0.1908334988815052,0.2
20,n01491361/ILSVRC2012_val_00030926,vit_supervised,vit_small_patch16_224,token_gradient,predicted,blocks.8,1,1,1,-0.2991141080856323,0.17710156738758087,0.0010495596969073702,0.10826130083601863,0.34530118107795715,0.08646693825721741,0.5168401002883911,0.50531405210495,0.5793606505100887,0.9924867749214172,-0.08685238507437512,0.07151079354147277,0.2
21,n01491361/ILSVRC2012_val_00032130,vit_supervised,vit_small_patch16_224,token_gradient,predicted,blocks.8,1,1,1,0.384874165058136,0.2562512457370758,0.7076375148391708,0.24407541947745828,0.3340703845024109,0.09848270565271378,0.4365318715572357,0.32503172755241394,0.23001036352036233,0.9981561303138733,0.43946354631824314,0.5223576108965858,0.2
22,n01491361/ILSVRC2012_val_00034038,vit_supervised,vit_small_patch16_224,token_gradient,predicted,blocks.8,1,1,1,0.2594055235385895,0.21963496506214142,0.13130032333726538,0.17568369027995012,0.13399013876914978,0.0937894880771637,0.15638306736946106,0.205712229013443,0.15557238520405064,0.6161054372787476,0.19585741350060046,0.2599537522346223,0.2
23,n01491361/ILSVRC2012_val_00034413,vit_supervised,vit_small_patch16_224,token_gradient,predicted,blocks.8,1,1,1,-0.11208544671535492,0.1313217282295227,0.001646010844305942,0.4076870748296546,0.1425590217113495,0.13999415934085846,0.16839304566383362,0.44101405143737793,0.21235251913261075,0.9822857975959778,0.0779657470160462,0.21044623470751259,0.2
24,n01491361/ILSVRC2012_val_00037780,vit_supervised,vit_small_patch16_224,token_gradient,predicted,blocks.8,1,1,1,0.3862590193748474,0.09726625680923462,0.6769570011020694,0.4066581898044118,0.37464576959609985,0.07281172275543213,0.4800381064414978,0.5971006751060486,0.28501674107137176,0.8612381219863892,0.47958816502188334,0.5352801728057752,0.2
25,n01531178/ILSVRC2012_val_00002668,vit_supervised,vit_small_patch16_224,token_gradient,predicted,blocks.8,2,2,2,0.11930715292692184,0.3479284942150116,0.13535286652312786,0.21585538752350197,0.1811087727546692,0.13735787570476532,0.23123817145824432,0.28714385628700256,0.2100805165815908,0.9868530631065369,0.15308533738475769,0.27758752650206064,0.2
26,n01531178/ILSVRC2012_val_00004243,vit_supervised,vit_small_patch16_224,token_gradient,predicted,blocks.8,2,2,2,0.04238538071513176,0.4098256826400757,0.3978737842114168,0.24429530201325886,0.20096100866794586,0.14790019392967224,0.2408113330602646,0.2506065368652344,0.16950334821425195,0.638602614402771,0.20960487815345538,0.27116754696688067,0.2
27,n01531178/ILSVRC2012_val_00004893,vit_supervised,vit_small_patch16_224,token_gradient,predicted,blocks.8,2,2,2,0.071173295378685,0.22340255975723267,0.09308613364224305,0.06671692423665028,0.047639571130275726,0.028816506266593933,0.049395687878131866,0.037837523967027664,0.02560985331632143,0.9748303294181824,0.07641023551514199,0.21108596726499046,0.2
28,n01531178/ILSVRC2012_val_00005287,vit_supervised,vit_small_patch16_224,token_gradient,predicted,blocks.8,2,2,2,0.2323889136314392,0.3699714243412018,0.4486279514993628,0.24938845401158916,0.25247079133987427,0.12367741018533707,0.332057923078537,0.28737184405326843,0.20717075892853015,0.9843264818191528,0.3023604871058613,0.4034891934216146,0.2
29,n01531178/ILSVRC2012_val_00010409,vit_supervised,vit_small_patch16_224,token_gradient,predicted,blocks.8,2,42,42,0.2153269648551941,0.327727735042572,0.010457714458919022,0.13936597453632454,0.03499066084623337,0.07609841227531433,0.043988361954689026,0.11758754402399063,0.0657485650510073,0.9888619184494019,0.1310778926406507,0.2611496477155391,0.2
30,n01531178/ILSVRC2012_val_00015903,vit_supervised,vit_small_patch16_224,token_gradient,predicted,blocks.8,2,2,2,0.2645973563194275,0.32844987511634827,0.23047328244260734,0.5019754006705166,0.18734195828437805,0.2335246503353119,0.24374470114707947,0.46977996826171875,0.20157047193873534,0.9295651316642761,0.3255735474617082,0.415156015239722,0.2
31,n01531178/ILSVRC2012_val_00016252,vit_supervised,vit_small_patch16_224,token_gradient,predicted,blocks.8,2,2,2,-0.15962904691696167,0.3812362551689148,0.04372399717399817,0.1069852635083615,0.056072283536195755,0.07403019070625305,0.06636957824230194,0.09621874243021011,0.064991230867334,0.7180365920066833,-0.018638840562076778,0.08951263755065583,0.2
16,n01491361/ILSVRC2012_val_00013484,vit_supervised,vit_small_patch16_224,token_gradient,predicted,blocks.11,1,18,18,0.0,0.0,0.29289970710014496,0.31024792729585654,0.298160195350647,0.0,0.3594333231449127,0.0,0.31024792729585654,0.9702339172363281,0.18094429031880044,0.2963219961844496,0.2
17,n01491361/ILSVRC2012_val_00015631,vit_supervised,vit_small_patch16_224,token_gradient,predicted,blocks.11,1,1,1,0.0,0.0,0.1305936073058367,0.0960817920918176,0.11315667629241943,0.0,0.11735305190086365,0.0,0.0960817920918176,0.9699022173881531,0.06800261981929628,0.20215418245763656,0.2
18,n01491361/ILSVRC2012_val_00019531,vit_supervised,vit_small_patch16_224,token_gradient,predicted,blocks.11,1,1,1,0.0,0.0,0.22839899906770317,0.7979312818875961,0.3146696388721466,0.0,0.8096818923950195,0.0,0.7979312818875961,0.953604519367218,0.3078990842865898,0.3996232481439075,0.2
19,n01491361/ILSVRC2012_val_00025640,vit_supervised,vit_small_patch16_224,token_gradient,predicted,blocks.11,1,1,1,0.0,0.0,0.030836438391357874,0.5994897959182479,0.32363399863243103,0.0,0.5232442021369934,0.0,0.5994897959182479,0.9909659624099731,0.18909787029288172,0.3062264529388974,0.2
20,n01491361/ILSVRC2012_val_00030926,vit_supervised,vit_small_patch16_224,token_gradient,predicted,blocks.11,1,1,1,0.0,0.0,0.0004349160867784397,0.5793606505100887,0.35379377007484436,0.0,0.5150283575057983,0.0,0.5793606505100887,0.9922529458999634,0.17393866997906013,0.2937868335342113,0.2
21,n01491361/ILSVRC2012_val_00032130,vit_supervised,vit_small_patch16_224,token_gradient,predicted,blocks.11,1,1,1,0.0,0.0,0.6494151823250138,0.23001036352036233,0.31064483523368835,0.0,0.4146312177181244,0.0,0.23001036352036233,0.9938645362854004,0.26382766375361283,0.3689360669041541,0.2
22,n01491361/ILSVRC2012_val_00034038,vit_supervised,vit_small_patch16_224,token_gradient,predicted,blocks.11,1,1,1,0.0,0.0,0.28881022899639613,0.15557238520405064,0.17530345916748047,0.0,0.19461657106876373,0.0,0.15557238520405064,0.7614494562149048,0.13331478426013404,0.2253130719823474,0.2
23,n01491361/ILSVRC2012_val_00034413,vit_supervised,vit_small_patch16_224,token_gradient,predicted,blocks.11,1,1,1,0.0,0.0,0.0,0.21235251913261075,0.1406126469373703,0.0,0.16421565413475037,0.0,0.21235251913261075,0.9881600141525269,0.06370575573978322,0.20131213190603173,0.2
24,n01491361/ILSVRC2012_val_00037780,vit_supervised,vit_small_patch16_224,token_gradient,predicted,blocks.11,1,1,1,0.0,0.0,0.6749948379099215,0.28501674107137176,0.3723190426826477,0.0,0.4772382080554962,0.0,0.28501674107137176,0.8834429979324341,0.28800347369438795,0.3725193444351884,0.2
25,n01531178/ILSVRC2012_val_00002668,vit_supervised,vit_small_patch16_224,token_gradient,predicted,blocks.11,2,2,2,0.0,0.0,0.0736237933732984,0.2100805165815908,0.14576491713523865,0.0,0.18497425317764282,0.0,0.2100805165815908,0.9812849164009094,0.08511129298646675,0.2181188149488587,0.2
26,n01531178/ILSVRC2012_val_00004243,vit_supervised,vit_small_patch16_224,token_gradient,predicted,blocks.11,2,2,2,0.0,0.0,0.43665246028637217,0.16950334821425195,0.2122889757156372,0.0,0.24280403554439545,0.0,0.16950334821425195,0.9191612601280212,0.18184674255018723,0.28941314114435923,0.2
27,n01531178/ILSVRC2012_val_00004893,vit_supervised,vit_small_patch16_224,token_gradient,predicted,blocks.11,2,2,2,0.0,0.0,0.08325358851666674,0.02560985331632143,0.04439763352274895,0.0,0.04576263576745987,0.0,0.02560985331632143,0.9753410220146179,0.03265903254989645,0.1735170137604397,0.2
28,n01531178/ILSVRC2012_val_00005287,vit_supervised,vit_small_patch16_224,token_gradient,predicted,blocks.11,2,2,2,0.0,0.0,0.5003304692659908,0.20717075892853015,0.2585099935531616,0.0,0.3332100510597229,0.0,0.20717075892853015,0.9870879054069519,0.21225036845835626,0.324938492859673,0.2
29,n01531178/ILSVRC2012_val_00010409,vit_supervised,vit_small_patch16_224,token_gradient,predicted,blocks.11,2,42,42,0.0,0.0,0.0,0.0657485650510073,0.029650898650288582,0.0,0.03605901822447777,0.0,0.0657485650510073,0.9898555874824524,0.01972456951530219,0.1649154793851197,0.2
30,n01531178/ILSVRC2012_val_00015903,vit_supervised,vit_small_patch16_224,token_gradient,predicted,blocks.11,2,2,2,0.0,0.0,0.214453619432093,0.20157047193873534,0.17354753613471985,0.0,0.2229936569929123,0.0,0.20157047193873534,0.8955539464950562,0.1248072274112485,0.2383391148169655,0.2
31,n01531178/ILSVRC2012_val_00016252,vit_supervised,vit_small_patch16_224,token_gradient,predicted,blocks.11,2,2,2,0.0,0.0,0.03656349886954349,0.064991230867334,0.05958491936326027,0.0,0.06437782198190689,0.0,0.064991230867334,0.8917784690856934,0.03046641892106325,0.15915545279707338,0.2
32,n01531178/ILSVRC2012_val_00019236,vit_supervised,vit_small_patch16_224,token_gradient,predicted,blocks.2,2,2,2,0.09142512083053589,0.28555193543434143,0.22809213820716817,0.2586605080829749,0.16560518741607666,0.12478366494178772,0.23452909290790558,0.3228346109390259,0.19102758290812522,0.9774327874183655,0.1825958422192573,0.30030187197597813,0.2
33,n01531178/ILSVRC2012_val_00019744,vit_supervised,vit_small_patch16_224,token_gradient,predicted,blocks.2,2,8,8,0.4475272595882416,0.22426266968250275,0.4106506062283773,0.6106587043063602,0.16820600628852844,0.20202840864658356,0.2397831380367279,0.6054539680480957,0.15477519132649978,0.9978741407394409,0.48540369699571784,0.5616429896004851,0.2
34,n01531178/ILSVRC2012_val_00025507,vit_supervised,vit_small_patch16_224,token_gradient,predicted,blocks.2,2,2,2,0.17444796860218048,0.23184378445148468,0.09874826147421699,0.3073642670738289,0.136496439576149,0.14205260574817657,0.19261056184768677,0.41787803173065186,0.20936304209179502,0.9242239594459534,0.19161294600528594,0.3012185150646676,0.2
35,n01531178/ILSVRC2012_val_00030071,vit_supervised,vit_small_patch16_224,token_gradient,predicted,blocks.2,2,2,2,0.09545587748289108,0.1359958052635193,0.10525915214239648,0.2768296973959563,0.08572668582201004,0.12072993069887161,0.09763169288635254,0.27674344182014465,0.0892857142856965,0.9665462970733643,0.15280900585466228,0.27391371406460474,0.2
36,n01531178/ILSVRC2012_val_00031086,vit_supervised,vit_small_patch16_224,token_gradient,predicted,blocks.2,2,7,7,0.6307697296142578,0.2183150351047516,0.4513711603389184,0.4335448186103517,0.23915237188339233,0.1742367297410965,0.2927680015563965,0.485071063041687,0.1512476084183372,0.9695806503295898,0.5177826855304841,0.5874354976517462,0.2
37,n01531178/ILSVRC2012_val_00034250,vit_supervised,vit_small_patch16_224,token_gradient,predicted,blocks.2,2,2,2,0.0841083973646164,0.16277959942817688,0.02259164535378299,0.17208797176205695,0.09266094118356705,0.0736633837223053,0.14395250380039215,0.3370828330516815,0.2301698022958725,0.9659421443939209,0.09204724408059853,0.22299916501566386,0.2
38,n01531178/ILSVRC2012_val_00037611,vit_supervised,vit_small_patch16_224,token_gradient,predicted,blocks.2,2,2,2,0.19313809275627136,0.31880301237106323,0.4797822706060655,0.20921366163605304,0.17745859920978546,0.1017039567232132,0.19067604839801788,0.1591332107782364,0.10341597576528552,0.9432835578918457,0.2839540167751441,0.38133984920900144,0.2
39,n01531178/ILSVRC2012_val_00044706,vit_supervised,vit_small_patch16_224,token_gradient,predicted,blocks.2,2,2,2,0.11451660841703415,0.16870643198490143,0.4191826376123049,0.34268918695119827,0.15989083051681519,0.13692529499530792,0.18011726438999176,0.32269155979156494,0.12320631377548566,0.9783276915550232,0.2743681907358646,0.3772979228200912,0.2
40,n01644373/ILSVRC2012_val_00000944,vit_supervised,vit_small_patch16_224,token_gradient,predicted,blocks.2,3,3,3,0.07219062000513077,0.41210871934890747,0.4119826264689099,0.24653208525985995,0.24456720054149628,0.17906294763088226,0.5905297994613647,0.620970606803894,0.4608577806121531,0.9947346448898315,0.22643066152068325,0.3391055916674629,0.2
41,n01644373/ILSVRC2012_val_00001739,vit_supervised,vit_small_patch16_224,token_gradient,predicted,blocks.2,3,3,3,-0.17884640395641327,0.15888139605522156,0.06520853570643148,0.26592931888419696,0.3191721737384796,0.10580624639987946,0.45126861333847046,0.607803225517273,0.4774992028060273,0.9721157550811768,0.027802794794623206,0.16600558552508898,0.2
42,n01644373/ILSVRC2012_val_00003846,vit_supervised,vit_small_patch16_224,token_gradient,predicted,blocks.2,3,3,3,0.3755643665790558,0.43150976300239563,0.33555898537097856,0.21279059138959425,0.3265784978866577,0.16078431904315948,0.7878842949867249,0.650655210018158,0.5933115433672287,0.9813276529312134,0.31473061965979415,0.41573407043249466,0.2
43,n01644373/ILSVRC2012_val_00007574,vit_supervised,vit_small_patch16_224,token_gradient,predicted,blocks.2,3,2,2,-0.19849276542663574,0.15957313776016235,0.19476773605900477,0.1707740367926956,0.23866866528987885,0.07837565243244171,0.31120043992996216,0.30434370040893555,0.2705676020407624,0.8462133407592773,0.030265425684855803,0.1488449764274942,0.2
44,n01644373/ILSVRC2012_val_00015245,vit_supervised,vit_small_patch16_224,token_gradient,predicted,blocks.2,3,3,3,-0.04818475991487503,0.2218555212020874,0.0,0.24034968210703886,0.07509589195251465,0.11903829872608185,0.10305653512477875,0.3098070025444031,0.23547114158158575,0.9888705611228943,0.05283100066616164,0.1915533387249876,0.2
45,n01644373/ILSVRC2012_val_00016177,vit_supervised,vit_small_patch16_224,token_gradient,predicted,blocks.2,3,3,3,0.32954758405685425,0.47941234707832336,0.27610849955524197,0.2205918094543017,0.27322620153427124,0.19876661896705627,0.7708750367164612,0.6922487616539001,0.6007254464284517,0.7761884927749634,0.2808291263256048,0.3559450055885294,0.2
46,n01644373/ILSVRC2012_val_00017505,vit_supervised,vit_small_patch16_224,token_gradient,predicted,blocks.2,3,3,3,0.4195825159549713,0.23638460040092468,0.45992030395657496,0.26467046640421876,0.19229267537593842,0.12742997705936432,0.24043603241443634,0.3117699921131134,0.11397879464283443,0.5129901766777039,0.38521023749022665,0.40495009967609397,0.2
47,n01644373/ILSVRC2012_val_00020943,vit_supervised,vit_small_patch16_224,token_gradient,predicted,blocks.2,3,3,3,0.3064004182815552,0.18729151785373688,0.1048665189887632,0.13613094119854027,0.3432229161262512,0.07668067514896393,0.6777561902999878,0.6861780285835266,0.7642299107141335,0.9697023034095764,0.19485940536881313,0.3129448569568066,0.2
32,n01531178/ILSVRC2012_val_00019236,vit_supervised,vit_small_patch16_224,token_gradient,predicted,blocks.5,2,2,2,0.09572489559650421,0.22294948995113373,0.22487201897850861,0.21561338289949467,0.16547344624996185,0.10246625542640686,0.23655131459236145,0.3318954408168793,0.19102758290812522,0.989723265171051,0.17043557880200266,0.2920835537039349,0.2
33,n01531178/ILSVRC2012_val_00019744,vit_supervised,vit_small_patch16_224,token_gradient,predicted,blocks.5,2,8,8,0.23317837715148926,0.18369795382022858,0.45349881603621006,0.44348037625653297,0.19020666182041168,0.13510404527187347,0.2465306967496872,0.4330345690250397,0.15477519132649978,0.9981415867805481,0.36236510854841864,0.45557846809328917,0.2
34,n01531178/ILSVRC2012_val_00025507,vit_supervised,vit_small_patch16_224,token_gradient,predicted,blocks.5,2,2,2,0.12861332297325134,0.16853858530521393,0.11303782377798144,0.35158254918710824,0.1372147798538208,0.10449781268835068,0.1954595446586609,0.4105582535266876,0.20936304209179502,0.9467864036560059,0.19083144107882744,0.30318771683031126,0.2
35,n01531178/ILSVRC2012_val_00030071,vit_supervised,vit_small_patch16_224,token_gradient,predicted,blocks.5,2,2,2,0.23572757840156555,0.22245857119560242,0.0679075927015392,0.18741819371712415,0.07853586971759796,0.10246706008911133,0.08839887380599976,0.17659032344818115,0.0892857142856965,0.9534372687339783,0.17088876728622523,0.2893516893553105,0.2
36,n01531178/ILSVRC2012_val_00031086,vit_supervised,vit_small_patch16_224,token_gradient,predicted,blocks.5,2,7,7,0.4104847013950348,0.2367391586303711,0.3538177907509957,0.4069934536161528,0.21030275523662567,0.15347638726234436,0.2648697793483734,0.39344698190689087,0.1512476084183372,0.9975992441177368,0.3924372538681584,0.48351234319770975,0.2
37,n01531178/ILSVRC2012_val_00034250,vit_supervised,vit_small_patch16_224,token_gradient,predicted,blocks.5,2,2,2,0.13136446475982666,0.10583076626062393,0.015334681781826363,0.2401034185577477,0.09191442281007767,0.06114739179611206,0.13549314439296722,0.374806672334671,0.2301698022958725,0.9773868918418884,0.1291772160058029,0.25644512152711607,0.2
38,n01531178/ILSVRC2012_val_00037611,vit_supervised,vit_small_patch16_224,token_gradient,predicted,blocks.5,2,2,2,0.2527541518211365,0.21446534991264343,0.4379899877203759,0.2972051806405102,0.15242141485214233,0.1423805058002472,0.16031429171562195,0.2393728345632553,0.10341597576528552,0.8998373746871948,0.3216602112367204,0.40723835143069853,0.2
39,n01531178/ILSVRC2012_val_00044706,vit_supervised,vit_small_patch16_224,token_gradient,predicted,blocks.5,2,2,2,0.15417863428592682,0.23208588361740112,0.31995767540263714,0.41461712890248154,0.14083772897720337,0.17566491663455963,0.15988780558109283,0.32755938172340393,0.12320631377548566,0.9852625131607056,0.2820438950059063,0.38539560005045986,0.2
40,n01644373/ILSVRC2012_val_00000944,vit_supervised,vit_small_patch16_224,token_gradient,predicted,blocks.5,3,3,3,-0.08319102972745895,0.3848622739315033,0.4069501018328212,0.16896940645701078,0.22437319159507751,0.10818486660718918,0.5654048919677734,0.46522870659828186,0.4608577806121531,0.9920489192008972,0.139499440595966,0.26367035454798193,0.2
41,n01644373/ILSVRC2012_val_00001739,vit_supervised,vit_small_patch16_224,token_gradient,predicted,blocks.5,3,3,3,-0.060835450887680054,0.14584195613861084,0.08489181081250881,0.2404305783615251,0.36385980248451233,0.1003931537270546,0.4740154445171356,0.573370099067688,0.4774992028060273,0.9710519909858704,0.07326253639713814,0.205695988130701,0.2
42,n01644373/ILSVRC2012_val_00003846,vit_supervised,vit_small_patch16_224,token_gradient,predicted,blocks.5,3,3,3,-0.08084487169981003,0.36370113492012024,0.2598911185667342,0.2384493326280332,0.32583603262901306,0.16951699554920197,0.6335415840148926,0.625342607498169,0.5933115433672287,0.9319049119949341,0.1171641866785062,0.23607514450299844,0.2
43,n01644373/ILSVRC2012_val_00007574,vit_supervised,vit_small_patch16_224,token_gradient,predicted,blocks.5,3,2,2,-0.38483408093452454,0.14131475985050201,0.11688741721848775,0.1398020757904225,0.2162824124097824,0.060995809733867645,0.28828683495521545,0.24505238234996796,0.2705676020407624,0.8935670256614685,-0.07692678447113674,0.06351549877436424,0.2
44,n01644373/ILSVRC2012_val_00015245,vit_supervised,vit_small_patch16_224,token_gradient,predicted,blocks.5,3,3,3,-0.33593615889549255,0.1269024908542633,0.0,0.17529987628412924,0.0822146013379097,0.0923161655664444,0.10912485420703888,0.34945014119148254,0.23547114158158575,0.9888023734092712,-0.08178450067295825,0.0745676694690006,0.2
45,n01644373/ILSVRC2012_val_00016177,vit_supervised,vit_small_patch16_224,token_gradient,predicted,blocks.5,3,3,3,0.3281647264957428,0.3535057306289673,0.2009266178448062,0.2377402661408829,0.24968081712722778,0.12199440598487854,0.6562564969062805,0.7182953357696533,0.6007254464284517,0.9133960604667664,0.26286595579400385,0.3615337843399472,0.2
46,n01644373/ILSVRC2012_val_00017505,vit_supervised,vit_small_patch16_224,token_gradient,predicted,blocks.5,3,3,3,0.2618296146392822,0.21302074193954468,0.5146620517253008,0.21802999845351936,0.19485566020011902,0.09199516475200653,0.25081413984298706,0.2569558322429657,0.11397879464283443,0.9514760375022888,0.3245394609093589,0.4175347832937971,0.2
47,n01644373/ILSVRC2012_val_00020943,vit_supervised,vit_small_patch16_224,token_gradient,predicted,blocks.5,3,3,3,0.3230009377002716,0.2932682931423187,0.1582160298764344,0.07035242583127135,0.2941358685493469,0.07404392957687378,0.7164115905761719,0.5542997717857361,0.7642299107141335,0.9662944674491882,0.19777091179242037,0.3151366122393997,0.2
32,n01531178/ILSVRC2012_val_00019236,vit_supervised,vit_small_patch16_224,token_gradient,predicted,blocks.8,2,2,2,0.06406571716070175,0.16456151008605957,0.20991613221496674,0.26157407407390587,0.17105890810489655,0.07014602422714233,0.23605088889598846,0.2839262783527374,0.19102758290812522,0.9706816673278809,0.16707334875094249,0.28589780267764586,0.2
33,n01531178/ILSVRC2012_val_00019744,vit_supervised,vit_small_patch16_224,token_gradient,predicted,blocks.8,2,8,8,0.1942291408777237,0.24081839621067047,0.45302424291857557,0.2840654980882319,0.19764699041843414,0.09015785157680511,0.2523353397846222,0.24885742366313934,0.15477519132649978,0.9981595277786255,0.2988185786531317,0.4019765637256989,0.2
34,n01531178/ILSVRC2012_val_00025507,vit_supervised,vit_small_patch16_224,token_gradient,predicted,blocks.8,2,2,2,-0.19620506465435028,0.3687534034252167,0.14244396240049922,0.27911321459691174,0.14608271420001984,0.15048161149024963,0.20610658824443817,0.30215775966644287,0.20936304209179502,0.9678506851196289,0.04798512723748316,0.1818951243882745,0.2
35,n01531178/ILSVRC2012_val_00030071,vit_supervised,vit_small_patch16_224,token_gradient,predicted,blocks.8,2,2,2,0.29290300607681274,0.3866153061389923,0.09671326029460013,0.1521670106364882,0.0827411338686943,0.10483387857675552,0.09395057708024979,0.1456979215145111,0.0892857142856965,0.9432082772254944,0.1918252837100516,0.30621736144348066,0.2
36,n01531178/ILSVRC2012_val_00031086,vit_supervised,vit_small_patch16_224,token_gradient,predicted,blocks.8,2,7,7,0.4400165379047394,0.22143079340457916,0.3581997533905994,0.43412808202422154,0.20744122564792633,0.1176769807934761,0.2634347081184387,0.3400874137878418,0.1512476084183372,0.9968851208686829,0.41370496578634197,0.5016205152506664,0.2
37,n01531178/ILSVRC2012_val_00034250,vit_supervised,vit_small_patch16_224,token_gradient,predicted,blocks.8,2,2,2,0.20216943323612213,0.22458839416503906,0.007231163984134718,0.17145183175024614,0.09600778669118881,0.09604054689407349,0.1362721472978592,0.29220259189605713,0.2301698022958725,0.9667593240737915,0.13447267201476312,0.2604439491773067,0.2
38,n01531178/ILSVRC2012_val_00037611,vit_supervised,vit_small_patch16_224,token_gradient,predicted,blocks.8,2,2,2,0.09071695804595947,0.5210813283920288,0.4192225226061161,0.1908635794741936,0.1487668752670288,0.10676568746566772,0.15656159818172455,0.13450388610363007,0.10341597576528552,0.8842064142227173,0.2193126138424767,0.31690342296957086,0.2
39,n01531178/ILSVRC2012_val_00044706,vit_supervised,vit_small_patch16_224,token_gradient,predicted,blocks.8,2,2,2,0.20119015872478485,0.16288471221923828,0.3249183006533293,0.4411268106278849,0.14212243258953094,0.20898281037807465,0.16306540369987488,0.4776001274585724,0.12320631377548566,0.9873142242431641,0.31028959687427815,0.4100249670104529,0.2
40,n01644373/ILSVRC2012_val_00000944,vit_supervised,vit_small_patch16_224,token_gradient,predicted,blocks.8,3,3,3,0.2304118573665619,0.31069791316986084,0.40361496782915524,0.18994473551992036,0.2216503918170929,0.10199492424726486,0.5307103395462036,0.551892101764679,0.4608577806121531,0.9919075965881348,0.27023265395134743,0.37782021540378574,0.2
41,n01644373/ILSVRC2012_val_00001739,vit_supervised,vit_small_patch16_224,token_gradient,predicted,blocks.8,3,3,3,-0.06978986412286758,0.2053939253091812,0.07893483987682771,0.1421947449767683,0.38171452283859253,0.1180737242102623,0.4772566854953766,0.4657049775123596,0.4774992028060273,0.97640061378479,0.038422929806931766,0.17731603583811387,0.2
42,n01644373/ILSVRC2012_val_00003846,vit_supervised,vit_small_patch16_224,token_gradient,predicted,blocks.8,3,3,3,-0.2775893211364746,0.222026064991951,0.15483927120803215,0.13738320427461287,0.3040142357349396,0.09769757091999054,0.5754643678665161,0.5202768445014954,0.5933115433672287,0.9611731767654419,-0.02336898580979635,0.12007533298771143,0.2
43,n01644373/ILSVRC2012_val_00007574,vit_supervised,vit_small_patch16_224,token_gradient,predicted,blocks.8,3,2,2,-0.3365961015224457,0.13661105930805206,0.07675118569861512,0.1981629960417141,0.19343680143356323,0.07046939432621002,0.26697784662246704,0.2982498109340668,0.2705676020407624,0.9200125932693481,-0.05216418608687951,0.08892179889262855,0.2
44,n01644373/ILSVRC2012_val_00015245,vit_supervised,vit_small_patch16_224,token_gradient,predicted,blocks.8,3,3,3,-0.2043914496898651,0.11786963790655136,0.0,0.21992071911103794,0.06666745245456696,0.10107995569705963,0.08951017260551453,0.37748175859451294,0.23547114158158575,0.9815329909324646,-0.015780364142634673,0.1306731210261764,0.2
45,n01644373/ILSVRC2012_val_00016177,vit_supervised,vit_small_patch16_224,token_gradient,predicted,blocks.8,3,3,3,0.11761574447154999,0.17686252295970917,0.17459435755001476,0.18979507225770265,0.21325337886810303,0.06069600209593773,0.5395724177360535,0.6707460284233093,0.6007254464284517,0.9845781922340393,0.15636312673093522,0.27994959685207776,0.2
46,n01644373/ILSVRC2012_val_00017505,vit_supervised,vit_small_patch16_224,token_gradient,predicted,blocks.8,3,3,3,0.26985758543014526,0.24582290649414062,0.5043926661568904,0.17365715562826964,0.1900479644536972,0.08873425424098969,0.2389369159936905,0.20383059978485107,0.11397879464283443,0.9810988903045654,0.3113579807076061,0.41112744389252565,0.2
47,n01644373/ILSVRC2012_val_00020943,vit_supervised,vit_small_patch16_224,token_gradient,predicted,blocks.8,3,3,3,0.12172498553991318,0.34599658846855164,0.19939015320536482,0.14513952992966814,0.3013533651828766,0.11992567777633667,0.7428322434425354,0.6767480969429016,0.7642299107141335,0.9550454020500183,0.15204889915647515,0.2719929760302306,0.2
32,n01531178/ILSVRC2012_val_00019236,vit_supervised,vit_small_patch16_224,token_gradient,predicted,blocks.11,2,2,2,0.0,0.0,0.23567199899216798,0.19102758290812522,0.17797131836414337,0.0,0.240489199757576,0.0,0.19102758290812522,0.9555899500846863,0.12800987457008794,0.2500133879877763,0.2
33,n01531178/ILSVRC2012_val_00019744,vit_supervised,vit_small_patch16_224,token_gradient,predicted,blocks.11,2,8,8,0.0,0.0,0.48341666666626376,0.15477519132649978,0.19919294118881226,0.0,0.22517913579940796,0.0,0.15477519132649978,0.9956648945808411,0.19145755739782905,0.308897698685317,0.2
34,n01531178/ILSVRC2012_val_00025507,vit_supervised,vit_small_patch16_224,token_gradient,predicted,blocks.11,2,2,2,0.0,0.0,0.25259177948514905,0.20936304209179502,0.18387371301651,0.0,0.24457085132598877,0.0,0.20936304209179502,0.9480804800987244,0.1385864464730832,0.2577007774090447,0.2
35,n01531178/ILSVRC2012_val_00030071,vit_supervised,vit_small_patch16_224,token_gradient,predicted,blocks.11,2,2,2,0.0,0.0,0.10750801159765945,0.0892857142856965,0.08444005995988846,0.0,0.0949399471282959,0.0,0.0892857142856965,0.9630874991416931,0.05903811776500678,0.19366155634209295,0.2
36,n01531178/ILSVRC2012_val_00031086,vit_supervised,vit_small_patch16_224,token_gradient,predicted,blocks.11,2,7,7,0.0,0.0,0.3951868271054503,0.1512476084183372,0.2142069786787033,0.0,0.26891160011291504,0.0,0.1512476084183372,0.994608998298645,0.16393033065713625,0.2857999586257436,0.2
37,n01531178/ILSVRC2012_val_00034250,vit_supervised,vit_small_patch16_224,token_gradient,predicted,blocks.11,2,2,2,0.0,0.0,0.01500117564071714,0.2301698022958725,0.13213729858398438,0.0,0.16463012993335724,0.0,0.2301698022958725,0.8836215138435364,0.07355129338097689,0.1938359715606779,0.2
38,n01531178/ILSVRC2012_val_00037611,vit_supervised,vit_small_patch16_224,token_gradient,predicted,blocks.11,2,2,2,0.0,0.0,0.3608652900685073,0.10341597576528552,0.1503961980342865,0.0,0.15687339007854462,0.0,0.10341597576528552,0.951532244682312,0.13928437975013785,0.25880015316079497,0.2
39,n01531178/ILSVRC2012_val_00044706,vit_supervised,vit_small_patch16_224,token_gradient,predicted,blocks.11,2,2,2,0.0,0.0,0.39633201308731153,0.12320631377548566,0.1537003517150879,0.0,0.1720537692308426,0.0,0.12320631377548566,0.977017879486084,0.15586149805883914,0.2764372636386119,0.2
40,n01644373/ILSVRC2012_val_00000944,vit_supervised,vit_small_patch16_224,token_gradient,predicted,blocks.11,3,3,3,0.0,0.0,0.3607600131318283,0.4608577806121531,0.2368129938840866,0.0,0.5236229300498962,0.0,0.4608577806121531,0.9928816556930542,0.2464853381231944,0.3543366967899535,0.2
41,n01644373/ILSVRC2012_val_00001739,vit_supervised,vit_small_patch16_224,token_gradient,predicted,blocks.11,3,3,3,0.0,0.0,0.17257079783375096,0.4774992028060273,0.3853147029876709,0.0,0.48555052280426025,0.0,0.4774992028060273,0.9802843332290649,0.19502100019193347,0.30956015014430427,0.2
42,n01644373/ILSVRC2012_val_00003846,vit_supervised,vit_small_patch16_224,token_gradient,predicted,blocks.11,3,3,3,0.0,0.0,0.054157838983036506,0.5933115433672287,0.31696760654449463,0.0,0.5307043790817261,0.0,0.5933115433672287,0.9877371788024902,0.19424081470507956,0.31002792240793986,0.2
43,n01644373/ILSVRC2012_val_00007574,vit_supervised,vit_small_patch16_224,token_gradient,predicted,blocks.11,3,2,2,0.0,0.0,0.08231735264456765,0.2705676020407624,0.1990913450717926,0.0,0.2597474455833435,0.0,0.2705676020407624,0.8432454466819763,0.10586548640559902,0.21470805567362894,0.2
44,n01644373/ILSVRC2012_val_00015245,vit_supervised,vit_small_patch16_224,token_gradient,predicted,blocks.11,3,3,3,0.0,0.0,0.0,0.23547114158158575,0.07030287384986877,0.0,0.09591073542833328,0.0,0.23547114158158575,0.9905845522880554,0.07064134247447572,0.20745546823860475,0.2
45,n01644373/ILSVRC2012_val_00016177,vit_supervised,vit_small_patch16_224,token_gradient,predicted,blocks.11,3,3,3,0.0,0.0,0.07817196221552218,0.6007254464284517,0.1985776722431183,0.0,0.42720523476600647,0.0,0.6007254464284517,0.9755163192749023,0.20366922259319217,0.31605180005222877,0.2
46,n01644373/ILSVRC2012_val_00017505,vit_supervised,vit_small_patch16_224,token_gradient,predicted,blocks.11,3,3,3,0.0,0.0,0.3639826839823688,0.11397879464283443,0.1689407080411911,0.0,0.20289133489131927,0.0,0.11397879464283443,0.8650916218757629,0.14338844358756098,0.24925411293766525,0.2
47,n01644373/ILSVRC2012_val_00020943,vit_supervised,vit_small_patch16_224,token_gradient,predicted,blocks.11,3,3,3,0.0,0.0,0.22464942034115715,0.7642299107141335,0.32840728759765625,0.0,0.7435051798820496,0.0,0.7642299107141335,0.9606888294219971,0.29666379931658715,0.3913231571771222,0.2
48,n01644373/ILSVRC2012_val_00025717,vit_supervised,vit_small_patch16_224,token_gradient,predicted,blocks.2,3,3,3,0.2612854540348053,0.5244715809822083,0.3511256180097196,0.13326354778962346,0.2315034121274948,0.13842275738716125,0.4227089285850525,0.3795822262763977,0.3609893176019689,0.9130588173866272,0.24983093135372503,0.34950602297001165,0.2
49,n01644373/ILSVRC2012_val_00028225,vit_supervised,vit_small_patch16_224,token_gradient,predicted,blocks.2,3,3,3,0.15861673653125763,0.19486352801322937,0.5192405615766936,0.34438364982275865,0.29875677824020386,0.08778367191553116,0.3839142620563507,0.3318004012107849,0.2162388392856712,0.6582693457603455,0.32253395803233875,0.37016231249985504,0.2
50,n01644373/ILSVRC2012_val_00028673,vit_supervised,vit_small_patch16_224,token_gradient,predicted,blocks.2,3,8,8,0.37081342935562134,0.16555184125900269,0.4661398976850194,0.3883639503091811,0.35411152243614197,0.10798703134059906,0.47986820340156555,0.5835555195808411,0.3768933354591086,0.9535194635391235,0.4046765261405087,0.4864385818038861,0.2
51,n01644373/ILSVRC2012_val_00030622,vit_supervised,vit_small_patch16_224,token_gradient,predicted,blocks.2,3,3,3,-0.33067411184310913,0.2557455003261566,0.32027821478817564,0.07258173012237819,0.20602993667125702,0.07408503443002701,0.22803029417991638,0.12131459265947342,0.1177853954081398,0.887904167175293,-0.014411661264077506,0.11566467215884421,0.2
52,n01644373/ILSVRC2012_val_00032104,vit_supervised,vit_small_patch16_224,token_gradient,predicted,blocks.2,3,3,3,0.1774177998304367,0.26166480779647827,0.18306182467032908,0.1864333764124378,0.19459351897239685,0.07513974606990814,0.5369651913642883,0.5554513931274414,0.513552295918265,0.9812883138656616,0.18181568025700473,0.3016632772911938,0.2
53,n01644373/ILSVRC2012_val_00036066,vit_supervised,vit_small_patch16_224,token_gradient,predicted,blocks.2,3,47,47,0.3655904233455658,0.3810665011405945,0.08111077599205457,0.12933207309385875,0.2728545665740967,0.1216927245259285,0.6924680471420288,0.6751158237457275,0.8001434948977998,0.9829816222190857,0.20936902406400032,0.3280146037752892,0.2
54,n01644373/ILSVRC2012_val_00043303,vit_supervised,vit_small_patch16_224,token_gradient,predicted,blocks.2,3,3,3,0.42958131432533264,0.3915533721446991,0.16076527698442722,0.05493079584770334,0.07833245396614075,0.042495641857385635,0.08372367918491364,0.05438685417175293,0.04304846938774653,0.9902127385139465,0.23654134757977224,0.352809388998991,0.2
55,n01644373/ILSVRC2012_val_00044855,vit_supervised,vit_small_patch16_224,token_gradient,predicted,blocks.2,3,2,2,0.284851610660553,0.10855992138385773,0.2608637248974002,0.24061591329616663,0.17358705401420593,0.04886201396584511,0.23139990866184235,0.28077787160873413,0.17414700255098572,0.9682450294494629,0.26438453572229126,0.3703047276970047,0.2
56,n02104029/ILSVRC2012_val_00006336,vit_supervised,vit_small_patch16_224,token_gradient,predicted,blocks.2,4,4,4,0.19904747605323792,0.24277693033218384,0.1898880913103148,0.19251241221984336,0.35241565108299255,0.09826197475194931,0.835819661617279,0.8702054619789124,0.8626434948977874,0.9872757196426392,0.1943391414803426,0.3133581004475687,0.2
57,n02104029/ILSVRC2012_val_00011746,vit_supervised,vit_small_patch16_224,token_gradient,predicted,blocks.2,4,4,4,0.11054834723472595,0.27199825644493103,0.3920961439206723,0.2653348528522723,0.2149999439716339,0.12468532472848892,0.27169063687324524,0.27664846181869507,0.17617984693874042,0.970106840133667,0.24144863792577376,0.34856569674544025,0.2
58,n02104029/ILSVRC2012_val_00012318,vit_supervised,vit_small_patch16_224,token_gradient,predicted,blocks.2,4,6,6,0.24546048045158386,0.22338347136974335,0.14395574743654074,0.14133799973073718,0.2068576067686081,0.05908847972750664,0.4360990524291992,0.41632509231567383,0.4759446747448031,0.9688479900360107,0.18377231633081692,0.30256180345527545,0.2
59,n02104029/ILSVRC2012_val_00021642,vit_supervised,vit_small_patch16_224,token_gradient,predicted,blocks.2,4,4,4,0.19782434403896332,0.167474165558815,0.19234263028624554,0.181372712423687,0.23657245934009552,0.04747427999973297,0.5295668244361877,0.4896453320980072,0.5063177614794909,0.9644418358802795,0.1912443404285651,0.3073336314731622,0.2
60,n02104029/ILSVRC2012_val_00024533,vit_supervised,vit_small_patch16_224,token_gradient,predicted,blocks.2,4,4,4,-0.061235181987285614,0.2562102675437927,0.126008254876008,0.20291651056220558,0.37138107419013977,0.1575847864151001,0.5688698887825012,0.6737191081047058,0.6318757971937516,0.9896249175071716,0.07418335683654982,0.20924261529007918,0.2
61,n02104029/ILSVRC2012_val_00024981,vit_supervised,vit_small_patch16_224,token_gradient,predicted,blocks.2,4,19,19,0.4840151071548462,0.3384357988834381,0.0,0.019329483477687415,0.017027152702212334,0.024220183491706848,0.020290836691856384,0.0365670807659626,0.053292410714275096,0.9969496726989746,0.19940488790524472,0.3237801092784642,0.2
62,n02104029/ILSVRC2012_val_00025006,vit_supervised,vit_small_patch16_224,token_gradient,predicted,blocks.2,4,20,20,0.2666725218296051,0.4236305356025696,0.08607043925600644,0.10851565129582345,0.18008479475975037,0.12872214615345,0.38242992758750916,0.3763121962547302,0.45637356505092946,0.9820266962051392,0.165044835897391,0.2892859097090901,0.2
63,n02104029/ILSVRC2012_val_00027086,vit_supervised,vit_small_patch16_224,token_gradient,predicted,blocks.2,4,4,4,0.21234457194805145,0.23652507364749908,0.15646922831629537,0.20648286759809414,0.17145025730133057,0.05956670641899109,0.8517850637435913,0.9690977931022644,0.9564732142855237,0.6089116334915161,0.19382345755353744,0.2563953691841428,0.2
48,n01644373/ILSVRC2012_val_00025717,vit_supervised,vit_small_patch16_224,token_gradient,predicted,blocks.5,3,3,3,0.08034221827983856,0.5035803318023682,0.37926303410408696,0.22938504542268107,0.2560783922672272,0.17448687553405762,0.41798073053359985,0.4113122820854187,0.3609893176019689,0.9200865030288696,0.2147313111699658,0.3182947717339659,0.2
49,n01644373/ILSVRC2012_val_00028225,vit_supervised,vit_small_patch16_224,token_gradient,predicted,blocks.5,3,3,3,0.255137175321579,0.20005132257938385,0.4007375125709683,0.34533625354267883,0.2747403383255005,0.13349801301956177,0.3221878707408905,0.3879755735397339,0.2162388392856712,0.7529336810112,0.32587699996272573,0.3887565050426445,0.2
50,n01644373/ILSVRC2012_val_00028673,vit_supervised,vit_small_patch16_224,token_gradient,predicted,blocks.5,3,8,8,0.45922771096229553,0.15959133207798004,0.4951446280989178,0.44304302308168747,0.3581419885158539,0.11180538684129715,0.4819483757019043,0.611638605594635,0.3768933354591086,0.909322202205658,0.46514737973909975,0.5316749419628035,0.2
51,n01644373/ILSVRC2012_val_00030622,vit_supervised,vit_small_patch16_224,token_gradient,predicted,blocks.5,3,3,3,-0.1547258049249649,0.21821744740009308,0.28402319214021254,0.05407549414949819,0.18763811886310577,0.051160529255867004,0.21262267231941223,0.10068531334400177,0.1177853954081398,0.8962100148200989,0.03953928391692725,0.1648021420717048,0.2
52,n01644373/ILSVRC2012_val_00032104,vit_supervised,vit_small_patch16_224,token_gradient,predicted,blocks.5,3,3,3,-0.0866314098238945,0.40262293815612793,0.18183918669125235,0.17978712887594167,0.1575378179550171,0.08932764828205109,0.5527203679084778,0.5283311605453491,0.513552295918265,0.9799712300300598,0.07383533074060039,0.2070812699579444,0.2
53,n01644373/ILSVRC2012_val_00036066,vit_supervised,vit_small_patch16_224,token_gradient,predicted,blocks.5,3,47,47,0.2636823058128357,0.4124597907066345,0.15048488044197472,0.17811531599207014,0.25470343232154846,0.13212047517299652,0.7296820282936096,0.7500623464584351,0.8001434948977998,0.9772146344184875,0.2040529812553477,0.32102105130577685,0.2
54,n01644373/ILSVRC2012_val_00043303,vit_supervised,vit_small_patch16_224,token_gradient,predicted,blocks.5,3,3,3,0.27790719270706177,0.2442152351140976,0.19418331374834097,0.009352756166189908,0.09944505989551544,0.01994140073657036,0.10603486001491547,0.032134898006916046,0.04304846938774653,0.9137888550758362,0.17222369805718396,0.2852198631874797,0.2
55,n01644373/ILSVRC2012_val_00044855,vit_supervised,vit_small_patch16_224,token_gradient,predicted,blocks.5,3,2,2,0.19576379656791687,0.3153209388256073,0.28406292749638573,0.3018723994450056,0.17829641699790955,0.12389815598726273,0.23728948831558228,0.29161036014556885,0.17414700255098572,0.9772577285766602,0.25408611670958414,0.3615898198206178,0.2
56,n02104029/ILSVRC2012_val_00006336,vit_supervised,vit_small_patch16_224,token_gradient,predicted,blocks.5,4,4,4,0.2335129827260971,0.12726335227489471,0.19206867259798094,0.20331753554497783,0.3468451201915741,0.05091426149010658,0.8376783132553101,0.8939331769943237,0.8626434948977874,0.9862858057022095,0.21202105553332648,0.3285189668452051,0.2
57,n02104029/ILSVRC2012_val_00011746,vit_supervised,vit_small_patch16_224,token_gradient,predicted,blocks.5,4,4,4,0.33036309480667114,0.1833646446466446,0.5131473464802684,0.36134150739245485,0.24361981451511383,0.13517174124717712,0.28701919317245483,0.40861794352531433,0.17617984693874042,0.8410763740539551,0.3944918940844855,0.460410752758609,0.2
58,n02104029/ILSVRC2012_val_00012318,vit_supervised,vit_small_patch16_224,token_gradient,predicted,blocks.5,4,6,6,0.08881284296512604,0.24122583866119385,0.12401405183266255,0.09863306556099422,0.246188223361969,0.06384499371051788,0.4552350342273712,0.33734560012817383,0.4759446747448031,0.9668908715248108,0.10231927240414745,0.2317799051149299,0.2
59,n02104029/ILSVRC2012_val_00021642,vit_supervised,vit_small_patch16_224,token_gradient,predicted,blocks.5,4,4,4,0.12479919195175171,0.14537490904331207,0.21120984278871796,0.1752611507212153,0.28950706124305725,0.04777174070477486,0.5571766495704651,0.48019692301750183,0.5063177614794909,0.986838161945343,0.16586097483368067,0.28832318985239785,0.2
60,n02104029/ILSVRC2012_val_00024533,vit_supervised,vit_small_patch16_224,token_gradient,predicted,blocks.5,4,4,4,-0.14423635601997375,0.2007613331079483,0.1261905404311237,0.24255775184560535,0.37044012546539307,0.13571476936340332,0.5696102976799011,0.7289912700653076,0.6318757971937516,0.9841378331184387,0.052929945275029214,0.18932502342995725,0.2
61,n02104029/ILSVRC2012_val_00024981,vit_supervised,vit_small_patch16_224,token_gradient,predicted,blocks.5,4,19,19,0.35545387864112854,0.3109297454357147,0.0,0.05855405630513197,0.015424085780978203,0.03525417670607567,0.01837730035185814,0.054634131491184235,0.053292410714275096,0.9959919452667236,0.159747768347991,0.2884461633906865,0.2
62,n02104029/ILSVRC2012_val_00025006,vit_supervised,vit_small_patch16_224,token_gradient,predicted,blocks.5,4,20,20,-0.07408656179904938,0.29727017879486084,0.05846054957414158,0.2150077473621283,0.14228850603103638,0.1274978369474411,0.30924007296562195,0.49558475613594055,0.45637356505092946,0.9890422224998474,0.052405864361261205,0.1907931109793773,0.2
63,n02104029/ILSVRC2012_val_00027086,vit_supervised,vit_small_patch16_224,token_gradient,predicted,blocks.5,4,4,4,0.349334180355072,0.4023574888706207,0.18722890580240054,0.19677845151173604,0.23322688043117523,0.12683646380901337,0.9353654980659485,0.9546660780906677,0.9564732142855237,0.7341341972351074,0.25493587933626977,0.32838893203807545,0.2
48,n01644373/ILSVRC2012_val_00025717,vit_supervised,vit_small_patch16_224,token_gradient,predicted,blocks.8,3,3,3,0.09367356449365616,0.31383106112480164,0.35995169082108214,0.2701019763558027,0.25998350977897644,0.14133113622665405,0.41223758459091187,0.4769511818885803,0.3609893176019689,0.9678950309753418,0.2264855259505279,0.33548341901330214,0.2
49,n01644373/ILSVRC2012_val_00028225,vit_supervised,vit_small_patch16_224,token_gradient,predicted,blocks.8,3,3,3,0.32734471559524536,0.27561572194099426,0.40867395116659333,0.3589042878519364,0.2782050669193268,0.18094336986541748,0.32287701964378357,0.40401390194892883,0.2162388392856712,0.7619814872741699,0.36121135794365705,0.4207624333040938,0.2
50,n01644373/ILSVRC2012_val_00028673,vit_supervised,vit_small_patch16_224,token_gradient,predicted,blocks.8,3,8,8,0.09414256364107132,0.2939502000808716,0.46651808327400135,0.07386384715263444,0.3728850185871124,0.11037731170654297,0.4784049093723297,0.3391702473163605,0.3768933354591086,0.9007790088653564,0.19977160458441928,0.3031622312108374,0.2
51,n01644373/ILSVRC2012_val_00030622,vit_supervised,vit_small_patch16_224,token_gradient,predicted,blocks.8,3,3,3,-0.285274475812912,0.37556448578834534,0.23835041938471702,0.04694681549570128,0.17032895982265472,0.07362864911556244,0.1954479068517685,0.1018989309668541,0.1177853954081398,0.8912779092788696,-0.028520619861039317,0.10516992857741582,0.2
52,n01644373/ILSVRC2012_val_00032104,vit_supervised,vit_small_patch16_224,token_gradient,predicted,blocks.8,3,3,3,0.04575023427605629,0.3435457944869995,0.1666014988595091,0.31512635909480047,0.1590730845928192,0.08969531953334808,0.5520838499069214,0.6543965339660645,0.513552295918265,0.9579991102218628,0.1628184510967154,0.2801444130184765,0.2
53,n01644373/ILSVRC2012_val_00036066,vit_supervised,vit_small_patch16_224,token_gradient,predicted,blocks.8,3,47,47,0.24224890768527985,0.2417295128107071,0.10967870331466076,0.19321397151480296,0.23570476472377777,0.07693696022033691,0.7135916352272034,0.8201904892921448,0.8001434948977998,0.9731197953224182,0.18776736552295104,0.30647825569557663,0.2
54,n01644373/ILSVRC2012_val_00043303,vit_supervised,vit_small_patch16_224,token_gradient,predicted,blocks.8,3,3,3,0.33563634753227234,0.40454092621803284,0.16509028374876747,0.07563469675592768,0.07842770218849182,0.04960401728749275,0.08232538402080536,0.0602426715195179,0.04304846938774653,0.8523349761962891,0.20647203316431748,0.30550421319191245,0.2
55,n01644373/ILSVRC2012_val_00044855,vit_supervised,vit_small_patch16_224,token_gradient,predicted,blocks.8,3,2,2,0.2484840750694275,0.1724931001663208,0.3400413901374866,0.13810245528939794,0.19363941252231598,0.04014969617128372,0.2532014846801758,0.16117240488529205,0.17414700255098572,0.966556191444397,0.24283678365583639,0.35148881634768026,0.2
56,n02104029/ILSVRC2012_val_00006336,vit_supervised,vit_small_patch16_224,token_gradient,predicted,blocks.8,4,4,4,0.239251509308815,0.2129538357257843,0.20293746051795802,0.13963578848370461,0.3590177297592163,0.07413816452026367,0.8443868160247803,0.759723961353302,0.8626434948977874,0.9790831208229065,0.1984725784240248,0.3162438086319369,0.2
57,n02104029/ILSVRC2012_val_00011746,vit_supervised,vit_small_patch16_224,token_gradient,predicted,blocks.8,4,4,4,0.3991857171058655,0.13171149790287018,0.36428674663942456,0.2990364762558162,0.21082977950572968,0.0986810252070427,0.23936673998832703,0.34371525049209595,0.17617984693874042,0.9027891159057617,0.3586712537109184,0.4409641740967274,0.2
58,n02104029/ILSVRC2012_val_00012318,vit_supervised,vit_small_patch16_224,token_gradient,predicted,blocks.8,4,6,6,-0.005913331173360348,0.17630331218242645,0.10006162628519993,0.11411865186252082,0.25503069162368774,0.0603378564119339,0.45208442211151123,0.40455007553100586,0.4759446747448031,0.9502848982810974,0.06188875097497208,0.1940181383684187,0.2
59,n02104029/ILSVRC2012_val_00021642,vit_supervised,vit_small_patch16_224,token_gradient,predicted,blocks.8,4,4,4,-0.2166285514831543,0.25064077973365784,0.20753688370976608,0.1165369711098842,0.2989075481891632,0.09261605143547058,0.5622193217277527,0.47797736525535583,0.5063177614794909,0.9861774444580078,0.010570735852633358,0.15312508735450975,0.2
60,n02104029/ILSVRC2012_val_00024533,vit_supervised,vit_small_patch16_224,token_gradient,predicted,blocks.8,4,4,4,-0.23374104499816895,0.13160008192062378,0.11634126771861024,0.1851893917882375,0.3595605194568634,0.076877661049366,0.562149167060852,0.6510908603668213,0.6318757971937516,0.9766610860824585,-0.0030372201472132626,0.1400724620397216,0.2
61,n02104029/ILSVRC2012_val_00024981,vit_supervised,vit_small_patch16_224,token_gradient,predicted,blocks.8,4,19,19,0.14470277726650238,0.2620035409927368,0.0,0.0,0.01468263752758503,0.01618220843374729,0.017427898943424225,0.02567547932267189,0.053292410714275096,0.9915762543678284,0.057881110906600954,0.1993824101984501,0.2
62,n02104029/ILSVRC2012_val_00025006,vit_supervised,vit_small_patch16_224,token_gradient,predicted,blocks.8,4,20,20,-0.019703589379787445,0.23423002660274506,0.058426532973371116,0.21254740252560195,0.13987378776073456,0.11662733554840088,0.3206952214241028,0.5765130519866943,0.45637356505092946,0.9565174579620361,0.07341074489777694,0.20432484628612307,0.2
63,n02104029/ILSVRC2012_val_00027086,vit_supervised,vit_small_patch16_224,token_gradient,predicted,blocks.8,4,4,4,0.35021471977233887,0.31579676270484924,0.20320567317058844,0.20475448977469018,0.2440977841615677,0.0929817408323288,0.9600015878677368,0.9607000946998596,0.9564732142855237,0.4166005849838257,0.2624739367925191,0.28705528040421213,0.2
48,n01644373/ILSVRC2012_val_00025717,vit_supervised,vit_small_patch16_224,token_gradient,predicted,blocks.11,3,3,3,0.0,0.0,0.4658889698987262,0.3609893176019689,0.29977545142173767,0.0,0.42199334502220154,0.0,0.3609893176019689,0.933712899684906,0.24806348625020852,0.3467765068279096,0.2
49,n01644373/ILSVRC2012_val_00028225,vit_supervised,vit_small_patch16_224,token_gradient,predicted,blocks.11,3,3,3,0.0,0.0,0.5889379184414265,0.2162388392856712,0.3040271997451782,0.0,0.37870144844055176,0.0,0.2162388392856712,0.4128822088241577,0.24155302731812928,0.2632265207553981,0.2
50,n01644373/ILSVRC2012_val_00028673,vit_supervised,vit_small_patch16_224,token_gradient,predicted,blocks.11,3,8,8,0.0,0.0,0.4144839718528076,0.3768933354591086,0.37622812390327454,0.0,0.4793061316013336,0.0,0.3768933354591086,0.9117304682731628,0.23741319219357485,0.33460389706895344,0.2
51,n01644373/ILSVRC2012_val_00030622,vit_supervised,vit_small_patch16_224,token_gradient,predicted,blocks.11,3,3,3,0.0,0.0,0.22127757352924227,0.1177853954081398,0.16784051060676575,0.0,0.19267773628234863,0.0,0.1177853954081398,0.8742152452468872,0.10171889068121462,0.21589802902137858,0.2
52,n01644373/ILSVRC2012_val_00032104,vit_supervised,vit_small_patch16_224,token_gradient,predicted,blocks.11,3,3,3,0.0,0.0,0.15564378167258783,0.513552295918265,0.18104851245880127,0.0,0.5289658904075623,0.0,0.513552295918265,0.8254543542861938,0.20075882327725583,0.2911171725406423,0.2
53,n01644373/ILSVRC2012_val_00036066,vit_supervised,vit_small_patch16_224,token_gradient,predicted,blocks.11,3,47,47,0.0,0.0,0.10535242290746578,0.8001434948977998,0.24720576405525208,0.0,0.7157500386238098,0.0,0.8001434948977998,0.8604593276977539,0.27164877534157966,0.35544287860597945,0.2
54,n01644373/ILSVRC2012_val_00043303,vit_supervised,vit_small_patch16_224,token_gradient,predicted,blocks.11,3,3,3,0.0,0.0,0.10542059463369703,0.04304846938774653,0.061915844678878784,0.0,0.06511647254228592,0.0,0.04304846938774653,0.9322401881217957,0.04454071920643307,0.17695329422363024,0.2
55,n01644373/ILSVRC2012_val_00044855,vit_supervised,vit_small_patch16_224,token_gradient,predicted,blocks.11,3,2,2,0.0,0.0,0.4373325166522951,0.17414700255098572,0.23124444484710693,0.0,0.2782715857028961,0.0,0.17414700255098572,0.9257879853248596,0.18344385576098426,0.2917380775995492,0.2
56,n02104029/ILSVRC2012_val_00006336,vit_supervised,vit_small_patch16_224,token_gradient,predicted,blocks.11,4,4,4,0.0,0.0,0.2134355870103968,0.8626434948977874,0.372953861951828,0.0,0.8503449559211731,0.0,0.8626434948977874,0.9719143509864807,0.32282372457245523,0.41480692312501816,0.2
57,n02104029/ILSVRC2012_val_00011746,vit_supervised,vit_small_patch16_224,token_gradient,predicted,blocks.11,4,4,4,0.0,0.0,0.3856261929229293,0.17617984693874042,0.21678057312965393,0.0,0.24595969915390015,0.0,0.17617984693874042,0.901911735534668,0.16854181195850093,0.2757382702956176,0.2
58,n02104029/ILSVRC2012_val_00012318,vit_supervised,vit_small_patch16_224,token_gradient,predicted,blocks.11,4,6,6,0.0,0.0,0.08278261980012043,0.4759446747448031,0.26399993896484375,0.0,0.43300023674964905,0.0,0.4759446747448031,0.8918156027793884,0.16761818836347706,0.27345416405313916,0.2
59,n02104029/ILSVRC2012_val_00021642,vit_supervised,vit_small_patch16_224,token_gradient,predicted,blocks.11,4,4,4,0.0,0.0,0.21791126842839345,0.5063177614794909,0.3371419608592987,0.0,0.5789998173713684,0.0,0.5063177614794909,0.9829702377319336,0.21726870897236528,0.3285027931367611,0.2
60,n02104029/ILSVRC2012_val_00024533,vit_supervised,vit_small_patch16_224,token_gradient,predicted,blocks.11,4,4,4,0.0,0.0,0.09839214757503793,0.6318757971937516,0.3337934911251068,0.0,0.5597297549247742,0.0,0.6318757971937516,0.9767312407493591,0.21908038343063688,0.32907667230460125,0.2
61,n02104029/ILSVRC2012_val_00024981,vit_supervised,vit_small_patch16_224,token_gradient,predicted,blocks.11,4,19,19,0.0,0.0,0.0,0.053292410714275096,0.013138690032064915,0.0,0.015535691753029823,0.0,0.053292410714275096,0.9877094626426697,0.015987723214282528,0.16147952207496924,0.2
62,n02104029/ILSVRC2012_val_00025006,vit_supervised,vit_small_patch16_224,token_gradient,predicted,blocks.11,4,20,20,0.0,0.0,0.07853025936596851,0.45637356505092946,0.14673683047294617,0.0,0.341577410697937,0.0,0.45637356505092946,0.9091517329216003,0.1604711473250694,0.27009871604246455,0.2
63,n02104029/ILSVRC2012_val_00027086,vit_supervised,vit_small_patch16_224,token_gradient,predicted,blocks.11,4,4,4,0.0,0.0,0.20183505240043872,0.9564732142855237,0.2636180520057678,0.0,0.9541594386100769,0.0,0.9564732142855237,0.0879727378487587,0.3474924800057887,0.3027729773488044,0.2
64,n02104029/ILSVRC2012_val_00028605,vit_supervised,vit_small_patch16_224,token_gradient,predicted,blocks.2,4,4,4,-0.006687877234071493,0.13961414992809296,0.20206269507386707,0.33584678027429954,0.2199312150478363,0.08001882582902908,0.3334867060184479,0.48524123430252075,0.3296197385203425,0.9453867673873901,0.15869769171082138,0.27394462691322513,0.2
65,n02104029/ILSVRC2012_val_00030705,vit_supervised,vit_small_patch16_224,token_gradient,predicted,blocks.2,4,12,12,0.13567565381526947,0.18164315819740295,0.08644248473685122,0.07782531365664672,0.1543935388326645,0.05703834816813469,0.20908083021640778,0.21599653363227844,0.24687101403056305,0.9771431684494019,0.10355060104415716,0.23512490370112907,0.2
66,n02104029/ILSVRC2012_val_00032043,vit_supervised,vit_small_patch16_224,token_gradient,predicted,blocks.2,4,4,4,0.02052677981555462,0.2982291579246521,0.13090744375653987,0.3155737704916185,0.16823415458202362,0.12506653368473053,0.25540804862976074,0.3712877333164215,0.2478276466836241,0.8613930344581604,0.14215507620066936,0.24801363166620777,0.2
67,n02104029/ILSVRC2012_val_00036264,vit_supervised,vit_small_patch16_224,token_gradient,predicted,blocks.2,4,4,4,0.46693873405456543,0.3894503712654114,0.21669398267378348,0.2769381987958358,0.22693666815757751,0.1470847874879837,0.6402950286865234,0.8042864203453064,0.628527582908038,0.9795058369636536,0.334865148062712,0.4337624778310507,0.2
68,n02104029/ILSVRC2012_val_00045598,vit_supervised,vit_small_patch16_224,token_gradient,predicted,blocks.2,4,4,4,0.28158193826675415,0.2730250060558319,0.2883731888324937,0.2521374045800564,0.3358725309371948,0.14617058634757996,0.524980902671814,0.6008181571960449,0.4538225446427667,0.9877722263336182,0.2747859533304667,0.3818471606965442,0.2
69,n02104029/ILSVRC2012_val_00047356,vit_supervised,vit_small_patch16_224,token_gradient,predicted,blocks.2,4,4,4,0.34115567803382874,0.25113433599472046,0.5971260613973892,0.4230343944593941,0.29921770095825195,0.16094647347927094,0.4379868507385254,0.5771313309669495,0.2873286033162693,0.9862346649169922,0.44251040797056646,0.5223798010135847,0.2
70,n02119022/ILSVRC2012_val_00003449,vit_supervised,vit_small_patch16_224,token_gradient,predicted,blocks.2,5,5,5,0.18932421505451202,0.08408109098672867,0.13307851916563657,0.21448637512870716,0.3952867090702057,0.04391879960894585,0.7690565586090088,0.8924255967140198,0.8339245854590175,0.9770607352256775,0.17999915431010793,0.2997138091265168,0.2
71,n02119022/ILSVRC2012_val_00004643,vit_supervised,vit_small_patch16_224,token_gradient,predicted,blocks.2,5,5,5,-0.024106675758957863,0.17675182223320007,0.00021160102626492143,0.2047025838722386,0.2400026023387909,0.08896982669830322,0.43523362278938293,0.5858825445175171,0.553591358418257,0.9813265204429626,0.05183158516596791,0.18999018777543503,0.2
72,n02119022/ILSVRC2012_val_00006668,vit_supervised,vit_small_patch16_224,token_gradient,predicted,blocks.2,5,5,5,0.5744558572769165,0.18802878260612488,0.5754407670890347,0.5795806971836127,0.33238598704338074,0.16866497695446014,0.45922425389289856,0.7744919061660767,0.30753746811218363,0.9871276021003723,0.5762887821925607,0.6378840564301385,0.2
73,n02119022/ILSVRC2012_val_00008113,vit_supervised,vit_small_patch16_224,token_gradient,predicted,blocks.2,5,5,5,0.38203248381614685,0.328016459941864,0.1544759388261361,0.20662384668489517,0.27846622467041016,0.11282674223184586,0.9110062718391418,0.9541628360748291,0.9494180484691986,0.9910100698471069,0.2611429291797681,0.37263782619047525,0.2
74,n02119022/ILSVRC2012_val_00008726,vit_supervised,vit_small_patch16_224,token_gradient,predicted,blocks.2,5,13,13,0.051557306200265884,0.2781149744987488,0.16778383634905436,0.3346564521889673,0.2946590185165405,0.19897115230560303,0.4803323745727539,0.708042323589325,0.47012515943868183,0.9800848364830017,0.17135500904151285,0.2906678547770487,0.2
75,n02119022/ILSVRC2012_val_00009066,vit_supervised,vit_small_patch16_224,token_gradient,predicted,blocks.2,5,6,6,0.28050655126571655,0.18398773670196533,0.5403985259993582,0.25201087257987903,0.2913582921028137,0.10400288552045822,0.3549584150314331,0.38455840945243835,0.24982063137750124,0.9098981022834778,0.34992544008005777,0.43276435793033174,0.2
76,n02119022/ILSVRC2012_val_00016254,vit_supervised,vit_small_patch16_224,token_gradient,predicted,blocks.2,5,5,5,0.2718229293823242,0.13846930861473083,0.20392498219497987,0.2983444273764308,0.12590976059436798,0.11717355996370316,0.14604829251766205,0.32685720920562744,0.1032166772958978,0.9603694081306458,0.2594099946243529,0.364760788896263,0.2
77,n02119022/ILSVRC2012_val_00018381,vit_supervised,vit_small_patch16_224,token_gradient,predicted,blocks.2,5,5,5,0.4021875858306885,0.215810164809227,0.39223833097578137,0.2669643216281457,0.32563316822052,0.0993342399597168,0.5526558756828308,0.5670539736747742,0.42775430484685356,0.9950231313705444,0.3586358301134535,0.4548197878973044,0.2
78,n02119022/ILSVRC2012_val_00025140,vit_supervised,vit_small_patch16_224,token_gradient,predicted,blocks.2,5,5,5,0.20119066536426544,0.27933767437934875,0.5732052006779893,0.2422874714808837,0.32881948351860046,0.14549235999584198,0.4116946756839752,0.40296220779418945,0.29918686224483837,0.9851369261741638,0.32512406779336805,0.42206043984333574,0.2
79,n02119022/ILSVRC2012_val_00031470,vit_supervised,vit_small_patch16_224,token_gradient,predicted,blocks.2,5,20,20,0.20454400777816772,0.2561730146408081,0.23271759296585243,0.06658291457281784,0.13613015413284302,0.0548073947429657,0.15639229118824005,0.10563092678785324,0.10457190688773427,0.9644451141357422,0.17160775537286818,0.2910822967273876,0.2
64,n02104029/ILSVRC2012_val_00028605,vit_supervised,vit_small_patch16_224,token_gradient,predicted,blocks.5,4,4,4,0.013861740939319134,0.16184519231319427,0.22505992992798032,0.3266437022613316,0.2305784374475479,0.12537941336631775,0.3354141414165497,0.5462948679924011,0.3296197385203425,0.9629300832748413,0.17105578603252125,0.2872170298673159,0.2
65,n02104029/ILSVRC2012_val_00030705,vit_supervised,vit_small_patch16_224,token_gradient,predicted,blocks.5,4,12,12,-0.00016218000382650644,0.17315888404846191,0.07827299389389958,0.1912655403250498,0.14995020627975464,0.07452189922332764,0.2047453224658966,0.28629177808761597,0.24687101403056305,0.9770779609680176,0.0807966882641542,0.21388956469860068,0.2
66,n02104029/ILSVRC2012_val_00032043,vit_supervised,vit_small_patch16_224,token_gradient,predicted,blocks.5,4,4,4,-0.2180514931678772,0.3106135129928589,0.19166313109875283,0.1148809523808954,0.1867567002773285,0.10232041031122208,0.29892781376838684,0.2595663368701935,0.2478276466836241,0.55878084897995,0.0047426277767435784,0.08413512560814754,0.2
67,n02104029/ILSVRC2012_val_00036264,vit_supervised,vit_small_patch16_224,token_gradient,predicted,blocks.5,4,4,4,0.4200984239578247,0.17558152973651886,0.2664737242954253,0.2949971964362672,0.3113245666027069,0.0908343717455864,0.6346542239189148,0.8477734923362732,0.628527582908038,0.9794056415557861,0.33648064580263765,0.43431302480152967,0.2
68,n02104029/ILSVRC2012_val_00045598,vit_supervised,vit_small_patch16_224,token_gradient,predicted,blocks.5,4,4,4,0.23387934267520905,0.2346833348274231,0.3231426958133729,0.2473289988972863,0.34130439162254333,0.13605043292045593,0.5055682063102722,0.6074841022491455,0.4538225446427667,0.9919312000274658,0.2646932454832814,0.37326537361810785,0.2
69,n02104029/ILSVRC2012_val_00047356,vit_supervised,vit_small_patch16_224,token_gradient,predicted,blocks.5,4,4,4,0.33345288038253784,0.20875424146652222,0.6219156274869846,0.3684033801553705,0.32420673966407776,0.12888894975185394,0.43523162603378296,0.5258325934410095,0.2873286033162693,0.9877623319625854,0.43047685444572165,0.5124526098388649,0.2
70,n02119022/ILSVRC2012_val_00003449,vit_supervised,vit_small_patch16_224,token_gradient,predicted,blocks.5,5,5,5,0.017826559022068977,0.21355783939361572,0.11800198250223722,0.2187661513883807,0.377375066280365,0.11134293675422668,0.7698617577552795,0.8845387697219849,0.8339245854590175,0.9767375588417053,0.10816106377601296,0.23694196295663442,0.2
71,n02119022/ILSVRC2012_val_00004643,vit_supervised,vit_small_patch16_224,token_gradient,predicted,blocks.5,5,5,5,0.5131754279136658,0.2725059390068054,0.0002116178182202382,0.043636664734607485,0.22981342673301697,0.07686617225408554,0.4233619272708893,0.37666377425193787,0.553591358418257,0.9831021428108215,0.21842465593131463,0.33803879182961316,0.2
72,n02119022/ILSVRC2012_val_00006668,vit_supervised,vit_small_patch16_224,token_gradient,predicted,blocks.5,5,5,5,0.5023838877677917,0.1092650443315506,0.6222448719578149,0.5044603296505557,0.33698952198028564,0.08023595809936523,0.45840445160865784,0.6262896060943604,0.30753746811218363,0.9872609376907349,0.5389651155896279,0.60559980177443,0.2
73,n02119022/ILSVRC2012_val_00008113,vit_supervised,vit_small_patch16_224,token_gradient,predicted,blocks.5,5,5,5,0.33730313181877136,0.33872807025909424,0.16567975586585446,0.20881101586565323,0.2775834798812866,0.11844531446695328,0.9245306253433228,0.9766048789024353,0.9494180484691986,0.9922789335250854,0.24726848424696085,0.3605206290982097,0.2
74,n02119022/ILSVRC2012_val_00008726,vit_supervised,vit_small_patch16_224,token_gradient,predicted,blocks.5,5,13,13,0.10983065515756607,0.18374988436698914,0.1976847729295823,0.32743782076576095,0.28805771470069885,0.11561954766511917,0.4836757481098175,0.6757797598838806,0.47012515943868183,0.9695043563842773,0.2014690401716294,0.31514703118662557,0.2
75,n02119022/ILSVRC2012_val_00009066,vit_supervised,vit_small_patch16_224,token_gradient,predicted,blocks.5,5,6,6,0.16010639071464539,0.18027424812316895,0.477577741407216,0.24730588560362127,0.27297648787498474,0.09458133578300476,0.34040799736976624,0.366558700799942,0.24982063137750124,0.7628317475318909,0.2815076443891093,0.35168290563261884,0.2
76,n02119022/ILSVRC2012_val_00016254,vit_supervised,vit_small_patch16_224,token_gradient,predicted,blocks.5,5,5,5,0.23590020835399628,0.22851812839508057,0.11156571929560051,0.22358050506657262,0.08493991941213608,0.10574160516262054,0.10149452090263367,0.208863765001297,0.1032166772958978,0.9348969459533691,0.19490395065025046,0.30658617090744733,0.2
77,n02119022/ILSVRC2012_val_00018381,vit_supervised,vit_small_patch16_224,token_gradient,predicted,blocks.5,5,5,5,0.41290464997291565,0.31596624851226807,0.4298424803665941,0.2629510825981303,0.3335147798061371,0.12570318579673767,0.5658606886863708,0.5078304409980774,0.42775430484685356,0.9922806024551392,0.3729999288785836,0.46655710859997246,0.2
78,n02119022/ILSVRC2012_val_00025140,vit_supervised,vit_small_patch16_224,token_gradient,predicted,blocks.5,5,5,5,0.24798254668712616,0.18484646081924438,0.5654374999996465,0.29181494661906654,0.3405187129974365,0.11983335763216019,0.41162553429603577,0.45665624737739563,0.29918686224483837,0.9869711399078369,0.35636875266046436,0.44915267398134795,0.2
79,n02119022/ILSVRC2012_val_00031470,vit_supervised,vit_small_patch16_224,token_gradient,predicted,blocks.5,5,20,20,0.4114144444465637,0.22803007066249847,0.07257158899489571,0.06613645876931343,0.1073765829205513,0.03559887781739235,0.12832027673721313,0.08059834688901901,0.10457190688773427,0.9873278737068176,0.20617819210788824,0.3267712485533722,0.2
64,n02104029/ILSVRC2012_val_00028605,vit_supervised,vit_small_patch16_224,token_gradient,predicted,blocks.8,4,4,4,0.03509604558348656,0.1159982830286026,0.2258510932741831,0.3343710770774118,0.23765137791633606,0.07780048251152039,0.338092178106308,0.5009592771530151,0.3296197385203425,0.9756847023963928,0.18210506933887308,0.2986918639015779,0.2
65,n02104029/ILSVRC2012_val_00030705,vit_supervised,vit_small_patch16_224,token_gradient,predicted,blocks.8,4,12,12,-0.08876489102840424,0.10536801069974899,0.08083875632678678,0.13111032638847242,0.1455242931842804,0.03788505494594574,0.20179948210716248,0.22407114505767822,0.24687101403056305,0.9745857119560242,0.02807876840321606,0.16810741561227693,0.2
66,n02104029/ILSVRC2012_val_00032043,vit_supervised,vit_small_patch16_224,token_gradient,predicted,blocks.8,4,4,4,-0.11488734930753708,0.36743009090423584,0.14687420260262982,0.12406203101544569,0.15889783203601837,0.09591136872768402,0.2579399049282074,0.2392970472574234,0.2478276466836241,0.8802809715270996,0.03532593036240782,0.15956563187594586,0.2
67,n02104029/ILSVRC2012_val_00036264,vit_supervised,vit_small_patch16_224,token_gradient,predicted,blocks.8,4,4,4,-0.03207443654537201,0.12747572362422943,0.29398947925411834,0.2645090643629808,0.32087406516075134,0.06469187140464783,0.6482819318771362,0.8074085116386414,0.628527582908038,0.9747167229652405,0.15471978846698092,0.2746060915581806,0.2
68,n02104029/ILSVRC2012_val_00045598,vit_supervised,vit_small_patch16_224,token_gradient,predicted,blocks.8,4,4,4,-0.11521518975496292,0.18934397399425507,0.31449060534421114,0.17896930927902718,0.3400202989578247,0.10171814262866974,0.49414587020874023,0.4661298394203186,0.4538225446427667,0.9892701506614685,0.10195189848498633,0.23143018484079284,0.2
69,n02104029/ILSVRC2012_val_00047356,vit_supervised,vit_small_patch16_224,token_gradient,predicted,blocks.8,4,4,4,-0.024002280086278915,0.20551197230815887,0.6283963771972373,0.1317750520712188,0.327351450920105,0.06447063386440277,0.43985989689826965,0.27561280131340027,0.2873286033162693,0.9861187934875488,0.21845051674602525,0.32955987831004874,0.2
70,n02119022/ILSVRC2012_val_00003449,vit_supervised,vit_small_patch16_224,token_gradient,predicted,blocks.8,5,5,5,0.05892200395464897,0.2397441416978836,0.12231741086878628,0.16414963085964498,0.3609950840473175,0.10263152420520782,0.7709928154945374,0.794636070728302,0.8339245854590175,0.9587243795394897,0.10950891410038896,0.23604811874715842,0.2
71,n02119022/ILSVRC2012_val_00004643,vit_supervised,vit_small_patch16_224,token_gradient,predicted,blocks.8,5,5,5,0.1174989864230156,0.22709311544895172,0.0002116178182202382,0.07274171584201296,0.22328884899616241,0.07480765134096146,0.4136345088481903,0.4065074920654297,0.553591358418257,0.9790334701538086,0.0688855946672762,0.20621799918618505,0.2
72,n02119022/ILSVRC2012_val_00006668,vit_supervised,vit_small_patch16_224,token_gradient,predicted,blocks.8,5,5,5,0.4462750256061554,0.2618665397167206,0.635126460392454,0.27521281922870544,0.3223910927772522,0.10479777306318283,0.4610842168331146,0.4155753552913666,0.30753746811218363,0.9772636890411377,0.45161179412881003,0.5303706322236149,0.2
73,n02119022/ILSVRC2012_val_00008113,vit_supervised,vit_small_patch16_224,token_gradient,predicted,blocks.8,5,5,5,0.19781337678432465,0.3135441243648529,0.2103970785761815,0.2047837894296627,0.2562450170516968,0.09614033997058868,0.9450451135635376,0.9549412131309509,0.9494180484691986,0.9931273460388184,0.20367961111548313,0.32199900078179744,0.2
74,n02119022/ILSVRC2012_val_00008726,vit_supervised,vit_small_patch16_224,token_gradient,predicted,blocks.8,5,13,13,0.1138293668627739,0.1676928550004959,0.20836627614453807,0.2669178598341119,0.2739346921443939,0.08720707893371582,0.47905638813972473,0.6011560559272766,0.47012515943868183,0.9752116203308105,0.18811698753870454,0.3049430554462549,0.2
75,n02119022/ILSVRC2012_val_00009066,vit_supervised,vit_small_patch16_224,token_gradient,predicted,blocks.8,5,6,6,-0.049954935908317566,0.3197239935398102,0.5071776724307223,0.08135300881559919,0.2801637649536133,0.08716872334480286,0.34076449275016785,0.21271385252475739,0.24982063137750124,0.73810875415802,0.15657723001056942,0.24036475586737222,0.2
76,n02119022/ILSVRC2012_val_00016254,vit_supervised,vit_small_patch16_224,token_gradient,predicted,blocks.8,5,5,5,0.2650992274284363,0.160680890083313,0.09201837496404534,0.11197193392770649,0.08084403723478317,0.04910223186016083,0.09504299610853195,0.12129245698451996,0.1032166772958978,0.9012543559074402,0.16723678363890004,0.27897046020900673,0.2
77,n02119022/ILSVRC2012_val_00018381,vit_supervised,vit_small_patch16_224,token_gradient,predicted,blocks.8,5,5,5,0.4237915575504303,0.19279757142066956,0.4262814707478598,0.2924907673367696,0.3341904282569885,0.10000865906476974,0.561314046382904,0.6482337713241577,0.42775430484685356,0.9811810255050659,0.3851482944455609,0.47519725848956784,0.2
78,n02119022/ILSVRC2012_val_00025140,vit_supervised,vit_small_patch16_224,token_gradient,predicted,blocks.8,5,5,5,-0.026121051982045174,0.21338875591754913,0.5968759961743086,0.2131060202449687,0.3529680073261261,0.1182374432682991,0.41811394691467285,0.37653934955596924,0.29918686224483837,0.9750118851661682,0.23254618413296513,0.33960491868602877,0.2
79,n02119022/ILSVRC2012_val_00031470,vit_supervised,vit_small_patch16_224,token_gradient,predicted,blocks.8,5,20,20,0.3730509281158447,0.14394354820251465,0.03501523874024042,0.017850006660438355,0.08840667456388474,0.02075854130089283,0.10582805424928665,0.06145332753658295,0.10457190688773427,0.9708133339881897,0.16507994486654154,0.2894061362889438,0.2
64,n02104029/ILSVRC2012_val_00028605,vit_supervised,vit_small_patch16_224,token_gradient,predicted,blocks.11,4,4,4,0.0,0.0,0.2830243337194462,0.3296197385203425,0.2573375105857849,0.0,0.3446466028690338,0.0,0.3296197385203425,0.9627331495285034,0.1837932216719366,0.29757099048922264,0.2
65,n02104029/ILSVRC2012_val_00030705,vit_supervised,vit_small_patch16_224,token_gradient,predicted,blocks.11,4,12,12,0.0,0.0,0.04844290657437181,0.24687101403056305,0.15285088121891022,0.0,0.202520951628685,0.0,0.24687101403056305,0.9799953699111938,0.08859417618148045,0.2208277856379128,0.2
66,n02104029/ILSVRC2012_val_00032043,vit_supervised,vit_small_patch16_224,token_gradient,predicted,blocks.11,4,4,4,0.0,0.0,0.11580097328428056,0.2478276466836241,0.1349591612815857,0.0,0.22334225475788116,0.0,0.2478276466836241,0.8977184891700745,0.10908858599037138,0.22556492836748732,0.2
67,n02104029/ILSVRC2012_val_00036264,vit_supervised,vit_small_patch16_224,token_gradient,predicted,blocks.11,4,4,4,0.0,0.0,0.31469592991989037,0.628527582908038,0.34949755668640137,0.0,0.6841244697570801,0.0,0.628527582908038,0.9656026363372803,0.2829670538483785,0.38064627365757414,0.2
68,n02104029/ILSVRC2012_val_00045598,vit_supervised,vit_small_patch16_224,token_gradient,predicted,blocks.11,4,4,4,0.0,0.0,0.32769436237794825,0.4538225446427667,0.3199605643749237,0.0,0.49951788783073425,0.0,0.4538225446427667,0.9871901273727417,0.2344550721062145,0.34345774586109,0.2
69,n02104029/ILSVRC2012_val_00047356,vit_supervised,vit_small_patch16_224,token_gradient,predicted,blocks.11,4,4,4,0.0,0.0,0.6240701381504887,0.2873286033162693,0.3342522382736206,0.0,0.42943114042282104,0.0,0.2873286033162693,0.980939507484436,0.2734196224400274,0.3749906114893549,0.2
70,n02119022/ILSVRC2012_val_00003449,vit_supervised,vit_small_patch16_224,token_gradient,predicted,blocks.11,5,5,5,0.0,0.0,0.12648470240806756,0.8339245854590175,0.3493072986602783,0.0,0.7843130826950073,0.0,0.8339245854590175,0.4315146803855896,0.2881227863601255,0.3048295240246097,0.2
71,n02119022/ILSVRC2012_val_00004643,vit_supervised,vit_small_patch16_224,token_gradient,predicted,blocks.11,5,5,5,0.0,0.0,0.0002116178182202382,0.553591358418257,0.20974572002887726,0.0,0.3952120542526245,0.0,0.553591358418257,0.9833827018737793,0.16614089287094316,0.2859581493401862,0.2
72,n02119022/ILSVRC2012_val_00006668,vit_supervised,vit_small_patch16_224,token_gradient,predicted,blocks.11,5,5,5,0.0,0.0,0.5545110487116625,0.30753746811218363,0.3031614124774933,0.0,0.44115638732910156,0.0,0.30753746811218363,0.9112946391105652,0.2586145550471538,0.3522063250725463,0.2
73,n02119022/ILSVRC2012_val_00008113,vit_supervised,vit_small_patch16_224,token_gradient,predicted,blocks.11,5,5,5,0.0,0.0,0.21062574781162272,0.9494180484691986,0.3090648651123047,0.0,0.9867745041847229,0.0,0.9494180484691986,0.9772413372993469,0.3480131388842464,0.43659714966510743,0.2
74,n02119022/ILSVRC2012_val_00008726,vit_supervised,vit_small_patch16_224,token_gradient,predicted,blocks.11,5,13,13,0.0,0.0,0.21106468808521428,0.47012515943868183,0.26142439246177673,0.0,0.4635021388530731,0.0,0.47012515943868183,0.9544652104377747,0.20435695425716882,0.31346724344664023,0.2
75,n02119022/ILSVRC2012_val_00009066,vit_supervised,vit_small_patch16_224,token_gradient,predicted,blocks.11,5,6,6,0.0,0.0,0.4892774661824551,0.24982063137750124,0.2771212160587311,0.0,0.3481185734272003,0.0,0.24982063137750124,0.6318292617797852,0.2217294292679869,0.2795489136569569,0.2
76,n02119022/ILSVRC2012_val_00016254,vit_supervised,vit_small_patch16_224,token_gradient,predicted,blocks.11,5,5,5,0.0,0.0,0.05585623091864012,0.1032166772958978,0.0781545490026474,0.0,0.08880505710840225,0.0,0.1032166772958978,0.784191906452179,0.047721872464361374,0.1573970130214613,0.2
77,n02119022/ILSVRC2012_val_00018381,vit_supervised,vit_small_patch16_224,token_gradient,predicted,blocks.11,5,5,5,0.0,0.0,0.253601846692568,0.42775430484685356,0.32800671458244324,0.0,0.5033923983573914,0.0,0.42775430484685356,0.9503130912780762,0.20440684546182647,0.31288600157656676,0.2
78,n02119022/ILSVRC2012_val_00025140,vit_supervised,vit_small_patch16_224,token_gradient,predicted,blocks.11,5,5,5,0.0,0.0,0.6037264694579307,0.29918686224483837,0.34640344977378845,0.0,0.43767043948173523,0.0,0.29918686224483837,0.968374490737915,0.27087399951083074,0.3709845065363795,0.2
79,n02119022/ILSVRC2012_val_00031470,vit_supervised,vit_small_patch16_224,token_gradient,predicted,blocks.11,5,20,20,0.0,0.0,0.007715133531152182,0.10457190688773427,0.053355488926172256,0.0,0.06768231838941574,0.0,0.10457190688773427,0.9787097573280334,0.03368611212566593,0.17487822370392664,0.2
80,n02119022/ILSVRC2012_val_00032623,vit_supervised,vit_small_patch16_224,token_gradient,predicted,blocks.2,5,5,5,0.24074600636959076,0.12775833904743195,0.625674665780432,0.2303148369256392,0.26966163516044617,0.06022826209664345,0.3807784616947174,0.3870285749435425,0.1901905293366968,0.9913573265075684,0.35309525335965763,0.44696207688200984,0.2
81,n02119022/ILSVRC2012_val_00039745,vit_supervised,vit_small_patch16_224,token_gradient,predicted,blocks.2,5,5,5,0.1949860155582428,0.3079604208469391,0.09083769046067572,0.18019374104732327,0.28062620759010315,0.1311284750699997,0.6421499848365784,0.7507866621017456,0.7688137755100509,0.9932295083999634,0.1593038356756968,0.28498738958237924,0.2
82,n02119022/ILSVRC2012_val_00040503,vit_supervised,vit_small_patch16_224,token_gradient,predicted,blocks.2,5,10,10,0.6797915101051331,0.5396144986152649,0.2631275245236938,0.21893271461696617,0.1321675032377243,0.14332252740859985,0.15094994008541107,0.18497376143932343,0.061762595663253,0.9711481928825378,0.41653467578425124,0.5041143172543422,0.2
83,n02119022/ILSVRC2012_val_00047804,vit_supervised,vit_small_patch16_224,token_gradient,predicted,blocks.2,5,5,5,0.04773952439427376,0.168566033244133,0.07018885685705113,0.3132895401715778,0.1492963582277298,0.10226120799779892,0.19371171295642853,0.33461421728134155,0.1625279017856819,0.9891236424446106,0.13413932886629817,0.2609469791618446,0.2
84,n02119022/ILSVRC2012_val_00049298,vit_supervised,vit_small_patch16_224,token_gradient,predicted,blocks.2,5,5,5,0.18317760527133942,0.3161429464817047,0.1278963827534097,0.16189002739166028,0.2204446643590927,0.1034601703286171,0.6618914604187012,0.7131717205047607,0.712890624999858,0.8788520693778992,0.16020696515205676,0.26838657478792116,0.2
85,n02123597/ILSVRC2012_val_00004846,vit_supervised,vit_small_patch16_224,token_gradient,predicted,blocks.2,6,15,15,0.035124581307172775,0.18679748475551605,0.21536523929464077,0.20078488928587812,0.3381381928920746,0.09465246647596359,0.5179414749145508,0.5602542161941528,0.5500637755100944,0.9739027619361877,0.13889487109702478,0.26241654989306834,0.2
86,n02123597/ILSVRC2012_val_00011738,vit_supervised,vit_small_patch16_224,token_gradient,predicted,blocks.2,6,6,6,0.439424067735672,0.37121161818504333,0.07379720145674763,0.04601307189540765,0.2348320186138153,0.07382695376873016,0.35771751403808594,0.20365895330905914,0.35817920918360213,0.9833956360816956,0.21171270909991538,0.3312603374577784,0.2
87,n02123597/ILSVRC2012_val_00014773,vit_supervised,vit_small_patch16_224,token_gradient,predicted,blocks.2,6,6,6,-0.32612118124961853,0.08238435536623001,0.004233885685084957,0.3662048761108465,0.23056583106517792,0.10050920397043228,0.27729207277297974,0.6089728474617004,0.34835379464278776,0.8745574355125427,-0.01931684396106799,0.10965089233849781,0.2
88,n02123597/ILSVRC2012_val_00017186,vit_supervised,vit_small_patch16_224,token_gradient,predicted,blocks.2,6,6,6,0.7842385768890381,0.3708042502403259,0.10565869680181879,0.09993354377800856,0.15248218178749084,0.06769091635942459,0.43492573499679565,0.41512006521224976,0.5916772959182495,0.997776985168457,0.37537310292956344,0.47554810983138873,0.2
89,n02123597/ILSVRC2012_val_00017692,vit_supervised,vit_small_patch16_224,token_gradient,predicted,blocks.2,6,6,6,0.018280740827322006,0.16981354355812073,0.0514765350062184,0.1983757255673256,0.22630584239959717,0.06465378403663635,0.6294798851013184,0.791424572467804,0.7587093431120937,0.9813332557678223,0.082267974502992,0.21606131279812205,0.2
90,n02123597/ILSVRC2012_val_00025887,vit_supervised,vit_small_patch16_224,token_gradient,predicted,blocks.2,6,6,6,0.3576160669326782,0.22494210302829742,0.3325686289756853,0.3359451136318029,0.343745619058609,0.11150810867547989,0.6134961843490601,0.6995471119880676,0.48301977040806704,0.9900757074356079,0.34360054955531777,0.4408054151936506,0.2
91,n02123597/ILSVRC2012_val_00028213,vit_supervised,vit_small_patch16_224,token_gradient,predicted,blocks.2,6,6,6,0.17575092613697052,0.13626889884471893,0.11635001788379383,0.12836271611761726,0.33743512630462646,0.04264135658740997,0.7871444821357727,0.6499072909355164,0.8574617346937067,0.9832392334938049,0.14371419065521152,0.27017689267236317,0.2
92,n02123597/ILSVRC2012_val_00034254,vit_supervised,vit_small_patch16_224,token_gradient,predicted,blocks.2,6,6,6,0.04653679579496384,0.15584948658943176,0.20027941323217238,0.20027941323217238,0.38901424407958984,0.07845482975244522,0.9991300702095032,0.999881386756897,0.998584980867148,0.9925554990768433,0.13878236625728896,0.26531091000585,0.2
93,n02123597/ILSVRC2012_val_00040848,vit_supervised,vit_small_patch16_224,token_gradient,predicted,blocks.2,6,27,27,-0.06414024531841278,0.29860660433769226,0.029673078581877274,0.010753598645206813,0.03567984327673912,0.018958548083901405,0.03960980102419853,0.02566256932914257,0.03790656887754347,0.9988872408866882,-0.01352809495923989,0.13749066957832978,0.2
94,n02123597/ILSVRC2012_val_00043090,vit_supervised,vit_small_patch16_224,token_gradient,predicted,blocks.2,6,6,6,0.29744893312454224,0.2222861349582672,0.24642323297025243,0.21896209668992928,0.40494921803474426,0.10746462643146515,0.7874388694763184,0.817105770111084,0.7306481186223034,0.9881154298782349,0.2585951721478714,0.3686707734903705,0.2
95,n02123597/ILSVRC2012_val_00043546,vit_supervised,vit_small_patch16_224,token_gradient,predicted,blocks.2,6,6,6,0.15928341448307037,0.1847609132528305,0.17457067371196347,0.15620428464609207,0.2645321190357208,0.06454092264175415,0.5102978944778442,0.5030161738395691,0.5088289221937762,0.8147321343421936,0.16294585330064482,0.26065275480991756,0.2
80,n02119022/ILSVRC2012_val_00032623,vit_supervised,vit_small_patch16_224,token_gradient,predicted,blocks.5,5,5,5,0.2428172081708908,0.21430033445358276,0.6689108573370811,0.2541156876559771,0.2815696895122528,0.08529690653085709,0.40002337098121643,0.346549391746521,0.1901905293366968,0.9909265637397766,0.3740348467662738,0.4643816436690428,0.2
81,n02119022/ILSVRC2012_val_00039745,vit_supervised,vit_small_patch16_224,token_gradient,predicted,blocks.5,5,5,5,0.24596749246120453,0.2955038547515869,0.13284708952786206,0.176281275710164,0.2890124022960663,0.11852526664733887,0.6727935075759888,0.7535933256149292,0.7688137755100509,0.9910905361175537,0.1911255065558896,0.31203429408856115,0.2
82,n02119022/ILSVRC2012_val_00040503,vit_supervised,vit_small_patch16_224,token_gradient,predicted,blocks.5,5,10,10,0.5626468062400818,0.35820749402046204,0.24504692387880836,0.2129663834501173,0.12759314477443695,0.1186482235789299,0.1436016708612442,0.18404482305049896,0.061762595663253,0.9500168561935425,0.36246271469471036,0.4539322374452913,0.2
83,n02119022/ILSVRC2012_val_00047804,vit_supervised,vit_small_patch16_224,token_gradient,predicted,blocks.5,5,5,5,0.08807893097400665,0.26015225052833557,0.06386711896124467,0.28796997804978547,0.14683274924755096,0.15441107749938965,0.19009512662887573,0.35257580876350403,0.1625279017856819,0.9925332069396973,0.14078270149291172,0.26766688113461445,0.2
84,n02119022/ILSVRC2012_val_00049298,vit_supervised,vit_small_patch16_224,token_gradient,predicted,blocks.5,5,5,5,-0.009351111017167568,0.2141861915588379,0.11556259132973319,0.22313012363475043,0.26035842299461365,0.07778068631887436,0.6815133094787598,0.7564719319343567,0.712890624999858,0.9078094363212585,0.09786737008247806,0.21757170533330106,0.2
85,n02123597/ILSVRC2012_val_00004846,vit_supervised,vit_small_patch16_224,token_gradient,predicted,blocks.5,6,15,15,0.18032728135585785,0.1333475559949875,0.22669491525416338,0.12172513486926718,0.3191140294075012,0.05252617225050926,0.520301342010498,0.4661959111690521,0.5500637755100944,0.9567130208015442,0.1766569275793723,0.2937265141256395,0.2
86,n02123597/ILSVRC2012_val_00011738,vit_supervised,vit_small_patch16_224,token_gradient,predicted,blocks.5,6,6,6,0.19735904037952423,0.32095086574554443,0.11911611923594696,0.03771907073250668,0.25892743468284607,0.0664968490600586,0.3829672336578369,0.19797219336032867,0.35817920918360213,0.985874593257904,0.1259941731423458,0.2561656506136325,0.2
87,n02123597/ILSVRC2012_val_00014773,vit_supervised,vit_small_patch16_224,token_gradient,predicted,blocks.5,6,6,6,-0.026984158903360367,0.22492051124572754,0.004197233475672762,0.18070634682222,0.19080035388469696,0.150436669588089,0.24674995243549347,0.4233563244342804,0.34835379464278776,0.9007937908172607,0.04467741052802368,0.17190050808088617,0.2
88,n02123597/ILSVRC2012_val_00017186,vit_supervised,vit_small_patch16_224,token_gradient,predicted,blocks.5,6,6,6,0.7708913087844849,0.3835309147834778,0.10498205791535092,0.09641181341427094,0.16457867622375488,0.067171610891819,0.4387001097202301,0.37938815355300903,0.5916772959182495,0.9982356429100037,0.3687746849126805,0.4698957723434757,0.2
89,n02123597/ILSVRC2012_val_00017692,vit_supervised,vit_small_patch16_224,token_gradient,predicted,blocks.5,6,6,6,-0.183511883020401,0.16384446620941162,0.056371741660615246,0.25535635063538836,0.21848906576633453,0.06810034066438675,0.6386232376098633,0.8982221484184265,0.7587093431120937,0.9856418371200562,0.020113674480640678,0.161549139584869,0.2
90,n02123597/ILSVRC2012_val_00025887,vit_supervised,vit_small_patch16_224,token_gradient,predicted,blocks.5,6,6,6,0.48460128903388977,0.29583939909935,0.32745865127616397,0.3194348194346964,0.33747681975364685,0.14048177003860474,0.6118947267532349,0.6821833252906799,0.48301977040806704,0.9831459522247314,0.387908556826814,0.47880571167328617,0.2
91,n02123597/ILSVRC2012_val_00028213,vit_supervised,vit_small_patch16_224,token_gradient,predicted,blocks.5,6,6,6,0.27552393078804016,0.1750899702310562,0.09864375194117432,0.14843834549032522,0.33517804741859436,0.06204676628112793,0.7739489078521729,0.7240738868713379,0.8574617346937067,0.9697021842002869,0.18433420154466593,0.30365922776373194,0.2
92,n02123597/ILSVRC2012_val_00034254,vit_supervised,vit_small_patch16_224,token_gradient,predicted,blocks.5,6,6,6,0.38387954235076904,0.21229355037212372,0.20027941323217238,0.19930216329374953,0.3580411672592163,0.07954739034175873,0.9993124604225159,0.9966952800750732,0.998584980867148,0.9875698685646057,0.2734262898980842,0.3823887142389405,0.2
93,n02123597/ILSVRC2012_val_00040848,vit_supervised,vit_small_patch16_224,token_gradient,predicted,blocks.5,6,27,27,-0.11133371293544769,0.1487867534160614,0.03854184792062072,0.005388112476843418,0.037918560206890106,0.010753209702670574,0.04204086586833,0.019441215321421623,0.03790656887754347,0.998723566532135,-0.03135449705493984,0.12182422555177959,0.2
94,n02123597/ILSVRC2012_val_00043090,vit_supervised,vit_small_patch16_224,token_gradient,predicted,blocks.5,6,6,6,0.3283751606941223,0.2830972671508789,0.250562399571438,0.23917947084886046,0.3891720473766327,0.1317123919725418,0.7992127537727356,0.8335795402526855,0.7306481186223034,0.9944977164268494,0.2782726254037384,0.3865414313120448,0.2
95,n02123597/ILSVRC2012_val_00043546,vit_supervised,vit_small_patch16_224,token_gradient,predicted,blocks.5,6,6,6,-0.04418659582734108,0.15602825582027435,0.15264454239040942,0.18683885607495349,0.2696029841899872,0.06405356526374817,0.5007977485656738,0.538259744644165,0.5088289221937762,0.6634674668312073,0.08417038120867243,0.16892566110145246,0.2
80,n02119022/ILSVRC2012_val_00032623,vit_supervised,vit_small_patch16_224,token_gradient,predicted,blocks.8,5,5,5,0.17476332187652588,0.3837289810180664,0.6592931604367663,0.19933839745148288,0.2757716774940491,0.09415381401777267,0.396298885345459,0.2338208109140396,0.1901905293366968,0.9905900955200195,0.3274947961170851,0.42441356645684924,0.2
81,n02119022/ILSVRC2012_val_00039745,vit_supervised,vit_small_patch16_224,token_gradient,predicted,blocks.8,5,5,5,-0.12751297652721405,0.12720152735710144,0.1066168939066063,0.1509103392759545,0.27938103675842285,0.049653660506010056,0.6591928005218506,0.7176867723464966,0.7688137755100509,0.9861002564430237,0.026252979343882613,0.16766730497756882,0.2
82,n02119022/ILSVRC2012_val_00040503,vit_supervised,vit_small_patch16_224,token_gradient,predicted,blocks.8,5,10,10,0.4701386094093323,0.3405890464782715,0.2349788434412459,0.1280597784075169,0.12674754858016968,0.07096529006958008,0.14255212247371674,0.11501156538724899,0.061762595663253,0.9493867754936218,0.2969670303183618,0.39771618507950024,0.2
83,n02119022/ILSVRC2012_val_00047804,vit_supervised,vit_small_patch16_224,token_gradient,predicted,blocks.8,5,5,5,-0.1145891398191452,0.36412370204925537,0.015010323084640918,0.207354307712593,0.13143092393875122,0.12694494426250458,0.16991282999515533,0.23020322620868683,0.1625279017856819,0.991976797580719,0.020873733311512085,0.16428147839971552,0.2
84,n02119022/ILSVRC2012_val_00049298,vit_supervised,vit_small_patch16_224,token_gradient,predicted,blocks.8,5,5,5,-0.041588570922613144,0.3259415328502655,0.11929721672406245,0.14429538584522614,0.2834179401397705,0.11743210256099701,0.6859890818595886,0.6673320531845093,0.712890624999858,0.7900033593177795,0.06244235240174131,0.16984265471707446,0.2
85,n02123597/ILSVRC2012_val_00004846,vit_supervised,vit_small_patch16_224,token_gradient,predicted,blocks.8,6,15,15,0.16499079763889313,0.38740575313568115,0.2452024880888548,0.04324324324323126,0.29898902773857117,0.08587352931499481,0.5132723450660706,0.2950957715511322,0.5500637755100944,0.951439619064331,0.15253003845518306,0.2725741548662838,0.2
86,n02123597/ILSVRC2012_val_00011738,vit_supervised,vit_small_patch16_224,token_gradient,predicted,blocks.8,6,6,6,0.08916028589010239,0.23842662572860718,0.09646478487253006,0.019622833843010185,0.2502128481864929,0.047656092792749405,0.37077921628952026,0.186102032661438,0.35817920918360213,0.991190493106842,0.07049039997070303,0.2089065787064472,0.2
87,n02123597/ILSVRC2012_val_00014773,vit_supervised,vit_small_patch16_224,token_gradient,predicted,blocks.8,6,6,6,-0.4768674075603485,0.06714919954538345,0.0027333357629641263,0.385397784491246,0.1673988699913025,0.076468825340271,0.2258121371269226,0.6333293318748474,0.34835379464278776,0.9040470719337463,-0.07430762694787636,0.06573624820749248,0.2
88,n02123597/ILSVRC2012_val_00017186,vit_supervised,vit_small_patch16_224,token_gradient,predicted,blocks.8,6,6,6,0.2630220353603363,0.46354174613952637,0.0969265181012076,0.058715351812351095,0.13694877922534943,0.1407538652420044,0.4124814569950104,0.4460590183734894,0.5916772959182495,0.9986028075218201,0.15190137511820215,0.2807586009827804,0.2
89,n02123597/ILSVRC2012_val_00017692,vit_supervised,vit_small_patch16_224,token_gradient,predicted,blocks.8,6,6,6,-0.0946054756641388,0.29612496495246887,0.06424778761060526,0.24942209293258633,0.2090756744146347,0.14300602674484253,0.6425860524177551,0.8901526927947998,0.7587093431120937,0.9852651953697205,0.05625877389730195,0.19309533295880738,0.2
90,n02123597/ILSVRC2012_val_00025887,vit_supervised,vit_small_patch16_224,token_gradient,predicted,blocks.8,6,6,6,0.17462314665317535,0.21537072956562042,0.3128136372341265,0.2990788825289795,0.31518593430519104,0.10710759460926056,0.6034892201423645,0.6988216042518616,0.48301977040806704,0.9566007256507874,0.25341701459020194,0.35758134011700593,0.2
91,n02123597/ILSVRC2012_val_00028213,vit_supervised,vit_small_patch16_224,token_gradient,predicted,blocks.8,6,6,6,0.10909001529216766,0.21872448921203613,0.0885237157393549,0.19639676204645057,0.29397764801979065,0.08424562215805054,0.7457460761070251,0.8436649441719055,0.8574617346937067,-0.39953646063804626,0.1291121494526087,0.049481155703003106,0.2
92,n02123597/ILSVRC2012_val_00034254,vit_supervised,vit_small_patch16_224,token_gradient,predicted,blocks.8,6,6,6,0.32124313712120056,0.41909685730934143,0.20027941323217238,0.20027941323217238,0.35203656554222107,0.17082692682743073,0.9992007613182068,0.9997294545173645,0.998584980867148,0.9879502654075623,0.2486649027877837,0.3607673444196407,0.2
93,n02123597/ILSVRC2012_val_00040848,vit_supervised,vit_small_patch16_224,token_gradient,predicted,blocks.8,6,27,27,-0.06949596107006073,0.11986394226551056,0.042441708147722954,0.001510067114092693,0.03872235491871834,0.005095689557492733,0.04272506758570671,0.010224117897450924,0.03790656887754347,0.99896639585495,-0.014612851849479599,0.13650931681917514,0.2
94,n02123597/ILSVRC2012_val_00043090,vit_supervised,vit_small_patch16_224,token_gradient,predicted,blocks.8,6,6,6,0.11904503405094147,0.32236459851264954,0.26286471431268416,0.19573901464708704,0.37788593769073486,0.14225871860980988,0.8048912286758423,0.76265549659729,0.7306481186223034,0.9924041628837585,0.18519913230830795,0.30517731859033614,0.2
95,n02123597/ILSVRC2012_val_00043546,vit_supervised,vit_small_patch16_224,token_gradient,predicted,blocks.8,6,6,6,-0.21744675934314728,0.19295455515384674,0.14019170967840855,0.2095633247176542,0.26952841877937317,0.09505030512809753,0.5042403936386108,0.5926666259765625,0.5088289221937762,0.6956256031990051,0.017947806581559915,0.1156762333087649,0.2
80,n02119022/ILSVRC2012_val_00032623,vit_supervised,vit_small_patch16_224,token_gradient,predicted,blocks.11,5,5,5,0.0,0.0,0.6975635133957361,0.1901905293366968,0.3079282343387604,0.0,0.40417689085006714,0.0,0.1901905293366968,0.9922440052032471,0.26632621281972985,0.37077511146359526,0.2
81,n02119022/ILSVRC2012_val_00039745,vit_supervised,vit_small_patch16_224,token_gradient,predicted,blocks.11,5,5,5,0.0,0.0,0.09728900024827944,0.7688137755100509,0.3040996491909027,0.0,0.6640884876251221,0.0,0.7688137755100509,0.9880975484848022,0.2598308327274991,0.3647403262123029,0.2
82,n02119022/ILSVRC2012_val_00040503,vit_supervised,vit_small_patch16_224,token_gradient,predicted,blocks.11,5,10,10,0.0,0.0,0.17582811101148088,0.061762595663253,0.11817800253629684,0.0,0.13116873800754547,0.0,0.061762595663253,0.9661605358123779,0.07127721200242015,0.20432175704054018,0.2
83,n02119022/ILSVRC2012_val_00047804,vit_supervised,vit_small_patch16_224,token_gradient,predicted,blocks.11,5,5,5,0.0,0.0,0.074678010161837,0.1625279017856819,0.14096468687057495,0.0,0.17645619809627533,0.0,0.1625279017856819,0.9777523279190063,0.07116177358425567,0.20596432717473068,0.2
84,n02119022/ILSVRC2012_val_00049298,vit_supervised,vit_small_patch16_224,token_gradient,predicted,blocks.11,5,5,5,0.0,0.0,0.13581134695493557,0.712890624999858,0.3416028916835785,0.0,0.7229399681091309,0.0,0.712890624999858,0.8339799046516418,0.25461059158643806,0.33727247868644467,0.2
85,n02123597/ILSVRC2012_val_00004846,vit_supervised,vit_small_patch16_224,token_gradient,predicted,blocks.11,6,15,15,0.0,0.0,0.20155162505580693,0.5500637755100944,0.3124537467956543,0.0,0.5056213736534119,0.0,0.5500637755100944,0.8481360673904419,0.22548462016977042,0.3151242602500416,0.2
86,n02123597/ILSVRC2012_val_00011738,vit_supervised,vit_small_patch16_224,token_gradient,predicted,blocks.11,6,6,6,0.0,0.0,0.03433761630481674,0.35817920918360213,0.24660415947437286,0.0,0.3707035481929779,0.0,0.35817920918360213,0.9918011426925659,0.11775504764652565,0.24689937777598958,0.2
87,n02123597/ILSVRC2012_val_00014773,vit_supervised,vit_small_patch16_224,token_gradient,predicted,blocks.11,6,6,6,0.0,0.0,0.0,0.34835379464278776,0.14918434619903564,0.0,0.2041129767894745,0.0,0.34835379464278776,0.8906279802322388,0.10450613839283633,0.22068264569553275,0.2
88,n02123597/ILSVRC2012_val_00017186,vit_supervised,vit_small_patch16_224,token_gradient,predicted,blocks.11,6,6,6,0.0,0.0,0.08636674415422226,0.5916772959182495,0.18194201588630676,0.0,0.4420830309391022,0.0,0.5916772959182495,0.997063934803009,0.2034132120217415,0.31907060023856926,0.2
89,n02123597/ILSVRC2012_val_00017692,vit_supervised,vit_small_patch16_224,token_gradient,predicted,blocks.11,6,6,6,0.0,0.0,0.0708100527569239,0.7587093431120937,0.23234833776950836,0.0,0.6567428112030029,0.0,0.7587093431120937,0.9862099289894104,0.24885581876070526,0.35531133831566597,0.2
90,n02123597/ILSVRC2012_val_00025887,vit_supervised,vit_small_patch16_224,token_gradient,predicted,blocks.11,6,6,6,0.0,0.0,0.28857722965848676,0.48301977040806704,0.3256845474243164,0.0,0.5720874667167664,0.0,0.48301977040806704,0.8102596402168274,0.23147910001996613,0.31443819604916257,0.2
91,n02123597/ILSVRC2012_val_00028213,vit_supervised,vit_small_patch16_224,token_gradient,predicted,blocks.11,6,6,6,0.0,0.0,0.2332419114912065,0.8574617346937067,0.49809369444847107,0.0,0.9225137829780579,0.0,0.8574617346937067,0.9565961956977844,0.327211093855474,0.41616534090089596,0.2
92,n02123597/ILSVRC2012_val_00034254,vit_supervised,vit_small_patch16_224,token_gradient,predicted,blocks.11,6,6,6,0.0,0.0,0.20027941323217238,0.998584980867148,0.3782968819141388,0.0,0.9989734888076782,0.0,0.998584980867148,0.9582542181015015,0.35965931822979613,0.44345423124005534,0.2
93,n02123597/ILSVRC2012_val_00040848,vit_supervised,vit_small_patch16_224,token_gradient,predicted,blocks.11,6,27,27,0.0,0.0,0.03700807922853183,0.03790656887754347,0.035313937813043594,0.0,0.040590401738882065,0.0,0.03790656887754347,0.9984925985336304,0.02247439443182259,0.16850255180656337,0.2
94,n02123597/ILSVRC2012_val_00043090,vit_supervised,vit_small_patch16_224,token_gradient,predicted,blocks.11,6,6,6,0.0,0.0,0.2345600676818331,0.7306481186223034,0.434444397687912,0.0,0.7980498671531677,0.0,0.7306481186223034,0.6767544746398926,0.28956245589124097,0.342815217772018,0.2
95,n02123597/ILSVRC2012_val_00043546,vit_supervised,vit_small_patch16_224,token_gradient,predicted,blocks.11,6,6,6,0.0,0.0,0.12700424614990588,0.5088289221937762,0.2830261290073395,0.0,0.5072847604751587,0.0,0.5088289221937762,0.8264689445495605,0.19074995050310461,0.2829286337683546,0.2
96,n02123597/ILSVRC2012_val_00043632,vit_supervised,vit_small_patch16_224,token_gradient,predicted,blocks.2,6,6,6,-0.27700746059417725,0.11227770894765854,0.00197861705081853,0.33498288779930857,0.13814017176628113,0.0948215052485466,0.22582484781742096,0.6410084366798401,0.3752790178570681,0.9881356358528137,-0.009714532782632776,0.1355081103824918,0.2
97,n02123597/ILSVRC2012_val_00045347,vit_supervised,vit_small_patch16_224,token_gradient,predicted,blocks.2,6,6,6,0.15216410160064697,0.11751960217952728,0.12278489878821784,0.29771301355988755,0.20824004709720612,0.07247012108564377,0.3237808048725128,0.5647708177566528,0.43895487882644313,0.9965816736221313,0.1870150143446904,0.30786916469057246,0.2
98,n02123597/ILSVRC2012_val_00047103,vit_supervised,vit_small_patch16_224,token_gradient,predicted,blocks.2,6,6,6,0.149727001786232,0.30076539516448975,0.19312946119501706,0.15551804666000243,0.30670490860939026,0.09759202599525452,0.7605580687522888,0.7065759897232056,0.7959582270406578,0.9566724896430969,0.16448505307099864,0.2830672010354006,0.2
99,n02123597/ILSVRC2012_val_00048160,vit_supervised,vit_small_patch16_224,token_gradient,predicted,blocks.2,6,6,6,0.13471229374408722,0.28567326068878174,0.19272667895211162,0.1640523619806115,0.3878689110279083,0.12254997342824936,0.8543657064437866,0.7997746467590332,0.8190369897957552,0.9895555377006531,0.16091862977745183,0.28477739369870925,0.2
100,n02133161/ILSVRC2012_val_00004660,vit_supervised,vit_small_patch16_224,token_gradient,predicted,blocks.2,7,17,17,0.015687068924307823,0.14813649654388428,0.017963186555942645,0.11732568832149151,0.21923401951789856,0.05068563297390938,0.4807625412940979,0.5226128101348877,0.6233258928570187,0.9978309869766235,0.04686149003295338,0.1889873408893598,0.2
101,n02133161/ILSVRC2012_val_00006350,vit_supervised,vit_small_patch16_224,token_gradient,predicted,blocks.2,7,7,7,0.2519518733024597,0.22172914445400238,0.1854227887917779,0.4441811214197034,0.3025268018245697,0.1702064722776413,0.4524613618850708,0.733856201171875,0.37081473214278327,0.9783222079277039,0.2896619223844282,0.3923324643978868,0.2
102,n02133161/ILSVRC2012_val_00012507,vit_supervised,vit_small_patch16_224,token_gradient,predicted,blocks.2,7,7,7,-0.3737340569496155,0.1758018285036087,0.3136250164234601,0.14568372803661356,0.36770614981651306,0.08998968452215195,0.5046648979187012,0.37547561526298523,0.3977798150509412,0.9940046072006226,-0.011700999441824123,0.1331209572627464,0.2
103,n02133161/ILSVRC2012_val_00030951,vit_supervised,vit_small_patch16_224,token_gradient,predicted,blocks.2,7,7,7,0.060772959142923355,0.2028045654296875,0.11355648821096886,0.39233755706284723,0.3373066782951355,0.15632323920726776,0.47245389223098755,0.6962212324142456,0.4504145408162368,0.983058750629425,0.17607739723931415,0.29520285961289094,0.2
104,n02133161/ILSVRC2012_val_00033693,vit_supervised,vit_small_patch16_224,token_gradient,predicted,blocks.2,7,7,7,0.03845055028796196,0.4219510853290558,0.01586409343575961,0.2294503277861247,0.23886220157146454,0.19802966713905334,0.6078227162361145,0.8348042964935303,0.7717833227039279,0.969346821308136,0.08897454648175007,0.22018832110247816,0.2
105,n02133161/ILSVRC2012_val_00033969,vit_supervised,vit_small_patch16_224,token_gradient,predicted,blocks.2,7,7,7,0.30463096499443054,0.31067782640457153,0.43789849528159247,0.3365256969465501,0.3614721894264221,0.20508341491222382,0.4827840328216553,0.5801960229873657,0.3618263711733973,0.9703875780105591,0.35417964366621496,0.4457850225066702,0.2
106,n02133161/ILSVRC2012_val_00035292,vit_supervised,vit_small_patch16_224,token_gradient,predicted,blocks.2,7,7,7,-0.08558919280767441,0.25794273614883423,0.03385899814470529,0.17741122235823734,0.21799497306346893,0.09594224393367767,0.6065601706504822,0.7772524356842041,0.7773238201529064,0.9844367504119873,0.029145389027813023,0.1705268502048477,0.2
107,n02133161/ILSVRC2012_val_00035591,vit_supervised,vit_small_patch16_224,token_gradient,predicted,blocks.2,7,7,7,0.12518802285194397,0.17946986854076385,0.0041987403778856215,0.15257851880569642,0.28051629662513733,0.07368353009223938,0.5328382849693298,0.5969337821006775,0.6293845663264052,0.9953896403312683,0.0971083868958522,0.23231856884376612,0.2
108,n02133161/ILSVRC2012_val_00043648,vit_supervised,vit_small_patch16_224,token_gradient,predicted,blocks.2,7,7,7,0.07620774954557419,0.34318679571151733,0.20109159133537943,0.5406942823800024,0.17213325202465057,0.256956547498703,0.3203510642051697,0.5513949990272522,0.22104193239791514,0.9931021928787231,0.2530188619328442,0.3610845097016049,0.2
109,n02133161/ILSVRC2012_val_00045891,vit_supervised,vit_small_patch16_224,token_gradient,predicted,blocks.2,7,7,7,0.19119930267333984,0.19437088072299957,0.14324023124603216,0.3493896675022196,0.3656923174858093,0.1553172916173935,0.4871099591255188,0.6805970072746277,0.4542410714284809,0.993135929107666,0.22426869069381145,0.3390476199888818,0.2
110,n02133161/ILSVRC2012_val_00046668,vit_supervised,vit_small_patch16_224,token_gradient,predicted,blocks.2,7,7,7,0.7140704989433289,0.24032935500144958,0.6462849855690675,0.6127293050163635,0.40797555446624756,0.2923186719417572,0.45857399702072144,0.7698532938957214,0.2888432716836159,0.9983155727386475,0.6633324867529609,0.71442558318732,0.2
111,n02133161/ILSVRC2012_val_00049613,vit_supervised,vit_small_patch16_224,token_gradient,predicted,blocks.2,7,7,7,-0.03365898132324219,0.269012987613678,0.03241901391141119,0.23001464128836605,0.2650580406188965,0.1285768747329712,0.5409513711929321,0.7185173630714417,0.6371572066325261,0.9832176566123962,0.06526650403063629,0.20131041882866899,0.2
96,n02123597/ILSVRC2012_val_00043632,vit_supervised,vit_small_patch16_224,token_gradient,predicted,blocks.5,6,6,6,-0.10479477792978287,0.14271879196166992,0.0,0.24461021041727982,0.09744720906019211,0.10905995965003967,0.1596902310848236,0.5488782525062561,0.3752790178570681,0.9249786734580994,0.03146515195327079,0.16322118134761085,0.2
97,n02123597/ILSVRC2012_val_00045347,vit_supervised,vit_small_patch16_224,token_gradient,predicted,blocks.5,6,6,6,0.245306596159935,0.07984504103660583,0.11485899085436073,0.2508778774872217,0.1928839534521103,0.049196112900972366,0.31196194887161255,0.5841155052185059,0.43895487882644313,0.9966481328010559,0.20784369896644872,0.32678874566153127,0.2
98,n02123597/ILSVRC2012_val_00047103,vit_supervised,vit_small_patch16_224,token_gradient,predicted,blocks.5,6,6,6,0.08327195793390274,0.22127166390419006,0.20739810094464536,0.13154915545892054,0.3125598430633545,0.06499858945608139,0.7693273425102234,0.6444159150123596,0.7959582270406578,0.929248034954071,0.13499296009463085,0.2532692046208681,0.2
99,n02123597/ILSVRC2012_val_00048160,vit_supervised,vit_small_patch16_224,token_gradient,predicted,blocks.5,6,6,6,-0.01579309068620205,0.1908082515001297,0.18842971364815256,0.13829337251494062,0.388011634349823,0.07963354885578156,0.8489496111869812,0.7538074254989624,0.8190369897957552,0.9896365404129028,0.09169968957444713,0.22459867086253799,0.2
100,n02133161/ILSVRC2012_val_00004660,vit_supervised,vit_small_patch16_224,token_gradient,predicted,blocks.5,7,17,17,0.11719504743814468,0.15045511722564697,0.006553303449618361,0.09164178315670227,0.24542737007141113,0.05249197036027908,0.4876212477684021,0.5000019073486328,0.6233258928570187,0.9990381598472595,0.07633654495715406,0.21542276223201973,0.2
101,n02133161/ILSVRC2012_val_00006350,vit_supervised,vit_small_patch16_224,token_gradient,predicted,blocks.5,7,7,7,0.2772376239299774,0.2927458882331848,0.2694353337468888,0.4859914911276922,0.3351934850215912,0.23558633029460907,0.47068414092063904,0.7116838693618774,0.37081473214278327,0.9664337038993835,0.3375230970343653,0.43085493017904486,0.2
102,n02133161/ILSVRC2012_val_00012507,vit_supervised,vit_small_patch16_224,token_gradient,predicted,blocks.5,7,7,7,-0.47764819860458374,0.1465841829776764,0.3212051801601968,0.10433310017299108,0.3659052550792694,0.06347732990980148,0.5037353038787842,0.30591675639152527,0.3977798150509412,0.994737982749939,-0.06339779534187716,0.08841839798418352,0.2
103,n02133161/ILSVRC2012_val_00030951,vit_supervised,vit_small_patch16_224,token_gradient,predicted,blocks.5,7,7,7,0.08388206362724304,0.18831337988376617,0.14673741171504734,0.3865403407399471,0.37507811188697815,0.17608854174613953,0.48050281405448914,0.7303617000579834,0.4504145408162368,0.9759377241134644,0.19353615118739553,0.3090688190003033,0.2
104,n02133161/ILSVRC2012_val_00033693,vit_supervised,vit_small_patch16_224,token_gradient,predicted,blocks.5,7,7,7,-0.07097721099853516,0.31731584668159485,0.019465178030061373,0.22598813235436338,0.23646751046180725,0.1381554901599884,0.604206383228302,0.8336222767829895,0.7717833227039279,0.9523622989654541,0.04524510871591336,0.17937564859143698,0.2
105,n02133161/ILSVRC2012_val_00033969,vit_supervised,vit_small_patch16_224,token_gradient,predicted,blocks.5,7,7,7,0.24270637333393097,0.28091198205947876,0.3272752954469008,0.3735139349052945,0.36170467734336853,0.19137325882911682,0.4688297510147095,0.5873134732246399,0.3618263711733973,0.8747758865356445,0.307319318439231,0.39136092123527133,0.2
106,n02133161/ILSVRC2012_val_00035292,vit_supervised,vit_small_patch16_224,token_gradient,predicted,blocks.5,7,7,7,-0.1070796400308609,0.31719711422920227,0.03242241778600522,0.21441307578003607,0.22614867985248566,0.1293625831604004,0.6078037023544312,0.8246355056762695,0.7773238201529064,0.9785019159317017,0.03121879205746802,0.17100628677046426,0.2
107,n02133161/ILSVRC2012_val_00035591,vit_supervised,vit_small_patch16_224,token_gradient,predicted,blocks.5,7,7,7,0.23706777393817902,0.26318007707595825,0.005144679001013202,0.09642998287443119,0.2903706133365631,0.09806779772043228,0.5299971699714661,0.5097137689590454,0.6293845663264052,0.9917284250259399,0.12529950813790494,0.2571266501011147,0.2
108,n02133161/ILSVRC2012_val_00043648,vit_supervised,vit_small_patch16_224,token_gradient,predicted,blocks.5,7,7,7,0.11518967151641846,0.34294024109840393,0.2741857659829468,0.4727082607176907,0.18875516951084137,0.24090363085269928,0.34320929646492004,0.5387099385261536,0.22104193239791514,0.9926367998123169,0.27014407661675865,0.37593541167775335,0.2
109,n02133161/ILSVRC2012_val_00045891,vit_supervised,vit_small_patch16_224,token_gradient,predicted,blocks.5,7,7,7,0.20244193077087402,0.173797145485878,0.11717261094469195,0.2626134440854243,0.37469324469566345,0.12285910546779633,0.48804914951324463,0.5970200896263123,0.4542410714284809,0.9850297570228577,0.1949125888173845,0.3135556530807636,0.2
110,n02133161/ILSVRC2012_val_00046668,vit_supervised,vit_small_patch16_224,token_gradient,predicted,blocks.5,7,7,7,0.7391844391822815,0.21124368906021118,0.6791949065511883,0.5544711325175521,0.40747690200805664,0.26156994700431824,0.45822444558143616,0.7775022983551025,0.2888432716836159,0.9960885643959045,0.6657735873935348,0.7165443481403693,0.2
111,n02133161/ILSVRC2012_val_00049613,vit_supervised,vit_small_patch16_224,token_gradient,predicted,blocks.5,7,7,7,-0.0023870139848440886,0.24582377076148987,0.0751766151325701,0.2536186468498363,0.26337748765945435,0.1195700392127037,0.5495139360427856,0.7396833896636963,0.6371572066325261,0.9913488626480103,0.09768377300078429,0.23006568999810773,0.2
96,n02123597/ILSVRC2012_val_00043632,vit_supervised,vit_small_patch16_224,token_gradient,predicted,blocks.8,6,6,6,-0.2478954941034317,0.15518595278263092,0.00010394290069984618,0.2663975782037176,0.1114555299282074,0.11869632452726364,0.1899176985025406,0.5494836568832397,0.3752790178570681,0.980359673500061,-0.019207741310047446,0.12691590836491243,0.2
97,n02123597/ILSVRC2012_val_00045347,vit_supervised,vit_small_patch16_224,token_gradient,predicted,blocks.8,6,6,6,0.3078628182411194,0.24384751915931702,0.0634204590685739,0.1441418935797637,0.2105262577533722,0.10405731201171875,0.3192823827266693,0.40182432532310486,0.43895487882644313,0.991447389125824,0.18541383309094905,0.30835968291534976,0.2
98,n02123597/ILSVRC2012_val_00047103,vit_supervised,vit_small_patch16_224,token_gradient,predicted,blocks.8,6,6,6,0.05784042924642563,0.32458630204200745,0.216124793147032,0.18122724908992077,0.28764623403549194,0.11383555829524994,0.7867552638053894,0.7438385486602783,0.7959582270406578,0.9459333419799805,0.14234178436965608,0.2614721620924842,0.2
99,n02123597/ILSVRC2012_val_00048160,vit_supervised,vit_small_patch16_224,token_gradient,predicted,blocks.8,6,6,6,-0.23338697850704193,0.27664515376091003,0.19333909025131438,0.14251558554730578,0.35875070095062256,0.10924660414457321,0.8599955439567566,0.7057135701179504,0.8190369897957552,0.9826847314834595,0.007401611336769275,0.1496809361947093,0.2
100,n02133161/ILSVRC2012_val_00004660,vit_supervised,vit_small_patch16_224,token_gradient,predicted,blocks.8,7,17,17,0.08595849573612213,0.24016864597797394,0.0041077244664809425,0.13183922847197682,0.2508121430873871,0.09264525026082993,0.4878065884113312,0.5428276658058167,0.6233258928570187,0.9993465542793274,0.07516748417598618,0.21397419488415628,0.2
101,n02133161/ILSVRC2012_val_00006350,vit_supervised,vit_small_patch16_224,token_gradient,predicted,blocks.8,7,7,7,0.46269655227661133,0.16355760395526886,0.3367404088489047,0.37340558166281124,0.35489702224731445,0.12219978868961334,0.4774464964866638,0.6429740786552429,0.37081473214278327,0.9733014702796936,0.3981224180641593,0.485475511466697,0.2
102,n02133161/ILSVRC2012_val_00012507,vit_supervised,vit_small_patch16_224,token_gradient,predicted,blocks.8,7,7,7,-0.32261577248573303,0.15084798634052277,0.37840073529394375,0.1395896656534424,0.4026002287864685,0.07543516904115677,0.5069705247879028,0.36715495586395264,0.3977798150509412,0.9939738512039185,0.02635081128992261,0.16567815754742776,0.2
103,n02133161/ILSVRC2012_val_00030951,vit_supervised,vit_small_patch16_224,token_gradient,predicted,blocks.8,7,7,7,0.2416747361421585,0.2989344894886017,0.13170579463878637,0.39049850873438835,0.37563297152519226,0.24506616592407227,0.4801323115825653,0.6816899180412292,0.4504145408162368,0.9721818566322327,0.25333118546881583,0.36096451198788404,0.2
104,n02133161/ILSVRC2012_val_00033693,vit_supervised,vit_small_patch16_224,token_gradient,predicted,blocks.8,7,7,7,-0.10587972402572632,0.22917480766773224,0.025943148105282064,0.21890858185630607,0.24353563785552979,0.11252342164516449,0.6050492525100708,0.8349270820617676,0.7717833227039279,0.9532678723335266,0.031103629378185907,0.16714520993142182,0.2
105,n02133161/ILSVRC2012_val_00033969,vit_supervised,vit_small_patch16_224,token_gradient,predicted,blocks.8,7,7,7,-0.03567560017108917,0.2752569913864136,0.16661148816414226,0.2742970798299095,0.3285014033317566,0.18333032727241516,0.4478789269924164,0.5201467871665955,0.3618263711733973,0.9000421166419983,0.11800233032977984,0.23274699943493146,0.2
106,n02133161/ILSVRC2012_val_00035292,vit_supervised,vit_small_patch16_224,token_gradient,predicted,blocks.8,7,7,7,-0.13387317955493927,0.2970128059387207,0.03440420191110292,0.23680294584977257,0.23105120658874512,0.13674235343933105,0.6176882982254028,0.8700897693634033,0.7773238201529064,0.9810510873794556,0.02781287250628693,0.16810383720290845,0.2
107,n02133161/ILSVRC2012_val_00035591,vit_supervised,vit_small_patch16_224,token_gradient,predicted,blocks.8,7,7,7,0.16201269626617432,0.27386853098869324,0.0033269847392648506,0.13281249999996386,0.3190081715583801,0.12365841865539551,0.5382546782493591,0.5830231308937073,0.6293845663264052,0.99208664894104,0.10564692392823834,0.23955231221912418,0.2
108,n02133161/ILSVRC2012_val_00043648,vit_supervised,vit_small_patch16_224,token_gradient,predicted,blocks.8,7,7,7,0.14043308794498444,0.22096839547157288,0.2604259889026547,0.41056286305641276,0.18941500782966614,0.10031017661094666,0.3398600220680237,0.49806469678878784,0.22104193239791514,0.9933367371559143,0.257469890765714,0.36589930434389856,0.2
109,n02133161/ILSVRC2012_val_00045891,vit_supervised,vit_small_patch16_224,token_gradient,predicted,blocks.8,7,7,7,0.2673726975917816,0.15170294046401978,0.17209983218474947,0.27478544522532145,0.3791412115097046,0.11450504511594772,0.4947660267353058,0.641361653804779,0.4542410714284809,0.9870727062225342,0.24101466225973395,0.3533626694430214,0.2
110,n02133161/ILSVRC2012_val_00046668,vit_supervised,vit_small_patch16_224,token_gradient,predicted,blocks.8,7,7,7,0.3948555290699005,0.11140184849500656,0.6694799891092639,0.46330986755729425,0.4092983603477478,0.10150638222694397,0.46582546830177307,0.5902513861656189,0.2888432716836159,0.997454822063446,0.49777916862792765,0.5710151226506216,0.2
111,n02133161/ILSVRC2012_val_00049613,vit_supervised,vit_small_patch16_224,token_gradient,predicted,blocks.8,7,7,7,0.06379127502441406,0.31510302424430847,0.0737199969325749,0.2636122976956069,0.28076601028442383,0.1601715087890625,0.5556194186210632,0.758422315120697,0.6371572066325261,0.9854916930198669,0.12671619839822015,0.2544837738685704,0.2
96,n02123597/ILSVRC2012_val_00043632,vit_supervised,vit_small_patch16_224,token_gradient,predicted,blocks.11,6,6,6,0.0,0.0,0.00048525181102891223,0.3752790178570681,0.1308649629354477,0.0,0.22018221020698547,0.0,0.3752790178570681,0.9935532808303833,0.1127292809004291,0.24297405954158174,0.2
97,n02123597/ILSVRC2012_val_00045347,vit_supervised,vit_small_patch16_224,token_gradient,predicted,blocks.11,6,6,6,0.0,0.0,0.008492702566680771,0.43895487882644313,0.23395158350467682,0.0,0.3267418444156647,0.0,0.43895487882644313,0.9828306436538696,0.13423427441793717,0.25928649189636144,0.2
98,n02123597/ILSVRC2012_val_00047103,vit_supervised,vit_small_patch16_224,token_gradient,predicted,blocks.11,6,6,6,0.0,0.0,0.22034188034182656,0.7959582270406578,0.3062160015106201,0.0,0.8243056535720825,0.0,0.7959582270406578,0.8820942640304565,0.30489003221474525,0.3863891664501896,0.2
99,n02123597/ILSVRC2012_val_00048160,vit_supervised,vit_small_patch16_224,token_gradient,predicted,blocks.11,6,6,6,0.0,0.0,0.21911733148942109,0.8190369897957552,0.3457881510257721,0.0,0.8725265860557556,0.0,0.8190369897957552,0.9378635883331299,0.3114462963855529,0.40021811857126355,0.2
100,n02133161/ILSVRC2012_val_00004660,vit_supervised,vit_small_patch16_224,token_gradient,predicted,blocks.11,7,17,17,0.0,0.0,0.0,0.6233258928570187,0.2706308662891388,0.0,0.49641573429107666,0.0,0.6233258928570187,0.9980915188789368,0.1869977678571056,0.30554520104609517,0.2
101,n02133161/ILSVRC2012_val_00006350,vit_supervised,vit_small_patch16_224,token_gradient,predicted,blocks.11,7,7,7,0.0,0.0,0.4232259988071838,0.37081473214278327,0.3251573443412781,0.0,0.4883953630924225,0.0,0.37081473214278327,0.987492561340332,0.2382122192849901,0.3466340669385416,0.2
102,n02133161/ILSVRC2012_val_00012507,vit_supervised,vit_small_patch16_224,token_gradient,predicted,blocks.11,7,7,7,0.0,0.0,0.45984619877326005,0.3977798150509412,0.3906525671482086,0.0,0.5263189673423767,0.0,0.3977798150509412,0.9913642406463623,0.2572878041472604,0.36311113955300467,0.2
103,n02133161/ILSVRC2012_val_00030951,vit_supervised,vit_small_patch16_224,token_gradient,predicted,blocks.11,7,7,7,0.0,0.0,0.13445962387453175,0.4504145408162368,0.3734683096408844,0.0,0.4815197288990021,0.0,0.4504145408162368,0.9430466294288635,0.17546224940723057,0.28767553558702164,0.2
104,n02133161/ILSVRC2012_val_00033693,vit_supervised,vit_small_patch16_224,token_gradient,predicted,blocks.11,7,7,7,0.0,0.0,0.0344754428768358,0.7717833227039279,0.2622140049934387,0.0,0.6142867803573608,0.0,0.7717833227039279,0.9782881736755371,0.2418776296742291,0.34830791744652145,0.2
105,n02133161/ILSVRC2012_val_00033969,vit_supervised,vit_small_patch16_224,token_gradient,predicted,blocks.11,7,7,7,0.0,0.0,0.07325059011647253,0.3618263711733973,0.26635855436325073,0.0,0.38087475299835205,0.0,0.3618263711733973,0.9388960599899292,0.13052308838696094,0.24960364932095683,0.2
106,n02133161/ILSVRC2012_val_00035292,vit_supervised,vit_small_patch16_224,token_gradient,predicted,blocks.11,7,7,7,0.0,0.0,0.04083711847857519,0.7773238201529064,0.25394076108932495,0.0,0.6356711983680725,0.0,0.7773238201529064,0.9704414010047913,0.24544828158944443,0.3501064448085891,0.2
107,n02133161/ILSVRC2012_val_00035591,vit_supervised,vit_small_patch16_224,token_gradient,predicted,blocks.11,7,7,7,0.0,0.0,0.009827711720453816,0.6293845663264052,0.3471723794937134,0.0,0.5549638867378235,0.0,0.6293845663264052,0.9871931076049805,0.1917636834140577,0.3078820356524618,0.2
108,n02133161/ILSVRC2012_val_00043648,vit_supervised,vit_small_patch16_224,token_gradient,predicted,blocks.11,7,7,7,0.0,0.0,0.3320726172463867,0.22104193239791514,0.19825440645217896,0.0,0.34779125452041626,0.0,0.22104193239791514,0.9914401173591614,0.16593436489329055,0.2869946550149497,0.2
109,n02133161/ILSVRC2012_val_00045891,vit_supervised,vit_small_patch16_224,token_gradient,predicted,blocks.11,7,7,7,0.0,0.0,0.27147726392428867,0.4542410714284809,0.352332204580307,0.0,0.5042524933815002,0.0,0.4542410714284809,0.9459565281867981,0.21771550060583084,0.3233230630662121,0.2
110,n02133161/ILSVRC2012_val_00046668,vit_supervised,vit_small_patch16_224,token_gradient,predicted,blocks.11,7,7,7,0.0,0.0,0.6716417910443183,0.2888432716836159,0.3961782157421112,0.0,0.462534099817276,0.0,0.2888432716836159,0.9890825748443604,0.28814551881838024,0.3884836519086376,0.2
111,n02133161/ILSVRC2012_val_00049613,vit_supervised,vit_small_patch16_224,token_gradient,predicted,blocks.11,7,7,7,0.0,0.0,0.10084650260762093,0.6371572066325261,0.3116314709186554,0.0,0.5626242160797119,0.0,0.6371572066325261,0.9809926152229309,0.2214011127720441,0.3316498195934764,0.2
112,n02133161/ILSVRC2012_val_00049973,vit_supervised,vit_small_patch16_224,token_gradient,predicted,blocks.2,7,7,7,-0.04489051178097725,0.3441583812236786,0.09763067031785624,0.3134526805639805,0.1388518214225769,0.1585201621055603,0.3371664583683014,0.5677053928375244,0.35120376275503207,0.9925864934921265,0.10536880055216012,0.2359471326209361,0.2
113,n02165456/ILSVRC2012_val_00006966,vit_supervised,vit_small_patch16_224,token_gradient,predicted,blocks.2,8,5,5,0.28353986144065857,0.2582237124443054,0.23943392618068515,0.24961523662923274,0.10361980646848679,0.14426074922084808,0.10939474403858185,0.20220217108726501,0.0583346619897843,0.9967789649963379,0.2601306934192388,0.3710180869561607,0.2
114,n02165456/ILSVRC2012_val_00015975,vit_supervised,vit_small_patch16_224,token_gradient,predicted,blocks.2,8,8,8,0.046590980142354965,0.16208820044994354,0.19293504030336986,0.49809410363281825,0.25093433260917664,0.12388045340776443,0.34223321080207825,0.5741026997566223,0.30129942602034815,0.18660293519496918,0.2259451352377984,0.21705456931311665,0.2
115,n02165456/ILSVRC2012_val_00017130,vit_supervised,vit_small_patch16_224,token_gradient,predicted,blocks.2,8,8,8,-0.21571536362171173,0.170069620013237,0.06919852343110229,0.34453186467321434,0.07907330989837646,0.1352636069059372,0.10943548381328583,0.3964199423789978,0.14058514030609442,0.9568235874176025,0.03783297098261029,0.17145575787112044,0.2
116,n02165456/ILSVRC2012_val_00017406,vit_supervised,vit_small_patch16_224,token_gradient,predicted,blocks.2,8,28,28,0.3768938183784485,0.4129139184951782,0.18798356813423023,0.21358148634380686,0.3275599777698517,0.17637787759304047,0.7290673851966858,0.8010663390159607,0.7394571109692404,0.6053047776222229,0.2712270436947905,0.32309981669529964,0.2
117,n02165456/ILSVRC2012_val_00017635,vit_supervised,vit_small_patch16_224,token_gradient,predicted,blocks.2,8,8,8,0.056850217282772064,0.18840816617012024,0.06209095485814558,0.24085873933904434,0.05279865115880966,0.15389284491539001,0.06046915426850319,0.2606692612171173,0.05227598852039775,0.9894621968269348,0.1136249951722658,0.2440543291223079,0.2
118,n02165456/ILSVRC2012_val_00018858,vit_supervised,vit_small_patch16_224,token_gradient,predicted,blocks.2,8,8,8,-0.3437342345714569,0.10386523604393005,7.501875468861589e-05,0.2563377626988443,0.024559808894991875,0.189378023147583,0.02730981446802616,0.3252362012863159,0.06568877551019099,0.9350003600120544,-0.06056985939252291,0.08404626726518147,0.2
119,n02165456/ILSVRC2012_val_00021935,vit_supervised,vit_small_patch16_224,token_gradient,predicted,blocks.2,8,0,0,0.43570059537887573,0.22202743589878082,0.34933952159911696,0.17713929767174558,0.18670210242271423,0.0963163897395134,0.21947377920150757,0.24009448289871216,0.10130341198977573,0.9400134682655334,0.3322238839328091,0.4251169334401521,0.2
120,n02165456/ILSVRC2012_val_00023833,vit_supervised,vit_small_patch16_224,token_gradient,predicted,blocks.2,8,8,8,0.41353967785835266,0.175994873046875,0.20044243531768735,0.20059649797941062,0.08265701681375504,0.09282054752111435,0.08691228926181793,0.15050159394741058,0.04870854591835764,0.998054027557373,0.28572755113247045,0.3947067247083038,0.2
121,n02165456/ILSVRC2012_val_00024558,vit_supervised,vit_small_patch16_224,token_gradient,predicted,blocks.2,8,8,8,0.0975867286324501,0.3376961350440979,0.12227460223915565,0.3080357142854498,0.06502433121204376,0.16574706137180328,0.08498044312000275,0.2721790075302124,0.10365513392855077,0.9916419982910156,0.1681277864103617,0.2904792338961612,0.2
122,n02165456/ILSVRC2012_val_00025218,vit_supervised,vit_small_patch16_224,token_gradient,predicted,blocks.2,8,3,3,0.3196929693222046,0.27146193385124207,0.0,0.06722885921756287,0.02687506377696991,0.058870829641819,0.03235036879777908,0.09434134513139725,0.072405133928557,0.9801799058914185,0.1480458454941507,0.27572673995087504,0.2
123,n02165456/ILSVRC2012_val_00029086,vit_supervised,vit_small_patch16_224,token_gradient,predicted,blocks.2,8,8,8,0.5946967601776123,0.17097756266593933,0.8309982486857872,0.6677301004939641,0.3404611349105835,0.15462595224380493,0.4574225842952728,0.7246606349945068,0.2167370854591405,0.9933054447174072,0.6874972088249703,0.7318217700647132,0.2
124,n02165456/ILSVRC2012_val_00029421,vit_supervised,vit_small_patch16_224,token_gradient,predicted,blocks.2,8,8,8,0.39246878027915955,0.2701190412044525,0.032386646736390245,0.032386646736390245,0.01769784837961197,0.044678956270217896,0.01783270575106144,0.0465361550450325,0.00647720025510075,0.983681857585907,0.176419500153498,0.30110967510378694,0.2
125,n02165456/ILSVRC2012_val_00031140,vit_supervised,vit_small_patch16_224,token_gradient,predicted,blocks.2,8,8,8,-0.05478094145655632,0.14076291024684906,0.11831045110666971,0.5582235236695381,0.10642053186893463,0.25379133224487305,0.12194770574569702,0.5146411657333374,0.11816406249997646,-0.0708451122045517,0.18104781585023982,0.13933339735357447,0.2
126,n02165456/ILSVRC2012_val_00031903,vit_supervised,vit_small_patch16_224,token_gradient,predicted,blocks.2,8,8,8,0.7938566207885742,0.23701299726963043,0.27784360189546026,0.287376902416903,0.1841053068637848,0.21668875217437744,0.22595444321632385,0.5092584490776062,0.057936065051008866,0.9902462959289551,0.48710879960913867,0.567691887743435,0.2
127,n02165456/ILSVRC2012_val_00032986,vit_supervised,vit_small_patch16_224,token_gradient,predicted,blocks.2,8,8,8,0.7901948690414429,0.3157448470592499,0.43601849119658104,0.4151400600945864,0.2911495268344879,0.24484463036060333,0.3538452982902527,0.5302477478981018,0.09097975127549207,0.9990271925926208,0.5714255130039274,0.6392119208761899,0.2
112,n02133161/ILSVRC2012_val_00049973,vit_supervised,vit_small_patch16_224,token_gradient,predicted,blocks.5,7,7,7,-0.21623054146766663,0.21197181940078735,0.0782754453669831,0.36107283464549156,0.11715077608823776,0.10300406068563461,0.2904323935508728,0.6187840104103088,0.35120376275503207,0.9902896881103516,0.045312267416675725,0.18269983370598808,0.2
113,n02165456/ILSVRC2012_val_00006966,vit_supervised,vit_small_patch16_224,token_gradient,predicted,blocks.5,8,5,5,0.3318174481391907,0.13073697686195374,0.2605270835356797,0.24431218200994112,0.11378775537014008,0.07835659384727478,0.11898596584796906,0.16252081096172333,0.0583346619897843,0.9952256083488464,0.2841787589193625,0.3916297644874489,0.2
114,n02165456/ILSVRC2012_val_00015975,vit_supervised,vit_small_patch16_224,token_gradient,predicted,blocks.5,8,8,8,0.0676811933517456,0.30952343344688416,0.19685001903302396,0.313266851145871,0.2539779841899872,0.17363570630550385,0.35183683037757874,0.46605342626571655,0.30129942602034815,0.6090191602706909,0.18010753839436672,0.24257050925843834,0.2
115,n02165456/ILSVRC2012_val_00017130,vit_supervised,vit_small_patch16_224,token_gradient,predicted,blocks.5,8,8,8,-0.14435116946697235,0.30509424209594727,0.0753885847334495,0.4003933458982214,0.07777038961648941,0.15294218063354492,0.10867732763290405,0.3112252652645111,0.14058514030609442,0.9616385102272034,0.08499411140271232,0.2126683498785579,0.2
116,n02165456/ILSVRC2012_val_00017406,vit_supervised,vit_small_patch16_224,token_gradient,predicted,blocks.5,8,28,28,0.13072839379310608,0.3595640957355499,0.0812707879343775,0.1600630014273367,0.29525527358055115,0.1428118199110031,0.6767013669013977,0.7221561074256897,0.7394571109692404,-0.021994031965732574,0.12469149432575669,0.1027892803731558,0.2
117,n02165456/ILSVRC2012_val_00017635,vit_supervised,vit_small_patch16_224,token_gradient,predicted,blocks.5,8,8,8,0.028580376878380775,0.2509382367134094,0.08666552256728448,0.23180225768759066,0.05510130897164345,0.16454638540744781,0.06346521526575089,0.23853528499603271,0.05227598852039775,0.9867437481880188,0.10697248482781485,0.23763163919935487,0.2
118,n02165456/ILSVRC2012_val_00018858,vit_supervised,vit_small_patch16_224,token_gradient,predicted,blocks.5,8,8,8,-0.43784210085868835,0.17709141969680786,0.0,0.22696732627682745,0.029570812359452248,0.15253028273582458,0.032274726778268814,0.2089422643184662,0.06568877551019099,0.9707315564155579,-0.10704664246042711,0.04910682973099961,0.2
119,n02165456/ILSVRC2012_val_00021935,vit_supervised,vit_small_patch16_224,token_gradient,predicted,blocks.5,8,0,0,0.31755438446998596,0.2625768482685089,0.35356791118242137,0.2096335413664509,0.1930030882358551,0.10312741249799728,0.22573304176330566,0.22078856825828552,0.10130341198977573,0.865802526473999,0.29598218955265604,0.38181477667281305,0.2
120,n02165456/ILSVRC2012_val_00023833,vit_supervised,vit_small_patch16_224,token_gradient,predicted,blocks.5,8,8,8,0.3330342173576355,0.13534389436244965,0.21438302841551732,0.17748019615222793,0.08749207109212875,0.08085179328918457,0.09081678092479706,0.1429138034582138,0.04870854591835764,0.997188925743103,0.2507726543133778,0.3641061210785742,0.2
121,n02165456/ILSVRC2012_val_00024558,vit_supervised,vit_small_patch16_224,token_gradient,predicted,blocks.5,8,8,8,0.10165631026029587,0.3231728971004486,0.17028957677227874,0.21683571599695164,0.08186369389295578,0.12002783268690109,0.10521072894334793,0.222431480884552,0.10365513392855077,0.9770295023918152,0.15680011193488747,0.2789154571421834,0.2
122,n02165456/ILSVRC2012_val_00025218,vit_supervised,vit_small_patch16_224,token_gradient,predicted,blocks.5,8,3,3,0.30336660146713257,0.25623470544815063,0.0,0.0375768617626679,0.017939424142241478,0.03243027999997139,0.02188502997159958,0.055862125009298325,0.072405133928557,0.9953373074531555,0.1326196991156534,0.2648731220721367,0.2
123,n02165456/ILSVRC2012_val_00029086,vit_supervised,vit_small_patch16_224,token_gradient,predicted,blocks.5,8,8,8,0.43533843755722046,0.27469730377197266,0.8273180110103754,0.43209369221256616,0.3361447751522064,0.1760387420654297,0.46801507472991943,0.5545704364776611,0.2167370854591405,0.9941330552101135,0.5519588859897706,0.6163413372322796,0.2
124,n02165456/ILSVRC2012_val_00029421,vit_supervised,vit_small_patch16_224,token_gradient,predicted,blocks.5,8,8,8,0.08217553794384003,0.38867661356925964,0.01558670718555476,0.021278691754485983,0.00977754034101963,0.010271790437400341,0.009864583611488342,0.010567491874098778,0.00647720025510075,0.9925678968429565,0.04392983485954823,0.18686297254179768,0.2
125,n02165456/ILSVRC2012_val_00031140,vit_supervised,vit_small_patch16_224,token_gradient,predicted,blocks.5,8,8,8,0.4139123857021332,0.22613315284252167,0.5490005821846021,0.3764442145194202,0.2260815054178238,0.17381346225738525,0.2512712776660919,0.37422606348991394,0.11816406249997646,0.8820623755455017,0.44319839329206,0.5085398905035775,0.2
126,n02165456/ILSVRC2012_val_00031903,vit_supervised,vit_small_patch16_224,token_gradient,predicted,blocks.5,8,8,8,0.8002481460571289,0.2611533999443054,0.2770870337475063,0.2520073522296101,0.21241582930088043,0.17245672643184662,0.26540669798851013,0.4318443834781647,0.057936065051008866,0.9887223243713379,0.4788275742159865,0.5606687962699749,0.2
127,n02165456/ILSVRC2012_val_00032986,vit_supervised,vit_small_patch16_224,token_gradient,predicted,blocks.5,8,8,8,0.6243383288383484,0.3786363899707794,0.4451153122830395,0.32860132860102953,0.28244855999946594,0.18793825805187225,0.3315577805042267,0.31919631361961365,0.09097975127549207,0.9961345791816711,0.4818503238005601,0.5613677621916898,0.2
112,n02133161/ILSVRC2012_val_00049973,vit_supervised,vit_small_patch16_224,token_gradient,predicted,blocks.8,7,7,7,-0.18937760591506958,0.30673158168792725,0.05633641433043452,0.465504451038329,0.10600383579730988,0.24222540855407715,0.2646997272968292,0.6810694932937622,0.35120376275503207,0.990037739276886,0.08080121724460122,0.21268371516344942,0.2
113,n02165456/ILSVRC2012_val_00006966,vit_supervised,vit_small_patch16_224,token_gradient,predicted,blocks.8,8,5,5,0.24531346559524536,0.1700821816921234,0.2605270835356797,0.15166592625486303,0.11122489720582962,0.05856472626328468,0.11653698980808258,0.10744305700063705,0.0583346619897843,0.995098352432251,0.22178328917526094,0.3381727182708092,0.2
114,n02165456/ILSVRC2012_val_00015975,vit_supervised,vit_small_patch16_224,token_gradient,predicted,blocks.8,8,8,8,-0.00542788440361619,0.21955309808254242,0.1773295268403719,0.3137469967615618,0.2531137466430664,0.13450706005096436,0.3487897515296936,0.4883039593696594,0.30129942602034815,0.4933527708053589,0.14515180331913363,0.1948722869800216,0.2
115,n02165456/ILSVRC2012_val_00017130,vit_supervised,vit_small_patch16_224,token_gradient,predicted,blocks.8,8,8,8,-0.017454950138926506,0.47841760516166687,0.10436861832744967,0.04795486600843321,0.08722972869873047,0.06610221415758133,0.11837214231491089,0.11314070224761963,0.14058514030609442,0.853484034538269,0.03871506524519426,0.15999424371608678,0.2
116,n02165456/ILSVRC2012_val_00017406,vit_supervised,vit_small_patch16_224,token_gradient,predicted,blocks.8,8,28,28,-0.0707818940281868,0.2811010479927063,0.204374153657425,0.18879249470387655,0.33618220686912537,0.12388240545988083,0.7398273944854736,0.7466630339622498,0.7394571109692404,0.592570960521698,0.08963723689711574,0.1624036432587147,0.2
117,n02165456/ILSVRC2012_val_00017635,vit_supervised,vit_small_patch16_224,token_gradient,predicted,blocks.8,8,8,8,0.07886578142642975,0.43367817997932434,0.11958252255429012,0.09631041053170247,0.0626816377043724,0.06196580454707146,0.07200175523757935,0.08023587614297867,0.05227598852039775,0.9848858118057251,0.09631419249636967,0.22930912854160732,0.2
118,n02165456/ILSVRC2012_val_00018858,vit_supervised,vit_small_patch16_224,token_gradient,predicted,blocks.8,8,8,8,-0.23089803755283356,0.12788937985897064,0.00015004876584878831,0.11987567204291004,0.03247325122356415,0.07739047706127167,0.03516750410199165,0.13387329876422882,0.06568877551019099,0.9744736552238464,-0.05635149877850578,0.09536316534227493,0.2
119,n02165456/ILSVRC2012_val_00021935,vit_supervised,vit_small_patch16_224,token_gradient,predicted,blocks.8,8,0,0,0.130556121468544,0.30769607424736023,0.013950368879936987,0.030323679727406933,0.05563615262508392,0.033331289887428284,0.07411040365695953,0.06807556003332138,0.10130341198977573,0.13905930519104004,0.06550466316962078,0.07762205044448238,0.2
120,n02165456/ILSVRC2012_val_00023833,vit_supervised,vit_small_patch16_224,token_gradient,predicted,blocks.8,8,8,8,0.31778770685195923,0.26167669892311096,0.2120240870238811,0.14665073968561365,0.08533463627099991,0.07590219378471375,0.08853983879089355,0.10099093616008759,0.04870854591835764,0.9964754581451416,0.2347175307536321,0.3503657227973307,0.2
121,n02165456/ILSVRC2012_val_00024558,vit_supervised,vit_small_patch16_224,token_gradient,predicted,blocks.8,8,8,8,0.1338636875152588,0.37662526965141296,0.1827356000619603,0.20547511670210816,0.08606764674186707,0.12579134106636047,0.11257605254650116,0.2177281230688095,0.10365513392855077,0.9641813039779663,0.17000869003532404,0.2885321654180526,0.2
122,n02165456/ILSVRC2012_val_00025218,vit_supervised,vit_small_patch16_224,token_gradient,predicted,blocks.8,8,3,3,0.28994235396385193,0.22561204433441162,0.0,0.08004741209001971,0.024491053074598312,0.057244982570409775,0.02901756577193737,0.0944475531578064,0.072405133928557,0.9903876185417175,0.1399911652125467,0.2700498196911107,0.2
123,n02165456/ILSVRC2012_val_00029086,vit_supervised,vit_small_patch16_224,token_gradient,predicted,blocks.8,8,8,8,0.28765231370925903,0.3911550045013428,0.8147890991140299,0.3489452293398175,0.33576133847236633,0.14484430849552155,0.47329819202423096,0.3547023832798004,0.2167370854591405,0.9969925880432129,0.4641812240198578,0.5411607801181844,0.2
124,n02165456/ILSVRC2012_val_00029421,vit_supervised,vit_small_patch16_224,token_gradient,predicted,blocks.8,8,8,8,0.2894047796726227,0.372818261384964,0.018982984164434953,0.0,0.010349920950829983,0.0043386612087488174,0.01042374037206173,0.004505452234297991,0.00647720025510075,0.9828432202339172,0.12145680711837957,0.2534639019616142,0.2
125,n02165456/ILSVRC2012_val_00031140,vit_supervised,vit_small_patch16_224,token_gradient,predicted,blocks.8,8,8,8,0.33287712931632996,0.24409635365009308,0.5005169658797815,0.24127206282540914,0.20082047581672668,0.11910872906446457,0.22104275226593018,0.24198047816753387,0.11816406249997646,0.8543703556060791,0.3556875603380891,0.430109805777925,0.2
126,n02165456/ILSVRC2012_val_00031903,vit_supervised,vit_small_patch16_224,token_gradient,predicted,blocks.8,8,8,8,0.7448224425315857,0.3464818298816681,0.2826560951434265,0.22684614655396068,0.21960541605949402,0.13752950727939606,0.26143088936805725,0.27659082412719727,0.057936065051008866,0.9910106062889099,0.4507796495218504,0.5367150062537382,0.2
127,n02165456/ILSVRC2012_val_00032986,vit_supervised,vit_small_patch16_224,token_gradient,predicted,blocks.8,8,8,8,0.3287767469882965,0.2933686077594757,0.4505712866364127,0.18103866688223502,0.2508412003517151,0.09312675893306732,0.29031282663345337,0.18279427289962769,0.09097975127549207,0.9884949326515198,0.32099368485091295,0.4212485897232936,0.2
112,n02133161/ILSVRC2012_val_00049973,vit_supervised,vit_small_patch16_224,token_gradient,predicted,blocks.11,7,7,7,0.0,0.0,0.0344040985752087,0.35120376275503207,0.16578350961208344,0.0,0.2915699779987335,0.0,0.35120376275503207,0.06302379816770554,0.11568235839907223,0.10585553505771603,0.2
113,n02165456/ILSVRC2012_val_00006966,vit_supervised,vit_small_patch16_224,token_gradient,predicted,blocks.11,8,5,5,0.0,0.0,0.24311882612425134,0.0583346619897843,0.10773526132106781,0.0,0.1143917664885521,0.0,0.0583346619897843,0.9961961507797241,0.09043604643421069,0.22479279464546753,0.2
114,n02165456/ILSVRC2012_val_00015975,vit_supervised,vit_small_patch16_224,token_gradient,predicted,blocks.11,8,8,8,0.0,0.0,0.19804715408421145,0.30129942602034815,0.2419382780790329,0.0,0.34627610445022583,0.0,0.30129942602034815,0.28026241064071655,0.14980397403136786,0.16687600662224739,0.2
115,n02165456/ILSVRC2012_val_00017130,vit_supervised,vit_small_patch16_224,token_gradient,predicted,blocks.11,8,8,8,0.0,0.0,0.11919575610706713,0.14058514030609442,0.09702447801828384,0.0,0.12333666533231735,0.0,0.14058514030609442,0.9207115173339844,0.07793426892394847,0.20305195170338802,0.2
116,n02165456/ILSVRC2012_val_00017406,vit_supervised,vit_small_patch16_224,token_gradient,predicted,blocks.11,8,28,28,0.0,0.0,0.19826643959223247,0.7394571109692404,0.33166807889938354,0.0,0.724330484867096,0.0,0.7394571109692404,0.6831353306770325,0.28131706516844185,0.3369011872419231,0.2
117,n02165456/ILSVRC2012_val_00017635,vit_supervised,vit_small_patch16_224,token_gradient,predicted,blocks.11,8,8,8,0.0,0.0,0.1300776716363449,0.05227598852039775,0.06868728250265121,0.0,0.07634846121072769,0.0,0.05227598852039775,0.9621328711509705,0.05470609804702279,0.18990834571183124,0.2
118,n02165456/ILSVRC2012_val_00018858,vit_supervised,vit_small_patch16_224,token_gradient,predicted,blocks.11,8,8,8,0.0,0.0,0.0,0.06568877551019099,0.03797779232263565,0.0,0.04058753699064255,0.0,0.06568877551019099,0.9089497923851013,0.019706632653057297,0.15276466273531294,0.2
119,n02165456/ILSVRC2012_val_00021935,vit_supervised,vit_small_patch16_224,token_gradient,predicted,blocks.11,8,0,0,0.0,0.0,0.0,0.10130341198977573,0.07921865582466125,0.0,0.08955039083957672,0.0,0.10130341198977573,0.7213733196258545,0.030391023596932718,0.1335318509413221,0.2
120,n02165456/ILSVRC2012_val_00023833,vit_supervised,vit_small_patch16_224,token_gradient,predicted,blocks.11,8,8,8,0.0,0.0,0.18486517280650885,0.04870854591835764,0.0751146450638771,0.0,0.07941001653671265,0.0,0.04870854591835764,0.9937689304351807,0.07007211561745995,0.2074587692464937,0.2
121,n02165456/ILSVRC2012_val_00024558,vit_supervised,vit_small_patch16_224,token_gradient,predicted,blocks.11,8,8,8,0.0,0.0,0.1696606786425843,0.10365513392855077,0.09445210546255112,0.0,0.11475297808647156,0.0,0.10365513392855077,0.9129074811935425,0.08199474377134053,0.20526507532181515,0.2
122,n02165456/ILSVRC2012_val_00025218,vit_supervised,vit_small_patch16_224,token_gradient,predicted,blocks.11,8,3,3,0.0,0.0,0.042025123715232565,0.072405133928557,0.06795051693916321,0.0,0.0722007155418396,0.0,0.072405133928557,0.9722176194190979,0.03432907729313687,0.17444020732381207,0.2
123,n02165456/ILSVRC2012_val_00029086,vit_supervised,vit_small_patch16_224,token_gradient,predicted,blocks.11,8,8,8,0.0,0.0,0.810546367650177,0.2167370854591405,0.3368080258369446,0.0,0.4481968879699707,0.0,0.2167370854591405,0.9950902462005615,0.3081850359327952,0.40608440020741354,0.2
124,n02165456/ILSVRC2012_val_00029421,vit_supervised,vit_small_patch16_224,token_gradient,predicted,blocks.11,8,8,8,0.0,0.0,0.0,0.00647720025510075,0.005970355588942766,0.0,0.006033634766936302,0.0,0.00647720025510075,0.9379993677139282,0.001943160076530225,0.14231920522086441,0.2
125,n02165456/ILSVRC2012_val_00031140,vit_supervised,vit_small_patch16_224,token_gradient,predicted,blocks.11,8,8,8,0.0,0.0,0.5286794982279721,0.11816406249997646,0.2086280882358551,0.0,0.2336241602897644,0.0,0.11816406249997646,0.8596680164337158,0.19405306821838456,0.29066109264704454,0.2
126,n02165456/ILSVRC2012_val_00031903,vit_supervised,vit_small_patch16_224,token_gradient,predicted,blocks.11,8,8,8,0.0,0.0,0.28049866429179726,0.057936065051008866,0.19355390965938568,0.0,0.2165837436914444,0.0,0.057936065051008866,0.9811725616455078,0.10153041880284183,0.23178456658252772,0.2
127,n02165456/ILSVRC2012_val_00032986,vit_supervised,vit_small_patch16_224,token_gradient,predicted,blocks.11,8,8,8,0.0,0.0,0.4364423455328252,0.09097975127549207,0.21562911570072174,0.0,0.2436394840478897,0.0,0.09097975127549207,0.968138575553894,0.15822662904249518,0.2770763105351634,0.2
128,n02165456/ILSVRC2012_val_00036251,vit_supervised,vit_small_patch16_224,token_gradient,predicted,blocks.2,8,8,8,0.06108235567808151,0.05594274401664734,0.32760312047445805,0.5243509976397102,0.33381620049476624,0.06914260983467102,0.44437375664711,0.8621536493301392,0.36641023596931477,0.9927451610565186,0.28001917770548307,0.3832791281743484,0.2
129,n02165456/ILSVRC2012_val_00046856,vit_supervised,vit_small_patch16_224,token_gradient,predicted,blocks.2,8,2,2,0.019964179024100304,0.07657001167535782,0.026429521276573775,0.19082055732312136,0.03575741872191429,0.12107139825820923,0.03797607123851776,0.24327731132507324,0.04613759566325611,0.9684976935386658,0.07316069518954865,0.20657463633915876,0.2
130,n02165456/ILSVRC2012_val_00048026,vit_supervised,vit_small_patch16_224,token_gradient,predicted,blocks.2,8,8,8,0.018163470551371574,0.1335527002811432,0.06775126536509923,0.32356368199307733,0.06695205718278885,0.15370549261569977,0.08725615590810776,0.43169477581977844,0.09430803571426692,0.875849723815918,0.1246598724280016,0.23556341010491189,0.2
131,n02281406/ILSVRC2012_val_00000618,vit_supervised,vit_small_patch16_224,token_gradient,predicted,blocks.2,9,9,9,0.032978158444166183,0.18368670344352722,0.001496557916790484,0.22591045651042285,0.07626739144325256,0.10141389816999435,0.09467411786317825,0.25019049644470215,0.13343032525507545,0.9993116855621338,0.08141336770583048,0.21829086189658153,0.2
132,n02281406/ILSVRC2012_val_00003498,vit_supervised,vit_small_patch16_224,token_gradient,predicted,blocks.2,9,9,9,0.12113609164953232,0.1271236687898636,0.36876259572738057,0.14842746026373066,0.38758915662765503,0.06299616396427155,0.5163010358810425,0.452404648065567,0.4768016581631703,0.9470070600509644,0.20361145345714632,0.31374620508275874,0.2
133,n02281406/ILSVRC2012_val_00005117,vit_supervised,vit_small_patch16_224,token_gradient,predicted,blocks.2,9,9,9,0.2939678430557251,0.3525354266166687,0.5059194028106923,0.28512417259728007,0.3419075608253479,0.1718580424785614,0.47830966114997864,0.46350473165512085,0.31463249362238627,0.9843682050704956,0.35490020984468174,0.44830486968207117,0.2
134,n02281406/ILSVRC2012_val_00013795,vit_supervised,vit_small_patch16_224,token_gradient,predicted,blocks.2,9,9,9,0.24467894434928894,0.17965519428253174,0.4701798112868849,0.26449571253559384,0.37718984484672546,0.0781029686331749,0.5005110502243042,0.37983280420303345,0.2937460140305537,0.9750334024429321,0.31827423488645923,0.4155615218443106,0.2
135,n02281406/ILSVRC2012_val_00017342,vit_supervised,vit_small_patch16_224,token_gradient,predicted,blocks.2,9,2,2,-0.04385017976164818,0.13425301015377045,0.162628416359602,0.1259620799698461,0.061251815408468246,0.0454227589070797,0.06483501940965652,0.0788845419883728,0.039082429846930986,0.9842732548713684,0.06903707699417516,0.20444104939649044,0.2
136,n02281406/ILSVRC2012_val_00019900,vit_supervised,vit_small_patch16_224,token_gradient,predicted,blocks.2,9,9,9,0.2226504385471344,0.1365775465965271,0.6234525660960352,0.2914192399048439,0.38792359828948975,0.08668646961450577,0.4820294678211212,0.4999786615371704,0.32011320153054845,0.996637761592865,0.36352171721911747,0.4561412692306465,0.2
137,n02281406/ILSVRC2012_val_00024754,vit_supervised,vit_small_patch16_224,token_gradient,predicted,blocks.2,9,9,9,0.3467477858066559,0.18135197460651398,0.20671858872093143,0.04971022773649102,0.2992209494113922,0.04599472135305405,0.41860735416412354,0.2345762401819229,0.31259964923463157,0.979759156703949,0.21562775925988908,0.3324328026522775,0.2
138,n02281406/ILSVRC2012_val_00025559,vit_supervised,vit_small_patch16_224,token_gradient,predicted,blocks.2,9,9,9,0.0882406085729599,0.32885754108428955,0.01741480258218615,0.06690806045336539,0.06247362494468689,0.0732661783695221,0.10434470325708389,0.1939992904663086,0.20519770408159177,0.9758241176605225,0.06059310233984942,0.1983385464085022,0.2
139,n02281406/ILSVRC2012_val_00034626,vit_supervised,vit_small_patch16_224,token_gradient,predicted,blocks.2,9,9,9,0.2722221314907074,0.4655801057815552,0.32929625913692895,0.3840471571404387,0.17248155176639557,0.20406216382980347,0.23951555788516998,0.3309580683708191,0.1696827168367009,0.8440570831298828,0.3228918774794932,0.40022216256057186,0.2
140,n02281406/ILSVRC2012_val_00034808,vit_supervised,vit_small_patch16_224,token_gradient,predicted,blocks.2,9,9,9,0.4243743419647217,0.4339761435985565,0.005675044112735145,0.08077080770803569,0.1047375276684761,0.08800475299358368,0.16742147505283356,0.18821613490581512,0.22028459821424182,0.9874729514122009,0.1956834923321199,0.31826342535467544,0.2
141,n02281406/ILSVRC2012_val_00037381,vit_supervised,vit_small_patch16_224,token_gradient,predicted,blocks.2,9,35,35,0.4362199008464813,0.43802711367607117,0.24255738880896469,0.12411779021649702,0.10464748740196228,0.08137192577123642,0.12554414570331573,0.12236511707305908,0.07617187499998482,0.9696828722953796,0.28449051404623105,0.38979819089694084,0.2
142,n02281406/ILSVRC2012_val_00041173,vit_supervised,vit_small_patch16_224,token_gradient,predicted,blocks.2,9,9,9,-0.06066892296075821,0.24937857687473297,0.4225297213016846,0.14624474893009845,0.42383408546447754,0.11085348576307297,0.5281710028648376,0.3814276158809662,0.3818757971938015,0.9176766872406006,0.14636477188523161,0.2586109976077705,0.2
143,n02281406/ILSVRC2012_val_00046093,vit_supervised,vit_small_patch16_224,token_gradient,predicted,blocks.2,9,9,9,0.17285679280757904,0.4239135980606079,0.011814836335458156,0.11166675533323846,0.1162647008895874,0.10940784960985184,0.1867038458585739,0.2485603541135788,0.21645806760199768,0.9962325692176819,0.1061871946236406,0.2408051607824791,0.2
128,n02165456/ILSVRC2012_val_00036251,vit_supervised,vit_small_patch16_224,token_gradient,predicted,blocks.5,8,8,8,0.08787589520215988,0.1175645962357521,0.3361542078042613,0.44454610145346923,0.32656562328338623,0.10813122987747192,0.44418618083000183,0.7146714329719543,0.36641023596931477,0.9896442890167236,0.2693604508581831,0.3743782839876971,0.2
129,n02165456/ILSVRC2012_val_00046856,vit_supervised,vit_small_patch16_224,token_gradient,predicted,blocks.5,8,2,2,-0.05194326490163803,0.0673922449350357,0.0,0.1625258799170313,0.022478686645627022,0.1142800971865654,0.024252621456980705,0.23862335085868835,0.04613759566325611,0.9944450855255127,0.02798045801445417,0.17161809009251142,0.2
130,n02165456/ILSVRC2012_val_00048026,vit_supervised,vit_small_patch16_224,token_gradient,predicted,blocks.5,8,8,8,-0.0014875639462843537,0.14778128266334534,0.13671003002067839,0.3249013275921018,0.08203282207250595,0.14295636117458344,0.10321170836687088,0.370405912399292,0.09430803571426692,0.8146570920944214,0.1378883817053203,0.23708075583615873,0.2
131,n02281406/ILSVRC2012_val_00000618,vit_supervised,vit_small_patch16_224,token_gradient,predicted,blocks.5,9,9,9,0.0662059411406517,0.2563006281852722,0.001556233913927362,0.289203976265478,0.07788851112127304,0.11476476490497589,0.09493554383516312,0.22550806403160095,0.13343032525507545,0.9977129697799683,0.11371043951008229,0.24551907741107468,0.2
132,n02281406/ILSVRC2012_val_00003498,vit_supervised,vit_small_patch16_224,token_gradient,predicted,blocks.5,9,9,9,-0.2758941352367401,0.11496109515428543,0.3992171405025137,0.10919127253719976,0.3823680877685547,0.04911460354924202,0.5119128227233887,0.3652949631214142,0.4768016581631703,0.940593421459198,0.04216486981721798,0.17162816914594906,0.2
133,n02281406/ILSVRC2012_val_00005117,vit_supervised,vit_small_patch16_224,token_gradient,predicted,blocks.5,9,9,9,0.030174104496836662,0.239655002951622,0.5318265409025735,0.20376672416194871,0.3460604250431061,0.10390933603048325,0.4730374813079834,0.3920634388923645,0.31463249362238627,0.9839125871658325,0.23274762131809132,0.34204614091489827,0.2
134,n02281406/ILSVRC2012_val_00013795,vit_supervised,vit_small_patch16_224,token_gradient,predicted,blocks.5,9,9,9,0.18275946378707886,0.21853721141815186,0.41307323750832015,0.20660432495606534,0.3521134555339813,0.07351663708686829,0.47626373171806335,0.29932716488838196,0.2937460140305537,0.980446994304657,0.25900705425414716,0.36595225208727256,0.2
135,n02281406/ILSVRC2012_val_00017342,vit_supervised,vit_small_patch16_224,token_gradient,predicted,blocks.5,9,2,2,-0.27957800030708313,0.21929723024368286,0.13362313362300735,0.07597093909760877,0.05353464558720589,0.052928581833839417,0.056403499096632004,0.07373164594173431,0.039082429846930986,0.9943950176239014,-0.04895297830664844,0.10370547071626016,0.2
136,n02281406/ILSVRC2012_val_00019900,vit_supervised,vit_small_patch16_224,token_gradient,predicted,blocks.5,9,9,9,-0.10659056156873703,0.22017449140548706,0.621435228331394,0.1525416243429967,0.40148094296455383,0.10148466378450394,0.4834688901901245,0.36866191029548645,0.32011320153054845,0.9938992261886597,0.1895568311748224,0.30527240054783866,0.2
137,n02281406/ILSVRC2012_val_00024754,vit_supervised,vit_small_patch16_224,token_gradient,predicted,blocks.5,9,9,9,0.1283768117427826,0.17818313837051392,0.22832991069285621,0.13729825337159526,0.24358485639095306,0.05039707198739052,0.3781714141368866,0.277901828289032,0.31259964923463157,0.9666407704353333,0.16103917391644848,0.28133504069138676,0.2
138,n02281406/ILSVRC2012_val_00025559,vit_supervised,vit_small_patch16_224,token_gradient,predicted,blocks.5,9,9,9,0.24088649451732635,0.31038331985473633,0.02356139555957128,0.1788820596079213,0.0675484761595726,0.08884619176387787,0.11034798622131348,0.2346053272485733,0.20519770408159177,0.9812833070755005,0.15708763435717832,0.2821136329342624,0.2
139,n02281406/ILSVRC2012_val_00034626,vit_supervised,vit_small_patch16_224,token_gradient,predicted,blocks.5,9,9,9,0.25544273853302,0.5121893882751465,0.397077653083982,0.26987060998133094,0.18214689195156097,0.1718152016401291,0.24834340810775757,0.25539591908454895,0.1696827168367009,0.8633956909179688,0.3022615743328019,0.38565137789058057,0.2
140,n02281406/ILSVRC2012_val_00034808,vit_supervised,vit_small_patch16_224,token_gradient,predicted,blocks.5,9,9,9,0.15880802273750305,0.3997694253921509,0.004812502978031727,0.09506749740389664,0.10443511605262756,0.0936049371957779,0.17061488330364227,0.20350849628448486,0.22028459821424182,0.9549264311790466,0.09348720920957973,0.22379177273046513,0.2
141,n02281406/ILSVRC2012_val_00037381,vit_supervised,vit_small_patch16_224,token_gradient,predicted,blocks.5,9,35,35,0.20912553369998932,0.3656483590602875,0.27537965945671844,0.05867522347004456,0.11303098499774933,0.044087596237659454,0.13409247994422913,0.07197019457817078,0.07617187499998482,0.9729676246643066,0.18386667835802464,0.302652801226333,0.2
142,n02281406/ILSVRC2012_val_00041173,vit_supervised,vit_small_patch16_224,token_gradient,predicted,blocks.5,9,9,9,-0.12693801522254944,0.3443433344364166,0.505724600309177,0.07945428328462326,0.4415152072906494,0.14186355471611023,0.5230085849761963,0.3515317738056183,0.3818757971938015,0.9229077100753784,0.1247784589891203,0.2403025720818645,0.2
143,n02281406/ILSVRC2012_val_00046093,vit_supervised,vit_small_patch16_224,token_gradient,predicted,blocks.5,9,9,9,-0.04234880208969116,0.43101078271865845,0.012697489580298198,0.11725391648392383,0.09349873661994934,0.10516861826181412,0.1576540619134903,0.2188214361667633,0.21645806760199768,0.9973717331886292,0.022045900983390144,0.16727153076295798,0.2
128,n02165456/ILSVRC2012_val_00036251,vit_supervised,vit_small_patch16_224,token_gradient,predicted,blocks.8,8,8,8,0.4211863875389099,0.24678125977516174,0.35314002761493446,0.42921800352002554,0.3428380489349365,0.2114771604537964,0.4418017864227295,0.6622845530509949,0.36641023596931477,0.9831289649009705,0.4031819643560519,0.49047408815750404,0.2
129,n02165456/ILSVRC2012_val_00046856,vit_supervised,vit_small_patch16_224,token_gradient,predicted,blocks.8,8,2,2,-0.013557834550738335,0.15973559021949768,0.0034104750304479003,0.11492281303591682,0.02600645087659359,0.086831234395504,0.0278883408755064,0.12409093230962753,0.04613759566325611,0.9864537715911865,0.030076852599614082,0.17280614566251074,0.2
130,n02165456/ILSVRC2012_val_00048026,vit_supervised,vit_small_patch16_224,token_gradient,predicted,blocks.8,8,8,8,0.0594170019030571,0.2840891182422638,0.1679981017162319,0.13552156199543736,0.08724471181631088,0.0900014191865921,0.10698246210813522,0.16553786396980286,0.09430803571426692,0.8272672295570374,0.1148226998747236,0.22076595102754287,0.2
131,n02281406/ILSVRC2012_val_00000618,vit_supervised,vit_small_patch16_224,token_gradient,predicted,blocks.8,9,9,9,-0.08328387886285782,0.2571473717689514,0.004261960501828283,0.19696644487358017,0.0784832090139389,0.12548597157001495,0.09530661255121231,0.23204101622104645,0.13343032525507545,0.9981037974357605,0.02705497006747941,0.17087331335721595,0.2
132,n02281406/ILSVRC2012_val_00003498,vit_supervised,vit_small_patch16_224,token_gradient,predicted,blocks.8,9,9,9,-0.31675711274147034,0.08646523952484131,0.36906393614433236,0.11586107186274246,0.3826286792755127,0.034237466752529144,0.5024973750114441,0.319298654794693,0.4768016581631703,0.9417968988418579,0.018774657305534306,0.15163579736853278,0.2
133,n02281406/ILSVRC2012_val_00005117,vit_supervised,vit_small_patch16_224,token_gradient,predicted,blocks.8,9,9,9,0.14828315377235413,0.08535689115524292,0.5424407144133908,0.24599498166365277,0.3566891551017761,0.04797991365194321,0.47327736020088196,0.4624262750148773,0.31463249362238627,0.9833896160125732,0.29584397033205473,0.39651647024147085,0.2
134,n02281406/ILSVRC2012_val_00013795,vit_supervised,vit_small_patch16_224,token_gradient,predicted,blocks.8,9,9,9,0.29813751578330994,0.14852167665958405,0.38665621851539983,0.16979884786090763,0.3378010392189026,0.053037919104099274,0.44876426458358765,0.2974741756916046,0.2937460140305537,0.9827765822410583,0.2861915262262162,0.3908783844543941,0.2
135,n02281406/ILSVRC2012_val_00017342,vit_supervised,vit_small_patch16_224,token_gradient,predicted,blocks.8,9,2,2,-0.06708307564258575,0.29487818479537964,0.12448443944495267,0.1050110537950396,0.05051351711153984,0.06286399066448212,0.052953969687223434,0.07680206000804901,0.039082429846930986,0.9935864806175232,0.04201541771496338,0.18293276892772153,0.2
136,n02281406/ILSVRC2012_val_00019900,vit_supervised,vit_small_patch16_224,token_gradient,predicted,blocks.8,9,9,9,-0.128323495388031,0.1270650029182434,0.6228468378828289,0.13484953905021096,0.40509411692619324,0.065604068338871,0.4830925464630127,0.37283220887184143,0.32011320153054845,0.9910938739776611,0.17597951492469957,0.29317495194409826,0.2
137,n02281406/ILSVRC2012_val_00024754,vit_supervised,vit_small_patch16_224,token_gradient,predicted,blocks.8,9,9,9,0.16358999907970428,0.1552751660346985,0.17577142857134823,0.15078299776279608,0.22214162349700928,0.062281541526317596,0.34839946031570435,0.3831874430179596,0.31259964923463157,0.97443687915802,0.163402327532125,0.2850606381351356,0.2
138,n02281406/ILSVRC2012_val_00025559,vit_supervised,vit_small_patch16_224,token_gradient,predicted,blocks.8,9,9,9,0.11421447992324829,0.3606833517551422,0.02573028606022616,0.1072926311202509,0.08183512091636658,0.085451140999794,0.12955018877983093,0.182366281747818,0.20519770408159177,0.9806404113769531,0.08559266712344243,0.22032685897479914,0.2
139,n02281406/ILSVRC2012_val_00034626,vit_supervised,vit_small_patch16_224,token_gradient,predicted,blocks.8,9,9,9,0.23678284883499146,0.23144491016864777,0.4506921091730267,0.12897139379176567,0.20295897126197815,0.06049184501171112,0.2597123384475708,0.18225662410259247,0.1696827168367009,0.8647783994674683,0.26861219042343426,0.35750663275356537,0.2
140,n02281406/ILSVRC2012_val_00034808,vit_supervised,vit_small_patch16_224,token_gradient,predicted,blocks.8,9,9,9,0.3312559127807617,0.37261518836021423,0.004333952469398326,0.14174336762309597,0.08167585730552673,0.089677594602108,0.142447367310524,0.23259761929512024,0.22028459821424182,0.9330838322639465,0.176325561140053,0.2924214743359822,0.2
141,n02281406/ILSVRC2012_val_00037381,vit_supervised,vit_small_patch16_224,token_gradient,predicted,blocks.8,9,35,35,0.10129167884588242,0.18854524195194244,0.26305715066970825,0.025218162993621344,0.1118057370185852,0.020482253283262253,0.13022926449775696,0.04638013243675232,0.07617187499998482,0.9327518939971924,0.12699926563735187,0.2474337001114701,0.2
142,n02281406/ILSVRC2012_val_00041173,vit_supervised,vit_small_patch16_224,token_gradient,predicted,blocks.8,9,9,9,-0.20448529720306396,0.1350143998861313,0.523720056364217,0.05138823868340545,0.4304792881011963,0.04784475639462471,0.5116750001907349,0.2738780379295349,0.3818757971938015,0.8842922449111938,0.09073836963306114,0.2048510564775123,0.2
143,n02281406/ILSVRC2012_val_00046093,vit_supervised,vit_small_patch16_224,token_gradient,predicted,blocks.8,9,9,9,-0.13730837404727936,0.45713695883750916,0.013975155279496323,0.11889721627402629,0.08825621753931046,0.1150432601571083,0.1510174721479416,0.22369948029518127,0.21645806760199768,0.9976978898048401,-0.01506163815285496,0.13481484544255887,0.2
128,n02165456/ILSVRC2012_val_00036251,vit_supervised,vit_small_patch16_224,token_gradient,predicted,blocks.11,8,8,8,0.0,0.0,0.4034567901232575,0.36641023596931477,0.32533323764801025,0.0,0.450139582157135,0.0,0.36641023596931477,0.9512885212898254,0.23096010782777168,0.3351600347166169,0.2
129,n02165456/ILSVRC2012_val_00046856,vit_supervised,vit_small_patch16_224,token_gradient,predicted,blocks.11,8,2,2,0.0,0.0,0.0,0.04613759566325611,0.020562011748552322,0.0,0.022133849561214447,0.0,0.04613759566325611,0.9754108190536499,0.013841278698976833,0.1578460217738615,0.2
130,n02165456/ILSVRC2012_val_00048026,vit_supervised,vit_small_patch16_224,token_gradient,predicted,blocks.11,8,8,8,0.0,0.0,0.03453832142354313,0.09430803571426692,0.07773706316947937,0.0,0.08878964185714722,0.0,0.09430803571426692,0.9222806096076965,0.038653907141343015,0.170553680725607,0.2
131,n02281406/ILSVRC2012_val_00000618,vit_supervised,vit_small_patch16_224,token_gradient,predicted,blocks.11,9,9,9,0.0,0.0,0.0013766684623203586,0.13343032525507545,0.09978831559419632,0.0,0.11380094289779663,0.0,0.13343032525507545,0.993327260017395,0.04044209811521874,0.1827008374319582,0.2
132,n02281406/ILSVRC2012_val_00003498,vit_supervised,vit_small_patch16_224,token_gradient,predicted,blocks.11,9,9,9,0.0,0.0,0.22879577362851758,0.4768016581631703,0.365603506565094,0.0,0.47318771481513977,0.0,0.4768016581631703,0.6407350897789001,0.21167922953750634,0.272509621414757,0.2
133,n02281406/ILSVRC2012_val_00005117,vit_supervised,vit_small_patch16_224,token_gradient,predicted,blocks.11,9,9,9,0.0,0.0,0.5680106873933883,0.31463249362238627,0.36433103680610657,0.0,0.488960862159729,0.0,0.31463249362238627,0.9681429266929626,0.2647929543047324,0.365882234257888,0.2
134,n02281406/ILSVRC2012_val_00013795,vit_supervised,vit_small_patch16_224,token_gradient,predicted,blocks.11,9,9,9,0.0,0.0,0.3115569908410654,0.2937460140305537,0.2745910882949829,0.0,0.38172370195388794,0.0,0.2937460140305537,0.8265228867530823,0.18159090146148574,0.2753041842308671,0.2
135,n02281406/ILSVRC2012_val_00017342,vit_supervised,vit_small_patch16_224,token_gradient,predicted,blocks.11,9,2,2,0.0,0.0,0.15279646357855775,0.039082429846930986,0.0530245378613472,0.0,0.05463438853621483,0.0,0.039082429846930986,0.9967355132102966,0.05756366802764662,0.19748005033791666,0.2
136,n02281406/ILSVRC2012_val_00019900,vit_supervised,vit_small_patch16_224,token_gradient,predicted,blocks.11,9,9,9,0.0,0.0,0.622140726006575,0.32011320153054845,0.3911581337451935,0.0,0.49610212445259094,0.0,0.32011320153054845,0.9374402165412903,0.282676178261137,0.37617951436547437,0.2
137,n02281406/ILSVRC2012_val_00024754,vit_supervised,vit_small_patch16_224,token_gradient,predicted,blocks.11,9,9,9,0.0,0.0,0.09741007808162418,0.31259964923463157,0.18835435807704926,0.0,0.30523881316185,0.0,0.31259964923463157,0.8011797070503235,0.12300291819487671,0.22267938788661246,0.2
138,n02281406/ILSVRC2012_val_00025559,vit_supervised,vit_small_patch16_224,token_gradient,predicted,blocks.11,9,9,9,0.0,0.0,0.044651114993297374,0.20519770408159177,0.0979226604104042,0.0,0.14937590062618256,0.0,0.20519770408159177,0.5104585886001587,0.07495464572246674,0.13903099305874608,0.2
139,n02281406/ILSVRC2012_val_00034626,vit_supervised,vit_small_patch16_224,token_gradient,predicted,blocks.11,9,9,9,0.0,0.0,0.45255988727066493,0.1696827168367009,0.2066975235939026,0.0,0.25861066579818726,0.0,0.1696827168367009,0.854698657989502,0.18667278123220973,0.28376544972526674,0.2
140,n02281406/ILSVRC2012_val_00034808,vit_supervised,vit_small_patch16_224,token_gradient,predicted,blocks.11,9,9,9,0.0,0.0,0.07811860940691302,0.22028459821424182,0.1492443084716797,0.0,0.21398931741714478,0.0,0.22028459821424182,0.8884408473968506,0.08952096228634644,0.2078669290148163,0.2
141,n02281406/ILSVRC2012_val_00037381,vit_supervised,vit_small_patch16_224,token_gradient,predicted,blocks.11,9,35,35,0.0,0.0,0.295652173912767,0.07617187499998482,0.11723540723323822,0.0,0.13663484156131744,0.0,0.07617187499998482,0.9267615079879761,0.11154721467382553,0.23197023842638434,0.2
142,n02281406/ILSVRC2012_val_00041173,vit_supervised,vit_small_patch16_224,token_gradient,predicted,blocks.11,9,9,9,0.0,0.0,0.32510325420944713,0.3818757971938015,0.3847651779651642,0.0,0.4674018621444702,0.0,0.3818757971938015,0.7748910188674927,0.21209371542097458,0.292978415680936,0.2
143,n02281406/ILSVRC2012_val_00046093,vit_supervised,vit_small_patch16_224,token_gradient,predicted,blocks.11,9,9,9,0.0,0.0,0.012255970546910694,0.21645806760199768,0.10605408996343613,0.0,0.16554273664951324,0.0,0.21645806760199768,0.9951574802398682,0.06861421144467252,0.2064521315732073,0.2
144,n02281406/ILSVRC2012_val_00047359,vit_supervised,vit_small_patch16_224,token_gradient,predicted,blocks.2,9,9,9,0.1930924654006958,0.22936873137950897,0.5133643731673448,0.11680458306803512,0.22780658304691315,0.08361846953630447,0.243059903383255,0.17510533332824707,0.14967315051017427,0.9597362279891968,0.2662876730308923,0.369085036147468,0.2
145,n02281406/ILSVRC2012_val_00047683,vit_supervised,vit_small_patch16_224,token_gradient,predicted,blocks.2,9,9,9,0.2277854084968567,0.45854130387306213,0.058912756275354056,0.06239567992142248,0.18528006970882416,0.09484905004501343,0.25465837121009827,0.1830761581659317,0.23130580357138247,0.9935349822044373,0.12750669425777564,0.25908224935375956,0.2
146,n02281406/ILSVRC2012_val_00049742,vit_supervised,vit_small_patch16_224,token_gradient,predicted,blocks.2,9,47,47,0.20292562246322632,0.27632343769073486,0.16956238966815054,0.06490649064900998,0.07824158668518066,0.04862970486283302,0.08397247642278671,0.0707244873046875,0.05078124999998988,0.9907441139221191,0.15151091308043868,0.2782528050297372,0.2
147,n02325366/ILSVRC2012_val_00000097,vit_supervised,vit_small_patch16_224,token_gradient,predicted,blocks.2,10,10,10,0.3029053807258606,0.18793663382530212,0.6293257460460336,0.3596907785751741,0.3698523938655853,0.10448915511369705,0.4641478359699249,0.4295567274093628,0.29075653698973797,0.9946529865264893,0.41786710967670654,0.5024689623883265,0.2
148,n02325366/ILSVRC2012_val_00002473,vit_supervised,vit_small_patch16_224,token_gradient,predicted,blocks.2,10,10,10,-0.12999595701694489,0.21634793281555176,0.014492753623185185,0.23349458152035418,0.2443530410528183,0.11133965104818344,0.5356603264808655,0.8185314536094666,0.7096022002549607,0.9778091907501221,0.02239781773628384,0.16316962744247243,0.2
149,n02325366/ILSVRC2012_val_00017565,vit_supervised,vit_small_patch16_224,token_gradient,predicted,blocks.2,10,10,10,0.4133598506450653,0.21537372469902039,0.22551336239883332,0.2562851782363103,0.3519233763217926,0.12996530532836914,0.5268344879150391,0.653168797492981,0.533880739795812,0.9913693070411682,0.3098835024485692,0.413830978940734,0.2
150,n02325366/ILSVRC2012_val_00021667,vit_supervised,vit_small_patch16_224,token_gradient,predicted,blocks.2,10,10,10,0.5372562408447266,0.2214222550392151,0.022828772868440338,0.04278087225829321,0.24242304265499115,0.05074351653456688,0.5376937389373779,0.420289009809494,0.6991988201529219,0.9245245456695557,0.2345853898759107,0.34312077742777103,0.2
151,n02325366/ILSVRC2012_val_00021928,vit_supervised,vit_small_patch16_224,token_gradient,predicted,blocks.2,10,10,10,0.19332803785800934,0.2647874057292938,0.2114373857402814,0.2508260561716717,0.19923906028270721,0.14103065431118011,0.2505955994129181,0.3450232446193695,0.22249681122444548,0.9952605962753296,0.21601024771678967,0.332519763169591,0.2
152,n02325366/ILSVRC2012_val_00024858,vit_supervised,vit_small_patch16_224,token_gradient,predicted,blocks.2,10,10,10,0.19232487678527832,0.24683400988578796,0.1392981608639663,0.15730809674021826,0.2492237538099289,0.09089135378599167,0.445600301027298,0.46096324920654297,0.4580476721937863,0.89947110414505,0.1659118279953667,0.276385936897651,0.2
153,n02325366/ILSVRC2012_val_00026482,vit_supervised,vit_small_patch16_224,token_gradient,predicted,blocks.2,10,12,12,0.21605905890464783,0.07539054751396179,0.08622765583024337,0.11134274613843329,0.043924037367105484,0.046319831162691116,0.045708924531936646,0.09450481086969376,0.03374123086734022,0.9863670468330383,0.14569474415246214,0.2729683281337516,0.2
154,n02325366/ILSVRC2012_val_00028827,vit_supervised,vit_small_patch16_224,token_gradient,predicted,blocks.2,10,10,10,0.24300961196422577,0.26922115683555603,0.16027865335200905,0.20057008167510812,0.24817150831222534,0.08300076425075531,0.671952486038208,0.7135913372039795,0.6730110012753762,0.994460940361023,0.20545846529382544,0.32443468899841177,0.2
155,n02325366/ILSVRC2012_val_00029387,vit_supervised,vit_small_patch16_224,token_gradient,predicted,blocks.2,10,10,10,0.14704251289367676,0.1858099400997162,0.10308478598151725,0.16518847006643922,0.17156733572483063,0.07828065007925034,0.2682085335254669,0.37716737389564514,0.28176817602035203,0.7845161557197571,0.13929898197185764,0.23621061688273953,0.2
156,n02325366/ILSVRC2012_val_00033548,vit_supervised,vit_small_patch16_224,token_gradient,predicted,blocks.2,10,10,10,-0.06732051819562912,0.17036843299865723,0.12346016972347738,0.19495308961494826,0.31410151720046997,0.0913185328245163,0.509211540222168,0.5717741250991821,0.5361328124998932,0.9845372438430786,0.06859577052327603,0.20372172004259803,0.2
157,n02325366/ILSVRC2012_val_00033989,vit_supervised,vit_small_patch16_224,token_gradient,predicted,blocks.2,10,10,10,0.18736442923545837,0.14680004119873047,0.08895597837532146,0.10135391024424793,0.2509874403476715,0.032506491988897324,0.6247024536132812,0.4503965377807617,0.7273397640304673,0.9919381141662598,0.13203873828005416,0.26194573951224176,0.2
158,n02325366/ILSVRC2012_val_00040218,vit_supervised,vit_small_patch16_224,token_gradient,predicted,blocks.2,10,10,10,0.20428456366062164,0.21488063037395477,0.08656176820998046,0.09815645241650134,0.15955185890197754,0.05363646522164345,0.28364649415016174,0.2792800962924957,0.3271085778060573,0.943696916103363,0.13712929165219317,0.2592336898533425,0.2
159,n02325366/ILSVRC2012_val_00041378,vit_supervised,vit_small_patch16_224,token_gradient,predicted,blocks.2,10,10,10,0.26150599122047424,0.2624585032463074,0.13562639821025924,0.17288021372351373,0.2404811680316925,0.08182812482118607,0.7088859677314758,0.7419475317001343,0.7712252869896422,0.9603351354598999,0.1971543800683216,0.3127040202295942,0.2
144,n02281406/ILSVRC2012_val_00047359,vit_supervised,vit_small_patch16_224,token_gradient,predicted,blocks.5,9,9,9,0.32230064272880554,0.20024266839027405,0.45852726063791677,0.2654165164080307,0.18151405453681946,0.08168623596429825,0.2147018015384674,0.21828579902648926,0.14967315051017427,0.984987735748291,0.3461033902053065,0.4415393295788124,0.2
145,n02281406/ILSVRC2012_val_00047683,vit_supervised,vit_small_patch16_224,token_gradient,predicted,blocks.5,9,9,9,-0.05913599953055382,0.4500785171985626,0.0048288991038655206,0.23960362011671463,0.13471128046512604,0.18839097023010254,0.19232133030891418,0.31159707903862,0.23130580357138247,0.9891623258590698,0.04967535595395252,0.1887848788483117,0.2
146,n02281406/ILSVRC2012_val_00049742,vit_supervised,vit_small_patch16_224,token_gradient,predicted,blocks.5,9,47,47,0.1832578182220459,0.19584085047245026,0.18360255447015061,0.037684505648521736,0.07730842381715775,0.04185479134321213,0.0822252407670021,0.06813555210828781,0.05078124999998988,0.9931550025939941,0.13968924532442006,0.26843525179648325,0.2
147,n02325366/ILSVRC2012_val_00000097,vit_supervised,vit_small_patch16_224,token_gradient,predicted,blocks.5,10,10,10,0.10377226769924164,0.1884041130542755,0.6420378767667098,0.07368971832210966,0.3663305938243866,0.05354710668325424,0.4623306393623352,0.23804780840873718,0.29075653698973797,0.9939969182014465,0.25622718560634244,0.3643517301971564,0.2
148,n02325366/ILSVRC2012_val_00002473,vit_supervised,vit_small_patch16_224,token_gradient,predicted,blocks.5,10,10,10,-0.1175442636013031,0.1352258175611496,0.0005480653293871428,0.22310062977348974,0.25273972749710083,0.06844919174909592,0.5447527170181274,0.8058130145072937,0.7096022002549607,0.9839029312133789,0.02007690309034181,0.16235712119726997,0.2
149,n02325366/ILSVRC2012_val_00017565,vit_supervised,vit_small_patch16_224,token_gradient,predicted,blocks.5,10,10,10,0.30465689301490784,0.21581339836120605,0.2895916509069519,0.24238334626666136,0.3407565653324127,0.1233266219496727,0.5297048687934875,0.6383264660835266,0.533880739795812,0.9934270977973938,0.28145525635804713,0.38863772651823014,0.2
150,n02325366/ILSVRC2012_val_00021667,vit_supervised,vit_small_patch16_224,token_gradient,predicted,blocks.5,10,10,10,0.2767758369445801,0.06373001635074615,0.013682625985752617,0.04589920719550144,0.24709871411323547,0.009982606396079063,0.5400580763816833,0.272185355424881,0.6991988201529219,0.9493922591209412,0.12858488473220825,0.2541758400940577,0.2
151,n02325366/ILSVRC2012_val_00021928,vit_supervised,vit_small_patch16_224,token_gradient,predicted,blocks.5,10,10,10,0.3429533839225769,0.14644761383533478,0.21658536585353422,0.3059200394256724,0.19080804288387299,0.07499334961175919,0.24612964689731598,0.32382330298423767,0.22249681122444548,0.9945143461227417,0.29393297515279276,0.3998371876111148,0.2
152,n02325366/ILSVRC2012_val_00024858,vit_supervised,vit_small_patch16_224,token_gradient,predicted,blocks.5,10,10,10,0.16347554326057434,0.13674864172935486,0.1494917142458747,0.15881093601931745,0.2738797962665558,0.05048161372542381,0.4537723958492279,0.4207552671432495,0.4580476721937863,0.9046759605407715,0.15788101238378738,0.2699934967886148,0.2
153,n02325366/ILSVRC2012_val_00026482,vit_supervised,vit_small_patch16_224,token_gradient,predicted,blocks.5,10,12,12,0.13177503645420074,0.12781381607055664,0.08679944418704326,0.046208742194428,0.043181464076042175,0.034822747111320496,0.04465419426560402,0.05366787686944008,0.03374123086734022,0.9863241910934448,0.09261247049612167,0.22732193801835482,0.2
154,n02325366/ILSVRC2012_val_00028827,vit_supervised,vit_small_patch16_224,token_gradient,predicted,blocks.5,10,10,10,0.17077991366386414,0.31165799498558044,0.16888592394925447,0.23384598050807454,0.27160364389419556,0.12382915616035461,0.6756130456924438,0.7697588801383972,0.6730110012753762,0.9904409050941467,0.18913153680274436,0.3090220816608067,0.2
155,n02325366/ILSVRC2012_val_00029387,vit_supervised,vit_small_patch16_224,token_gradient,predicted,blocks.5,10,10,10,0.1771654337644577,0.17496445775032043,0.11488792546807726,0.2721292495525354,0.17803722620010376,0.09288370609283447,0.27978622913360596,0.4728192090988159,0.28176817602035203,0.6983112692832947,0.1869713260119669,0.26350888596520755,0.2
156,n02325366/ILSVRC2012_val_00033548,vit_supervised,vit_small_patch16_224,token_gradient,predicted,blocks.5,10,10,10,-0.11725671589374542,0.12850899994373322,0.12083510347753815,0.1776934604469669,0.3121228814125061,0.06308351457118988,0.5115724802017212,0.5337422490119934,0.5361328124998932,0.9644110798835754,0.042655882819853344,0.17825395240085168,0.2
157,n02325366/ILSVRC2012_val_00033989,vit_supervised,vit_small_patch16_224,token_gradient,predicted,blocks.5,10,10,10,0.057735081762075424,0.1259787380695343,0.0898105430785954,0.1300820906396925,0.26544272899627686,0.03496825695037842,0.6369961500167847,0.5326084494590759,0.7273397640304673,0.9931861758232117,0.08906182282031655,0.22415836341978013,0.2
158,n02325366/ILSVRC2012_val_00040218,vit_supervised,vit_small_patch16_224,token_gradient,predicted,blocks.5,10,10,10,0.17646774649620056,0.25328555703163147,0.08723176847813564,0.10287310787702644,0.1562488079071045,0.061562445014715195,0.28123337030410767,0.27770447731018066,0.3271085778060573,0.9780535697937012,0.12761856150502884,0.2559979658315159,0.2
159,n02325366/ILSVRC2012_val_00041378,vit_supervised,vit_small_patch16_224,token_gradient,predicted,blocks.5,10,10,10,0.21956326067447662,0.16908453404903412,0.14461538461535065,0.19134580124674458,0.24882888793945312,0.05115949735045433,0.7168980240821838,0.7539629936218262,0.7712252869896422,0.9797745943069458,0.18861366002841923,0.3078036268476325,0.2
144,n02281406/ILSVRC2012_val_00047359,vit_supervised,vit_small_patch16_224,token_gradient,predicted,blocks.8,9,9,9,0.2980138957500458,0.23143821954727173,0.52141866111644,0.09498845409717593,0.21041235327720642,0.0507197268307209,0.24806563556194305,0.13429121673107147,0.14967315051017427,0.9887397289276123,0.30412769286410307,0.4067176016550618,0.2
145,n02281406/ILSVRC2012_val_00047683,vit_supervised,vit_small_patch16_224,token_gradient,predicted,blocks.8,9,9,9,0.008331508375704288,0.3739370107650757,0.008528287818059218,0.23341117502976966,0.1404244750738144,0.1549525409936905,0.20522598922252655,0.3280949294567108,0.23130580357138247,0.9900614023208618,0.07591444220463038,0.211910103991583,0.2
146,n02281406/ILSVRC2012_val_00049742,vit_supervised,vit_small_patch16_224,token_gradient,predicted,blocks.8,9,47,47,0.31154772639274597,0.34581905603408813,0.17026222800802465,0.01615117499796806,0.07348475605249405,0.03549390658736229,0.07771239429712296,0.04689521715044975,0.05078124999998988,0.9931039810180664,0.1805431114588962,0.3046106521416692,0.2
147,n02325366/ILSVRC2012_val_00000097,vit_supervised,vit_small_patch16_224,token_gradient,predicted,blocks.8,10,10,10,0.03381878137588501,0.13338139653205872,0.6484134422274411,0.1135531135530622,0.363301157951355,0.036220237612724304,0.46435847878456116,0.21660540997982025,0.29075653698973797,0.993920087814331,0.242117479284505,0.35141622559883523,0.2
148,n02325366/ILSVRC2012_val_00002473,vit_supervised,vit_small_patch16_224,token_gradient,predicted,blocks.8,10,10,10,-0.1759617179632187,0.06331511586904526,0.0012285012285009592,0.2158670112155431,0.24995099008083344,0.0339064747095108,0.5488348007202148,0.831748366355896,0.7096022002549607,0.9767419695854187,-0.005256033452074274,0.1391985722616973,0.2
149,n02325366/ILSVRC2012_val_00017565,vit_supervised,vit_small_patch16_224,token_gradient,predicted,blocks.8,10,10,10,0.5035025477409363,0.2687418758869171,0.309401891757233,0.3084713239996061,0.3240818977355957,0.16026802361011505,0.532825231552124,0.7328630089759827,0.533880739795812,0.9886292219161987,0.3867629838234262,0.47898857893596725,0.2
150,n02325366/ILSVRC2012_val_00021667,vit_supervised,vit_small_patch16_224,token_gradient,predicted,blocks.8,10,10,10,0.4625852406024933,0.270311564207077,0.008336126941555853,0.057544007688147214,0.2636229991912842,0.07002803683280945,0.5449238419532776,0.43431007862091064,0.6991988201529219,0.9552094340324402,0.20479813662990823,0.32165628297316445,0.2
151,n02325366/ILSVRC2012_val_00021928,vit_supervised,vit_small_patch16_224,token_gradient,predicted,blocks.8,10,10,10,0.30366069078445435,0.11674409359693527,0.19680460678586528,0.209022470628374,0.18924131989479065,0.05377287417650223,0.2410050332546234,0.27434688806533813,0.22249681122444548,0.994425356388092,0.24321239953805351,0.35690181458633263,0.2
152,n02325366/ILSVRC2012_val_00024858,vit_supervised,vit_small_patch16_224,token_gradient,predicted,blocks.8,10,10,10,0.17556266486644745,0.18968705832958221,0.1562138880133921,0.1634249471458198,0.27890342473983765,0.06881244480609894,0.4574229419231415,0.41084498167037964,0.4580476721937863,0.8872504830360413,0.16611671649434254,0.27444421394846574,0.2
153,n02325366/ILSVRC2012_val_00026482,vit_supervised,vit_small_patch16_224,token_gradient,predicted,blocks.8,10,12,12,0.007372679188847542,0.1497195065021515,0.08743625405647897,0.0014516266757736728,0.04401377961039543,0.01712162047624588,0.045289862900972366,0.024766357615590096,0.03374123086734022,0.9854276180267334,0.029615435895214808,0.1726165506031698,0.2
154,n02325366/ILSVRC2012_val_00028827,vit_supervised,vit_small_patch16_224,token_gradient,predicted,blocks.8,10,10,10,0.18754638731479645,0.25831106305122375,0.16938519447925215,0.2311756935270156,0.27876579761505127,0.10330159962177277,0.6768381595611572,0.7637616991996765,0.6730110012753762,0.9859040379524231,0.1951868213277989,0.31366706325460914,0.2
155,n02325366/ILSVRC2012_val_00029387,vit_supervised,vit_small_patch16_224,token_gradient,predicted,blocks.8,10,10,10,0.10725508630275726,0.2537422478199005,0.12989623258851551,0.2347652857944349,0.1734880954027176,0.09893416613340378,0.281839519739151,0.39322566986083984,0.28176817602035203,0.49824467301368713,0.15230049003598803,0.2034413607537557,0.2
156,n02325366/ILSVRC2012_val_00033548,vit_supervised,vit_small_patch16_224,token_gradient,predicted,blocks.8,10,10,10,0.1669912040233612,0.3619515895843506,0.12398831619298852,0.142680361341374,0.29738470911979675,0.14388857781887054,0.5162845253944397,0.518316924571991,0.5361328124998932,0.9604495763778687,0.14679708486965323,0.26918152724844735,0.2
157,n02325366/ILSVRC2012_val_00033989,vit_supervised,vit_small_patch16_224,token_gradient,predicted,blocks.8,10,10,10,0.17414909601211548,0.2768111824989319,0.11347755336457513,0.1295334271981042,0.28096190094947815,0.0845225527882576,0.6546087265014648,0.581830620765686,0.7273397640304673,0.9888869524002075,0.14256293257365,0.27003797160494136,0.2
158,n02325366/ILSVRC2012_val_00040218,vit_supervised,vit_small_patch16_224,token_gradient,predicted,blocks.8,10,10,10,0.20641186833381653,0.3820718824863434,0.08815664980044915,0.1326766595288511,0.15113043785095215,0.1017678901553154,0.2830016016960144,0.33076080679893494,0.3271085778060573,0.9882467985153198,0.1488147401323167,0.27568950102645884,0.2
159,n02325366/ILSVRC2012_val_00041378,vit_supervised,vit_small_patch16_224,token_gradient,predicted,blocks.8,10,10,10,0.2970038652420044,0.16834613680839539,0.1468781624343633,0.18184022893724067,0.24933099746704102,0.04581863060593605,0.7197366952896118,0.7044782638549805,0.7712252869896422,0.987028956413269,0.21741706350828294,0.33418529413959286,0.2
144,n02281406/ILSVRC2012_val_00047359,vit_supervised,vit_small_patch16_224,token_gradient,predicted,blocks.11,9,9,9,0.0,0.0,0.36483858420819537,0.14967315051017427,0.1571749895811081,0.0,0.20752666890621185,0.0,0.14967315051017427,0.9353494048118591,0.15435352041551087,0.2689303444013713,0.2
145,n02281406/ILSVRC2012_val_00047683,vit_supervised,vit_small_patch16_224,token_gradient,predicted,blocks.11,9,9,9,0.0,0.0,0.04677372545223625,0.23130580357138247,0.16478756070137024,0.0,0.22153320908546448,0.0,0.23130580357138247,0.9912789463996887,0.08342385870708562,0.218211724215858,0.2
146,n02281406/ILSVRC2012_val_00049742,vit_supervised,vit_small_patch16_224,token_gradient,predicted,blocks.11,9,47,47,0.0,0.0,0.14661928193899523,0.05078124999998988,0.06698049604892731,0.0,0.07042176276445389,0.0,0.05078124999998988,0.9901617169380188,0.05922015958169553,0.19787439052544908,0.2
147,n02325366/ILSVRC2012_val_00000097,vit_supervised,vit_small_patch16_224,token_gradient,predicted,blocks.11,10,10,10,0.0,0.0,0.6207463963663392,0.29075653698973797,0.3444671630859375,0.0,0.4389761686325073,0.0,0.29075653698973797,0.9921249151229858,0.27345088000682316,0.3766944706074672,0.2
148,n02325366/ILSVRC2012_val_00002473,vit_supervised,vit_small_patch16_224,token_gradient,predicted,blocks.11,10,10,10,0.0,0.0,2.191108481780453e-05,0.7096022002549607,0.24649213254451752,0.0,0.5426508188247681,0.0,0.7096022002549607,0.9835808277130127,0.21288723340193355,0.3249431519918965,0.2
149,n02325366/ILSVRC2012_val_00017565,vit_supervised,vit_small_patch16_224,token_gradient,predicted,blocks.11,10,10,10,0.0,0.0,0.2991287170622247,0.533880739795812,0.3259355425834656,0.0,0.532894492149353,0.0,0.533880739795812,0.9645063877105713,0.249902837057411,0.35292832237109484,0.2
150,n02325366/ILSVRC2012_val_00021667,vit_supervised,vit_small_patch16_224,token_gradient,predicted,blocks.11,10,10,10,0.0,0.0,0.005056692878304102,0.6991988201529219,0.25225841999053955,0.0,0.5427480340003967,0.0,0.6991988201529219,0.9761401414871216,0.2112766539093678,0.3224848994808748,0.2
151,n02325366/ILSVRC2012_val_00021928,vit_supervised,vit_small_patch16_224,token_gradient,predicted,blocks.11,10,10,10,0.0,0.0,0.204899397521766,0.22249681122444548,0.19747017323970795,0.0,0.24644464254379272,0.0,0.22249681122444548,0.9920792579650879,0.12821886262386345,0.255660940881316,0.2
152,n02325366/ILSVRC2012_val_00024858,vit_supervised,vit_small_patch16_224,token_gradient,predicted,blocks.11,10,10,10,0.0,0.0,0.17505961066223885,0.4580476721937863,0.30955109000205994,0.0,0.4663010835647583,0.0,0.4580476721937863,0.8465455770492554,0.18993218485680752,0.28525865727139454,0.2
153,n02325366/ILSVRC2012_val_00026482,vit_supervised,vit_small_patch16_224,token_gradient,predicted,blocks.11,10,12,12,0.0,0.0,0.09351981351972631,0.03374123086734022,0.04489858075976372,0.0,0.04628155007958412,0.0,0.03374123086734022,0.9689339399337769,0.038178313316119955,0.17715535208683317,0.2
154,n02325366/ILSVRC2012_val_00028827,vit_supervised,vit_small_patch16_224,token_gradient,predicted,blocks.11,10,10,10,0.0,0.0,0.19797620675503955,0.6730110012753762,0.34520262479782104,0.0,0.6667686104774475,0.0,0.6730110012753762,0.9155048727989197,0.2612961624091247,0.3550725329274419,0.2
155,n02325366/ILSVRC2012_val_00029387,vit_supervised,vit_small_patch16_224,token_gradient,predicted,blocks.11,10,10,10,0.0,0.0,0.14229024943303936,0.28176817602035203,0.18963390588760376,0.0,0.28759416937828064,0.0,0.28176817602035203,0.2285570502281189,0.1272175276360174,0.1402981638975657,0.2
156,n02325366/ILSVRC2012_val_00033548,vit_supervised,vit_small_patch16_224,token_gradient,predicted,blocks.11,10,10,10,0.0,0.0,0.049765525081696814,0.5361328124998932,0.3021835684776306,0.0,0.4868076741695404,0.0,0.5361328124998932,0.9170963764190674,0.175769501274477,0.2840390408582576,0.2
157,n02325366/ILSVRC2012_val_00033989,vit_supervised,vit_small_patch16_224,token_gradient,predicted,blocks.11,10,10,10,0.0,0.0,0.10751434079925083,0.7273397640304673,0.2888771593570709,0.0,0.649549126625061,0.0,0.7273397640304673,0.9885773062705994,0.25045623144891543,0.35700012214801946,0.2
158,n02325366/ILSVRC2012_val_00040218,vit_supervised,vit_small_patch16_224,token_gradient,predicted,blocks.11,10,10,10,0.0,0.0,0.17570450706721677,0.3271085778060573,0.1971333920955658,0.0,0.3157743513584137,0.0,0.3271085778060573,0.9639242887496948,0.15084392546198222,0.2702919145307727,0.2
159,n02325366/ILSVRC2012_val_00041378,vit_supervised,vit_small_patch16_224,token_gradient,predicted,blocks.11,10,10,10,0.0,0.0,0.15181167127557924,0.7712252869896422,0.24239544570446014,0.0,0.7332077026367188,0.0,0.7712252869896422,0.9626697897911072,0.2769110874795664,0.37515970803497145,0.2
160,n02325366/ILSVRC2012_val_00041387,vit_supervised,vit_small_patch16_224,token_gradient,predicted,blocks.2,10,10,10,0.34661221504211426,0.14659065008163452,0.5495935852369565,0.427956880408711,0.3987569808959961,0.13121379911899567,0.4908211827278137,0.6730241775512695,0.3623246173468666,0.9971781969070435,0.431910025710546,0.5152786212122134,0.2
161,n02325366/ILSVRC2012_val_00049280,vit_supervised,vit_small_patch16_224,token_gradient,predicted,blocks.2,10,10,10,0.15697573125362396,0.15086974203586578,0.09812008440432662,0.2641749020039396,0.18831373751163483,0.08478192239999771,0.24380025267601013,0.3481781482696533,0.2563576211734183,0.9914612174034119,0.17147878842392944,0.29423443515134673,0.2
162,n02342885/ILSVRC2012_val_00001226,vit_supervised,vit_small_patch16_224,token_gradient,predicted,blocks.2,11,11,11,0.13092799484729767,0.21711647510528564,0.011842818428181074,0.11131946304726277,0.1459357589483261,0.07394355535507202,0.3394819498062134,0.495362251996994,0.5441246811223406,0.9927689433097839,0.08931988238155222,0.22553071006188274,0.2
163,n02342885/ILSVRC2012_val_00001439,vit_supervised,vit_small_patch16_224,token_gradient,predicted,blocks.2,11,11,11,0.16758204996585846,0.29280033707618713,0.10783382628276998,0.1650876091546815,0.1876823902130127,0.07586201280355453,0.5382279753684998,0.5651678442955017,0.6136798469386532,0.9877737164497375,0.14890925061757884,0.275050133814874,0.2
164,n02342885/ILSVRC2012_val_00004985,vit_supervised,vit_small_patch16_224,token_gradient,predicted,blocks.2,11,11,11,-0.14482606947422028,0.20596319437026978,0.0024491007594680137,0.21746184352835674,0.17263604700565338,0.0893082320690155,0.40431275963783264,0.6953615546226501,0.6076012436223279,0.9966326355934143,0.008042855496659312,0.15378350709499122,0.2
165,n02342885/ILSVRC2012_val_00006185,vit_supervised,vit_small_patch16_224,token_gradient,predicted,blocks.2,11,11,11,0.04572359099984169,0.28187036514282227,0.05697251708592207,0.1903576575395682,0.3353189527988434,0.14199024438858032,0.4970736503601074,0.5474943518638611,0.5243343431121404,0.9972970485687256,0.09248848878758376,0.227430357791626,0.2
166,n02342885/ILSVRC2012_val_00010974,vit_supervised,vit_small_patch16_224,token_gradient,predicted,blocks.2,11,11,11,0.05064573138952255,0.30264467000961304,0.02927259603816685,0.13008511887287055,0.09423588961362839,0.09568899869918823,0.30380210280418396,0.5455996990203857,0.5673429528060094,0.9904224276542664,0.06806560702912023,0.20612879886223218,0.2
167,n02342885/ILSVRC2012_val_00013528,vit_supervised,vit_small_patch16_224,token_gradient,predicted,blocks.2,11,11,11,0.15100334584712982,0.383905827999115,0.03388751165593171,0.19099269040315678,0.16593272984027863,0.13169972598552704,0.5056376457214355,0.6961120367050171,0.705994897959043,0.9677906036376953,0.12786539895657847,0.2542398121069218,0.2
168,n02342885/ILSVRC2012_val_00014630,vit_supervised,vit_small_patch16_224,token_gradient,predicted,blocks.2,11,11,11,0.3457147479057312,0.5187034606933594,0.0,0.025230092952962482,0.026740534231066704,0.07484811544418335,0.05655314400792122,0.1502373367547989,0.24623325892852238,0.996387243270874,0.14585492704818123,0.27676577149587767,0.2
169,n02342885/ILSVRC2012_val_00023034,vit_supervised,vit_small_patch16_224,token_gradient,predicted,blocks.2,11,11,11,0.3654680550098419,0.19507144391536713,0.02422821414614356,0.05040384733952451,0.20834025740623474,0.04010051488876343,0.4242947995662689,0.3086378574371338,0.4790736607141903,0.8930211663246155,0.1685768404496372,0.280525009573554,0.2
170,n02342885/ILSVRC2012_val_00026102,vit_supervised,vit_small_patch16_224,token_gradient,predicted,blocks.2,11,47,47,-0.3516279458999634,0.20896302163600922,0.019854288270623383,0.28845946818802426,0.13552981615066528,0.1319894790649414,0.1962098628282547,0.4072834253311157,0.2770647321428019,0.8878433108329773,-0.04815705142239107,0.08718515467462135,0.2
171,n02342885/ILSVRC2012_val_00029758,vit_supervised,vit_small_patch16_224,token_gradient,predicted,blocks.2,11,11,11,0.2550279200077057,0.3953491151332855,0.02562168278685626,0.11280657137007431,0.07535012066364288,0.09735476225614548,0.2890402674674988,0.5028131604194641,0.5586933992345826,0.7570798397064209,0.14353964425016144,0.23742881149789274,0.2
172,n02342885/ILSVRC2012_val_00030463,vit_supervised,vit_small_patch16_224,token_gradient,predicted,blocks.2,11,6,6,-0.1336517333984375,0.3389038145542145,0.031975543253729935,0.2522558652495648,0.17322199046611786,0.1299957036972046,0.43106600642204285,0.6619349718093872,0.5467753507651972,0.9077299237251282,0.0318087291916134,0.16043923399513976,0.2
173,n02342885/ILSVRC2012_val_00031690,vit_supervised,vit_small_patch16_224,token_gradient,predicted,blocks.2,11,11,11,0.06259121000766754,0.33108606934547424,0.06032589853228351,0.16650775489442965,0.19611719250679016,0.11278723925352097,0.420286625623703,0.5008020997047424,0.5314293686223431,0.9758597612380981,0.09308658003108096,0.22499430104507664,0.2
174,n02342885/ILSVRC2012_val_00036070,vit_supervised,vit_small_patch16_224,token_gradient,predicted,blocks.2,11,11,11,-0.10413425415754318,0.21724505722522736,0.19955008924855136,0.24632894669980024,0.38719654083251953,0.117470383644104,0.8417333960533142,0.8864222764968872,0.7777224170916818,0.9515298008918762,0.0921100091214882,0.21775224016572922,0.2
175,n02342885/ILSVRC2012_val_00039958,vit_supervised,vit_small_patch16_224,token_gradient,predicted,blocks.2,11,11,11,0.3250929117202759,0.2474212795495987,0.09790386783550818,0.1336928888782975,0.1399218887090683,0.04250756651163101,0.6079764366149902,0.5820820331573486,0.7509765624998503,0.9850425124168396,0.19951619170225207,0.3194380851430739,0.2
160,n02325366/ILSVRC2012_val_00041387,vit_supervised,vit_small_patch16_224,token_gradient,predicted,blocks.5,10,10,10,0.3620058298110962,0.20446185767650604,0.5498489425978853,0.4410848357932269,0.4048558473587036,0.18390661478042603,0.4959767460823059,0.681347131729126,0.3623246173468666,0.9955570101737976,0.4420824654417721,0.5237690365577314,0.2
161,n02325366/ILSVRC2012_val_00049280,vit_supervised,vit_small_patch16_224,token_gradient,predicted,blocks.5,10,10,10,0.15675026178359985,0.140730082988739,0.09672021419004746,0.21759013080920048,0.1736607551574707,0.07891345024108887,0.21868638694286346,0.3160655200481415,0.2563576211734183,0.9947136640548706,0.15699320821321433,0.28264722748230253,0.2
162,n02342885/ILSVRC2012_val_00001226,vit_supervised,vit_small_patch16_224,token_gradient,predicted,blocks.5,11,11,11,0.1549840271472931,0.14956583082675934,0.007855099066023902,0.11780731692709485,0.18138496577739716,0.04799622297286987,0.36510154604911804,0.44519945979118347,0.5441246811223406,0.992995023727417,0.09969233565685287,0.2346092670589448,0.2
163,n02342885/ILSVRC2012_val_00001439,vit_supervised,vit_small_patch16_224,token_gradient,predicted,blocks.5,11,11,11,0.07159692049026489,0.23841607570648193,0.1532399299474173,0.15890317636033982,0.2524043917655945,0.0727379322052002,0.5932361483573914,0.5519670248031616,0.6136798469386532,0.9483543634414673,0.12228170008843309,0.24534785326475209,0.2
164,n02342885/ILSVRC2012_val_00004985,vit_supervised,vit_small_patch16_224,token_gradient,predicted,blocks.5,11,11,11,-0.10869142413139343,0.30222752690315247,0.0034171949286837815,0.2266384138034731,0.14623096585273743,0.11548041552305222,0.38227713108062744,0.6472344398498535,0.6076012436223279,0.9971898198127747,0.025540112967089683,0.16905037670896772,0.2
165,n02342885/ILSVRC2012_val_00006185,vit_supervised,vit_small_patch16_224,token_gradient,predicted,blocks.5,11,11,11,-0.09774165600538254,0.2808651030063629,0.027043829654950394,0.24512658878336183,0.3280274569988251,0.16466020047664642,0.4936445653438568,0.6201081871986389,0.5243343431121404,0.9968916177749634,0.04255446312934065,0.18336676767393867,0.2
166,n02342885/ILSVRC2012_val_00010974,vit_supervised,vit_small_patch16_224,token_gradient,predicted,blocks.5,11,11,11,-0.01654837839305401,0.2771191895008087,0.041608051076712047,0.1591052774181416,0.09082350134849548,0.1014854833483696,0.2970978915691376,0.5444608330726624,0.5673429528060094,0.9794914126396179,0.05359464719123449,0.19131011158208722,0.2
167,n02342885/ILSVRC2012_val_00013528,vit_supervised,vit_small_patch16_224,token_gradient,predicted,blocks.5,11,11,11,0.27117571234703064,0.2780647277832031,0.05458256976500161,0.14270993037923374,0.1840675175189972,0.08128514885902405,0.5284417271614075,0.6509408950805664,0.705994897959043,0.9661288857460022,0.16765803498208287,0.28915395721941983,0.2
168,n02342885/ILSVRC2012_val_00014630,vit_supervised,vit_small_patch16_224,token_gradient,predicted,blocks.5,11,11,11,0.2228589951992035,0.463779479265213,0.0,0.018143786094303057,0.02986181527376175,0.05807032063603401,0.06622741371393204,0.14470680058002472,0.24623325892852238,0.9813308119773865,0.09458673390797231,0.22973621663990496,0.2
169,n02342885/ILSVRC2012_val_00023034,vit_supervised,vit_small_patch16_224,token_gradient,predicted,blocks.5,11,11,11,0.2524445056915283,0.26494985818862915,0.06083626513899535,0.03073479142086979,0.2569877803325653,0.05740809813141823,0.4691961109638214,0.30124127864837646,0.4790736607141903,0.9761172533035278,0.12844911924457086,0.2576659291275304,0.2
170,n02342885/ILSVRC2012_val_00026102,vit_supervised,vit_small_patch16_224,token_gradient,predicted,blocks.5,11,47,47,-0.21543648838996887,0.22899611294269562,0.025139186295492444,0.13682560790267057,0.13006477057933807,0.08374707400798798,0.1923542618751526,0.2627255916595459,0.2770647321428019,0.7821662425994873,-0.037585157096538646,0.08241336400297473,0.2
171,n02342885/ILSVRC2012_val_00029758,vit_supervised,vit_small_patch16_224,token_gradient,predicted,blocks.5,11,11,11,0.1464081108570099,0.41323935985565186,0.12218848568814016,0.06688897606902795,0.11047618091106415,0.1269291490316391,0.4775505065917969,0.4193681478500366,0.5586933992345826,0.8718628287315369,0.11528648286995438,0.229291628548976,0.2
172,n02342885/ILSVRC2012_val_00030463,vit_supervised,vit_small_patch16_224,token_gradient,predicted,blocks.5,11,6,6,-0.20088812708854675,0.27626854181289673,0.01119956820941541,0.22527059285169704,0.1715320497751236,0.12575788795948029,0.39224860072135925,0.6745365858078003,0.5467753507651972,0.8070589900016785,-0.009414202517084969,0.10986554428453853,0.2
173,n02342885/ILSVRC2012_val_00031690,vit_supervised,vit_small_patch16_224,token_gradient,predicted,blocks.5,11,11,11,0.13426807522773743,0.18348921835422516,0.03185537155227266,0.10562149786102741,0.1686655730009079,0.059396203607320786,0.319255530834198,0.38444042205810547,0.5314293686223431,0.9868439435958862,0.09495029091508499,0.22938963522241607,0.2
174,n02342885/ILSVRC2012_val_00036070,vit_supervised,vit_small_patch16_224,token_gradient,predicted,blocks.5,11,11,11,-0.20659004151821136,0.2179194837808609,0.19922753495643905,0.1979390505957712,0.39054587483406067,0.10412614792585373,0.8377615213394165,0.8148842453956604,0.7777224170916818,0.9428551197052002,0.036513959058378516,0.16841339981245862,0.2
175,n02342885/ILSVRC2012_val_00039958,vit_supervised,vit_small_patch16_224,token_gradient,predicted,blocks.5,11,11,11,0.15334974229335785,0.32683268189430237,0.09194297613324823,0.12228049956485118,0.14735178649425507,0.06989935785531998,0.6052480936050415,0.5683338046073914,0.7509765624998503,0.9849432706832886,0.12560693962677297,0.2549697693296934,0.2
160,n02325366/ILSVRC2012_val_00041387,vit_supervised,vit_small_patch16_224,token_gradient,predicted,blocks.8,10,10,10,0.23554319143295288,0.14600563049316406,0.5497638141269088,0.312508722147131,0.3927152454853058,0.10584726929664612,0.4819192886352539,0.5385600328445435,0.3623246173468666,0.9946056008338928,0.3528990374553931,0.44719909119512735,0.2
161,n02325366/ILSVRC2012_val_00049280,vit_supervised,vit_small_patch16_224,token_gradient,predicted,blocks.8,10,10,10,0.11634673923254013,0.2082056850194931,0.09590872201265292,0.13648997419091896,0.16282881796360016,0.08773815631866455,0.21089580655097961,0.27153313159942627,0.2563576211734183,0.9954530000686646,0.11625830455408762,0.2481389827925817,0.2
162,n02342885/ILSVRC2012_val_00001226,vit_supervised,vit_small_patch16_224,token_gradient,predicted,blocks.8,11,11,11,-0.14454907178878784,0.2699332535266876,0.0030895706840032536,0.20050802225002395,0.22128166258335114,0.14506027102470398,0.38915544748306274,0.5809484124183655,0.5441246811223406,0.9880591630935669,0.0032596491646930195,0.14851609757146608,0.2
163,n02342885/ILSVRC2012_val_00001439,vit_supervised,vit_small_patch16_224,token_gradient,predicted,blocks.8,11,11,11,-0.0768994688987732,0.20402301847934723,0.17033108786006299,0.10486009633595691,0.27408915758132935,0.057031117379665375,0.6093937754631042,0.4590752124786377,0.6136798469386532,0.9653458595275879,0.05179756769929669,0.18668486086357255,0.2
164,n02342885/ILSVRC2012_val_00004985,vit_supervised,vit_small_patch16_224,token_gradient,predicted,blocks.8,11,11,11,-0.10669762641191483,0.1525775045156479,0.00391437914973642,0.21903673174687316,0.16935662925243378,0.05985233187675476,0.4080139696598053,0.6591144800186157,0.6076012436223279,0.9970728158950806,0.024206282704216937,0.16795453086424428,0.2
165,n02342885/ILSVRC2012_val_00006185,vit_supervised,vit_small_patch16_224,token_gradient,predicted,blocks.8,11,11,11,0.1116587221622467,0.1535479575395584,0.008854961832058611,0.1356435334186996,0.3158615529537201,0.07040775567293167,0.48800036311149597,0.49276089668273926,0.5243343431121404,0.9954947233200073,0.08801303744012615,0.224529385067477,0.2
166,n02342885/ILSVRC2012_val_00010974,vit_supervised,vit_small_patch16_224,token_gradient,predicted,blocks.8,11,11,11,-0.07818005979061127,0.33497363328933716,0.045142376285989,0.1663384932294792,0.1006501317024231,0.10728446394205093,0.3145616054534912,0.5689641833305359,0.5673429528060094,0.9681662321090698,0.032172236938395944,0.17073213126851358,0.2
167,n02342885/ILSVRC2012_val_00013528,vit_supervised,vit_small_patch16_224,token_gradient,predicted,blocks.8,11,11,11,0.2548874020576477,0.304467111825943,0.10476815398072695,0.16837154312733413,0.20377478003501892,0.07956785708665848,0.5996701121330261,0.616550087928772,0.705994897959043,0.6747773289680481,0.1838968699554774,0.25871211434239916,0.2
168,n02342885/ILSVRC2012_val_00014630,vit_supervised,vit_small_patch16_224,token_gradient,predicted,blocks.8,11,11,11,0.19211725890636444,0.47017422318458557,0.0,0.015926312446111018,0.03723789006471634,0.047964856028556824,0.08585993945598602,0.1155555471777916,0.24623325892852238,0.939416229724884,0.08162479729637909,0.21213505318748793,0.2
169,n02342885/ILSVRC2012_val_00023034,vit_supervised,vit_small_patch16_224,token_gradient,predicted,blocks.8,11,11,11,-0.052504125982522964,0.3243129849433899,0.07883988221509076,0.05574146371690657,0.28210002183914185,0.09088311344385147,0.4809253513813019,0.31618592143058777,0.4790736607141903,0.9698923826217651,0.01937275338659001,0.16075274978238108,0.2
170,n02342885/ILSVRC2012_val_00026102,vit_supervised,vit_small_patch16_224,token_gradient,predicted,blocks.8,11,47,47,0.029713986441493034,0.15848061442375183,0.050605688202224976,0.061408175933288366,0.13383762538433075,0.040206167846918106,0.20538051426410675,0.1951828896999359,0.2770647321428019,0.7270209193229675,0.04548975381725122,0.14745649918684603,0.2
171,n02342885/ILSVRC2012_val_00029758,vit_supervised,vit_small_patch16_224,token_gradient,predicted,blocks.8,11,11,11,0.26882410049438477,0.4293211102485657,0.10278099652372458,0.15134285022981148,0.20134685933589935,0.12008459866046906,0.5224064588546753,0.5459863543510437,0.5586933992345826,0.9491235017776489,0.1837667942238147,0.299987922128066,0.2
172,n02342885/ILSVRC2012_val_00030463,vit_supervised,vit_small_patch16_224,token_gradient,predicted,blocks.8,11,6,6,-0.15426167845726013,0.19048787653446198,0.021647854299574228,0.21054501986876537,0.1854921579360962,0.0887405052781105,0.4193086624145508,0.692045271396637,0.5467753507651972,0.9169613718986511,0.007953190867597826,0.14160083686684152,0.2
173,n02342885/ILSVRC2012_val_00031690,vit_supervised,vit_small_patch16_224,token_gradient,predicted,blocks.8,11,11,11,0.3306696116924286,0.1924658566713333,0.02786724548381799,0.051365055719468485,0.168675035238266,0.04229532182216644,0.316423624753952,0.27918097376823425,0.5314293686223431,0.9873015284538269,0.1560375350379574,0.2836376686612456,0.2
174,n02342885/ILSVRC2012_val_00036070,vit_supervised,vit_small_patch16_224,token_gradient,predicted,blocks.8,11,11,11,-0.19024451076984406,0.15668854117393494,0.19864151680995928,0.21023287941577606,0.3610195517539978,0.06830067187547684,0.8315753936767578,0.8126196265220642,0.7777224170916818,0.9139006733894348,0.04656451455978297,0.17271812129540365,0.2
175,n02342885/ILSVRC2012_val_00039958,vit_supervised,vit_small_patch16_224,token_gradient,predicted,blocks.8,11,11,11,-0.17583772540092468,0.2853332757949829,0.09212423611267948,0.16094498917297367,0.13602018356323242,0.11165929585695267,0.5928691625595093,0.6986104846000671,0.7509765624998503,0.9871612787246704,0.005585677425326063,0.1497982942397902,0.2
160,n02325366/ILSVRC2012_val_00041387,vit_supervised,vit_small_patch16_224,token_gradient,predicted,blocks.11,10,10,10,0.0,0.0,0.5479782739888364,0.3623246173468666,0.39865776896476746,0.0,0.4769447147846222,0.0,0.3623246173468666,0.994106650352478,0.27309086740071087,0.37669172038679744,0.2
161,n02325366/ILSVRC2012_val_00049280,vit_supervised,vit_small_patch16_224,token_gradient,predicted,blocks.11,10,10,10,0.0,0.0,0.08789433675404414,0.2563576211734183,0.1581893414258957,0.0,0.2041700929403305,0.0,0.2563576211734183,0.9856190085411072,0.10327558737823873,0.23390584076303167,0.2
162,n02342885/ILSVRC2012_val_00001226,vit_supervised,vit_small_patch16_224,token_gradient,predicted,blocks.11,11,11,11,0.0,0.0,0.05062186954807513,0.5441246811223406,0.3141839802265167,0.0,0.46756935119628906,0.0,0.5441246811223406,0.9751551151275635,0.17842396520112472,0.2949599049367384,0.2
163,n02342885/ILSVRC2012_val_00001439,vit_supervised,vit_small_patch16_224,token_gradient,predicted,blocks.11,11,11,11,0.0,0.0,0.15187337772256185,0.6136798469386532,0.265117883682251,0.0,0.5967850685119629,0.0,0.6136798469386532,0.9543426632881165,0.22966596739836448,0.3345397056585212,0.2
164,n02342885/ILSVRC2012_val_00004985,vit_supervised,vit_small_patch16_224,token_gradient,predicted,blocks.11,11,11,11,0.0,0.0,0.003640866873064114,0.6076012436223279,0.17456872761249542,0.0,0.41092169284820557,0.0,0.6076012436223279,0.9963920712471008,0.1833726331486176,0.3022693383109131,0.2
165,n02342885/ILSVRC2012_val_00006185,vit_supervised,vit_small_patch16_224,token_gradient,predicted,blocks.11,11,11,11,0.0,0.0,0.00372835482890891,0.5243343431121404,0.3114161789417267,0.0,0.4840712547302246,0.0,0.5243343431121404,0.9952365756034851,0.1584188093823148,0.2813011608257851,0.2
166,n02342885/ILSVRC2012_val_00010974,vit_supervised,vit_small_patch16_224,token_gradient,predicted,blocks.11,11,11,11,0.0,0.0,0.06315062819272038,0.5673429528060094,0.12241551280021667,0.0,0.34889090061187744,0.0,0.5673429528060094,0.9294508695602417,0.18914807429961894,0.2970410256837187,0.2
167,n02342885/ILSVRC2012_val_00013528,vit_supervised,vit_small_patch16_224,token_gradient,predicted,blocks.11,11,11,11,0.0,0.0,0.126533343245824,0.705994897959043,0.261946439743042,0.0,0.6489709615707397,0.0,0.705994897959043,0.9557178616523743,0.2497584723614601,0.3514897395490729,0.2
168,n02342885/ILSVRC2012_val_00014630,vit_supervised,vit_small_patch16_224,token_gradient,predicted,blocks.11,11,11,11,0.0,0.0,0.0,0.24623325892852238,0.03273278474807739,0.0,0.07210851460695267,0.0,0.24623325892852238,0.8519672751426697,0.07386997767855671,0.18935340600353107,0.2
169,n02342885/ILSVRC2012_val_00023034,vit_supervised,vit_small_patch16_224,token_gradient,predicted,blocks.11,11,11,11,0.0,0.0,0.1796904753660701,0.4790736607141903,0.35187336802482605,0.0,0.5108036398887634,0.0,0.4790736607141903,0.9150822758674622,0.19762924082407812,0.3019533754001844,0.2
170,n02342885/ILSVRC2012_val_00026102,vit_supervised,vit_small_patch16_224,token_gradient,predicted,blocks.11,11,47,47,0.0,0.0,0.027334363199439007,0.2770647321428019,0.15120068192481995,0.0,0.2137780338525772,0.0,0.2770647321428019,0.8395112156867981,0.09131972860267228,0.20202645618857995,0.2
171,n02342885/ILSVRC2012_val_00029758,vit_supervised,vit_small_patch16_224,token_gradient,predicted,blocks.11,11,11,11,0.0,0.0,0.08893274979258878,0.5586933992345826,0.25282877683639526,0.0,0.525007963180542,0.0,0.5586933992345826,0.7615819573402405,0.1942878447081514,0.2761438308578289,0.2
172,n02342885/ILSVRC2012_val_00030463,vit_supervised,vit_small_patch16_224,token_gradient,predicted,blocks.11,11,6,6,0.0,0.0,0.05796651325632946,0.5467753507651972,0.24894656240940094,0.0,0.5114536285400391,0.0,0.5467753507651972,0.9673203229904175,0.181422559206458,0.2962835144539443,0.2
173,n02342885/ILSVRC2012_val_00031690,vit_supervised,vit_small_patch16_224,token_gradient,predicted,blocks.11,11,11,11,0.0,0.0,0.031188536105638893,0.5314293686223431,0.16665855050086975,0.0,0.3163490295410156,0.0,0.5314293686223431,0.9717520475387573,0.16878537141839461,0.28641728331280913,0.2
174,n02342885/ILSVRC2012_val_00036070,vit_supervised,vit_small_patch16_224,token_gradient,predicted,blocks.11,11,11,11,0.0,0.0,0.19955008924855136,0.7777224170916818,0.38886353373527527,0.0,0.8375459909439087,0.0,0.7777224170916818,0.9149565100669861,0.2931817519020699,0.38156160309510617,0.2
175,n02342885/ILSVRC2012_val_00039958,vit_supervised,vit_small_patch16_224,token_gradient,predicted,blocks.11,11,11,11,0.0,0.0,0.09169946005305855,0.7509765624998503,0.11613375693559647,0.0,0.5750433802604675,0.0,0.7509765624998503,0.9862421154975891,0.25280280676587263,0.35860532296286557,0.2
176,n02342885/ILSVRC2012_val_00039968,vit_supervised,vit_small_patch16_224,token_gradient,predicted,blocks.2,11,0,0,0.5894441604614258,0.2184298187494278,0.14261945392485384,0.1357318416814409,0.18476618826389313,0.05901224911212921,0.3213912546634674,0.31512024998664856,0.33378507653054573,0.9940140247344971,0.31928305286645875,0.4249953837732472,0.2
177,n02342885/ILSVRC2012_val_00044948,vit_supervised,vit_small_patch16_224,token_gradient,predicted,blocks.2,11,42,42,-0.3039582371711731,0.30323150753974915,0.0027732840305048426,0.10768207175387293,0.05326022207736969,0.09465863555669785,0.10839205235242844,0.23239275813102722,0.23134566326526002,0.9892375469207764,-0.08844668813315593,0.06961408797430033,0.2
178,n02342885/ILSVRC2012_val_00047144,vit_supervised,vit_small_patch16_224,token_gradient,predicted,blocks.2,11,11,11,-0.05084044113755226,0.09926717728376389,0.05666777519120164,0.2092403714415401,0.1948113888502121,0.0710601806640625,0.3250162601470947,0.6058697700500488,0.4332549426019545,0.9872090816497803,0.059436267534801614,0.19676424450750918,0.2
179,n02396427/ILSVRC2012_val_00003223,vit_supervised,vit_small_patch16_224,token_gradient,predicted,blocks.2,12,12,12,0.03172723948955536,0.35359659790992737,0.057997897730750016,0.14233259897179895,0.10041750967502594,0.10221120715141296,0.13198025524616241,0.18092840909957886,0.14102359693874741,0.8490728139877319,0.07279004480658684,0.1885480800951414,0.2
180,n02396427/ILSVRC2012_val_00011042,vit_supervised,vit_small_patch16_224,token_gradient,predicted,blocks.2,12,12,12,0.233742356300354,0.14405861496925354,0.1511768732556731,0.3403224817605663,0.17165504395961761,0.1068318635225296,0.2382422834634781,0.5073234438896179,0.235710299744851,0.9898046851158142,0.24094674902501342,0.35315536622655586,0.2
181,n02396427/ILSVRC2012_val_00013411,vit_supervised,vit_small_patch16_224,token_gradient,predicted,blocks.2,12,10,10,0.2223007082939148,0.16744975745677948,0.19540484633562522,0.17117834394898263,0.27430984377861023,0.061301037669181824,0.48543670773506165,0.46607011556625366,0.4449736926019522,0.990136981010437,0.19889524040294826,0.31797159262558766,0.2
182,n02396427/ILSVRC2012_val_00018260,vit_supervised,vit_small_patch16_224,token_gradient,predicted,blocks.2,12,12,12,0.2777523398399353,0.2699388265609741,0.2476903336183714,0.22289762723223655,0.28781911730766296,0.12181118130683899,0.45452985167503357,0.48767057061195374,0.38137755102033216,0.9981369376182556,0.2522773241911565,0.36458084979936767,0.2
183,n02396427/ILSVRC2012_val_00023062,vit_supervised,vit_small_patch16_224,token_gradient,predicted,blocks.2,12,12,12,-0.10712149739265442,0.36132001876831055,0.06209366199629312,0.1667494175609492,0.10395721346139908,0.09748286753892899,0.31998080015182495,0.45084741711616516,0.40884088010195935,0.999343752861023,0.02580432491011092,0.16961980873103497,0.2
184,n02396427/ILSVRC2012_val_00028931,vit_supervised,vit_small_patch16_224,token_gradient,predicted,blocks.2,12,12,12,0.06289555877447128,0.3211771845817566,0.05280783101492839,0.20284697508891372,0.2814811170101166,0.13350355625152588,0.6097915768623352,0.7141778469085693,0.6959303252549633,0.9965134859085083,0.10185466534094115,0.23540416998330171,0.2
185,n02396427/ILSVRC2012_val_00034418,vit_supervised,vit_small_patch16_224,token_gradient,predicted,blocks.2,12,12,12,0.2219986766576767,0.25802916288375854,0.1999960140305724,0.1999960140305724,0.0,0.0,1.0,1.0,0.9999999999998007,0.9953491687774658,0.20879707908141412,0.3269999191620929,0.2
186,n02396427/ILSVRC2012_val_00038735,vit_supervised,vit_small_patch16_224,token_gradient,predicted,blocks.2,12,4,4,0.03247803449630737,0.2601200044155121,0.01080653663679087,0.2737236667297999,0.1446572244167328,0.15274578332901,0.2273368090391159,0.47445952892303467,0.3350207270407496,0.9935248494148254,0.09835027480850018,0.23152859032757908,0.2
187,n02396427/ILSVRC2012_val_00040119,vit_supervised,vit_small_patch16_224,token_gradient,predicted,blocks.2,12,12,12,0.09812081605195999,0.16900478303432465,0.10990606085500784,0.17678146233806355,0.33007267117500305,0.07078805565834045,0.5983414053916931,0.5861915946006775,0.607680963010083,0.9561426043510437,0.12525458337870543,0.2494355570691104,0.2
188,n02396427/ILSVRC2012_val_00044402,vit_supervised,vit_small_patch16_224,token_gradient,predicted,blocks.2,12,12,12,0.22790223360061646,0.19246160984039307,0.5525013103485222,0.26048512932041207,0.3362524211406708,0.09054423868656158,0.4656077027320862,0.42235448956489563,0.3312938456631993,0.9967789649963379,0.33505682534092684,0.4325292364269,0.2
189,n02396427/ILSVRC2012_val_00045108,vit_supervised,vit_small_patch16_224,token_gradient,predicted,blocks.2,12,10,10,-0.026097789406776428,0.2551243305206299,0.22734932990925627,0.18662390730869846,0.2849023938179016,0.09417083859443665,0.7633515000343323,0.7309226393699646,0.7144252232141434,0.43192872405052185,0.11375285540267585,0.15914839161969518,0.2
190,n02396427/ILSVRC2012_val_00045758,vit_supervised,vit_small_patch16_224,token_gradient,predicted,blocks.2,12,12,12,-0.06683661788702011,0.1163618266582489,0.00560738388249027,0.27853852464171225,0.10057578235864639,0.08308307081460953,0.14936591684818268,0.41600501537323,0.20380261479587777,0.9781939387321472,0.058509125402452705,0.19437275168041568,0.2
191,n02396427/ILSVRC2012_val_00046391,vit_supervised,vit_small_patch16_224,token_gradient,predicted,blocks.2,12,7,7,-0.20468367636203766,0.16026267409324646,0.0,0.32623949773782374,0.16275496780872345,0.10966227203607559,0.2573269009590149,0.5725112557411194,0.37256855867339517,0.9966199398040771,0.01599837877653204,0.15941357867835432,0.2
176,n02342885/ILSVRC2012_val_00039968,vit_supervised,vit_small_patch16_224,token_gradient,predicted,blocks.5,11,0,0,0.32443705201148987,0.3387259542942047,0.28851149812359833,0.20313552850267141,0.22443921864032745,0.1305357962846756,0.34240368008613586,0.3847894072532654,0.33378507653054573,0.9862222671508789,0.2772689287924769,0.3843980649332207,0.2
177,n02342885/ILSVRC2012_val_00044948,vit_supervised,vit_small_patch16_224,token_gradient,predicted,blocks.5,11,42,42,-0.055252715945243835,0.3417612314224243,0.009654400447735807,0.09021761031629548,0.062239933758974075,0.08336935937404633,0.1256728172302246,0.21459653973579407,0.23134566326526002,0.9918305277824402,0.007860516851111853,0.15440413127753852,0.2
178,n02342885/ILSVRC2012_val_00047144,vit_supervised,vit_small_patch16_224,token_gradient,predicted,blocks.5,11,11,11,-0.12797480821609497,0.1271139234304428,0.04295887893405436,0.2399125887769297,0.19364017248153687,0.07442688941955566,0.3206506073474884,0.5391624569892883,0.4332549426019545,0.9870955944061279,0.03367151702685723,0.17399102321303195,0.2
179,n02396427/ILSVRC2012_val_00003223,vit_supervised,vit_small_patch16_224,token_gradient,predicted,blocks.5,12,12,12,-0.15923649072647095,0.3679606318473816,0.05233702337020151,0.07969459868748126,0.10130918771028519,0.07577481865882874,0.13226798176765442,0.1293615698814392,0.14102359693874741,0.9758419990539551,-0.02408510967328355,0.12365143361824912,0.2
180,n02396427/ILSVRC2012_val_00011042,vit_supervised,vit_small_patch16_224,token_gradient,predicted,blocks.5,12,12,12,0.07312843203544617,0.14410559833049774,0.1287108265784869,0.2937625754525424,0.18008771538734436,0.10460840165615082,0.23709487915039062,0.43146008253097534,0.235710299744851,0.9932372570037842,0.15599339342348728,0.2801988902707311,0.2
181,n02396427/ILSVRC2012_val_00013411,vit_supervised,vit_small_patch16_224,token_gradient,predicted,blocks.5,12,10,10,0.0639936700463295,0.12974658608436584,0.20100185528749498,0.15795499266567994,0.2798440158367157,0.049615729600191116,0.49229228496551514,0.4627084732055664,0.4449736926019522,0.992918848991394,0.1332845224044843,0.2610748238532182,0.2
182,n02396427/ILSVRC2012_val_00018260,vit_supervised,vit_small_patch16_224,token_gradient,predicted,blocks.5,12,12,12,0.26509544253349304,0.20869265496730804,0.24694366076761265,0.34707919649025765,0.288699209690094,0.11836370080709457,0.4559042453765869,0.586642861366272,0.38137755102033216,0.9946861863136292,0.2842450341907583,0.3904920471482345,0.2
183,n02396427/ILSVRC2012_val_00023062,vit_supervised,vit_small_patch16_224,token_gradient,predicted,blocks.5,12,12,12,-0.0725209042429924,0.4459792673587799,0.06394316163408074,0.16261988126040394,0.10245644301176071,0.11828316748142242,0.32485833764076233,0.41428107023239136,0.40884088010195935,0.9991637468338013,0.03896055117114844,0.18113300626364404,0.2
184,n02396427/ILSVRC2012_val_00028931,vit_supervised,vit_small_patch16_224,token_gradient,predicted,blocks.5,12,12,12,-0.06590110063552856,0.26257821917533875,0.01719690455717582,0.1925086876939299,0.2694343030452728,0.11325326561927795,0.5966202616691589,0.7081524729728699,0.6959303252549633,0.9959123134613037,0.036551237421120285,0.17874785985953698,0.2
185,n02396427/ILSVRC2012_val_00034418,vit_supervised,vit_small_patch16_224,token_gradient,predicted,blocks.5,12,12,12,0.025968341156840324,0.2163299173116684,0.20011559311220503,0.1999960140305724,0.0,0.0,1.0,1.0,0.9999999999998007,0.9700304269790649,0.13042081860556937,0.2546213852374482,0.2
186,n02396427/ILSVRC2012_val_00038735,vit_supervised,vit_small_patch16_224,token_gradient,predicted,blocks.5,12,4,4,0.19029216468334198,0.1862454116344452,0.01084459841096101,0.15655020893458124,0.15659238398075104,0.07551208883523941,0.23725064098834991,0.33904218673706055,0.3350207270407496,0.9923309683799744,0.12633530807699947,0.2573006047325514,0.2
187,n02396427/ILSVRC2012_val_00040119,vit_supervised,vit_small_patch16_224,token_gradient,predicted,blocks.5,12,12,12,0.09236790984869003,0.2301892340183258,0.11170241948754275,0.16531040630296884,0.3297346532344818,0.09568516910076141,0.6042754650115967,0.5744554996490479,0.607680963010083,0.9612104296684265,0.12005101167662949,0.2457635393449334,0.2
188,n02396427/ILSVRC2012_val_00044402,vit_supervised,vit_small_patch16_224,token_gradient,predicted,blocks.5,12,12,12,0.2765499949455261,0.18439003825187683,0.5493432523535108,0.20401065895840115,0.3293832540512085,0.07370548695325851,0.4689943194389343,0.391714870929718,0.3312938456631993,0.9956347346305847,0.3366261713717841,0.4344761862534998,0.2
189,n02396427/ILSVRC2012_val_00045108,vit_supervised,vit_small_patch16_224,token_gradient,predicted,blocks.5,12,10,10,-0.17465004324913025,0.09845060855150223,0.2374120121901245,0.1430778046288789,0.32109254598617554,0.0351710319519043,0.7816804051399231,0.6409635543823242,0.7144252232141434,0.34966903924942017,0.044286927746048914,0.08644529495496829,0.2
190,n02396427/ILSVRC2012_val_00045758,vit_supervised,vit_small_patch16_224,token_gradient,predicted,blocks.5,12,12,12,0.2850935757160187,0.21580155193805695,0.005658410681488232,0.16781927155361467,0.09962363541126251,0.08564262837171555,0.14345772564411163,0.2782216966152191,0.20380261479587777,0.9634286761283875,0.16608073495693834,0.2876664734786404,0.2
191,n02396427/ILSVRC2012_val_00046391,vit_supervised,vit_small_patch16_224,token_gradient,predicted,blocks.5,12,7,7,0.5178953409194946,0.2890637218952179,0.0,0.0693043510626161,0.16505567729473114,0.08836644887924194,0.258425772190094,0.3050934970378876,0.37256855867339517,0.9979655146598816,0.2279494416865827,0.34828428428645936,0.2
176,n02342885/ILSVRC2012_val_00039968,vit_supervised,vit_small_patch16_224,token_gradient,predicted,blocks.8,11,0,0,0.1577172577381134,0.3905724585056305,0.34560892282940836,0.2480316794781048,0.287397563457489,0.20847158133983612,0.37669920921325684,0.44801974296569824,0.33378507653054573,0.968813955783844,0.2411790837874993,0.34893328415279457,0.2
177,n02342885/ILSVRC2012_val_00044948,vit_supervised,vit_small_patch16_224,token_gradient,predicted,blocks.8,11,42,42,0.05702170357108116,0.3274269998073578,0.019693757361592606,0.1995233608600568,0.060508616268634796,0.10368455946445465,0.12434567511081696,0.2931174337863922,0.23134566326526002,0.987545371055603,0.08857381689492728,0.2228936814636312,0.2
178,n02342885/ILSVRC2012_val_00047144,vit_supervised,vit_small_patch16_224,token_gradient,predicted,blocks.8,11,11,11,-0.09299587458372116,0.23379330337047577,0.016052698899969284,0.22722181453005785,0.16739536821842194,0.11526158452033997,0.2992042005062103,0.4899073541164398,0.4332549426019545,0.990985095500946,0.03578400419551967,0.17691783657834628,0.2
179,n02396427/ILSVRC2012_val_00003223,vit_supervised,vit_small_patch16_224,token_gradient,predicted,blocks.8,12,12,12,-0.09061714261770248,0.20499524474143982,0.04904665563113908,0.07894570906105117,0.1022583469748497,0.05970703437924385,0.13242805004119873,0.1575276106595993,0.14102359693874741,0.9910051226615906,0.002150852360576081,0.14893285965609027,0.2
180,n02396427/ILSVRC2012_val_00011042,vit_supervised,vit_small_patch16_224,token_gradient,predicted,blocks.8,12,12,12,-0.024258838966488838,0.03417368605732918,0.0633785689965157,0.2982185273157374,0.16979610919952393,0.02399950847029686,0.2173151671886444,0.3364768922328949,0.235710299744851,0.9951715469360352,0.09877559330708038,0.23118441248019744,0.2
181,n02396427/ILSVRC2012_val_00013411,vit_supervised,vit_small_patch16_224,token_gradient,predicted,blocks.8,12,10,10,0.12436331063508987,0.2806343734264374,0.20121747522356215,0.1452332082949447,0.2874782383441925,0.10201238840818405,0.4909222424030304,0.4345264434814453,0.4449736926019522,0.9912475943565369,0.153680529309588,0.2788269687553887,0.2
182,n02396427/ILSVRC2012_val_00018260,vit_supervised,vit_small_patch16_224,token_gradient,predicted,blocks.8,12,12,12,0.1886572539806366,0.1280888170003891,0.2567748050492194,0.31519386834972263,0.2791794538497925,0.06877884268760681,0.4557216465473175,0.5879180431365967,0.38137755102033216,0.9956938624382019,0.24705350361193723,0.3583762866086886,0.2
183,n02396427/ILSVRC2012_val_00023062,vit_supervised,vit_small_patch16_224,token_gradient,predicted,blocks.8,12,12,12,-0.04399947449564934,0.36702412366867065,0.08924623832272364,0.1553647744033299,0.1069166287779808,0.08491965383291245,0.3392730951309204,0.39284124970436096,0.40884088010195935,0.9987289309501648,0.05578351401955632,0.19556227675056084,0.2
184,n02396427/ILSVRC2012_val_00028931,vit_supervised,vit_small_patch16_224,token_gradient,predicted,blocks.8,12,12,12,0.08016756176948547,0.3270815312862396,0.025667936754197984,0.15732564426018658,0.2685409486293793,0.11881031841039658,0.5980840921401978,0.622117280960083,0.6959303252549633,0.9848958849906921,0.08696509901210955,0.22154142462151988,0.2
185,n02396427/ILSVRC2012_val_00034418,vit_supervised,vit_small_patch16_224,token_gradient,predicted,blocks.8,12,12,12,0.16883525252342224,0.29942238330841064,0.1999960140305724,0.1999960140305724,0.0,0.0,1.0,1.0,0.9999999999998007,0.9558394551277161,0.18753170942771233,0.3024662636676414,0.2
186,n02396427/ILSVRC2012_val_00038735,vit_supervised,vit_small_patch16_224,token_gradient,predicted,blocks.8,12,4,4,-0.06927353888750076,0.34245139360427856,0.02239402825912237,0.26442466205065024,0.13830327987670898,0.16358503699302673,0.23318277299404144,0.4462173283100128,0.3350207270407496,0.9865692257881165,0.05833619153793147,0.19544431783503535,0.2
187,n02396427/ILSVRC2012_val_00040119,vit_supervised,vit_small_patch16_224,token_gradient,predicted,blocks.8,12,12,12,0.035269636660814285,0.18240045011043549,0.11127563891627969,0.16033900246230307,0.3396553695201874,0.07789929211139679,0.609296977519989,0.5843405723571777,0.607680963010083,0.9546069502830505,0.09559224707790054,0.22343907571838825,0.2
188,n02396427/ILSVRC2012_val_00044402,vit_supervised,vit_small_patch16_224,token_gradient,predicted,blocks.8,12,12,12,0.4014696180820465,0.12384545803070068,0.5435915248346974,0.2967845502747012,0.33543407917022705,0.06752573698759079,0.4771309792995453,0.5223901271820068,0.3312938456631993,0.9937247633934021,0.4127006697656382,0.49966709961507627,0.2
189,n02396427/ILSVRC2012_val_00045108,vit_supervised,vit_small_patch16_224,token_gradient,predicted,blocks.8,12,10,10,-0.18830518424510956,0.05419117584824562,0.23811322791293701,0.14336265543618248,0.32149288058280945,0.020568212494254112,0.782048761844635,0.6433213949203491,0.7144252232141434,-0.19937744736671448,0.03912069130669202,-0.00044446075351562905,0.2
190,n02396427/ILSVRC2012_val_00045758,vit_supervised,vit_small_patch16_224,token_gradient,predicted,blocks.8,12,12,12,-0.025009363889694214,0.2888000011444092,0.0058081810961051385,0.33957024793365975,0.09919492900371552,0.14158150553703308,0.14245550334453583,0.34047070145606995,0.20380261479587777,0.9693970680236816,0.09360978315305177,0.2230008900996005,0.2
191,n02396427/ILSVRC2012_val_00046391,vit_supervised,vit_small_patch16_224,token_gradient,predicted,blocks.8,12,7,7,0.6675384044647217,0.3361849784851074,3.480924533554901e-05,0.03677372789605313,0.1677386462688446,0.08732130378484726,0.26080963015556335,0.27051469683647156,0.37256855867339517,0.9969293475151062,0.27805792292830533,0.3923799779752657,0.2
176,n02342885/ILSVRC2012_val_00039968,vit_supervised,vit_small_patch16_224,token_gradient,predicted,blocks.11,11,0,0,0.0,0.0,0.5485083256241047,0.33378507653054573,0.35463592410087585,0.0,0.4218449592590332,0.0,0.33378507653054573,0.948126494884491,0.26468802064639513,0.36279232477133627,0.2
177,n02342885/ILSVRC2012_val_00044948,vit_supervised,vit_small_patch16_224,token_gradient,predicted,blocks.11,11,42,42,0.0,0.0,0.01877823795179839,0.23134566326526002,0.06434866786003113,0.0,0.12567217648029327,0.0,0.23134566326526002,0.9650481939315796,0.07503717036511752,0.20728820439400153,0.2
178,n02342885/ILSVRC2012_val_00047144,vit_supervised,vit_small_patch16_224,token_gradient,predicted,blocks.11,11,11,11,0.0,0.0,0.00924308356890727,0.4332549426019545,0.1598159670829773,0.0,0.2997093200683594,0.0,0.4332549426019545,0.995380163192749,0.13274940785125852,0.2599315310216278,0.2
179,n02396427/ILSVRC2012_val_00003223,vit_supervised,vit_small_patch16_224,token_gradient,predicted,blocks.11,12,12,12,0.0,0.0,0.10436297921769436,0.14102359693874741,0.12276856601238251,0.0,0.15366366505622864,0.0,0.14102359693874741,0.9918324947357178,0.07361597284693253,0.2101215182494681,0.2
180,n02396427/ILSVRC2012_val_00011042,vit_supervised,vit_small_patch16_224,token_gradient,predicted,blocks.11,12,12,12,0.0,0.0,0.07045977574300032,0.235710299744851,0.16257108747959137,0.0,0.2153874635696411,0.0,0.235710299744851,0.9911064505577087,0.09185102264635539,0.22520848645561914,0.2
181,n02396427/ILSVRC2012_val_00013411,vit_supervised,vit_small_patch16_224,token_gradient,predicted,blocks.11,12,10,10,0.0,0.0,0.18303783586174993,0.4449736926019522,0.26434773206710815,0.0,0.4841722249984741,0.0,0.4449736926019522,0.9836705327033997,0.1884034585391106,0.30455346202143546,0.2
182,n02396427/ILSVRC2012_val_00018260,vit_supervised,vit_small_patch16_224,token_gradient,predicted,blocks.11,12,12,12,0.0,0.0,0.2580213903742203,0.38137755102033216,0.2658982574939728,0.0,0.4578752815723419,0.0,0.38137755102033216,0.9947646856307983,0.19181968241836572,0.30906443819325785,0.2
183,n02396427/ILSVRC2012_val_00023062,vit_supervised,vit_small_patch16_224,token_gradient,predicted,blocks.11,12,12,12,0.0,0.0,0.12793531236149464,0.40884088010195935,0.13345861434936523,0.0,0.38163843750953674,0.0,0.40884088010195935,0.997951328754425,0.1610328577390362,0.28388674742902725,0.2
184,n02396427/ILSVRC2012_val_00028931,vit_supervised,vit_small_patch16_224,token_gradient,predicted,blocks.11,12,12,12,0.0,0.0,0.027519999999993713,0.6959303252549633,0.2817511260509491,0.0,0.6013271808624268,0.0,0.6959303252549633,0.9207697510719299,0.21703509757648712,0.3189780439745287,0.2
185,n02396427/ILSVRC2012_val_00034418,vit_supervised,vit_small_patch16_224,token_gradient,predicted,blocks.11,12,12,12,0.0,0.0,0.2001355229591438,0.9999999999998007,0.0,0.0,1.0,0.0,0.9999999999998007,0.9596960544586182,0.36004065688768333,0.4439882889085288,0.2
186,n02396427/ILSVRC2012_val_00038735,vit_supervised,vit_small_patch16_224,token_gradient,predicted,blocks.11,12,4,4,0.0,0.0,0.0013425822331612804,0.3350207270407496,0.15690840780735016,0.0,0.2281118631362915,0.0,0.3350207270407496,0.9831635355949402,0.10090899278217326,0.23156535765771874,0.2
187,n02396427/ILSVRC2012_val_00040119,vit_supervised,vit_small_patch16_224,token_gradient,predicted,blocks.11,12,12,12,0.0,0.0,0.1468757074937325,0.607680963010083,0.36963868141174316,0.0,0.6330195665359497,0.0,0.607680963010083,0.9565612077713013,0.22636700115114464,0.33212334879164906,0.2
188,n02396427/ILSVRC2012_val_00044402,vit_supervised,vit_small_patch16_224,token_gradient,predicted,blocks.11,12,12,12,0.0,0.0,0.5632440039872378,0.3312938456631993,0.3406802713871002,0.0,0.46575501561164856,0.0,0.3312938456631993,0.9782942533493042,0.26836135489513113,0.3703786004150049,0.2
189,n02396427/ILSVRC2012_val_00045108,vit_supervised,vit_small_patch16_224,token_gradient,predicted,blocks.11,12,10,10,0.0,0.0,0.233055630206871,0.7144252232141434,0.3088897466659546,0.0,0.7614778280258179,0.0,0.7144252232141434,0.8975021243095398,0.2842442560263043,0.37149553200168456,0.2
190,n02396427/ILSVRC2012_val_00045758,vit_supervised,vit_small_patch16_224,token_gradient,predicted,blocks.11,12,12,12,0.0,0.0,0.0049102271600015325,0.20380261479587777,0.1040836051106453,0.0,0.14993436634540558,0.0,0.20380261479587777,0.9832900166511536,0.06261385258676379,0.19967171298664288,0.2
191,n02396427/ILSVRC2012_val_00046391,vit_supervised,vit_small_patch16_224,token_gradient,predicted,blocks.11,12,7,7,0.0,0.0,0.00010440956391601837,0.37256855867339517,0.16963106393814087,0.0,0.27102959156036377,0.0,0.37256855867339517,0.9895326495170593,0.11180189047119335,0.2415981394868867,0.2
192,n02396427/ILSVRC2012_val_00046930,vit_supervised,vit_small_patch16_224,token_gradient,predicted,blocks.2,12,12,12,0.06525714695453644,0.11292111128568649,0.1748443846985082,0.2622291993719742,0.3895722031593323,0.07795864343643188,0.6219141483306885,0.7958152890205383,0.601223692601921,0.9855955839157104,0.15722493400295928,0.2799477350390649,0.2
193,n02396427/ILSVRC2012_val_00049830,vit_supervised,vit_small_patch16_224,token_gradient,predicted,blocks.2,12,12,12,0.25658395886421204,0.2464369237422943,0.5470400528166004,0.2958064516127669,0.4020979106426239,0.16246812045574188,0.4744151830673218,0.4925796389579773,0.36041135204074454,0.9914162755012512,0.355487534874495,0.44922845303500375,0.2
194,n02483362/ILSVRC2012_val_00004753,vit_supervised,vit_small_patch16_224,token_gradient,predicted,blocks.2,13,13,13,0.16447462141513824,0.1765306442975998,0.1886757750919105,0.18471087366431369,0.32634952664375305,0.06667881458997726,0.7118986248970032,0.6940168142318726,0.7015704719386358,0.9564128518104553,0.17780584319292253,0.29437470745592276,0.2
195,n02483362/ILSVRC2012_val_00006447,vit_supervised,vit_small_patch16_224,token_gradient,predicted,blocks.2,13,6,6,-0.02843785285949707,0.2527289092540741,0.10169702244044827,0.333308256535515,0.2709706127643585,0.13503962755203247,0.5066831111907959,0.6961470246315002,0.5064373405611236,0.9931808710098267,0.11912644254899014,0.24777520189464083,0.2
196,n02483362/ILSVRC2012_val_00006451,vit_supervised,vit_small_patch16_224,token_gradient,predicted,blocks.2,13,13,13,0.11735991388559341,0.25486627221107483,0.23982120299284818,0.22294642001336554,0.44665050506591797,0.13875746726989746,0.851129412651062,0.8950895071029663,0.8171436543365719,0.9882420897483826,0.18577425245610146,0.3050041890737685,0.2
197,n02483362/ILSVRC2012_val_00008017,vit_supervised,vit_small_patch16_224,token_gradient,predicted,blocks.2,13,13,13,0.1288665384054184,0.1755101978778839,0.10903228958035538,0.19789495898066478,0.25998058915138245,0.07256556302309036,0.6133765578269958,0.752264142036438,0.7049386160712882,0.9828019738197327,0.1436247899304734,0.26925539665511133,0.2
198,n02483362/ILSVRC2012_val_00009303,vit_supervised,vit_small_patch16_224,token_gradient,predicted,blocks.2,13,13,13,0.14090408384799957,0.36646321415901184,0.21096345514945616,0.2003506671227762,0.24516192078590393,0.1188250333070755,0.924757719039917,0.9218351244926453,0.9187260841834904,0.9755686521530151,0.17975587022086953,0.2984802577378102,0.2
199,n02483362/ILSVRC2012_val_00020978,vit_supervised,vit_small_patch16_224,token_gradient,predicted,blocks.2,13,13,13,0.18665631115436554,0.17409704625606537,0.04638454695638176,0.1765378295347742,0.10374555736780167,0.08481654524803162,0.12184204906225204,0.20751060545444489,0.12820870535711731,0.742863655090332,0.14153923740909302,0.23248985129036673,0.2
200,n02483362/ILSVRC2012_val_00025031,vit_supervised,vit_small_patch16_224,token_gradient,predicted,blocks.2,13,13,13,-0.10665415972471237,0.09390836954116821,0.1999960140305724,0.1999960140305724,0.0,0.0,1.0,1.0,0.9999999999998007,0.9755377173423767,0.07733594452845849,0.20899970871299337,0.2
201,n02483362/ILSVRC2012_val_00029738,vit_supervised,vit_small_patch16_224,token_gradient,predicted,blocks.2,13,13,13,0.3766491115093231,0.34444496035575867,0.3891074394611512,0.23619106892777642,0.17477372288703918,0.13131581246852875,0.21274584531784058,0.24511867761611938,0.11668925382650737,0.9830347895622253,0.3382491971204076,0.4356070345598288,0.2
202,n02483362/ILSVRC2012_val_00040852,vit_supervised,vit_small_patch16_224,token_gradient,predicted,blocks.2,13,13,13,0.14152881503105164,0.2869909107685089,0.07136934048312711,0.22790344041042393,0.13804417848587036,0.11440130323171616,0.1941467523574829,0.2973759174346924,0.18624441964282004,0.9611303210258484,0.14639336028048597,0.2685228286381331,0.2
203,n02483362/ILSVRC2012_val_00041756,vit_supervised,vit_small_patch16_224,token_gradient,predicted,blocks.2,13,13,13,-0.0314042903482914,0.053543295711278915,0.17026109593931493,0.18370508054518184,0.41117697954177856,0.028004104271531105,0.7228471040725708,0.7425796985626221,0.7138273278059802,0.9359591007232666,0.09362813680603246,0.21789390760771218,0.2
204,n02483362/ILSVRC2012_val_00042637,vit_supervised,vit_small_patch16_224,token_gradient,predicted,blocks.2,13,13,13,0.31770333647727966,0.16817210614681244,0.43862520458244625,0.41532870221262574,0.3036033809185028,0.09423628449440002,0.5260829925537109,0.676899254322052,0.413145727040734,0.987784206867218,0.38326750662943343,0.4728522754958986,0.2
205,n02483362/ILSVRC2012_val_00046137,vit_supervised,vit_small_patch16_224,token_gradient,predicted,blocks.2,13,13,13,0.16708987951278687,0.2709626853466034,0.20347379239461388,0.1692495107240945,0.3307006359100342,0.09479386359453201,0.9793845415115356,0.849734902381897,0.9668765943875625,0.9894374012947083,0.17865294274072727,0.30007789380335875,0.2
206,n02483362/ILSVRC2012_val_00048939,vit_supervised,vit_small_patch16_224,token_gradient,predicted,blocks.2,13,41,41,-0.24747774004936218,0.22291891276836395,0.5832491832488368,0.1044627688227305,0.401587575674057,0.10337487608194351,0.45383524894714355,0.3114079535007477,0.3312141262754442,0.9993771910667419,0.10732248960172532,0.23521735766062635,0.2
207,n02504458/ILSVRC2012_val_00002282,vit_supervised,vit_small_patch16_224,token_gradient,predicted,blocks.2,14,34,34,0.3506278097629547,0.38384321331977844,0.23486724152640873,0.2162798520012545,0.2596784830093384,0.1462840735912323,0.42865392565727234,0.4442741572856903,0.3765345982142107,0.996844470500946,0.27559525196348084,0.3850331773740919,0.2
192,n02396427/ILSVRC2012_val_00046930,vit_supervised,vit_small_patch16_224,token_gradient,predicted,blocks.5,12,12,12,0.1756318360567093,0.2110389620065689,0.1896898674241863,0.2595795344173138,0.38460108637809753,0.13118325173854828,0.6209204196929932,0.7504546046257019,0.601223692601921,0.987291693687439,0.20503355497513373,0.3218822471333391,0.2
193,n02396427/ILSVRC2012_val_00049830,vit_supervised,vit_small_patch16_224,token_gradient,predicted,blocks.5,12,12,12,-0.24781884253025055,0.28820568323135376,0.5543946932003568,0.16016833766548658,0.40368449687957764,0.13182051479816437,0.48850345611572266,0.3619843125343323,0.36041135204074454,0.9895963072776794,0.1152413722476528,0.24034360892252507,0.2
194,n02483362/ILSVRC2012_val_00004753,vit_supervised,vit_small_patch16_224,token_gradient,predicted,blocks.5,13,13,13,0.1394181251525879,0.19827954471111298,0.18775928162574498,0.20028654055339465,0.3772338032722473,0.09376417845487595,0.7144932746887207,0.7593914866447449,0.7015704719386358,0.9244272708892822,0.17218099671477705,0.284471889981583,0.2
195,n02483362/ILSVRC2012_val_00006447,vit_supervised,vit_small_patch16_224,token_gradient,predicted,blocks.5,13,6,6,-0.0009860873688012362,0.3788882791996002,0.12281035192748493,0.2081941509304628,0.29353418946266174,0.18908995389938354,0.5122004747390747,0.5690786242485046,0.5064373405611236,0.9957709908485413,0.09890691590986384,0.2317716437626877,0.2
196,n02483362/ILSVRC2012_val_00006451,vit_supervised,vit_small_patch16_224,token_gradient,predicted,blocks.5,13,13,13,0.09588334709405899,0.2528018653392792,0.24120822997221628,0.229013148388906,0.46927082538604736,0.1437305063009262,0.8488497138023376,0.8767797946929932,0.8171436543365719,0.9760753512382507,0.17941975234596025,0.2975258187589388,0.2
197,n02483362/ILSVRC2012_val_00008017,vit_supervised,vit_small_patch16_224,token_gradient,predicted,blocks.5,13,13,13,0.1816338300704956,0.19649815559387207,0.15106345222700052,0.15378360522433457,0.2387026846408844,0.06155126169323921,0.6403297185897827,0.6698644757270813,0.7049386160712882,0.9139536023139954,0.16410764926359878,0.27687664523460653,0.2
198,n02483362/ILSVRC2012_val_00009303,vit_supervised,vit_small_patch16_224,token_gradient,predicted,blocks.5,13,13,13,-0.061566852033138275,0.25317510962486267,0.21394896193767002,0.16523778880282208,0.23575876653194427,0.0733015313744545,0.9231079816818237,0.860670268535614,0.9187260841834904,0.9613531231880188,0.08912928440889231,0.21745125795172746,0.2
199,n02483362/ILSVRC2012_val_00020978,vit_supervised,vit_small_patch16_224,token_gradient,predicted,blocks.5,13,13,13,0.2410920262336731,0.19167906045913696,0.12647923934596997,0.17159931701752162,0.12313152104616165,0.08538679033517838,0.1423533409833908,0.1939200758934021,0.12820870535711731,0.83012855052948,0.18586037740251674,0.2834211308520804,0.2
200,n02483362/ILSVRC2012_val_00025031,vit_supervised,vit_small_patch16_224,token_gradient,predicted,blocks.5,13,13,13,0.04961094260215759,0.12795348465442657,0.1999960140305724,0.1999960140305724,0.0,0.0,1.0,1.0,0.9999999999998007,0.9837667346000671,0.13984198545920648,0.2649268471160514,0.2
201,n02483362/ILSVRC2012_val_00029738,vit_supervised,vit_small_patch16_224,token_gradient,predicted,blocks.5,13,13,13,0.325199693441391,0.3094942271709442,0.33037508372376895,0.20625521900842156,0.17274761199951172,0.12732093036174774,0.2000187635421753,0.22634713351726532,0.11668925382650737,0.9953805208206177,0.2910689681962136,0.3972845465106271,0.2
202,n02483362/ILSVRC2012_val_00040852,vit_supervised,vit_small_patch16_224,token_gradient,predicted,blocks.5,13,13,13,0.20530754327774048,0.2871055603027344,0.04909868456663828,0.28582802547751734,0.14254102110862732,0.13483171164989471,0.1927744597196579,0.3270159363746643,0.18624441964282004,0.9832831621170044,0.18260103032434288,0.30308179197579876,0.2
203,n02483362/ILSVRC2012_val_00041756,vit_supervised,vit_small_patch16_224,token_gradient,predicted,blocks.5,13,13,13,0.11018223315477371,0.09747979789972305,0.2158063575385838,0.15023203311171449,0.386700838804245,0.042607828974723816,0.7378115057945251,0.6990734338760376,0.7138273278059802,0.9486450552940369,0.15388441045699897,0.2723701375608509,0.2
204,n02483362/ILSVRC2012_val_00042637,vit_supervised,vit_small_patch16_224,token_gradient,predicted,blocks.5,13,13,13,0.33081263303756714,0.18295246362686157,0.4600417615791287,0.25771636482553545,0.34782031178474426,0.09340518712997437,0.5148864984512329,0.5412690043449402,0.413145727040734,0.981368362903595,0.34765249113642605,0.4424292075998537,0.2
205,n02483362/ILSVRC2012_val_00046137,vit_supervised,vit_small_patch16_224,token_gradient,predicted,blocks.5,13,13,13,0.20677097141742706,0.18684622645378113,0.20518309627216297,0.17462132611090891,0.3560608923435211,0.06699204444885254,0.9830953478813171,0.8591489195823669,0.9668765943875625,0.9893069267272949,0.19664971528189237,0.31571698460096165,0.2
206,n02483362/ILSVRC2012_val_00048939,vit_supervised,vit_small_patch16_224,token_gradient,predicted,blocks.5,13,41,41,-0.04793407768011093,0.153433158993721,0.4949800886193869,0.09102070884828885,0.38310420513153076,0.07169719785451889,0.43025654554367065,0.29320964217185974,0.3312141262754442,0.997812032699585,0.15662660816825835,0.27939507708381783,0.2
207,n02504458/ILSVRC2012_val_00002282,vit_supervised,vit_small_patch16_224,token_gradient,predicted,blocks.5,14,34,34,0.1323137879371643,0.29210904240608215,0.23360341151375966,0.2278959208793973,0.260916143655777,0.11926810443401337,0.42366182804107666,0.4551447629928589,0.3765345982142107,0.9972398281097412,0.19137531489281281,0.31127063309275793,0.2
192,n02396427/ILSVRC2012_val_00046930,vit_supervised,vit_small_patch16_224,token_gradient,predicted,blocks.8,12,12,12,0.10397793352603912,0.1817142814397812,0.18199459014460134,0.2773082544321417,0.38362208008766174,0.1167532205581665,0.619107723236084,0.769875168800354,0.601223692601921,0.9864053130149841,0.17938202678343856,0.29917878483054705,0.2
193,n02396427/ILSVRC2012_val_00049830,vit_supervised,vit_small_patch16_224,token_gradient,predicted,blocks.8,12,12,12,-0.29962772130966187,0.1812715381383896,0.5546525128542297,0.05310662522000932,0.3968851864337921,0.04775865748524666,0.48736053705215454,0.20824594795703888,0.36041135204074454,0.9930634498596191,0.06247665289840694,0.19602959953912097,0.2
194,n02483362/ILSVRC2012_val_00004753,vit_supervised,vit_small_patch16_224,token_gradient,predicted,blocks.8,13,13,13,-0.015369828790426254,0.20062857866287231,0.1912058978409186,0.19437623762371106,0.3825881779193878,0.10011729598045349,0.7237502336502075,0.7524213194847107,0.7015704719386358,0.9524198174476624,0.10952670912321838,0.23387906640665757,0.2
195,n02483362/ILSVRC2012_val_00006447,vit_supervised,vit_small_patch16_224,token_gradient,predicted,blocks.8,13,6,6,-0.23816648125648499,0.2986580431461334,0.12881755358105512,0.13667265264233688,0.29249846935272217,0.11274827271699905,0.514777660369873,0.4596911072731018,0.5064373405611236,0.9943069219589233,-0.015619530635576404,0.13216032140991676,0.2
196,n02483362/ILSVRC2012_val_00006451,vit_supervised,vit_small_patch16_224,token_gradient,predicted,blocks.8,13,13,13,0.117361880838871,0.13782064616680145,0.24220518437380015,0.2018934130889947,0.4382503926753998,0.06405424326658249,0.8511157035827637,0.8265116810798645,0.8171436543365719,0.9504848718643188,0.18017433157438684,0.29467403843895135,0.2
197,n02483362/ILSVRC2012_val_00008017,vit_supervised,vit_small_patch16_224,token_gradient,predicted,blocks.8,13,13,13,0.2032124102115631,0.3498689532279968,0.1724031087814887,0.11950491876029501,0.2357330620288849,0.09607566148042679,0.671294629573822,0.606971800327301,0.7049386160712882,0.9430907964706421,0.16885737234716036,0.2855649699300893,0.2
198,n02483362/ILSVRC2012_val_00009303,vit_supervised,vit_small_patch16_224,token_gradient,predicted,blocks.8,13,13,13,-0.006157043855637312,0.19926463067531586,0.2146582130568856,0.17344677648629203,0.23437829315662384,0.055614251643419266,0.9263278245925903,0.8918243050575256,0.9187260841834904,0.9628360271453857,0.11396867932069835,0.2392966861081292,0.2
199,n02483362/ILSVRC2012_val_00020978,vit_supervised,vit_small_patch16_224,token_gradient,predicted,blocks.8,13,13,13,0.16125626862049103,0.1769058108329773,0.14424680377977747,0.225936127447163,0.12743501365184784,0.10432678461074829,0.14851874113082886,0.2540396451950073,0.12820870535711731,0.8912333250045776,0.17555738681627853,0.28267042557459365,0.2
200,n02483362/ILSVRC2012_val_00025031,vit_supervised,vit_small_patch16_224,token_gradient,predicted,blocks.8,13,13,13,-0.1216936782002449,0.1616726964712143,0.1999960140305724,0.1999960140305724,0.0,0.0,1.0,1.0,0.9999999999998007,0.962186336517334,0.07132013713824548,0.20173317012280056,0.2
201,n02483362/ILSVRC2012_val_00029738,vit_supervised,vit_small_patch16_224,token_gradient,predicted,blocks.8,13,13,13,0.2550768256187439,0.24590858817100525,0.2714034245477105,0.27252342436111754,0.1496458351612091,0.1077980101108551,0.17980168759822845,0.23020629584789276,0.11668925382650737,0.9956881403923035,0.265208784920146,0.3746118222526129,0.2
202,n02483362/ILSVRC2012_val_00040852,vit_supervised,vit_small_patch16_224,token_gradient,predicted,blocks.8,13,13,13,0.24898171424865723,0.2949216365814209,0.04989436047453822,0.21879127098910836,0.14370518922805786,0.10798021405935287,0.1959572285413742,0.26299652457237244,0.18624441964282004,0.9861735701560974,0.18019837513855685,0.30224104337635627,0.2
203,n02483362/ILSVRC2012_val_00041756,vit_supervised,vit_small_patch16_224,token_gradient,predicted,blocks.8,13,13,13,0.14348937571048737,0.20792120695114136,0.2170289566578504,0.08826810338687294,0.4124744236469269,0.07173828780651093,0.7501108646392822,0.5468490719795227,0.7138273278059802,0.9675026535987854,0.14898486829761193,0.2716709445496692,0.2
204,n02483362/ILSVRC2012_val_00042637,vit_supervised,vit_small_patch16_224,token_gradient,predicted,blocks.8,13,13,13,0.29909437894821167,0.23641571402549744,0.45930177402501693,0.2701787704883076,0.32904285192489624,0.11749949306249619,0.5104172229766846,0.5522059798240662,0.413145727040734,0.9840567708015442,0.338481914933282,0.43466168438043684,0.2
205,n02483362/ILSVRC2012_val_00046137,vit_supervised,vit_small_patch16_224,token_gradient,predicted,blocks.8,13,13,13,0.4398907423019409,0.24665524065494537,0.20458800534920182,0.19734554898869153,0.35757359862327576,0.08974198251962662,0.9825776815414429,0.952088475227356,0.9668765943875625,0.9799476265907288,0.2965363632221444,0.4014372923787619,0.2
206,n02483362/ILSVRC2012_val_00048939,vit_supervised,vit_small_patch16_224,token_gradient,predicted,blocks.8,13,41,41,-0.1424599438905716,0.13617989420890808,0.41520654136114726,0.15962584294097906,0.3746807873249054,0.08554478734731674,0.42213478684425354,0.3836660385131836,0.3312141262754442,0.9958634972572327,0.11546573773440925,0.24322664030241642,0.2
207,n02504458/ILSVRC2012_val_00002282,vit_supervised,vit_small_patch16_224,token_gradient,predicted,blocks.8,14,34,34,0.0829971432685852,0.22676366567611694,0.24111892912294441,0.2319223234817171,0.26991161704063416,0.10645433515310287,0.4278450012207031,0.48513269424438477,0.3765345982142107,0.9956790208816528,0.17511123308883253,0.29666116642741813,0.2
192,n02396427/ILSVRC2012_val_00046930,vit_supervised,vit_small_patch16_224,token_gradient,predicted,blocks.11,12,12,12,0.0,0.0,0.1705342844663938,0.601223692601921,0.37765711545944214,0.0,0.6161063313484192,0.0,0.601223692601921,0.9809108376502991,0.23152739312049442,0.3400761199146235,0.2
193,n02396427/ILSVRC2012_val_00049830,vit_supervised,vit_small_patch16_224,token_gradient,predicted,blocks.11,12,12,12,0.0,0.0,0.5543946932003568,0.36041135204074454,0.3895755410194397,0.0,0.4769229292869568,0.0,0.36041135204074454,0.990959644317627,0.27444181357233044,0.3773454579579194,0.2
194,n02483362/ILSVRC2012_val_00004753,vit_supervised,vit_small_patch16_224,token_gradient,predicted,blocks.11,13,13,13,0.0,0.0,0.19712607176876334,0.7015704719386358,0.3834591209888458,0.0,0.7239629030227661,0.0,0.7015704719386358,0.9303971529006958,0.2696089631122197,0.36423370886195416,0.2
195,n02483362/ILSVRC2012_val_00006447,vit_supervised,vit_small_patch16_224,token_gradient,predicted,blocks.11,13,6,6,0.0,0.0,0.17184607246754435,0.5064373405611236,0.31850939989089966,0.0,0.5164040327072144,0.0,0.5064373405611236,0.9825426340103149,0.20348502390860035,0.3169522483587142,0.2
196,n02483362/ILSVRC2012_val_00006451,vit_supervised,vit_small_patch16_224,token_gradient,predicted,blocks.11,13,13,13,0.0,0.0,0.2414749233837035,0.8171436543365719,0.42922553420066833,0.0,0.8410747051239014,0.0,0.8171436543365719,0.9080799221992493,0.3175855733160826,0.40086663275995627,0.2
197,n02483362/ILSVRC2012_val_00008017,vit_supervised,vit_small_patch16_224,token_gradient,predicted,blocks.11,13,13,13,0.0,0.0,0.1779080626750602,0.7049386160712882,0.2492067813873291,0.0,0.6762728691101074,0.0,0.7049386160712882,0.29089900851249695,0.2648540036239045,0.2643465209634616,0.2
198,n02483362/ILSVRC2012_val_00009303,vit_supervised,vit_small_patch16_224,token_gradient,predicted,blocks.11,13,13,13,0.0,0.0,0.21281923965367483,0.9187260841834904,0.24637283384799957,0.0,0.9332292079925537,0.0,0.9187260841834904,0.8222697377204895,0.3394635971511496,0.40622679161736475,0.2
199,n02483362/ILSVRC2012_val_00020978,vit_supervised,vit_small_patch16_224,token_gradient,predicted,blocks.11,13,13,13,0.0,0.0,0.17159931701752162,0.12820870535711731,0.13345462083816528,0.0,0.1591489613056183,0.0,0.12820870535711731,0.9259108304977417,0.08994240671239168,0.213838630168321,0.2
200,n02483362/ILSVRC2012_val_00025031,vit_supervised,vit_small_patch16_224,token_gradient,predicted,blocks.11,13,13,13,0.0,0.0,0.20107222576526607,0.9999999999998007,0.0,0.0,1.0,0.0,0.9999999999998007,0.8617525696754456,0.36032166772952,0.42953094189258356,0.2
201,n02483362/ILSVRC2012_val_00029738,vit_supervised,vit_small_patch16_224,token_gradient,predicted,blocks.11,13,13,13,0.0,0.0,0.18220370508133157,0.11668925382650737,0.12315135449171066,0.0,0.1489400416612625,0.0,0.11668925382650737,0.9934831261634827,0.08966788767235168,0.22374570865148213,0.2
202,n02483362/ILSVRC2012_val_00040852,vit_supervised,vit_small_patch16_224,token_gradient,predicted,blocks.11,13,13,13,0.0,0.0,0.08729802513460093,0.18624441964282004,0.15834365785121918,0.0,0.20735740661621094,0.0,0.18624441964282004,0.9887183308601379,0.08206273343322629,0.21669336082337592,0.2
203,n02483362/ILSVRC2012_val_00041756,vit_supervised,vit_small_patch16_224,token_gradient,predicted,blocks.11,13,13,13,0.0,0.0,0.27501251320831016,0.7138273278059802,0.4122996926307678,0.0,0.7826421856880188,0.0,0.7138273278059802,0.9155487418174744,0.2966519523042871,0.3845422715261938,0.2
204,n02483362/ILSVRC2012_val_00042637,vit_supervised,vit_small_patch16_224,token_gradient,predicted,blocks.11,13,13,13,0.0,0.0,0.46034081739191135,0.413145727040734,0.33169373869895935,0.0,0.5036517977714539,0.0,0.413145727040734,0.9685060977935791,0.2620459633297936,0.36364755077719824,0.2
205,n02483362/ILSVRC2012_val_00046137,vit_supervised,vit_small_patch16_224,token_gradient,predicted,blocks.11,13,13,13,0.0,0.0,0.20649934058683514,0.9668765943875625,0.4052988588809967,0.0,0.985933244228363,0.0,0.9668765943875625,0.9387416243553162,0.35201278049231927,0.4341552273968968,0.2
206,n02483362/ILSVRC2012_val_00048939,vit_supervised,vit_small_patch16_224,token_gradient,predicted,blocks.11,13,41,41,0.0,0.0,0.08156143483197469,0.3312141262754442,0.30674847960472107,0.0,0.37341687083244324,0.0,0.3312141262754442,0.9826814532279968,0.12383266833222567,0.2505961082610543,0.2
207,n02504458/ILSVRC2012_val_00002282,vit_supervised,vit_small_patch16_224,token_gradient,predicted,blocks.11,14,34,34,0.0,0.0,0.27072260048307895,0.3765345982142107,0.28472232818603516,0.0,0.4352153539657593,0.0,0.3765345982142107,0.9937437772750854,0.1941771596091869,0.3108758662655853,0.2
208,n02504458/ILSVRC2012_val_00004013,vit_supervised,vit_small_patch16_224,token_gradient,predicted,blocks.2,14,14,14,0.048208970576524734,0.11303692311048508,0.2120443740094639,0.19924733430896943,0.5296355485916138,0.060297779738903046,0.9787347912788391,0.9205805659294128,0.9431800063773631,0.9896928071975708,0.1426711007261399,0.2681499878610276,0.2
209,n02504458/ILSVRC2012_val_00004990,vit_supervised,vit_small_patch16_224,token_gradient,predicted,blocks.2,14,13,13,0.2948741912841797,0.12380668520927429,0.1329044332670177,0.1590435844043563,0.3599775731563568,0.048426926136016846,0.7390322685241699,0.6841827034950256,0.7651267538263782,0.9660224914550781,0.2055340818150841,0.32109634508556806,0.2
210,n02504458/ILSVRC2012_val_00005109,vit_supervised,vit_small_patch16_224,token_gradient,predicted,blocks.2,14,14,14,-0.0354495570063591,0.1585351675748825,0.15879903829233602,0.2675048914262862,0.32942530512809753,0.09623050689697266,0.5501270294189453,0.7306588888168335,0.5875717474488625,0.9473825693130493,0.11371135611304302,0.23627602287438726,0.2
211,n02504458/ILSVRC2012_val_00010078,vit_supervised,vit_small_patch16_224,token_gradient,predicted,blocks.2,14,16,16,0.1791304498910904,0.2706775665283203,0.1472668275229659,0.2129662209709597,0.0895480066537857,0.1363980621099472,0.09396867454051971,0.17760927975177765,0.07481664540814836,0.9936580061912537,0.17972209450461385,0.3018026205140511,0.2
212,n02504458/ILSVRC2012_val_00015578,vit_supervised,vit_small_patch16_224,token_gradient,predicted,blocks.2,14,14,14,0.020976755768060684,0.1857309639453888,0.030920790387773518,0.3470238095235513,0.10185734927654266,0.13052216172218323,0.12189177423715591,0.30841729044914246,0.16081393494894755,0.9712239503860474,0.1217740822806217,0.24751160705455955,0.2
213,n02504458/ILSVRC2012_val_00016215,vit_supervised,vit_small_patch16_224,token_gradient,predicted,blocks.2,14,10,10,-0.13923494517803192,0.3155301511287689,0.058595128838657355,0.2792809262643027,0.06707458943128586,0.18110579252243042,0.14672668278217316,0.33743125200271606,0.21839126275505852,0.9995924830436707,0.04566883845967523,0.18567565541997944,0.2
214,n02504458/ILSVRC2012_val_00022907,vit_supervised,vit_small_patch16_224,token_gradient,predicted,blocks.2,14,35,35,0.16469675302505493,0.1498652696609497,0.20586263252730047,0.19636212451923993,0.3842194080352783,0.06265460699796677,0.9559001922607422,0.9522532820701599,0.9469866071426685,0.9350088834762573,0.1865461283239841,0.2984513853418429,0.2
215,n02504458/ILSVRC2012_val_00027908,vit_supervised,vit_small_patch16_224,token_gradient,predicted,blocks.2,14,14,14,0.46030333638191223,0.24946220219135284,0.1560366566209004,0.16683738398976725,0.16513636708259583,0.04892178997397423,0.5365315079689026,0.5416080951690674,0.5492067920917273,0.9876834154129028,0.2809835467359652,0.3899771901982716,0.2
216,n02504458/ILSVRC2012_val_00038578,vit_supervised,vit_small_patch16_224,token_gradient,predicted,blocks.2,14,14,14,-0.06996896117925644,0.2914479672908783,0.17360633172741066,0.2847590645109764,0.3479868471622467,0.17167003452777863,0.6391815543174744,0.7807683944702148,0.6156529017855916,0.8968703746795654,0.10952203439981353,0.2246327688487918,0.2
217,n02504458/ILSVRC2012_val_00041799,vit_supervised,vit_small_patch16_224,token_gradient,predicted,blocks.2,14,7,7,0.3559734523296356,0.17113828659057617,0.18221110100082702,0.4052782434695769,0.23570744693279266,0.1359042525291443,0.34952524304389954,0.6932278275489807,0.31788105867340605,0.9892711043357849,0.3186361842729754,0.41985371008334116,0.2
218,n02504458/ILSVRC2012_val_00048090,vit_supervised,vit_small_patch16_224,token_gradient,predicted,blocks.2,14,12,12,0.2820364832878113,0.1548709273338318,0.19396967608539145,0.21626649817459412,0.2768741250038147,0.0712575614452362,0.501293957233429,0.5945693254470825,0.4905532525509227,0.784613847732544,0.2358854455931202,0.3189638898756119,0.2
219,n02510455/ILSVRC2012_val_00006448,vit_supervised,vit_small_patch16_224,token_gradient,predicted,blocks.2,15,15,15,0.1966094970703125,0.3178471028804779,0.20211493502957592,0.20875246009178638,0.25708985328674316,0.10337681323289871,0.7167760133743286,0.7488164305686951,0.6813217474488439,0.9954736828804016,0.20190401736453367,0.32085122518701015,0.2
220,n02510455/ILSVRC2012_val_00006543,vit_supervised,vit_small_patch16_224,token_gradient,predicted,blocks.2,15,15,15,0.19012358784675598,0.30643752217292786,0.29291383421707196,0.29762457581700386,0.2426653653383255,0.1252257227897644,0.6253222227096558,0.7406743168830872,0.5239955357141813,0.9861607551574707,0.25321095814892514,0.3621019715285041,0.2
221,n02510455/ILSVRC2012_val_00007107,vit_supervised,vit_small_patch16_224,token_gradient,predicted,blocks.2,15,15,15,0.19762027263641357,0.37478289008140564,0.2628875549228718,0.29473350253797753,0.2629222869873047,0.15903013944625854,0.7381590604782104,0.8438666462898254,0.6133410395406941,0.9992303252220154,0.24633442629282024,0.35845690857125934,0.2
222,n02510455/ILSVRC2012_val_00008673,vit_supervised,vit_small_patch16_224,token_gradient,predicted,blocks.2,15,15,15,0.10435722768306732,0.4437098503112793,0.14923491566677566,0.3445750038148713,0.18046821653842926,0.20921242237091064,0.36674371361732483,0.5018304586410522,0.3268096301019757,0.9749102592468262,0.18988586691772102,0.30621404844650923,0.2
223,n02510455/ILSVRC2012_val_00012726,vit_supervised,vit_small_patch16_224,token_gradient,predicted,blocks.2,15,15,15,0.23115399479866028,0.24348582327365875,0.32002888465820256,0.22173952668827,0.3960544764995575,0.10352275520563126,0.7234106659889221,0.6562952995300293,0.6015027104590638,0.9852563738822937,0.2549921213234059,0.3641344570984933,0.2
208,n02504458/ILSVRC2012_val_00004013,vit_supervised,vit_small_patch16_224,token_gradient,predicted,blocks.5,14,14,14,0.39503324031829834,0.1887327879667282,0.2120443740094639,0.20948866631519042,0.5459884405136108,0.10238725692033768,0.9828270077705383,0.9612295627593994,0.9431800063773631,0.989647626876831,0.28447320822471567,0.39209203822409266,0.2
209,n02504458/ILSVRC2012_val_00004990,vit_supervised,vit_small_patch16_224,token_gradient,predicted,blocks.5,14,13,13,0.10217370092868805,0.04348520562052727,0.12188115371247032,0.1927586206896077,0.3780481517314911,0.022185876965522766,0.736656665802002,0.8336843848228455,0.7651267538263782,0.9774060845375061,0.13526141269209863,0.26103165160618624,0.2
210,n02504458/ILSVRC2012_val_00005109,vit_supervised,vit_small_patch16_224,token_gradient,predicted,blocks.5,14,14,14,0.044803593307733536,0.18016226589679718,0.1507236248215979,0.24903596940380268,0.3344102203845978,0.1116865947842598,0.5494029521942139,0.7311216592788696,0.5875717474488625,0.9504943490028381,0.1378493155907136,0.2581953085644826,0.2
211,n02504458/ILSVRC2012_val_00010078,vit_supervised,vit_small_patch16_224,token_gradient,predicted,blocks.5,14,16,16,0.06535645574331284,0.16840022802352905,0.0469212664186114,0.20554292708497504,0.07435740530490875,0.10993001610040665,0.07715123891830444,0.16380424797534943,0.07481664540814836,0.9899159073829651,0.10188184034840106,0.23447819399350084,0.2
212,n02504458/ILSVRC2012_val_00015578,vit_supervised,vit_small_patch16_224,token_gradient,predicted,blocks.5,14,14,14,-0.1447451114654541,0.20309215784072876,0.007400812420005898,0.23771108224500054,0.09117024391889572,0.1468738615512848,0.10809952020645142,0.2990448772907257,0.16081393494894755,0.945588231086731,0.015635523813320285,0.15245541931635231,0.2
213,n02504458/ILSVRC2012_val_00016215,vit_supervised,vit_small_patch16_224,token_gradient,predicted,blocks.5,14,10,10,-0.08943948894739151,0.24826586246490479,0.036077386240234884,0.3349230573570298,0.06214028224349022,0.16225561499595642,0.14086933434009552,0.4540908932685852,0.21839126275505852,0.9997894763946533,0.0755243375002228,0.21141471122692715,0.2
214,n02504458/ILSVRC2012_val_00022907,vit_supervised,vit_small_patch16_224,token_gradient,predicted,blocks.5,14,35,35,0.1232147216796875,0.13721881806850433,0.20738052280447125,0.20951200033621759,0.39083540439605713,0.05929864943027496,0.9597871899604797,0.9734137654304504,0.9469866071426685,0.9350435733795166,0.17435364561408165,0.2876048193799903,0.2
215,n02504458/ILSVRC2012_val_00027908,vit_supervised,vit_small_patch16_224,token_gradient,predicted,blocks.5,14,14,14,0.4459478259086609,0.3225395381450653,0.1407762570933934,0.17167435481854765,0.12028475105762482,0.05961911380290985,0.4610736668109894,0.5391630530357361,0.5492067920917273,0.9986454844474792,0.27211431393704666,0.38399121471313846,0.2
216,n02504458/ILSVRC2012_val_00038578,vit_supervised,vit_small_patch16_224,token_gradient,predicted,blocks.5,14,14,14,-0.16526968777179718,0.1755870282649994,0.18327695376870407,0.2774205630812543,0.35353660583496094,0.10090094059705734,0.6365923881530762,0.7606156468391418,0.6156529017855916,0.8871042132377625,0.07210137994626863,0.19039562047802494,0.2
217,n02504458/ILSVRC2012_val_00041799,vit_supervised,vit_small_patch16_224,token_gradient,predicted,blocks.5,14,7,7,0.26316606998443604,0.16731129586696625,0.17168620378711827,0.4279826344999571,0.23469163477420807,0.14388585090637207,0.34065526723861694,0.6878182291984558,0.31788105867340605,0.9896914958953857,0.28516707947989706,0.3904790584506293,0.2
218,n02504458/ILSVRC2012_val_00048090,vit_supervised,vit_small_patch16_224,token_gradient,predicted,blocks.5,14,12,12,0.2764204740524292,0.15327097475528717,0.20862983117057043,0.23653688305191228,0.30422869324684143,0.07226474583148956,0.5084862112998962,0.5734798908233643,0.4905532525509227,0.8222807049751282,0.2441182038877165,0.33138095022024017,0.2
219,n02510455/ILSVRC2012_val_00006448,vit_supervised,vit_small_patch16_224,token_gradient,predicted,blocks.5,15,15,15,0.34197789430618286,0.34144651889801025,0.19794657853383596,0.2929360856089431,0.24300430715084076,0.1402418315410614,0.7117248773574829,0.9023739099502563,0.6813217474488439,0.9919685125350952,0.2840559569653069,0.39120820592312305,0.2
220,n02510455/ILSVRC2012_val_00006543,vit_supervised,vit_small_patch16_224,token_gradient,predicted,blocks.5,15,15,15,0.19420014321804047,0.22920875251293182,0.32213568204967163,0.23949092397971902,0.32839614152908325,0.10252463817596436,0.6431158781051636,0.6798591017723083,0.5239955357141813,0.913579523563385,0.24616803909603338,0.34541363016816956,0.2
221,n02510455/ILSVRC2012_val_00007107,vit_supervised,vit_small_patch16_224,token_gradient,predicted,blocks.5,15,15,15,0.1663111299276352,0.26969781517982483,0.28305090074503,0.2853948155846529,0.33044326305389404,0.1282285749912262,0.7232915163040161,0.8077910542488098,0.6133410395406941,0.997063934803009,0.23705816686995895,0.3498799147775444,0.2
222,n02510455/ILSVRC2012_val_00008673,vit_supervised,vit_small_patch16_224,token_gradient,predicted,blocks.5,15,15,15,0.10960762947797775,0.29975640773773193,0.22921316964275054,0.3742136729917472,0.23500646650791168,0.14790211617946625,0.39753955602645874,0.5382827520370483,0.3268096301019757,0.8969297409057617,0.22487110458154042,0.32375884211178085,0.2
223,n02510455/ILSVRC2012_val_00012726,vit_supervised,vit_small_patch16_224,token_gradient,predicted,blocks.5,15,15,15,0.17127202451229095,0.3235935866832733,0.3224162309689512,0.18832914758452113,0.3864916265010834,0.11813930422067642,0.7465640902519226,0.6014284491539001,0.6015027104590638,0.9851386547088623,0.2217324233709581,0.33540235142399927,0.2
208,n02504458/ILSVRC2012_val_00004013,vit_supervised,vit_small_patch16_224,token_gradient,predicted,blocks.8,14,14,14,0.24245117604732513,0.19042885303497314,0.2120443740094639,0.20446002981748224,0.5481140613555908,0.10616183280944824,0.9832261800765991,0.953218400478363,0.9431800063773631,0.9861609935760498,0.22193179156701387,0.3369081616097078,0.2
209,n02504458/ILSVRC2012_val_00004990,vit_supervised,vit_small_patch16_224,token_gradient,predicted,blocks.8,14,13,13,0.16366396844387054,0.05246756970882416,0.13097295529914266,0.15267066552409964,0.38005930185317993,0.0243766400963068,0.7427430748939514,0.7719154953956604,0.7651267538263782,0.9829024076461792,0.1505586736245209,0.2756286553080921,0.2
210,n02504458/ILSVRC2012_val_00005109,vit_supervised,vit_small_patch16_224,token_gradient,predicted,blocks.8,14,14,14,0.08343638479709625,0.2553000748157501,0.16614040782596096,0.24459072155200007,0.33509019017219543,0.15073829889297485,0.5540211200714111,0.7197895050048828,0.5875717474488625,0.9472298622131348,0.1565938927322268,0.27396999635544417,0.2
211,n02504458/ILSVRC2012_val_00010078,vit_supervised,vit_small_patch16_224,token_gradient,predicted,blocks.8,14,16,16,0.5106455683708191,0.2045924812555313,0.00532225138523963,0.08737481271186233,0.06685889512300491,0.07037618011236191,0.06969498097896576,0.10132696479558945,0.07481664540814836,0.9858582019805908,0.23206734657745826,0.3497789452511508,0.2
212,n02504458/ILSVRC2012_val_00015578,vit_supervised,vit_small_patch16_224,token_gradient,predicted,blocks.8,14,14,14,-0.11766836792230606,0.23784196376800537,0.000995244940837667,0.25608825365971266,0.08264376223087311,0.15308265388011932,0.0978289544582367,0.2741454541683197,0.16081393494894755,0.9431989789009094,0.030057702411242664,0.16456679271246685,0.2
213,n02504458/ILSVRC2012_val_00016215,vit_supervised,vit_small_patch16_224,token_gradient,predicted,blocks.8,14,10,10,-0.1430456042289734,0.26287785172462463,0.041216149191528016,0.34821141866267535,0.06469297409057617,0.151783749461174,0.1437074989080429,0.432565838098526,0.21839126275505852,0.9997896552085876,0.059610028664671647,0.1972593787646983,0.2
214,n02504458/ILSVRC2012_val_00022907,vit_supervised,vit_small_patch16_224,token_gradient,predicted,blocks.8,14,35,35,0.12220501899719238,0.24048082530498505,0.20730453754007694,0.21040233873846712,0.36508291959762573,0.10108110308647156,0.9608386158943176,0.9807382822036743,0.9469866071426685,0.9315758347511292,0.17419407048244015,0.28693485093132276,0.2
215,n02504458/ILSVRC2012_val_00027908,vit_supervised,vit_small_patch16_224,token_gradient,predicted,blocks.8,14,14,14,0.6121655702590942,0.38284531235694885,0.15153928626124932,0.12500374083491697,0.1046951413154602,0.06726161390542984,0.4120682179927826,0.438181072473526,0.5492067920917273,0.9978334307670593,0.32782913623248755,0.43306872097978344,0.2
216,n02504458/ILSVRC2012_val_00038578,vit_supervised,vit_small_patch16_224,token_gradient,predicted,blocks.8,14,14,14,-0.1928659826517105,0.18523180484771729,0.19876977152894004,0.16931428571423734,0.3662447929382324,0.08162431418895721,0.6373693346977234,0.5898874402046204,0.6156529017855916,0.8866690993309021,0.03327882411226899,0.157518285282331,0.2
217,n02504458/ILSVRC2012_val_00041799,vit_supervised,vit_small_patch16_224,token_gradient,predicted,blocks.8,14,7,7,0.3861823081970215,0.24277853965759277,0.19399898910986813,0.37961242367911885,0.2526215612888336,0.1683068424463272,0.3539382219314575,0.5778196454048157,0.31788105867340605,0.9809417128562927,0.3265563471155047,0.42570791799464813,0.2
218,n02504458/ILSVRC2012_val_00048090,vit_supervised,vit_small_patch16_224,token_gradient,predicted,blocks.8,14,12,12,0.22686776518821716,0.1342765986919403,0.2636396790662788,0.15477420429923186,0.3275454640388489,0.05538339912891388,0.5136662125587463,0.46417665481567383,0.4905532525509227,0.8515305519104004,0.21627127108494004,0.31173677144381373,0.2
219,n02510455/ILSVRC2012_val_00006448,vit_supervised,vit_small_patch16_224,token_gradient,predicted,blocks.8,15,15,15,0.02825661189854145,0.2574746012687683,0.18988806371752506,0.2205967595019955,0.2406800091266632,0.09190370887517929,0.7068969011306763,0.7951849102973938,0.6813217474488439,0.9876481890678406,0.13444809172527275,0.26065824832954576,0.2
220,n02510455/ILSVRC2012_val_00006543,vit_supervised,vit_small_patch16_224,token_gradient,predicted,blocks.8,15,15,15,-0.19974207878112793,0.20059505105018616,0.11704122728806313,0.2176375946905485,0.28113648295402527,0.10417591035366058,0.5182191729545593,0.6329461336135864,0.5239955357141813,0.9497098922729492,0.0205068150811323,0.1562164617622005,0.2
221,n02510455/ILSVRC2012_val_00007107,vit_supervised,vit_small_patch16_224,token_gradient,predicted,blocks.8,15,15,15,0.27732208371162415,0.21894028782844543,0.28571878642755877,0.2619047619046809,0.3817257881164551,0.10882236808538437,0.6923714876174927,0.7465760707855225,0.6133410395406941,0.9915362000465393,0.27521589798432156,0.38269904638910923,0.2
222,n02510455/ILSVRC2012_val_00008673,vit_supervised,vit_small_patch16_224,token_gradient,predicted,blocks.8,15,15,15,-0.018014153465628624,0.2547292411327362,0.2870915907872196,0.193578975887206,0.253650963306427,0.09936035424470901,0.4078393578529358,0.3916776478290558,0.3268096301019757,0.8478959202766418,0.13699550861607623,0.24104707599713263,0.2
223,n02510455/ILSVRC2012_val_00012726,vit_supervised,vit_small_patch16_224,token_gradient,predicted,blocks.8,15,15,15,0.14536145329475403,0.2864818274974823,0.32905912290547307,0.15526701330034898,0.3950743079185486,0.09760048985481262,0.7800090312957764,0.5557756423950195,0.6015027104590638,0.9739101529121399,0.2034424221796482,0.3180445656414404,0.2
208,n02504458/ILSVRC2012_val_00004013,vit_supervised,vit_small_patch16_224,token_gradient,predicted,blocks.11,14,14,14,0.0,0.0,0.2120443740094639,0.9431800063773631,0.5293030142784119,0.0,0.979720413684845,0.0,0.9431800063773631,0.9901713132858276,0.3465673141160481,0.43733179208958084,0.2
209,n02504458/ILSVRC2012_val_00004990,vit_supervised,vit_small_patch16_224,token_gradient,predicted,blocks.11,14,13,13,0.0,0.0,0.11334375574762891,0.7651267538263782,0.3662970960140228,0.0,0.7349558472633362,0.0,0.7651267538263782,0.9877124428749084,0.2635411528722021,0.36777449382473804,0.2
210,n02504458/ILSVRC2012_val_00005109,vit_supervised,vit_small_patch16_224,token_gradient,predicted,blocks.11,14,14,14,0.0,0.0,0.14565274113584042,0.5875717474488625,0.30509600043296814,0.0,0.547961413860321,0.0,0.5875717474488625,0.8839197754859924,0.21996734657541087,0.31589408846907463,0.2
211,n02504458/ILSVRC2012_val_00010078,vit_supervised,vit_small_patch16_224,token_gradient,predicted,blocks.11,14,16,16,0.0,0.0,0.004223095966212157,0.07481664540814836,0.05875834822654724,0.0,0.06199399754405022,0.0,0.07481664540814836,0.9809865951538086,0.023711922412308156,0.16690792461666143,0.2
212,n02504458/ILSVRC2012_val_00015578,vit_supervised,vit_small_patch16_224,token_gradient,predicted,blocks.11,14,14,14,0.0,0.0,0.0002209334437999332,0.16081393494894755,0.07491924613714218,0.0,0.08873309940099716,0.0,0.16081393494894755,0.9803906679153442,0.04831046051782424,0.1873173172854885,0.2
213,n02504458/ILSVRC2012_val_00016215,vit_supervised,vit_small_patch16_224,token_gradient,predicted,blocks.11,14,10,10,0.0,0.0,0.020464709313620228,0.21839126275505852,0.06376791000366211,0.0,0.14018547534942627,0.0,0.21839126275505852,0.9994497299194336,0.07165679162060362,0.20963145250508475,0.2
214,n02504458/ILSVRC2012_val_00022907,vit_supervised,vit_small_patch16_224,token_gradient,predicted,blocks.11,14,35,35,0.0,0.0,0.20834383135966064,0.9469866071426685,0.3535041809082031,0.0,0.9633404612541199,0.0,0.9469866071426685,0.9042673110961914,0.3465991315506987,0.424472706290011,0.2
215,n02504458/ILSVRC2012_val_00027908,vit_supervised,vit_small_patch16_224,token_gradient,predicted,blocks.11,14,14,14,0.0,0.0,0.16247139588095663,0.5492067920917273,0.20181092619895935,0.0,0.5035897493362427,0.0,0.5492067920917273,0.9893746376037598,0.21350345639180518,0.3263257426337349,0.2
216,n02504458/ILSVRC2012_val_00038578,vit_supervised,vit_small_patch16_224,token_gradient,predicted,blocks.11,14,14,14,0.0,0.0,0.261357332182623,0.6156529017855916,0.4195421636104584,0.0,0.61985182762146,0.0,0.6156529017855916,0.8870051503181458,0.2631030701904644,0.3523033310397755,0.2
217,n02504458/ILSVRC2012_val_00041799,vit_supervised,vit_small_patch16_224,token_gradient,predicted,blocks.11,14,7,7,0.0,0.0,0.2856718780920811,0.31788105867340605,0.26199430227279663,0.0,0.390307754278183,0.0,0.31788105867340605,0.9805920720100403,0.18106588102964616,0.2979770449928778,0.2
218,n02504458/ILSVRC2012_val_00048090,vit_supervised,vit_small_patch16_224,token_gradient,predicted,blocks.11,14,12,12,0.0,0.0,0.28534332455381334,0.4905532525509227,0.3512361943721771,0.0,0.5398982763290405,0.0,0.4905532525509227,0.9021621942520142,0.2327689731314208,0.3292984734139861,0.2
219,n02510455/ILSVRC2012_val_00006448,vit_supervised,vit_small_patch16_224,token_gradient,predicted,blocks.11,15,15,15,0.0,0.0,0.23598300631666502,0.6813217474488439,0.3806772530078888,0.0,0.7666202187538147,0.0,0.6813217474488439,0.9815741181373596,0.27519142612965264,0.37656230616198116,0.2
220,n02510455/ILSVRC2012_val_00006543,vit_supervised,vit_small_patch16_224,token_gradient,predicted,blocks.11,15,15,15,0.0,0.0,0.16045872731914118,0.5239955357141813,0.330142080783844,0.0,0.5077440142631531,0.0,0.5239955357141813,0.9609853625297546,0.20533627890999676,0.3152613701377939,0.2
221,n02510455/ILSVRC2012_val_00007107,vit_supervised,vit_small_patch16_224,token_gradient,predicted,blocks.11,15,15,15,0.0,0.0,0.2754320717566411,0.6133410395406941,0.3790806531906128,0.0,0.6502669453620911,0.0,0.6133410395406941,0.9022838473320007,0.26663193338920055,0.35753585492413387,0.2
222,n02510455/ILSVRC2012_val_00008673,vit_supervised,vit_small_patch16_224,token_gradient,predicted,blocks.11,15,15,15,0.0,0.0,0.2956082736985121,0.3268096301019757,0.2580883502960205,0.0,0.4031837284564972,0.0,0.3268096301019757,0.8598214387893677,0.18672537114014637,0.2845776917685271,0.2
223,n02510455/ILSVRC2012_val_00012726,vit_supervised,vit_small_patch16_224,token_gradient,predicted,blocks.11,15,15,15,0.0,0.0,0.13046655424392062,0.6015027104590638,0.33099228143692017,0.0,0.5871828198432922,0.0,0.6015027104590638,0.19278499484062195,0.2195907794108953,0.21191006540183938,0.2
224,n02510455/ILSVRC2012_val_00021267,vit_supervised,vit_small_patch16_224,token_gradient,predicted,blocks.2,15,15,15,0.12990207970142365,0.15079061686992645,0.16534759948151964,0.24532916838561758,0.3464790880680084,0.08306978642940521,0.6388344168663025,0.7973694205284119,0.6422193877549741,0.9807266592979431,0.17516386224071062,0.29524391875697403,0.2
225,n02510455/ILSVRC2012_val_00021488,vit_supervised,vit_small_patch16_224,token_gradient,predicted,blocks.2,15,15,15,0.10593926906585693,0.329712837934494,0.27625017411888114,0.2692488848252378,0.39791905879974365,0.18329483270645142,0.8062354326248169,0.8804664611816406,0.7130102040814906,0.9971648454666138,0.20602542530957846,0.3230282357290717,0.2
226,n02510455/ILSVRC2012_val_00022314,vit_supervised,vit_small_patch16_224,token_gradient,predicted,blocks.2,15,15,15,0.3358500301837921,0.32838869094848633,0.20060772044855354,0.20060772044855354,0.3509409427642822,0.12246482819318771,0.9973458647727966,0.9979907870292664,0.9969507334181688,0.997483491897583,0.25470464434264894,0.3674738945732414,0.2
227,n02510455/ILSVRC2012_val_00022427,vit_supervised,vit_small_patch16_224,token_gradient,predicted,blocks.2,15,26,26,0.008411545306444168,0.1282150149345398,0.2428413543654366,0.2684577522558557,0.2631146311759949,0.055967751890420914,0.5749842524528503,0.7036332488059998,0.5396006058672395,0.9978463649749756,0.15675435010896538,0.2804457722588249,0.2
228,n02510455/ILSVRC2012_val_00023272,vit_supervised,vit_small_patch16_224,token_gradient,predicted,blocks.2,15,4,4,0.20358653366565704,0.12892086803913116,0.20139936063690989,0.20183430881550277,0.48738011717796326,0.0644146129488945,0.9919561743736267,0.9954810738563538,0.9908920599487822,0.9744894504547119,0.2024047143019866,0.3182371217142899,0.2
229,n02510455/ILSVRC2012_val_00025542,vit_supervised,vit_small_patch16_224,token_gradient,predicted,blocks.2,15,15,15,-0.07153534889221191,0.1948583871126175,0.2698128559803988,0.1674438321322177,0.3973972499370575,0.07777660340070724,0.8479782342910767,0.6782567501068115,0.7330795599488336,0.9964649677276611,0.10256286687690017,0.23374654507502912,0.2
230,n02510455/ILSVRC2012_val_00027510,vit_supervised,vit_small_patch16_224,token_gradient,predicted,blocks.2,15,1,1,-0.04739180579781532,0.2649174928665161,0.6254646212065786,0.24389739346284448,0.3228021562099457,0.14324374496936798,0.4418972134590149,0.4078403413295746,0.2793566645407607,0.9967309236526489,0.2418518820817008,0.35026301018601774,0.2
231,n02510455/ILSVRC2012_val_00034983,vit_supervised,vit_small_patch16_224,token_gradient,predicted,blocks.2,15,15,15,0.028961507603526115,0.38358139991760254,0.09247912632144116,0.272962675248669,0.20367838442325592,0.19065314531326294,0.4507797360420227,0.6216846704483032,0.4858298788264338,0.9977307319641113,0.12121714351244349,0.25115658784837835,0.2
232,n02510455/ILSVRC2012_val_00042787,vit_supervised,vit_small_patch16_224,token_gradient,predicted,blocks.2,15,15,15,-0.010510316118597984,0.32330045104026794,0.27507799943260136,0.40491692275618263,0.2276856005191803,0.17097942531108856,0.44621410965919495,0.567477822303772,0.33757174744891233,0.9967157244682312,0.199794350209196,0.3158274785759214,0.2
233,n02510455/ILSVRC2012_val_00044876,vit_supervised,vit_small_patch16_224,token_gradient,predicted,blocks.2,15,15,15,0.2956063747406006,0.3997039198875427,0.31580614507433774,0.2863468863220245,0.4755806624889374,0.20037338137626648,0.8551856279373169,0.7240787148475647,0.6278898278059973,0.8782029747962952,0.2988884593151489,0.38573093522774504,0.2
234,n02510455/ILSVRC2012_val_00045697,vit_supervised,vit_small_patch16_224,token_gradient,predicted,blocks.2,15,15,15,-0.008173774927854538,0.209798201918602,0.13272947401458843,0.21368342662209297,0.315939337015152,0.09121666848659515,0.761976420879364,0.8409838676452637,0.8068997130100433,0.6958975791931152,0.1006543602198626,0.18812704081338855,0.2
235,n02690373/ILSVRC2012_val_00008292,vit_supervised,vit_small_patch16_224,token_gradient,predicted,blocks.2,16,20,20,-0.330903559923172,0.11166412383317947,7.628346937212885e-05,0.18620439938427968,0.036025211215019226,0.09926935285329819,0.03916436433792114,0.1857036054134369,0.061164700255089854,0.9917230606079102,-0.07647721911317328,0.07951238383148927,0.2
236,n02690373/ILSVRC2012_val_00010597,vit_supervised,vit_small_patch16_224,token_gradient,predicted,blocks.2,16,16,16,0.3692997097969055,0.28079089522361755,0.8346573064836184,0.4034765404180303,0.31256455183029175,0.19236868619918823,0.4158678352832794,0.49220705032348633,0.19585060586730793,0.9947122931480408,0.5191600379892568,0.5879952041265352,0.2
237,n02690373/ILSVRC2012_val_00016995,vit_supervised,vit_small_patch16_224,token_gradient,predicted,blocks.2,16,16,16,0.27857688069343567,0.2983483076095581,0.61824877250367,0.4926405837209129,0.3209960162639618,0.14758870005607605,0.4644578695297241,0.46206244826316833,0.2729392538264762,0.9908873438835144,0.4446975591447492,0.5238573488813754,0.2
238,n02690373/ILSVRC2012_val_00018616,vit_supervised,vit_small_patch16_224,token_gradient,predicted,blocks.2,16,16,16,0.20004510879516602,0.3268169164657593,0.3120604131188924,0.5397046046911036,0.18054258823394775,0.19118312001228333,0.25845590233802795,0.413921058177948,0.15320073341833682,0.9891297221183777,0.3355475488610652,0.4313265008485637,0.2
239,n02690373/ILSVRC2012_val_00026189,vit_supervised,vit_small_patch16_224,token_gradient,predicted,blocks.2,16,16,16,0.41739916801452637,0.3751052916049957,0.30302134889539556,0.21122021561476945,0.1544228047132492,0.12111012637615204,0.2047124207019806,0.2522323429584503,0.1515465561224188,0.9842082262039185,0.32123213655886007,0.4222813338632132,0.2
224,n02510455/ILSVRC2012_val_00021267,vit_supervised,vit_small_patch16_224,token_gradient,predicted,blocks.5,15,15,15,0.15723758935928345,0.10045066475868225,0.18615095292890613,0.25137696180034014,0.35888221859931946,0.05863434448838234,0.6471766233444214,0.8329314589500427,0.6422193877549741,0.9800562262535095,0.19415341016248727,0.3114235688960872,0.2
225,n02510455/ILSVRC2012_val_00021488,vit_supervised,vit_small_patch16_224,token_gradient,predicted,blocks.5,15,15,15,0.04419320821762085,0.3392871916294098,0.27639241035349355,0.2643795539853543,0.379666805267334,0.18861597776412964,0.801321268081665,0.8772278428077698,0.7130102040814906,0.9957422018051147,0.1799088725887027,0.30002194423164646,0.2
226,n02510455/ILSVRC2012_val_00022314,vit_supervised,vit_small_patch16_224,token_gradient,predicted,blocks.5,15,15,15,0.34224188327789307,0.39747124910354614,0.20060772044855354,0.20053572142481899,0.3378365635871887,0.1538098156452179,0.9972750544548035,0.997543454170227,0.9969507334181688,0.996418833732605,0.257239785873169,0.3695333446754965,0.2
227,n02510455/ILSVRC2012_val_00022427,vit_supervised,vit_small_patch16_224,token_gradient,predicted,blocks.5,15,26,26,-0.07741992920637131,0.19948136806488037,0.3361898246497187,0.23852751727122165,0.33067989349365234,0.10368803888559341,0.5621753334999084,0.6494312882423401,0.5396006058672395,0.999826192855835,0.14144723089373357,0.2665562891863804,0.2
228,n02510455/ILSVRC2012_val_00023272,vit_supervised,vit_small_patch16_224,token_gradient,predicted,blocks.5,15,4,4,0.2217007875442505,0.1133749857544899,0.20171345828971893,0.20183430881550277,0.49990326166152954,0.05802193656563759,0.9923733472824097,0.996182382106781,0.9908920599487822,0.9699583053588867,0.20974464514926672,0.3239759632206261,0.2
229,n02510455/ILSVRC2012_val_00025542,vit_supervised,vit_small_patch16_224,token_gradient,predicted,blocks.5,15,15,15,-0.12033242732286453,0.1895556002855301,0.27167535853969155,0.1457833684107127,0.4138890206813812,0.07255759835243225,0.857594907283783,0.6442646980285645,0.7330795599488336,0.9968001842498779,0.07710464715597545,0.21176835981208014,0.2
230,n02510455/ILSVRC2012_val_00027510,vit_supervised,vit_small_patch16_224,token_gradient,predicted,blocks.5,15,1,1,0.15115168690681458,0.347512423992157,0.6233801295892121,0.22522155444625383,0.32480350136756897,0.12638971209526062,0.4461025595664978,0.32239776849746704,0.2793566645407607,0.9967851638793945,0.3150411799733656,0.4145712860081608,0.2
231,n02510455/ILSVRC2012_val_00034983,vit_supervised,vit_small_patch16_224,token_gradient,predicted,blocks.5,15,15,15,-0.22927507758140564,0.2225027084350586,0.09956543967276982,0.366857324435825,0.24529297649860382,0.18839041888713837,0.4804122745990753,0.7587997317314148,0.4858298788264338,0.9964074492454529,0.048216798200016196,0.18582053126047465,0.2
232,n02510455/ILSVRC2012_val_00042787,vit_supervised,vit_small_patch16_224,token_gradient,predicted,blocks.5,15,15,15,-0.039465125650167465,0.22349415719509125,0.29609341213766943,0.37715715306832576,0.2444179803133011,0.12057749181985855,0.4377496540546417,0.5843152403831482,0.33757174744891233,0.994122326374054,0.18618911930173154,0.30361819628004827,0.2
233,n02510455/ILSVRC2012_val_00044876,vit_supervised,vit_small_patch16_224,token_gradient,predicted,blocks.5,15,15,15,0.27545297145843506,0.34035658836364746,0.3102860927986909,0.30113387207908876,0.3075523376464844,0.14913174510002136,0.7038484215736389,0.8025968074798584,0.6278898278059973,0.9730494022369385,0.2936071780467079,0.39522094156543797,0.2
234,n02510455/ILSVRC2012_val_00045697,vit_supervised,vit_small_patch16_224,token_gradient,predicted,blocks.5,15,15,15,-0.028838559985160828,0.13479173183441162,0.15677160847162983,0.1996770593402988,0.3884958028793335,0.06805909425020218,0.792238175868988,0.8582760691642761,0.8068997130100433,0.8150495290756226,0.09539917634951425,0.20127610031951926,0.2
235,n02690373/ILSVRC2012_val_00008292,vit_supervised,vit_small_patch16_224,token_gradient,predicted,blocks.5,16,20,20,-0.13336482644081116,0.18791554868221283,0.0,0.08620689655165267,0.034081924706697464,0.06578876078128815,0.036867059767246246,0.09784702956676483,0.061164700255089854,0.9930752515792847,-0.027483861610828667,0.12383532262052195,0.2
236,n02690373/ILSVRC2012_val_00010597,vit_supervised,vit_small_patch16_224,token_gradient,predicted,blocks.5,16,16,16,0.29412198066711426,0.24892182648181915,0.8460823496599627,0.3788267962510386,0.31397533416748047,0.1356918066740036,0.41058453917503357,0.41093307733535767,0.19585060586730793,0.990373969078064,0.4851215360401461,0.5577260750729498,0.2
237,n02690373/ILSVRC2012_val_00016995,vit_supervised,vit_small_patch16_224,token_gradient,predicted,blocks.5,16,16,16,0.04489857703447342,0.27036261558532715,0.5730858468673695,0.27143163309029605,0.3013768196105957,0.15811188519001007,0.4699805974960327,0.4623827040195465,0.2729392538264762,0.993460476398468,0.27131467480108906,0.37586294341125226,0.2
238,n02690373/ILSVRC2012_val_00018616,vit_supervised,vit_small_patch16_224,token_gradient,predicted,blocks.5,16,16,16,0.30812540650367737,0.22568698227405548,0.48326079678566847,0.27707717806422344,0.23704905807971954,0.12269303947687149,0.27855756878852844,0.3185173571109772,0.15320073341833682,0.9902290105819702,0.3513515550564385,0.4464627375760556,0.2
239,n02690373/ILSVRC2012_val_00026189,vit_supervised,vit_small_patch16_224,token_gradient,predicted,blocks.5,16,16,16,0.21602949500083923,0.3014070987701416,0.3281379414198267,0.07877194055404638,0.16186600923538208,0.06882403790950775,0.21034838259220123,0.16515761613845825,0.1515465561224188,0.9571393132209778,0.20848476259249762,0.32090869072690864,0.2
224,n02510455/ILSVRC2012_val_00021267,vit_supervised,vit_small_patch16_224,token_gradient,predicted,blocks.8,15,15,15,0.18042802810668945,0.10791870206594467,0.17670481441255906,0.263159467941933,0.3348962366580963,0.058272067457437515,0.6479213833808899,0.838162362575531,0.6422193877549741,0.9731093049049377,0.2041304959490234,0.319082276161705,0.2
225,n02510455/ILSVRC2012_val_00021488,vit_supervised,vit_small_patch16_224,token_gradient,predicted,blocks.8,15,15,15,-0.33529433608055115,0.28354716300964355,0.2726691854649759,0.2595128120531564,0.3492383658885956,0.21152442693710327,0.7431004047393799,0.889068603515625,0.7130102040814906,0.9886040687561035,0.025536864823219235,0.16398309206475573,0.2
226,n02510455/ILSVRC2012_val_00022314,vit_supervised,vit_small_patch16_224,token_gradient,predicted,blocks.8,15,15,15,0.4511611759662628,0.350284606218338,0.2006277112527836,0.20060772044855354,0.3289051651954651,0.12195510417222977,0.9974832534790039,0.9991986751556396,0.9969507334181688,0.9823063611984253,0.30083509989690627,0.40556122369329006,0.2
227,n02510455/ILSVRC2012_val_00022427,vit_supervised,vit_small_patch16_224,token_gradient,predicted,blocks.8,15,26,26,0.0662059411406517,0.4181898832321167,0.340679190751322,0.11725923472916963,0.31672096252441406,0.1445101946592331,0.5565220713615417,0.4781052768230438,0.5396006058672395,0.9998902082443237,0.1638639041004082,0.28764021700599957,0.2
228,n02510455/ILSVRC2012_val_00023272,vit_supervised,vit_small_patch16_224,token_gradient,predicted,blocks.8,15,4,4,0.0041046361438930035,0.11687349528074265,0.2009888652168266,0.20183430881550277,0.5360629558563232,0.06516854465007782,0.9923859238624573,0.9940539002418518,0.9908920599487822,0.9575198888778687,0.122488806667256,0.2457703994901252,0.2
229,n02510455/ILSVRC2012_val_00025542,vit_supervised,vit_small_patch16_224,token_gradient,predicted,blocks.8,15,15,15,0.07907918840646744,0.2400999218225479,0.2701918120404053,0.1532663316582537,0.40652984380722046,0.09277147799730301,0.8518772125244141,0.6925508379936218,0.7330795599488336,0.9957898259162903,0.15866911847218468,0.28291072575437193,0.2
230,n02510455/ILSVRC2012_val_00027510,vit_supervised,vit_small_patch16_224,token_gradient,predicted,blocks.8,15,1,1,0.07460245490074158,0.22952905297279358,0.346545739558646,0.08518317993138189,0.29671066999435425,0.07317567616701126,0.36821049451828003,0.23567934334278107,0.2793566645407607,0.9894419312477112,0.159359657807305,0.2824593787749232,0.2
231,n02510455/ILSVRC2012_val_00034983,vit_supervised,vit_small_patch16_224,token_gradient,predicted,blocks.8,15,15,15,-0.29669085144996643,0.12790492177009583,0.1287804238010468,0.30279397289304805,0.27159637212753296,0.13261674344539642,0.5043851733207703,0.7730299830436707,0.4858298788264338,0.9863592386245728,0.010795978428241856,0.1520056869597214,0.2
232,n02510455/ILSVRC2012_val_00042787,vit_supervised,vit_small_patch16_224,token_gradient,predicted,blocks.8,15,15,15,-0.023468786850571632,0.30019569396972656,0.2861434293342141,0.14915644171772785,0.23787447810173035,0.08765088021755219,0.4338591694831848,0.37271925806999207,0.33757174744891233,0.99310702085495,0.12120244657535392,0.2495769454935279,0.2
233,n02510455/ILSVRC2012_val_00044876,vit_supervised,vit_small_patch16_224,token_gradient,predicted,blocks.8,15,15,15,-0.09489338845014572,0.27474820613861084,0.048857467491466015,0.24505454981409752,0.19803404808044434,0.12025967240333557,0.5079609155654907,0.7431315779685974,0.6278898278059973,0.4531937837600708,0.05021624981161077,0.1082443859328505,0.2
234,n02510455/ILSVRC2012_val_00045697,vit_supervised,vit_small_patch16_224,token_gradient,predicted,blocks.8,15,15,15,-0.23060716688632965,0.16123121976852417,0.15241788321164407,0.17509302325577325,0.3599373400211334,0.08053209632635117,0.7870721817016602,0.8115742206573486,0.8068997130100433,0.7619814276695251,0.006010405185693332,0.11546243235706771,0.2
235,n02690373/ILSVRC2012_val_00008292,vit_supervised,vit_small_patch16_224,token_gradient,predicted,blocks.8,16,20,20,-0.12823107838630676,0.13813135027885437,0.0,0.06814476687311041,0.03621036931872368,0.048623569309711456,0.03881312906742096,0.08212234079837799,0.061164700255089854,0.99332195520401,-0.030849001292589585,0.12115360756367173,0.2
236,n02690373/ILSVRC2012_val_00010597,vit_supervised,vit_small_patch16_224,token_gradient,predicted,blocks.8,16,16,16,0.11706433445215225,0.3096214830875397,0.8406079140016304,0.23377429973279062,0.32270535826683044,0.08334982395172119,0.40716615319252014,0.23215261101722717,0.19585060586730793,0.9949424862861633,0.3691403979011872,0.458809443434783,0.2
237,n02690373/ILSVRC2012_val_00016995,vit_supervised,vit_small_patch16_224,token_gradient,predicted,blocks.8,16,16,16,0.058170948177576065,0.29957735538482666,0.5724604068646395,0.2570187519863031,0.30738750100135803,0.10875098407268524,0.4528129994869232,0.32187944650650024,0.2729392538264762,0.9915263056755066,0.2721121269263132,0.37645856742621325,0.2
238,n02690373/ILSVRC2012_val_00018616,vit_supervised,vit_small_patch16_224,token_gradient,predicted,blocks.8,16,16,16,0.470874547958374,0.1728128343820572,0.5386351797182335,0.3556677374939914,0.24718326330184937,0.10900327563285828,0.2874228358268738,0.3477354347705841,0.15320073341833682,0.9905800819396973,0.45664069434701704,0.5369688333794417,0.2
239,n02690373/ILSVRC2012_val_00026189,vit_supervised,vit_small_patch16_224,token_gradient,predicted,blocks.8,16,16,16,0.08180957287549973,0.41501474380493164,0.2283804484053555,0.002215909090907832,0.14998528361320496,0.04116741195321083,0.19199758768081665,0.07574556022882462,0.1515465561224188,0.9435160756111145,0.10190273639907889,0.2278098512221579,0.2
224,n02510455/ILSVRC2012_val_00021267,vit_supervised,vit_small_patch16_224,token_gradient,predicted,blocks.11,15,15,15,0.0,0.0,0.12964794568148585,0.6422193877549741,0.32133519649505615,0.0,0.6346137523651123,0.0,0.6422193877549741,0.9538098573684692,0.231560200030938,0.3360383119643854,0.2
225,n02510455/ILSVRC2012_val_00021488,vit_supervised,vit_small_patch16_224,token_gradient,predicted,blocks.11,15,15,15,0.0,0.0,0.20308314512311493,0.7130102040814906,0.2953377068042755,0.0,0.6418814063072205,0.0,0.7130102040814906,0.9836636781692505,0.2748280047613817,0.37657288902653896,0.2
226,n02510455/ILSVRC2012_val_00022314,vit_supervised,vit_small_patch16_224,token_gradient,predicted,blocks.11,15,15,15,0.0,0.0,0.20060772044855354,0.9969507334181688,0.3364787995815277,0.0,0.9977214336395264,0.0,0.9969507334181688,0.9527993202209473,0.35926753616001667,0.44230951149982267,0.2
227,n02510455/ILSVRC2012_val_00022427,vit_supervised,vit_small_patch16_224,token_gradient,predicted,blocks.11,15,26,26,0.0,0.0,0.25375857292467524,0.5396006058672395,0.3036807179450989,0.0,0.5196309685707092,0.0,0.5396006058672395,0.9998236894607544,0.2380077536375744,0.3483133481170918,0.2
228,n02510455/ILSVRC2012_val_00023272,vit_supervised,vit_small_patch16_224,token_gradient,predicted,blocks.11,15,4,4,0.0,0.0,0.2015926320657561,0.9908920599487822,0.6031506061553955,0.0,0.9938213229179382,0.0,0.9908920599487822,0.9667717218399048,0.35774540760436147,0.4431369312796203,0.2
229,n02510455/ILSVRC2012_val_00025542,vit_supervised,vit_small_patch16_224,token_gradient,predicted,blocks.11,15,15,15,0.0,0.0,0.24165915238947605,0.7330795599488336,0.42290258407592773,0.0,0.789842426776886,0.0,0.7330795599488336,0.9879669547080994,0.2924216137014929,0.3918797212907923,0.2
230,n02510455/ILSVRC2012_val_00027510,vit_supervised,vit_small_patch16_224,token_gradient,predicted,blocks.11,15,1,1,0.0,0.0,0.019973707645977706,0.2793566645407607,0.2275407463312149,0.0,0.27893438935279846,0.0,0.2793566645407607,0.9813007712364197,0.08979911165602152,0.22202770873214756,0.2
231,n02510455/ILSVRC2012_val_00034983,vit_supervised,vit_small_patch16_224,token_gradient,predicted,blocks.11,15,15,15,0.0,0.0,0.1576397766264692,0.4858298788264338,0.3341413140296936,0.0,0.5072352886199951,0.0,0.4858298788264338,0.9423061013221741,0.1930408966358709,0.30221332906155185,0.2
232,n02510455/ILSVRC2012_val_00042787,vit_supervised,vit_small_patch16_224,token_gradient,predicted,blocks.11,15,15,15,0.0,0.0,0.28149942987443866,0.33757174744891233,0.2412867397069931,0.0,0.4250326454639435,0.0,0.33757174744891233,0.9899012446403503,0.18572135319700528,0.3032529810268903,0.2
233,n02510455/ILSVRC2012_val_00044876,vit_supervised,vit_small_patch16_224,token_gradient,predicted,blocks.11,15,15,15,0.0,0.0,0.037177598561824385,0.6278898278059973,0.25588661432266235,0.0,0.5150986909866333,0.0,0.6278898278059973,0.9860092997550964,0.19952022791034651,0.3141682515552199,0.2
234,n02510455/ILSVRC2012_val_00045697,vit_supervised,vit_small_patch16_224,token_gradient,predicted,blocks.11,15,15,15,0.0,0.0,0.24267020857923982,0.8068997130100433,0.47798287868499756,0.0,0.8474957942962646,0.0,0.8068997130100433,0.9576151371002197,0.3148709764767849,0.40603475096235375,0.2
235,n02690373/ILSVRC2012_val_00008292,vit_supervised,vit_small_patch16_224,token_gradient,predicted,blocks.11,16,20,20,0.0,0.0,0.0,0.061164700255089854,0.0357014425098896,0.0,0.03800758719444275,0.0,0.061164700255089854,0.9785820245742798,0.018349410076526955,0.16207847874991443,0.2
236,n02690373/ILSVRC2012_val_00010597,vit_supervised,vit_small_patch16_224,token_gradient,predicted,blocks.11,16,16,16,0.0,0.0,0.832964193428541,0.19585060586730793,0.33411169052124023,0.0,0.38221779465675354,0.0,0.19585060586730793,0.9947237372398376,0.30864443978875467,0.4064122604099379,0.2
237,n02690373/ILSVRC2012_val_00016995,vit_supervised,vit_small_patch16_224,token_gradient,predicted,blocks.11,16,16,16,0.0,0.0,0.6240076649325047,0.2729392538264762,0.33395466208457947,0.0,0.44967782497406006,0.0,0.2729392538264762,0.9827654361724854,0.26908407562769426,0.37165154511561804,0.2
238,n02690373/ILSVRC2012_val_00018616,vit_supervised,vit_small_patch16_224,token_gradient,predicted,blocks.11,16,16,16,0.0,0.0,0.5196742391765797,0.15320073341833682,0.24749983847141266,0.0,0.2791091501712799,0.0,0.15320073341833682,0.955162525177002,0.20186249177847496,0.31149312192527945,0.2
239,n02690373/ILSVRC2012_val_00026189,vit_supervised,vit_small_patch16_224,token_gradient,predicted,blocks.11,16,16,16,0.0,0.0,0.04422211697842516,0.1515465561224188,0.12280581891536713,0.0,0.14796115458011627,0.0,0.1515465561224188,0.97761470079422,0.05873060193025318,0.19558437339434398,0.2
240,n02690373/ILSVRC2012_val_00028019,vit_supervised,vit_small_patch16_224,token_gradient,predicted,blocks.2,16,16,16,0.4776681065559387,0.25825971364974976,0.6775721427938973,0.5193835398788375,0.31841298937797546,0.1349828541278839,0.41878435015678406,0.43815481662750244,0.18118223852037207,0.9933807849884033,0.550153947424196,0.6154298757110227,0.2
241,n02690373/ILSVRC2012_val_00030531,vit_supervised,vit_small_patch16_224,token_gradient,predicted,blocks.2,16,16,16,0.1715361773967743,0.4016551077365875,0.8269800148030838,0.20630460015871077,0.3176427185535431,0.12534600496292114,0.4024517834186554,0.2654833197593689,0.19353874362241041,0.9983362555503845,0.3785998554472481,0.4681092541618773,0.2
242,n02690373/ILSVRC2012_val_00032804,vit_supervised,vit_small_patch16_224,token_gradient,predicted,blocks.2,16,16,16,-0.09904449433088303,0.18876950442790985,0.057327206052983644,0.38484922178964925,0.14386862516403198,0.13710255920886993,0.2092207968235016,0.4889008402824402,0.25396603954076574,0.9832280874252319,0.09303513062043664,0.22336274705863396,0.2
243,n02690373/ILSVRC2012_val_00033920,vit_supervised,vit_small_patch16_224,token_gradient,predicted,blocks.2,16,16,16,0.5594826936721802,0.27864447236061096,0.21827529796668713,0.309881273949174,0.16976851224899292,0.08318807184696198,0.33873116970062256,0.41114360094070435,0.21558115433669175,0.9676483869552612,0.3822400490436304,0.4730053438075176,0.2
244,n02690373/ILSVRC2012_val_00039213,vit_supervised,vit_small_patch16_224,token_gradient,predicted,blocks.2,16,16,16,0.39549720287323,0.17650240659713745,0.8192307692300365,0.4691563132039373,0.3050113618373871,0.11359978467226028,0.4198419451713562,0.5253784656524658,0.20535714285710194,0.837671160697937,0.5447150058794841,0.5861714657188145,0.2
245,n02690373/ILSVRC2012_val_00043242,vit_supervised,vit_small_patch16_224,token_gradient,predicted,blocks.2,16,19,19,-0.18001341819763184,0.12285259366035461,0.009065956915909286,0.2036311324966011,0.32972824573516846,0.06682606786489487,0.6178113222122192,0.7517187595367432,0.7671595982141328,0.9889628887176514,-0.008196240455299625,0.13851400929160418,0.2
246,n02690373/ILSVRC2012_val_00044253,vit_supervised,vit_small_patch16_224,token_gradient,predicted,blocks.2,16,16,16,-0.023471005260944366,0.13374827802181244,0.08135199559924126,0.41603969905521365,0.10329319536685944,0.16398629546165466,0.13315105438232422,0.495371550321579,0.15260283801017369,0.8786439895629883,0.13982910629195872,0.24792967025673146,0.2
247,n02690373/ILSVRC2012_val_00046234,vit_supervised,vit_small_patch16_224,token_gradient,predicted,blocks.2,16,19,19,0.24222789704799652,0.25429630279541016,0.21061575369841531,0.4115384615382217,0.18221060931682587,0.17258372902870178,0.2978317439556122,0.5631596446037292,0.2827447385203518,0.8740501403808594,0.2835374233901897,0.3714258388330869,0.2
248,n02690373/ILSVRC2012_val_00046971,vit_supervised,vit_small_patch16_224,token_gradient,predicted,blocks.2,16,16,16,-0.06259866058826447,0.23209191858768463,0.2592381314570202,0.22256416569199078,0.19266460835933685,0.06792334467172623,0.30867332220077515,0.2505805492401123,0.1958705357142467,0.9664943814277649,0.1195012249093975,0.24351520029552493,0.2
249,n02690373/ILSVRC2012_val_00049062,vit_supervised,vit_small_patch16_224,token_gradient,predicted,blocks.2,16,16,16,-0.12267351895570755,0.2257731854915619,0.04178300757875858,0.47452364149578363,0.15950770676136017,0.23075498640537262,0.20267729461193085,0.529621422290802,0.21641820790812014,0.9655989408493042,0.10582258714007964,0.23098077176153353,0.2
250,n02747177/ILSVRC2012_val_00004924,vit_supervised,vit_small_patch16_224,token_gradient,predicted,blocks.2,17,33,33,0.09318626672029495,0.42052170634269714,0.1583321978470822,0.2172398157649292,0.2479688972234726,0.17502067983150482,0.779098629951477,0.8768017888069153,0.8165457589284087,0.9755282998085022,0.1499461107717214,0.2728374417263814,0.2
251,n02747177/ILSVRC2012_val_00023490,vit_supervised,vit_small_patch16_224,token_gradient,predicted,blocks.2,17,41,41,0.3550941050052643,0.20953647792339325,0.19062422896610381,0.11942098914349103,0.18562152981758118,0.05847592651844025,0.3013733923435211,0.2590906620025635,0.2808713329081073,0.9982712864875793,0.23505120743498417,0.35153493425237803,0.2
252,n02747177/ILSVRC2012_val_00027314,vit_supervised,vit_small_patch16_224,token_gradient,predicted,blocks.2,17,22,22,0.1288476437330246,0.40963393449783325,0.01311459998119154,0.17718062155214528,0.08390867710113525,0.14852099120616913,0.1505453735589981,0.28425905108451843,0.2295519770407706,0.9943099617958069,0.10862762395321088,0.24181697495926383,0.2
253,n02747177/ILSVRC2012_val_00028498,vit_supervised,vit_small_patch16_224,token_gradient,predicted,blocks.2,17,41,41,0.1691172569990158,0.2782949209213257,0.35735573988281183,0.2740478597909423,0.38140207529067993,0.122305728495121,0.785752534866333,0.6946484446525574,0.5533721301019305,0.9234710931777954,0.2570679827017326,0.35556260384476335,0.2
254,n02747177/ILSVRC2012_val_00030962,vit_supervised,vit_small_patch16_224,token_gradient,predicted,blocks.2,17,36,36,-0.17620418965816498,0.17464658617973328,0.11746020664614722,0.3017648015613607,0.30871909856796265,0.10426130145788193,0.45976048707962036,0.5687757134437561,0.4380181760203209,0.9834632873535156,0.05528582659898637,0.19065427877454658,0.2
255,n02747177/ILSVRC2012_val_00032347,vit_supervised,vit_small_patch16_224,token_gradient,predicted,blocks.2,17,17,17,0.394370973110199,0.2359687089920044,0.2749604208159568,0.17047212715074758,0.39047160744667053,0.09641599655151367,0.47855237126350403,0.3441072404384613,0.2975526147958591,0.9570528864860535,0.2913781536340909,0.3929459105531537,0.2
240,n02690373/ILSVRC2012_val_00028019,vit_supervised,vit_small_patch16_224,token_gradient,predicted,blocks.5,16,16,16,0.5831997990608215,0.389536052942276,0.6784554629217389,0.4430360645839422,0.3300880193710327,0.1876634955406189,0.42754530906677246,0.4278985857963562,0.18118223852037207,0.9854116439819336,0.5697273778760329,0.6323045581449979,0.2
241,n02690373/ILSVRC2012_val_00030531,vit_supervised,vit_small_patch16_224,token_gradient,predicted,blocks.5,16,16,16,0.06321723759174347,0.483412504196167,0.8059264678975617,0.0971828638105811,0.30453968048095703,0.09341170638799667,0.39389100670814514,0.19112905859947205,0.19353874362241041,0.9972960948944092,0.2962196945491402,0.3974977803183073,0.2
242,n02690373/ILSVRC2012_val_00032804,vit_supervised,vit_small_patch16_224,token_gradient,predicted,blocks.5,16,16,16,0.13157594203948975,0.08300995826721191,0.0826560197727636,0.3839236891667878,0.17448656260967255,0.07126807421445847,0.2378935068845749,0.5387637615203857,0.25396603954076574,0.9756684899330139,0.19260428949766134,0.3090467804386613,0.2
243,n02690373/ILSVRC2012_val_00033920,vit_supervised,vit_small_patch16_224,token_gradient,predicted,blocks.5,16,16,16,-0.018451476469635963,0.13843859732151031,0.0,0.16811383115782413,0.058881618082523346,0.08504638075828552,0.0810537189245224,0.3143388628959656,0.21558115433669175,0.9601325988769531,0.04305355875949285,0.1795903308566264,0.2
244,n02690373/ILSVRC2012_val_00039213,vit_supervised,vit_small_patch16_224,token_gradient,predicted,blocks.5,16,16,16,0.3166423738002777,0.29632896184921265,0.7839663187432822,0.36705202312114055,0.3147253692150116,0.16461484134197235,0.35953593254089355,0.3564905524253845,0.20535714285710194,0.9151065945625305,0.4719624520794379,0.5358454054805825,0.2
245,n02690373/ILSVRC2012_val_00043242,vit_supervised,vit_small_patch16_224,token_gradient,predicted,blocks.5,16,19,19,-0.12841781973838806,0.1634519100189209,0.005344934742074717,0.20392974099429298,0.30867210030555725,0.08921606093645096,0.6025660037994385,0.7701439261436462,0.7671595982141328,0.9925210475921631,0.011415274825555079,0.15625058916448056,0.2
246,n02690373/ILSVRC2012_val_00044253,vit_supervised,vit_small_patch16_224,token_gradient,predicted,blocks.5,16,16,16,0.23587730526924133,0.30560192465782166,0.28416926761974,0.4045728802791326,0.16849054396152496,0.17136362195014954,0.23518601059913635,0.4044516682624817,0.15260283801017369,0.9219523668289185,0.3009735664773583,0.39303544884329034,0.2
247,n02690373/ILSVRC2012_val_00046234,vit_supervised,vit_small_patch16_224,token_gradient,predicted,blocks.5,16,19,19,0.03443703427910805,0.2509356737136841,0.3830078794105384,0.3789923142610993,0.23775796592235565,0.10454767942428589,0.4368349313735962,0.4794931411743164,0.2827447385203518,0.9867647290229797,0.24237487181313452,0.3505677197690442,0.2
248,n02690373/ILSVRC2012_val_00046971,vit_supervised,vit_small_patch16_224,token_gradient,predicted,blocks.5,16,16,16,0.14747212827205658,0.19753633439540863,0.11215005599097863,0.09083420286666437,0.15120327472686768,0.06133976951241493,0.19937284290790558,0.19425876438617706,0.1958705357142467,0.8908682465553284,0.11988412896611553,0.2359915465929298,0.2
249,n02690373/ILSVRC2012_val_00049062,vit_supervised,vit_small_patch16_224,token_gradient,predicted,blocks.5,16,16,16,-0.018293466418981552,0.18906471133232117,0.004615828445040573,0.34064805903090106,0.1279240846633911,0.14224934577941895,0.1652887463569641,0.39329057931900024,0.21641820790812014,0.9670393466949463,0.09626177967518987,0.2249691606265838,0.2
250,n02747177/ILSVRC2012_val_00004924,vit_supervised,vit_small_patch16_224,token_gradient,predicted,blocks.5,17,33,33,-0.02958446554839611,0.21072794497013092,0.16141812965362812,0.2157021641719383,0.25410646200180054,0.0854940339922905,0.7790056467056274,0.8759358525276184,0.8165457589284087,0.9690050482749939,0.10130230192831147,0.22927626775570203,0.2
251,n02747177/ILSVRC2012_val_00023490,vit_supervised,vit_small_patch16_224,token_gradient,predicted,blocks.5,17,41,41,0.2629828155040741,0.15918372571468353,0.17663122988385027,0.10892545270700021,0.1742505580186844,0.043066009879112244,0.2823079228401184,0.2398054003715515,0.2808713329081073,0.9955474138259888,0.1908601309788848,0.31276526814803685,0.2
252,n02747177/ILSVRC2012_val_00027314,vit_supervised,vit_small_patch16_224,token_gradient,predicted,blocks.5,17,22,22,-0.13351251184940338,0.3292553722858429,0.06177644218923997,0.1438199862016962,0.09056991338729858,0.11309545487165451,0.17424334585666656,0.2536587119102478,0.2295519770407706,0.9448440670967102,0.008273923777519489,0.1463963380149494,0.2
253,n02747177/ILSVRC2012_val_00028498,vit_supervised,vit_small_patch16_224,token_gradient,predicted,blocks.5,17,41,41,0.5238818526268005,0.44356292486190796,0.3302600556004046,0.3283204497539254,0.289777010679245,0.20070451498031616,0.7208064198493958,0.7750688195228577,0.5533721301019305,0.9756883978843689,0.4071268926570192,0.494357034440618,0.2
254,n02747177/ILSVRC2012_val_00030962,vit_supervised,vit_small_patch16_224,token_gradient,predicted,blocks.5,17,36,36,-0.06160052865743637,0.18001139163970947,0.06288389388755838,0.176256613756549,0.29469895362854004,0.09414961189031601,0.4422832727432251,0.4941040575504303,0.4380181760203209,0.952921986579895,0.04710194083025766,0.18116323986790836,0.2
255,n02747177/ILSVRC2012_val_00032347,vit_supervised,vit_small_patch16_224,token_gradient,predicted,blocks.5,17,17,17,-0.05026256665587425,0.2734842896461487,0.12541135103451947,0.2033645040006732,0.2878778278827667,0.13054996728897095,0.4247036576271057,0.36116504669189453,0.2975526147958591,0.7420874238014221,0.0785277298482081,0.1759151789994555,0.2
240,n02690373/ILSVRC2012_val_00028019,vit_supervised,vit_small_patch16_224,token_gradient,predicted,blocks.8,16,16,16,0.4786331057548523,0.33064067363739014,0.6374999999994542,0.3743891922963679,0.2941008508205414,0.16709034144878387,0.36478981375694275,0.383333683013916,0.18118223852037207,0.9508033990859985,0.4950199999906876,0.5631143949510535,0.2
241,n02690373/ILSVRC2012_val_00030531,vit_supervised,vit_small_patch16_224,token_gradient,predicted,blocks.8,16,16,16,-0.18603061139583588,0.27867206931114197,0.7856755290280469,0.09992758870378213,0.2953437566757202,0.07102204114198685,0.3771182596683502,0.19482910633087158,0.19353874362241041,0.9947452545166016,0.19126869076121436,0.30550185362190496,0.2
242,n02690373/ILSVRC2012_val_00032804,vit_supervised,vit_small_patch16_224,token_gradient,predicted,blocks.8,16,16,16,0.11880125105381012,0.1827695667743683,0.10214351381424389,0.27522113984980673,0.16518636047840118,0.09554131329059601,0.2376103401184082,0.39724403619766235,0.25396603954076574,0.9590545892715454,0.1607298965207392,0.27977978967557804,0.2
243,n02690373/ILSVRC2012_val_00033920,vit_supervised,vit_small_patch16_224,token_gradient,predicted,blocks.8,16,16,16,0.16245387494564056,0.1928716003894806,0.023561751423510916,0.07873771339882113,0.08302170038223267,0.05656342953443527,0.1196414902806282,0.19443300366401672,0.21558115433669175,0.970058023929596,0.09567138942495584,0.22794242602599657,0.2
244,n02690373/ILSVRC2012_val_00039213,vit_supervised,vit_small_patch16_224,token_gradient,predicted,blocks.8,16,16,16,0.08446066826581955,0.11427536606788635,0.5865054602179512,0.21761254789259002,0.2815646827220917,0.05641883984208107,0.3310813009738922,0.27239271998405457,0.20535714285710194,0.9959575533866882,0.2750196697394902,0.3799843689286754,0.2
245,n02690373/ILSVRC2012_val_00043242,vit_supervised,vit_small_patch16_224,token_gradient,predicted,blocks.8,16,19,19,-0.20091450214385986,0.15599629282951355,0.005678285737968733,0.2038401428889872,0.27983254194259644,0.08140441030263901,0.5805723071098328,0.7982150912284851,0.7671595982141328,0.9872914552688599,-0.01751027226945718,0.13015324969671702,0.2
246,n02690373/ILSVRC2012_val_00044253,vit_supervised,vit_small_patch16_224,token_gradient,predicted,blocks.8,16,16,16,0.2370622158050537,0.29224708676338196,0.5918661148096168,0.2904449307073009,0.2524605095386505,0.14876671135425568,0.3414919972419739,0.3643395006656647,0.15260283801017369,0.9816046953201294,0.3595181999770968,0.4507902412090177,0.2
247,n02690373/ILSVRC2012_val_00046234,vit_supervised,vit_small_patch16_224,token_gradient,predicted,blocks.8,16,19,19,-0.11624788492918015,0.45361652970314026,0.4537381495257088,0.1666185110275611,0.2264314442873001,0.12031323462724686,0.4249427020549774,0.30034494400024414,0.2827447385203518,0.9640504121780396,0.13960784419430888,0.25900996723981035,0.2
248,n02690373/ILSVRC2012_val_00046971,vit_supervised,vit_small_patch16_224,token_gradient,predicted,blocks.8,16,16,16,-0.2734953761100769,0.14883962273597717,0.08192167329370775,0.16334778025057786,0.14075399935245514,0.07666824012994766,0.1837809979915619,0.2802293002605438,0.1958705357142467,0.9038271903991699,-0.035817314380745084,0.10116806030741998,0.2
249,n02690373/ILSVRC2012_val_00049062,vit_supervised,vit_small_patch16_224,token_gradient,predicted,blocks.8,16,16,16,-0.27787381410598755,0.23052527010440826,0.0047607597980260825,0.0971434572568278,0.09970147907733917,0.07205590605735779,0.1393185555934906,0.1805979162454605,0.21641820790812014,0.944877564907074,-0.08057826052593886,0.06995185406267893,0.2
250,n02747177/ILSVRC2012_val_00004924,vit_supervised,vit_small_patch16_224,token_gradient,predicted,blocks.8,17,33,33,-0.17272713780403137,0.18435074388980865,0.15759611456580327,0.22707917338267689,0.22178831696510315,0.077104352414608,0.7760391235351562,0.9024529457092285,0.8165457589284087,0.9646605849266052,0.04631173126293149,0.18041341149469986,0.2
251,n02747177/ILSVRC2012_val_00023490,vit_supervised,vit_small_patch16_224,token_gradient,predicted,blocks.8,17,41,41,0.1741347759962082,0.2697082459926605,0.17177407605256093,0.08698981890256464,0.1776638925075531,0.06435513496398926,0.2880555987358093,0.22895289957523346,0.2808713329081073,0.9918134212493896,0.14728307888502093,0.2744101585248627,0.2
252,n02747177/ILSVRC2012_val_00027314,vit_supervised,vit_small_patch16_224,token_gradient,predicted,blocks.8,17,22,22,-0.20007355511188507,0.3305296003818512,0.07743451309734181,0.10234247135837646,0.08912206441164017,0.09055226296186447,0.17005771398544312,0.21558953821659088,0.2295519770407706,0.9388852715492249,-0.026096326708038558,0.11575129255715352,0.2
253,n02747177/ILSVRC2012_val_00028498,vit_supervised,vit_small_patch16_224,token_gradient,predicted,blocks.8,17,41,41,0.12299706786870956,0.268655002117157,0.3144516308504366,0.24451833805220105,0.2793319523334503,0.09498538076877594,0.6910735368728638,0.6428015232086182,0.5533721301019305,0.9854104518890381,0.21688981781827515,0.33060303376306344,0.2
254,n02747177/ILSVRC2012_val_00030962,vit_supervised,vit_small_patch16_224,token_gradient,predicted,blocks.8,17,36,36,-0.25336599349975586,0.12134389579296112,0.050157459650947984,0.13404654787624992,0.26912006735801697,0.04755162447690964,0.429959774017334,0.35209640860557556,0.4380181760203209,0.9618258476257324,-0.04608519514174298,0.1016467813007448,0.2
255,n02747177/ILSVRC2012_val_00032347,vit_supervised,vit_small_patch16_224,token_gradient,predicted,blocks.8,17,17,17,0.08171308785676956,0.4243369400501251,0.09466806980614983,0.2998542122251901,0.1797989159822464,0.1980859339237213,0.3058917224407196,0.4247678518295288,0.2975526147958591,0.21290013194084167,0.1510419197521098,0.15916517104883057,0.2
240,n02690373/ILSVRC2012_val_00028019,vit_supervised,vit_small_patch16_224,token_gradient,predicted,blocks.11,16,16,16,0.0,0.0,0.63595928491948,0.18118223852037207,0.2865499258041382,0.0,0.3361215591430664,0.0,0.18118223852037207,0.8147689700126648,0.2451424570319556,0.3265007263618627,0.2
241,n02690373/ILSVRC2012_val_00030531,vit_supervised,vit_small_patch16_224,token_gradient,predicted,blocks.11,16,16,16,0.0,0.0,0.7749213483139101,0.19353874362241041,0.3003290295600891,0.0,0.3611760139465332,0.0,0.19353874362241041,0.9913389086723328,0.29053802758089614,0.39081585928493,0.2
242,n02690373/ILSVRC2012_val_00032804,vit_supervised,vit_small_patch16_224,token_gradient,predicted,blocks.11,16,16,16,0.0,0.0,0.12339711974742384,0.25396603954076574,0.17318463325500488,0.0,0.2464504987001419,0.0,0.25396603954076574,0.8851821422576904,0.11320894778645688,0.22711811116070096,0.2
243,n02690373/ILSVRC2012_val_00033920,vit_supervised,vit_small_patch16_224,token_gradient,predicted,blocks.11,16,16,16,0.0,0.0,0.03181750705129802,0.21558115433669175,0.11529169976711273,0.0,0.15918320417404175,0.0,0.21558115433669175,0.9809064865112305,0.07421959841639693,0.208985638323682,0.2
244,n02690373/ILSVRC2012_val_00039213,vit_supervised,vit_small_patch16_224,token_gradient,predicted,blocks.11,16,16,16,0.0,0.0,0.3979654959100983,0.20535714285710194,0.2544705867767334,0.0,0.30456864833831787,0.0,0.20535714285710194,0.9944199919700623,0.18099679163016005,0.2999936584873094,0.2
245,n02690373/ILSVRC2012_val_00043242,vit_supervised,vit_small_patch16_224,token_gradient,predicted,blocks.11,16,19,19,0.0,0.0,0.00845784584692578,0.7671595982141328,0.2656165659427643,0.0,0.5709671378135681,0.0,0.7671595982141328,0.956725537776947,0.23268523321831758,0.3374131916818067,0.2
246,n02690373/ILSVRC2012_val_00044253,vit_supervised,vit_small_patch16_224,token_gradient,predicted,blocks.11,16,16,16,0.0,0.0,0.6358760980114323,0.15260283801017369,0.26729318499565125,0.0,0.3361297845840454,0.0,0.15260283801017369,0.9848066568374634,0.23654368080648178,0.344840732531021,0.2
247,n02690373/ILSVRC2012_val_00046234,vit_supervised,vit_small_patch16_224,token_gradient,predicted,blocks.11,16,19,19,0.0,0.0,0.003147519257846787,0.2827447385203518,0.123595230281353,0.0,0.16565342247486115,0.0,0.2827447385203518,-0.10538941621780396,0.08576767733345958,0.05566465201187906,0.2
248,n02690373/ILSVRC2012_val_00046971,vit_supervised,vit_small_patch16_224,token_gradient,predicted,blocks.11,16,16,16,0.0,0.0,0.0,0.1958705357142467,0.08159209787845612,0.0,0.10158327221870422,0.0,0.1958705357142467,0.989345371723175,0.05876116071427401,0.19736943968703793,0.2
249,n02690373/ILSVRC2012_val_00049062,vit_supervised,vit_small_patch16_224,token_gradient,predicted,blocks.11,16,16,16,0.0,0.0,0.0,0.21641820790812014,0.10001616925001144,0.0,0.13642628490924835,0.0,0.21641820790812014,0.9472172260284424,0.06492546237243604,0.19618713588129638,0.2
250,n02747177/ILSVRC2012_val_00004924,vit_supervised,vit_small_patch16_224,token_gradient,predicted,blocks.11,17,33,33,0.0,0.0,0.15709716204256777,0.8165457589284087,0.2203405201435089,0.0,0.7766595482826233,0.0,0.8165457589284087,0.9689317345619202,0.29209287629129294,0.38875049042703214,0.2
251,n02747177/ILSVRC2012_val_00023490,vit_supervised,vit_small_patch16_224,token_gradient,predicted,blocks.11,17,41,41,0.0,0.0,0.1520244461420206,0.2808713329081073,0.16042956709861755,0.0,0.26197630167007446,0.0,0.2808713329081073,0.9914204478263855,0.12986873371503838,0.25693701193648977,0.2
252,n02747177/ILSVRC2012_val_00027314,vit_supervised,vit_small_patch16_224,token_gradient,predicted,blocks.11,17,22,22,0.0,0.0,0.004895561357700067,0.2295519770407706,0.09356767684221268,0.0,0.15610812604427338,0.0,0.2295519770407706,0.9278166890144348,0.0703342615195412,0.19778438795178288,0.2
253,n02747177/ILSVRC2012_val_00028498,vit_supervised,vit_small_patch16_224,token_gradient,predicted,blocks.11,17,41,41,0.0,0.0,0.300433466354651,0.5533721301019305,0.2658662497997284,0.0,0.6609723567962646,0.0,0.5533721301019305,0.9772912263870239,0.2561416789369745,0.36004508307219896,0.2
254,n02747177/ILSVRC2012_val_00030962,vit_supervised,vit_small_patch16_224,token_gradient,predicted,blocks.11,17,36,36,0.0,0.0,0.044708416277765,0.4380181760203209,0.2575395405292511,0.0,0.4165838360786438,0.0,0.4380181760203209,0.8918430805206299,0.14481797768942575,0.254458110152616,0.2
255,n02747177/ILSVRC2012_val_00032347,vit_supervised,vit_small_patch16_224,token_gradient,predicted,blocks.11,17,17,17,0.0,0.0,0.3572360552352086,0.2975526147958591,0.3637346625328064,0.0,0.4240773022174835,0.0,0.2975526147958591,0.9337488412857056,0.1964366010093203,0.3037594937006227,0.2
256,n02747177/ILSVRC2012_val_00042835,vit_supervised,vit_small_patch16_224,token_gradient,predicted,blocks.2,17,37,37,-0.012439660727977753,0.3299047648906708,0.24351201197385944,0.1381071793442607,0.2907697856426239,0.09574948996305466,0.8675111532211304,0.6850619316101074,0.7768853635202534,0.9783096313476562,0.10950989310424494,0.23779736127688625,0.2
257,n02747177/ILSVRC2012_val_00043970,vit_supervised,vit_small_patch16_224,token_gradient,predicted,blocks.2,17,20,20,0.38114625215530396,0.19801215827465057,0.0,0.03830874006808631,0.10229545831680298,0.051899850368499756,0.13448578119277954,0.1573314666748047,0.23754384566321798,0.9941591620445251,0.16395112288254748,0.2921022475780567,0.2
258,n02747177/ILSVRC2012_val_00044878,vit_supervised,vit_small_patch16_224,token_gradient,predicted,blocks.2,17,46,46,0.49304404854774475,0.2615056037902832,0.8122217725610584,0.37134807374265244,0.44234341382980347,0.1454693078994751,0.49731215834617615,0.40749770402908325,0.24623325892852238,0.9958794713020325,0.5522885733102112,0.6178397992629432,0.2
259,n02747177/ILSVRC2012_val_00046138,vit_supervised,vit_small_patch16_224,token_gradient,predicted,blocks.2,17,17,17,0.13814793527126312,0.3180857300758362,0.19708086578266415,0.2691484928461539,0.26566049456596375,0.12442687153816223,0.7491047978401184,0.8667120337486267,0.7104591836733278,0.8703534007072449,0.19512798169715065,0.29546212710823333,0.2
260,n02747177/ILSVRC2012_val_00049441,vit_supervised,vit_small_patch16_224,token_gradient,predicted,blocks.2,17,40,40,0.48914405703544617,0.20541197061538696,0.3698574638133513,0.3494211996950505,0.43863561749458313,0.13512614369392395,0.6657027006149292,0.7999305129051208,0.541115274234586,0.9217836260795593,0.411441221866699,0.48928762975144047,0.2
261,n02747177/ILSVRC2012_val_00049737,vit_supervised,vit_small_patch16_224,token_gradient,predicted,blocks.2,17,36,36,0.2268313467502594,0.12568260729312897,0.44678267907709573,0.36450381679373856,0.35493868589401245,0.08289309591054916,0.5125232338905334,0.654559850692749,0.4412468112244019,0.9796927571296692,0.33411848746135403,0.4291665088997497,0.2
262,n02783161/ILSVRC2012_val_00000721,vit_supervised,vit_small_patch16_224,token_gradient,predicted,blocks.2,18,18,18,-0.03843949735164642,0.483219712972641,0.5245980818322469,0.14700996677733233,0.2799827456474304,0.16651855409145355,0.41221684217453003,0.2710835635662079,0.24037388392852355,0.8548532128334045,0.18610661564221517,0.2826761700043292,0.2
263,n02783161/ILSVRC2012_val_00001098,vit_supervised,vit_small_patch16_224,token_gradient,predicted,blocks.2,18,30,30,-0.02366410754621029,0.24546180665493011,0.27764046795165787,0.12425692329989542,0.17326270043849945,0.05324813351035118,0.21578985452651978,0.13104234635829926,0.10907605229589663,0.9862512946128845,0.11110357435698187,0.2401296043636474,0.2
264,n02783161/ILSVRC2012_val_00001412,vit_supervised,vit_small_patch16_224,token_gradient,predicted,blocks.2,18,34,34,0.33761268854141235,0.2059725821018219,0.33259482453001366,0.2797446808508257,0.14134930074214935,0.13075774908065796,0.15422628819942474,0.24958431720733643,0.09968909438773524,0.9975584745407104,0.31874692703081675,0.4208830885158107,0.2
265,n02783161/ILSVRC2012_val_00010497,vit_supervised,vit_small_patch16_224,token_gradient,predicted,blocks.2,18,40,40,0.010840550996363163,0.1351565420627594,0.05304518664043789,0.2864002478312528,0.08937720209360123,0.11935003846883774,0.1127818301320076,0.3666566014289856,0.13103874362242288,0.9914491772651672,0.10616985074005246,0.23737292805642485,0.2
266,n02783161/ILSVRC2012_val_00011215,vit_supervised,vit_small_patch16_224,token_gradient,predicted,blocks.2,18,18,18,0.6357983350753784,0.29149752855300903,0.7627189324430669,0.5683015507898135,0.3597619831562042,0.2085982859134674,0.4169448912143707,0.5028381943702698,0.22122130102036408,0.9963415265083313,0.6536254790000154,0.7047357670608523,0.2
267,n02783161/ILSVRC2012_val_00016206,vit_supervised,vit_small_patch16_224,token_gradient,predicted,blocks.2,18,18,18,0.31208550930023193,0.31513088941574097,0.1370707367184201,0.05825309021371423,0.09481315314769745,0.04754899442195892,0.12192896008491516,0.09897138923406601,0.10883689413263138,0.9828516244888306,0.18343135179973308,0.30548862866143933,0.2
268,n02783161/ILSVRC2012_val_00016313,vit_supervised,vit_small_patch16_224,token_gradient,predicted,blocks.2,18,18,18,0.39276719093322754,0.3814731240272522,0.43370875321039937,0.40036668918228274,0.24681341648101807,0.16383980214595795,0.39739030599594116,0.3919597864151001,0.08922592474488018,0.9989582300186157,0.4073295090910956,0.49583111192759255,0.2
269,n02783161/ILSVRC2012_val_00023743,vit_supervised,vit_small_patch16_224,token_gradient,predicted,blocks.2,18,18,18,-0.3036026954650879,0.2424149066209793,0.24722719141314947,0.26533575317594726,0.25528407096862793,0.11874613910913467,0.5217395424842834,0.6014152765274048,0.4947584502550035,0.9029852151870728,0.03232780519069385,0.15732757501255434,0.2
270,n02783161/ILSVRC2012_val_00024607,vit_supervised,vit_small_patch16_224,token_gradient,predicted,blocks.2,18,40,40,0.2964627742767334,0.2701259255409241,0.3160443918995019,0.27793208162045774,0.3012183606624603,0.11095339804887772,0.5937926173210144,0.6449500322341919,0.4877431441325559,0.9886443018913269,0.29677805176668126,0.40055273466054564,0.2
271,n02783161/ILSVRC2012_val_00027801,vit_supervised,vit_small_patch16_224,token_gradient,predicted,blocks.2,18,24,24,0.515285849571228,0.25917789340019226,0.45889202540538204,0.3396516808421712,0.2134183645248413,0.1712300330400467,0.24384911358356476,0.35037654638290405,0.1296037946428313,0.9985848665237427,0.4456774517027572,0.5297737038903795,0.2
256,n02747177/ILSVRC2012_val_00042835,vit_supervised,vit_small_patch16_224,token_gradient,predicted,blocks.5,17,37,37,-0.11247271299362183,0.3071616590023041,0.24516702654636222,0.1825331724969403,0.26754963397979736,0.09887710213661194,0.8703688979148865,0.7580288648605347,0.7768853635202534,0.991115927696228,0.08332097451554202,0.21622698936749218,0.2
257,n02747177/ILSVRC2012_val_00043970,vit_supervised,vit_small_patch16_224,token_gradient,predicted,blocks.5,17,20,20,-0.027607683092355728,0.10132305324077606,0.0,0.10321608040195818,0.11214007437229156,0.04463214799761772,0.14417508244514465,0.22067783772945404,0.23754384566321798,0.993611216545105,0.01992175088364516,0.16518301349993078,0.2
258,n02747177/ILSVRC2012_val_00044878,vit_supervised,vit_small_patch16_224,token_gradient,predicted,blocks.5,17,46,46,0.17882075905799866,0.26154473423957825,0.8122217725610584,0.24944196428557508,0.4568523168563843,0.10762982070446014,0.5023535490036011,0.29207706451416016,0.24623325892852238,0.9863084554672241,0.39002742467718954,0.47594946820204154,0.2
259,n02747177/ILSVRC2012_val_00046138,vit_supervised,vit_small_patch16_224,token_gradient,predicted,blocks.5,17,17,17,0.0348905585706234,0.23905199766159058,0.19921772457599643,0.2708431858012433,0.2734990417957306,0.10304653644561768,0.7377975583076477,0.8659326434135437,0.7104591836733278,0.9077550768852234,0.15497449654142126,0.2658901846268116,0.2
260,n02747177/ILSVRC2012_val_00049441,vit_supervised,vit_small_patch16_224,token_gradient,predicted,blocks.5,17,40,40,0.3348482847213745,0.10090868175029755,0.36959964642172677,0.2910460715896639,0.47146549820899963,0.07234537601470947,0.656394898891449,0.7650561928749084,0.541115274234586,0.9268683195114136,0.332133029291967,0.4213885770820408,0.2
261,n02747177/ILSVRC2012_val_00049737,vit_supervised,vit_small_patch16_224,token_gradient,predicted,blocks.5,17,36,36,0.10629481822252274,0.3286324739456177,0.4295552494777493,0.14274044608604108,0.3001443147659302,0.1190638467669487,0.529224693775177,0.4697701036930084,0.4412468112244019,0.9839478135108948,0.2142066359581462,0.32786928229546475,0.2
262,n02783161/ILSVRC2012_val_00000721,vit_supervised,vit_small_patch16_224,token_gradient,predicted,blocks.5,18,18,18,0.32275068759918213,0.41000959277153015,0.4943865819014646,0.34682433256104667,0.26918652653694153,0.1439698487520218,0.3997943699359894,0.3688776195049286,0.24037388392852355,0.8045600056648254,0.38146354937842625,0.44394947012506536,0.2
263,n02783161/ILSVRC2012_val_00001098,vit_supervised,vit_small_patch16_224,token_gradient,predicted,blocks.5,18,30,30,0.06425482779741287,0.37090614438056946,0.29969829031151546,0.16522653843251542,0.1765916496515274,0.12204413115978241,0.21384763717651367,0.19414319097995758,0.10907605229589663,0.9839590787887573,0.1651793797421744,0.2863142587334158,0.2
264,n02783161/ILSVRC2012_val_00001412,vit_supervised,vit_small_patch16_224,token_gradient,predicted,blocks.5,18,34,34,-0.17026889324188232,0.2785070538520813,0.2708755916157278,0.06948790896154375,0.132746160030365,0.07096277177333832,0.1466025412082672,0.11163968592882156,0.09968909438773524,0.9957048892974854,0.03400149287642852,0.17485249590428187,0.2
265,n02783161/ILSVRC2012_val_00010497,vit_supervised,vit_small_patch16_224,token_gradient,predicted,blocks.5,18,40,40,0.3780568242073059,0.2523082196712494,0.03296019900495462,0.20414673046237192,0.08508523553609848,0.09261906147003174,0.10742982476949692,0.2003404200077057,0.13103874362242288,0.993654191493988,0.22235480852312034,0.3406447495634869,0.2
266,n02783161/ILSVRC2012_val_00011215,vit_supervised,vit_small_patch16_224,token_gradient,predicted,blocks.5,18,18,18,0.19395259022712708,0.5769672393798828,0.7641903171946876,0.16151901516808007,0.35274064540863037,0.14209766685962677,0.41937437653541565,0.2292318046092987,0.22122130102036408,0.9975972175598145,0.3552938357996811,0.44895032230415854,0.2
267,n02783161/ILSVRC2012_val_00016206,vit_supervised,vit_small_patch16_224,token_gradient,predicted,blocks.5,18,18,18,0.14074262976646423,0.2769790291786194,0.012479581835993151,0.025535856046556272,0.080256886780262,0.04893099144101143,0.0900280773639679,0.08059488981962204,0.10883689413263138,0.9911895990371704,0.06770168327135052,0.20744221974447538,0.2
268,n02783161/ILSVRC2012_val_00016313,vit_supervised,vit_small_patch16_224,token_gradient,predicted,blocks.5,18,18,18,0.6837093234062195,0.4692939519882202,0.44613851519636655,0.44412379341183783,0.22748872637748718,0.23291660845279694,0.3093150854110718,0.4008699655532837,0.08922592474488018,0.9987101554870605,0.5405624219449491,0.611670363667287,0.2
269,n02783161/ILSVRC2012_val_00023743,vit_supervised,vit_small_patch16_224,token_gradient,predicted,blocks.5,18,18,18,-0.33100569248199463,0.18350178003311157,0.16313474610150502,0.2568307980678189,0.20740710198879242,0.09644143283367157,0.43733084201812744,0.6239733695983887,0.4947584502550035,0.8189647197723389,-0.0064126137420006946,0.11198410163948369,0.2
270,n02783161/ILSVRC2012_val_00024607,vit_supervised,vit_small_patch16_224,token_gradient,predicted,blocks.5,18,40,40,0.3151848316192627,0.2028244435787201,0.29500506623623857,0.23897745224750863,0.24226389825344086,0.0656113550066948,0.521831750869751,0.5553423762321472,0.4877431441325559,0.9946203231811523,0.28626868819282925,0.39300336916485157,0.2
271,n02783161/ILSVRC2012_val_00027801,vit_supervised,vit_small_patch16_224,token_gradient,predicted,blocks.5,18,24,24,0.5024105310440063,0.2601504921913147,0.40976898815070345,0.3351093888751634,0.18642300367355347,0.1671052724123001,0.20632489025592804,0.3102126121520996,0.1296037946428313,0.9974153637886047,0.42442772552536256,0.5116755846901596,0.2
256,n02747177/ILSVRC2012_val_00042835,vit_supervised,vit_small_patch16_224,token_gradient,predicted,blocks.8,17,37,37,-0.07307063043117523,0.3202821612358093,0.24728993841919508,0.1664366284326861,0.2642110288143158,0.09990110993385315,0.8707374334335327,0.7344263195991516,0.7768853635202534,0.9882668852806091,0.09488971788309426,0.22609695385415032,0.2
257,n02747177/ILSVRC2012_val_00043970,vit_supervised,vit_small_patch16_224,token_gradient,predicted,blocks.8,17,20,20,0.0176522359251976,0.17274753749370575,0.0,0.05878948637566492,0.11508852243423462,0.06025097146630287,0.1465473175048828,0.18946710228919983,0.23754384566321798,0.9938134551048279,0.024697740282778515,0.16994767243345954,0.2
258,n02747177/ILSVRC2012_val_00044878,vit_supervised,vit_small_patch16_224,token_gradient,predicted,blocks.8,17,46,46,-0.023978888988494873,0.29306063055992126,0.8122217725610584,0.12388314426256204,0.453621506690979,0.10434406995773315,0.49416208267211914,0.25603336095809937,0.24623325892852238,0.9799578189849854,0.2712399194516882,0.37262729090767976,0.2
259,n02747177/ILSVRC2012_val_00046138,vit_supervised,vit_small_patch16_224,token_gradient,predicted,blocks.8,17,17,17,0.18208184838294983,0.31133005023002625,0.2025956248189637,0.24074526738905438,0.27335211634635925,0.10866032540798187,0.739783525466919,0.8146328330039978,0.7104591836733278,0.9146568775177002,0.20583500701558538,0.31176240161369195,0.2
260,n02747177/ILSVRC2012_val_00049441,vit_supervised,vit_small_patch16_224,token_gradient,predicted,blocks.8,17,40,40,0.2478262186050415,0.0654616728425026,0.36959964642172677,0.24538665059102938,0.45188939571380615,0.04522287845611572,0.6205393671989441,0.6998222470283508,0.541115274234586,0.887456476688385,0.28362637654584344,0.37360422226821133,0.2
261,n02747177/ILSVRC2012_val_00049737,vit_supervised,vit_small_patch16_224,token_gradient,predicted,blocks.8,17,36,36,-0.0062896800227463245,0.1397937685251236,0.44133852976730664,0.30776734544555223,0.3235403895378113,0.076944500207901,0.5051214098930359,0.5725102424621582,0.4412468112244019,0.9748948812484741,0.2222158905547591,0.33130931298252464,0.2
262,n02783161/ILSVRC2012_val_00000721,vit_supervised,vit_small_patch16_224,token_gradient,predicted,blocks.8,18,18,18,0.43008679151535034,0.3486703634262085,0.4696375124705888,0.3556659917784185,0.25806429982185364,0.14320813119411469,0.3801482915878296,0.4131484031677246,0.24037388392852355,0.7033171057701111,0.4196257678808423,0.46235381895814115,0.2
263,n02783161/ILSVRC2012_val_00001098,vit_supervised,vit_small_patch16_224,token_gradient,predicted,blocks.8,18,30,30,-0.15784107148647308,0.4077151119709015,0.30275537634383165,0.0370469439614571,0.1767907738685608,0.03732682019472122,0.21427246928215027,0.0649263858795166,0.10907605229589663,0.9767599701881409,0.038804267496997384,0.17622020058427773,0.2
264,n02783161/ILSVRC2012_val_00001412,vit_supervised,vit_small_patch16_224,token_gradient,predicted,blocks.8,18,34,34,-0.048804763704538345,0.18976548314094543,0.2299198429574432,0.05782623988740216,0.12702342867851257,0.05500452592968941,0.14307434856891632,0.11531998962163925,0.09968909438773524,0.993538498878479,0.06680191937163826,0.20388562824639478,0.2
265,n02783161/ILSVRC2012_val_00010497,vit_supervised,vit_small_patch16_224,token_gradient,predicted,blocks.8,18,40,40,-0.12741686403751373,0.19582416117191315,0.039749608763668384,0.04821406033065239,0.09100936353206635,0.051317859441041946,0.11232161521911621,0.12731221318244934,0.13103874362242288,0.9922465085983276,-0.02457764488670927,0.12623199115019956,0.2
266,n02783161/ILSVRC2012_val_00011215,vit_supervised,vit_small_patch16_224,token_gradient,predicted,blocks.8,18,18,18,-0.06281805783510208,0.40677496790885925,0.7745591939540095,0.0773818626700936,0.3625035285949707,0.10515152662992477,0.45044270157814026,0.2090330272912979,0.22122130102036408,0.997625470161438,0.23045509385319007,0.3406427644379557,0.2
267,n02783161/ILSVRC2012_val_00016206,vit_supervised,vit_small_patch16_224,token_gradient,predicted,blocks.8,18,18,18,-0.1382306069135666,0.16842368245124817,0.0181340341655597,0.03541360416942709,0.07637722790241241,0.03399767354130745,0.08724025636911392,0.07469958066940308,0.10883689413263138,0.9923868775367737,-0.039227951264930595,0.11386422879451445,0.2
268,n02783161/ILSVRC2012_val_00016313,vit_supervised,vit_small_patch16_224,token_gradient,predicted,blocks.8,18,18,18,0.779826283454895,0.45891058444976807,0.44613851519636655,0.4311637080863598,0.2456233650445938,0.1754421591758728,0.3085361123085022,0.3285939693450928,0.08922592474488018,0.9981625080108643,0.575121180366776,0.6419891312315245,0.2
269,n02783161/ILSVRC2012_val_00023743,vit_supervised,vit_small_patch16_224,token_gradient,predicted,blocks.8,18,18,18,-0.19551463425159454,0.20192761719226837,0.07837194197875905,0.17500337063496865,0.17674513161182404,0.07484811544418335,0.37458518147468567,0.4984488785266876,0.4947584502550035,0.9628613591194153,-0.002193259916519509,0.1393429100332861,0.2
270,n02783161/ILSVRC2012_val_00024607,vit_supervised,vit_small_patch16_224,token_gradient,predicted,blocks.8,18,40,40,0.09622015804052353,0.1960701048374176,0.26384412540277474,0.18649429239437956,0.23576383292675018,0.06964893639087677,0.4790423810482025,0.5314869284629822,0.4877431441325559,0.9852710962295532,0.1735895885553557,0.2940523241979048,0.2
271,n02783161/ILSVRC2012_val_00027801,vit_supervised,vit_small_patch16_224,token_gradient,predicted,blocks.8,18,24,24,0.09340570122003555,0.3276863098144531,0.30600963436760165,0.1501495236107169,0.16963405907154083,0.0954582691192627,0.1941695362329483,0.16896595060825348,0.1296037946428313,0.9888227581977844,0.17421002788150977,0.29505519865125973,0.2
256,n02747177/ILSVRC2012_val_00042835,vit_supervised,vit_small_patch16_224,token_gradient,predicted,blocks.11,17,37,37,0.0,0.0,0.2357494012352866,0.7768853635202534,0.24369464814662933,0.0,0.8475714921951294,0.0,0.7768853635202534,0.981324315071106,0.303790429426662,0.4003573384495509,0.2
257,n02747177/ILSVRC2012_val_00043970,vit_supervised,vit_small_patch16_224,token_gradient,predicted,blocks.11,17,20,20,0.0,0.0,0.0,0.23754384566321798,0.1139536201953888,0.0,0.1461547315120697,0.0,0.23754384566321798,0.9915054440498352,0.0712631536989654,0.20811177802327976,0.2
258,n02747177/ILSVRC2012_val_00044878,vit_supervised,vit_small_patch16_224,token_gradient,predicted,blocks.11,17,46,46,0.0,0.0,0.8122217725610584,0.24623325892852238,0.4560778737068176,0.0,0.49516043066978455,0.0,0.24623325892852238,0.9726597666740417,0.3175365094468742,0.4105127228735015,0.2
259,n02747177/ILSVRC2012_val_00046138,vit_supervised,vit_small_patch16_224,token_gradient,predicted,blocks.11,17,17,17,0.0,0.0,0.21251692013689719,0.7104591836733278,0.2932707667350769,0.0,0.7315279841423035,0.0,0.7104591836733278,0.9517616629600525,0.2768928311430675,0.3735082753965641,0.2
260,n02747177/ILSVRC2012_val_00049441,vit_supervised,vit_small_patch16_224,token_gradient,predicted,blocks.11,17,40,40,0.0,0.0,0.36778607422651716,0.541115274234586,0.420529842376709,0.0,0.6045016050338745,0.0,0.541115274234586,0.9021905064582825,0.27267040453833097,0.3625539130840182,0.2
261,n02747177/ILSVRC2012_val_00049737,vit_supervised,vit_small_patch16_224,token_gradient,predicted,blocks.11,17,36,36,0.0,0.0,0.4200909211279427,0.4412468112244019,0.36680862307548523,0.0,0.4740621745586395,0.0,0.4412468112244019,0.9837731719017029,0.25840131970570335,0.3629004088733416,0.2
262,n02783161/ILSVRC2012_val_00000721,vit_supervised,vit_small_patch16_224,token_gradient,predicted,blocks.11,18,18,18,0.0,0.0,0.3316458747662679,0.24037388392852355,0.22278420627117157,0.0,0.31826552748680115,0.0,0.24037388392852355,0.27784469723701477,0.17160592760843743,0.1846816442592501,0.2
263,n02783161/ILSVRC2012_val_00001098,vit_supervised,vit_small_patch16_224,token_gradient,predicted,blocks.11,18,30,30,0.0,0.0,0.3356577134983336,0.10907605229589663,0.181003138422966,0.0,0.21602067351341248,0.0,0.10907605229589663,0.9585621953010559,0.13342012973826906,0.25496777074371596,0.2
264,n02783161/ILSVRC2012_val_00001412,vit_supervised,vit_small_patch16_224,token_gradient,predicted,blocks.11,18,34,34,0.0,0.0,0.27540288379959676,0.09968909438773524,0.1347253918647766,0.0,0.14761240780353546,0.0,0.09968909438773524,0.9928591847419739,0.1125275934561996,0.24270187225812906,0.2
265,n02783161/ILSVRC2012_val_00010497,vit_supervised,vit_small_patch16_224,token_gradient,predicted,blocks.11,18,40,40,0.0,0.0,0.0585686062073427,0.13103874362242288,0.10393363237380981,0.0,0.12323679029941559,0.0,0.13103874362242288,0.9906060099601746,0.05688220494892967,0.19599273895146757,0.2
266,n02783161/ILSVRC2012_val_00011215,vit_supervised,vit_small_patch16_224,token_gradient,predicted,blocks.11,18,18,18,0.0,0.0,0.7646322117385282,0.22122130102036408,0.3632526099681854,0.0,0.43412289023399353,0.0,0.22122130102036408,0.9986600279808044,0.2957560538276677,0.39626238238684375,0.2
267,n02783161/ILSVRC2012_val_00016206,vit_supervised,vit_small_patch16_224,token_gradient,predicted,blocks.11,18,18,18,0.0,0.0,0.008657163314451176,0.10883689413263138,0.06867573410272598,0.0,0.0799403041601181,0.0,0.10883689413263138,0.9943789839744568,0.03524821723412477,0.17853036195793914,0.2
268,n02783161/ILSVRC2012_val_00016313,vit_supervised,vit_small_patch16_224,token_gradient,predicted,blocks.11,18,18,18,0.0,0.0,0.44613851519636655,0.08922592474488018,0.28312939405441284,0.0,0.3364618420600891,0.0,0.08922592474488018,0.9986031651496887,0.160609331982374,0.28363158475776495,0.2
269,n02783161/ILSVRC2012_val_00023743,vit_supervised,vit_small_patch16_224,token_gradient,predicted,blocks.11,18,18,18,0.0,0.0,0.047371583057961145,0.4947584502550035,0.17867611348628998,0.0,0.3566858470439911,0.0,0.4947584502550035,0.97649747133255,0.16263900999388936,0.28200712902812364,0.2
270,n02783161/ILSVRC2012_val_00024607,vit_supervised,vit_small_patch16_224,token_gradient,predicted,blocks.11,18,40,40,0.0,0.0,0.28540564702365884,0.4877431441325559,0.2590063810348511,0.0,0.4984882175922394,0.0,0.4877431441325559,0.9635409712791443,0.23194463734686438,0.3378183434809253,0.2
271,n02783161/ILSVRC2012_val_00027801,vit_supervised,vit_small_patch16_224,token_gradient,predicted,blocks.11,18,24,24,0.0,0.0,0.08845596946157137,0.1296037946428313,0.1135663241147995,0.0,0.1286255270242691,0.0,0.1296037946428313,0.9877237677574158,0.06541792923132081,0.20267350618971303,0.2
272,n02783161/ILSVRC2012_val_00036962,vit_supervised,vit_small_patch16_224,token_gradient,predicted,blocks.2,18,18,18,0.4393257796764374,0.3079978823661804,0.5858379082529209,0.4424883622510008,0.2937309145927429,0.24181267619132996,0.3671514093875885,0.4831102788448334,0.13966836734691096,0.9829378128051758,0.48422819302175146,0.5582862624335099,0.2
273,n02783161/ILSVRC2012_val_00043329,vit_supervised,vit_small_patch16_224,token_gradient,predicted,blocks.2,18,22,22,0.21589523553848267,0.18289311230182648,0.5192530064751855,0.5048966267679371,0.31674307584762573,0.1519484966993332,0.4132639467716217,0.6323283910751343,0.32370057397952734,0.9995279908180237,0.39360298418832984,0.4815299393719531,0.2
274,n02783161/ILSVRC2012_val_00044470,vit_supervised,vit_small_patch16_224,token_gradient,predicted,blocks.2,18,18,18,0.48937803506851196,0.11340691894292831,0.5882226211844968,0.48949353448242894,0.28566235303878784,0.10170328617095947,0.3762136697769165,0.6419544816017151,0.24077248086729897,0.9856644868850708,0.5190660607274825,0.5885610242234712,0.2
275,n02783161/ILSVRC2012_val_00046884,vit_supervised,vit_small_patch16_224,token_gradient,predicted,blocks.2,18,24,24,0.21633030474185944,0.26816943287849426,0.5003130513970628,0.37810425053569396,0.31100618839263916,0.19070492684841156,0.38033178448677063,0.5036588311195374,0.3253348214285066,0.966774582862854,0.3500573124765708,0.44033611957226815,0.2
276,n02783161/ILSVRC2012_val_00048616,vit_supervised,vit_small_patch16_224,token_gradient,predicted,blocks.2,18,30,30,0.43516114354133606,0.3662385642528534,0.3389258509301524,0.23420140431940786,0.2760019600391388,0.10900156199932098,0.35133299231529236,0.15355443954467773,0.0767498405612092,0.7514908909797668,0.3460026339914025,0.4083118476988227,0.2
277,n02814533/ILSVRC2012_val_00005862,vit_supervised,vit_small_patch16_224,token_gradient,predicted,blocks.2,19,19,19,-0.010329307988286018,0.22213271260261536,0.22481121340637614,0.23351219003953078,0.2440229058265686,0.07123164087533951,0.7492147088050842,0.8361927270889282,0.7438217474488313,0.9962484836578369,0.13336529783845766,0.2604028656142522,0.2
278,n02814533/ILSVRC2012_val_00008088,vit_supervised,vit_small_patch16_224,token_gradient,predicted,blocks.2,19,19,19,-0.030531542375683784,0.3194759786128998,0.223061978771744,0.1898812953785433,0.2615571916103363,0.10124652832746506,0.8600175380706787,0.8219005465507507,0.8288424744896308,0.9776971340179443,0.11167036529481267,0.23920434880877414,0.2
279,n02814533/ILSVRC2012_val_00023221,vit_supervised,vit_small_patch16_224,token_gradient,predicted,blocks.2,19,29,29,0.10145244002342224,0.46156439185142517,0.11017243949706551,0.20126902188519621,0.18580114841461182,0.14383374154567719,0.6388540267944336,0.7104672193527222,0.69046954719374,0.9553008675575256,0.1340134144240474,0.25666384948739207,0.2
280,n02814533/ILSVRC2012_val_00023474,vit_supervised,vit_small_patch16_224,token_gradient,predicted,blocks.2,19,19,19,-0.1789093315601349,0.21665292978286743,0.12753007275080042,0.21665630343532696,0.20479658246040344,0.10903666913509369,0.38060933351516724,0.5524373054504395,0.4239477040815482,0.9720950126647949,0.03169218023178425,0.16924257990020386,0.2
281,n02814533/ILSVRC2012_val_00024318,vit_supervised,vit_small_patch16_224,token_gradient,predicted,blocks.2,19,19,19,0.20384536683559418,0.35518166422843933,0.03655116467724266,0.12811845723075244,0.281499445438385,0.1460186094045639,0.5700237154960632,0.6171978712081909,0.6913066007651684,0.9865946173667908,0.1309390333066362,0.26050247647447533,0.2
282,n02814533/ILSVRC2012_val_00027049,vit_supervised,vit_small_patch16_224,token_gradient,predicted,blocks.2,19,16,16,0.14493048191070557,0.23464302718639374,0.2771377368149788,0.39655655095157016,0.20340202748775482,0.1837332397699356,0.22735872864723206,0.37800949811935425,0.1976841517856749,0.9786945581436157,0.2600804790942469,0.36595342433192657,0.2
283,n02814533/ILSVRC2012_val_00027293,vit_supervised,vit_small_patch16_224,token_gradient,predicted,blocks.2,19,32,32,0.18295232951641083,0.4032494127750397,0.1968339202900391,0.023741350512996976,0.17341205477714539,0.07036598771810532,0.52488774061203,0.2658151090145111,0.4840760522958219,0.9955952167510986,0.13935351304747515,0.2685164155441676,0.2
284,n02814533/ILSVRC2012_val_00029094,vit_supervised,vit_small_patch16_224,token_gradient,predicted,blocks.2,19,19,19,-0.11124071478843689,0.35008591413497925,0.14334283547345678,0.16271276595740355,0.23660923540592194,0.1280403882265091,0.5993653535842896,0.6196070313453674,0.6712970344386417,0.9957677125930786,0.04732039451388333,0.18694480707072397,0.2
285,n02814533/ILSVRC2012_val_00031464,vit_supervised,vit_small_patch16_224,token_gradient,predicted,blocks.2,19,19,19,-0.019418921321630478,0.24889668822288513,0.26256839394906256,0.3154488447737113,0.3361424207687378,0.134484201669693,0.6331115961074829,0.7505227327346802,0.5818120216835575,0.9536179304122925,0.16563760308817999,0.2807503767799667,0.2
286,n02814533/ILSVRC2012_val_00037112,vit_supervised,vit_small_patch16_224,token_gradient,predicted,blocks.2,19,19,19,-0.00984913855791092,0.1665068417787552,0.2852787167759378,0.23781558201135047,0.3004697859287262,0.06973651796579361,0.6132293343544006,0.6531738638877869,0.5729233099488654,0.9766297936439514,0.1529886342130221,0.273820845248146,0.2
287,n02814533/ILSVRC2012_val_00037160,vit_supervised,vit_small_patch16_224,token_gradient,predicted,blocks.2,19,21,21,0.06347312033176422,0.2535322308540344,0.19729294669775835,0.17282195918182222,0.210570827126503,0.06863430887460709,0.8361282348632812,0.7958519458770752,0.8524792729590138,0.9645088315010071,0.13642371989657986,0.25942064331116366,0.2
272,n02783161/ILSVRC2012_val_00036962,vit_supervised,vit_small_patch16_224,token_gradient,predicted,blocks.5,18,18,18,0.39360401034355164,0.1597294956445694,0.6166761525321413,0.4189492964778795,0.2841259837150574,0.11810670047998428,0.339373916387558,0.4510616660118103,0.13966836734691096,0.9798241853713989,0.4681292388404269,0.5436413936784581,0.2
273,n02783161/ILSVRC2012_val_00043329,vit_supervised,vit_small_patch16_224,token_gradient,predicted,blocks.5,18,22,22,0.16597238183021545,0.18077121675014496,0.4704532736427138,0.2537933008873682,0.30350956320762634,0.10923900455236435,0.40434709191322327,0.49079346656799316,0.32370057397952734,0.9979328513145447,0.28366292509111074,0.3888419049702776,0.2
274,n02783161/ILSVRC2012_val_00044470,vit_supervised,vit_small_patch16_224,token_gradient,predicted,blocks.5,18,18,18,0.3428388833999634,0.12949679791927338,0.603422025664755,0.5011199348398145,0.2911164462566376,0.10836734622716904,0.3722694516181946,0.5691787004470825,0.24077248086729897,0.9888508319854736,0.4684981415113562,0.5444567241139506,0.2
275,n02783161/ILSVRC2012_val_00046884,vit_supervised,vit_small_patch16_224,token_gradient,predicted,blocks.5,18,24,24,0.08331038057804108,0.35071346163749695,0.45445014622278074,0.3458082303684541,0.29381826519966125,0.16142694652080536,0.37096917629241943,0.38168078660964966,0.3253348214285066,0.9809750318527222,0.2734016652085869,0.3763694821280314,0.2
276,n02783161/ILSVRC2012_val_00048616,vit_supervised,vit_small_patch16_224,token_gradient,predicted,blocks.5,18,30,30,0.35474100708961487,0.44757595658302307,0.3743072050669296,0.2532490974726956,0.19656050205230713,0.11056087911128998,0.23030129075050354,0.16101475059986115,0.0767498405612092,0.9798091650009155,0.33016329359773355,0.42801980286640884,0.2
277,n02814533/ILSVRC2012_val_00005862,vit_supervised,vit_small_patch16_224,token_gradient,predicted,blocks.5,19,19,19,0.17260536551475525,0.31026867032051086,0.22960481902678778,0.22871153546774203,0.2982119619846344,0.12350794672966003,0.7633779048919678,0.8340615630149841,0.7438217474488313,0.7421215772628784,0.20653705255426102,0.28630920314322855,0.2
278,n02814533/ILSVRC2012_val_00008088,vit_supervised,vit_small_patch16_224,token_gradient,predicted,blocks.5,19,19,19,0.1465158462524414,0.44116219878196716,0.23252315920154892,0.18919603777926994,0.24227504432201385,0.1417267620563507,0.8582708835601807,0.811924397945404,0.8288424744896308,0.9826801419258118,0.18512209759522225,0.30411236672243097,0.2
279,n02814533/ILSVRC2012_val_00023221,vit_supervised,vit_small_patch16_224,token_gradient,predicted,blocks.5,19,29,29,-0.07834876328706741,0.35562968254089355,0.1008450981841228,0.16935800465854398,0.17886818945407867,0.08852384239435196,0.6410148739814758,0.6957877278327942,0.69046954719374,0.3909350335597992,0.04972142553797306,0.09876896359416298,0.2
280,n02814533/ILSVRC2012_val_00023474,vit_supervised,vit_small_patch16_224,token_gradient,predicted,blocks.5,19,19,19,-0.1472185254096985,0.12860804796218872,0.108404729873218,0.25473928900635057,0.22836066782474518,0.07567301392555237,0.39776667952537537,0.6008459329605103,0.4239477040815482,0.9734163284301758,0.05005579549999117,0.18527197009102403,0.2
281,n02814533/ILSVRC2012_val_00024318,vit_supervised,vit_small_patch16_224,token_gradient,predicted,blocks.5,19,19,19,-0.27173689007759094,0.3035774528980255,0.06900920282058827,0.23705465811013582,0.29485487937927246,0.17151693999767303,0.5984727144241333,0.7448499798774719,0.6913066007651684,0.9809179306030273,-0.01687559775181917,0.1285457432959783,0.2
282,n02814533/ILSVRC2012_val_00027049,vit_supervised,vit_small_patch16_224,token_gradient,predicted,blocks.5,19,16,16,0.08118296414613724,0.1792648434638977,0.14955640050688468,0.2379179849865141,0.18658791482448578,0.10888418555259705,0.2094539850950241,0.2768093943595886,0.1976841517856749,0.9811640381813049,0.14871550130647454,0.27245723955169343,0.2
283,n02814533/ILSVRC2012_val_00027293,vit_supervised,vit_small_patch16_224,token_gradient,predicted,blocks.5,19,32,32,0.12715856730937958,0.37227100133895874,0.19217811121524359,0.11304235034693785,0.15530258417129517,0.07062125951051712,0.4998515844345093,0.40457016229629517,0.4840760522958219,0.9974697828292847,0.14242956539240625,0.2704310813732209,0.2
284,n02814533/ILSVRC2012_val_00029094,vit_supervised,vit_small_patch16_224,token_gradient,predicted,blocks.5,19,19,19,5.101489296066575e-05,0.27595624327659607,0.1362667636968146,0.1314767845126219,0.24016903340816498,0.0773698166012764,0.5970881581306458,0.5107471346855164,0.6712970344386417,0.9789022207260132,0.08034347042001522,0.21378907537379735,0.2
285,n02814533/ILSVRC2012_val_00031464,vit_supervised,vit_small_patch16_224,token_gradient,predicted,blocks.5,19,19,19,-0.020226407796144485,0.2683853805065155,0.24914023691241588,0.31373074346941937,0.3305110037326813,0.1483483612537384,0.6120710372924805,0.7500966787338257,0.5818120216835575,0.9832901358604431,0.16077073099609276,0.2811320227458747,0.2
286,n02814533/ILSVRC2012_val_00037112,vit_supervised,vit_small_patch16_224,token_gradient,predicted,blocks.5,19,19,19,0.011570261791348457,0.21787698566913605,0.30962752845023817,0.20287832263260974,0.30241474509239197,0.07864487171173096,0.6044156551361084,0.5706274509429932,0.5729233099488654,0.9515810012817383,0.15837986004139376,0.27491320458994467,0.2
287,n02814533/ILSVRC2012_val_00037160,vit_supervised,vit_small_patch16_224,token_gradient,predicted,blocks.5,19,21,21,0.13879381120204926,0.17278972268104553,0.21316333563055062,0.18882960761797601,0.19902929663658142,0.03990355506539345,0.8549090027809143,0.8543280363082886,0.8524792729590138,0.9554551243782043,0.17611540745537768,0.2923943383895795,0.2
272,n02783161/ILSVRC2012_val_00036962,vit_supervised,vit_small_patch16_224,token_gradient,predicted,blocks.8,18,18,18,0.24912016093730927,0.26100608706474304,0.6354476537754193,0.3705669481299794,0.28693217039108276,0.10422326624393463,0.3405790627002716,0.27012911438941956,0.13966836734691096,0.9785432815551758,0.40145244494654336,0.48547719903768427,0.2
273,n02783161/ILSVRC2012_val_00043329,vit_supervised,vit_small_patch16_224,token_gradient,predicted,blocks.8,18,22,22,-0.24357758462429047,0.2850188612937927,0.44522054779427717,0.1691657397107145,0.3128974735736847,0.14036592841148376,0.40230438113212585,0.3738989233970642,0.32370057397952734,0.9975525140762329,0.0868848524017813,0.2179772943691812,0.2
274,n02783161/ILSVRC2012_val_00044470,vit_supervised,vit_small_patch16_224,token_gradient,predicted,blocks.8,18,18,18,0.20297124981880188,0.25409117341041565,0.6110139860135408,0.3266150800789835,0.2934216856956482,0.09989029914140701,0.3774990737438202,0.31032705307006836,0.24077248086729897,0.9850940704345703,0.362477219755278,0.45321131452489727,0.2
275,n02783161/ILSVRC2012_val_00046884,vit_supervised,vit_small_patch16_224,token_gradient,predicted,blocks.8,18,24,24,-0.006908087991178036,0.32671672105789185,0.4218134742971995,0.28423873325199306,0.28831541538238525,0.14367468655109406,0.36595264077186584,0.3615866005420685,0.3253348214285066,0.9793010354042053,0.20905242706828656,0.32099037640101663,0.2
276,n02783161/ILSVRC2012_val_00048616,vit_supervised,vit_small_patch16_224,token_gradient,predicted,blocks.8,18,30,30,0.3450354337692261,0.3623046278953552,0.3808671439932569,0.3091354765717836,0.20125412940979004,0.1329597532749176,0.22673554718494415,0.20446467399597168,0.0767498405612092,0.9939265251159668,0.3450149596772025,0.44235203572788423,0.2
277,n02814533/ILSVRC2012_val_00005862,vit_supervised,vit_small_patch16_224,token_gradient,predicted,blocks.8,19,19,19,0.2612099051475525,0.32576784491539,0.2297325370033161,0.21549201786350408,0.318523108959198,0.13329319655895233,0.7628610730171204,0.7785611748695374,0.7438217474488313,0.35975053906440735,0.23805132851906707,0.2566921863780095,0.2
278,n02814533/ILSVRC2012_val_00008088,vit_supervised,vit_small_patch16_224,token_gradient,predicted,blocks.8,19,19,19,0.08307939767837524,0.4202015995979309,0.23358344484796562,0.17761251910482526,0.22954122722148895,0.11711715906858444,0.8643941879272461,0.80546635389328,0.8288424744896308,0.9857215881347656,0.15659054825718738,0.2797350183958439,0.2
279,n02814533/ILSVRC2012_val_00023221,vit_supervised,vit_small_patch16_224,token_gradient,predicted,blocks.8,19,29,29,-0.11917324364185333,0.4068240523338318,0.09938239708666141,0.2001719136133555,0.18304482102394104,0.1278645396232605,0.6127579808235168,0.6846235990524292,0.69046954719374,0.9274787902832031,0.04219699575326374,0.17229976094283603,0.2
280,n02814533/ILSVRC2012_val_00023474,vit_supervised,vit_small_patch16_224,token_gradient,predicted,blocks.8,19,19,19,-0.20047788321971893,0.20572544634342194,0.10469301340857279,0.21495653523742045,0.22115051746368408,0.10718570649623871,0.38641974329948425,0.5470414161682129,0.4239477040815482,0.9753150939941406,0.01570371130591039,0.15604239213371776,0.2
281,n02814533/ILSVRC2012_val_00024318,vit_supervised,vit_small_patch16_224,token_gradient,predicted,blocks.8,19,19,19,-0.1647384911775589,0.2879953980445862,0.04174237130211001,0.18651172662629034,0.254071444272995,0.14227473735809326,0.5492647886276245,0.6765559911727905,0.6913066007651684,0.9687292575836182,0.0025808329074965414,0.1447144412074972,0.2
282,n02814533/ILSVRC2012_val_00027049,vit_supervised,vit_small_patch16_224,token_gradient,predicted,blocks.8,19,16,16,-0.09857731312513351,0.1285974383354187,0.1148108832895051,0.10413899955726862,0.18166270852088928,0.06118239834904671,0.2039380967617035,0.201032817363739,0.1976841517856749,0.9718301892280579,0.026254039603978707,0.16600993950210538,0.2
283,n02814533/ILSVRC2012_val_00027293,vit_supervised,vit_small_patch16_224,token_gradient,predicted,blocks.8,19,32,32,0.18292497098445892,0.43724504113197327,0.16407786746246894,0.16991035822619383,0.1492973268032074,0.10146266222000122,0.4570775628089905,0.4939664304256439,0.4840760522958219,0.992277979850769,0.17336645610038237,0.29636249324434166,0.2
284,n02814533/ILSVRC2012_val_00029094,vit_supervised,vit_small_patch16_224,token_gradient,predicted,blocks.8,19,19,19,-0.04437322914600372,0.25983354449272156,0.13523760062317963,0.2135461485079213,0.23943771421909332,0.0949179157614708,0.5990945100784302,0.6879680156707764,0.6712970344386417,0.976696789264679,0.08688583308092879,0.21816982547137576,0.2
285,n02814533/ILSVRC2012_val_00031464,vit_supervised,vit_small_patch16_224,token_gradient,predicted,blocks.8,19,19,19,-0.25542500615119934,0.2754334509372711,0.2515632976007365,0.208167790815791,0.3271704316139221,0.12666082382202148,0.6071977019309998,0.6291056275367737,0.5818120216835575,0.9823944568634033,0.0357493240644785,0.1728931884807226,0.2
286,n02814533/ILSVRC2012_val_00037112,vit_supervised,vit_small_patch16_224,token_gradient,predicted,blocks.8,19,19,19,-0.2043236792087555,0.2136012762784958,0.3092738260017186,0.10992816462032859,0.2957828640937805,0.07189474999904633,0.5881588459014893,0.4892997741699219,0.5729233099488654,0.9258484840393066,0.04403112550311196,0.17216448253834338,0.2
287,n02814533/ILSVRC2012_val_00037160,vit_supervised,vit_small_patch16_224,token_gradient,predicted,blocks.8,19,21,21,0.009501704946160316,0.17351847887039185,0.21994548142667256,0.187733345328553,0.20040856301784515,0.039543405175209045,0.8660523891448975,0.7782050371170044,0.8524792729590138,0.955178439617157,0.1261043300050318,0.24852206936253604,0.2
272,n02783161/ILSVRC2012_val_00036962,vit_supervised,vit_small_patch16_224,token_gradient,predicted,blocks.11,18,18,18,0.0,0.0,0.6265508684857544,0.13966836734691096,0.3024098873138428,0.0,0.3566257059574127,0.0,0.13966836734691096,0.9790497422218323,0.22986577074979958,0.33841227029144116,0.2
273,n02783161/ILSVRC2012_val_00043329,vit_supervised,vit_small_patch16_224,token_gradient,predicted,blocks.11,18,22,22,0.0,0.0,0.28644864388510405,0.32370057397952734,0.2989296019077301,0.0,0.37656936049461365,0.0,0.32370057397952734,0.9963175058364868,0.1830447653593894,0.3019849303416309,0.2
274,n02783161/ILSVRC2012_val_00044470,vit_supervised,vit_small_patch16_224,token_gradient,predicted,blocks.11,18,18,18,0.0,0.0,0.5728611051841456,0.24077248086729897,0.30067768692970276,0.0,0.37768518924713135,0.0,0.24077248086729897,0.9721243381500244,0.24409007581543335,0.3492270472353648,0.2
275,n02783161/ILSVRC2012_val_00046884,vit_supervised,vit_small_patch16_224,token_gradient,predicted,blocks.11,18,24,24,0.0,0.0,0.45348773090683564,0.3253348214285066,0.29897835850715637,0.0,0.37039390206336975,0.0,0.3253348214285066,0.9764066338539124,0.23364676570060267,0.3411666331619224,0.2
276,n02783161/ILSVRC2012_val_00048616,vit_supervised,vit_small_patch16_224,token_gradient,predicted,blocks.11,18,30,30,0.0,0.0,0.38169154228817737,0.0767498405612092,0.20415814220905304,0.0,0.21783924102783203,0.0,0.0767498405612092,0.9757543802261353,0.13753241485481596,0.2609735027462669,0.2
277,n02814533/ILSVRC2012_val_00005862,vit_supervised,vit_small_patch16_224,token_gradient,predicted,blocks.11,19,19,19,0.0,0.0,0.20128354725782527,0.7438217474488313,0.45958611369132996,0.0,0.7599789500236511,0.0,0.7438217474488313,0.907676100730896,0.283531588411997,0.37242773878629853,0.2
278,n02814533/ILSVRC2012_val_00008088,vit_supervised,vit_small_patch16_224,token_gradient,predicted,blocks.11,19,19,19,0.0,0.0,0.22832940728573814,0.8288424744896308,0.23003211617469788,0.0,0.8596799373626709,0.0,0.8288424744896308,0.9874757528305054,0.3171515645326107,0.41241433336841804,0.2
279,n02814533/ILSVRC2012_val_00023221,vit_supervised,vit_small_patch16_224,token_gradient,predicted,blocks.11,19,29,29,0.0,0.0,0.11697207569807831,0.69046954719374,0.3298157751560211,0.0,0.6502296328544617,0.0,0.69046954719374,0.9816036820411682,0.2422324868675455,0.34910095802912977,0.2
280,n02814533/ILSVRC2012_val_00023474,vit_supervised,vit_small_patch16_224,token_gradient,predicted,blocks.11,19,19,19,0.0,0.0,0.07713745054186233,0.4239477040815482,0.21978850662708282,0.0,0.3611266613006592,0.0,0.4239477040815482,0.9390958547592163,0.15032554638702314,0.2661356668697351,0.2
281,n02814533/ILSVRC2012_val_00024318,vit_supervised,vit_small_patch16_224,token_gradient,predicted,blocks.11,19,19,19,0.0,0.0,0.05396870286574897,0.6913066007651684,0.27882418036460876,0.0,0.5692066550254822,0.0,0.6913066007651684,0.9884855151176453,0.2235825910892752,0.3345916531753761,0.2
282,n02814533/ILSVRC2012_val_00027049,vit_supervised,vit_small_patch16_224,token_gradient,predicted,blocks.11,19,16,16,0.0,0.0,0.03673299735021732,0.1976841517856749,0.14958326518535614,0.0,0.17810019850730896,0.0,0.1976841517856749,0.9799874424934387,0.07032514474076766,0.20560240365798885,0.2
283,n02814533/ILSVRC2012_val_00027293,vit_supervised,vit_small_patch16_224,token_gradient,predicted,blocks.11,19,32,32,0.0,0.0,0.11924870381839787,0.4840760522958219,0.149775892496109,0.0,0.4269348084926605,0.0,0.4840760522958219,0.9853479862213135,0.18099742683426592,0.29863338696175196,0.2
284,n02814533/ILSVRC2012_val_00029094,vit_supervised,vit_small_patch16_224,token_gradient,predicted,blocks.11,19,19,19,0.0,0.0,0.11879414474354623,0.6712970344386417,0.2472303807735443,0.0,0.5882630348205566,0.0,0.6712970344386417,0.9871820211410522,0.2370273537546564,0.3456000979667048,0.2
285,n02814533/ILSVRC2012_val_00031464,vit_supervised,vit_small_patch16_224,token_gradient,predicted,blocks.11,19,19,19,0.0,0.0,0.23502188080463587,0.5818120216835575,0.31517067551612854,0.0,0.5816382765769958,0.0,0.5818120216835575,0.9861175417900085,0.24505017074645802,0.35212610689054963,0.2
286,n02814533/ILSVRC2012_val_00037112,vit_supervised,vit_small_patch16_224,token_gradient,predicted,blocks.11,19,19,19,0.0,0.0,0.05337208354834632,0.5729233099488654,0.2591209411621094,0.0,0.4908733069896698,0.0,0.5729233099488654,0.9594581127166748,0.1878886180491635,0.3004925652818041,0.2
287,n02814533/ILSVRC2012_val_00037160,vit_supervised,vit_small_patch16_224,token_gradient,predicted,blocks.11,19,21,21,0.0,0.0,0.22226079711146085,0.8524792729590138,0.20199795067310333,0.0,0.8757491707801819,0.0,0.8524792729590138,0.9489137530326843,0.32242202102114237,0.4110220804725213,0.2
288,n02814533/ILSVRC2012_val_00041846,vit_supervised,vit_small_patch16_224,token_gradient,predicted,blocks.2,19,19,19,-0.19058306515216827,0.22391705214977264,0.2133359188874139,0.2155186768051797,0.2754687964916229,0.09786592423915863,0.7021346688270569,0.7435100078582764,0.6729113520406823,0.9802799224853516,0.05242315264691076,0.18755156449269222,0.2
289,n02814533/ILSVRC2012_val_00045148,vit_supervised,vit_small_patch16_224,token_gradient,predicted,blocks.2,19,19,19,-0.06637012213468552,0.12263431400060654,0.16804130856661767,0.26758179766819573,0.20763275027275085,0.04983972758054733,0.5165665149688721,0.6792929768562317,0.47173947704072233,0.9838311672210693,0.10413888301656982,0.2332509088947238,0.2
290,n02859443/ILSVRC2012_val_00002527,vit_supervised,vit_small_patch16_224,token_gradient,predicted,blocks.2,20,32,32,-0.2667522132396698,0.16076602041721344,0.0,0.060594098490022105,0.00969332829117775,0.04968215152621269,0.009846101514995098,0.05444948747754097,0.014190051020405336,0.9461574554443359,-0.08852265574886128,0.06370886830527148,0.2
291,n02859443/ILSVRC2012_val_00009743,vit_supervised,vit_small_patch16_224,token_gradient,predicted,blocks.2,20,20,20,0.3281773328781128,0.255268931388855,0.04454525969849091,0.1662811104019758,0.15005560219287872,0.07181165367364883,0.31008490920066833,0.39093494415283203,0.3827726403060462,0.9820669293403625,0.19451884418138513,0.3148786984335106,0.2
292,n02859443/ILSVRC2012_val_00011660,vit_supervised,vit_small_patch16_224,token_gradient,predicted,blocks.2,20,47,47,0.12369199842214584,0.39131832122802734,0.10145193898171158,0.09052861432072556,0.054078683257102966,0.058533925563097,0.058029383420944214,0.06915140897035599,0.038883131377543276,0.8950664401054382,0.10707096535958949,0.22554730378917603,0.2
293,n02859443/ILSVRC2012_val_00012812,vit_supervised,vit_small_patch16_224,token_gradient,predicted,blocks.2,20,32,32,-0.1512472927570343,0.2535337805747986,0.0,0.09735099337739134,0.01594490557909012,0.05151069536805153,0.016963472589850426,0.06251783668994904,0.03117028061223869,0.6735158562660217,-0.031293619089596325,0.07242857431928909,0.2
294,n02859443/ILSVRC2012_val_00021541,vit_supervised,vit_small_patch16_224,token_gradient,predicted,blocks.2,20,46,46,-0.08015497773885727,0.0964866429567337,0.0,0.1804752729606772,0.028645304962992668,0.08399789780378342,0.035843152552843094,0.27083590626716614,0.09305245535712432,0.9686888456344604,0.022080590792660247,0.1623679028767383,0.2
295,n02859443/ILSVRC2012_val_00025453,vit_supervised,vit_small_patch16_224,token_gradient,predicted,blocks.2,20,4,4,-0.07657432556152344,0.16220711171627045,0.0,0.13924418604641042,0.048320431262254715,0.08118780702352524,0.05934038758277893,0.19258885085582733,0.11242426658161025,0.9899796843528748,0.011143525589313748,0.1565069852180006,0.2
296,n02859443/ILSVRC2012_val_00031457,vit_supervised,vit_small_patch16_224,token_gradient,predicted,blocks.2,20,10,10,-0.15848059952259064,0.23626959323883057,0.46918062546376005,0.09650203226992456,0.21070504188537598,0.06892026960849762,0.2556394338607788,0.1678360253572464,0.15485491071425486,0.995608925819397,0.1063125575110691,0.23529379347342397,0.2
297,n02859443/ILSVRC2012_val_00034537,vit_supervised,vit_small_patch16_224,token_gradient,predicted,blocks.2,20,20,20,-0.24405591189861298,0.2796125113964081,0.44210122699352594,0.14706599975591858,0.2521267831325531,0.11228835582733154,0.2754669487476349,0.20288413763046265,0.1747847576530264,0.9735403656959534,0.07912780326538817,0.2079032923772396,0.2
298,n02859443/ILSVRC2012_val_00041484,vit_supervised,vit_small_patch16_224,token_gradient,predicted,blocks.2,20,44,44,-0.11293550580739975,0.17610307037830353,0.1731135513908404,0.22682896840028852,0.534174382686615,0.12400864064693451,0.7781797051429749,0.8465697765350342,0.7942841198978009,0.8155617117881775,0.07480855361437877,0.18279245968341895,0.2
299,n02859443/ILSVRC2012_val_00042363,vit_supervised,vit_small_patch16_224,token_gradient,predicted,blocks.2,20,20,20,0.029838014394044876,0.3128435015678406,0.2747929496706972,0.29305331179305705,0.2669665515422821,0.17771950364112854,0.35984236001968384,0.4234759211540222,0.2785594706632098,0.9934049844741821,0.18228908419674422,0.3014156180749816,0.2
300,n02859443/ILSVRC2012_val_00045293,vit_supervised,vit_small_patch16_224,token_gradient,predicted,blocks.2,20,20,20,-0.44045448303222656,0.16087910532951355,0.0,0.20009745005668336,0.04921385273337364,0.08203177899122238,0.05485057830810547,0.139345183968544,0.09446747448977709,0.9895297288894653,-0.11615255819588562,0.04429475278631134,0.2
301,n02859443/ILSVRC2012_val_00048193,vit_supervised,vit_small_patch16_224,token_gradient,predicted,blocks.2,20,25,25,0.07938704639673233,0.20687071979045868,0.0018339201877920817,0.29193075394920825,0.07205133885145187,0.13628025352954865,0.07575494796037674,0.191179096698761,0.07218590561223051,0.988957405090332,0.11988422079979304,0.2495702455366562,0.2
302,n02917067/ILSVRC2012_val_00000562,vit_supervised,vit_small_patch16_224,token_gradient,predicted,blocks.2,21,21,21,0.18815389275550842,0.10589169710874557,0.25038135816093293,0.4039926761559246,0.21638816595077515,0.054414089769124985,0.38802170753479004,0.5834579467773438,0.2737563775509659,0.9933162927627563,0.27157376739726063,0.37844481495805576,0.2
303,n02917067/ILSVRC2012_val_00001805,vit_supervised,vit_small_patch16_224,token_gradient,predicted,blocks.2,21,17,17,0.32132354378700256,0.32718589901924133,0.05234769772324286,0.12136245386888415,0.11102718114852905,0.07962415367364883,0.15134172141551971,0.1735960692167282,0.1694036989795581,0.9668868780136108,0.18064246299243913,0.30092380992552425,0.2
288,n02814533/ILSVRC2012_val_00041846,vit_supervised,vit_small_patch16_224,token_gradient,predicted,blocks.5,19,19,19,-0.25497013330459595,0.19571219384670258,0.2631290555154252,0.21458084911671488,0.2911021113395691,0.09356405586004257,0.7158293724060059,0.7312793135643005,0.6729113520406823,0.9723166227340698,0.041324918067803626,0.1760354229115369,0.2
289,n02814533/ILSVRC2012_val_00045148,vit_supervised,vit_small_patch16_224,token_gradient,predicted,blocks.5,19,19,19,-0.098185695707798,0.08349551260471344,0.19895418326686148,0.33363668737374524,0.18979813158512115,0.04175812378525734,0.4874522387981415,0.7827117443084717,0.47173947704072233,0.9613101482391357,0.1205029829090628,0.24297924639829271,0.2
290,n02859443/ILSVRC2012_val_00002527,vit_supervised,vit_small_patch16_224,token_gradient,predicted,blocks.5,20,32,32,0.13809271156787872,0.20214956998825073,0.0,0.035955272797343396,0.009281822480261326,0.02276543900370598,0.009464817121624947,0.02526729926466942,0.014190051020405336,0.8932166695594788,0.0660236664663545,0.19130376768201524,0.2
291,n02859443/ILSVRC2012_val_00009743,vit_supervised,vit_small_patch16_224,token_gradient,predicted,blocks.5,20,20,20,0.21582871675491333,0.3099982738494873,0.04899569583929376,0.17217189128510696,0.13531367480754852,0.10703859478235245,0.2791304886341095,0.44070738554000854,0.3827726403060462,0.9930939674377441,0.15268176283928553,0.27979604276098147,0.2
292,n02859443/ILSVRC2012_val_00011660,vit_supervised,vit_small_patch16_224,token_gradient,predicted,blocks.5,20,47,47,0.28077414631843567,0.381034255027771,0.03900832177527825,0.08726415094331706,0.039907749742269516,0.04926072806119919,0.042585697025060654,0.058680612593889236,0.038883131377543276,0.9663754105567932,0.15019140034295286,0.2747953809746203,0.2
293,n02859443/ILSVRC2012_val_00012812,vit_supervised,vit_small_patch16_224,token_gradient,predicted,blocks.5,20,32,32,-0.11301763355731964,0.13690122961997986,0.0,0.03784896206152662,0.018781203776597977,0.023791629821062088,0.019611498340964317,0.03309732303023338,0.03117028061223869,0.7986098527908325,-0.033852364804469876,0.08969754668894465,0.2
294,n02859443/ILSVRC2012_val_00021541,vit_supervised,vit_small_patch16_224,token_gradient,predicted,blocks.5,20,46,46,-0.17119713127613068,0.2670314908027649,0.0,0.24853528063152877,0.026656758040189743,0.12505505979061127,0.03430426865816116,0.19386893510818481,0.09305245535712432,0.9791871905326843,0.006081731679006358,0.14909290279113913,0.2
295,n02859443/ILSVRC2012_val_00025453,vit_supervised,vit_small_patch16_224,token_gradient,predicted,blocks.5,20,4,4,-0.07844419777393341,0.24784977734088898,0.0,0.2367652859958684,0.04129910469055176,0.14033719897270203,0.050312627106904984,0.2320679873228073,0.11242426658161025,0.99688720703125,0.03965190668918716,0.18126893333277788,0.2
296,n02859443/ILSVRC2012_val_00031457,vit_supervised,vit_small_patch16_224,token_gradient,predicted,blocks.5,20,10,10,0.2688170075416565,0.40534988045692444,0.4772255869903947,0.14237135891175262,0.21626795828342438,0.11594981700181961,0.25221148133277893,0.20281413197517395,0.15485491071425486,0.9908630847930908,0.2934058867873068,0.3976146518340802,0.2
297,n02859443/ILSVRC2012_val_00034537,vit_supervised,vit_small_patch16_224,token_gradient,predicted,blocks.5,20,20,20,-0.4140554964542389,0.1483146697282791,0.09990056735093882,0.10461701127813403,0.22687281668186188,0.07611306011676788,0.2433149516582489,0.1825687736272812,0.1747847576530264,0.9545656442642212,-0.10426692499297373,0.0493948175379178,0.2
298,n02859443/ILSVRC2012_val_00041484,vit_supervised,vit_small_patch16_224,token_gradient,predicted,blocks.5,20,44,44,0.253152072429657,0.15907022356987,0.07087814197092089,0.08721424368555643,0.48156505823135376,0.07583549618721008,0.7351805567741394,0.614631712436676,0.7942841198978009,0.943475067615509,0.148688544668806,0.26964758190682564,0.2
299,n02859443/ILSVRC2012_val_00042363,vit_supervised,vit_small_patch16_224,token_gradient,predicted,blocks.5,20,20,20,0.07421691715717316,0.3436663746833801,0.27431937589541244,0.1671608418800529,0.26819518208503723,0.13870936632156372,0.35399574041366577,0.31550106406211853,0.2785594706632098,0.9892247915267944,0.16213083219550886,0.28472969417789606,0.2
300,n02859443/ILSVRC2012_val_00045293,vit_supervised,vit_small_patch16_224,token_gradient,predicted,blocks.5,20,20,20,-0.4453260004520416,0.12043778598308563,0.0,0.22269116186674717,0.05127783492207527,0.07889790832996368,0.05709957331418991,0.16149024665355682,0.09446747448977709,0.9841896891593933,-0.1113230516207925,0.04743714368238122,0.2
301,n02859443/ILSVRC2012_val_00048193,vit_supervised,vit_small_patch16_224,token_gradient,predicted,blocks.5,20,25,25,0.14517758786678314,0.29671260714530945,0.0,0.03926641808078588,0.0593283586204052,0.0643845871090889,0.06404048949480057,0.08666692674160004,0.07218590561223051,0.996005654335022,0.06985096057094903,0.21002960842382384,0.2
302,n02917067/ILSVRC2012_val_00000562,vit_supervised,vit_small_patch16_224,token_gradient,predicted,blocks.5,21,21,21,0.26132699847221375,0.1275937557220459,0.3874394443469401,0.46635000925268866,0.22773262858390808,0.07583890855312347,0.3834708333015442,0.619566023349762,0.2737563775509659,0.5670195817947388,0.3606676354687741,0.3899647501343928,0.2
303,n02917067/ILSVRC2012_val_00001805,vit_supervised,vit_small_patch16_224,token_gradient,predicted,blocks.5,21,17,17,0.26204004883766174,0.20174694061279297,0.07843137254897398,0.0408827988992863,0.1123570054769516,0.03337234631180763,0.1529621034860611,0.1116298958659172,0.1694036989795581,0.9472623467445374,0.1406102709695428,0.26363191196692726,0.2
288,n02814533/ILSVRC2012_val_00041846,vit_supervised,vit_small_patch16_224,token_gradient,predicted,blocks.8,19,19,19,-0.22727546095848083,0.2966344654560089,0.26425767721072957,0.19587713310574859,0.2762398421764374,0.12867248058319092,0.7188648581504822,0.7050285935401917,0.6729113520406823,0.95049649477005,0.0471302587115511,0.17806176545915875,0.2
289,n02814533/ILSVRC2012_val_00045148,vit_supervised,vit_small_patch16_224,token_gradient,predicted,blocks.8,19,19,19,-0.11073986440896988,0.08153468370437622,0.19128406319577587,0.3113255262030458,0.18464425206184387,0.038638900965452194,0.48547235131263733,0.7642019987106323,0.47173947704072233,0.9796727299690247,0.10648693105605855,0.23384435430191966,0.2
290,n02859443/ILSVRC2012_val_00002527,vit_supervised,vit_small_patch16_224,token_gradient,predicted,blocks.8,20,32,32,-0.10930758714675903,0.23661015927791595,0.0,0.03976393188850642,0.010093946941196918,0.024403151124715805,0.01026245765388012,0.0262613445520401,0.014190051020405336,0.8991355299949646,-0.03179385529215169,0.10655365697000563,0.2
291,n02859443/ILSVRC2012_val_00009743,vit_supervised,vit_small_patch16_224,token_gradient,predicted,blocks.8,20,20,20,0.3071206510066986,0.2342928946018219,0.045890263967363225,0.10644013924621369,0.1294710338115692,0.0618051178753376,0.2706804871559143,0.3576183617115021,0.3827726403060462,0.9902318716049194,0.1685473813667525,0.2941096093964767,0.2
292,n02859443/ILSVRC2012_val_00011660,vit_supervised,vit_small_patch16_224,token_gradient,predicted,blocks.8,20,47,47,0.16004729270935059,0.4873051941394806,0.04781886528538524,0.15505444733530396,0.04370797425508499,0.062199924141168594,0.0467524379491806,0.06964725255966187,0.038883131377543276,0.968786895275116,0.12488091086994699,0.2520529148947124,0.2
293,n02859443/ILSVRC2012_val_00012812,vit_supervised,vit_small_patch16_224,token_gradient,predicted,blocks.8,20,32,32,0.12158413976430893,0.25492435693740845,0.004242424242420569,0.024646643109518862,0.03769371658563614,0.023892013356089592,0.03926805779337883,0.02960963360965252,0.03117028061223869,0.9923185706138611,0.0573003761113054,0.19862450134757212,0.2
294,n02859443/ILSVRC2012_val_00021541,vit_supervised,vit_small_patch16_224,token_gradient,predicted,blocks.8,20,46,46,-0.1794232577085495,0.2236548513174057,0.0,0.1514487079090435,0.03251279145479202,0.08247140049934387,0.04183986783027649,0.16434352099895477,0.09305245535712432,0.9883812665939331,-0.026334690710706758,0.12332122676835852,0.2
295,n02859443/ILSVRC2012_val_00025453,vit_supervised,vit_small_patch16_224,token_gradient,predicted,blocks.8,20,4,4,-0.20399679243564606,0.15712939202785492,0.0,0.2825002045322077,0.04198645055294037,0.11789654195308685,0.05136455222964287,0.25058531761169434,0.11242426658161025,0.994070291519165,0.003151344385403876,0.14833671750845057,0.2
296,n02859443/ILSVRC2012_val_00031457,vit_supervised,vit_small_patch16_224,token_gradient,predicted,blocks.8,20,10,10,0.28108975291252136,0.259005606174469,0.4508637548888112,0.14597412627911052,0.21435683965682983,0.08328986912965775,0.24751363694667816,0.18937931954860687,0.15485491071425486,0.9899581670761108,0.29148726551538506,0.3960846088727795,0.2
297,n02859443/ILSVRC2012_val_00034537,vit_supervised,vit_small_patch16_224,token_gradient,predicted,blocks.8,20,20,20,-0.1448805034160614,0.23060032725334167,0.0,0.021788741577906005,0.18884749710559845,0.04650586470961571,0.2094116508960724,0.08802088350057602,0.1747847576530264,0.9651037454605103,-0.05141557889305277,0.09950457101793156,0.2
298,n02859443/ILSVRC2012_val_00041484,vit_supervised,vit_small_patch16_224,token_gradient,predicted,blocks.8,20,44,44,0.4852618873119354,0.16901083290576935,0.045869059348851,0.04972015317930192,0.3675750195980072,0.053140200674533844,0.6851116418838501,0.5010083317756653,0.7942841198978009,0.9851572513580322,0.22278151868322005,0.3415125513949204,0.2
299,n02859443/ILSVRC2012_val_00042363,vit_supervised,vit_small_patch16_224,token_gradient,predicted,blocks.8,20,20,20,-0.16678643226623535,0.3620670437812805,0.2689319875282625,0.10071052028416194,0.2561091482639313,0.10141164809465408,0.3561486005783081,0.2367342859506607,0.2785594706632098,0.9888856410980225,0.04417817943723318,0.18236822182462709,0.2
300,n02859443/ILSVRC2012_val_00045293,vit_supervised,vit_small_patch16_224,token_gradient,predicted,blocks.8,20,20,20,-0.06699761003255844,0.08045657724142075,0.0,0.018193094893516507,0.049268756061792374,0.019765352830290794,0.05495006591081619,0.05593608319759369,0.09446747448977709,0.9944132566452026,-0.021341115544968425,0.13026109870876407,0.2
301,n02859443/ILSVRC2012_val_00048193,vit_supervised,vit_small_patch16_224,token_gradient,predicted,blocks.8,20,25,25,0.0005074728396721184,0.3866056799888611,0.0,0.020702541106113075,0.05694381520152092,0.04337049648165703,0.061559319496154785,0.05483376607298851,0.07218590561223051,0.9962794780731201,0.006413751467702769,0.15479517248138153,0.2
302,n02917067/ILSVRC2012_val_00000562,vit_supervised,vit_small_patch16_224,token_gradient,predicted,blocks.8,21,21,21,-0.042497217655181885,0.39436838030815125,0.44276523427989634,0.2238352638351486,0.24596549570560455,0.14670610427856445,0.3871665596961975,0.35703372955322266,0.2737563775509659,0.794938325881958,0.18298126237244072,0.27101684723174124,0.2
303,n02917067/ILSVRC2012_val_00001805,vit_supervised,vit_small_patch16_224,token_gradient,predicted,blocks.8,21,17,17,0.25373825430870056,0.3320029675960541,0.10861893653920172,0.020705986012434216,0.11682689934968948,0.04084385186433792,0.16136804223060608,0.08965916931629181,0.1694036989795581,0.9640640020370483,0.140292778488971,0.26574921995151146,0.2
288,n02814533/ILSVRC2012_val_00041846,vit_supervised,vit_small_patch16_224,token_gradient,predicted,blocks.11,19,19,19,0.0,0.0,0.24672700364291705,0.6729113520406823,0.2532203197479248,0.0,0.6976304054260254,0.0,0.6729113520406823,0.7245923280715942,0.2758915067050798,0.338598438131639,0.2
289,n02814533/ILSVRC2012_val_00045148,vit_supervised,vit_small_patch16_224,token_gradient,predicted,blocks.11,19,19,19,0.0,0.0,0.18583541498076,0.47173947704072233,0.18466612696647644,0.0,0.4839383363723755,0.0,0.47173947704072233,0.9555286765098572,0.19727246760644468,0.3077230244818492,0.2
290,n02859443/ILSVRC2012_val_00002527,vit_supervised,vit_small_patch16_224,token_gradient,predicted,blocks.11,20,32,32,0.0,0.0,0.0,0.014190051020405336,0.008860601112246513,0.0,0.009000825695693493,0.0,0.014190051020405336,0.8592585921287537,0.004257015306121601,0.13243630157441438,0.2
291,n02859443/ILSVRC2012_val_00009743,vit_supervised,vit_small_patch16_224,token_gradient,predicted,blocks.11,20,20,20,0.0,0.0,0.028562383481646008,0.3827726403060462,0.10434594750404358,0.0,0.21239572763442993,0.0,0.3827726403060462,0.9491497874259949,0.12340050713630765,0.24520622406082226,0.2
292,n02859443/ILSVRC2012_val_00011660,vit_supervised,vit_small_patch16_224,token_gradient,predicted,blocks.11,20,47,47,0.0,0.0,0.01619330224670098,0.038883131377543276,0.023096956312656403,0.0,0.02520204335451126,0.0,0.038883131377543276,0.9598001837730408,0.016522930087273277,0.1577391359720172,0.2
293,n02859443/ILSVRC2012_val_00012812,vit_supervised,vit_small_patch16_224,token_gradient,predicted,blocks.11,20,32,32,0.0,0.0,0.0,0.03117028061223869,0.02919662557542324,0.0,0.030819235369563103,0.0,0.03117028061223869,0.9907411336898804,0.009351084183671607,0.1564037402065417,0.2
294,n02859443/ILSVRC2012_val_00021541,vit_supervised,vit_small_patch16_224,token_gradient,predicted,blocks.11,20,46,46,0.0,0.0,0.0007486048727366622,0.09305245535712432,0.029179498553276062,0.0,0.03845194727182388,0.0,0.09305245535712432,0.98646479845047,0.028140318068958295,0.17141998482503573,0.2
295,n02859443/ILSVRC2012_val_00025453,vit_supervised,vit_small_patch16_224,token_gradient,predicted,blocks.11,20,4,4,0.0,0.0,0.0,0.11242426658161025,0.041435517370700836,0.0,0.05099842697381973,0.0,0.11242426658161025,0.9927530288696289,0.033727279974483076,0.17701902097584687,0.2
296,n02859443/ILSVRC2012_val_00031457,vit_supervised,vit_small_patch16_224,token_gradient,predicted,blocks.11,20,10,10,0.0,0.0,0.4126606377912005,0.15485491071425486,0.20080266892910004,0.0,0.23313798010349274,0.0,0.15485491071425486,0.9874617457389832,0.1702546645516366,0.2899981489872113,0.2
297,n02859443/ILSVRC2012_val_00034537,vit_supervised,vit_small_patch16_224,token_gradient,predicted,blocks.11,20,20,20,0.0,0.0,0.0,0.1747847576530264,0.1756754219532013,0.0,0.19548779726028442,0.0,0.1747847576530264,0.9698864817619324,0.052435427295907916,0.18917916167754645,0.2
298,n02859443/ILSVRC2012_val_00041484,vit_supervised,vit_small_patch16_224,token_gradient,predicted,blocks.11,20,44,44,0.0,0.0,0.04536501550581566,0.7942841198978009,0.32227739691734314,0.0,0.6612184643745422,0.0,0.7942841198978009,0.9594603180885315,0.25189474062108497,0.35383133156418384,0.2
299,n02859443/ILSVRC2012_val_00042363,vit_supervised,vit_small_patch16_224,token_gradient,predicted,blocks.11,20,20,20,0.0,0.0,0.248673946957749,0.2785594706632098,0.2599596679210663,0.0,0.3537801504135132,0.0,0.2785594706632098,0.9933034777641296,0.15817002528628762,0.2808038760698591,0.2
300,n02859443/ILSVRC2012_val_00045293,vit_supervised,vit_small_patch16_224,token_gradient,predicted,blocks.11,20,20,20,0.0,0.0,0.0,0.09446747448977709,0.04239151254296303,0.0,0.047687020152807236,0.0,0.09446747448977709,0.9918251037597656,0.028340242346933126,0.17239063418640913,0.2
301,n02859443/ILSVRC2012_val_00048193,vit_supervised,vit_small_patch16_224,token_gradient,predicted,blocks.11,20,25,25,0.0,0.0,0.0,0.07218590561223051,0.04461090266704559,0.0,0.0487358495593071,0.0,0.07218590561223051,0.9912794232368469,0.021655771683669153,0.16673838988858466,0.2
302,n02917067/ILSVRC2012_val_00000562,vit_supervised,vit_small_patch16_224,token_gradient,predicted,blocks.11,21,21,21,0.0,0.0,0.4425632623336109,0.2737563775509659,0.24782469868659973,0.0,0.3819327652454376,0.0,0.2737563775509659,0.5321875810623169,0.214895891965373,0.25890804713049176,0.2
303,n02917067/ILSVRC2012_val_00001805,vit_supervised,vit_small_patch16_224,token_gradient,predicted,blocks.11,21,17,17,0.0,0.0,0.08665064196512479,0.1694036989795581,0.11796414107084274,0.0,0.16219724714756012,0.0,0.1694036989795581,0.9602928161621094,0.07681630228340486,0.20805750766048714,0.2
304,n02917067/ILSVRC2012_val_00002410,vit_supervised,vit_small_patch16_224,token_gradient,predicted,blocks.2,21,21,21,0.184721902012825,0.28596171736717224,0.35340251542233586,0.3202556447096845,0.2837967276573181,0.13001765310764313,0.48781681060791016,0.5449859499931335,0.3640385841836009,0.97811359167099,0.2759862088447361,0.3797842444881423,0.2
305,n02917067/ILSVRC2012_val_00002700,vit_supervised,vit_small_patch16_224,token_gradient,predicted,blocks.2,21,21,21,0.1068798080086708,0.3859558701515198,0.06064273228449615,0.33812135949763156,0.16206446290016174,0.19724877178668976,0.24093613028526306,0.4224757254123688,0.2715840242346398,0.9960905313491821,0.16238115073810663,0.286512535450944,0.2
306,n02917067/ILSVRC2012_val_00004203,vit_supervised,vit_small_patch16_224,token_gradient,predicted,blocks.2,21,17,17,0.09348788112401962,0.19696402549743652,0.5750221434893046,0.15138565138555335,0.23959650099277496,0.06443092226982117,0.2828938364982605,0.19067583978176117,0.1542570153060917,0.993499219417572,0.2553174909120652,0.36334759002475714,0.2
307,n02917067/ILSVRC2012_val_00010671,vit_supervised,vit_small_patch16_224,token_gradient,predicted,blocks.2,21,21,21,-0.1988314688205719,0.13933077454566956,0.03799460431652968,0.4547230449300808,0.19645139575004578,0.15583521127700806,0.24277344346046448,0.5592522621154785,0.2600845025509686,0.9770963191986084,0.06828270724575437,0.20015284610424372,0.2
308,n02917067/ILSVRC2012_val_00012612,vit_supervised,vit_small_patch16_224,token_gradient,predicted,blocks.2,21,21,21,0.2378837615251541,0.328087717294693,0.20887038377979403,0.20790825555306855,0.2693074643611908,0.1366950124502182,0.47600114345550537,0.5321527719497681,0.46544164540807054,0.9357131123542786,0.2201870964099204,0.32781094322016135,0.2
309,n02917067/ILSVRC2012_val_00014818,vit_supervised,vit_small_patch16_224,token_gradient,predicted,blocks.2,21,21,21,0.054841309785842896,0.17430880665779114,0.1100041826685007,0.265862861603736,0.23004885017871857,0.09015019237995148,0.3732927143573761,0.527596652507782,0.3816964285713525,0.9944636225700378,0.13469663719600816,0.26233076287860985,0.2
310,n02917067/ILSVRC2012_val_00015394,vit_supervised,vit_small_patch16_224,token_gradient,predicted,blocks.2,21,21,21,-0.28060832619667053,0.12736445665359497,0.0,0.3775682998417376,0.11507458984851837,0.13999924063682556,0.15709541738033295,0.5518720746040344,0.286391900510147,0.997606098651886,0.0010271594738530676,0.1458200755893826,0.2
311,n02917067/ILSVRC2012_val_00017843,vit_supervised,vit_small_patch16_224,token_gradient,predicted,blocks.2,21,19,19,0.0012982088373973966,0.2699468433856964,0.2221773007938025,0.35114379748878505,0.1854274570941925,0.10744833201169968,0.5424801111221313,0.7118129134178162,0.46273118622439763,0.9939542412757874,0.17251561301973523,0.2928777838551041,0.2
312,n02917067/ILSVRC2012_val_00020919,vit_supervised,vit_small_patch16_224,token_gradient,predicted,blocks.2,21,21,21,-0.1901070922613144,0.2636054754257202,0.01627599096642296,0.2322879274511314,0.03536849096417427,0.14669138193130493,0.0405631884932518,0.2011484056711197,0.05998883928570233,0.9908546805381775,-0.0014736613792594722,0.14423169939365516,0.2
313,n02917067/ILSVRC2012_val_00027463,vit_supervised,vit_small_patch16_224,token_gradient,predicted,blocks.2,21,21,21,0.04656776785850525,0.28137537837028503,0.25174449812122524,0.3453660295707373,0.24715721607208252,0.12161192297935486,0.6305482983589172,0.7868312001228333,0.5435267857141775,0.9865657687187195,0.19776026545099085,0.3135612159812754,0.2
314,n02917067/ILSVRC2012_val_00029080,vit_supervised,vit_small_patch16_224,token_gradient,predicted,blocks.2,21,21,21,0.15422792732715607,0.3214573264122009,0.07667941668654274,0.14489990467102326,0.09393271058797836,0.08395218849182129,0.144767165184021,0.21491967141628265,0.15904017857139688,0.9779275059700012,0.12816496733813224,0.2560637307993963,0.2
315,n02917067/ILSVRC2012_val_00041806,vit_supervised,vit_small_patch16_224,token_gradient,predicted,blocks.2,21,33,33,0.16110321879386902,0.32204410433769226,0.188558234992207,0.41803379040131117,0.1482192426919937,0.1631481945514679,0.31091073155403137,0.5631668567657471,0.26167889030607033,0.9783145189285278,0.24641889513560306,0.3547813107655129,0.2
316,n02917067/ILSVRC2012_val_00048010,vit_supervised,vit_small_patch16_224,token_gradient,predicted,blocks.2,21,21,21,-0.16469284892082214,0.1102641224861145,0.10426233749427316,0.174292988371173,0.12675227224826813,0.07835932075977325,0.14956307411193848,0.2733871638774872,0.1401267538265027,0.9897814393043518,0.01768945819130499,0.16046355023972655,0.2
317,n02992529/ILSVRC2012_val_00000089,vit_supervised,vit_small_patch16_224,token_gradient,predicted,blocks.2,22,22,22,-0.31807568669319153,0.26197123527526855,0.0374060590577085,0.24420386068832495,0.21360056102275848,0.12226497381925583,0.6157160997390747,0.8720287680625916,0.7711455676018871,0.9268136024475098,-0.0427472987534666,0.09809802996101778,0.2
318,n02992529/ILSVRC2012_val_00003469,vit_supervised,vit_small_patch16_224,token_gradient,predicted,blocks.2,22,46,46,-0.03471984714269638,0.3885634243488312,0.37150672441286914,0.2248686942713143,0.23423762619495392,0.15532410144805908,0.4898594617843628,0.48903775215148926,0.39957350127543056,0.9877480268478394,0.1650246867481765,0.285104112198278,0.2
319,n02992529/ILSVRC2012_val_00004117,vit_supervised,vit_small_patch16_224,token_gradient,predicted,blocks.2,22,29,29,0.026181412860751152,0.24852365255355835,0.24081000213714449,0.22713942244174826,0.31554359197616577,0.11846267431974411,0.7990381717681885,0.8201928734779358,0.7256656568876105,0.9568464159965515,0.1508573925179683,0.2696778130454688,0.2
304,n02917067/ILSVRC2012_val_00002410,vit_supervised,vit_small_patch16_224,token_gradient,predicted,blocks.5,21,21,21,-0.1214854046702385,0.22355550527572632,0.28157406149514036,0.3448488880439342,0.24116811156272888,0.1344710886478424,0.44014856219291687,0.6164223551750183,0.3640385841836009,0.975325882434845,0.13933272299362698,0.2603847281154119,0.2
305,n02917067/ILSVRC2012_val_00002700,vit_supervised,vit_small_patch16_224,token_gradient,predicted,blocks.5,21,21,21,0.1947231888771057,0.3615185022354126,0.052580071174353836,0.2696249396360629,0.1676490753889084,0.18578392267227173,0.24587580561637878,0.4103699028491974,0.2715840242346398,0.995135486125946,0.1745507787939673,0.297974691728483,0.2
306,n02917067/ILSVRC2012_val_00004203,vit_supervised,vit_small_patch16_224,token_gradient,predicted,blocks.5,21,17,17,-0.05811139941215515,0.2093062400817871,0.5579805416771338,0.11609946000243872,0.2462063878774643,0.06605764478445053,0.287186861038208,0.16958089172840118,0.1542570153060917,0.9760843515396118,0.1789794407390097,0.2945936633565806,0.2
307,n02917067/ILSVRC2012_val_00010671,vit_supervised,vit_small_patch16_224,token_gradient,predicted,blocks.5,21,21,21,-0.1679478883743286,0.18708422780036926,0.0180815876515907,0.427378964941305,0.18933053314685822,0.20332664251327515,0.22984391450881958,0.5425476431846619,0.2600845025509686,0.9860966801643372,0.06645901042813727,0.20049787924185947,0.2
308,n02917067/ILSVRC2012_val_00012612,vit_supervised,vit_small_patch16_224,token_gradient,predicted,blocks.5,21,21,21,0.3143400549888611,0.247384712100029,0.27536287242159074,0.19464023757551446,0.31519079208374023,0.11457832157611847,0.49034908413887024,0.5260943174362183,0.46544164540807054,0.9563859105110168,0.266736954994676,0.3709776833220302,0.2
309,n02917067/ILSVRC2012_val_00014818,vit_supervised,vit_small_patch16_224,token_gradient,predicted,blocks.5,21,21,21,0.08935416489839554,0.16268765926361084,0.08372939254415426,0.2753768844219902,0.22535033524036407,0.11072809249162674,0.35161513090133667,0.6180257201194763,0.3816964285713525,0.9931562542915344,0.14347354904920157,0.2700239650997047,0.2
310,n02917067/ILSVRC2012_val_00015394,vit_supervised,vit_small_patch16_224,token_gradient,predicted,blocks.5,21,21,21,0.06600703299045563,0.12251558899879456,0.0,0.16424959450426282,0.11291643977165222,0.07932909578084946,0.1565198004245758,0.37906792759895325,0.286391900510147,0.9984017610549927,0.0756776915474611,0.21392512433097405,0.2
311,n02917067/ILSVRC2012_val_00017843,vit_supervised,vit_small_patch16_224,token_gradient,predicted,blocks.5,21,19,19,0.03254412114620209,0.2968173325061798,0.19507637017063967,0.35032079915522196,0.20173920691013336,0.1295703798532486,0.5084794759750366,0.6806294322013855,0.46273118622439763,0.991528332233429,0.17663679925623932,0.2964689845676505,0.2
312,n02917067/ILSVRC2012_val_00020919,vit_supervised,vit_small_patch16_224,token_gradient,predicted,blocks.5,21,21,21,-0.18499359488487244,0.17300347983837128,0.009753076863526779,0.2150707898656715,0.031436238437891006,0.16268546879291534,0.036521971225738525,0.2665654122829437,0.05998883928570233,0.9903290271759033,-0.006550277935189502,0.14000756254897972,0.2
313,n02917067/ILSVRC2012_val_00027463,vit_supervised,vit_small_patch16_224,token_gradient,predicted,blocks.5,21,21,21,0.18333852291107178,0.31920096278190613,0.28982851611108773,0.3161292598601862,0.3099282383918762,0.15582135319709778,0.6291739344596863,0.7488512396812439,0.5435267857141775,0.9827991724014282,0.25512274195581086,0.36307780287190783,0.2
314,n02917067/ILSVRC2012_val_00029080,vit_supervised,vit_small_patch16_224,token_gradient,predicted,blocks.5,21,21,21,0.06143101304769516,0.3443576693534851,0.050008742787171406,0.1071845614897012,0.08799009770154953,0.07419746369123459,0.13128705322742462,0.16026635468006134,0.15904017857139688,0.9836872816085815,0.07173039650213985,0.2083522728771987,0.2
315,n02917067/ILSVRC2012_val_00041806,vit_supervised,vit_small_patch16_224,token_gradient,predicted,blocks.5,21,33,33,0.08505025506019592,0.3330555260181427,0.16138574150197463,0.23250864591634343,0.1232641264796257,0.10463958233594894,0.30047154426574707,0.4415377676486969,0.26167889030607033,0.9754718542098999,0.1521884182495738,0.2745619642571331,0.2
316,n02917067/ILSVRC2012_val_00048010,vit_supervised,vit_small_patch16_224,token_gradient,predicted,blocks.5,21,21,21,-0.15195396542549133,0.09798184782266617,0.09194446221761345,0.14237900796563197,0.12472964823246002,0.0846453383564949,0.14610472321510315,0.29790449142456055,0.1401267538265027,0.9885441660881042,0.009515454884777085,0.15367860456010504,0.2
317,n02992529/ILSVRC2012_val_00000089,vit_supervised,vit_small_patch16_224,token_gradient,predicted,blocks.5,22,22,22,-0.47864970564842224,0.22366836667060852,0.0368967571708152,0.24375925264172657,0.2162066400051117,0.1188025176525116,0.6123318076133728,0.8858999609947205,0.7711455676018871,0.8912038207054138,-0.10726307931560639,0.03631717858199976,0.2
318,n02992529/ILSVRC2012_val_00003469,vit_supervised,vit_small_patch16_224,token_gradient,predicted,blocks.5,22,46,46,-0.22640006244182587,0.18906043469905853,0.1838501495355801,0.19942588310334125,0.22892719507217407,0.06932152062654495,0.4324595034122467,0.46150779724121094,0.39957350127543056,0.9876038432121277,0.024422784814946044,0.1647195627869104,0.2
319,n02992529/ILSVRC2012_val_00004117,vit_supervised,vit_small_patch16_224,token_gradient,predicted,blocks.5,22,29,29,0.3161914646625519,0.30122122168540955,0.23212201591505782,0.266007032463743,0.34230566024780273,0.12560544908046722,0.8161026835441589,0.8692542910575867,0.7256656568876105,0.9901452660560608,0.27591530037866097,0.38372106463500244,0.2
304,n02917067/ILSVRC2012_val_00002410,vit_supervised,vit_small_patch16_224,token_gradient,predicted,blocks.8,21,21,21,0.048766303807497025,0.3632488548755646,0.2553219797763636,0.23806815696214267,0.2052755504846573,0.13946481049060822,0.40873900055885315,0.4860653877258301,0.3640385841836009,0.9891660213470459,0.1675235625445507,0.2887906437193074,0.2
305,n02917067/ILSVRC2012_val_00002700,vit_supervised,vit_small_patch16_224,token_gradient,predicted,blocks.8,21,21,21,-0.1396324783563614,0.12825025618076324,0.05253325030023018,0.1830408479575106,0.16010978817939758,0.0757514089345932,0.23607237637043,0.42012500762939453,0.2715840242346398,0.9894934892654419,0.014819238134777674,0.158446180529525,0.2
306,n02917067/ILSVRC2012_val_00004203,vit_supervised,vit_small_patch16_224,token_gradient,predicted,blocks.8,21,17,17,-0.2379416674375534,0.27549535036087036,0.5588673621455607,0.06481758821058838,0.2402557134628296,0.07166988402605057,0.28672826290130615,0.1461266577243805,0.1542570153060917,0.9145674109458923,0.09192881813182333,0.2098267656277774,0.2
307,n02917067/ILSVRC2012_val_00010671,vit_supervised,vit_small_patch16_224,token_gradient,predicted,blocks.8,21,21,21,-0.16941846907138824,0.0924186185002327,0.0023881893182794668,0.37787990927517134,0.18898865580558777,0.11070644855499268,0.22522707283496857,0.5406329035758972,0.2600845025509686,0.9790912866592407,0.046313041949479924,0.18263425347226292,0.2
308,n02917067/ILSVRC2012_val_00012612,vit_supervised,vit_small_patch16_224,token_gradient,predicted,blocks.8,21,21,21,0.3525407016277313,0.24580183625221252,0.27633389389990964,0.27128388668890063,0.31190600991249084,0.13773803412914276,0.4869253933429718,0.62059485912323,0.46544164540807054,0.9490822553634644,0.3053016148277356,0.40265602902142816,0.2
309,n02917067/ILSVRC2012_val_00014818,vit_supervised,vit_small_patch16_224,token_gradient,predicted,blocks.8,21,21,21,0.1986733376979828,0.18759706616401672,0.0811201244582431,0.1599507232553807,0.2299211621284485,0.07741729170084,0.34923434257507324,0.39435461163520813,0.3816964285713525,0.9880240559577942,0.15179058939328027,0.27800698851636907,0.2
310,n02917067/ILSVRC2012_val_00015394,vit_supervised,vit_small_patch16_224,token_gradient,predicted,blocks.8,21,21,21,-0.17237891256809235,0.28588512539863586,0.0,0.25340249601959147,0.11294511705636978,0.15795639157295227,0.16224366426467896,0.37228038907051086,0.286391900510147,0.9982825517654419,0.007069183778640492,0.15276038737088182,0.2
311,n02917067/ILSVRC2012_val_00017843,vit_supervised,vit_small_patch16_224,token_gradient,predicted,blocks.8,21,19,19,0.08559809625148773,0.346211314201355,0.19981959227847743,0.16894575877942525,0.15609505772590637,0.07990676164627075,0.5269879698753357,0.4602050185203552,0.46273118622439763,0.9287649989128113,0.1448688438179659,0.2614654212894181,0.2
312,n02917067/ILSVRC2012_val_00020919,vit_supervised,vit_small_patch16_224,token_gradient,predicted,blocks.8,21,21,21,-0.20854432880878448,0.1675819456577301,0.0064809814057507275,0.21995698120245022,0.029135871678590775,0.13260310888290405,0.03405357152223587,0.22692960500717163,0.05998883928570233,0.9912350177764893,-0.01548634274105351,0.13230422823544907,0.2
313,n02917067/ILSVRC2012_val_00027463,vit_supervised,vit_small_patch16_224,token_gradient,predicted,blocks.8,21,21,21,-0.3062819242477417,0.23001989722251892,0.3062675070026939,0.1962739690886307,0.31285813450813293,0.09734456241130829,0.6415004730224609,0.5973671078681946,0.5435267857141775,0.9767900109291077,0.02824967312830068,0.1649551971754877,0.2
314,n02917067/ILSVRC2012_val_00029080,vit_supervised,vit_small_patch16_224,token_gradient,predicted,blocks.8,21,21,21,-0.004246315453201532,0.3661144971847534,0.04750552389810007,0.029016964642697766,0.08541563153266907,0.05298405513167381,0.12735559046268463,0.10656674951314926,0.15904017857139688,0.9840720295906067,0.021258220380958738,0.16525521616516992,0.2
315,n02917067/ILSVRC2012_val_00041806,vit_supervised,vit_small_patch16_224,token_gradient,predicted,blocks.8,21,33,33,0.009800816886126995,0.20531944930553436,0.14666864666857407,0.17972092075770027,0.12272123992443085,0.03871230408549309,0.2986428141593933,0.2960106134414673,0.26167889030607033,0.92148756980896,0.1018371969823331,0.223250813238057,0.2
316,n02917067/ILSVRC2012_val_00048010,vit_supervised,vit_small_patch16_224,token_gradient,predicted,blocks.8,21,21,21,-0.1508064866065979,0.1233706921339035,0.07807959570430949,0.1226892967567116,0.11977864801883698,0.07920344918966293,0.14216801524162292,0.23776157200336456,0.1401267538265027,0.9891397356987,-9.19269043328369e-05,0.145780913157751,0.2
317,n02992529/ILSVRC2012_val_00000089,vit_supervised,vit_small_patch16_224,token_gradient,predicted,blocks.8,22,22,22,-0.4044923782348633,0.1928093135356903,0.0373839734309722,0.24439450431578622,0.228531152009964,0.09790590405464172,0.6201333403587341,0.8728393316268921,0.7711455676018871,0.8017797470092773,-0.0772634079699178,0.04913924910587908,0.2
318,n02992529/ILSVRC2012_val_00003469,vit_supervised,vit_small_patch16_224,token_gradient,predicted,blocks.8,22,46,46,-0.37439456582069397,0.1840837597846985,0.10092951767543697,0.17405557290033793,0.23383323848247528,0.08900478482246399,0.3927324116230011,0.4641035795211792,0.39957350127543056,0.9928932189941406,-0.06726229915554513,0.08664215745582193,0.2
319,n02992529/ILSVRC2012_val_00004117,vit_supervised,vit_small_patch16_224,token_gradient,predicted,blocks.8,22,29,29,0.292118102312088,0.3549725115299225,0.2310098065199494,0.25404325404318545,0.33930695056915283,0.14468400180339813,0.8140321373939514,0.8146483898162842,0.7256656568876105,0.9857560992240906,0.26236315909377567,0.3713680158336281,0.2
304,n02917067/ILSVRC2012_val_00002410,vit_supervised,vit_small_patch16_224,token_gradient,predicted,blocks.11,21,21,21,0.0,0.0,0.18727188824089136,0.3640385841836009,0.16982613503932953,0.0,0.36258092522621155,0.0,0.3640385841836009,0.9939600229263306,0.16539314172734768,0.2869216215450726,0.2
305,n02917067/ILSVRC2012_val_00002700,vit_supervised,vit_small_patch16_224,token_gradient,predicted,blocks.11,21,21,21,0.0,0.0,0.06990414179776185,0.2715840242346398,0.1553979068994522,0.0,0.22581230103969574,0.0,0.2715840242346398,0.8484205007553101,0.1024464498097205,0.21263511662139692,0.2
306,n02917067/ILSVRC2012_val_00004203,vit_supervised,vit_small_patch16_224,token_gradient,predicted,blocks.11,21,17,17,0.0,0.0,0.5240504158445305,0.1542570153060917,0.23417939245700836,0.0,0.27653273940086365,0.0,0.1542570153060917,0.8400877118110657,0.20349222934518665,0.2955900145593154,0.2
307,n02917067/ILSVRC2012_val_00010671,vit_supervised,vit_small_patch16_224,token_gradient,predicted,blocks.11,21,21,21,0.0,0.0,0.0,0.2600845025509686,0.1809430718421936,0.0,0.21651571989059448,0.0,0.2600845025509686,0.970171332359314,0.07802535076529057,0.21054682549163925,0.2
308,n02917067/ILSVRC2012_val_00012612,vit_supervised,vit_small_patch16_224,token_gradient,predicted,blocks.11,21,21,21,0.0,0.0,0.2620100540498688,0.46544164540807054,0.31010308861732483,0.0,0.4765593707561493,0.0,0.46544164540807054,0.9461652636528015,0.21823550983738182,0.32378771441240506,0.2
309,n02917067/ILSVRC2012_val_00014818,vit_supervised,vit_small_patch16_224,token_gradient,predicted,blocks.11,21,21,21,0.0,0.0,0.07936097037828506,0.3816964285713525,0.22533449530601501,0.0,0.342435359954834,0.0,0.3816964285713525,0.9647606015205383,0.13831721968489125,0.25997843996549014,0.2
310,n02917067/ILSVRC2012_val_00015394,vit_supervised,vit_small_patch16_224,token_gradient,predicted,blocks.11,21,21,21,0.0,0.0,0.0,0.286391900510147,0.11118201166391373,0.0,0.15932004153728485,0.0,0.286391900510147,0.9968984127044678,0.0859175701530441,0.2211327370332069,0.2
311,n02917067/ILSVRC2012_val_00017843,vit_supervised,vit_small_patch16_224,token_gradient,predicted,blocks.11,21,19,19,0.0,0.0,0.10043682573297358,0.46273118622439763,0.13874509930610657,0.0,0.4004764258861542,0.0,0.46273118622439763,0.8154869079589844,0.16895040358721136,0.26311503918319046,0.2
312,n02917067/ILSVRC2012_val_00020919,vit_supervised,vit_small_patch16_224,token_gradient,predicted,blocks.11,21,21,21,0.0,0.0,0.001381745605280278,0.05998883928570233,0.029396800324320793,0.0,0.03391563147306442,0.0,0.05998883928570233,0.9670418500900269,0.018411175467294785,0.16039892373624967,0.2
313,n02917067/ILSVRC2012_val_00027463,vit_supervised,vit_small_patch16_224,token_gradient,predicted,blocks.11,21,21,21,0.0,0.0,0.3274936924770522,0.5435267857141775,0.3390906751155853,0.0,0.6541223526000977,0.0,0.5435267857141775,0.8653879165649414,0.2613061434573689,0.3475633070325486,0.2
314,n02917067/ILSVRC2012_val_00029080,vit_supervised,vit_small_patch16_224,token_gradient,predicted,blocks.11,21,21,21,0.0,0.0,0.04295721646497831,0.15904017857139688,0.07894111424684525,0.0,0.1171683669090271,0.0,0.15904017857139688,0.9818556308746338,0.06059921851091256,0.1977776933902889,0.2
315,n02917067/ILSVRC2012_val_00041806,vit_supervised,vit_small_patch16_224,token_gradient,predicted,blocks.11,21,33,33,0.0,0.0,0.14479861625888568,0.26167889030607033,0.11981201171875,0.0,0.29441025853157043,0.0,0.26167889030607033,-0.26730191707611084,0.1219432519694868,0.06152408907982238,0.2
316,n02917067/ILSVRC2012_val_00048010,vit_supervised,vit_small_patch16_224,token_gradient,predicted,blocks.11,21,21,21,0.0,0.0,0.0749559082891944,0.1401267538265027,0.12279864400625229,0.0,0.14444631338119507,0.0,0.1401267538265027,0.9873734712600708,0.06452479863470913,0.20187668621793486,0.2
317,n02992529/ILSVRC2012_val_00000089,vit_supervised,vit_small_patch16_224,token_gradient,predicted,blocks.11,22,22,22,0.0,0.0,0.04115208751761866,0.7711455676018871,0.22534888982772827,0.0,0.6227700710296631,0.0,0.7711455676018871,0.49923208355903625,0.24368929653585172,0.2779592263137319,0.2
318,n02992529/ILSVRC2012_val_00003469,vit_supervised,vit_small_patch16_224,token_gradient,predicted,blocks.11,22,46,46,0.0,0.0,0.03820271249610443,0.39957350127543056,0.22912952303886414,0.0,0.344741553068161,0.0,0.39957350127543056,0.9913074374198914,0.13133286413146047,0.25814016905586745,0.2
319,n02992529/ILSVRC2012_val_00004117,vit_supervised,vit_small_patch16_224,token_gradient,predicted,blocks.11,22,29,29,0.0,0.0,0.22226315789467838,0.7256656568876105,0.3344760537147522,0.0,0.8195185661315918,0.0,0.7256656568876105,0.9781351089477539,0.28437864443468663,0.3837024700377353,0.2
320,n02992529/ILSVRC2012_val_00008314,vit_supervised,vit_small_patch16_224,token_gradient,predicted,blocks.2,22,22,22,0.3753666281700134,0.12782429158687592,0.31238662263346556,0.28442663995981043,0.3623248338699341,0.08591146022081375,0.4830785095691681,0.5816530585289001,0.3623246173468666,0.9067403674125671,0.32919063004598814,0.4165926906197087,0.2
321,n02992529/ILSVRC2012_val_00008541,vit_supervised,vit_small_patch16_224,token_gradient,predicted,blocks.2,22,26,26,-0.15569835901260376,0.13574016094207764,0.3232846514189455,0.28772927169350654,0.31910979747772217,0.09759530425071716,0.380402535200119,0.42861035466194153,0.278539540816271,0.9959905743598938,0.12102483332869411,0.24765764127768577,0.2
322,n02992529/ILSVRC2012_val_00009609,vit_supervised,vit_small_patch16_224,token_gradient,predicted,blocks.2,22,30,30,-0.03204140439629555,0.20551736652851105,0.22470056497170066,0.19919886690563468,0.32603228092193604,0.07384932786226273,0.9405665993690491,0.901314914226532,0.879942602040641,0.9957990050315857,0.11435326780468238,0.24413021718536826,0.2
323,n02992529/ILSVRC2012_val_00010543,vit_supervised,vit_small_patch16_224,token_gradient,predicted,blocks.2,22,38,38,0.29551732540130615,0.3599291443824768,0.20667638281622364,0.209825000869704,0.36191651225090027,0.17230282723903656,0.5828337669372559,0.5976713299751282,0.4930444834182691,0.9433538317680359,0.24315734526630076,0.3490594845771444,0.2
324,n02992529/ILSVRC2012_val_00011346,vit_supervised,vit_small_patch16_224,token_gradient,predicted,blocks.2,22,46,46,-0.16636012494564056,0.3998144567012787,0.0,0.18223081449089498,0.03018820658326149,0.09978528320789337,0.037623997777700424,0.14006362855434418,0.0803172831632493,0.9986662268638611,-0.011874805630987743,0.13713159392132873,0.2
325,n02992529/ILSVRC2012_val_00013031,vit_supervised,vit_small_patch16_224,token_gradient,predicted,blocks.2,22,22,22,-0.008692735806107521,0.14561203122138977,0.1934327411166899,0.11296192195032015,0.2735733091831207,0.0405409038066864,0.5106766819953918,0.384863942861557,0.5497050382651966,0.9113186001777649,0.08844130459766,0.2102539982612796,0.2
326,n02992529/ILSVRC2012_val_00021818,vit_supervised,vit_small_patch16_224,token_gradient,predicted,blocks.2,22,22,22,-0.12702539563179016,0.27812162041664124,0.25785030553486,0.20015502830944992,0.24993427097797394,0.09179074317216873,0.6198996901512146,0.49875593185424805,0.5097257653060209,0.8597995042800903,0.08659144190057691,0.19901237063196447,0.2
327,n02992529/ILSVRC2012_val_00023929,vit_supervised,vit_small_patch16_224,token_gradient,predicted,blocks.2,22,22,22,0.01737510785460472,0.37233448028564453,0.05549641472672475,0.19039528825457236,0.21575364470481873,0.17573250830173492,0.6389256715774536,0.8484295010566711,0.847317442601872,0.9819396734237671,0.08071755403623102,0.214845164508001,0.2
328,n02992529/ILSVRC2012_val_00032046,vit_supervised,vit_small_patch16_224,token_gradient,predicted,blocks.2,22,22,22,0.06117880344390869,0.1343214511871338,0.2225227222344885,0.183369098712407,0.40565139055252075,0.06102663651108742,0.937675952911377,0.9171069264411926,0.8990353954079842,0.9664998650550842,0.1462390676616321,0.26786051620035456,0.2
329,n02992529/ILSVRC2012_val_00032888,vit_supervised,vit_small_patch16_224,token_gradient,predicted,blocks.2,22,22,22,-0.030407804995775223,0.2754809558391571,0.1258381464515283,0.40038804491396945,0.14095057547092438,0.16104568541049957,0.4533424377441406,0.7947259545326233,0.4759646045917419,-0.8109534382820129,0.14570473541133924,-0.0007291996494488279,0.2
330,n02992529/ILSVRC2012_val_00034755,vit_supervised,vit_small_patch16_224,token_gradient,predicted,blocks.2,22,39,39,-0.03805549442768097,0.3438013792037964,0.2643021011615512,0.2958235359980981,0.2133544683456421,0.11748315393924713,0.5437535047531128,0.6080763936042786,0.49194834183663666,0.9992319941520691,0.15281549337682238,0.27659678536303434,0.2
331,n02992529/ILSVRC2012_val_00035427,vit_supervised,vit_small_patch16_224,token_gradient,predicted,blocks.2,22,26,26,0.10648567229509354,0.361264705657959,0.3581007194242543,0.45248061061156436,0.14867712557315826,0.1637982428073883,0.5348771214485168,0.5253430008888245,0.2702885841836196,0.9978591203689575,0.285768667928783,0.389594185867581,0.2
332,n02992529/ILSVRC2012_val_00039932,vit_supervised,vit_small_patch16_224,token_gradient,predicted,blocks.2,22,32,32,-0.07917903363704681,0.35904550552368164,0.22373290839924342,0.16655641308338442,0.15473559498786926,0.08079804480075836,0.8237298130989075,0.717546820640564,0.7489237882651569,0.9760715961456299,0.08541518298996963,0.21627040801953507,0.2
333,n02992529/ILSVRC2012_val_00041044,vit_supervised,vit_small_patch16_224,token_gradient,predicted,blocks.2,22,18,18,0.048903968185186386,0.1795770823955536,0.22853185595554104,0.26698546764360515,0.19515347480773926,0.13202781975269318,0.22871354222297668,0.36797016859054565,0.20659279336730577,0.7721940875053406,0.16821678435381843,0.25682483289040287,0.2
334,n02992529/ILSVRC2012_val_00047946,vit_supervised,vit_small_patch16_224,token_gradient,predicted,blocks.2,22,25,25,0.0323701836168766,0.42630526423454285,0.1309716206605915,0.2058864074991688,0.08137232810258865,0.13553468883037567,0.1363375335931778,0.2080102413892746,0.1486766581632357,0.9839887619018555,0.11400548189467874,0.2431423855911252,0.2
335,n02992529/ILSVRC2012_val_00049503,vit_supervised,vit_small_patch16_224,token_gradient,predicted,blocks.2,22,22,22,-0.14536556601524353,0.1430215835571289,0.17747142151829498,0.3167976215755715,0.24741122126579285,0.08005036413669586,0.4244397282600403,0.6307417750358582,0.4179089604591004,0.9951486587524414,0.09013448652206252,0.2219616114809976,0.2
320,n02992529/ILSVRC2012_val_00008314,vit_supervised,vit_small_patch16_224,token_gradient,predicted,blocks.5,22,22,22,0.12914079427719116,0.1563555747270584,0.39934533551535023,0.20654265554834014,0.3649442493915558,0.09512938559055328,0.47463560104370117,0.5094348192214966,0.3623246173468666,0.9423855543136597,0.23342271502998357,0.33802910890998844,0.2
321,n02992529/ILSVRC2012_val_00008541,vit_supervised,vit_small_patch16_224,token_gradient,predicted,blocks.5,22,26,26,-0.027621297165751457,0.11274277418851852,0.4440101034397137,0.215500658094454,0.3557281196117401,0.07074122130870819,0.4015677869319916,0.3679597079753876,0.278539540816271,0.9890673160552979,0.18680470959394974,0.3035703337838236,0.2
322,n02992529/ILSVRC2012_val_00009609,vit_supervised,vit_small_patch16_224,token_gradient,predicted,blocks.5,22,30,30,-0.1284501701593399,0.2027963399887085,0.22581155977825457,0.22089538787368568,0.2942836582660675,0.07897894829511642,0.9255859851837158,0.9315418601036072,0.879942602040641,0.9912559986114502,0.0826320162318461,0.2154075771489336,0.2
323,n02992529/ILSVRC2012_val_00010543,vit_supervised,vit_small_patch16_224,token_gradient,predicted,blocks.5,22,38,38,0.3029046952724457,0.26941144466400146,0.1580524843478893,0.18014930437727175,0.36352476477622986,0.11735815554857254,0.5748817324638367,0.526665210723877,0.4930444834182691,0.9146919250488281,0.22262241472652658,0.3277708792839705,0.2
324,n02992529/ILSVRC2012_val_00011346,vit_supervised,vit_small_patch16_224,token_gradient,predicted,blocks.5,22,46,46,-0.02978784590959549,0.43194329738616943,0.00021334091878807184,0.010707099741297278,0.03984753414988518,0.028479348868131638,0.04840189591050148,0.04143781214952469,0.0803172831632493,0.9963681101799011,-0.00863900616581259,0.14175958062364807,0.2
325,n02992529/ILSVRC2012_val_00013031,vit_supervised,vit_small_patch16_224,token_gradient,predicted,blocks.5,22,22,22,-0.11323951929807663,0.16959258913993835,0.19127846217177336,0.07109908883824856,0.31701362133026123,0.041219037026166916,0.5672851800918579,0.3130307197570801,0.5497050382651966,0.9831310510635376,0.033417457583775914,0.17343021365770928,0.2
326,n02992529/ILSVRC2012_val_00021818,vit_supervised,vit_small_patch16_224,token_gradient,predicted,blocks.5,22,22,22,-0.11992792785167694,0.25303417444229126,0.30491022352498903,0.15875959911487741,0.37019452452659607,0.10114405304193497,0.6598821878433228,0.5144482851028442,0.5097257653060209,0.9699603915214539,0.09112977565128916,0.21943673964009777,0.2
327,n02992529/ILSVRC2012_val_00023929,vit_supervised,vit_small_patch16_224,token_gradient,predicted,blocks.5,22,22,22,-0.05739594250917435,0.22298772633075714,0.05350734748700838,0.1812174069411569,0.21961940824985504,0.09093786776065826,0.6243201494216919,0.8564863204956055,0.847317442601872,0.9775719046592712,0.047459049324779845,0.185228394427721,0.2
328,n02992529/ILSVRC2012_val_00032046,vit_supervised,vit_small_patch16_224,token_gradient,predicted,blocks.5,22,22,22,0.15977081656455994,0.18970811367034912,0.22237492518781232,0.18512389589731898,0.40491896867752075,0.0829668790102005,0.9223613739013672,0.8905120491981506,0.8990353954079842,0.9800558090209961,0.18615797295136338,0.3048028624220282,0.2
329,n02992529/ILSVRC2012_val_00032888,vit_supervised,vit_small_patch16_224,token_gradient,predicted,blocks.5,22,22,22,-0.16402192413806915,0.1639707386493683,0.014416031105125045,0.3896992542815743,0.3575183153152466,0.1783306747674942,0.4519304931163788,0.803338885307312,0.4759646045917419,0.946469783782959,0.055625815960782136,0.18559161546579447,0.2
330,n02992529/ILSVRC2012_val_00034755,vit_supervised,vit_small_patch16_224,token_gradient,predicted,blocks.5,22,39,39,-0.04585187882184982,0.32257896661758423,0.26088377328337353,0.29596864501668685,0.21310904622077942,0.1135018989443779,0.5618524551391602,0.615384042263031,0.49194834183663666,0.9990780353546143,0.1487149739612782,0.2730266522905598,0.2
331,n02992529/ILSVRC2012_val_00035427,vit_supervised,vit_small_patch16_224,token_gradient,predicted,blocks.5,22,26,26,0.5688656568527222,0.3346608877182007,0.5630090722464982,0.387569093260974,0.18195740878582,0.1386406421661377,0.4767897129058838,0.5967674851417542,0.2702885841836196,0.9978992938995361,0.5127197123933305,0.5864324153602511,0.2
332,n02992529/ILSVRC2012_val_00039932,vit_supervised,vit_small_patch16_224,token_gradient,predicted,blocks.5,22,32,32,-0.11733666062355042,0.32725533843040466,0.22125323825885007,0.1535237541487624,0.1557120382785797,0.08106216043233871,0.8282418251037598,0.629544198513031,0.7489237882651569,0.9680780172348022,0.06549843347286358,0.1978381194688808,0.2
333,n02992529/ILSVRC2012_val_00041044,vit_supervised,vit_small_patch16_224,token_gradient,predicted,blocks.5,22,18,18,0.017366183921694756,0.2025429606437683,0.15822641080949346,0.08033255666168167,0.17356660962104797,0.06774213165044785,0.20270118117332458,0.17359375953674316,0.20659279336730577,0.8092908263206482,0.07851416381003044,0.18711153018848414,0.2
334,n02992529/ILSVRC2012_val_00047946,vit_supervised,vit_small_patch16_224,token_gradient,predicted,blocks.5,22,25,25,-0.05866821110248566,0.34582793712615967,0.09996856334479724,0.1747918345419186,0.07280799746513367,0.12276782840490341,0.12317309528589249,0.23066391050815582,0.1486766581632357,0.9914370775222778,0.05896083492502049,0.19687178721415066,0.2
335,n02992529/ILSVRC2012_val_00049503,vit_supervised,vit_small_patch16_224,token_gradient,predicted,blocks.5,22,22,22,-0.314253032207489,0.15234096348285675,0.16506350041325427,0.4231810879043272,0.22391311824321747,0.1219850480556488,0.4160434305667877,0.792759120464325,0.4179089604591004,0.9963952898979187,0.05077216361227882,0.18653187929146203,0.2
320,n02992529/ILSVRC2012_val_00008314,vit_supervised,vit_small_patch16_224,token_gradient,predicted,blocks.8,22,22,22,0.19978760182857513,0.139654740691185,0.4326698486846589,0.22647250597686308,0.3554461598396301,0.07842689752578735,0.4737238883972168,0.49088254570961,0.3623246173468666,0.9066380858421326,0.27765774712988667,0.3707069621817016,0.2
321,n02992529/ILSVRC2012_val_00008541,vit_supervised,vit_small_patch16_224,token_gradient,predicted,blocks.8,22,26,26,-0.014704338274896145,0.09672430157661438,0.361399330951771,0.16832068495808117,0.33447757363319397,0.06083236634731293,0.3874272406101227,0.36650848388671875,0.278539540816271,0.9903786182403564,0.1530342694629972,0.27584027831730284,0.2
322,n02992529/ILSVRC2012_val_00009609,vit_supervised,vit_small_patch16_224,token_gradient,predicted,blocks.8,22,30,30,-0.23172752559185028,0.3187209665775299,0.22439112557041607,0.22117053162954475,0.2974454164505005,0.1483851671218872,0.9460945725440979,0.9280285239219666,0.879942602040641,0.9830324649810791,0.040977486923248124,0.17774065009000445,0.2
323,n02992529/ILSVRC2012_val_00010543,vit_supervised,vit_small_patch16_224,token_gradient,predicted,blocks.8,22,38,38,-0.012188432738184929,0.0895095095038414,0.22741872860109863,0.13432933194150107,0.3876590430736542,0.036407191306352615,0.5793180465698242,0.4333299994468689,0.4930444834182691,0.8991495966911316,0.10364904506750594,0.22104350318095492,0.2
324,n02992529/ILSVRC2012_val_00011346,vit_supervised,vit_small_patch16_224,token_gradient,predicted,blocks.8,22,46,46,0.03839018940925598,0.33668017387390137,0.0,0.04077253218881103,0.035268642008304596,0.03911788761615753,0.04301009327173233,0.061029400676488876,0.0803172831632493,0.9926285147666931,0.0275878354203457,0.1725239765554463,0.2
325,n02992529/ILSVRC2012_val_00013031,vit_supervised,vit_small_patch16_224,token_gradient,predicted,blocks.8,22,22,22,-0.21543172001838684,0.1930503100156784,0.19738349885402426,0.0598427859014285,0.32798853516578674,0.05350764840841293,0.5839216709136963,0.36170369386672974,0.5497050382651966,0.9830331802368164,-0.009004802580718917,0.13636044621795027,0.2
326,n02992529/ILSVRC2012_val_00021818,vit_supervised,vit_small_patch16_224,token_gradient,predicted,blocks.8,22,22,22,-0.1994098275899887,0.29718926548957825,0.2869895193349162,0.14789027495724208,0.4038223326206207,0.1316627562046051,0.6411312818527222,0.4954010546207428,0.5097257653060209,0.9245792627334595,0.05070000725165198,0.17761339832656245,0.2
327,n02992529/ILSVRC2012_val_00023929,vit_supervised,vit_small_patch16_224,token_gradient,predicted,blocks.8,22,22,22,-0.13921837508678436,0.29855936765670776,0.05371859397243815,0.21747793248842356,0.22734525799751282,0.13887183368206024,0.6319347023963928,0.8696582913398743,0.847317442601872,0.9702028036117554,0.025671607903544766,0.1646031208766042,0.2
328,n02992529/ILSVRC2012_val_00032046,vit_supervised,vit_small_patch16_224,token_gradient,predicted,blocks.8,22,22,22,0.279947966337204,0.26454833149909973,0.22229364305341293,0.1614608563785755,0.40025055408477783,0.11139488965272903,0.9174207448959351,0.85009765625,0.8990353954079842,0.9786999225616455,0.2271055363644781,0.3407254014602653,0.2
329,n02992529/ILSVRC2012_val_00032888,vit_supervised,vit_small_patch16_224,token_gradient,predicted,blocks.8,22,22,22,-0.23020970821380615,0.18268334865570068,0.03677324692790953,0.3345268542198172,0.2881452143192291,0.1439574658870697,0.4176155626773834,0.6832196712493896,0.4759646045917419,0.9592018723487854,0.019306147058795547,0.15613190826441734,0.2
330,n02992529/ILSVRC2012_val_00034755,vit_supervised,vit_small_patch16_224,token_gradient,predicted,blocks.8,22,39,39,-0.1558818221092224,0.3003632128238678,0.24172090694505338,0.2838442480492978,0.20686307549476624,0.11921222507953644,0.5318443775177002,0.6222847104072571,0.49194834183663666,0.9989920854568481,0.09531681765461639,0.22668146382888718,0.2
331,n02992529/ILSVRC2012_val_00035427,vit_supervised,vit_small_patch16_224,token_gradient,predicted,blocks.8,22,26,26,0.7290407419204712,0.23595690727233887,0.6521038997404942,0.443418155125738,0.2386016696691513,0.1419348269701004,0.4541352093219757,0.7345331311225891,0.2702885841836196,0.9974620938301086,0.6202729132280582,0.6786640874632393,0.2
332,n02992529/ILSVRC2012_val_00039932,vit_supervised,vit_small_patch16_224,token_gradient,predicted,blocks.8,22,32,32,0.051529910415410995,0.43145960569381714,0.2208774583963125,0.16376212939648432,0.15481047332286835,0.0950450599193573,0.8284337520599365,0.7001437544822693,0.7489237882651569,0.9775019288063049,0.13600384050400344,0.26082065491453876,0.2
333,n02992529/ILSVRC2012_val_00041044,vit_supervised,vit_small_patch16_224,token_gradient,predicted,blocks.8,22,18,18,0.06180664896965027,0.2641907036304474,0.18211843782583026,0.13914791445634087,0.18748831748962402,0.10571407526731491,0.21253669261932373,0.21500302851200104,0.20659279336730577,0.886789083480835,0.12110256527251144,0.23496727773204562,0.2
334,n02992529/ILSVRC2012_val_00047946,vit_supervised,vit_small_patch16_224,token_gradient,predicted,blocks.8,22,25,25,-0.12468317896127701,0.25479865074157715,0.10015718327563648,0.16789052069414692,0.08104172348976135,0.08775343745946884,0.12942664325237274,0.21544881165027618,0.1486766581632357,0.9929097294807434,0.030541039606424215,0.1723092727781104,0.2
335,n02992529/ILSVRC2012_val_00049503,vit_supervised,vit_small_patch16_224,token_gradient,predicted,blocks.8,22,22,22,-0.18374310433864594,0.23080652952194214,0.12944818794386106,0.35076024920474413,0.23612502217292786,0.13441894948482513,0.4067624509334564,0.6433042883872986,0.4179089604591004,0.9954617023468018,0.07056528940912318,0.20506127812064548,0.2
320,n02992529/ILSVRC2012_val_00008314,vit_supervised,vit_small_patch16_224,token_gradient,predicted,blocks.11,22,22,22,0.0,0.0,0.4851563322452441,0.3623246173468666,0.34419378638267517,0.0,0.46394115686416626,0.0,0.3623246173468666,0.9361059665679932,0.25424428487763323,0.35228613238322665,0.2
321,n02992529/ILSVRC2012_val_00008541,vit_supervised,vit_small_patch16_224,token_gradient,predicted,blocks.11,22,26,26,0.0,0.0,0.13699213940707594,0.278539540816271,0.3138245642185211,0.0,0.3541747033596039,0.0,0.278539540816271,0.9738337993621826,0.1246595040670041,0.24995798996016413,0.2
322,n02992529/ILSVRC2012_val_00009609,vit_supervised,vit_small_patch16_224,token_gradient,predicted,blocks.11,22,30,30,0.0,0.0,0.22268604178883916,0.879942602040641,0.33181196451187134,0.0,0.9618979692459106,0.0,0.879942602040641,0.9042700529098511,0.330788593148844,0.41129766889384767,0.2
323,n02992529/ILSVRC2012_val_00010543,vit_supervised,vit_small_patch16_224,token_gradient,predicted,blocks.11,22,38,38,0.0,0.0,0.20300283678122086,0.4930444834182691,0.3891085684299469,0.0,0.540697455406189,0.0,0.4930444834182691,0.8794448971748352,0.20881419605984697,0.30592856462609774,0.2
324,n02992529/ILSVRC2012_val_00011346,vit_supervised,vit_small_patch16_224,token_gradient,predicted,blocks.11,22,46,46,0.0,0.0,0.0,0.0803172831632493,0.021021194756031036,0.0,0.02611135132610798,0.0,0.0803172831632493,0.9974834322929382,0.02409518494897479,0.16970183563475305,0.2
325,n02992529/ILSVRC2012_val_00013031,vit_supervised,vit_small_patch16_224,token_gradient,predicted,blocks.11,22,22,22,0.0,0.0,0.21899607893962247,0.5497050382651966,0.3658190071582794,0.0,0.6362784504890442,0.0,0.5497050382651966,0.9376583695411682,0.2306103351614457,0.33282403473238,0.2
326,n02992529/ILSVRC2012_val_00021818,vit_supervised,vit_small_patch16_224,token_gradient,predicted,blocks.11,22,22,22,0.0,0.0,0.29906985227054567,0.5097257653060209,0.43209952116012573,0.0,0.6353764533996582,0.0,0.5097257653060209,0.7210743427276611,0.24263868527296995,0.3103600558032908,0.2
327,n02992529/ILSVRC2012_val_00023929,vit_supervised,vit_small_patch16_224,token_gradient,predicted,blocks.11,22,22,22,0.0,0.0,0.05325396348184049,0.847317442601872,0.22823917865753174,0.0,0.6299574375152588,0.0,0.847317442601872,0.9709981679916382,0.2701714218251138,0.37079257671967386,0.2
328,n02992529/ILSVRC2012_val_00032046,vit_supervised,vit_small_patch16_224,token_gradient,predicted,blocks.11,22,22,22,0.0,0.0,0.22229364305341293,0.8990353954079842,0.40073999762535095,0.0,0.9178687930107117,0.0,0.8990353954079842,0.9600450396537781,0.33639871153841916,0.4243390155634159,0.2
329,n02992529/ILSVRC2012_val_00032888,vit_supervised,vit_small_patch16_224,token_gradient,predicted,blocks.11,22,22,22,0.0,0.0,0.14483899277656626,0.4759646045917419,0.2943956255912781,0.0,0.41016867756843567,0.0,0.4759646045917419,0.9772764444351196,0.18624107921049243,0.30179236600734494,0.2
330,n02992529/ILSVRC2012_val_00034755,vit_supervised,vit_small_patch16_224,token_gradient,predicted,blocks.11,22,39,39,0.0,0.0,0.2526247429374562,0.49194834183663666,0.21908573806285858,0.0,0.5135753154754639,0.0,0.49194834183663666,0.997852087020874,0.22337192543222784,0.3358210842466543,0.2
331,n02992529/ILSVRC2012_val_00035427,vit_supervised,vit_small_patch16_224,token_gradient,predicted,blocks.11,22,26,26,0.0,0.0,0.6792627383997443,0.2702885841836196,0.3490656316280365,0.0,0.4307608902454376,0.0,0.2702885841836196,0.9981156587600708,0.28486539677500916,0.38710517945985157,0.2
332,n02992529/ILSVRC2012_val_00039932,vit_supervised,vit_small_patch16_224,token_gradient,predicted,blocks.11,22,32,32,0.0,0.0,0.2279620364160964,0.7489237882651569,0.16271546483039856,0.0,0.8385552167892456,0.0,0.7489237882651569,0.9629059433937073,0.29306574740437596,0.38865734767936944,0.2
333,n02992529/ILSVRC2012_val_00041044,vit_supervised,vit_small_patch16_224,token_gradient,predicted,blocks.11,22,18,18,0.0,0.0,0.19631865877238036,0.20659279336730577,0.19082880020141602,0.0,0.21789655089378357,0.0,0.20659279336730577,0.9273335337638855,0.12087343564190584,0.23982789309950436,0.2
334,n02992529/ILSVRC2012_val_00047946,vit_supervised,vit_small_patch16_224,token_gradient,predicted,blocks.11,22,25,25,0.0,0.0,0.09886313673758,0.1486766581632357,0.10932247340679169,0.0,0.1607535034418106,0.0,0.1486766581632357,0.9922775030136108,0.0742619384702447,0.21072657417724555,0.2
335,n02992529/ILSVRC2012_val_00049503,vit_supervised,vit_small_patch16_224,token_gradient,predicted,blocks.11,22,22,22,0.0,0.0,0.08005295060263358,0.4179089604591004,0.29709920287132263,0.0,0.4081385135650635,0.0,0.4179089604591004,0.9927663803100586,0.14938857331852018,0.2734054348119423,0.2
336,n03014705/ILSVRC2012_val_00003062,vit_supervised,vit_small_patch16_224,token_gradient,predicted,blocks.2,23,38,38,0.025444146245718002,0.2626084089279175,0.12652470117894046,0.175510290956266,0.27782437205314636,0.09304835647344589,0.8247590065002441,0.8777124285697937,0.9007095025508409,0.9938995242118835,0.10078815613884914,0.23349912785158544,0.2
337,n03014705/ILSVRC2012_val_00003447,vit_supervised,vit_small_patch16_224,token_gradient,predicted,blocks.2,23,38,38,-0.0023137438111007214,0.3777695596218109,0.08554850228127218,0.2728752943912212,0.14167675375938416,0.19615578651428223,0.5380545258522034,0.7871198654174805,0.672492825254968,0.9953045845031738,0.10660164147730772,0.23809182650971417,0.2
338,n03014705/ILSVRC2012_val_00009792,vit_supervised,vit_small_patch16_224,token_gradient,predicted,blocks.2,23,40,40,0.1492457091808319,0.3587058186531067,0.14958699505897122,0.04476742193122244,0.2634109854698181,0.0758485496044159,0.4498906433582306,0.2599833011627197,0.4074457908162453,0.9607722163200378,0.11800460876939087,0.24494043490884526,0.2
339,n03014705/ILSVRC2012_val_00012144,vit_supervised,vit_small_patch16_224,token_gradient,predicted,blocks.2,23,23,23,0.025042468681931496,0.40726974606513977,0.2941837324259183,0.16934945909099183,0.23432451486587524,0.13137352466583252,0.7555156350135803,0.6203635931015015,0.6035355548468185,0.9927721619606018,0.14907694492784562,0.2735639862119938,0.2
340,n03014705/ILSVRC2012_val_00017258,vit_supervised,vit_small_patch16_224,token_gradient,predicted,blocks.2,23,41,41,-0.05447118356823921,0.08458922803401947,0.1421476069287944,0.19164882226976626,0.3856419622898102,0.03920040652155876,0.8527582883834839,0.9149290323257446,0.9090999681120637,0.9974920153617859,0.07835045533227251,0.21400799535502435,0.2
341,n03014705/ILSVRC2012_val_00017308,vit_supervised,vit_small_patch16_224,token_gradient,predicted,blocks.2,23,23,23,0.39880645275115967,0.17033368349075317,0.052219827586195644,0.1498316101834272,0.20409320294857025,0.04089083522558212,0.6167518496513367,0.631585419178009,0.7730389030610705,0.9744607210159302,0.22013801243135073,0.3362642260577011,0.2
342,n03014705/ILSVRC2012_val_00020860,vit_supervised,vit_small_patch16_224,token_gradient,predicted,blocks.2,23,23,23,0.10824510455131531,0.27564382553100586,0.06977380518057512,0.14606439634530072,0.22652317583560944,0.08109094947576523,0.6243217587471008,0.6456071734428406,0.7349728954080168,0.9754235148429871,0.10804950227828887,0.23815886420087737,0.2
343,n03014705/ILSVRC2012_val_00029640,vit_supervised,vit_small_patch16_224,token_gradient,predicted,blocks.2,23,22,22,-0.09978587180376053,0.2588155269622803,0.2002114417936248,0.19911910076526645,0.3703809082508087,0.10400465130805969,0.9993178844451904,0.9983822107315063,0.9991230867344948,0.9876075983047485,0.07988481404616316,0.21304872025411892,0.2
344,n03014705/ILSVRC2012_val_00032497,vit_supervised,vit_small_patch16_224,token_gradient,predicted,blocks.2,23,23,23,0.024758627638220787,0.2628903090953827,0.024786053882720597,0.1295679515546455,0.35721173882484436,0.1239774227142334,0.6546488404273987,0.6885234713554382,0.7665617028059697,0.9966892004013062,0.05620965268649815,0.19675740109291473,0.2
345,n03014705/ILSVRC2012_val_00041074,vit_supervised,vit_small_patch16_224,token_gradient,predicted,blocks.2,23,23,23,0.24900613725185394,0.38947173953056335,0.13384444063728504,0.19977339678218906,0.22221720218658447,0.12875671684741974,0.797093391418457,0.8657353520393372,0.8552096619896256,0.9739781022071838,0.19968780612658382,0.31665332272409497,0.2
346,n03014705/ILSVRC2012_val_00042636,vit_supervised,vit_small_patch16_224,token_gradient,predicted,blocks.2,23,23,23,0.377152681350708,0.3769243657588959,0.0022814003650235854,0.13382760076952424,0.23015400767326355,0.14121821522712708,0.5531019568443298,0.6767815351486206,0.763133769132501,0.9897661805152893,0.1916937728806476,0.31449561583367813,0.2
347,n03014705/ILSVRC2012_val_00043327,vit_supervised,vit_small_patch16_224,token_gradient,predicted,blocks.2,23,32,32,-0.05238049477338791,0.09871084988117218,0.17762707646359785,0.17225433526008005,0.37879157066345215,0.04256293177604675,0.9199084639549255,0.8892444968223572,0.9317004145406307,0.9866708517074585,0.08401222560774821,0.21713780751635248,0.2
348,n03014705/ILSVRC2012_val_00049658,vit_supervised,vit_small_patch16_224,token_gradient,predicted,blocks.2,23,23,23,0.43747323751449585,0.33046257495880127,0.1563330079233191,0.09560484478194274,0.16314153373241425,0.05249248817563057,0.7673308849334717,0.5438389778137207,0.8149713010202458,0.9891625046730042,0.2505706508173769,0.3644744720073396,0.2
349,n03047690/ILSVRC2012_val_00002040,vit_supervised,vit_small_patch16_224,token_gradient,predicted,blocks.2,24,36,36,0.09908890724182129,0.2847476005554199,0.1620866048060427,0.20009828311674188,0.21082541346549988,0.08330826461315155,0.5629180669784546,0.5358513593673706,0.5787428252549868,0.9999538064002991,0.14829102927356388,0.2752204104753785,0.2
350,n03047690/ILSVRC2012_val_00009402,vit_supervised,vit_small_patch16_224,token_gradient,predicted,blocks.2,24,24,24,-0.12166041880846024,0.11297202855348587,0.5181733457592685,0.2643473496780056,0.35097402334213257,0.07128778100013733,0.4663374125957489,0.5012156367301941,0.3519212372448278,0.9966354966163635,0.18609204110779815,0.302544351768812,0.2
351,n03047690/ILSVRC2012_val_00019530,vit_supervised,vit_small_patch16_224,token_gradient,predicted,blocks.2,24,32,32,-0.5182285904884338,0.2826889157295227,0.0,0.21535618376592783,0.31388017535209656,0.1978643536567688,0.508905827999115,0.7421579957008362,0.6388313137753829,0.9948642253875732,-0.1426845810655952,0.021688673078666093,0.2
336,n03014705/ILSVRC2012_val_00003062,vit_supervised,vit_small_patch16_224,token_gradient,predicted,blocks.5,23,38,38,0.2452186793088913,0.5586328506469727,0.12306566077635418,0.14369434665559253,0.29847797751426697,0.2093287706375122,0.8304038047790527,0.8195753693580627,0.9007095025508409,0.9924962520599365,0.17811547395314054,0.30139097742508913,0.2
337,n03014705/ILSVRC2012_val_00003447,vit_supervised,vit_small_patch16_224,token_gradient,predicted,blocks.5,23,38,38,-0.009521530009806156,0.2829662561416626,0.08735500856906502,0.13999270871305142,0.14432121813297272,0.07571165263652802,0.5345859527587891,0.5905778408050537,0.672492825254968,0.9699797630310059,0.06439570318071246,0.19900135827174784,0.2
338,n03014705/ILSVRC2012_val_00009792,vit_supervised,vit_small_patch16_224,token_gradient,predicted,blocks.5,23,40,40,0.15933673083782196,0.23643700778484344,0.236219833705035,0.03652440061212837,0.3422636389732361,0.0692252367734909,0.4876646399497986,0.2968309819698334,0.4074457908162453,0.9327607750892639,0.1455579626302778,0.2638680306359181,0.2
339,n03014705/ILSVRC2012_val_00012144,vit_supervised,vit_small_patch16_224,token_gradient,predicted,blocks.5,23,23,23,0.11914998292922974,0.2806292474269867,0.27515971914723414,0.159796335183914,0.2085762321949005,0.0586683452129364,0.7531887292861938,0.5854799747467041,0.6035355548468185,0.9937129616737366,0.17814680947103634,0.2994984518590779,0.2
340,n03014705/ILSVRC2012_val_00017258,vit_supervised,vit_small_patch16_224,token_gradient,predicted,blocks.5,23,41,41,-0.05912340432405472,0.08388389647006989,0.21903134652029113,0.20684420541286286,0.3834202289581299,0.037442442029714584,0.9147304892539978,0.939754068851471,0.9090999681120637,0.9948182106018066,0.1041133038503243,0.23499842806014035,0.2
341,n03014705/ILSVRC2012_val_00017308,vit_supervised,vit_small_patch16_224,token_gradient,predicted,blocks.5,23,23,23,0.30322226881980896,0.09817922115325928,0.036471712132462274,0.13367853991544754,0.24099603295326233,0.028026508167386055,0.6010507345199585,0.5863338708877563,0.7730389030610705,0.9947594404220581,0.17233398314229653,0.2978792731622193,0.2
342,n03014705/ILSVRC2012_val_00020860,vit_supervised,vit_small_patch16_224,token_gradient,predicted,blocks.5,23,23,23,0.05765733867883682,0.4339466989040375,0.09102537268306449,0.13187926749821896,0.22666846215724945,0.15865443646907806,0.6411080360412598,0.6533840298652649,0.7349728954080168,0.9775564670562744,0.08993432752591976,0.2225396986413549,0.2
343,n03014705/ILSVRC2012_val_00029640,vit_supervised,vit_small_patch16_224,token_gradient,predicted,blocks.5,23,22,22,-0.21327480673789978,0.2278796136379242,0.20017154711557486,0.19911910076526645,0.38990461826324463,0.1047576516866684,0.9993821382522583,0.9969448447227478,0.9991230867344948,0.989188551902771,0.03447727166909247,0.17355476239736106,0.2
344,n03014705/ILSVRC2012_val_00032497,vit_supervised,vit_small_patch16_224,token_gradient,predicted,blocks.5,23,23,23,0.11870467662811279,0.2813614308834076,0.02288401915086097,0.12414816188398217,0.3139565587043762,0.1184159517288208,0.6324738264083862,0.6736472249031067,0.7665617028059697,0.9932556748390198,0.09159152496169806,0.22729303330440323,0.2
345,n03014705/ILSVRC2012_val_00041074,vit_supervised,vit_small_patch16_224,token_gradient,predicted,blocks.5,23,23,23,0.06027880311012268,0.36381325125694275,0.15022158498432608,0.16260073340502787,0.16485895216464996,0.08059483021497726,0.8019702434539795,0.787461519241333,0.8552096619896256,0.9195536375045776,0.11795821676085524,0.23723620631156808,0.2
346,n03014705/ILSVRC2012_val_00042636,vit_supervised,vit_small_patch16_224,token_gradient,predicted,blocks.5,23,23,23,0.28744396567344666,0.2132052630186081,0.014208063128289324,0.08886485512142561,0.25770828127861023,0.07424681633710861,0.5718438625335693,0.5916829705238342,0.763133769132501,0.9958940148353577,0.14589946174429314,0.2757577197734387,0.2
347,n03014705/ILSVRC2012_val_00043327,vit_supervised,vit_small_patch16_224,token_gradient,predicted,blocks.5,23,32,32,-0.14538297057151794,0.08877198398113251,0.17611482777900705,0.17665098738055562,0.3828136622905731,0.0370502769947052,0.9129458665847778,0.8466253876686096,0.9317004145406307,0.991077721118927,0.04767655631926162,0.18596907225769843,0.2
348,n03014705/ILSVRC2012_val_00049658,vit_supervised,vit_small_patch16_224,token_gradient,predicted,blocks.5,23,23,23,0.5703966021537781,0.23783878982067108,0.1620005932415721,0.09156574857998252,0.14902709424495697,0.025586560368537903,0.7628455758094788,0.4617325961589813,0.8149713010202458,0.9887610673904419,0.30422854340797767,0.4113445563177772,0.2
349,n03047690/ILSVRC2012_val_00002040,vit_supervised,vit_small_patch16_224,token_gradient,predicted,blocks.5,24,36,36,0.10806860029697418,0.242703378200531,0.1526253687315184,0.18513800424622837,0.23038701713085175,0.08068297803401947,0.49022582173347473,0.5326052308082581,0.5787428252549868,0.9959763288497925,0.1445564520121137,0.27166130267584654,0.2
350,n03047690/ILSVRC2012_val_00009402,vit_supervised,vit_small_patch16_224,token_gradient,predicted,blocks.5,24,24,24,-0.22297430038452148,0.0901506245136261,0.5264579428946498,0.16459901593836385,0.35017502307891846,0.04624276980757713,0.464795857667923,0.4011259973049164,0.3519212372448278,0.9957966804504395,0.11812736749609548,0.24409273664123682,0.2
351,n03047690/ILSVRC2012_val_00019530,vit_supervised,vit_small_patch16_224,token_gradient,predicted,blocks.5,24,32,32,-0.1047271117568016,0.230978861451149,0.00016634190390186628,0.22415147020323298,0.28623488545417786,0.12104319781064987,0.4979005753993988,0.654350996017456,0.6388313137753829,0.9988673329353333,0.025404498929419803,0.16925506385220312,0.2
336,n03014705/ILSVRC2012_val_00003062,vit_supervised,vit_small_patch16_224,token_gradient,predicted,blocks.8,23,38,38,0.05767303705215454,0.2584635317325592,0.13280961562125512,0.14159035945345264,0.38702213764190674,0.1029910296201706,0.8636103272438049,0.7895752191543579,0.9007095025508409,0.9917364716529846,0.10538920734327414,0.2375460274848787,0.2
337,n03014705/ILSVRC2012_val_00003447,vit_supervised,vit_small_patch16_224,token_gradient,predicted,blocks.8,23,38,38,-0.17362676560878754,0.1655064821243286,0.08781433257129316,0.1910436391336949,0.139702707529068,0.04196196794509888,0.5331417918205261,0.5834128856658936,0.672492825254968,0.986659824848175,0.014206685267981405,0.15694409869039763,0.2
338,n03014705/ILSVRC2012_val_00009792,vit_supervised,vit_small_patch16_224,token_gradient,predicted,blocks.8,23,40,40,-0.023372182622551918,0.04000931605696678,0.3344570928194683,0.1979326337302213,0.38925108313560486,0.01694754883646965,0.5051948428153992,0.32088324427604675,0.4074457908162453,0.8909528851509094,0.1503680449158861,0.25856010049216566,0.2
339,n03014705/ILSVRC2012_val_00012144,vit_supervised,vit_small_patch16_224,token_gradient,predicted,blocks.8,23,23,23,-0.044803258031606674,0.3434869050979614,0.2464216156056987,0.16524578793741432,0.21963652968406677,0.12398244440555573,0.7316277027130127,0.5689074993133545,0.6035355548468185,0.9863916039466858,0.10557891785029123,0.23519445116671878,0.2
340,n03014705/ILSVRC2012_val_00017258,vit_supervised,vit_small_patch16_224,token_gradient,predicted,blocks.8,23,41,41,-0.2611691951751709,0.1042112410068512,0.21988645082088168,0.21030882992600908,0.39985424280166626,0.04936375841498375,0.9280651211738586,0.9229371547698975,0.9090999681120637,0.9870834946632385,0.02459090615399885,0.16420212607489865,0.2
341,n03014705/ILSVRC2012_val_00017308,vit_supervised,vit_small_patch16_224,token_gradient,predicted,blocks.8,23,23,23,0.06425104290246964,0.08125423640012741,0.021829217245704934,0.16382618644669897,0.26877373456954956,0.03085840679705143,0.5829542875289917,0.6497450470924377,0.7730389030610705,0.9979410767555237,0.08139703826870902,0.2185928774522939,0.2
342,n03014705/ILSVRC2012_val_00020860,vit_supervised,vit_small_patch16_224,token_gradient,predicted,blocks.8,23,23,23,-0.020616356283426285,0.3121887743473053,0.09293169322521365,0.15691738594324123,0.2551618218421936,0.10395967960357666,0.6711527109146118,0.6774279475212097,0.7349728954080168,0.9774692058563232,0.06670818123716594,0.201866925971363,0.2
343,n03014705/ILSVRC2012_val_00029640,vit_supervised,vit_small_patch16_224,token_gradient,predicted,blocks.8,23,22,22,-0.06611672043800354,0.14164763689041138,0.20017154711557486,0.20017154711557486,0.43790116906166077,0.06506428122520447,0.9993415474891663,0.9994217753410339,0.9991230867344948,0.9890895485877991,0.09365624009414349,0.22530835369265606,0.2
344,n03014705/ILSVRC2012_val_00032497,vit_supervised,vit_small_patch16_224,token_gradient,predicted,blocks.8,23,23,23,0.3528386652469635,0.21932679414749146,0.01931524412030112,0.1377562989724258,0.34437575936317444,0.09144878387451172,0.6378948092460632,0.6468821167945862,0.7665617028059697,0.9839069843292236,0.1882569290266035,0.3103474662590025,0.2
345,n03014705/ILSVRC2012_val_00041074,vit_supervised,vit_small_patch16_224,token_gradient,predicted,blocks.8,23,23,23,0.03587670251727104,0.46785789728164673,0.15479072607905195,0.1515006524575573,0.19937123358249664,0.13249631226062775,0.8091317415237427,0.7934401035308838,0.8552096619896256,0.9179616570472717,0.10623809456789118,0.22682393907228793,0.2
346,n03014705/ILSVRC2012_val_00042636,vit_supervised,vit_small_patch16_224,token_gradient,predicted,blocks.8,23,23,23,0.3160753846168518,0.16594231128692627,0.010517951613238293,0.14003302665719744,0.25911661982536316,0.05818702280521393,0.5712071657180786,0.6206226944923401,0.763133769132501,0.9884883165359497,0.17159544732787144,0.2965373766638995,0.2
347,n03014705/ILSVRC2012_val_00043327,vit_supervised,vit_small_patch16_224,token_gradient,predicted,blocks.8,23,32,32,-0.189490407705307,0.12100742757320404,0.17669975340361468,0.20279601779279754,0.3886566460132599,0.05409791320562363,0.9101823568344116,0.912009596824646,0.9317004145406307,0.9846481680870056,0.038052568276800855,0.17624952531529645,0.2
348,n03014705/ILSVRC2012_val_00049658,vit_supervised,vit_small_patch16_224,token_gradient,predicted,blocks.8,23,23,23,0.08361150324344635,0.24709628522396088,0.1752746238345391,0.09499236706871897,0.1845976710319519,0.04307160899043083,0.785090446472168,0.44917264580726624,0.8149713010202458,0.986770510673523,0.11452469856835595,0.24484635046204917,0.2
349,n03047690/ILSVRC2012_val_00002040,vit_supervised,vit_small_patch16_224,token_gradient,predicted,blocks.8,24,36,36,-0.07656960189342499,0.20047050714492798,0.1252411807055075,0.21540327848448929,0.25121745467185974,0.094576895236969,0.47647586464881897,0.6356348395347595,0.5787428252549868,0.9960363507270813,0.07156549699962904,0.20776720674386262,0.2
350,n03047690/ILSVRC2012_val_00009402,vit_supervised,vit_small_patch16_224,token_gradient,predicted,blocks.8,24,24,24,-0.2794085741043091,0.13140343129634857,0.5359400998333134,0.15816987997149506,0.36748450994491577,0.06807947158813477,0.46327224373817444,0.39322346448898315,0.3519212372448278,0.9971821308135986,0.09646956429971887,0.22531181363673375,0.2
351,n03047690/ILSVRC2012_val_00019530,vit_supervised,vit_small_patch16_224,token_gradient,predicted,blocks.8,24,32,32,0.5353735685348511,0.33595091104507446,9.503444998809812e-05,0.0627998585929845,0.27976128458976746,0.10716550797224045,0.4958282709121704,0.44118866324424744,0.6388313137753829,0.9991233348846436,0.2330178953268322,0.3529729724806375,0.2
336,n03014705/ILSVRC2012_val_00003062,vit_supervised,vit_small_patch16_224,token_gradient,predicted,blocks.11,23,38,38,0.0,0.0,0.12427733897888522,0.9007095025508409,0.47411322593688965,0.0,0.8620998859405518,0.0,0.9007095025508409,0.9908950328826904,0.3074960524589178,0.4048809653148351,0.2
337,n03014705/ILSVRC2012_val_00003447,vit_supervised,vit_small_patch16_224,token_gradient,predicted,blocks.11,23,38,38,0.0,0.0,0.04111869485599155,0.672492825254968,0.20410791039466858,0.0,0.5108398795127869,0.0,0.672492825254968,0.970295250415802,0.21408345603328785,0.32394716759011016,0.2
338,n03014705/ILSVRC2012_val_00009792,vit_supervised,vit_small_patch16_224,token_gradient,predicted,blocks.11,23,40,40,0.0,0.0,0.2934561195042041,0.4074457908162453,0.3951255977153778,0.0,0.48132362961769104,0.0,0.4074457908162453,0.6285111308097839,0.2102705730961348,0.26950214720157994,0.2
339,n03014705/ILSVRC2012_val_00012144,vit_supervised,vit_small_patch16_224,token_gradient,predicted,blocks.11,23,23,23,0.0,0.0,0.22383438562402144,0.6035355548468185,0.22975485026836395,0.0,0.7101672291755676,0.0,0.6035355548468185,0.9649479389190674,0.24821098214125198,0.3515846759555701,0.2
340,n03014705/ILSVRC2012_val_00017258,vit_supervised,vit_small_patch16_224,token_gradient,predicted,blocks.11,23,41,41,0.0,0.0,0.21999342321599913,0.9090999681120637,0.405190110206604,0.0,0.9207301139831543,0.0,0.9090999681120637,0.9755098819732666,0.33872801739841885,0.42859983012800573,0.2
341,n03014705/ILSVRC2012_val_00017308,vit_supervised,vit_small_patch16_224,token_gradient,predicted,blocks.11,23,23,23,0.0,0.0,0.01907783506230164,0.7730389030610705,0.23722489178180695,0.0,0.5668392181396484,0.0,0.7730389030610705,0.9981904029846191,0.23763502143701162,0.3477577449785359,0.2
342,n03014705/ILSVRC2012_val_00020860,vit_supervised,vit_small_patch16_224,token_gradient,predicted,blocks.11,23,23,23,0.0,0.0,0.19032274434177654,0.7349728954080168,0.32281675934791565,0.0,0.7582990527153015,0.0,0.7349728954080168,0.9461706280708313,0.27758869192493796,0.373249504148073,0.2
343,n03014705/ILSVRC2012_val_00029640,vit_supervised,vit_small_patch16_224,token_gradient,predicted,blocks.11,23,22,22,0.0,0.0,0.20017154711557486,0.9991230867344948,0.4599606394767761,0.0,0.9993835687637329,0.0,0.9991230867344948,0.9784050583839417,0.35978839015502084,0.44658441722010866,0.2
344,n03014705/ILSVRC2012_val_00032497,vit_supervised,vit_small_patch16_224,token_gradient,predicted,blocks.11,23,23,23,0.0,0.0,0.020430492141304855,0.7665617028059697,0.3287125825881958,0.0,0.6343261003494263,0.0,0.7665617028059697,0.9851422905921936,0.23609765848418235,0.34451939232564766,0.2
345,n03014705/ILSVRC2012_val_00041074,vit_supervised,vit_small_patch16_224,token_gradient,predicted,blocks.11,23,23,23,0.0,0.0,0.16790188812419096,0.8552096619896256,0.3321159780025482,0.0,0.8353945016860962,0.0,0.8552096619896256,0.9414904117584229,0.3069334650341449,0.3970014492922176,0.2
346,n03014705/ILSVRC2012_val_00042636,vit_supervised,vit_small_patch16_224,token_gradient,predicted,blocks.11,23,23,23,0.0,0.0,0.023834240799978004,0.763133769132501,0.22635158896446228,0.0,0.5519282221794128,0.0,0.763133769132501,0.9754492044448853,0.23609040297974368,0.3430593831498525,0.2
347,n03014705/ILSVRC2012_val_00043327,vit_supervised,vit_small_patch16_224,token_gradient,predicted,blocks.11,23,32,32,0.0,0.0,0.1743635348375128,0.9317004145406307,0.3773612380027771,0.0,0.9040346741676331,0.0,0.9317004145406307,0.9508546590805054,0.331819184813443,0.41914418620661165,0.2
348,n03014705/ILSVRC2012_val_00049658,vit_supervised,vit_small_patch16_224,token_gradient,predicted,blocks.11,23,23,23,0.0,0.0,0.18300076656828662,0.8149713010202458,0.2650567889213562,0.0,0.8119429349899292,0.0,0.8149713010202458,0.9711992740631104,0.29939162027655974,0.39517290800659965,0.2
349,n03047690/ILSVRC2012_val_00002040,vit_supervised,vit_small_patch16_224,token_gradient,predicted,blocks.11,24,36,36,0.0,0.0,0.10851063829784156,0.5787428252549868,0.2720564007759094,0.0,0.48105528950691223,0.0,0.5787428252549868,0.9987645149230957,0.20617603906584847,0.3216280431266714,0.2
350,n03047690/ILSVRC2012_val_00009402,vit_supervised,vit_small_patch16_224,token_gradient,predicted,blocks.11,24,24,24,0.0,0.0,0.5410684474120528,0.3519212372448278,0.38300538063049316,0.0,0.4610710144042969,0.0,0.3519212372448278,0.9967101812362671,0.2678969053970642,0.37275394834966025,0.2
351,n03047690/ILSVRC2012_val_00019530,vit_supervised,vit_small_patch16_224,token_gradient,predicted,blocks.11,24,32,32,0.0,0.0,0.0,0.6388313137753829,0.2894367277622223,0.0,0.5065796375274658,0.0,0.6388313137753829,0.9985765814781189,0.19164939413261486,0.30949431566556357,0.2
352,n03047690/ILSVRC2012_val_00023354,vit_supervised,vit_small_patch16_224,token_gradient,predicted,blocks.2,24,27,27,0.22850340604782104,0.38468122482299805,0.2846109604797122,0.24250009933633626,0.23535415530204773,0.12710703909397125,0.5466242432594299,0.5288781523704529,0.4232102997448136,0.974176287651062,0.24953468036394294,0.3578804002184087,0.2
353,n03047690/ILSVRC2012_val_00023903,vit_supervised,vit_small_patch16_224,token_gradient,predicted,blocks.2,24,43,43,0.18040350079536438,0.12844811379909515,0.5786863502678169,0.18295739348363022,0.4245438873767853,0.06829772144556046,0.4958929717540741,0.39144331216812134,0.34560347576523726,0.9793043732643127,0.3006545234435799,0.4004478172058862,0.2
354,n03047690/ILSVRC2012_val_00027854,vit_supervised,vit_small_patch16_224,token_gradient,predicted,blocks.2,24,11,11,0.2684796452522278,0.4483169913291931,0.3285545179533314,0.2670199755400712,0.3403078615665436,0.23498277366161346,0.6621712446212769,0.7493013739585876,0.6052495216835528,0.9962092041969299,0.28606420614891187,0.39229287984116984,0.2
355,n03047690/ILSVRC2012_val_00029828,vit_supervised,vit_small_patch16_224,token_gradient,predicted,blocks.2,24,24,24,0.12153717130422592,0.46068671345710754,0.28035184946504693,0.25033825241488616,0.2201671451330185,0.13770180940628052,0.7326210737228394,0.6426522731781006,0.5919563137753923,0.9643484950065613,0.2078218990856703,0.3198628096774465,0.2
356,n03047690/ILSVRC2012_val_00030355,vit_supervised,vit_small_patch16_224,token_gradient,predicted,blocks.2,24,11,11,-0.07698140293359756,0.2045988291501999,0.07472671883397805,0.2562052714259884,0.3772053122520447,0.13216914236545563,0.4860062897205353,0.5449045896530151,0.5171595982141827,0.9796954393386841,0.06848703590455091,0.20274382243903508,0.2
357,n03047690/ILSVRC2012_val_00037434,vit_supervised,vit_small_patch16_224,token_gradient,predicted,blocks.2,24,24,24,-0.10180022567510605,0.13835376501083374,0.5883553421365015,0.21519103600284017,0.3871798515319824,0.08541993796825409,0.44661542773246765,0.38428589701652527,0.3273875956632001,0.9875870943069458,0.20034382317176008,0.31339457969459017,0.2
358,n03047690/ILSVRC2012_val_00044185,vit_supervised,vit_small_patch16_224,token_gradient,predicted,blocks.2,24,22,22,0.1450691521167755,0.18580467998981476,0.10915951366973915,0.17234221206321493,0.30174335837364197,0.06137581542134285,0.7290488481521606,0.6766591668128967,0.8017378826529015,0.9738214015960693,0.14247817856659642,0.26722284491352033,0.2
359,n03047690/ILSVRC2012_val_00045240,vit_supervised,vit_small_patch16_224,token_gradient,predicted,blocks.2,24,24,24,-0.22929546236991882,0.09947501868009567,0.002662814084586085,0.24315116605779602,0.3067304193973541,0.07509497553110123,0.43043941259384155,0.6456682085990906,0.5054209183672462,0.9842236638069153,-0.01797399090525291,0.1288336327771612,0.2
360,n03047690/ILSVRC2012_val_00048597,vit_supervised,vit_small_patch16_224,token_gradient,predicted,blocks.2,24,27,27,0.20151710510253906,0.28530353307724,0.11800533913896846,0.10226401594518776,0.2130892127752304,0.06767740100622177,0.5857910513877869,0.5047178268432617,0.6596978635202767,0.9821661114692688,0.14668764856626249,0.272923242277318,0.2
361,n03095699/ILSVRC2012_val_00000403,vit_supervised,vit_small_patch16_224,token_gradient,predicted,blocks.2,25,25,25,-0.18627814948558807,0.2590600848197937,0.03023975808192446,0.3156491357115136,0.1112305298447609,0.13267482817173004,0.2564797103404999,0.5554924607276917,0.37035634566319153,0.9896647930145264,0.029255408343796183,0.16972459008058266,0.2
362,n03095699/ILSVRC2012_val_00003200,vit_supervised,vit_small_patch16_224,token_gradient,predicted,blocks.2,25,16,16,0.11960110813379288,0.35138067603111267,0.0,0.10894906743175309,0.020920466631650925,0.05731598660349846,0.0239192396402359,0.07232870161533356,0.04639668367346014,0.9837128520011902,0.08052516348304309,0.2166545825049443,0.2
363,n03095699/ILSVRC2012_val_00005740,vit_supervised,vit_small_patch16_224,token_gradient,predicted,blocks.2,25,25,25,0.009608380496501923,0.09657485783100128,0.04905675116195404,0.5048744957415369,0.29215705394744873,0.12538623809814453,0.3590938448905945,0.7674919366836548,0.3352997448978924,0.9930279850959778,0.17002272626964804,0.2907999426640451,0.2
364,n03095699/ILSVRC2012_val_00010195,vit_supervised,vit_small_patch16_224,token_gradient,predicted,blocks.2,25,25,25,-0.43056720495224,0.09694138914346695,0.0,0.11559541604373133,0.01374841295182705,0.09509304165840149,0.014099310152232647,0.11627330631017685,0.023118622448974984,0.9814698696136475,-0.1375482571677766,0.025420812719695957,0.2
365,n03095699/ILSVRC2012_val_00014019,vit_supervised,vit_small_patch16_224,token_gradient,predicted,blocks.2,25,25,25,0.330415815114975,0.19642803072929382,0.08637726212940691,0.15477665663530135,0.17353473603725433,0.0898953527212143,0.2023181915283203,0.2342458814382553,0.19003109056118664,0.9690786600112915,0.20451250167540247,0.321295813983112,0.2
366,n03095699/ILSVRC2012_val_00019229,vit_supervised,vit_small_patch16_224,token_gradient,predicted,blocks.2,25,25,25,-0.2680911421775818,0.087260901927948,0.0028267521492050633,0.3227753219295319,0.29383233189582825,0.07855341583490372,0.4030110538005829,0.6859362125396729,0.4858298788264338,0.9977550506591797,-0.009555834647411637,0.13723187635640757,0.2
367,n03095699/ILSVRC2012_val_00020075,vit_supervised,vit_small_patch16_224,token_gradient,predicted,blocks.2,25,25,25,-0.2242722511291504,0.12003747373819351,0.12473674709662148,0.6312069115973198,0.12616217136383057,0.18667611479759216,0.15792913734912872,0.5895864963531494,0.17253268494894522,0.9771010875701904,0.1370741971565222,0.25705578991381123,0.2
352,n03047690/ILSVRC2012_val_00023354,vit_supervised,vit_small_patch16_224,token_gradient,predicted,blocks.5,24,27,27,0.07173972576856613,0.3257194757461548,0.3224783252271844,0.1656601804219169,0.22457094490528107,0.07227969914674759,0.5409518480300903,0.3760955333709717,0.4232102997448136,0.9833354353904724,0.17513744200215683,0.2946438457398443,0.2
353,n03047690/ILSVRC2012_val_00023903,vit_supervised,vit_small_patch16_224,token_gradient,predicted,blocks.5,24,43,43,-0.09904266148805618,0.2751736640930176,0.5786863502678169,0.21893227659280515,0.4254262149333954,0.15836279094219208,0.49875926971435547,0.4324096739292145,0.34560347576523726,0.9829299449920654,0.19966852346296415,0.31217921694314565,0.2
354,n03047690/ILSVRC2012_val_00027854,vit_supervised,vit_small_patch16_224,token_gradient,predicted,blocks.5,24,11,11,-0.04330936446785927,0.2270217388868332,0.32829245841267396,0.29632956878840594,0.33005455136299133,0.1088702380657196,0.6839136481285095,0.7582721710205078,0.6052495216835528,0.9955575466156006,0.17006286237318025,0.2903308612288593,0.2
355,n03047690/ILSVRC2012_val_00029828,vit_supervised,vit_small_patch16_224,token_gradient,predicted,blocks.5,24,24,24,-0.1900326907634735,0.19348199665546417,0.2811774567964015,0.33092224231453654,0.283989280462265,0.11562038958072662,0.574820876121521,0.878054678440094,0.5919563137753923,0.9631152153015137,0.107616833427892,0.23098076530574582,0.2
356,n03047690/ILSVRC2012_val_00030355,vit_supervised,vit_small_patch16_224,token_gradient,predicted,blocks.5,24,11,11,0.03575130179524422,0.1867220103740692,0.024134790528226285,0.18275046016296911,0.3549046218395233,0.1067195013165474,0.47403842210769653,0.5019827485084534,0.5171595982141827,0.9801749587059021,0.0763660959254563,0.21126051210701963,0.2
357,n03047690/ILSVRC2012_val_00037434,vit_supervised,vit_small_patch16_224,token_gradient,predicted,blocks.5,24,24,24,0.2300824522972107,0.22979792952537537,0.6079479856592283,0.24025121859756268,0.4072713553905487,0.1465473622083664,0.4590589106082916,0.4495435059070587,0.3273875956632001,0.9928202033042908,0.3464927421959216,0.44150168986386507,0.2
358,n03047690/ILSVRC2012_val_00044185,vit_supervised,vit_small_patch16_224,token_gradient,predicted,blocks.5,24,22,22,0.11088962107896805,0.25312140583992004,0.09694244996833397,0.12416970456016727,0.31033483147621155,0.08653882145881653,0.7258409857749939,0.6617593169212341,0.8017378826529015,0.9793577194213867,0.1106894947901376,0.24099306392297212,0.2
359,n03047690/ILSVRC2012_val_00045240,vit_supervised,vit_small_patch16_224,token_gradient,predicted,blocks.5,24,24,24,-0.3935510218143463,0.1656447798013687,0.0017830861541939934,0.17845846512396255,0.30232542753219604,0.10967901349067688,0.4192356467247009,0.558997392654419,0.5054209183672462,0.9829050898551941,-0.10334794334229158,0.05475329366279705,0.2
360,n03047690/ILSVRC2012_val_00048597,vit_supervised,vit_small_patch16_224,token_gradient,predicted,blocks.5,24,27,27,0.37594810128211975,0.25928279757499695,0.10738582394164574,0.10610800553871838,0.16315919160842896,0.046440351754426956,0.5710710883140564,0.5181525349617004,0.6596978635202767,0.9594825506210327,0.21442738935695713,0.32887767541198787,0.2
361,n03095699/ILSVRC2012_val_00000403,vit_supervised,vit_small_patch16_224,token_gradient,predicted,blocks.5,25,25,25,-0.20575766265392303,0.1471903771162033,0.005586984785127521,0.2563539791930748,0.12700417637825012,0.06895971298217773,0.2578994929790497,0.4736522138118744,0.37035634566319153,0.9916982054710388,-0.003720775868108525,0.14222478988633336,0.2
362,n03095699/ILSVRC2012_val_00003200,vit_supervised,vit_small_patch16_224,token_gradient,predicted,blocks.5,25,16,16,-0.14475896954536438,0.37868720293045044,0.0,0.007164956847413153,0.013844708912074566,0.021931417286396027,0.015523310750722885,0.026556916534900665,0.04639668367346014,0.9818021059036255,-0.05575410076392181,0.09839591575651957,0.2
363,n03095699/ILSVRC2012_val_00005740,vit_supervised,vit_small_patch16_224,token_gradient,predicted,blocks.5,25,25,25,-0.2964756190776825,0.18163660168647766,0.0,0.32814122533732476,0.21857334673404694,0.16294242441654205,0.27735960483551025,0.5295512080192566,0.3352997448978924,0.986103892326355,-0.02014788002987558,0.12618442350609554,0.2
364,n03095699/ILSVRC2012_val_00010195,vit_supervised,vit_small_patch16_224,token_gradient,predicted,blocks.5,25,25,25,-0.24140964448451996,0.2936334013938904,0.0,0.008013686295688804,0.011910026893019676,0.016965625807642937,0.01224205456674099,0.018377412110567093,0.023118622448974984,0.9563329219818115,-0.09415975190510135,0.060959984301611966,0.2
365,n03095699/ILSVRC2012_val_00014019,vit_supervised,vit_small_patch16_224,token_gradient,predicted,blocks.5,25,25,25,0.01368924230337143,0.30412209033966064,0.026326830291574194,0.06951579407581729,0.1687476634979248,0.08911637216806412,0.19445620477199554,0.16478776931762695,0.19003109056118664,0.9748378396034241,0.03422848423156601,0.1749775668385415,0.2
366,n03095699/ILSVRC2012_val_00019229,vit_supervised,vit_small_patch16_224,token_gradient,predicted,blocks.5,25,25,25,-0.011807937175035477,0.1212385892868042,0.0,0.23535324526125956,0.29183873534202576,0.06752028316259384,0.3998282551765442,0.4528672397136688,0.4858298788264338,0.9983515739440918,0.06588279870836367,0.20445826939566625,0.2
367,n03095699/ILSVRC2012_val_00020075,vit_supervised,vit_small_patch16_224,token_gradient,predicted,blocks.5,25,25,25,0.002671344205737114,0.1891692578792572,0.008307260761674233,0.30470276304751276,0.1193656325340271,0.13912078738212585,0.14883571863174438,0.34900015592575073,0.17253268494894522,0.9395590424537659,0.09497154482505094,0.22012133279236962,0.2
352,n03047690/ILSVRC2012_val_00023354,vit_supervised,vit_small_patch16_224,token_gradient,predicted,blocks.8,24,27,27,-0.06303763389587402,0.29151302576065063,0.35028931686659026,0.08943316029680193,0.23009251058101654,0.06245381757616997,0.5295892953872681,0.3108592927455902,0.4232102997448136,0.9808118939399719,0.10670168959066803,0.2349892315182879,0.2
353,n03047690/ILSVRC2012_val_00023903,vit_supervised,vit_small_patch16_224,token_gradient,predicted,blocks.8,24,43,43,-0.07181324809789658,0.11952592432498932,0.5786863502678169,0.32289552527286997,0.4219137132167816,0.0828416645526886,0.49845144152641296,0.4916868507862091,0.34560347576523726,0.9742513298988342,0.24174926342304742,0.3463985315357331,0.2
354,n03047690/ILSVRC2012_val_00027854,vit_supervised,vit_small_patch16_224,token_gradient,predicted,blocks.8,24,11,11,-0.008443173952400684,0.2912692427635193,0.32881668091813165,0.254198354803584,0.3505954146385193,0.14353340864181519,0.7037597298622131,0.7316321134567261,0.6052495216835528,0.9941490888595581,0.17152724113555443,0.2919210113760224,0.2
355,n03047690/ILSVRC2012_val_00029828,vit_supervised,vit_small_patch16_224,token_gradient,predicted,blocks.8,24,24,24,-0.16454660892486572,0.21697978675365448,0.218926380368031,0.333948773036915,0.36507323384284973,0.1926228255033493,0.5558027029037476,0.8788593411445618,0.5919563137753923,0.9886837601661682,0.1000439024515375,0.22893003925245872,0.2
356,n03047690/ILSVRC2012_val_00030355,vit_supervised,vit_small_patch16_224,token_gradient,predicted,blocks.8,24,11,11,-0.23961475491523743,0.10875554382801056,0.018511180300023067,0.32274665490357196,0.3448256850242615,0.10372568666934967,0.46631208062171936,0.7813572287559509,0.5171595982141827,0.9744699597358704,0.006531448594983516,0.1476197885409462,0.2
357,n03047690/ILSVRC2012_val_00037434,vit_supervised,vit_small_patch16_224,token_gradient,predicted,blocks.8,24,24,24,0.11435717344284058,0.23197005689144135,0.606288697340897,0.249917339757097,0.39458614587783813,0.1431266814470291,0.4563843011856079,0.4457276165485382,0.3273875956632001,0.9894214868545532,0.30260468050653444,0.4024897430076757,0.2
358,n03047690/ILSVRC2012_val_00044185,vit_supervised,vit_small_patch16_224,token_gradient,predicted,blocks.8,24,22,22,0.1956152468919754,0.4433751702308655,0.0929115025005234,0.17999577474702944,0.2990102171897888,0.18441787362098694,0.7124199271202087,0.7735244035720825,0.8017378826529015,0.9504934549331665,0.160118281931056,0.27926617396405456,0.2
359,n03047690/ILSVRC2012_val_00045240,vit_supervised,vit_small_patch16_224,token_gradient,predicted,blocks.8,24,24,24,-0.21217916905879974,0.14025510847568512,0.00025429475587696255,0.12992817238623147,0.2993539273738861,0.07213412970304489,0.4156799018383026,0.435796856880188,0.5054209183672462,0.9794051647186279,-0.04581692748088737,0.10519368232274137,0.2
360,n03047690/ILSVRC2012_val_00048597,vit_supervised,vit_small_patch16_224,token_gradient,predicted,blocks.8,24,27,27,0.0499923937022686,0.45993170142173767,0.11304347826084041,0.14729506888660374,0.16784465312957764,0.13543397188186646,0.5809261798858643,0.6210960745811462,0.6596978635202767,0.9628427624702454,0.09809852162514068,0.22700838895319184,0.2
361,n03095699/ILSVRC2012_val_00000403,vit_supervised,vit_small_patch16_224,token_gradient,predicted,blocks.8,25,25,25,0.360537052154541,0.26108643412590027,0.001119429091163115,0.13266840813736536,0.12288875132799149,0.07597221434116364,0.23839281499385834,0.3598357141017914,0.37035634566319153,0.9942306280136108,0.18435117203037496,0.3087695217632631,0.2
362,n03095699/ILSVRC2012_val_00003200,vit_supervised,vit_small_patch16_224,token_gradient,predicted,blocks.8,25,16,16,0.02610304020345211,0.3760852515697479,0.0,0.0,0.02506844885647297,0.018134113401174545,0.027499806135892868,0.021603913977742195,0.04639668367346014,0.9762116074562073,0.010441216081380844,0.1555678051896393,0.2
363,n03095699/ILSVRC2012_val_00005740,vit_supervised,vit_small_patch16_224,token_gradient,predicted,blocks.8,25,25,25,-0.5263718962669373,0.13418421149253845,0.0,0.3597428238746723,0.19824129343032837,0.17010657489299774,0.2546820640563965,0.6617932319641113,0.3352997448978924,0.9912899732589722,-0.10262591134437321,0.05439903826408586,0.2
364,n03095699/ILSVRC2012_val_00010195,vit_supervised,vit_small_patch16_224,token_gradient,predicted,blocks.8,25,25,25,0.012960629537701607,0.3244571387767792,0.0,0.07417002494715584,0.013646882958710194,0.03867349773645401,0.014067130163311958,0.0417296476662159,0.023118622448974984,0.9645915627479553,0.027435259299227393,0.16776746098717782,0.2
365,n03095699/ILSVRC2012_val_00014019,vit_supervised,vit_small_patch16_224,token_gradient,predicted,blocks.8,25,25,25,-0.2600587010383606,0.18358798325061798,0.0,0.008243173621840162,0.15517637133598328,0.023647557944059372,0.1815345734357834,0.05830303952097893,0.19003109056118664,0.9851102828979492,-0.1015505283287922,0.05880679047672621,0.2
366,n03095699/ILSVRC2012_val_00019229,vit_supervised,vit_small_patch16_224,token_gradient,predicted,blocks.8,25,25,25,0.01834046095609665,0.1416914314031601,0.0,0.14352174924396255,0.29057732224464417,0.06858561933040619,0.3947674334049225,0.3932719826698303,0.4858298788264338,0.9982672929763794,0.05039270915562742,0.19203969259208137,0.2
367,n03095699/ILSVRC2012_val_00020075,vit_supervised,vit_small_patch16_224,token_gradient,predicted,blocks.8,25,25,25,0.026102282106876373,0.2445114552974701,0.0,0.15389838878933643,0.11855745315551758,0.09254240989685059,0.14578349888324738,0.19732773303985596,0.17253268494894522,0.9455665349960327,0.05661042947955147,0.18944537618414575,0.2
352,n03047690/ILSVRC2012_val_00023354,vit_supervised,vit_small_patch16_224,token_gradient,predicted,blocks.11,24,27,27,0.0,0.0,0.2924157883859093,0.4232102997448136,0.21448330581188202,0.0,0.5249528288841248,0.0,0.4232102997448136,0.984758734703064,0.21468782643921686,0.32662033223814035,0.2
353,n03047690/ILSVRC2012_val_00023903,vit_supervised,vit_small_patch16_224,token_gradient,predicted,blocks.11,24,43,43,0.0,0.0,0.5786863502678169,0.34560347576523726,0.415781170129776,0.0,0.4967697262763977,0.0,0.34560347576523726,0.9571973085403442,0.27728694780991625,0.3746520527893151,0.2
354,n03047690/ILSVRC2012_val_00027854,vit_supervised,vit_small_patch16_224,token_gradient,predicted,blocks.11,24,11,11,0.0,0.0,0.3290789473683128,0.6052495216835528,0.3679213225841522,0.0,0.7056418657302856,0.0,0.6052495216835528,0.9953464269638062,0.2802985407155597,0.3828840813075373,0.2
355,n03047690/ILSVRC2012_val_00029828,vit_supervised,vit_small_patch16_224,token_gradient,predicted,blocks.11,24,24,24,0.0,0.0,0.12480185688402265,0.5919563137753923,0.3725825250148773,0.0,0.5320888161659241,0.0,0.5919563137753923,0.9686097502708435,0.21502745119782446,0.3244810052054803,0.2
356,n03047690/ILSVRC2012_val_00030355,vit_supervised,vit_small_patch16_224,token_gradient,predicted,blocks.11,24,11,11,0.0,0.0,0.015579137502817912,0.5171595982141827,0.35513487458229065,0.0,0.46790796518325806,0.0,0.5171595982141827,0.9770780801773071,0.15982162071510017,0.2797463959558462,0.2
357,n03047690/ILSVRC2012_val_00037434,vit_supervised,vit_small_patch16_224,token_gradient,predicted,blocks.11,24,24,24,0.0,0.0,0.4164436355848322,0.3273875956632001,0.3721402585506439,0.0,0.4350234568119049,0.0,0.3273875956632001,0.897030770778656,0.22314936937440968,0.3205124234288065,0.2
358,n03047690/ILSVRC2012_val_00044185,vit_supervised,vit_small_patch16_224,token_gradient,predicted,blocks.11,24,22,22,0.0,0.0,0.1088731027179428,0.8017378826529015,0.2847297191619873,0.0,0.7068454623222351,0.0,0.8017378826529015,0.9168468117713928,0.27318329561125326,0.36517976810842,0.2
359,n03047690/ILSVRC2012_val_00045240,vit_supervised,vit_small_patch16_224,token_gradient,predicted,blocks.11,24,24,24,0.0,0.0,0.0,0.5054209183672462,0.29566577076911926,0.0,0.4205896556377411,0.0,0.5054209183672462,0.9671507477760315,0.15162627551017385,0.27142784175821627,0.2
360,n03047690/ILSVRC2012_val_00048597,vit_supervised,vit_small_patch16_224,token_gradient,predicted,blocks.11,24,27,27,0.0,0.0,0.10911147675850753,0.6596978635202767,0.18753552436828613,0.0,0.5959981679916382,0.0,0.6596978635202767,0.9693549275398254,0.23064280208363527,0.33760557420066983,0.2
361,n03095699/ILSVRC2012_val_00000403,vit_supervised,vit_small_patch16_224,token_gradient,predicted,blocks.11,25,25,25,0.0,0.0,0.05550842769149282,0.37035634566319153,0.19082805514335632,0.0,0.31013384461402893,0.0,0.37035634566319153,0.956284761428833,0.1277594320064053,0.24990890755299605,0.2
362,n03095699/ILSVRC2012_val_00003200,vit_supervised,vit_small_patch16_224,token_gradient,predicted,blocks.11,25,16,16,0.0,0.0,0.0,0.04639668367346014,0.008663497865200043,0.0,0.009569874964654446,0.0,0.04639668367346014,0.965205192565918,0.013919005102038043,0.15637994980325273,0.2
363,n03095699/ILSVRC2012_val_00005740,vit_supervised,vit_small_patch16_224,token_gradient,predicted,blocks.11,25,25,25,0.0,0.0,0.0,0.3352997448978924,0.18628957867622375,0.0,0.23497581481933594,0.0,0.3352997448978924,0.9818641543388367,0.10058992346936771,0.23110455937529858,0.2
364,n03095699/ILSVRC2012_val_00010195,vit_supervised,vit_small_patch16_224,token_gradient,predicted,blocks.11,25,25,25,0.0,0.0,0.0,0.023118622448974984,0.006685333326458931,0.0,0.006942459382116795,0.0,0.023118622448974984,0.9719616770744324,0.006935586734692495,0.1515739071734086,0.2
365,n03095699/ILSVRC2012_val_00014019,vit_supervised,vit_small_patch16_224,token_gradient,predicted,blocks.11,25,25,25,0.0,0.0,0.008710891191171223,0.19003109056118664,0.15095268189907074,0.0,0.17628253996372223,0.0,0.19003109056118664,0.9687517285346985,0.059622594525707354,0.19499825471829424,0.2
366,n03095699/ILSVRC2012_val_00019229,vit_supervised,vit_small_patch16_224,token_gradient,predicted,blocks.11,25,25,25,0.0,0.0,0.0,0.4858298788264338,0.2692844271659851,0.0,0.3725793957710266,0.0,0.4858298788264338,0.9958739876747131,0.14574896364793014,0.2708385678578154,0.2
367,n03095699/ILSVRC2012_val_00020075,vit_supervised,vit_small_patch16_224,token_gradient,predicted,blocks.11,25,25,25,0.0,0.0,0.0,0.17253268494894522,0.0824960246682167,0.0,0.10582123696804047,0.0,0.17253268494894522,0.9564675092697144,0.05175980548468356,0.18660329762769345,0.2
368,n03095699/ILSVRC2012_val_00022271,vit_supervised,vit_small_patch16_224,token_gradient,predicted,blocks.2,25,25,25,-0.23004528880119324,0.08749193698167801,0.0,0.2366941666057397,0.26863497495651245,0.06839987635612488,0.37557584047317505,0.6114040613174438,0.4751873405611298,0.9942322969436646,-0.02100986553875539,0.12779253511256697,0.2
369,n03095699/ILSVRC2012_val_00023417,vit_supervised,vit_small_patch16_224,token_gradient,predicted,blocks.2,25,16,16,-0.28214317560195923,0.12407389283180237,0.0,0.3114324243330001,0.06455589830875397,0.09943248331546783,0.07386378943920135,0.24308079481124878,0.1488759566326234,0.8841721415519714,-0.01942754294088367,0.11173381585536,0.2
370,n03095699/ILSVRC2012_val_00027211,vit_supervised,vit_small_patch16_224,token_gradient,predicted,blocks.2,25,25,25,-0.19346624612808228,0.37445351481437683,0.04988910412980435,0.08886559515487746,0.3106083571910858,0.14639034867286682,0.510208249092102,0.4876284599304199,0.5453005420917281,0.7158655524253845,-0.03576008866582836,0.07435532154014933,0.2
371,n03095699/ILSVRC2012_val_00029800,vit_supervised,vit_small_patch16_224,token_gradient,predicted,blocks.2,25,25,25,-0.17952904105186462,0.2851279377937317,0.5361260336810912,0.29254913911306185,0.34488481283187866,0.18698351085186005,0.43925851583480835,0.43954384326934814,0.3071986607142245,0.9668413996696472,0.17679093541750007,0.2893598387808327,0.2
372,n03095699/ILSVRC2012_val_00035961,vit_supervised,vit_small_patch16_224,token_gradient,predicted,blocks.2,25,25,25,0.06421811133623123,0.23641707003116608,0.4625254736203015,0.2807005948444939,0.22785504162311554,0.11026094108819962,0.2812807261943817,0.29039740562438965,0.18618463010200373,0.9825001955032349,0.24865506507393112,0.35565788540936494,0.2
373,n03095699/ILSVRC2012_val_00036884,vit_supervised,vit_small_patch16_224,token_gradient,predicted,blocks.2,25,25,25,-0.20480278134346008,0.24683047831058502,0.11220794796685375,0.17801392451443068,0.1970852166414261,0.08212018758058548,0.6473519802093506,0.7348800301551819,0.7610610650508688,0.9610397219657898,0.0051454492070012806,0.14503045294497854,0.2
374,n03095699/ILSVRC2012_val_00039908,vit_supervised,vit_small_patch16_224,token_gradient,predicted,blocks.2,25,25,25,0.2815808057785034,0.3555002808570862,0.15286003448530555,0.11688374570277518,0.26719507575035095,0.1086827889084816,0.6557836532592773,0.6140667200088501,0.7194475446427138,0.9848372936248779,0.1935554563678256,0.313714821113228,0.2
375,n03197337/ILSVRC2012_val_00006034,vit_supervised,vit_small_patch16_224,token_gradient,predicted,blocks.2,26,38,38,0.5293036103248596,0.43999722599983215,0.5971018937356458,0.41649666802637253,0.26081928610801697,0.1965394765138626,0.3505161702632904,0.39685899019241333,0.21516262755097754,0.9851779937744141,0.5158010126585494,0.5864326031203675,0.2
376,n03197337/ILSVRC2012_val_00009243,vit_supervised,vit_small_patch16_224,token_gradient,predicted,blocks.2,26,22,22,0.2533157169818878,0.10366921126842499,0.0,0.0,0.0,0.0,0.0,0.0,0.0,0.9687005281448364,0.10132628679275513,0.23396558016538618,0.2
377,n03197337/ILSVRC2012_val_00010958,vit_supervised,vit_small_patch16_224,token_gradient,predicted,blocks.2,26,18,18,0.24163267016410828,0.4111734628677368,0.3059636596639178,0.25800193986409575,0.2266252338886261,0.1495777815580368,0.40374520421028137,0.4603444039821625,0.3686822385203347,0.9596196413040161,0.2658427479240474,0.3695057806350437,0.2
378,n03197337/ILSVRC2012_val_00011103,vit_supervised,vit_small_patch16_224,token_gradient,predicted,blocks.2,26,22,22,-0.18636177480220795,0.3528144657611847,0.38805031446524607,0.07861983578780182,0.2098167985677719,0.08108678460121155,0.6028909087181091,0.37848058342933655,0.4597815688774594,0.9864235520362854,0.06545633515503119,0.199404449187932,0.2
379,n03197337/ILSVRC2012_val_00011172,vit_supervised,vit_small_patch16_224,token_gradient,predicted,blocks.2,26,33,33,-0.23520909249782562,0.32777318358421326,0.0005675771550193762,0.2760971195897222,0.2616109549999237,0.18672634661197662,0.4918937087059021,0.7356022596359253,0.6432158801019127,0.9975907802581787,-0.01108422797570778,0.13648160885067323,0.2
380,n03197337/ILSVRC2012_val_00011421,vit_supervised,vit_small_patch16_224,token_gradient,predicted,blocks.2,26,32,32,0.19231459498405457,0.39672285318374634,0.1849349489082668,0.2668497403138518,0.16155686974525452,0.14947275817394257,0.28282633423805237,0.3560565710067749,0.22293526785709844,0.9959138631820679,0.2124612447602574,0.3296433600272589,0.2
381,n03197337/ILSVRC2012_val_00012194,vit_supervised,vit_small_patch16_224,token_gradient,predicted,blocks.2,26,26,26,-0.2086465209722519,0.1604890376329422,0.026151003438888737,0.20734947762539788,0.2979715168476105,0.08462606370449066,0.5138069987297058,0.5758522748947144,0.5968989158162076,0.9817984700202942,-0.013408464069614774,0.13261860842882764,0.2
382,n03197337/ILSVRC2012_val_00016242,vit_supervised,vit_small_patch16_224,token_gradient,predicted,blocks.2,26,18,18,0.38830944895744324,0.341460645198822,0.29044585987252547,0.24432954350675762,0.24362902343273163,0.09695150703191757,0.9135209918022156,0.796906054019928,0.668128188775377,0.94573575258255,0.3157564005967622,0.4114625208673084,0.2
383,n03197337/ILSVRC2012_val_00017149,vit_supervised,vit_small_patch16_224,token_gradient,predicted,blocks.2,26,23,23,-0.2829342782497406,0.3085945248603821,0.005363465944592083,0.35174683189781436,0.12747034430503845,0.1865580826997757,0.1501542180776596,0.3084641098976135,0.1847895408162897,0.7657634615898132,-0.006040621947174321,0.10511509631166438,0.2
368,n03095699/ILSVRC2012_val_00022271,vit_supervised,vit_small_patch16_224,token_gradient,predicted,blocks.5,25,25,25,-0.16369082033634186,0.11383633315563202,0.0,0.1981609195401598,0.24740999937057495,0.07358535379171371,0.36033889651298523,0.544780433177948,0.4751873405611298,0.9936233162879944,-0.006028052272488808,0.14129194021051944,0.2
369,n03095699/ILSVRC2012_val_00023417,vit_supervised,vit_small_patch16_224,token_gradient,predicted,blocks.5,25,16,16,-0.002899654908105731,0.18278898298740387,0.0,0.16050119331731602,0.04371113330125809,0.10020390897989273,0.05135186016559601,0.1962282359600067,0.1488759566326234,0.9630076885223389,0.04699049603195252,0.1835615723898428,0.2
370,n03095699/ILSVRC2012_val_00027211,vit_supervised,vit_small_patch16_224,token_gradient,predicted,blocks.5,25,25,25,0.15947386622428894,0.2437850832939148,0.010375013509129371,0.16179942835834416,0.30867964029312134,0.12335048615932465,0.49795857071876526,0.5459846258163452,0.5453005420917281,0.9833282828330994,0.11544187904995765,0.2463587060703344,0.2
371,n03095699/ILSVRC2012_val_00029800,vit_supervised,vit_small_patch16_224,token_gradient,predicted,blocks.5,25,25,25,-0.17232605814933777,0.15919019281864166,0.532610659439607,0.2787157069639842,0.35400375723838806,0.10184705257415771,0.44730859994888306,0.42725059390068054,0.3071986607142245,0.9750665426254272,0.1744674866613422,0.28877745264244364,0.2
372,n03095699/ILSVRC2012_val_00035961,vit_supervised,vit_small_patch16_224,token_gradient,predicted,blocks.5,25,25,25,0.2661077678203583,0.3105561137199402,0.4420629604819215,0.2780819207174473,0.22804385423660278,0.14704565703868866,0.2740347683429718,0.31505903601646423,0.18618463010200373,0.979438304901123,0.32248657148795395,0.42008968477213604,0.2
373,n03095699/ILSVRC2012_val_00036884,vit_supervised,vit_small_patch16_224,token_gradient,predicted,blocks.5,25,25,25,-0.011958204209804535,0.24394911527633667,0.09406479716850576,0.1047675777222606,0.17530252039432526,0.06682102382183075,0.6296383142471313,0.5223132371902466,0.7610610650508688,0.9548914432525635,0.05486643078330809,0.18875643873714454,0.2
374,n03095699/ILSVRC2012_val_00039908,vit_supervised,vit_small_patch16_224,token_gradient,predicted,blocks.5,25,25,25,-0.023364616557955742,0.2556072771549225,0.15050250629687761,0.13804331738118852,0.21919505298137665,0.08359941840171814,0.6130445599555969,0.6706769466400146,0.7194475446427138,0.9809261560440063,0.07721790048023755,0.21109776353083298,0.2
375,n03197337/ILSVRC2012_val_00006034,vit_supervised,vit_small_patch16_224,token_gradient,predicted,blocks.5,26,38,38,0.31689032912254333,0.16318370401859283,0.4382076774368695,0.35786454598764234,0.22711092233657837,0.10686436295509338,0.31403809785842896,0.4907791018486023,0.21516262755097754,0.9816656112670898,0.36557779867637086,0.45717951273908164,0.2
376,n03197337/ILSVRC2012_val_00009243,vit_supervised,vit_small_patch16_224,token_gradient,predicted,blocks.5,26,22,22,0.3436218500137329,0.08453590422868729,0.0,0.0,0.0,0.0,0.0,0.0,0.0,0.9668445587158203,0.13744874000549318,0.26529433131217955,0.2
377,n03197337/ILSVRC2012_val_00010958,vit_supervised,vit_small_patch16_224,token_gradient,predicted,blocks.5,26,18,18,0.1381944864988327,0.24181725084781647,0.18579916074611083,0.2752055774042388,0.25853538513183594,0.11185619980096817,0.3766363263130188,0.4265730082988739,0.3686822385203347,0.9624839425086975,0.19357921604463796,0.30799184618848346,0.2
378,n03197337/ILSVRC2012_val_00011103,vit_supervised,vit_small_patch16_224,token_gradient,predicted,blocks.5,26,22,22,-0.1723300963640213,0.3438500761985779,0.3776575826917505,0.21437218003733743,0.21158796548843384,0.08213166892528534,0.6017346978187561,0.4875982999801636,0.4597815688774594,0.9912875294685364,0.10867689027311785,0.236385036375145,0.2
379,n03197337/ILSVRC2012_val_00011172,vit_supervised,vit_small_patch16_224,token_gradient,predicted,blocks.5,26,33,33,-0.01855918951332569,0.2412075251340866,0.0010884224972195328,0.19150074628961913,0.26839181780815125,0.11700674146413803,0.4950271248817444,0.6332783699035645,0.6432158801019127,0.9963624477386475,0.05035307483072132,0.19110594302784278,0.2
380,n03197337/ILSVRC2012_val_00011421,vit_supervised,vit_small_patch16_224,token_gradient,predicted,blocks.5,26,32,32,0.043847791850566864,0.43674951791763306,0.1872552310617728,0.08491820040895454,0.14525336027145386,0.09124106913805008,0.273703396320343,0.19883227348327637,0.22293526785709844,0.9949909448623657,0.09919114618144495,0.23263872674473507,0.2
381,n03197337/ILSVRC2012_val_00012194,vit_supervised,vit_small_patch16_224,token_gradient,predicted,blocks.5,26,26,26,0.1358414739370346,0.21669398248195648,0.021195097037788255,0.07247270874122994,0.29458338022232056,0.0707785114645958,0.5055896639823914,0.38421517610549927,0.5968989158162076,0.9909679293632507,0.0824369313085193,0.21960665672720425,0.2
382,n03197337/ILSVRC2012_val_00016242,vit_supervised,vit_small_patch16_224,token_gradient,predicted,blocks.5,26,18,18,0.231698676943779,0.323588103055954,0.27339433449286016,0.21955931349211313,0.17831654846668243,0.07319947332143784,0.7066856622695923,0.7265668511390686,0.668128188775377,0.9851753115653992,0.2405655651730036,0.35210924566137586,0.2
383,n03197337/ILSVRC2012_val_00017149,vit_supervised,vit_small_patch16_224,token_gradient,predicted,blocks.5,26,23,23,-0.1880398690700531,0.31168797612190247,0.03422969787870461,0.19659126123322182,0.14526258409023285,0.1278723031282425,0.17914138734340668,0.2560156583786011,0.1847895408162897,0.2130884975194931,-0.005969659894443327,0.023854560231386997,0.2
368,n03095699/ILSVRC2012_val_00022271,vit_supervised,vit_small_patch16_224,token_gradient,predicted,blocks.8,25,25,25,-0.18316440284252167,0.17846548557281494,0.0,0.1278756200685395,0.24637719988822937,0.07693735510110855,0.36470896005630493,0.39756089448928833,0.4751873405611298,0.9938085675239563,-0.034903075116446816,0.11693264915084572,0.2
369,n03095699/ILSVRC2012_val_00023417,vit_supervised,vit_small_patch16_224,token_gradient,predicted,blocks.8,25,16,16,0.38957566022872925,0.12705957889556885,0.0,0.030663292331216136,0.06239350885152817,0.03636189550161362,0.07220407575368881,0.09828899800777435,0.1488759566326234,0.9859602451324463,0.16502925179085653,0.2919113409327262,0.2
370,n03095699/ILSVRC2012_val_00027211,vit_supervised,vit_small_patch16_224,token_gradient,predicted,blocks.8,25,25,25,-0.3481895923614502,0.15093302726745605,0.00795126815988573,0.13077923256020962,0.2668224573135376,0.07906810194253922,0.47038859128952026,0.4885738790035248,0.5453005420917281,0.9831230044364929,-0.09765668672855149,0.0602847185189902,0.2
371,n03095699/ILSVRC2012_val_00029800,vit_supervised,vit_small_patch16_224,token_gradient,predicted,blocks.8,25,25,25,-0.003016816219314933,0.17820021510124207,0.47787456445965276,0.21283590623203122,0.34882718324661255,0.10879398882389069,0.43705832958221436,0.406594455242157,0.3071986607142245,0.9837278723716736,0.2060064147197792,0.3191809128519118,0.2
372,n03095699/ILSVRC2012_val_00035961,vit_supervised,vit_small_patch16_224,token_gradient,predicted,blocks.8,25,25,25,0.18849726021289825,0.2893824875354767,0.38111190306458936,0.252553329023754,0.22904060781002045,0.12836594879627228,0.2761870324611664,0.2810368835926056,0.18618463010200373,0.9916126728057861,0.2654984737116623,0.37313225001746814,0.2
373,n03095699/ILSVRC2012_val_00036884,vit_supervised,vit_small_patch16_224,token_gradient,predicted,blocks.8,25,25,25,0.00857279822230339,0.16031497716903687,0.09847604729034866,0.10185290959352468,0.17280855774879456,0.030415648594498634,0.6322531700134277,0.43311017751693726,0.7610610650508688,0.9454795122146606,0.06352780635408335,0.19490464543097363,0.2
374,n03095699/ILSVRC2012_val_00039908,vit_supervised,vit_small_patch16_224,token_gradient,predicted,blocks.8,25,25,25,0.19386649131774902,0.3170001208782196,0.1048472075869085,0.1298491379310027,0.19087062776088715,0.09159882366657257,0.5672925710678101,0.6281799674034119,0.7194475446427138,0.9562941193580627,0.14795550018247297,0.2699714762443993,0.2
375,n03197337/ILSVRC2012_val_00006034,vit_supervised,vit_small_patch16_224,token_gradient,predicted,blocks.8,26,38,38,0.19255612790584564,0.21490730345249176,0.3222081218272067,0.4571208729711408,0.1983957290649414,0.13321319222450256,0.28532207012176514,0.47547370195388794,0.21516262755097754,0.9814103841781616,0.3108211496018425,0.4094384510933571,0.2
376,n03197337/ILSVRC2012_val_00009243,vit_supervised,vit_small_patch16_224,token_gradient,predicted,blocks.8,26,22,22,0.6692185401916504,0.3142906427383423,0.0,0.0,0.0,0.0,0.0,0.0,0.0,0.9594825506210327,0.2676874160766602,0.37814887166023253,0.2
377,n03197337/ILSVRC2012_val_00010958,vit_supervised,vit_small_patch16_224,token_gradient,predicted,blocks.8,26,18,18,-0.04811103269457817,0.3514755070209503,0.16726662848720966,0.092921709820709,0.27229756116867065,0.10530570894479752,0.3725056052207947,0.2841329574584961,0.3686822385203347,0.9640253186225891,0.05881208841454433,0.19281202092726568,0.2
378,n03197337/ILSVRC2012_val_00011103,vit_supervised,vit_small_patch16_224,token_gradient,predicted,blocks.8,26,22,22,-0.18641720712184906,0.3339610993862152,0.3698431745767493,0.18139319106409912,0.2100837081670761,0.09017213433980942,0.5990578532218933,0.48752403259277344,0.4597815688774594,0.9892616271972656,0.0908040268435149,0.2209523129971548,0.2
379,n03197337/ILSVRC2012_val_00011172,vit_supervised,vit_small_patch16_224,token_gradient,predicted,blocks.8,26,33,33,-0.13842427730560303,0.27092716097831726,0.0014438553304295012,0.1864012337024572,0.28072628378868103,0.13869276642799377,0.4964953660964966,0.6356542110443115,0.6432158801019127,0.9975781440734863,0.0009838157876247908,0.14814949681228357,0.2
380,n03197337/ILSVRC2012_val_00011421,vit_supervised,vit_small_patch16_224,token_gradient,predicted,blocks.8,26,32,32,0.10534325242042542,0.4560016989707947,0.19185622016276782,0.12405318078281473,0.1426781862974167,0.11397328227758408,0.27054616808891296,0.22956760227680206,0.22293526785709844,0.9954200387001038,0.13691012125184493,0.2651604943885601,0.2
381,n03197337/ILSVRC2012_val_00012194,vit_supervised,vit_small_patch16_224,token_gradient,predicted,blocks.8,26,26,26,-0.30646345019340515,0.1485518515110016,0.016059766726802007,0.1409941787466782,0.2941778004169464,0.08211813867092133,0.4917777478694916,0.5328050255775452,0.5968989158162076,0.9882117509841919,-0.075469196435318,0.08023304144830702,0.2
382,n03197337/ILSVRC2012_val_00016242,vit_supervised,vit_small_patch16_224,token_gradient,predicted,blocks.8,26,18,18,0.1453009396791458,0.30311882495880127,0.2679824178382476,0.1072726810543971,0.17979098856449127,0.0592811144888401,0.684605062007904,0.6285161375999451,0.668128188775377,0.9846311807632446,0.17069690553945172,0.2923637807253489,0.2
383,n03197337/ILSVRC2012_val_00017149,vit_supervised,vit_small_patch16_224,token_gradient,predicted,blocks.8,26,23,23,0.09379301965236664,0.29895737767219543,0.02467890882070657,0.22351077313040335,0.125942200422287,0.13244931399822235,0.15950718522071838,0.2648092210292816,0.1847895408162897,0.20866939425468445,0.11197411244627964,0.12617538650430846,0.2
368,n03095699/ILSVRC2012_val_00022271,vit_supervised,vit_small_patch16_224,token_gradient,predicted,blocks.11,25,25,25,0.0,0.0,0.0,0.4751873405611298,0.2558761239051819,0.0,0.37355342507362366,0.0,0.4751873405611298,0.9806225299835205,0.14255620216833895,0.26589021463781054,0.2
369,n03095699/ILSVRC2012_val_00023417,vit_supervised,vit_small_patch16_224,token_gradient,predicted,blocks.11,25,16,16,0.0,0.0,0.0,0.1488759566326234,0.03980488330125809,0.0,0.04717002436518669,0.0,0.1488759566326234,0.8581727147102356,0.04466278698978702,0.1659448963646912,0.2
370,n03095699/ILSVRC2012_val_00027211,vit_supervised,vit_small_patch16_224,token_gradient,predicted,blocks.11,25,25,25,0.0,0.0,0.022248339574159608,0.5453005420917281,0.3142445385456085,0.0,0.5065526366233826,0.0,0.5453005420917281,0.9729198217391968,0.1702646644997663,0.28782519367735143,0.2
371,n03095699/ILSVRC2012_val_00029800,vit_supervised,vit_small_patch16_224,token_gradient,predicted,blocks.11,25,25,25,0.0,0.0,0.3126837571566964,0.3071986607142245,0.3417131006717682,0.0,0.40589794516563416,0.0,0.3071986607142245,0.9469072818756104,0.18596472536127626,0.29700669674907176,0.2
372,n03095699/ILSVRC2012_val_00035961,vit_supervised,vit_small_patch16_224,token_gradient,predicted,blocks.11,25,25,25,0.0,0.0,0.1120229555236086,0.18618463010200373,0.21887698769569397,0.0,0.25151166319847107,0.0,0.18618463010200373,0.9021590948104858,0.0894622756876837,0.20987576062797594,0.2
373,n03095699/ILSVRC2012_val_00036884,vit_supervised,vit_small_patch16_224,token_gradient,predicted,blocks.11,25,25,25,0.0,0.0,0.12118112066958354,0.7610610650508688,0.20808419585227966,0.0,0.6450344324111938,0.0,0.7610610650508688,0.9548908472061157,0.2646726557161357,0.36379417351103044,0.2
374,n03095699/ILSVRC2012_val_00039908,vit_supervised,vit_small_patch16_224,token_gradient,predicted,blocks.11,25,25,25,0.0,0.0,0.12106337480556935,0.7194475446427138,0.18081606924533844,0.0,0.5894777774810791,0.0,0.7194475446427138,0.9067363739013672,0.25215327583448494,0.34613818594727586,0.2
375,n03197337/ILSVRC2012_val_00006034,vit_supervised,vit_small_patch16_224,token_gradient,predicted,blocks.11,26,38,38,0.0,0.0,0.4496172581764442,0.21516262755097754,0.21260759234428406,0.0,0.2914246916770935,0.0,0.21516262755097754,0.961033821105957,0.19943396571822652,0.31035004459774895,0.2
376,n03197337/ILSVRC2012_val_00009243,vit_supervised,vit_small_patch16_224,token_gradient,predicted,blocks.11,26,22,22,0.0,0.0,0.0,0.0,0.0,0.0,0.0,0.0,0.0,0.9549911618232727,0.0,0.1432486742734909,0.2
377,n03197337/ILSVRC2012_val_00010958,vit_supervised,vit_small_patch16_224,token_gradient,predicted,blocks.11,26,18,18,0.0,0.0,0.1372603722449734,0.3686822385203347,0.26531895995140076,0.0,0.36938658356666565,0.0,0.3686822385203347,0.97199946641922,0.15178278322959243,0.27228557265421005,0.2
378,n03197337/ILSVRC2012_val_00011103,vit_supervised,vit_small_patch16_224,token_gradient,predicted,blocks.11,26,22,22,0.0,0.0,0.3902654123969468,0.4597815688774594,0.21288233995437622,0.0,0.5868820548057556,0.0,0.4597815688774594,0.9803879261016846,0.25501409438232187,0.35956993423385425,0.2
379,n03197337/ILSVRC2012_val_00011172,vit_supervised,vit_small_patch16_224,token_gradient,predicted,blocks.11,26,33,33,0.0,0.0,9.455147145725221e-05,0.6432158801019127,0.2750690281391144,0.0,0.48807767033576965,0.0,0.6432158801019127,0.9950368404388428,0.19299312947201097,0.31008313395916887,0.2
380,n03197337/ILSVRC2012_val_00011421,vit_supervised,vit_small_patch16_224,token_gradient,predicted,blocks.11,26,32,32,0.0,0.0,0.16464518961628635,0.22293526785709844,0.15694862604141235,0.0,0.2581445872783661,0.0,0.22293526785709844,0.9917697906494141,0.11627413724201544,0.2456605829657583,0.2
381,n03197337/ILSVRC2012_val_00012194,vit_supervised,vit_small_patch16_224,token_gradient,predicted,blocks.11,26,26,26,0.0,0.0,0.022163709801108912,0.5968989158162076,0.3108162581920624,0.0,0.49559155106544495,0.0,0.5968989158162076,0.9831787943840027,0.18571878768519495,0.3022424755619295,0.2
382,n03197337/ILSVRC2012_val_00016242,vit_supervised,vit_small_patch16_224,token_gradient,predicted,blocks.11,26,18,18,0.0,0.0,0.20752363263376833,0.668128188775377,0.18825268745422363,0.0,0.6375086903572083,0.0,0.668128188775377,0.9865425825119019,0.2626955464227436,0.3668943427290716,0.2
383,n03197337/ILSVRC2012_val_00017149,vit_supervised,vit_small_patch16_224,token_gradient,predicted,blocks.11,26,23,23,0.0,0.0,0.002388245677793267,0.1847895408162897,0.10691948980093002,0.0,0.13670189678668976,0.0,0.1847895408162897,0.4399951994419098,0.05615333594822489,0.11279372653980721,0.2
384,n03197337/ILSVRC2012_val_00017686,vit_supervised,vit_small_patch16_224,token_gradient,predicted,blocks.2,26,26,26,0.21119986474514008,0.4854466915130615,0.0543420227953169,0.155695783822255,0.2030014842748642,0.19115512073040009,0.5367661118507385,0.6962084770202637,0.705217633928431,-0.28589290380477905,0.1474912878833276,0.08354546874447516,0.2
385,n03197337/ILSVRC2012_val_00034426,vit_supervised,vit_small_patch16_224,token_gradient,predicted,blocks.2,26,26,26,0.5626211166381836,0.33134904503822327,0.5338100913782011,0.37227159616041783,0.24213893711566925,0.1648438423871994,0.31562405824661255,0.3882299065589905,0.18466996173465708,0.8911973834037781,0.4968729529168591,0.5571174202185857,0.2
386,n03197337/ILSVRC2012_val_00039517,vit_supervised,vit_small_patch16_224,token_gradient,predicted,blocks.2,26,46,46,0.6850940585136414,0.4670822322368622,0.21982956910332763,0.21982956910332763,0.36806216835975647,0.1948794573545456,0.9240166544914246,0.9587262272834778,0.909777582907982,0.964708149433136,0.4059353648674532,0.49440392744640865,0.2
387,n03197337/ILSVRC2012_val_00044536,vit_supervised,vit_small_patch16_224,token_gradient,predicted,blocks.2,26,17,17,0.4011595547199249,0.45304155349731445,0.13186092280772715,0.21496643350067368,0.22715051472187042,0.17984357476234436,0.39703503251075745,0.4268999695777893,0.31578842474483504,0.31732577085494995,0.26451202878049024,0.2747115488573164,0.2
388,n03197337/ILSVRC2012_val_00046789,vit_supervised,vit_small_patch16_224,token_gradient,predicted,blocks.2,26,39,39,0.15783070027828217,0.3483699560165405,0.21514482344613017,0.15283540802209894,0.17372830212116241,0.08103068917989731,0.9775766730308533,0.8182633519172668,0.929587850765121,0.7737621068954468,0.1735263495517816,0.26330011899877304,0.2
389,n03197337/ILSVRC2012_val_00049993,vit_supervised,vit_small_patch16_224,token_gradient,predicted,blocks.2,26,28,28,0.20882365107536316,0.23442262411117554,0.21364062366869438,0.21376989114453407,0.5672626495361328,0.1440785676240921,0.9355188608169556,0.9628089070320129,0.9355668048467524,0.9835799336433411,0.2117526148741138,0.3274778966261853,0.2
390,n03201208/ILSVRC2012_val_00002189,vit_supervised,vit_small_patch16_224,token_gradient,predicted,blocks.2,27,38,38,-0.013257470913231373,0.2170344889163971,0.006466984343085035,0.03957087583535036,0.02339785359799862,0.028108002617955208,0.02470386028289795,0.036087289452552795,0.03561463647958474,0.9818155765533447,0.008508369688238067,0.15414168670797956,0.2
391,n03201208/ILSVRC2012_val_00009758,vit_supervised,vit_small_patch16_224,token_gradient,predicted,blocks.2,27,23,23,0.47364258766174316,0.47361108660697937,0.18308553377049647,0.15830699926035155,0.1331249624490738,0.12367802858352661,0.42986634373664856,0.48951292037963867,0.486686862244801,0.985332727432251,0.2918747949739517,0.3989229480541598,0.2
392,n03201208/ILSVRC2012_val_00012505,vit_supervised,vit_small_patch16_224,token_gradient,predicted,blocks.2,27,34,34,0.09018155932426453,0.3498382866382599,0.02086320619442152,0.008070796460171278,0.04409956932067871,0.020956717431545258,0.062361784279346466,0.04253745824098587,0.08378507653059555,0.994742214679718,0.04475282452608365,0.18800837862909847,0.2
393,n03201208/ILSVRC2012_val_00015035,vit_supervised,vit_small_patch16_224,token_gradient,predicted,blocks.2,27,27,27,0.4151608645915985,0.23087753355503082,0.017156639665050898,0.01803689364608607,0.08244606107473373,0.0260175634175539,0.1371382474899292,0.10858125239610672,0.24545599489791028,0.9983336925506592,0.1766224058299805,0.3038547398174426,0.2
394,n03201208/ILSVRC2012_val_00018336,vit_supervised,vit_small_patch16_224,token_gradient,predicted,blocks.2,27,41,41,0.14838996529579163,0.4006992280483246,0.006974248927033949,0.17425308931630357,0.05619614198803902,0.1133010983467102,0.07072661817073822,0.16671481728553772,0.09923070790814349,0.9216465950012207,0.11372418759131792,0.23549031166454454,0.2
395,n03201208/ILSVRC2012_val_00019001,vit_supervised,vit_small_patch16_224,token_gradient,predicted,blocks.2,27,27,27,0.5283154249191284,0.48993048071861267,0.04449767377583284,0.08867870174760482,0.09875412285327911,0.09441293030977249,0.16211804747581482,0.2072010189294815,0.2519132653060723,0.9667876362800598,0.2512790826246827,0.36322263804456334,0.2
396,n03201208/ILSVRC2012_val_00021888,vit_supervised,vit_small_patch16_224,token_gradient,predicted,blocks.2,27,27,27,0.26538923382759094,0.16491959989070892,0.021707519734097576,0.1853949508946283,0.07215336710214615,0.04266168177127838,0.11727315932512283,0.21524959802627563,0.19210379464281888,0.9951849579811096,0.16828643471965415,0.29393959319400476,0.2
397,n03201208/ILSVRC2012_val_00026442,vit_supervised,vit_small_patch16_224,token_gradient,predicted,blocks.2,27,27,27,0.08391784131526947,0.4427374005317688,0.14016756095260594,0.1078724312457748,0.18388631939888,0.1327602118253708,0.4634073078632355,0.419796884059906,0.5241749043366303,0.9930760860443115,0.10797913418562201,0.24034265541658623,0.2
398,n03201208/ILSVRC2012_val_00026491,vit_supervised,vit_small_patch16_224,token_gradient,predicted,blocks.2,27,27,27,0.024228468537330627,0.17062389850616455,0.16187583868905864,0.24406112876362226,0.1467374712228775,0.0808747187256813,0.1736321896314621,0.2155379205942154,0.12773038903058678,0.9677737951278687,0.13147247765073652,0.25513027512041625,0.2
399,n03201208/ILSVRC2012_val_00035775,vit_supervised,vit_small_patch16_224,token_gradient,predicted,blocks.2,27,27,27,0.5127001404762268,0.301677942276001,0.026762738033962584,0.05123935587217536,0.19344069063663483,0.05812327563762665,0.6035916209220886,0.5168631076812744,0.7940051020406581,0.9647649526596069,0.22848068436233213,0.34366031554215487,0.2
384,n03197337/ILSVRC2012_val_00017686,vit_supervised,vit_small_patch16_224,token_gradient,predicted,blocks.5,26,26,26,0.27179184556007385,0.5205255746841431,0.05972935137656096,0.1477232526405853,0.24096722900867462,0.21082496643066406,0.5770541429519653,0.6606590747833252,0.705217633928431,-0.3175565302371979,0.17095251942917342,0.09935681741473273,0.2
385,n03197337/ILSVRC2012_val_00034426,vit_supervised,vit_small_patch16_224,token_gradient,predicted,blocks.5,26,26,26,0.3482298254966736,0.22973652184009552,0.5117882039629421,0.28501997336865176,0.22843994200229645,0.11976336687803268,0.28389808535575867,0.34660419821739197,0.18466996173465708,0.8102317452430725,0.3783343833981476,0.4426172450431951,0.2
386,n03197337/ILSVRC2012_val_00039517,vit_supervised,vit_small_patch16_224,token_gradient,predicted,blocks.5,26,46,46,0.7061274647712708,0.38897237181663513,0.21982956910332763,0.21982956910332763,0.37271854281425476,0.16284263134002686,0.9235587120056152,0.9745771884918213,0.909777582907982,0.9112434387207031,0.4143487273705049,0.49374591302971405,0.2
387,n03197337/ILSVRC2012_val_00044536,vit_supervised,vit_small_patch16_224,token_gradient,predicted,blocks.5,26,17,17,-0.0928180143237114,0.2649017572402954,0.24650804354096592,0.13618403722884528,0.28177523612976074,0.12059042602777481,0.4080755114555359,0.33222848176956177,0.31578842474483504,0.935518741607666,0.0776804185014588,0.2035145264203037,0.2
388,n03197337/ILSVRC2012_val_00046789,vit_supervised,vit_small_patch16_224,token_gradient,predicted,blocks.5,26,39,39,0.03234218433499336,0.2351120412349701,0.21101544640754355,0.1562691256272887,0.2810537815093994,0.06756018847227097,0.956173837184906,0.8176707029342651,0.929587850765121,0.7217003107070923,0.12312224534444702,0.21139595413201956,0.2
389,n03197337/ILSVRC2012_val_00049993,vit_supervised,vit_small_patch16_224,token_gradient,predicted,blocks.5,26,28,28,0.04034031555056572,0.1067999079823494,0.21345969545304794,0.21376989114453407,0.5408760905265808,0.06191045418381691,0.9362278580665588,0.9407489895820618,0.9355668048467524,0.97712641954422,0.14430500219950088,0.2674954700237265,0.2
390,n03201208/ILSVRC2012_val_00002189,vit_supervised,vit_small_patch16_224,token_gradient,predicted,blocks.5,27,38,38,0.23993617296218872,0.25681230425834656,0.00766740500936474,0.0,0.023861810564994812,0.012021954171359539,0.02526756562292576,0.015367215499281883,0.03561463647958474,0.9880861043930054,0.09827469068768492,0.23410742744805804,0.2
391,n03201208/ILSVRC2012_val_00009758,vit_supervised,vit_small_patch16_224,token_gradient,predicted,blocks.5,27,23,23,0.13457247614860535,0.27409347891807556,0.17813183807433733,0.07292996605733723,0.26521649956703186,0.07292833179235458,0.47832635045051575,0.35467109084129333,0.486686862244801,0.4368338882923126,0.1291475316989445,0.1753909009287774,0.2
392,n03201208/ILSVRC2012_val_00012505,vit_supervised,vit_small_patch16_224,token_gradient,predicted,blocks.5,27,34,34,-0.03731582313776016,0.4006878435611725,0.019839564532287753,0.054194121566554974,0.044782381504774094,0.046922825276851654,0.06425807625055313,0.07211676985025406,0.08378507653059555,0.9947695136070251,0.007283776574548751,0.1546633104675484,0.2
393,n03201208/ILSVRC2012_val_00015035,vit_supervised,vit_small_patch16_224,token_gradient,predicted,blocks.5,27,27,27,0.4124131202697754,0.18433824181556702,0.020547006985972994,0.051861264059460746,0.08466747403144836,0.029338978230953217,0.14038151502609253,0.1425459235906601,0.24545599489791028,0.9984748959541321,0.1866877294215403,0.3122178942488997,0.2
394,n03201208/ILSVRC2012_val_00018336,vit_supervised,vit_small_patch16_224,token_gradient,predicted,blocks.5,27,41,41,0.1673869788646698,0.25528615713119507,0.015008112493229442,0.0530228643568151,0.06746285408735275,0.04977589100599289,0.07631628215312958,0.08294279128313065,0.09923070790814349,0.9221880435943604,0.08736408460088127,0.2139213933542996,0.2
395,n03201208/ILSVRC2012_val_00019001,vit_supervised,vit_small_patch16_224,token_gradient,predicted,blocks.5,27,27,27,0.48796960711479187,0.3792782127857208,0.053524136969728416,0.05794802407499745,0.1030036211013794,0.05865268036723137,0.17041341960430145,0.1523977369070053,0.2519132653060723,0.9769035577774048,0.2286294911593345,0.34519293641796933,0.2
396,n03201208/ILSVRC2012_val_00021888,vit_supervised,vit_small_patch16_224,token_gradient,predicted,blocks.5,27,27,27,0.06139720603823662,0.16081006824970245,0.023619998959459123,0.24668905646014402,0.08111707866191864,0.056561682373285294,0.12426933646202087,0.24437205493450165,0.19210379464281888,0.9941216111183167,0.10565159904117558,0.2381845276360311,0.2
397,n03201208/ILSVRC2012_val_00026442,vit_supervised,vit_small_patch16_224,token_gradient,predicted,blocks.5,27,27,27,0.1132294237613678,0.38014957308769226,0.1389167502507087,0.047841508781022626,0.16471774876117706,0.06961321085691452,0.4620077610015869,0.34571167826652527,0.5241749043366303,0.9904196262359619,0.10131924721406652,0.23488280700980585,0.2
398,n03201208/ILSVRC2012_val_00026491,vit_supervised,vit_small_patch16_224,token_gradient,predicted,blocks.5,27,27,27,-0.02960735186934471,0.27972349524497986,0.14976926304002952,0.13799307958467957,0.14046691358089447,0.09600093960762024,0.16425959765911102,0.1730213314294815,0.12773038903058678,0.9838894605636597,0.07448576203967483,0.20916143158645556,0.2
399,n03201208/ILSVRC2012_val_00035775,vit_supervised,vit_small_patch16_224,token_gradient,predicted,blocks.5,27,27,27,0.2671809196472168,0.2131168097257614,0.022489646971990962,0.10983778010189149,0.1795533448457718,0.047181639820337296,0.587350070476532,0.6326044201850891,0.7940051020406581,0.966564416885376,0.14657059598105146,0.27157984117780287,0.2
384,n03197337/ILSVRC2012_val_00017686,vit_supervised,vit_small_patch16_224,token_gradient,predicted,blocks.8,26,26,26,0.15108631551265717,0.426024854183197,0.06667292924072553,0.16354134644938942,0.25767186284065247,0.15789300203323364,0.5953506827354431,0.6488269567489624,0.705217633928431,0.005958904046565294,0.12949880891209736,0.11132761495894354,0.2
385,n03197337/ILSVRC2012_val_00034426,vit_supervised,vit_small_patch16_224,token_gradient,predicted,blocks.8,26,26,26,0.45650625228881836,0.19314244389533997,0.48093301618930334,0.35151600027984625,0.22653613984584808,0.1590379923582077,0.26830026507377625,0.45183998346328735,0.18466996173465708,0.762096643447876,0.43233720585627217,0.48220393893555524,0.2
386,n03197337/ILSVRC2012_val_00039517,vit_supervised,vit_small_patch16_224,token_gradient,predicted,blocks.8,26,46,46,0.3553149402141571,0.3919362723827362,0.21982956910332763,0.21982956910332763,0.37874993681907654,0.1641703099012375,0.9219771027565002,0.9261727929115295,0.909777582907982,0.8781819343566895,0.2740237175476594,0.3660023037801222,0.2
387,n03197337/ILSVRC2012_val_00044536,vit_supervised,vit_small_patch16_224,token_gradient,predicted,blocks.8,26,17,17,-0.30854329466819763,0.10061971098184586,0.2116104868912867,0.07261273209546062,0.27495917677879333,0.026738693937659264,0.4009137749671936,0.16838636994361877,0.31578842474483504,0.9081732034683228,-0.03815035217125486,0.09929163213306605,0.2
388,n03197337/ILSVRC2012_val_00046789,vit_supervised,vit_small_patch16_224,token_gradient,predicted,blocks.8,26,39,39,0.1997085064649582,0.4161660969257355,0.2099824943426391,0.20725057510432665,0.280266672372818,0.1434457004070282,0.9540336728096008,0.9530735015869141,0.929587850765121,0.7366543412208557,0.20505332342007299,0.28470439580760515,0.2
389,n03197337/ILSVRC2012_val_00049993,vit_supervised,vit_small_patch16_224,token_gradient,predicted,blocks.8,26,28,28,-0.023489665240049362,0.10756289213895798,0.21304042403724952,0.1551780066498753,0.5605974197387695,0.06161808967590332,0.9335192441940308,0.8984098434448242,0.9355668048467524,0.975335419178009,0.1010696631101177,0.23013353771446526,0.2
390,n03201208/ILSVRC2012_val_00002189,vit_supervised,vit_small_patch16_224,token_gradient,predicted,blocks.8,27,38,38,-0.01759813353419304,0.3005095422267914,0.0,0.009478268294757512,0.020094148814678192,0.023738190531730652,0.021418293938040733,0.02895565703511238,0.03561463647958474,0.9809728264808655,-0.004195772925249963,0.14335614430885163,0.2
391,n03201208/ILSVRC2012_val_00009758,vit_supervised,vit_small_patch16_224,token_gradient,predicted,blocks.8,27,23,23,0.17798326909542084,0.23594622313976288,0.2014017225146618,0.19818472666567039,0.26173192262649536,0.08481287211179733,0.4885445237159729,0.4938243329524994,0.486686862244801,0.9572821855545044,0.19106924239226797,0.305783084311656,0.2
392,n03201208/ILSVRC2012_val_00012505,vit_supervised,vit_small_patch16_224,token_gradient,predicted,blocks.8,27,34,34,0.14674077928066254,0.42452773451805115,0.02453590444666532,0.07797713680060718,0.04729438200592995,0.07197479903697968,0.06778696179389954,0.10731829702854156,0.08378507653059555,0.9944818019866943,0.08945022408644678,0.22615980335805413,0.2
393,n03201208/ILSVRC2012_val_00015035,vit_supervised,vit_small_patch16_224,token_gradient,predicted,blocks.8,27,27,27,0.25145256519317627,0.13339008390903473,0.022040331062224135,0.05803550295855241,0.08514560759067535,0.021617216989398003,0.1417262852191925,0.1413467973470688,0.24545599489791028,0.9975069761276245,0.12460377628350347,0.2576534027419495,0.2
394,n03201208/ILSVRC2012_val_00018336,vit_supervised,vit_small_patch16_224,token_gradient,predicted,blocks.8,27,41,41,0.16919563710689545,0.24262215197086334,0.017415463847653714,0.04191533657179603,0.07168976962566376,0.03951112553477287,0.08027930557727814,0.06799884885549545,0.09923070790814349,0.8601102828979492,0.08547749496859311,0.20306771552696823,0.2
395,n03201208/ILSVRC2012_val_00019001,vit_supervised,vit_small_patch16_224,token_gradient,predicted,blocks.8,27,27,27,0.36239928007125854,0.44021326303482056,0.06280759315675519,0.09758458783092232,0.11215028166770935,0.09537374973297119,0.1808202564716339,0.22448810935020447,0.2519132653060723,0.9286636114120483,0.19307736632480665,0.3062373349836671,0.2
396,n03201208/ILSVRC2012_val_00021888,vit_supervised,vit_small_patch16_224,token_gradient,predicted,blocks.8,27,27,27,-0.0812636986374855,0.4184991717338562,0.02596996245305279,0.16249113684698505,0.08114300668239594,0.1385142207145691,0.1249634176492691,0.23642605543136597,0.19210379464281888,0.9911788105964661,0.024032850335017144,0.16734980189135945,0.2
397,n03201208/ILSVRC2012_val_00026442,vit_supervised,vit_small_patch16_224,token_gradient,predicted,blocks.8,27,27,27,-0.0782431960105896,0.22437405586242676,0.1324565230941431,0.14400856369241735,0.17008313536643982,0.06077348068356514,0.4644407629966736,0.46540868282318115,0.5241749043366303,0.9763709306716919,0.051642247631732294,0.18818679269368754,0.2
398,n03201208/ILSVRC2012_val_00026491,vit_supervised,vit_small_patch16_224,token_gradient,predicted,blocks.8,27,27,27,-0.12313131242990494,0.26798465847969055,0.14512534818931397,0.05851303508203507,0.1364467442035675,0.05576630309224129,0.15951484441757202,0.10730267316102982,0.12773038903058678,0.9820194244384766,0.011838990009442732,0.15511655013314202,0.2
399,n03201208/ILSVRC2012_val_00035775,vit_supervised,vit_small_patch16_224,token_gradient,predicted,blocks.8,27,27,27,0.379839688539505,0.15178313851356506,0.02023074090741312,0.09502272377981097,0.1817236691713333,0.031011685729026794,0.5753059983253479,0.5398534536361694,0.7940051020406581,0.9800412654876709,0.18651191482196922,0.30876344698378344,0.2
384,n03197337/ILSVRC2012_val_00017686,vit_supervised,vit_small_patch16_224,token_gradient,predicted,blocks.11,26,26,26,0.0,0.0,0.06382480384118426,0.705217633928431,0.2473270297050476,0.0,0.5879215002059937,0.0,0.705217633928431,-0.062377020716667175,0.23071273133088457,0.18290405633490373,0.2
385,n03197337/ILSVRC2012_val_00034426,vit_supervised,vit_small_patch16_224,token_gradient,predicted,blocks.11,26,26,26,0.0,0.0,0.4402656518167,0.18466996173465708,0.22311511635780334,0.0,0.26348164677619934,0.0,0.18466996173465708,0.749000608921051,0.18748068406540713,0.2685839947259969,0.2
386,n03197337/ILSVRC2012_val_00039517,vit_supervised,vit_small_patch16_224,token_gradient,predicted,blocks.11,26,46,46,0.0,0.0,0.21982956910332763,0.909777582907982,0.40639346837997437,0.0,0.910751223564148,0.0,0.909777582907982,0.6983123421669006,0.3388821456033929,0.38714863932786253,0.2
387,n03197337/ILSVRC2012_val_00044536,vit_supervised,vit_small_patch16_224,token_gradient,predicted,blocks.11,26,17,17,0.0,0.0,0.1886281173930149,0.31578842474483504,0.2536439001560211,0.0,0.39318186044692993,0.0,0.31578842474483504,0.9076185822486877,0.15132496264135498,0.26224692287176565,0.2
388,n03197337/ILSVRC2012_val_00046789,vit_supervised,vit_small_patch16_224,token_gradient,predicted,blocks.11,26,39,39,0.0,0.0,0.21158614792641908,0.929587850765121,0.2850469648838043,0.0,0.9582940936088562,0.0,0.929587850765121,0.764319658279419,0.342352199607462,0.39994144841479784,0.2
389,n03197337/ILSVRC2012_val_00049993,vit_supervised,vit_small_patch16_224,token_gradient,predicted,blocks.11,26,28,28,0.0,0.0,0.2126332815459143,0.9355668048467524,0.5854097008705139,0.0,0.9290284514427185,0.0,0.9355668048467524,0.9477810859680176,0.3444600259178,0.4292171844933693,0.2
390,n03201208/ILSVRC2012_val_00002189,vit_supervised,vit_small_patch16_224,token_gradient,predicted,blocks.11,27,38,38,0.0,0.0,0.0,0.03561463647958474,0.01783040724694729,0.0,0.018809325993061066,0.0,0.03561463647958474,0.9522362351417542,0.01068439094387542,0.1517390943911593,0.2
391,n03201208/ILSVRC2012_val_00009758,vit_supervised,vit_small_patch16_224,token_gradient,predicted,blocks.11,27,23,23,0.0,0.0,0.17066458276699828,0.486686862244801,0.30882373452186584,0.0,0.47757208347320557,0.0,0.486686862244801,0.9400150775909424,0.19720543350353978,0.3053401228915912,0.2
392,n03201208/ILSVRC2012_val_00012505,vit_supervised,vit_small_patch16_224,token_gradient,predicted,blocks.11,27,34,34,0.0,0.0,0.027112777617517222,0.08378507653059555,0.045205436646938324,0.0,0.06486233323812485,0.0,0.08378507653059555,0.9939752817153931,0.033269356244433834,0.17682075579433715,0.2
393,n03201208/ILSVRC2012_val_00015035,vit_supervised,vit_small_patch16_224,token_gradient,predicted,blocks.11,27,27,27,0.0,0.0,0.022227303910348856,0.24545599489791028,0.08540064096450806,0.0,0.14358289539813995,0.0,0.24545599489791028,0.9849873185157776,0.08030498964247774,0.21466892247943142,0.2
394,n03201208/ILSVRC2012_val_00018336,vit_supervised,vit_small_patch16_224,token_gradient,predicted,blocks.11,27,41,41,0.0,0.0,0.02024456521737755,0.09923070790814349,0.07012591511011124,0.0,0.08072410523891449,0.0,0.09923070790814349,0.9517826437950134,0.03584258193765631,0.17263621485063227,0.2
395,n03201208/ILSVRC2012_val_00019001,vit_supervised,vit_small_patch16_224,token_gradient,predicted,blocks.11,27,27,27,0.0,0.0,0.058145503756564396,0.2519132653060723,0.1447906196117401,0.0,0.20909437537193298,0.0,0.2519132653060723,0.6935988664627075,0.09301763071879099,0.1815545222350653,0.2
396,n03201208/ILSVRC2012_val_00021888,vit_supervised,vit_small_patch16_224,token_gradient,predicted,blocks.11,27,27,27,0.0,0.0,0.03129422865228742,0.19210379464281888,0.10264742374420166,0.0,0.16153092682361603,0.0,0.19210379464281888,0.9503408074378967,0.06701940698853188,0.19840062693946106,0.2
397,n03201208/ILSVRC2012_val_00026442,vit_supervised,vit_small_patch16_224,token_gradient,predicted,blocks.11,27,27,27,0.0,0.0,0.0776759498175764,0.5241749043366303,0.1950501948595047,0.0,0.4041464626789093,0.0,0.5241749043366303,0.9067147970199585,0.18055525624626198,0.28646993309154545,0.2
398,n03201208/ILSVRC2012_val_00026491,vit_supervised,vit_small_patch16_224,token_gradient,predicted,blocks.11,27,27,27,0.0,0.0,0.1640945773749369,0.12773038903058678,0.13381719589233398,0.0,0.15744717419147491,0.0,0.12773038903058678,0.9794567823410034,0.0875474899216571,0.21987475895253142,0.2
399,n03201208/ILSVRC2012_val_00035775,vit_supervised,vit_small_patch16_224,token_gradient,predicted,blocks.11,27,27,27,0.0,0.0,0.018106475055111843,0.7940051020406581,0.19015273451805115,0.0,0.5677437782287598,0.0,0.7940051020406581,0.982201874256134,0.243633473128731,0.3503581754123626,0.2
400,n03201208/ILSVRC2012_val_00040827,vit_supervised,vit_small_patch16_224,token_gradient,predicted,blocks.2,27,27,27,0.1132420226931572,0.2365131378173828,0.040905864894482925,0.09036226007022818,0.07843735814094543,0.050601571798324585,0.10508812218904495,0.13258783519268036,0.12153220663262884,0.9533953666687012,0.08467724656667622,0.21546104418408796,0.2
401,n03201208/ILSVRC2012_val_00041816,vit_supervised,vit_small_patch16_224,token_gradient,predicted,blocks.2,27,27,27,-0.124339260160923,0.4188603460788727,0.2168513090564773,0.19517907680287147,0.17614604532718658,0.15018001198768616,0.3551987111568451,0.3473011255264282,0.2881656568876977,0.9951056241989136,0.07387341169343542,0.20875469903835117,0.2
402,n03201208/ILSVRC2012_val_00043733,vit_supervised,vit_small_patch16_224,token_gradient,predicted,blocks.2,27,27,27,0.4616129994392395,0.4137732684612274,0.0017843624959436657,0.04442189525900872,0.08701643347740173,0.07198178768157959,0.11924323439598083,0.13355761766433716,0.16924426020404792,0.978982150554657,0.19850707710218155,0.31996343682567047,0.2
403,n03201208/ILSVRC2012_val_00046343,vit_supervised,vit_small_patch16_224,token_gradient,predicted,blocks.2,27,27,27,0.33018338680267334,0.2367500364780426,0.07814479001224782,0.11455648848613464,0.21275754272937775,0.054886430501937866,0.7055201530456543,0.6464594006538391,0.8688018176018677,0.935552179813385,0.18988373827058408,0.304072331977539,0.2
404,n03201208/ILSVRC2012_val_00048871,vit_supervised,vit_small_patch16_224,token_gradient,predicted,blocks.2,27,29,29,0.05745553970336914,0.2881110906600952,0.044838373305497364,0.1457975986276831,0.08413205295801163,0.08893447369337082,0.10491160303354263,0.16897611320018768,0.11951929209181292,0.9367948770523071,0.08017300746130179,0.2082876634373204,0.2
405,n03445777/ILSVRC2012_val_00007755,vit_supervised,vit_small_patch16_224,token_gradient,predicted,blocks.2,28,28,28,0.22469203174114227,0.1830170601606369,0.3378516251272862,0.46840505519079473,0.20879441499710083,0.18729610741138458,0.2471460998058319,0.46516555547714233,0.16587611607139552,0.9970917701721191,0.3317538167918812,0.4297701467147379,0.2
406,n03445777/ILSVRC2012_val_00011431,vit_supervised,vit_small_patch16_224,token_gradient,predicted,blocks.2,28,31,31,-0.022283250465989113,0.23419545590877533,0.0063557250415551105,0.2209502342961561,0.37690600752830505,0.16981330513954163,0.5263918042182922,0.6779823899269104,0.6204759247447743,0.9872724413871765,0.05927848761491771,0.19711821837940807,0.2
407,n03445777/ILSVRC2012_val_00011581,vit_supervised,vit_small_patch16_224,token_gradient,predicted,blocks.2,28,31,31,0.11074213683605194,0.2705281376838684,0.03995914997174396,0.12407816243127341,0.16127461194992065,0.07096173614263535,0.5028142333030701,0.5805571675300598,0.7538663903059722,0.9981981515884399,0.09350804845532598,0.2294987987316385,0.2
408,n03445777/ILSVRC2012_val_00012634,vit_supervised,vit_small_patch16_224,token_gradient,predicted,blocks.2,28,18,18,-0.036164529621601105,0.46444401144981384,0.7943181818174295,0.13196726208248283,0.31143519282341003,0.11214987933635712,0.35015547275543213,0.18594244122505188,0.17763472576527073,0.9868773818016052,0.2634198213213333,0.3669453828776585,0.2
409,n03445777/ILSVRC2012_val_00019268,vit_supervised,vit_small_patch16_224,token_gradient,predicted,blocks.2,28,34,34,-0.005333652254194021,0.1864420622587204,0.30483905350662216,0.14063997444357879,0.4005758464336395,0.0727861151099205,0.7357926964759827,0.6112132668495178,0.6539381377549718,0.9449446797370911,0.13151024748338266,0.25124468065914596,0.2
410,n03445777/ILSVRC2012_val_00023215,vit_supervised,vit_small_patch16_224,token_gradient,predicted,blocks.2,28,28,28,0.4315410554409027,0.15092776715755463,0.4481152993345631,0.3076384022423127,0.29056572914123535,0.09912914037704468,0.39482346177101135,0.5294764637947083,0.32065130739789527,0.6928695440292358,0.3993425326494238,0.44390822640292027,0.2
411,n03445777/ILSVRC2012_val_00023845,vit_supervised,vit_small_patch16_224,token_gradient,predicted,blocks.2,28,28,28,0.5558153390884399,0.3924783170223236,0.18435103388002683,0.19467293380317793,0.0943600982427597,0.1311255246400833,0.10547082126140594,0.16620083153247833,0.04314811862244038,0.8245181441307068,0.3360333259403374,0.41296908222136114,0.2
412,n03445777/ILSVRC2012_val_00025591,vit_supervised,vit_small_patch16_224,token_gradient,predicted,blocks.2,28,44,44,0.2878672182559967,0.4030208885669708,0.14002779708120913,0.2212461847686881,0.11843273788690567,0.15573619306087494,0.1389513909816742,0.22012364864349365,0.12695312499997471,0.9840606451034546,0.22352908185736786,0.3386811186175913,0.2
413,n03445777/ILSVRC2012_val_00035519,vit_supervised,vit_small_patch16_224,token_gradient,predicted,blocks.2,28,28,28,-0.16240361332893372,0.2435600459575653,0.021084090722991448,0.44184298762837215,0.18577855825424194,0.2098693549633026,0.28025907278060913,0.6112240552902222,0.2970742984693286,0.9243048429489136,0.07391667817383558,0.19753623136505113,0.2
414,n03445777/ILSVRC2012_val_00036171,vit_supervised,vit_small_patch16_224,token_gradient,predicted,blocks.2,28,28,28,0.1974605917930603,0.2733750641345978,0.5785801950774636,0.3875766522823145,0.37744781374931335,0.20408974587917328,0.47230064868927,0.5344423651695251,0.28704958545912646,0.9941179156303406,0.36883129092515754,0.45976810631206677,0.2
415,n03445777/ILSVRC2012_val_00036187,vit_supervised,vit_small_patch16_224,token_gradient,predicted,blocks.2,28,28,28,0.11889106780290604,0.2534539997577667,0.5098531256915566,0.12574290116656078,0.3284378945827484,0.10432618111371994,0.3811269998550415,0.2616073787212372,0.207708864795877,0.8567366600036621,0.23823523517859765,0.3290213794460958,0.2
400,n03201208/ILSVRC2012_val_00040827,vit_supervised,vit_small_patch16_224,token_gradient,predicted,blocks.5,27,27,27,0.1285412758588791,0.2540071904659271,0.024707825203236337,0.0574162679425461,0.07293609529733658,0.03469737246632576,0.10143324732780457,0.09477464854717255,0.12153220663262884,0.9856156706809998,0.07605373828728637,0.21336282043920324,0.2
401,n03201208/ILSVRC2012_val_00041816,vit_supervised,vit_small_patch16_224,token_gradient,predicted,blocks.5,27,27,27,-0.20796842873096466,0.44907712936401367,0.3926540823286373,0.18037684930838013,0.23209190368652344,0.14970409870147705,0.4154830873012543,0.3084621727466583,0.2881656568876977,0.9968572854995728,0.08872190799871937,0.21999737567835265,0.2
402,n03201208/ILSVRC2012_val_00043733,vit_supervised,vit_small_patch16_224,token_gradient,predicted,blocks.5,27,27,27,0.6390654444694519,0.5966266989707947,0.002868275787421329,0.05524547214941608,0.08894314616918564,0.1061634048819542,0.12266474962234497,0.1520904302597046,0.16924426020404792,0.9859694838523865,0.27306030216883204,0.3860967651263755,0.2
403,n03201208/ILSVRC2012_val_00046343,vit_supervised,vit_small_patch16_224,token_gradient,predicted,blocks.5,27,27,27,0.24778923392295837,0.2970972955226898,0.06981150892588615,0.15908796196236027,0.18183553218841553,0.07244833558797836,0.668140172958374,0.7584447860717773,0.8688018176018677,0.9636435508728027,0.16778553483565728,0.28849763222601743,0.2
404,n03201208/ILSVRC2012_val_00048871,vit_supervised,vit_small_patch16_224,token_gradient,predicted,blocks.5,27,29,29,0.2530171573162079,0.3008985221385956,0.03740132004656568,0.16698209346326467,0.08815362304449081,0.10500416904687881,0.10522060841321945,0.18203461170196533,0.11951929209181292,0.9043902158737183,0.16252188697943226,0.27531039081918807,0.2
405,n03445777/ILSVRC2012_val_00007755,vit_supervised,vit_small_patch16_224,token_gradient,predicted,blocks.5,28,28,28,0.30081436038017273,0.17549997568130493,0.3296162201301016,0.2589469354173461,0.20936425030231476,0.0942114070057869,0.2457355111837387,0.27595677971839905,0.16587611607139552,0.997787594795227,0.2968946908163034,0.40209395423920646,0.2
406,n03445777/ILSVRC2012_val_00011431,vit_supervised,vit_small_patch16_224,token_gradient,predicted,blocks.5,28,31,31,-0.04421330988407135,0.19438160955905914,0.0018982720856651502,0.2655395019980739,0.3624955117702484,0.13781321048736572,0.5191689729690552,0.6817634701728821,0.6204759247447743,0.97567218542099,0.06254600827149318,0.19773561287465827,0.2
407,n03445777/ILSVRC2012_val_00011581,vit_supervised,vit_small_patch16_224,token_gradient,predicted,blocks.5,28,31,31,-0.12514345347881317,0.30332449078559875,0.039661164205030484,0.15247176671719703,0.17898668348789215,0.12215829640626907,0.5054123997688293,0.6354014873504639,0.7538663903059722,0.9946358799934387,0.00758249788514298,0.15342840601198807,0.2
408,n03445777/ILSVRC2012_val_00012634,vit_supervised,vit_small_patch16_224,token_gradient,predicted,blocks.5,28,18,18,0.09771642088890076,0.2763129770755768,0.8270176453564486,0.19289851422803267,0.3243955373764038,0.09591430425643921,0.36997124552726746,0.22824135422706604,0.17763472576527073,0.9905039072036743,0.34506141623090464,0.4377553732877867,0.2
409,n03445777/ILSVRC2012_val_00019268,vit_supervised,vit_small_patch16_224,token_gradient,predicted,blocks.5,28,34,34,-0.1062723696231842,0.20134921371936798,0.30111445142865356,0.19928905309704167,0.31183210015296936,0.08812429755926132,0.6523270010948181,0.6359092593193054,0.6539381377549718,0.9789583086967468,0.10761210350843488,0.23474929306782136,0.2
410,n03445777/ILSVRC2012_val_00023215,vit_supervised,vit_small_patch16_224,token_gradient,predicted,blocks.5,28,28,28,0.39206841588020325,0.18837064504623413,0.41947402738512307,0.17289992367432636,0.2676180601119995,0.06789727509021759,0.4029483497142792,0.3657527565956116,0.32065130739789527,0.8105405569076538,0.3345395516699161,0.4068985168590815,0.2
411,n03445777/ILSVRC2012_val_00023845,vit_supervised,vit_small_patch16_224,token_gradient,predicted,blocks.5,28,28,28,0.39541682600975037,0.18421906232833862,0.2068453853000229,0.1954924056832969,0.11130369454622269,0.07923190295696259,0.12142739444971085,0.14602504670619965,0.04314811862244038,0.46838611364364624,0.2788680676988961,0.3092382538957895,0.2
412,n03445777/ILSVRC2012_val_00025591,vit_supervised,vit_small_patch16_224,token_gradient,predicted,blocks.5,28,44,44,-0.06986277550458908,0.338371217250824,0.1316915011036619,0.3687854521184778,0.10659711062908173,0.17884612083435059,0.12629355490207672,0.2627515196800232,0.12695312499997471,0.9880587458610535,0.12219797576480627,0.24887607875808676,0.2
413,n03445777/ILSVRC2012_val_00035519,vit_supervised,vit_small_patch16_224,token_gradient,predicted,blocks.5,28,28,28,-0.20809565484523773,0.12920284271240234,0.02781669826092977,0.4485422232544729,0.20433950424194336,0.14109885692596436,0.26629313826560974,0.604119598865509,0.2970742984693286,0.8563370108604431,0.0596694145165257,0.17470680281208392,0.2
414,n03445777/ILSVRC2012_val_00036171,vit_supervised,vit_small_patch16_224,token_gradient,predicted,blocks.5,28,28,28,0.07610116899013519,0.1686527580022812,0.6818995182376587,0.2758692701262003,0.4083738625049591,0.11743529140949249,0.5044300556182861,0.4747142791748047,0.28704958545912646,0.9954878687858582,0.3177711041052118,0.4154007865553908,0.2
415,n03445777/ILSVRC2012_val_00036187,vit_supervised,vit_small_patch16_224,token_gradient,predicted,blocks.5,28,28,28,-0.4833657741546631,0.12079010158777237,0.0004401408450702073,0.07243186582805428,0.12621648609638214,0.05349075421690941,0.15462541580200195,0.17944985628128052,0.207708864795877,0.9824672341346741,-0.1714847076599279,-0.003589934165649844,0.2
400,n03201208/ILSVRC2012_val_00040827,vit_supervised,vit_small_patch16_224,token_gradient,predicted,blocks.8,27,27,27,-0.1934644728899002,0.3782072961330414,0.03230552712382785,0.08508205542098124,0.06847459822893143,0.06680963933467865,0.09623052179813385,0.11316589266061783,0.12153220663262884,0.9896552562713623,-0.042169514392517364,0.11008261856544155,0.2
401,n03201208/ILSVRC2012_val_00041816,vit_supervised,vit_small_patch16_224,token_gradient,predicted,blocks.8,27,27,27,-0.4380377233028412,0.3072408437728882,0.37083053503449137,0.09656623539414577,0.22150756418704987,0.08237340301275253,0.4096391499042511,0.22145424783229828,0.2881656568876977,0.9947142004966736,-0.034996058192545365,0.11274311952566593,0.2
402,n03201208/ILSVRC2012_val_00043733,vit_supervised,vit_small_patch16_224,token_gradient,predicted,blocks.8,27,27,27,-0.09840574860572815,0.2402954399585724,0.0039013817393639114,0.2092552705435616,0.08734140545129776,0.09814765304327011,0.12089234590530396,0.2582833170890808,0.16924426020404792,0.9879961609840393,0.024584696242586385,0.16704657520633243,0.2
403,n03201208/ILSVRC2012_val_00046343,vit_supervised,vit_small_patch16_224,token_gradient,predicted,blocks.8,27,27,27,0.3559730648994446,0.5156871676445007,0.06881913303436596,0.15772203272739568,0.15057876706123352,0.16591425240039825,0.6237006783485413,0.8027740716934204,0.8688018176018677,0.9883221983909607,0.21035157568830634,0.3294741939138901,0.2
404,n03201208/ILSVRC2012_val_00048871,vit_supervised,vit_small_patch16_224,token_gradient,predicted,blocks.8,27,29,29,-0.025907471776008606,0.29523134231567383,0.032191604429544045,0.10299277605772067,0.08561025559902191,0.08138595521450043,0.1021890863776207,0.14128635823726654,0.11951929209181292,0.86318039894104,0.03019232543577597,0.15420553984136917,0.2
405,n03445777/ILSVRC2012_val_00007755,vit_supervised,vit_small_patch16_224,token_gradient,predicted,blocks.8,28,28,28,0.38497087359428406,0.15183493494987488,0.3408310815742782,0.45525168450221537,0.210798978805542,0.1214350014925003,0.24494776129722595,0.37621739506721497,0.16587611607139552,0.9941775798797607,0.39281317926066167,0.4828871342590869,0.2
406,n03445777/ILSVRC2012_val_00011431,vit_supervised,vit_small_patch16_224,token_gradient,predicted,blocks.8,28,31,31,0.05791240558028221,0.20274055004119873,0.0,0.30278481012648645,0.3503519892692566,0.14892780780792236,0.5119103789329529,0.7394000887870789,0.6204759247447743,0.9689919948577881,0.11400040527005881,0.24131434371338858,0.2
407,n03445777/ILSVRC2012_val_00011581,vit_supervised,vit_small_patch16_224,token_gradient,predicted,blocks.8,28,31,31,-0.3440817892551422,0.26982101798057556,0.03975149882699632,0.19473290064897786,0.1807672530412674,0.1500278115272522,0.5014774799346924,0.7537409663200378,0.7538663903059722,0.9940997958183289,-0.06728739585926466,0.08730744300244309,0.2
408,n03445777/ILSVRC2012_val_00012634,vit_supervised,vit_small_patch16_224,token_gradient,predicted,blocks.8,28,18,18,-0.0869993343949318,0.29813456535339355,0.8323179576435235,0.10297456196513011,0.3091815710067749,0.0670088678598404,0.34962430596351624,0.15284712612628937,0.17763472576527073,0.9872307777404785,0.24578802212462333,0.351457979525009,0.2
409,n03445777/ILSVRC2012_val_00019268,vit_supervised,vit_small_patch16_224,token_gradient,predicted,blocks.8,28,34,34,0.06148720160126686,0.31670576333999634,0.3013120330437037,0.16825717090190637,0.2968025505542755,0.12274222820997238,0.6259625554084778,0.6344865560531616,0.6539381377549718,0.9745213985443115,0.16546564182418977,0.2850910313284927,0.2
410,n03445777/ILSVRC2012_val_00023215,vit_supervised,vit_small_patch16_224,token_gradient,predicted,blocks.8,28,28,28,0.1273518204689026,0.3440893590450287,0.40300751879677604,0.04029945842623435,0.2609424293041229,0.05833739414811134,0.4060845375061035,0.20406529307365417,0.32065130739789527,0.9098045825958252,0.18393282135446415,0.29187056885924223,0.2
411,n03445777/ILSVRC2012_val_00023845,vit_supervised,vit_small_patch16_224,token_gradient,predicted,blocks.8,28,28,28,0.3466549217700958,0.1860073208808899,0.20660666600711441,0.19629557036437054,0.10906431078910828,0.07425077259540558,0.11977671086788177,0.1341380625963211,0.04314811862244038,0.34754469990730286,0.2595326396194838,0.2741864866985002,0.2
412,n03445777/ILSVRC2012_val_00025591,vit_supervised,vit_small_patch16_224,token_gradient,predicted,blocks.8,28,44,44,-0.11986158788204193,0.3543633222579956,0.14153503583596022,0.23895476172476476,0.10158208757638931,0.1583753079175949,0.11830499023199081,0.23031499981880188,0.12695312499997471,0.9880080223083496,0.06620230411540072,0.20137209697771902,0.2
413,n03445777/ILSVRC2012_val_00035519,vit_supervised,vit_small_patch16_224,token_gradient,predicted,blocks.8,28,28,28,-0.1313791275024414,0.12147338688373566,0.07098076262449717,0.33645911477851437,0.21504944562911987,0.14159013330936432,0.2687557339668274,0.5728211402893066,0.2970742984693286,0.7872760891914368,0.06968031221992689,0.1739686881036139,0.2
414,n03445777/ILSVRC2012_val_00036171,vit_supervised,vit_small_patch16_224,token_gradient,predicted,blocks.8,28,28,28,-0.07909949123859406,0.16286446154117584,0.6963765097871051,0.23107148254484353,0.39627599716186523,0.10969173908233643,0.4893186092376709,0.4108462333679199,0.28704958545912646,0.9952396154403687,0.24659460120414695,0.3534631184655346,0.2
415,n03445777/ILSVRC2012_val_00036187,vit_supervised,vit_small_patch16_224,token_gradient,predicted,blocks.8,28,28,28,-0.2943565547466278,0.115779347717762,0.0,0.20839978734703266,0.08697058260440826,0.07685747742652893,0.11146839708089828,0.2935457229614258,0.207708864795877,0.959405779838562,-0.055222685694541335,0.09298601965122272,0.2
400,n03201208/ILSVRC2012_val_00040827,vit_supervised,vit_small_patch16_224,token_gradient,predicted,blocks.11,27,27,27,0.0,0.0,0.028890306122430553,0.12153220663262884,0.0624433234333992,0.0,0.08839761465787888,0.0,0.12153220663262884,0.9899352788925171,0.04512675382651782,0.18609592002264239,0.2
401,n03201208/ILSVRC2012_val_00041816,vit_supervised,vit_small_patch16_224,token_gradient,predicted,blocks.11,27,27,27,0.0,0.0,0.3821936357479225,0.2881656568876977,0.21884915232658386,0.0,0.40199679136276245,0.0,0.2881656568876977,0.9921388030052185,0.20110778779068605,0.3164106436096878,0.2
402,n03201208/ILSVRC2012_val_00043733,vit_supervised,vit_small_patch16_224,token_gradient,predicted,blocks.11,27,27,27,0.0,0.0,0.007394921428955796,0.16924426020404792,0.0835365280508995,0.0,0.11680632084608078,0.0,0.16924426020404792,0.9878160357475281,0.052991754489901115,0.19233220077038013,0.2
403,n03201208/ILSVRC2012_val_00046343,vit_supervised,vit_small_patch16_224,token_gradient,predicted,blocks.11,27,27,27,0.0,0.0,0.06930929972881056,0.8688018176018677,0.16111160814762115,0.0,0.6350040435791016,0.0,0.8688018176018677,0.9801622629165649,0.28143333519920344,0.38155211877015427,0.2
404,n03201208/ILSVRC2012_val_00048871,vit_supervised,vit_small_patch16_224,token_gradient,predicted,blocks.11,27,29,29,0.0,0.0,0.017840137134138886,0.11951929209181292,0.08574191480875015,0.0,0.10097872465848923,0.0,0.11951929209181292,0.8134869337081909,0.04120782876778554,0.15636289736271658,0.2
405,n03445777/ILSVRC2012_val_00007755,vit_supervised,vit_small_patch16_224,token_gradient,predicted,blocks.11,28,28,28,0.0,0.0,0.38299314604173906,0.16587611607139552,0.23650549352169037,0.0,0.28363776206970215,0.0,0.16587611607139552,0.9752301573753357,0.16466077863394038,0.283501839134584,0.2
406,n03445777/ILSVRC2012_val_00011431,vit_supervised,vit_small_patch16_224,token_gradient,predicted,blocks.11,28,31,31,0.0,0.0,0.0,0.6204759247447743,0.33680960536003113,0.0,0.5034396648406982,0.0,0.6204759247447743,0.9613608121871948,0.1861427774234323,0.2993231030142728,0.2
407,n03445777/ILSVRC2012_val_00011581,vit_supervised,vit_small_patch16_224,token_gradient,predicted,blocks.11,28,31,31,0.0,0.0,0.039391109856454935,0.7538663903059722,0.17512965202331543,0.0,0.4975503385066986,0.0,0.7538663903059722,0.9887128472328186,0.23797725004872816,0.34662130212552955,0.2
408,n03445777/ILSVRC2012_val_00012634,vit_supervised,vit_small_patch16_224,token_gradient,predicted,blocks.11,28,18,18,0.0,0.0,0.8116994838455249,0.17763472576527073,0.29638949036598206,0.0,0.33815476298332214,0.0,0.17763472576527073,0.9915752410888672,0.2968002628832387,0.39606983856602895,0.2
409,n03445777/ILSVRC2012_val_00019268,vit_supervised,vit_small_patch16_224,token_gradient,predicted,blocks.11,28,34,34,0.0,0.0,0.19640962644474946,0.6539381377549718,0.27939048409461975,0.0,0.5781137347221375,0.0,0.6539381377549718,0.978854238986969,0.2551043292599164,0.3594150768979757,0.2
410,n03445777/ILSVRC2012_val_00023215,vit_supervised,vit_small_patch16_224,token_gradient,predicted,blocks.11,28,28,28,0.0,0.0,0.3236054111565468,0.32065130739789527,0.25147154927253723,0.0,0.40159016847610474,0.0,0.32065130739789527,0.9093427062034607,0.19327701556633262,0.2974655855691296,0.2
411,n03445777/ILSVRC2012_val_00023845,vit_supervised,vit_small_patch16_224,token_gradient,predicted,blocks.11,28,28,28,0.0,0.0,0.045863694813505475,0.04314811862244038,0.04336759075522423,0.0,0.046524032950401306,0.0,0.04314811862244038,0.889583945274353,0.026703544030783757,0.15569054515013941,0.2
412,n03445777/ILSVRC2012_val_00025591,vit_supervised,vit_small_patch16_224,token_gradient,predicted,blocks.11,28,44,44,0.0,0.0,0.14616083280923203,0.12695312499997471,0.11081896722316742,0.0,0.12617719173431396,0.0,0.12695312499997471,0.979238748550415,0.08193418734276203,0.21516430173486395,0.2
413,n03445777/ILSVRC2012_val_00035519,vit_supervised,vit_small_patch16_224,token_gradient,predicted,blocks.11,28,28,28,0.0,0.0,0.08124160055487005,0.2970742984693286,0.18134333193302155,0.0,0.24752654135227203,0.0,0.2970742984693286,0.8765827417373657,0.1134947697072596,0.22606638601665452,0.2
414,n03445777/ILSVRC2012_val_00036171,vit_supervised,vit_small_patch16_224,token_gradient,predicted,blocks.11,28,28,28,0.0,0.0,0.6967298479478603,0.28704958545912646,0.36843734979629517,0.0,0.4436931312084198,0.0,0.28704958545912646,0.9757730960845947,0.29513383002209603,0.39231082276443585,0.2
415,n03445777/ILSVRC2012_val_00036187,vit_supervised,vit_small_patch16_224,token_gradient,predicted,blocks.11,28,28,28,0.0,0.0,0.0,0.207708864795877,0.0691557452082634,0.0,0.0885537639260292,0.0,0.207708864795877,0.9547463059425354,0.062312659438763095,0.19513916209034957,0.2
416,n03445777/ILSVRC2012_val_00036755,vit_supervised,vit_small_patch16_224,token_gradient,predicted,blocks.2,28,16,16,0.3665633499622345,0.13695406913757324,0.6752452170528549,0.40431596091172284,0.334086537361145,0.09220565110445023,0.37529152631759644,0.3712961673736572,0.1436941964285428,0.9850366711616516,0.4704936933742671,0.5459429676521742,0.2
417,n03445777/ILSVRC2012_val_00037369,vit_supervised,vit_small_patch16_224,token_gradient,predicted,blocks.2,28,28,28,0.46630215644836426,0.1690252721309662,0.2848141146815331,0.4006869479878305,0.14133262634277344,0.18696489930152893,0.1556229144334793,0.3908754885196686,0.08442283163263624,0.9599025845527649,0.39217118138015483,0.4785664081071831,0.2
418,n03445777/ILSVRC2012_val_00038447,vit_supervised,vit_small_patch16_224,token_gradient,predicted,blocks.2,28,38,38,0.25864872336387634,0.2897929549217224,0.007045735475891813,0.28918427090727966,0.08340904861688614,0.13071244955062866,0.10298287123441696,0.2406662553548813,0.12474091198977107,0.9872951507568359,0.192328491260502,0.31267882738667496,0.2
419,n03445777/ILSVRC2012_val_00046468,vit_supervised,vit_small_patch16_224,token_gradient,predicted,blocks.2,28,39,39,0.12783588469028473,0.2770324647426605,0.32429433386481427,0.3278859527118721,0.2313704490661621,0.11075157672166824,0.3289739489555359,0.3342704474925995,0.18056441326527015,0.9996281862258911,0.2467884398491198,0.3577318592196549,0.2
420,n03452741/ILSVRC2012_val_00002690,vit_supervised,vit_small_patch16_224,token_gradient,predicted,blocks.2,29,29,29,0.15096399188041687,0.4640331268310547,0.23634665343406513,0.27513020441332,0.22455410659313202,0.18266180157661438,0.7264961004257202,0.7896555066108704,0.6441525829080349,0.08198178559541702,0.21382865410638227,0.19300387945930475,0.2
421,n03452741/ILSVRC2012_val_00007427,vit_supervised,vit_small_patch16_224,token_gradient,predicted,blocks.2,29,35,35,-0.07022471725940704,0.30992257595062256,0.2517103287167313,0.18840350112868295,0.19252869486808777,0.11343598365783691,0.5134136080741882,0.515911340713501,0.39801897321420643,0.9900560975074768,0.10394426204986146,0.23395822104668262,0.2
422,n03452741/ILSVRC2012_val_00016899,vit_supervised,vit_small_patch16_224,token_gradient,predicted,blocks.2,29,29,29,-0.12311018258333206,0.35191071033477783,0.1251625995108681,0.171406901782282,0.31623148918151855,0.14847934246063232,0.6354358792304993,0.6611395478248596,0.6618901466835416,0.9918498396873474,0.0397267773546122,0.17983128737222343,0.2
423,n03452741/ILSVRC2012_val_00018721,vit_supervised,vit_small_patch16_224,token_gradient,predicted,blocks.2,29,29,29,-0.21267452836036682,0.2534277141094208,0.2514049998615068,0.19535609446481494,0.2656169533729553,0.10229027271270752,0.7714918851852417,0.7285969853401184,0.7008330676019012,0.9797700047492981,0.048958516953749774,0.18421968936784675,0.2
424,n03452741/ILSVRC2012_val_00019981,vit_supervised,vit_small_patch16_224,token_gradient,predicted,blocks.2,29,29,29,0.49687284231185913,0.2930753827095032,0.42702194357339995,0.44817713304037143,0.32519519329071045,0.21027565002441406,0.40472412109375,0.5429480075836182,0.25362723214280664,0.9944713115692139,0.46130885990887505,0.5418759606979756,0.2
425,n03452741/ILSVRC2012_val_00022718,vit_supervised,vit_small_patch16_224,token_gradient,predicted,blocks.2,29,27,27,0.07263567298650742,0.31242746114730835,0.5120716777234716,0.21119815920659002,0.2501069903373718,0.11166973412036896,0.3258182108402252,0.28623610734939575,0.2406130420917888,0.9164385795593262,0.24603522027362146,0.34370573171169194,0.2
426,n03452741/ILSVRC2012_val_00025572,vit_supervised,vit_small_patch16_224,token_gradient,predicted,blocks.2,29,29,29,0.005066048353910446,0.2700359523296356,0.14182528062466038,0.2245047496924543,0.2535526752471924,0.0978558361530304,0.7289673686027527,0.8082668781280518,0.7325613839284255,0.9116029739379883,0.11192542843669857,0.23009607059384557,0.2
427,n03452741/ILSVRC2012_val_00028864,vit_supervised,vit_small_patch16_224,token_gradient,predicted,blocks.2,29,29,29,0.029209330677986145,0.24896608293056488,0.2103423460469773,0.3009558539144146,0.22138278186321259,0.1406734734773636,0.30707523226737976,0.44036784768104553,0.26927216198974224,0.9932247996330261,0.16507319225961203,0.28703153567259704,0.2
428,n03452741/ILSVRC2012_val_00032753,vit_supervised,vit_small_patch16_224,token_gradient,predicted,blocks.2,29,29,29,0.029629820957779884,0.16467295587062836,0.03355419123456521,0.17892182353954622,0.26177817583084106,0.08007079362869263,0.44132670760154724,0.5284261703491211,0.47773836096929256,0.9928210973739624,0.07559473281534539,0.21241260563484518,0.2
429,n03452741/ILSVRC2012_val_00035907,vit_supervised,vit_small_patch16_224,token_gradient,predicted,blocks.2,29,38,38,0.19748646020889282,0.3220105469226837,0.0062616243025379655,0.15432757271875802,0.10359476506710052,0.0928277000784874,0.11743786185979843,0.14527654647827148,0.12348533163262845,0.9860882759094238,0.12717134318994594,0.25718080171485,0.2
430,n03452741/ILSVRC2012_val_00041692,vit_supervised,vit_small_patch16_224,token_gradient,predicted,blocks.2,29,29,29,0.3070986568927765,0.27809393405914307,0.09090551800027868,0.19462018506554998,0.22883711755275726,0.11069847643375397,0.3621182441711426,0.4260956943035126,0.3531967474489092,0.9855886697769165,0.20849717367685922,0.3267042561454664,0.2
431,n03452741/ILSVRC2012_val_00047672,vit_supervised,vit_small_patch16_224,token_gradient,predicted,blocks.2,29,38,38,-0.0414564311504364,0.2595623731613159,0.45224516025347233,0.2209765651379611,0.19144950807094574,0.1113484725356102,0.22423622012138367,0.23715069890022278,0.16031568877547825,0.979300856590271,0.18538394515725548,0.3006908089337463,0.2
416,n03445777/ILSVRC2012_val_00036755,vit_supervised,vit_small_patch16_224,token_gradient,predicted,blocks.5,28,16,16,0.2857034504413605,0.1966107189655304,0.7106437853380511,0.35584558534448,0.3378337025642395,0.11414355039596558,0.3781461715698242,0.3385362923145294,0.1436941964285428,0.9889985918998718,0.43422819138130353,0.5149683391100897,0.2
417,n03445777/ILSVRC2012_val_00037369,vit_supervised,vit_small_patch16_224,token_gradient,predicted,blocks.5,28,28,28,0.3393672704696655,0.14281947910785675,0.2897424310887576,0.3516764538735066,0.1456533670425415,0.16334258019924164,0.1567382514476776,0.35960522294044495,0.08442283163263624,0.9668633937835693,0.32817257367654545,0.42416277497248434,0.2
418,n03445777/ILSVRC2012_val_00038447,vit_supervised,vit_small_patch16_224,token_gradient,predicted,blocks.5,28,38,38,-0.13551175594329834,0.28040534257888794,0.015392285162326047,0.20144521456997386,0.08574166893959045,0.10163716971874237,0.10448601096868515,0.18530778586864471,0.12474091198977107,0.9801772236824036,0.010846547542370633,0.1538068439052811,0.2
419,n03445777/ILSVRC2012_val_00046468,vit_supervised,vit_small_patch16_224,token_gradient,predicted,blocks.5,28,39,39,0.21051959693431854,0.4324595034122467,0.3869116792559653,0.16369065756587012,0.25047925114631653,0.11377518624067307,0.3256886899471283,0.21580244600772858,0.18056441326527015,0.9962119460105896,0.24938853982027803,0.36076423503405874,0.2
420,n03452741/ILSVRC2012_val_00002690,vit_supervised,vit_small_patch16_224,token_gradient,predicted,blocks.5,29,29,29,-0.041650522500276566,0.33173444867134094,0.24466647076102127,0.15091571110261648,0.20188769698143005,0.08362872898578644,0.6928448677062988,0.584616482257843,0.6441525829080349,-0.024293286725878716,0.1020144455589807,0.08067386958193083,0.2
421,n03452741/ILSVRC2012_val_00007427,vit_supervised,vit_small_patch16_224,token_gradient,predicted,blocks.5,29,35,35,-0.06604297459125519,0.3793206512928009,0.28830878880241795,0.15670174627032238,0.187303364276886,0.08576560765504837,0.538277268409729,0.37135928869247437,0.39801897321420643,0.9956346750259399,0.10708597068532003,0.23748279391513674,0.2
422,n03452741/ILSVRC2012_val_00016899,vit_supervised,vit_small_patch16_224,token_gradient,predicted,blocks.5,29,29,29,0.1570919156074524,0.37356555461883545,0.12318520634752535,0.14042351203814762,0.3019154667854309,0.13497236371040344,0.6358854174613953,0.6126379370689392,0.6618901466835416,0.9932950139045715,0.14191938175868285,0.2698786021447123,0.2
423,n03452741/ILSVRC2012_val_00018721,vit_supervised,vit_small_patch16_224,token_gradient,predicted,blocks.5,29,29,29,-0.23529064655303955,0.19504666328430176,0.2791487434909783,0.164678296271441,0.26645413041114807,0.062108106911182404,0.7732217311859131,0.6450592279434204,0.7008330676019012,0.9771520495414734,0.03903185330750996,0.17517784107826198,0.2
424,n03452741/ILSVRC2012_val_00019981,vit_supervised,vit_small_patch16_224,token_gradient,predicted,blocks.5,29,29,29,0.6201255917549133,0.3983991742134094,0.4708239095311981,0.49812413611498835,0.3198084533214569,0.2328709363937378,0.4134499132633209,0.4949546754360199,0.25362723214280664,0.9961222410202026,0.5387346503958212,0.6086993046787966,0.2
425,n03452741/ILSVRC2012_val_00022718,vit_supervised,vit_small_patch16_224,token_gradient,predicted,blocks.5,29,27,27,0.20383581519126892,0.3045324981212616,0.5942885988313302,0.29377340823952847,0.259925901889801,0.14497311413288116,0.32927244901657104,0.3607442378997803,0.2406130420917888,0.8983160853385925,0.3479529281977652,0.42810544988544763,0.2
426,n03452741/ILSVRC2012_val_00025572,vit_supervised,vit_small_patch16_224,token_gradient,predicted,blocks.5,29,29,29,0.05172721669077873,0.40123772621154785,0.13448902897317627,0.1838583175205101,0.2660069167613983,0.15049177408218384,0.718891441822052,0.7105783224105835,0.7325613839284255,0.9665328860282898,0.11619509062441741,0.2426712953694376,0.2
427,n03452741/ILSVRC2012_val_00028864,vit_supervised,vit_small_patch16_224,token_gradient,predicted,blocks.5,29,29,29,0.06080256402492523,0.24399030208587646,0.20996916752301645,0.24391145860835547,0.20381559431552887,0.10950486361980438,0.29658955335617065,0.3804856240749359,0.26927216198974224,0.9868715405464172,0.16048521344938166,0.28278178502352935,0.2
428,n03452741/ILSVRC2012_val_00032753,vit_supervised,vit_small_patch16_224,token_gradient,predicted,blocks.5,29,29,29,0.22547760605812073,0.1825506091117859,0.03515874707009371,0.09778222552213003,0.26645463705062866,0.071773961186409,0.44711896777153015,0.4380432665348053,0.47773836096929256,0.9928290843963623,0.1300733342009154,0.2610767679278525,0.2
429,n03452741/ILSVRC2012_val_00035907,vit_supervised,vit_small_patch16_224,token_gradient,predicted,blocks.5,29,38,38,-0.03728178143501282,0.32067519426345825,0.02825467215709328,0.14666195690558342,0.09485024213790894,0.09248358011245728,0.11342321336269379,0.15017005801200867,0.12348533163262845,0.9851289987564087,0.03756227614479788,0.178449883576876,0.2
430,n03452741/ILSVRC2012_val_00041692,vit_supervised,vit_small_patch16_224,token_gradient,predicted,blocks.5,29,29,29,0.2693866193294525,0.14245600998401642,0.06579654510554096,0.14603633360852764,0.23398591578006744,0.05267423391342163,0.35403499007225037,0.35013383626937866,0.3531967474489092,0.9868101477622986,0.17130451134600158,0.2952650586081703,0.2
431,n03452741/ILSVRC2012_val_00047672,vit_supervised,vit_small_patch16_224,token_gradient,predicted,blocks.5,29,38,38,0.11918029189109802,0.24232134222984314,0.417627224966347,0.23676289506072187,0.1951127052307129,0.13326533138751984,0.2292032688856125,0.30038681626319885,0.16031568877547825,0.9782165884971619,0.24398915276455985,0.35204312044322583,0.2
416,n03445777/ILSVRC2012_val_00036755,vit_supervised,vit_small_patch16_224,token_gradient,predicted,blocks.8,28,16,16,0.017238354310393333,0.3854605555534363,0.7082714214950884,0.13260212793896453,0.33649057149887085,0.10364746302366257,0.3664821684360504,0.1813300997018814,0.1436941964285428,0.9953931570053101,0.2591574065543732,0.3655607849179474,0.2
417,n03445777/ILSVRC2012_val_00037369,vit_supervised,vit_small_patch16_224,token_gradient,predicted,blocks.8,28,28,28,0.09802642464637756,0.1316601186990738,0.10053195590154919,0.17225234105456524,0.08819963783025742,0.09298489987850189,0.10103888809680939,0.23097817599773407,0.08442283163263624,0.975541889667511,0.12104585894538536,0.2488366063153874,0.2
418,n03445777/ILSVRC2012_val_00038447,vit_supervised,vit_small_patch16_224,token_gradient,predicted,blocks.8,28,38,38,0.15694543719291687,0.314820796251297,0.0013520157325458751,0.18450130851978444,0.07546553760766983,0.10494504123926163,0.09393522888422012,0.1844564974308014,0.12474091198977107,0.9656610488891602,0.11853417215286585,0.2462433914139775,0.2
419,n03445777/ILSVRC2012_val_00046468,vit_supervised,vit_small_patch16_224,token_gradient,predicted,blocks.8,28,39,39,0.12933634221553802,0.2901158034801483,0.36519625366385555,0.18528864059578815,0.24976392090320587,0.08612196147441864,0.3175967037677765,0.21702808141708374,0.18056441326527015,0.9884957075119019,0.2168800051641083,0.3311632994671345,0.2
420,n03452741/ILSVRC2012_val_00002690,vit_supervised,vit_small_patch16_224,token_gradient,predicted,blocks.8,29,29,29,-0.009117284789681435,0.33381912112236023,0.2241264703331626,0.10831458322429274,0.19473667442798615,0.07076403498649597,0.6722542643547058,0.5219922661781311,0.6441525829080349,0.21525362133979797,0.09608540215136402,0.11220725691394504,0.2
421,n03452741/ILSVRC2012_val_00007427,vit_supervised,vit_small_patch16_224,token_gradient,predicted,blocks.8,29,35,35,0.15427444875240326,0.39476707577705383,0.29202549087138646,0.2392004625422321,0.1879405975341797,0.10032285004854202,0.5414619445800781,0.4742572009563446,0.39801897321420643,0.9956782460212708,0.22107756552504687,0.3361542823199364,0.2
422,n03452741/ILSVRC2012_val_00016899,vit_supervised,vit_small_patch16_224,token_gradient,predicted,blocks.8,29,29,29,0.11960218101739883,0.32314327359199524,0.1300235171151999,0.2635792549305293,0.3030805289745331,0.14458785951137543,0.6434460282325745,0.7946654558181763,0.6618901466835416,0.992181122303009,0.1659217040206783,0.28908862471297325,0.2
423,n03452741/ILSVRC2012_val_00018721,vit_supervised,vit_small_patch16_224,token_gradient,predicted,blocks.8,29,29,29,-0.2704790532588959,0.16220705211162567,0.24274834346038254,0.2169839261193245,0.2693835198879242,0.06799741834402084,0.763945460319519,0.7829672694206238,0.7008330676019012,0.9673880338668823,0.029728059570353738,0.16537360383434555,0.2
424,n03452741/ILSVRC2012_val_00019981,vit_supervised,vit_small_patch16_224,token_gradient,predicted,blocks.8,29,29,29,0.4499470293521881,0.39221811294555664,0.5809543654924074,0.360121892925215,0.32785579562187195,0.19877010583877563,0.431942880153656,0.4447175860404968,0.25362723214280664,0.9887023568153381,0.46230168926616194,0.5410558783999722,0.2
425,n03452741/ILSVRC2012_val_00022718,vit_supervised,vit_small_patch16_224,token_gradient,predicted,blocks.8,29,27,27,0.033572230488061905,0.17178159952163696,0.5811757974534536,0.20881404122685285,0.252015620470047,0.06993118673563004,0.31944042444229126,0.27570292353630066,0.2406130420917888,0.8647050261497498,0.2504258437993167,0.33895349426336074,0.2
426,n03452741/ILSVRC2012_val_00025572,vit_supervised,vit_small_patch16_224,token_gradient,predicted,blocks.8,29,29,29,0.13828511536121368,0.42232605814933777,0.13328005037658136,0.12770828814495755,0.25833213329315186,0.14575743675231934,0.7209617495536804,0.6352627873420715,0.7325613839284255,0.9592686891555786,0.13361054770094713,0.2575371783801463,0.2
427,n03452741/ILSVRC2012_val_00028864,vit_supervised,vit_small_patch16_224,token_gradient,predicted,blocks.8,29,29,29,0.07896711677312851,0.21396027505397797,0.19753839894202138,0.2616406794190314,0.20411445200443268,0.12637610733509064,0.2838972210884094,0.435518741607666,0.26927216198974224,0.9473191499710083,0.1693405702175672,0.28453113295650945,0.2
428,n03452741/ILSVRC2012_val_00032753,vit_supervised,vit_small_patch16_224,token_gradient,predicted,blocks.8,29,29,29,0.22776374220848083,0.17101654410362244,0.042902266245501884,0.09703851861407282,0.21923932433128357,0.049875181168317795,0.4003230929374695,0.34789183735847473,0.47773836096929256,0.9854717254638672,0.13308773234126475,0.26252326480744204,0.2
429,n03452741/ILSVRC2012_val_00035907,vit_supervised,vit_small_patch16_224,token_gradient,predicted,blocks.8,29,38,38,-0.18614700436592102,0.31837692856788635,0.03047425560279952,0.10938033750077926,0.09921931475400925,0.09071183204650879,0.1169891282916069,0.1477530598640442,0.12348533163262845,0.9847488403320312,-0.03250242381529478,0.11752452279762704,0.2
430,n03452741/ILSVRC2012_val_00041692,vit_supervised,vit_small_patch16_224,token_gradient,predicted,blocks.8,29,29,29,0.0968516394495964,0.08426345884799957,0.05419261734769323,0.15226867034739827,0.2590252459049225,0.053004950284957886,0.3287123739719391,0.39514464139938354,0.3531967474489092,0.9833645820617676,0.10067904208836602,0.23301808304039676,0.2
431,n03452741/ILSVRC2012_val_00047672,vit_supervised,vit_small_patch16_224,token_gradient,predicted,blocks.8,29,38,38,0.18117529153823853,0.2758365571498871,0.4411155378482541,0.3069471553529191,0.19708120822906494,0.14950495958328247,0.22938740253448486,0.29970845580101013,0.16031568877547825,0.9568045735359192,0.29688892457564736,0.39394771136906465,0.2
416,n03445777/ILSVRC2012_val_00036755,vit_supervised,vit_small_patch16_224,token_gradient,predicted,blocks.11,28,16,16,0.0,0.0,0.7058241866897005,0.1436941964285428,0.3264481723308563,0.0,0.3476954698562622,0.0,0.1436941964285428,0.9952001571655273,0.254855514935473,0.36165961935438995,0.2
417,n03445777/ILSVRC2012_val_00037369,vit_supervised,vit_small_patch16_224,token_gradient,predicted,blocks.11,28,28,28,0.0,0.0,0.011625434181603724,0.08442283163263624,0.042709458619356155,0.0,0.050728727132081985,0.0,0.08442283163263624,0.8570641279220581,0.02881447974427199,0.1525716856418687,0.2
418,n03445777/ILSVRC2012_val_00038447,vit_supervised,vit_small_patch16_224,token_gradient,predicted,blocks.11,28,38,38,0.0,0.0,0.0028928417553992164,0.12474091198977107,0.06633546948432922,0.0,0.08317096531391144,0.0,0.12474091198977107,0.8637481927871704,0.03829012612355108,0.16147066735436813,0.2
419,n03445777/ILSVRC2012_val_00046468,vit_supervised,vit_small_patch16_224,token_gradient,predicted,blocks.11,28,39,39,0.0,0.0,0.3410351850548907,0.18056441326527015,0.24107638001441956,0.0,0.3037530779838562,0.0,0.18056441326527015,0.9890609979629517,0.15647987949604825,0.278759049274483,0.2
420,n03452741/ILSVRC2012_val_00002690,vit_supervised,vit_small_patch16_224,token_gradient,predicted,blocks.11,29,29,29,0.0,0.0,0.23550513299106526,0.6441525829080349,0.20280855894088745,0.0,0.6937667727470398,0.0,0.6441525829080349,-0.18655765056610107,0.26389731476973005,0.19193078138985986,0.2
421,n03452741/ILSVRC2012_val_00007427,vit_supervised,vit_small_patch16_224,token_gradient,predicted,blocks.11,29,35,35,0.0,0.0,0.30042472046446195,0.39801897321420643,0.19668622314929962,0.0,0.5373033881187439,0.0,0.39801897321420643,0.995408833026886,0.2095331081036005,0.3239222483737,0.2
422,n03452741/ILSVRC2012_val_00016899,vit_supervised,vit_small_patch16_224,token_gradient,predicted,blocks.11,29,29,29,0.0,0.0,0.1346784561697755,0.6618901466835416,0.32099848985671997,0.0,0.6416671276092529,0.0,0.6618901466835416,0.9857659935951233,0.23897058085599512,0.3470070497525978,0.2
423,n03452741/ILSVRC2012_val_00018721,vit_supervised,vit_small_patch16_224,token_gradient,predicted,blocks.11,29,29,29,0.0,0.0,0.2560789217728898,0.7008330676019012,0.2960067093372345,0.0,0.7738111019134521,0.0,0.7008330676019012,0.7388390898704529,0.28707359681243727,0.3500538608242657,0.2
424,n03452741/ILSVRC2012_val_00019981,vit_supervised,vit_small_patch16_224,token_gradient,predicted,blocks.11,29,29,29,0.0,0.0,0.652341197821668,0.25362723214280664,0.33721455931663513,0.0,0.44320613145828247,0.0,0.25362723214280664,0.9801732301712036,0.2717905289893424,0.3735180920167992,0.2
425,n03452741/ILSVRC2012_val_00022718,vit_supervised,vit_small_patch16_224,token_gradient,predicted,blocks.11,29,27,27,0.0,0.0,0.4764258047278773,0.2406130420917888,0.2414776235818863,0.0,0.3120444715023041,0.0,0.2406130420917888,0.8423876166343689,0.21511165404589982,0.30561785420007187,0.2
426,n03452741/ILSVRC2012_val_00025572,vit_supervised,vit_small_patch16_224,token_gradient,predicted,blocks.11,29,29,29,0.0,0.0,0.13067852310068367,0.7325613839284255,0.2664654552936554,0.0,0.713664174079895,0.0,0.7325613839284255,0.9375415444374084,0.25897197210873274,0.35644120842288857,0.2
427,n03452741/ILSVRC2012_val_00028864,vit_supervised,vit_small_patch16_224,token_gradient,predicted,blocks.11,29,29,29,0.0,0.0,0.17960022042974821,0.26927216198974224,0.2182195633649826,0.0,0.27762478590011597,0.0,0.26927216198974224,0.962749719619751,0.13466171472584715,0.25663055354783526,0.2
428,n03452741/ILSVRC2012_val_00032753,vit_supervised,vit_small_patch16_224,token_gradient,predicted,blocks.11,29,29,29,0.0,0.0,0.0642506180953074,0.47773836096929256,0.23914246261119843,0.0,0.39726269245147705,0.0,0.47773836096929256,0.9715206623077393,0.16259669371938,0.28122534411231087,0.2
429,n03452741/ILSVRC2012_val_00035907,vit_supervised,vit_small_patch16_224,token_gradient,predicted,blocks.11,29,38,38,0.0,0.0,0.06818032247445331,0.12348533163262845,0.09820939600467682,0.0,0.1206790879368782,0.0,0.12348533163262845,0.985550045967102,0.05749969623212453,0.19574892042183573,0.2
430,n03452741/ILSVRC2012_val_00041692,vit_supervised,vit_small_patch16_224,token_gradient,predicted,blocks.11,29,29,29,0.0,0.0,0.1112579069580786,0.3531967474489092,0.27044975757598877,0.0,0.34695714712142944,0.0,0.3531967474489092,0.9801788330078125,0.13933639632209635,0.2631404885529188,0.2
431,n03452741/ILSVRC2012_val_00047672,vit_supervised,vit_small_patch16_224,token_gradient,predicted,blocks.11,29,38,38,0.0,0.0,0.48578238001275,0.16031568877547825,0.20206357538700104,0.0,0.2295946329832077,0.0,0.16031568877547825,0.9335152506828308,0.19382942063646846,0.3015518047994817,0.2
432,n03584829/ILSVRC2012_val_00004286,vit_supervised,vit_small_patch16_224,token_gradient,predicted,blocks.2,30,40,40,-0.014235695824027061,0.24297986924648285,0.0,0.03235704323567423,0.014550468884408474,0.019438982009887695,0.01495730597525835,0.022214649245142937,0.021285076530608005,0.995319664478302,0.004012834641091444,0.15240471694225438,0.2
433,n03584829/ILSVRC2012_val_00007158,vit_supervised,vit_small_patch16_224,token_gradient,predicted,blocks.2,30,39,39,0.166167750954628,0.1610506772994995,0.0,0.045828833693273605,0.039386872202157974,0.026538852602243423,0.048023875802755356,0.0650038868188858,0.10881696428569261,0.9918999075889587,0.08021575048983329,0.218400907395782,0.2
434,n03584829/ILSVRC2012_val_00008489,vit_supervised,vit_small_patch16_224,token_gradient,predicted,blocks.2,30,46,46,0.13777819275856018,0.2555922567844391,0.2479382077793427,0.2597620452920817,0.24743765592575073,0.09705107659101486,0.6410363912582397,0.7400549650192261,0.6082190688774298,0.9895561337471008,0.20742135302485137,0.32358085079541726,0.2
435,n03584829/ILSVRC2012_val_00008710,vit_supervised,vit_small_patch16_224,token_gradient,predicted,blocks.2,30,30,30,0.015314334072172642,0.3847014605998993,0.11530258597704718,0.22018326325250465,0.2698734402656555,0.22516055405139923,0.651799201965332,0.8702607750892639,0.8005221619896364,0.9308236837387085,0.1067714883977346,0.22885503179345465,0.2
436,n03584829/ILSVRC2012_val_00009455,vit_supervised,vit_small_patch16_224,token_gradient,predicted,blocks.2,30,36,36,0.2720577120780945,0.1487639844417572,0.565974203857684,0.40907923791896006,0.325702041387558,0.1199079379439354,0.450032502412796,0.6639193892478943,0.3468590561223799,0.9937110543251038,0.401339117364231,0.48804021782025964,0.2
437,n03584829/ILSVRC2012_val_00009661,vit_supervised,vit_small_patch16_224,token_gradient,predicted,blocks.2,30,24,24,0.09764452278614044,0.28559860587120056,0.4187778120454603,0.33123915020239264,0.35819169878959656,0.2330818921327591,0.46846815943717957,0.6851561069488525,0.4417849170917487,0.9391136169433594,0.26406289778881203,0.36254686607861625,0.2
438,n03584829/ILSVRC2012_val_00017587,vit_supervised,vit_small_patch16_224,token_gradient,predicted,blocks.2,30,30,30,0.15484468638896942,0.2159382849931717,0.24122869486766307,0.3671964864580324,0.22703787684440613,0.11278683692216873,0.38570263981819153,0.5647081732749939,0.32104990433667074,0.9845907092094421,0.24446542895329643,0.3539905419489795,0.2
439,n03584829/ILSVRC2012_val_00018010,vit_supervised,vit_small_patch16_224,token_gradient,predicted,blocks.2,30,30,30,0.008482644334435463,0.2247336059808731,0.18846497764524936,0.31027570569474866,0.3059554398059845,0.15728704631328583,0.5317254066467285,0.8242571353912354,0.5946667729590652,0.9314627051353455,0.1530152627357736,0.2673735021223537,0.2
440,n03584829/ILSVRC2012_val_00025030,vit_supervised,vit_small_patch16_224,token_gradient,predicted,blocks.2,30,30,30,0.07603311538696289,0.28266289830207825,0.4043972440424784,0.2975186506648161,0.34612518548965454,0.1860513687133789,0.503682553768158,0.6323389410972595,0.4377989477039944,0.9847637414932251,0.2409880145669735,0.3498051252862444,0.2
441,n03584829/ILSVRC2012_val_00029840,vit_supervised,vit_small_patch16_224,token_gradient,predicted,blocks.2,30,18,18,-0.351810097694397,0.19685626029968262,0.0,0.16868846923132488,0.26924291253089905,0.10809504240751266,0.5184340476989746,0.707801103591919,0.696667729591698,0.7239299416542053,-0.09011749830836133,0.02762807436292307,0.2
442,n03584829/ILSVRC2012_val_00037566,vit_supervised,vit_small_patch16_224,token_gradient,predicted,blocks.2,30,26,26,0.41299664974212646,0.38542744517326355,0.31072585998191765,0.3053740861719142,0.2982109785079956,0.20200374722480774,0.5608293414115906,0.644040584564209,0.4690290178570494,0.9957400560379028,0.35002864374300013,0.4479348223538877,0.2
443,n03584829/ILSVRC2012_val_00041463,vit_supervised,vit_small_patch16_224,token_gradient,predicted,blocks.2,30,21,21,0.16598276793956757,0.0999986007809639,0.28249427577380165,0.277782715610382,0.30022358894348145,0.046783845871686935,0.7167242169380188,0.9006946086883545,0.6595583545917053,0.7826066613197327,0.2344762045910821,0.3155542158228545,0.2
444,n03584829/ILSVRC2012_val_00044167,vit_supervised,vit_small_patch16_224,token_gradient,predicted,blocks.2,30,30,30,0.48047876358032227,0.391012042760849,0.3815214893126555,0.3516471161412316,0.30825501680374146,0.22134770452976227,0.6317080855369568,0.8228240609169006,0.5187938456631619,0.990707516670227,0.412142087068295,0.5000658461171186,0.2
445,n03584829/ILSVRC2012_val_00044371,vit_supervised,vit_small_patch16_224,token_gradient,predicted,blocks.2,30,39,39,0.03979325294494629,0.32621055841445923,0.05956004160725062,0.22540545357323766,0.1092471033334732,0.10997921228408813,0.229485884308815,0.3979394733905792,0.3481345663264612,0.9619152545928955,0.101406949732125,0.2294563005147876,0.2
446,n03584829/ILSVRC2012_val_00047027,vit_supervised,vit_small_patch16_224,token_gradient,predicted,blocks.2,30,33,33,0.3497051000595093,0.1615934818983078,0.4780672906650756,0.39543326645629334,0.3203304708003998,0.10253411531448364,0.49824509024620056,0.6520709991455078,0.3821946747448218,0.960081160068512,0.40193220716021444,0.4847840983114473,0.2
447,n03630383/ILSVRC2012_val_00004537,vit_supervised,vit_small_patch16_224,token_gradient,predicted,blocks.2,31,31,31,-0.07855232059955597,0.1505165994167328,0.09788606616370382,0.1345104952894787,0.3177969455718994,0.056776516139507294,0.5614976286888123,0.5050919651985168,0.6208147321427334,0.9655882120132446,0.03829804019613236,0.17544405995543771,0.2
432,n03584829/ILSVRC2012_val_00004286,vit_supervised,vit_small_patch16_224,token_gradient,predicted,blocks.5,30,40,40,0.0727580264210701,0.15073327720165253,0.0,0.008994276369574821,0.014344905503094196,0.012824563309550285,0.014711451716721058,0.015951449051499367,0.021285076530608005,0.992752730846405,0.03180149347930049,0.17662678796672898,0.2
433,n03584829/ILSVRC2012_val_00007158,vit_supervised,vit_small_patch16_224,token_gradient,predicted,blocks.5,30,39,39,0.10034409165382385,0.14891810715198517,0.0,0.07671461329992584,0.04581383988261223,0.03500979766249657,0.05552678927779198,0.0904308632016182,0.10881696428569261,0.9797105193138123,0.0631520206515073,0.20125566330089165,0.2
434,n03584829/ILSVRC2012_val_00008489,vit_supervised,vit_small_patch16_224,token_gradient,predicted,blocks.5,30,46,46,0.2277955710887909,0.4517108201980591,0.2443005737779619,0.1211576735957206,0.26606687903404236,0.1325836032629013,0.6277244687080383,0.5440462827682495,0.6082190688774298,0.9836201667785645,0.2007557026476211,0.31863603674128205,0.2
435,n03584829/ILSVRC2012_val_00008710,vit_supervised,vit_small_patch16_224,token_gradient,predicted,blocks.5,30,30,30,0.05292113125324249,0.3226169943809509,0.09508540017012519,0.20097605320442072,0.23568233847618103,0.13419109582901,0.6266417503356934,0.8300920724868774,0.8005221619896364,0.8234004974365234,0.10998688851366077,0.21604783389774984,0.2
436,n03584829/ILSVRC2012_val_00009455,vit_supervised,vit_small_patch16_224,token_gradient,predicted,blocks.5,30,36,36,0.21487919986248016,0.12868255376815796,0.5630304756476427,0.4197237025920113,0.309840589761734,0.10231949388980865,0.4247109591960907,0.6341932415962219,0.3468590561223799,0.9770910143852234,0.38077793341688826,0.46745991666956505,0.2
437,n03584829/ILSVRC2012_val_00009661,vit_supervised,vit_small_patch16_224,token_gradient,predicted,blocks.5,30,24,24,0.2626078724861145,0.2070605754852295,0.40859979878377645,0.4106360609775667,0.3194389045238495,0.14980539679527283,0.4577387869358063,0.685767412185669,0.4417849170917487,0.9408113360404968,0.35081390692284875,0.4378434207165504,0.2
438,n03584829/ILSVRC2012_val_00017587,vit_supervised,vit_small_patch16_224,token_gradient,predicted,blocks.5,30,30,30,0.19542403519153595,0.26313841342926025,0.24726873717845174,0.2030739496570783,0.25013840198516846,0.11676808446645737,0.385373592376709,0.42154523730278015,0.32104990433667074,0.9900955557823181,0.21327242012727338,0.3294984173932678,0.2
439,n03584829/ILSVRC2012_val_00018010,vit_supervised,vit_small_patch16_224,token_gradient,predicted,blocks.5,30,30,30,0.07487572729587555,0.15342335402965546,0.1778624601204721,0.29955674336734905,0.29950129985809326,0.09611213952302933,0.5216566324234009,0.7678052186965942,0.5946667729590652,0.9396439790725708,0.17317605196469657,0.28650790228639733,0.2
440,n03584829/ILSVRC2012_val_00025030,vit_supervised,vit_small_patch16_224,token_gradient,predicted,blocks.5,30,30,30,0.179656982421875,0.230453222990036,0.3943619014420311,0.415704490156861,0.3201024532318115,0.12450788915157318,0.4815013110637665,0.5736956000328064,0.4377989477039944,0.9838339686393738,0.31488271044841765,0.4129716370432853,0.2
441,n03584829/ILSVRC2012_val_00029840,vit_supervised,vit_small_patch16_224,token_gradient,predicted,blocks.5,30,18,18,-0.21803472936153412,0.19340234994888306,0.0,0.2258126038742812,0.26338282227516174,0.11660502851009369,0.5066676735877991,0.745780348777771,0.696667729591698,0.9849972128868103,-0.019470110582329295,0.1278905776250549,0.2
442,n03584829/ILSVRC2012_val_00037566,vit_supervised,vit_small_patch16_224,token_gradient,predicted,blocks.5,30,26,26,0.3637101352214813,0.3980609178543091,0.36999551075363424,0.29355323494266367,0.3150515854358673,0.17138028144836426,0.5834263563156128,0.5754779577255249,0.4690290178570494,0.992921769618988,0.3445486777974819,0.4421239991944411,0.2
443,n03584829/ILSVRC2012_val_00041463,vit_supervised,vit_small_patch16_224,token_gradient,predicted,blocks.5,30,21,21,0.2549034059047699,0.14597468078136444,0.28620422283183644,0.24758461093426454,0.30101439356803894,0.07117608934640884,0.6655650734901428,0.8356038928031921,0.6595583545917053,0.8619137406349182,0.26209801249173825,0.35195046160343246,0.2
444,n03584829/ILSVRC2012_val_00044167,vit_supervised,vit_small_patch16_224,token_gradient,predicted,blocks.5,30,30,30,0.39487069845199585,0.36707407236099243,0.37782701711477007,0.3334565755905152,0.32237541675567627,0.17516560852527618,0.6148640513420105,0.7084059119224548,0.5187938456631619,0.97999507188797,0.3713333571923839,0.4630249034177153,0.2
445,n03584829/ILSVRC2012_val_00044371,vit_supervised,vit_small_patch16_224,token_gradient,predicted,blocks.5,30,39,39,0.016322527080774307,0.27085262537002563,0.047254588378627956,0.1961986778008889,0.11810914427042007,0.09804517775774002,0.22410258650779724,0.39048126339912415,0.3481345663264612,0.9799121618270874,0.07956499068616477,0.21356302529721333,0.2
446,n03584829/ILSVRC2012_val_00047027,vit_supervised,vit_small_patch16_224,token_gradient,predicted,blocks.5,30,33,33,0.23812906444072723,0.1264493763446808,0.494449276103497,0.3730669800233264,0.305039644241333,0.075251504778862,0.4883963167667389,0.6507139801979065,0.3821946747448218,0.9076889753341675,0.3555065026143379,0.4363775828860855,0.2
447,n03630383/ILSVRC2012_val_00004537,vit_supervised,vit_small_patch16_224,token_gradient,predicted,blocks.5,31,31,31,-0.19771423935890198,0.13935424387454987,0.1046885896679082,0.1230332942491416,0.3363097906112671,0.05975790321826935,0.5694175362586975,0.5260436534881592,0.6208147321427334,0.9699859619140625,-0.010769130568445862,0.13322838149075614,0.2
432,n03584829/ILSVRC2012_val_00004286,vit_supervised,vit_small_patch16_224,token_gradient,predicted,blocks.8,30,40,40,0.052144747227430344,0.16542571783065796,0.0,0.0,0.015425684861838818,0.009020783007144928,0.015810776501893997,0.011030961759388447,0.021285076530608005,0.9912970066070557,0.02085789889097214,0.16694521252065897,0.2
433,n03584829/ILSVRC2012_val_00007158,vit_supervised,vit_small_patch16_224,token_gradient,predicted,blocks.8,30,39,39,0.28492823243141174,0.15385964512825012,0.0,0.002782811286563045,0.046491481363773346,0.017550157383084297,0.056042082607746124,0.04593564197421074,0.10881696428569261,0.9659011960029602,0.11480613635853361,0.24530576357307887,0.2
434,n03584829/ILSVRC2012_val_00008489,vit_supervised,vit_small_patch16_224,token_gradient,predicted,blocks.8,30,46,46,-0.07046887278556824,0.07970927655696869,0.22328134897884733,0.1950903250522515,0.2870287597179413,0.031369101256132126,0.6121865510940552,0.6095209717750549,0.6082190688774298,0.9818033576011658,0.09732395309510235,0.2271993166730007,0.2
435,n03584829/ILSVRC2012_val_00008710,vit_supervised,vit_small_patch16_224,token_gradient,predicted,blocks.8,30,30,30,-0.15041448175907135,0.3014023005962372,0.10372878374810841,0.2160158899330937,0.25347861647605896,0.13596205413341522,0.6510081887245178,0.8608629107475281,0.8005221619896364,0.7179490327835083,0.035757609400732096,0.13498345472215179,0.2
436,n03584829/ILSVRC2012_val_00009455,vit_supervised,vit_small_patch16_224,token_gradient,predicted,blocks.8,30,36,36,0.05894889682531357,0.2106294333934784,0.5598317321354329,0.367437456393717,0.3095247745513916,0.18181340396404266,0.4194249212741852,0.6231723427772522,0.3468590561223799,0.9744596481323242,0.3017603152888704,0.39861835824099584,0.2
437,n03584829/ILSVRC2012_val_00009661,vit_supervised,vit_small_patch16_224,token_gradient,predicted,blocks.8,30,24,24,0.064658023416996,0.2588639259338379,0.35929255835534196,0.2924392005777781,0.3143503963947296,0.13902248442173004,0.4551725685596466,0.5389494299888611,0.4417849170917487,0.9438134431838989,0.22138273704673445,0.32713526440681345,0.2
438,n03584829/ILSVRC2012_val_00017587,vit_supervised,vit_small_patch16_224,token_gradient,predicted,blocks.8,30,30,30,0.3140695095062256,0.2901749610900879,0.3008906802008753,0.1685513788941275,0.2572304904460907,0.09943248331546783,0.3941878080368042,0.3551981449127197,0.32104990433667074,0.9311321377754211,0.2664604215309911,0.36695466376724284,0.2
439,n03584829/ILSVRC2012_val_00018010,vit_supervised,vit_small_patch16_224,token_gradient,predicted,blocks.8,30,30,30,0.04440032318234444,0.1729351282119751,0.17297678933893068,0.19041648007159565,0.2962632477283478,0.07570381462574005,0.5188350677490234,0.5649057626724243,0.5946667729590652,0.9585306644439697,0.1267781100960957,0.25016803013304756,0.2
440,n03584829/ILSVRC2012_val_00025030,vit_supervised,vit_small_patch16_224,token_gradient,predicted,blocks.8,30,30,30,0.06377188861370087,0.09829523414373398,0.3634698138126354,0.3446783478295959,0.31426042318344116,0.07778599113225937,0.4689093828201294,0.7233858704566956,0.4377989477039944,0.9871135950088501,0.23795320393814973,0.34742424067668065,0.2
441,n03584829/ILSVRC2012_val_00029840,vit_supervised,vit_small_patch16_224,token_gradient,predicted,blocks.8,30,18,18,-0.21839067339897156,0.2170213907957077,0.0,0.21570799448836472,0.2572856545448303,0.12756605446338654,0.5032012462615967,0.7246575355529785,0.696667729591698,0.974332869052887,-0.022643871013079214,0.12364019329038417,0.2
442,n03584829/ILSVRC2012_val_00037566,vit_supervised,vit_small_patch16_224,token_gradient,predicted,blocks.8,30,26,26,0.18867529928684235,0.35352134704589844,0.3829769702960561,0.16316701316695661,0.32247787714004517,0.11803706735372543,0.6133135557174683,0.49698683619499207,0.4690290178570494,0.9920593500137329,0.23931331475364073,0.35138125311820795,0.2
443,n03584829/ILSVRC2012_val_00041463,vit_supervised,vit_small_patch16_224,token_gradient,predicted,blocks.8,30,21,21,0.32615527510643005,0.07385265827178955,0.2518939943687406,0.2878471185427627,0.2939351499080658,0.03840498626232147,0.629631519317627,0.9225292801856995,0.6595583545917053,0.899142861366272,0.292384443916023,0.38396105372006717,0.2
444,n03584829/ILSVRC2012_val_00044167,vit_supervised,vit_small_patch16_224,token_gradient,predicted,blocks.8,30,30,30,0.3969719111919403,0.3152583837509155,0.37546241562092386,0.33478904515161556,0.32132455706596375,0.16572344303131104,0.5926956534385681,0.7210508584976196,0.5187938456631619,0.961039125919342,0.371864202708538,0.4606589029982152,0.2
445,n03584829/ILSVRC2012_val_00044371,vit_supervised,vit_small_patch16_224,token_gradient,predicted,blocks.8,30,39,39,-0.35116860270500183,0.15612058341503143,0.048450425037148456,0.3531611316111423,0.11771771311759949,0.09252890199422836,0.2212604582309723,0.5351070761680603,0.3481345663264612,0.9802370667457581,-0.019983974087513526,0.12452943822718578,0.2
446,n03584829/ILSVRC2012_val_00047027,vit_supervised,vit_small_patch16_224,token_gradient,predicted,blocks.8,30,33,33,-0.06563585996627808,0.1800045669078827,0.4794166793252927,0.24960431193042323,0.3044925332069397,0.08408820629119873,0.48767781257629395,0.5071732401847839,0.3821946747448218,0.8977863192558289,0.19245195339020355,0.293950644714106,0.2
447,n03630383/ILSVRC2012_val_00004537,vit_supervised,vit_small_patch16_224,token_gradient,predicted,blocks.8,31,31,31,-0.005462063010782003,0.16035814583301544,0.13935219760458625,0.06879638760573292,0.3359947204589844,0.05630151927471161,0.5731570720672607,0.4483596086502075,0.6208147321427334,0.964559018611908,0.06025975035878295,0.19480927704059228,0.2
432,n03584829/ILSVRC2012_val_00004286,vit_supervised,vit_small_patch16_224,token_gradient,predicted,blocks.11,30,40,40,0.0,0.0,9.00738605655827e-05,0.021285076530608005,0.015282911248505116,0.0,0.015671513974666595,0.0,0.021285076530608005,0.9780465364456177,0.006412545117352076,0.15205076806463602,0.2
433,n03584829/ILSVRC2012_val_00007158,vit_supervised,vit_small_patch16_224,token_gradient,predicted,blocks.11,30,39,39,0.0,0.0,0.0,0.10881696428569261,0.04417454078793526,0.0,0.052133359014987946,0.0,0.10881696428569261,0.964820384979248,0.03264508928570778,0.17192729881831037,0.2
434,n03584829/ILSVRC2012_val_00008489,vit_supervised,vit_small_patch16_224,token_gradient,predicted,blocks.11,30,46,46,0.0,0.0,0.15423805999881762,0.6082190688774298,0.331938773393631,0.0,0.5663297176361084,0.0,0.6082190688774298,0.978352963924408,0.22873713866287423,0.337367226807723,0.2
435,n03584829/ILSVRC2012_val_00008710,vit_supervised,vit_small_patch16_224,token_gradient,predicted,blocks.11,30,30,30,0.0,0.0,0.11159824631324751,0.8005221619896364,0.280470609664917,0.0,0.6739121675491333,0.0,0.8005221619896364,0.6550121307373047,0.27363612249086516,0.3262819216863167,0.2
436,n03584829/ILSVRC2012_val_00009455,vit_supervised,vit_small_patch16_224,token_gradient,predicted,blocks.11,30,36,36,0.0,0.0,0.5500508417124901,0.3468590561223799,0.3190290033817291,0.0,0.41494864225387573,0.0,0.3468590561223799,0.9337028861045837,0.269072969350461,0.36428290737440505,0.2
437,n03584829/ILSVRC2012_val_00009661,vit_supervised,vit_small_patch16_224,token_gradient,predicted,blocks.11,30,24,24,0.0,0.0,0.3902944478022665,0.4417849170917487,0.315786212682724,0.0,0.45662590861320496,0.0,0.4417849170917487,0.9393883347511292,0.24962380946820456,0.3489280914361732,0.2
438,n03584829/ILSVRC2012_val_00017587,vit_supervised,vit_small_patch16_224,token_gradient,predicted,blocks.11,30,30,30,0.0,0.0,0.3161498187674606,0.32104990433667074,0.2518049478530884,0.0,0.38621512055397034,0.0,0.32104990433667074,0.9375360012054443,0.1911599169312394,0.2999303309568495,0.2
439,n03584829/ILSVRC2012_val_00018010,vit_supervised,vit_small_patch16_224,token_gradient,predicted,blocks.11,30,30,30,0.0,0.0,0.16156938133515045,0.5946667729590652,0.2909190058708191,0.0,0.5145618319511414,0.0,0.5946667729590652,0.9590506553649902,0.22687084628826468,0.3329166368783024,0.2
440,n03584829/ILSVRC2012_val_00025030,vit_supervised,vit_small_patch16_224,token_gradient,predicted,blocks.11,30,30,30,0.0,0.0,0.31977895084117464,0.4377989477039944,0.3338005542755127,0.0,0.45713260769844055,0.0,0.4377989477039944,0.9846538305282593,0.2272733695635507,0.33709254921553117,0.2
441,n03584829/ILSVRC2012_val_00029840,vit_supervised,vit_small_patch16_224,token_gradient,predicted,blocks.11,30,18,18,0.0,0.0,0.0,0.696667729591698,0.26006296277046204,0.0,0.5074955224990845,0.0,0.696667729591698,0.9863881468772888,0.2090003188775094,0.32212515442951783,0.2
442,n03584829/ILSVRC2012_val_00037566,vit_supervised,vit_small_patch16_224,token_gradient,predicted,blocks.11,30,26,26,0.0,0.0,0.3879517075992773,0.4690290178570494,0.3460432291030884,0.0,0.6383339762687683,0.0,0.4690290178570494,0.9818362593650818,0.257094217636898,0.3615206202688439,0.2
443,n03584829/ILSVRC2012_val_00041463,vit_supervised,vit_small_patch16_224,token_gradient,predicted,blocks.11,30,21,21,0.0,0.0,0.1495855212303357,0.6595583545917053,0.2985785901546478,0.0,0.570010244846344,0.0,0.6595583545917053,0.9604055881500244,0.24274316274661228,0.3463468071780139,0.2
444,n03584829/ILSVRC2012_val_00044167,vit_supervised,vit_small_patch16_224,token_gradient,predicted,blocks.11,30,30,30,0.0,0.0,0.3753575105821701,0.5187938456631619,0.30806872248649597,0.0,0.5661527514457703,0.0,0.5187938456631619,0.9343396425247192,0.2682454068735996,0.3636887854400409,0.2
445,n03584829/ILSVRC2012_val_00044371,vit_supervised,vit_small_patch16_224,token_gradient,predicted,blocks.11,30,39,39,0.0,0.0,0.0446292920084911,0.3481345663264612,0.11416134238243103,0.0,0.21793243288993835,0.0,0.3481345663264612,0.9696999788284302,0.1178291575004857,0.2436459614080026,0.2
446,n03584829/ILSVRC2012_val_00047027,vit_supervised,vit_small_patch16_224,token_gradient,predicted,blocks.11,30,33,33,0.0,0.0,0.46470116325688693,0.3821946747448218,0.2967362403869629,0.0,0.49109381437301636,0.0,0.3821946747448218,0.9221649765968323,0.25406875140051266,0.350048705989952,0.2
447,n03630383/ILSVRC2012_val_00004537,vit_supervised,vit_small_patch16_224,token_gradient,predicted,blocks.11,31,31,31,0.0,0.0,0.05567374977570152,0.6208147321427334,0.3276978135108948,0.0,0.539844274520874,0.0,0.6208147321427334,0.9296868443489075,0.20294654457553046,0.30857514713194484,0.2
448,n03630383/ILSVRC2012_val_00007703,vit_supervised,vit_small_patch16_224,token_gradient,predicted,blocks.2,31,39,39,0.05682326853275299,0.4108152687549591,0.11131520940480848,0.1728442928039032,0.22199073433876038,0.14782536029815674,0.4082382917404175,0.398308664560318,0.40288185586726666,0.9869748950004578,0.1079771580757147,0.23897425378871012,0.2
449,n03630383/ILSVRC2012_val_00016305,vit_supervised,vit_small_patch16_224,token_gradient,predicted,blocks.2,31,31,31,0.4480249881744385,0.47949737310409546,0.05948261657602258,0.16123672614311882,0.10580176115036011,0.11019335687160492,0.3501151502132416,0.46821096539497375,0.4407485650509326,0.5453333258628845,0.24542579808551784,0.29378858042027145,0.2
450,n03630383/ILSVRC2012_val_00016356,vit_supervised,vit_small_patch16_224,token_gradient,predicted,blocks.2,31,31,31,-0.010238630697131157,0.07203435152769089,0.04760204688800203,0.13411491883530852,0.29331445693969727,0.031108710914850235,0.45376259088516235,0.41769230365753174,0.501773756377451,0.9110216498374939,0.050419637438140694,0.1784989681624558,0.2
451,n03630383/ILSVRC2012_val_00022317,vit_supervised,vit_small_patch16_224,token_gradient,predicted,blocks.2,31,31,31,0.1309707760810852,0.17540092766284943,0.15762788011034026,0.09661336413932736,0.29632389545440674,0.0490851029753685,0.49077120423316956,0.3364199995994568,0.5189134247447945,0.9282762408256531,0.12866068370733436,0.2486415188146447,0.2
452,n03630383/ILSVRC2012_val_00024199,vit_supervised,vit_small_patch16_224,token_gradient,predicted,blocks.2,31,31,31,0.0173810925334692,0.15795786678791046,0.02966376514762599,0.1877461017482329,0.22891570627689362,0.06217005476355553,0.3681921660900116,0.4124452769756317,0.4011678890305323,0.9449567794799805,0.07217539708214533,0.202179366032676,0.2
453,n03630383/ILSVRC2012_val_00029815,vit_supervised,vit_small_patch16_224,token_gradient,predicted,blocks.2,31,40,40,-0.16295278072357178,0.22677941620349884,0.06394713185449988,0.1662671780121002,0.1476312130689621,0.06460598856210709,0.5234671831130981,0.6016489267349243,0.672751913265172,0.7990718483924866,0.003883180670551302,0.12038088147227288,0.2
454,n03630383/ILSVRC2012_val_00030376,vit_supervised,vit_small_patch16_224,token_gradient,predicted,blocks.2,31,31,31,0.2650458514690399,0.44648703932762146,0.010761421319793312,0.16068860995602507,0.043288495391607285,0.09757670015096664,0.17623870074748993,0.39185643196105957,0.3952686543366559,0.4330659806728363,0.15745334997036148,0.20058845293404398,0.2
455,n03630383/ILSVRC2012_val_00034841,vit_supervised,vit_small_patch16_224,token_gradient,predicted,blocks.2,31,43,43,0.4350043535232544,0.5123279690742493,0.005069491911594287,0.011058904423555432,0.05405784398317337,0.04983649030327797,0.10119906812906265,0.1033211350440979,0.15166613520405142,0.6981756091117859,0.17884026030984668,0.2610099641836943,0.2
456,n03630383/ILSVRC2012_val_00041526,vit_supervised,vit_small_patch16_224,token_gradient,predicted,blocks.2,31,18,18,-0.05868925899267197,0.1771218478679657,0.009375771033797494,0.17537206228801047,0.059585634618997574,0.08446133136749268,0.09881366789340973,0.33707836270332336,0.20766900510199943,0.5736137628555298,0.031948646399473604,0.11168778211134628,0.2
457,n03630383/ILSVRC2012_val_00048565,vit_supervised,vit_small_patch16_224,token_gradient,predicted,blocks.2,31,31,31,0.049286071211099625,0.29636549949645996,0.01493632910987938,0.12777501950488412,0.21301211416721344,0.11121827363967896,0.35309964418411255,0.4150034487247467,0.43379304846930133,0.9753013253211975,0.0625278330688689,0.19922316087575537,0.2
458,n03775546/ILSVRC2012_val_00008385,vit_supervised,vit_small_patch16_224,token_gradient,predicted,blocks.2,32,38,38,0.12461920827627182,0.2985188364982605,0.20001594387751118,0.1999960140305724,0.0,0.0,1.0,1.0,0.9999999999998007,0.9737576246261597,0.1698512706829338,0.28968335606763995,0.2
459,n03775546/ILSVRC2012_val_00009249,vit_supervised,vit_small_patch16_224,token_gradient,predicted,blocks.2,32,18,18,0.25337353348731995,0.3071557879447937,0.10745224924326599,0.18632602862248818,0.16455715894699097,0.08314277976751328,0.5520334243774414,0.635718584060669,0.6458665497447693,0.9806874394416809,0.1894828967546542,0.30922842210325263,0.2
460,n03775546/ILSVRC2012_val_00013468,vit_supervised,vit_small_patch16_224,token_gradient,predicted,blocks.2,32,32,32,0.15911254286766052,0.14496828615665436,0.12323454316275387,0.21178521617844775,0.22006115317344666,0.05326952412724495,0.4941348135471344,0.5888041853904724,0.4926458864794937,0.9876331090927124,0.16415094494942467,0.2875892962028884,0.2
461,n03775546/ILSVRC2012_val_00016381,vit_supervised,vit_small_patch16_224,token_gradient,predicted,blocks.2,32,32,32,0.2796230912208557,0.21477684378623962,0.17965593935809557,0.4267911062308939,0.19418400526046753,0.14407667517662048,0.3203694522380829,0.6452197432518005,0.31796077806116113,0.348533034324646,0.2937833501650391,0.30175979847324375,0.2
462,n03775546/ILSVRC2012_val_00017644,vit_supervised,vit_small_patch16_224,token_gradient,predicted,blocks.2,32,32,32,0.06621581315994263,0.2267836183309555,0.16109859085164044,0.18636605177251794,0.2521727681159973,0.09188847988843918,0.5912652015686035,0.683674156665802,0.7343949298467924,0.9925761818885803,0.13072571805122457,0.25892812254530656,0.2
463,n03775546/ILSVRC2012_val_00020168,vit_supervised,vit_small_patch16_224,token_gradient,predicted,blocks.2,32,48,48,0.44568270444869995,0.3091827630996704,0.13963505833081272,0.14647113108370854,0.2620151937007904,0.08329324424266815,0.849379301071167,0.7748228311538696,0.9389349489794048,0.9665015935897827,0.2641049386038364,0.3724907329491427,0.2
448,n03630383/ILSVRC2012_val_00007703,vit_supervised,vit_small_patch16_224,token_gradient,predicted,blocks.5,31,39,39,-0.18312950432300568,0.3433406352996826,0.10465965527311398,0.10502283105018995,0.21076762676239014,0.11805522441864014,0.4014703631401062,0.3618353605270386,0.40288185586726666,0.9870024919509888,-0.0103470558322111,0.13637566886042232,0.2
449,n03630383/ILSVRC2012_val_00016305,vit_supervised,vit_small_patch16_224,token_gradient,predicted,blocks.5,31,31,31,0.2208923101425171,0.3706153333187103,0.11927308174344824,0.22374029532644857,0.1483229398727417,0.10648494958877563,0.4157826900482178,0.5607389807701111,0.4407485650509326,0.9873312711715698,0.19126093717797588,0.31116534349309066,0.2
450,n03630383/ILSVRC2012_val_00016356,vit_supervised,vit_small_patch16_224,token_gradient,predicted,blocks.5,31,31,31,-0.05562597140669823,0.12148745357990265,0.05983626294243324,0.10244207889790155,0.3084452748298645,0.04982738569378853,0.46659937500953674,0.3979431390762329,0.501773756377451,0.9147933721542358,0.02643311398942114,0.1583195012908747,0.2
451,n03630383/ILSVRC2012_val_00022317,vit_supervised,vit_small_patch16_224,token_gradient,predicted,blocks.5,31,31,31,-0.11893019080162048,0.23503999412059784,0.17574967405470152,0.10966868674435977,0.2992703914642334,0.09223347902297974,0.49417272210121155,0.42807647585868835,0.5189134247447945,0.9366412162780762,0.038053431919070194,0.17022520586090956,0.2
452,n03630383/ILSVRC2012_val_00024199,vit_supervised,vit_small_patch16_224,token_gradient,predicted,blocks.5,31,31,31,0.05611126869916916,0.3262871503829956,0.053065214355518406,0.15114282443616164,0.2529137432575226,0.1184585690498352,0.38963747024536133,0.3777236044406891,0.4011678890305323,0.9355661869049072,0.08370691911717168,0.2110258817783653,0.2
453,n03630383/ILSVRC2012_val_00029815,vit_supervised,vit_small_patch16_224,token_gradient,predicted,blocks.5,31,40,40,-0.22334498167037964,0.2478928565979004,0.06796897863621404,0.17506104596555264,0.14737389981746674,0.08309381455183029,0.5276850461959839,0.597486138343811,0.672751913265172,0.8143212795257568,-0.016428985287621864,0.10473495449467232,0.2
454,n03630383/ILSVRC2012_val_00030376,vit_supervised,vit_small_patch16_224,token_gradient,predicted,blocks.5,31,31,31,0.05667853727936745,0.4625019133090973,0.03303012485731919,0.2081546800419836,0.10811763256788254,0.12896373867988586,0.31819644570350647,0.4353683292865753,0.3952686543366559,0.8613248467445374,0.09502685638153781,0.2093324162842849,0.2
455,n03630383/ILSVRC2012_val_00034841,vit_supervised,vit_small_patch16_224,token_gradient,predicted,blocks.5,31,43,43,0.5341822504997253,0.5838697552680969,0.0,0.028203484645400498,0.04972488433122635,0.06033900007605553,0.09594610333442688,0.10610152781009674,0.15166613520405142,0.7800615429878235,0.2221339455935103,0.31102389028442745,0.2
456,n03630383/ILSVRC2012_val_00041526,vit_supervised,vit_small_patch16_224,token_gradient,predicted,blocks.5,31,18,18,-0.025598686188459396,0.14928759634494781,0.0071889310158022605,0.25413856529720774,0.059551823884248734,0.07605183124542236,0.09444507956504822,0.3460142910480499,0.20766900510199943,0.9760490655899048,0.06815877441851925,0.20277969375077742,0.2
457,n03630383/ILSVRC2012_val_00048565,vit_supervised,vit_small_patch16_224,token_gradient,predicted,blocks.5,31,31,31,-0.23155835270881653,0.15295416116714478,0.035593330728137425,0.17325216749670788,0.23584862053394318,0.07117006182670593,0.3773545026779175,0.46178972721099854,0.43379304846930133,0.9841826558113098,-0.02996969161607302,0.11879334947982201,0.2
458,n03775546/ILSVRC2012_val_00008385,vit_supervised,vit_small_patch16_224,token_gradient,predicted,blocks.5,32,38,38,0.28491657972335815,0.2862643599510193,0.20001594387751118,0.1999960140305724,0.0,0.0,1.0,1.0,0.9999999999998007,0.9752025604248047,0.23397021926176834,0.34600417644391696,0.2
459,n03775546/ILSVRC2012_val_00009249,vit_supervised,vit_small_patch16_224,token_gradient,predicted,blocks.5,32,18,18,0.1964968740940094,0.3577191233634949,0.10445508483394805,0.18715560403899553,0.17428305745124817,0.1179361566901207,0.5160375833511353,0.6701159477233887,0.6458665497447693,0.9899345636367798,0.16608195629948685,0.29016676269665614,0.2
460,n03775546/ILSVRC2012_val_00013468,vit_supervised,vit_small_patch16_224,token_gradient,predicted,blocks.5,32,32,32,0.13382013142108917,0.25386252999305725,0.12450656830384893,0.26871828569332723,0.21857194602489471,0.09940679371356964,0.4898796081542969,0.6201709508895874,0.4926458864794937,0.9772810339927673,0.1714955087675885,0.2917354145955904,0.2
461,n03775546/ILSVRC2012_val_00016381,vit_supervised,vit_small_patch16_224,token_gradient,predicted,blocks.5,32,32,32,0.3861379325389862,0.19502726197242737,0.18088876772074658,0.3714511873348963,0.2342057079076767,0.16002200543880463,0.29521074891090393,0.5283337235450745,0.31796077806116113,0.16249525547027588,0.32015715953228735,0.29760755347309725,0.2
462,n03775546/ILSVRC2012_val_00017644,vit_supervised,vit_small_patch16_224,token_gradient,predicted,blocks.5,32,32,32,-0.04231951758265495,0.1928400844335556,0.0001279836180968563,0.17439006061816184,0.30805540084838867,0.09982718527317047,0.5614688396453857,0.6918830871582031,0.7343949298467924,0.7948107123374939,0.03542760623781563,0.14803928675575953,0.2
463,n03775546/ILSVRC2012_val_00020168,vit_supervised,vit_small_patch16_224,token_gradient,predicted,blocks.5,32,48,48,0.004331761505454779,0.32491782307624817,0.13897359242647953,0.19840204672226683,0.24946290254592896,0.12975993752479553,0.8424221277236938,0.9232702255249023,0.9389349489794048,0.9863255620002747,0.10294539634680581,0.23380886061413694,0.2
448,n03630383/ILSVRC2012_val_00007703,vit_supervised,vit_small_patch16_224,token_gradient,predicted,blocks.8,31,39,39,-0.14837351441383362,0.1939590871334076,0.0946659911702632,0.11906787497683777,0.19531755149364471,0.052996955811977386,0.3956416845321655,0.2976473569869995,0.40288185586726666,0.988054633140564,0.004770754078596836,0.14971093146301806,0.2
449,n03630383/ILSVRC2012_val_00016305,vit_supervised,vit_small_patch16_224,token_gradient,predicted,blocks.8,31,31,31,-0.09411467611789703,0.3575214147567749,0.1278723031046736,0.0738860311309794,0.15042583644390106,0.07140529155731201,0.4219220280647278,0.3623691201210022,0.4407485650509326,0.9927380084991455,0.022881629823537083,0.16641014819252112,0.2
450,n03630383/ILSVRC2012_val_00016356,vit_supervised,vit_small_patch16_224,token_gradient,predicted,blocks.8,31,31,31,0.0360647551715374,0.1651158332824707,0.091980400669822,0.053336923030885365,0.32432255148887634,0.05388195812702179,0.4684416651725769,0.31707507371902466,0.501773756377451,0.8138188123703003,0.05802109917882717,0.17102481709075995,0.2
451,n03630383/ILSVRC2012_val_00022317,vit_supervised,vit_small_patch16_224,token_gradient,predicted,blocks.8,31,31,31,0.10811169445514679,0.2455604523420334,0.19037719037712755,0.08675221398876838,0.32548385858535767,0.0920143648982048,0.4939938485622406,0.40555956959724426,0.5189134247447945,0.9335935115814209,0.1263834990918275,0.24716047088798848,0.2
452,n03630383/ILSVRC2012_val_00024199,vit_supervised,vit_small_patch16_224,token_gradient,predicted,blocks.8,31,31,31,0.0025310376659035683,0.19629845023155212,0.07824843610363601,0.19381010804599128,0.2783527374267578,0.0868331715464592,0.40656307339668274,0.4259377717971802,0.4011678890305323,0.9419453144073486,0.0826299783112496,0.21019229638157538,0.2
453,n03630383/ILSVRC2012_val_00029815,vit_supervised,vit_small_patch16_224,token_gradient,predicted,blocks.8,31,40,40,-0.2580067217350006,0.22569063305854797,0.07652785289343711,0.23546339399062338,0.15204887092113495,0.0816190168261528,0.5414313077926636,0.809076726436615,0.672751913265172,0.8090375065803528,-0.0096053146287821,0.10905108510081782,0.2
454,n03630383/ILSVRC2012_val_00030376,vit_supervised,vit_small_patch16_224,token_gradient,predicted,blocks.8,31,31,31,-0.10033375024795532,0.3327021896839142,0.04818389191084464,0.14841587203931544,0.12538455426692963,0.07265322655439377,0.338595449924469,0.3655211627483368,0.3952686543366559,0.862987220287323,0.018846429085865896,0.1434812114438541,0.2
455,n03630383/ILSVRC2012_val_00034841,vit_supervised,vit_small_patch16_224,token_gradient,predicted,blocks.8,31,43,43,0.10111027210950851,0.4697851836681366,0.0001700487473074651,0.022542883634664727,0.06158609688282013,0.02970597706735134,0.11403970420360565,0.071860671043396,0.15166613520405142,0.7882084250450134,0.04725798855839507,0.15929809209057305,0.2
456,n03630383/ILSVRC2012_val_00041526,vit_supervised,vit_small_patch16_224,token_gradient,predicted,blocks.8,31,18,18,-0.08744563907384872,0.10751114785671234,0.005901155642977181,0.25911578429548104,0.07488160580396652,0.05955049395561218,0.10893318057060242,0.3253617286682129,0.20766900510199943,0.9798006415367126,0.04452682635199798,0.18261835753927438,0.2
457,n03630383/ILSVRC2012_val_00048565,vit_supervised,vit_small_patch16_224,token_gradient,predicted,blocks.8,31,31,31,0.011666967533528805,0.3607243597507477,0.06336521099442809,0.1014859201274284,0.2441662698984146,0.14020004868507385,0.38266173005104065,0.4005906581878662,0.43379304846930133,0.981073796749115,0.054122126349968463,0.19245729092956643,0.2
458,n03775546/ILSVRC2012_val_00008385,vit_supervised,vit_small_patch16_224,token_gradient,predicted,blocks.8,32,38,38,0.5957817435264587,0.46752434968948364,0.1999960140305724,0.1999960140305724,0.0,0.0,1.0,1.0,0.9999999999998007,0.9848358035087585,0.3583103058289269,0.4562469877758605,0.2
459,n03775546/ILSVRC2012_val_00009249,vit_supervised,vit_small_patch16_224,token_gradient,predicted,blocks.8,32,18,18,-0.08170342445373535,0.34233203530311584,0.0860842417728425,0.2741519063343518,0.17365099489688873,0.14541654288768768,0.46326667070388794,0.7422752976417542,0.6458665497447693,0.9966809749603271,0.07538947465066415,0.21096498471204028,0.2
460,n03775546/ILSVRC2012_val_00013468,vit_supervised,vit_small_patch16_224,token_gradient,predicted,blocks.8,32,32,32,-0.1471995711326599,0.2028246372938156,0.13723821989524304,0.24902066486963198,0.2145644575357437,0.07610591500997543,0.49384456872940063,0.5737518072128296,0.4926458864794937,0.9746341109275818,0.056997836976398535,0.19123998793392505,0.2
461,n03775546/ILSVRC2012_val_00016381,vit_supervised,vit_small_patch16_224,token_gradient,predicted,blocks.8,32,32,32,-0.04567738249897957,0.4615393280982971,0.2160303200448175,0.21081811405133674,0.18394353985786438,0.1488269716501236,0.38220080733299255,0.3881542980670929,0.31796077806116113,0.44848567247390747,0.10978357722925444,0.15799787552048183,0.2
462,n03775546/ILSVRC2012_val_00017644,vit_supervised,vit_small_patch16_224,token_gradient,predicted,blocks.8,32,32,32,-0.2078218162059784,0.10083168745040894,0.06664089854939143,0.23541501976278384,0.36240243911743164,0.0690925270318985,0.6032305359840393,0.8105356693267822,0.7343949298467924,0.8759375214576721,0.007488049011261211,0.13416697212460219,0.2
463,n03775546/ILSVRC2012_val_00020168,vit_supervised,vit_small_patch16_224,token_gradient,predicted,blocks.8,32,48,48,0.32765910029411316,0.24525171518325806,0.1389309630101764,0.17802147966436932,0.2544105052947998,0.06917701661586761,0.8396480679512024,0.8400437831878662,0.9389349489794048,0.9552262425422668,0.22614937292000897,0.3372027321529161,0.2
448,n03630383/ILSVRC2012_val_00007703,vit_supervised,vit_small_patch16_224,token_gradient,predicted,blocks.11,31,39,39,0.0,0.0,0.10988809392767936,0.40288185586726666,0.21053984761238098,0.0,0.40412628650665283,0.0,0.40288185586726666,0.9750559329986572,0.1538309849384838,0.27445087739853513,0.2
449,n03630383/ILSVRC2012_val_00016305,vit_supervised,vit_small_patch16_224,token_gradient,predicted,blocks.11,31,31,31,0.0,0.0,0.1073224495418794,0.4407485650509326,0.1285088062286377,0.0,0.3851083815097809,0.0,0.4407485650509326,0.9499253034591675,0.16442130437784358,0.27950654916707807,0.2
450,n03630383/ILSVRC2012_val_00016356,vit_supervised,vit_small_patch16_224,token_gradient,predicted,blocks.11,31,31,31,0.0,0.0,0.08595219737853942,0.501773756377451,0.253141850233078,0.0,0.4169807732105255,0.0,0.501773756377451,0.1082419753074646,0.17631778612679713,0.1631677847351173,0.2
451,n03630383/ILSVRC2012_val_00022317,vit_supervised,vit_small_patch16_224,token_gradient,predicted,blocks.11,31,31,31,0.0,0.0,0.2089687301001411,0.5189134247447945,0.3417844772338867,0.0,0.501835286617279,0.0,0.5189134247447945,0.8522873520851135,0.2183646464534807,0.3098136415240009,0.2
452,n03630383/ILSVRC2012_val_00024199,vit_supervised,vit_small_patch16_224,token_gradient,predicted,blocks.11,31,31,31,0.0,0.0,0.13822119919997802,0.4011678890305323,0.26764413714408875,0.0,0.4097098112106323,0.0,0.4011678890305323,0.6293743252754211,0.1618167264691531,0.22925342084894074,0.2
453,n03630383/ILSVRC2012_val_00029815,vit_supervised,vit_small_patch16_224,token_gradient,predicted,blocks.11,31,40,40,0.0,0.0,0.10521932259852981,0.672751913265172,0.16992218792438507,0.0,0.5863611698150635,0.0,0.672751913265172,0.8489159941673279,0.23339137075911057,0.32183020809102464,0.2
454,n03630383/ILSVRC2012_val_00030376,vit_supervised,vit_small_patch16_224,token_gradient,predicted,blocks.11,31,31,31,0.0,0.0,0.04513961788786999,0.3952686543366559,0.1382734328508377,0.0,0.33565133810043335,0.0,0.3952686543366559,0.9402502179145813,0.13212248166735777,0.25113960074331865,0.2
455,n03630383/ILSVRC2012_val_00034841,vit_supervised,vit_small_patch16_224,token_gradient,predicted,blocks.11,31,43,43,0.0,0.0,0.0008508224617125065,0.15166613520405142,0.08074510097503662,0.0,0.13191990554332733,0.0,0.15166613520405142,0.7550487518310547,0.04575508729972918,0.15138655219109917,0.2
456,n03630383/ILSVRC2012_val_00041526,vit_supervised,vit_small_patch16_224,token_gradient,predicted,blocks.11,31,18,18,0.0,0.0,0.004764711661261045,0.20766900510199943,0.10003229230642319,0.0,0.13050422072410583,0.0,0.20766900510199943,0.9371135234832764,0.06373011502897814,0.19367545771330658,0.2
457,n03630383/ILSVRC2012_val_00048565,vit_supervised,vit_small_patch16_224,token_gradient,predicted,blocks.11,31,31,31,0.0,0.0,0.09700231122146434,0.43379304846930133,0.24070778489112854,0.0,0.38261672854423523,0.0,0.43379304846930133,0.97267085313797,0.1592386079072297,0.2785994678933869,0.2
458,n03775546/ILSVRC2012_val_00008385,vit_supervised,vit_small_patch16_224,token_gradient,predicted,blocks.11,32,38,38,0.0,0.0,0.1999960140305724,0.9999999999998007,0.0,0.0,1.0,0.0,0.9999999999998007,0.9780257940292358,0.3599988042091119,0.44670287261197866,0.2
459,n03775546/ILSVRC2012_val_00009249,vit_supervised,vit_small_patch16_224,token_gradient,predicted,blocks.11,32,18,18,0.0,0.0,0.08741993338455357,0.6458665497447693,0.19828522205352783,0.0,0.49372780323028564,0.0,0.6458665497447693,0.9988108277320862,0.21998594493879686,0.33314324494214365,0.2
460,n03775546/ILSVRC2012_val_00013468,vit_supervised,vit_small_patch16_224,token_gradient,predicted,blocks.11,32,32,32,0.0,0.0,0.2036434162221363,0.4926458864794937,0.2453860640525818,0.0,0.49365970492362976,0.0,0.4926458864794937,0.9284154772758484,0.208886790810489,0.3133346472667847,0.2
461,n03775546/ILSVRC2012_val_00016381,vit_supervised,vit_small_patch16_224,token_gradient,predicted,blocks.11,32,32,32,0.0,0.0,0.2462357341516034,0.31796077806116113,0.2178255319595337,0.0,0.4974105954170227,0.0,0.31796077806116113,0.3299008905887604,0.16925895366382937,0.1905342616415052,0.2
462,n03775546/ILSVRC2012_val_00017644,vit_supervised,vit_small_patch16_224,token_gradient,predicted,blocks.11,32,32,32,0.0,0.0,0.002501764064403853,0.7343949298467924,0.32107511162757874,0.0,0.585395097732544,0.0,0.7343949298467924,0.7269499897956848,0.22106900817335887,0.2932666719471518,0.2
463,n03775546/ILSVRC2012_val_00020168,vit_supervised,vit_small_patch16_224,token_gradient,predicted,blocks.11,32,48,48,0.0,0.0,0.1389990632411578,0.9389349489794048,0.23597270250320435,0.0,0.8411635756492615,0.0,0.9389349489794048,0.9455510377883911,0.3233802036661687,0.4113161587233993,0.2
464,n03775546/ILSVRC2012_val_00022647,vit_supervised,vit_small_patch16_224,token_gradient,predicted,blocks.2,32,32,32,0.5221379995346069,0.449413537979126,0.3801542455710216,0.3084189952221267,0.30721384286880493,0.19933751225471497,0.6795346736907959,0.7026602029800415,0.52044802295908,0.9424401521682739,0.4154271720517873,0.49625763286064056,0.2
465,n03775546/ILSVRC2012_val_00028446,vit_supervised,vit_small_patch16_224,token_gradient,predicted,blocks.2,32,32,32,0.2570454776287079,0.30941858887672424,0.23404306565821234,0.23181785396575583,0.4647600054740906,0.16894452273845673,0.8578759431838989,0.8925805687904358,0.8211096938773874,0.9920408129692078,0.24257646693867357,0.35523726902142094,0.2
466,n03775546/ILSVRC2012_val_00028647,vit_supervised,vit_small_patch16_224,token_gradient,predicted,blocks.2,32,32,32,-0.12347564846277237,0.12393665313720703,0.25539550035624164,0.22344858375905963,0.4637289345264435,0.07872045785188675,0.8298810720443726,0.8560989499092102,0.7830835459182113,0.9752172827720642,0.09426296584948143,0.22277713648266462,0.2
467,n03775546/ILSVRC2012_val_00030172,vit_supervised,vit_small_patch16_224,token_gradient,predicted,blocks.2,32,40,40,0.045489225536584854,0.11066287010908127,0.006505404014409366,0.16869053879615417,0.30521413683891296,0.05619412288069725,0.6055691838264465,0.7964193820953369,0.7743941326529069,0.9788035154342651,0.070754473057803,0.20654074195558533,0.2
468,n03775546/ILSVRC2012_val_00035190,vit_supervised,vit_small_patch16_224,token_gradient,predicted,blocks.2,32,32,32,0.25569459795951843,0.35818710923194885,0.27341038882961083,0.21122258030974864,0.4799415171146393,0.15726132690906525,0.8683891296386719,0.7275188565254211,0.7287946428569977,0.9987426996231079,0.2476677299256152,0.3604627565141375,0.2
469,n03775546/ILSVRC2012_val_00036518,vit_supervised,vit_small_patch16_224,token_gradient,predicted,blocks.2,32,32,32,-0.2429405003786087,0.1777593195438385,0.24223951578026706,0.2120138361595326,0.2391948699951172,0.08512499183416367,0.39658817648887634,0.4426664412021637,0.3726283482142115,0.9892066121101379,0.039099805430496404,0.17691515466895755,0.2
470,n03775546/ILSVRC2012_val_00038806,vit_supervised,vit_small_patch16_224,token_gradient,predicted,blocks.2,32,36,36,0.2764207124710083,0.19560927152633667,0.1999960140305724,0.1999960140305724,0.0,0.0,1.0,1.0,0.9999999999998007,0.4233107566833496,0.23056589340674677,0.26024186988264153,0.2
471,n03775546/ILSVRC2012_val_00039920,vit_supervised,vit_small_patch16_224,token_gradient,predicted,blocks.2,32,32,32,-0.050481557846069336,0.1185290515422821,0.1753708487575767,0.14375307746128393,0.4733661115169525,0.06976460665464401,0.6550077795982361,0.6276103854179382,0.6795878507651707,0.9667169451713562,0.07554455472723046,0.20711997808429433,0.2
472,n03775546/ILSVRC2012_val_00041822,vit_supervised,vit_small_patch16_224,token_gradient,predicted,blocks.2,32,32,32,0.09062451124191284,0.32957836985588074,0.0460681654860779,0.16182087680287277,0.20690453052520752,0.11837470531463623,0.5036092400550842,0.6023935675621033,0.6123246173468168,0.9821313619613647,0.09861651718345034,0.23101054380111186,0.2
473,n03775546/ILSVRC2012_val_00043996,vit_supervised,vit_small_patch16_224,token_gradient,predicted,blocks.2,32,32,32,0.514953076839447,0.5042160749435425,0.043745672274032886,0.1553201082055556,0.14572001993656158,0.14435754716396332,0.5845957398414612,0.7278032302856445,0.821408641581469,0.32085686922073364,0.26570096487965533,0.27812855239681367,0.2
474,n03775546/ILSVRC2012_val_00046834,vit_supervised,vit_small_patch16_224,token_gradient,predicted,blocks.2,32,47,47,0.0734524205327034,0.34375661611557007,0.20775712733779392,0.14809232744420775,0.2085791975259781,0.08597752451896667,0.6085495948791504,0.5841532945632935,0.6198182397957949,0.9370403289794922,0.13613580464768185,0.2552267602288704,0.2
475,n03791053/ILSVRC2012_val_00004465,vit_supervised,vit_small_patch16_224,token_gradient,predicted,blocks.2,33,33,33,0.15108199417591095,0.2700533866882324,0.23659997079001188,0.17168688592639342,0.2028495818376541,0.07488550245761871,0.34580984711647034,0.31127211451530457,0.30624202806116346,0.7671263813972473,0.182918854685286,0.2700193693502573,0.2
476,n03791053/ILSVRC2012_val_00004619,vit_supervised,vit_small_patch16_224,token_gradient,predicted,blocks.2,33,30,30,0.12293286621570587,0.1744609922170639,0.08143680943783006,0.1918785173684301,0.1615823209285736,0.07730862498283386,0.23791895806789398,0.34284624457359314,0.289620535714228,0.9967900514602661,0.13116774452816038,0.260873842596102,0.2
477,n03791053/ILSVRC2012_val_00005644,vit_supervised,vit_small_patch16_224,token_gradient,predicted,blocks.2,33,49,49,0.27373096346855164,0.2812477946281433,0.5263433617717959,0.16303604014589243,0.2749875783920288,0.08813069760799408,0.34924519062042236,0.24513186514377594,0.20647321428567314,0.9466478824615479,0.3163062059627271,0.4101478700626473,0.2
478,n03791053/ILSVRC2012_val_00008959,vit_supervised,vit_small_patch16_224,token_gradient,predicted,blocks.2,33,26,26,-0.1115088015794754,0.25025859475135803,0.000918126104620259,0.23218423283406836,0.32159876823425293,0.15203379094600677,0.534395694732666,0.7431746125221252,0.6690848214284382,0.9735610485076904,0.025327187049816423,0.16528166645800935,0.2
479,n03791053/ILSVRC2012_val_00010227,vit_supervised,vit_small_patch16_224,token_gradient,predicted,blocks.2,33,26,26,-0.2868647873401642,0.15961909294128418,0.09815990669946283,0.2481773326459061,0.3717605769634247,0.11775172501802444,0.4699779152870178,0.5762453079223633,0.47558593749990524,0.9996625185012817,-0.01084474313245501,0.13613101204247705,0.2
464,n03775546/ILSVRC2012_val_00022647,vit_supervised,vit_small_patch16_224,token_gradient,predicted,blocks.5,32,32,32,-0.09850762784481049,0.34432676434516907,0.37026647966325377,0.22672051038406857,0.31383445858955383,0.1417292207479477,0.6395527720451355,0.5826615691184998,0.52044802295908,0.4940643906593323,0.13969304587627251,0.18887873636504676,0.2
465,n03775546/ILSVRC2012_val_00028446,vit_supervised,vit_small_patch16_224,token_gradient,predicted,blocks.5,32,32,32,0.16051067411899567,0.24207457900047302,0.20527417723300825,0.1607122629754286,0.4481889307498932,0.1190715804696083,0.8175496459007263,0.8004104495048523,0.8211096938773874,0.9779653549194336,0.1740002017101293,0.2943701492316727,0.2
466,n03775546/ILSVRC2012_val_00028647,vit_supervised,vit_small_patch16_224,token_gradient,predicted,blocks.5,32,32,32,0.26111745834350586,0.3122953176498413,0.25539550035624164,0.22347892948378514,0.4372883141040802,0.1689005047082901,0.8098093867301941,0.8373150825500488,0.7830835459182113,0.9787667989730835,0.24810931228941038,0.35792473772619626,0.2
467,n03775546/ILSVRC2012_val_00030172,vit_supervised,vit_small_patch16_224,token_gradient,predicted,blocks.5,32,40,40,0.2607874274253845,0.23818445205688477,0.005615204245340077,0.12424116997789639,0.3054172098636627,0.09327083826065063,0.6078810691833496,0.6222472190856934,0.7743941326529069,0.9027532339096069,0.14327188323712475,0.25915267824113475,0.2
468,n03775546/ILSVRC2012_val_00035190,vit_supervised,vit_small_patch16_224,token_gradient,predicted,blocks.5,32,32,32,0.06530100107192993,0.35033148527145386,0.27327122209768223,0.16594946209653091,0.4264776110649109,0.15403001010417938,0.7845305800437927,0.6807109117507935,0.7287946428569977,0.9957668781280518,0.1578866056870359,0.28202555314293654,0.2
469,n03775546/ILSVRC2012_val_00036518,vit_supervised,vit_small_patch16_224,token_gradient,predicted,blocks.5,32,32,32,-0.23495343327522278,0.19659394025802612,0.15705541237107076,0.26835297753045145,0.24406537413597107,0.10379725694656372,0.35801225900650024,0.4520774185657501,0.3726283482142115,0.9550961852073669,0.033641143660367544,0.16738282361015763,0.2
470,n03775546/ILSVRC2012_val_00038806,vit_supervised,vit_small_patch16_224,token_gradient,predicted,blocks.5,32,36,36,-0.17211692035198212,0.16055351495742798,0.1999960140305724,0.1999960140305724,0.0,0.0,1.0,1.0,0.9999999999998007,0.5657603144645691,0.05115084027755058,0.12462113206177783,0.2
471,n03775546/ILSVRC2012_val_00039920,vit_supervised,vit_small_patch16_224,token_gradient,predicted,blocks.5,32,32,32,-0.16802431643009186,0.12034692615270615,0.23621187081587738,0.12998950252192182,0.49321097135543823,0.05957183614373207,0.6751817464828491,0.5355109572410583,0.6795878507651707,0.9516860842704773,0.04265068542930301,0.17549474522448924,0.2
472,n03775546/ILSVRC2012_val_00041822,vit_supervised,vit_small_patch16_224,token_gradient,predicted,blocks.5,32,32,32,0.007030000444501638,0.3465002775192261,0.04986734667592668,0.1791303844706862,0.21434380114078522,0.1197609156370163,0.5160412192344666,0.5831924080848694,0.6123246173468168,0.9830039143562317,0.07151131952178451,0.20716052009566355,0.2
473,n03775546/ILSVRC2012_val_00043996,vit_supervised,vit_small_patch16_224,token_gradient,predicted,blocks.5,32,32,32,0.3232862651348114,0.32693737745285034,0.11236515963794146,0.12955126509738837,0.38661763072013855,0.12630778551101685,0.7694879770278931,0.6870425343513489,0.821408641581469,0.5447960495948792,0.2018894334745235,0.2553487064202483,0.2
474,n03775546/ILSVRC2012_val_00046834,vit_supervised,vit_small_patch16_224,token_gradient,predicted,blocks.5,32,47,47,-0.07324197888374329,0.3907323181629181,0.24905110375603529,0.18849498714276142,0.17390811443328857,0.10816420614719391,0.660767138004303,0.6397206783294678,0.6198182397957949,0.9084862470626831,0.10196703571614169,0.2200247671747915,0.2
475,n03791053/ILSVRC2012_val_00004465,vit_supervised,vit_small_patch16_224,token_gradient,predicted,blocks.5,33,33,33,0.20832671225070953,0.27500399947166443,0.19946168012456936,0.1294353045797557,0.1833636611700058,0.06366927176713943,0.3535177409648895,0.28236863017082214,0.30624202806116346,0.9310703277587891,0.18199978031158132,0.29479914462764795,0.2
476,n03791053/ILSVRC2012_val_00004619,vit_supervised,vit_small_patch16_224,token_gradient,predicted,blocks.5,33,30,30,-0.006593269761651754,0.17190289497375488,0.07958340657405537,0.20740158254277907,0.1734452247619629,0.09593985974788666,0.2454485297203064,0.3903384506702423,0.289620535714228,0.9942143559455872,0.08345818883038962,0.2185707562544686,0.2
477,n03791053/ILSVRC2012_val_00005644,vit_supervised,vit_small_patch16_224,token_gradient,predicted,blocks.5,33,49,49,0.1682223677635193,0.20375758409500122,0.5163568773230361,0.1597498578737011,0.2705928683280945,0.06328578293323517,0.3430142104625702,0.2245323657989502,0.20647321428567314,0.9613394141197205,0.2701209676644289,0.3721054246343741,0.2
478,n03791053/ILSVRC2012_val_00008959,vit_supervised,vit_small_patch16_224,token_gradient,predicted,blocks.5,33,26,26,-0.3254357576370239,0.12506802380084991,0.00038999770589575824,0.20507931244121896,0.282606303691864,0.0791410505771637,0.5133265256881714,0.7677715420722961,0.6690848214284382,0.9658072590827942,-0.06853351001067515,0.08233590122623943,0.2
479,n03791053/ILSVRC2012_val_00010227,vit_supervised,vit_small_patch16_224,token_gradient,predicted,blocks.5,33,26,26,-0.21777357161045074,0.12363410741090775,0.05295195502964286,0.26258939213339444,0.3514725863933563,0.09332709014415741,0.4661191999912262,0.6243487000465393,0.47558593749990524,0.9994853734970093,0.007552975504730872,0.15258739275165295,0.2
464,n03775546/ILSVRC2012_val_00022647,vit_supervised,vit_small_patch16_224,token_gradient,predicted,blocks.8,32,32,32,0.08640456944704056,0.41814494132995605,0.3813144822314171,0.2598982294715391,0.3040219247341156,0.18085508048534393,0.688104510307312,0.645658016204834,0.52044802295908,0.6042760610580444,0.2269256412897031,0.2811861863909099,0.2
465,n03775546/ILSVRC2012_val_00028446,vit_supervised,vit_small_patch16_224,token_gradient,predicted,blocks.8,32,32,32,0.6108012795448303,0.2835794687271118,0.22022958940644466,0.23081173276954123,0.45355087518692017,0.16115282475948334,0.8148446679115295,0.9175671339035034,0.8211096938773874,0.9510466456413269,0.3796329084707279,0.4691977752308861,0.2
466,n03775546/ILSVRC2012_val_00028647,vit_supervised,vit_small_patch16_224,token_gradient,predicted,blocks.8,32,32,32,-0.05069153383374214,0.3095109164714813,0.25539550035624164,0.08311009617494114,0.4427076578140259,0.11842744797468185,0.8192678093910217,0.6368039846420288,0.7830835459182113,0.9675891995429993,0.08127506542585798,0.21202274222243583,0.2
467,n03775546/ILSVRC2012_val_00030172,vit_supervised,vit_small_patch16_224,token_gradient,predicted,blocks.8,32,40,40,-0.09473682940006256,0.10542426258325577,0.004582066244759477,0.1748606305266785,0.27651774883270264,0.05135239288210869,0.5792062878608704,0.7699123620986938,0.7743941326529069,0.7499213814735413,0.015938077271406365,0.12419099112386879,0.2
468,n03775546/ILSVRC2012_val_00035190,vit_supervised,vit_small_patch16_224,token_gradient,predicted,blocks.8,32,32,32,0.12299079447984695,0.22277094423770905,0.27442025814912646,0.1394097943815214,0.4295998811721802,0.1042749285697937,0.7723872661590576,0.7024121880531311,0.7287946428569977,0.9908804893493652,0.17334533355113313,0.2951363646030132,0.2
469,n03775546/ILSVRC2012_val_00036518,vit_supervised,vit_small_patch16_224,token_gradient,predicted,blocks.8,32,32,32,-0.2587904632091522,0.10538925975561142,0.08512727547394625,0.16626075661626633,0.22651530802249908,0.041627123951911926,0.3299143612384796,0.31601423025131226,0.3726283482142115,0.8642541766166687,-0.02809977565659713,0.10190847239185018,0.2
470,n03775546/ILSVRC2012_val_00038806,vit_supervised,vit_small_patch16_224,token_gradient,predicted,blocks.8,32,36,36,-0.2192324995994568,0.11406514048576355,0.1999960140305724,0.1999960140305724,0.0,0.0,1.0,1.0,0.9999999999998007,0.8365196585655212,0.03230460857856071,0.14874458094030452,0.2
471,n03775546/ILSVRC2012_val_00039920,vit_supervised,vit_small_patch16_224,token_gradient,predicted,blocks.8,32,32,32,-0.27912232279777527,0.12983889877796173,0.2537355832054276,0.17734620925140657,0.47338423132896423,0.07146760821342468,0.6862604022026062,0.616841733455658,0.6795878507651707,0.9470599889755249,0.017675608617940125,0.15213663348131595,0.2
472,n03775546/ILSVRC2012_val_00041822,vit_supervised,vit_small_patch16_224,token_gradient,predicted,blocks.8,32,32,32,-0.17112946510314941,0.3779244124889374,0.05754910355204651,0.22490683976432718,0.21104028820991516,0.20757123827934265,0.5307942032814026,0.7351914644241333,0.6123246173468168,0.9686103463172913,0.016284996953652334,0.1560102249905848,0.2
473,n03775546/ILSVRC2012_val_00043996,vit_supervised,vit_small_patch16_224,token_gradient,predicted,blocks.8,32,32,32,-0.11318714171648026,0.1866176277399063,0.14507227919651786,0.20992492563383308,0.41677790880203247,0.09602421522140503,0.801520824432373,0.8474180698394775,0.821408641581469,0.8975248336791992,0.06122430476251318,0.18376252665869952,0.2
474,n03775546/ILSVRC2012_val_00046834,vit_supervised,vit_small_patch16_224,token_gradient,predicted,blocks.8,32,47,47,-0.06762155145406723,0.3666127622127533,0.18708876832500662,0.13493530499072065,0.1752106249332428,0.1051471158862114,0.6240572929382324,0.5690168738365173,0.6198182397957949,0.9246625900268555,0.06955860141309128,0.19553786382403662,0.2
475,n03791053/ILSVRC2012_val_00004465,vit_supervised,vit_small_patch16_224,token_gradient,predicted,blocks.8,33,33,33,-0.11600662767887115,0.3637072443962097,0.2164064744755213,0.10099258809756795,0.181564062833786,0.0877600833773613,0.3673398792743683,0.25847336649894714,0.30624202806116346,0.916606605052948,0.0488170677003783,0.17623843671360961,0.2
476,n03791053/ILSVRC2012_val_00004619,vit_supervised,vit_small_patch16_224,token_gradient,predicted,blocks.8,33,30,30,-0.06203174963593483,0.14878694713115692,0.07944110022405226,0.11754537597228878,0.16539020836353302,0.04835766553878784,0.23962275683879852,0.23744341731071472,0.289620535714228,0.9952586889266968,0.03428324300452838,0.17682431001551258,0.2
477,n03791053/ILSVRC2012_val_00005644,vit_supervised,vit_small_patch16_224,token_gradient,predicted,blocks.8,33,49,49,-0.012910161167383194,0.24605771899223328,0.5132067072262106,0.23061606226981798,0.2713872194290161,0.1047615185379982,0.3424624502658844,0.2711515426635742,0.20647321428567314,0.9611862301826477,0.2179827663818553,0.32561507049282024,0.2
478,n03791053/ILSVRC2012_val_00008959,vit_supervised,vit_small_patch16_224,token_gradient,predicted,blocks.8,33,26,26,0.06695549190044403,0.2185547649860382,0.0010789715335167405,0.13432874645575676,0.2791379988193512,0.0858142301440239,0.5127875208854675,0.5266249775886536,0.6690848214284382,0.966063916683197,0.06740451215695967,0.20219593916495332,0.2
479,n03791053/ILSVRC2012_val_00010227,vit_supervised,vit_small_patch16_224,token_gradient,predicted,blocks.8,33,26,26,0.023619242012500763,0.15415017306804657,0.04950617666180083,0.3016665386681892,0.34540286660194397,0.11606325209140778,0.461068719625473,0.6343827843666077,0.47558593749990524,0.9993245601654053,0.11479951140399731,0.2459585975616836,0.2
464,n03775546/ILSVRC2012_val_00022647,vit_supervised,vit_small_patch16_224,token_gradient,predicted,blocks.11,32,32,32,0.0,0.0,0.1900905349793613,0.52044802295908,0.25741007924079895,0.0,0.5151081085205078,0.0,0.52044802295908,0.10700683295726776,0.21316156738153236,0.1936856644282005,0.2
465,n03775546/ILSVRC2012_val_00028446,vit_supervised,vit_small_patch16_224,token_gradient,predicted,blocks.11,32,32,32,0.0,0.0,0.21390665719018861,0.8211096938773874,0.45722007751464844,0.0,0.818179726600647,0.0,0.8211096938773874,0.9306414127349854,0.3105049053202728,0.3983502996771418,0.2
466,n03775546/ILSVRC2012_val_00028647,vit_supervised,vit_small_patch16_224,token_gradient,predicted,blocks.11,32,32,32,0.0,0.0,0.25539550035624164,0.7830835459182113,0.43668216466903687,0.0,0.7913845181465149,0.0,0.7830835459182113,0.8639601469039917,0.31154371388233587,0.389213783604212,0.2
467,n03775546/ILSVRC2012_val_00030172,vit_supervised,vit_small_patch16_224,token_gradient,predicted,blocks.11,32,40,40,0.0,0.0,0.0040662928963086965,0.7743941326529069,0.2632984519004822,0.0,0.577216386795044,0.0,0.7743941326529069,0.7672135233879089,0.23353812766476467,0.3096971348954902,0.2
468,n03775546/ILSVRC2012_val_00035190,vit_supervised,vit_small_patch16_224,token_gradient,predicted,blocks.11,32,32,32,0.0,0.0,0.27442025814912646,0.7287946428569977,0.3764227032661438,0.0,0.7663339972496033,0.0,0.7287946428569977,0.9913929104804993,0.30096447030183726,0.3995126618236059,0.2
469,n03775546/ILSVRC2012_val_00036518,vit_supervised,vit_small_patch16_224,token_gradient,predicted,blocks.11,32,32,32,0.0,0.0,0.05122013683091822,0.3726283482142115,0.22125832736492157,0.0,0.3222059905529022,0.0,0.3726283482142115,0.7489856481552124,0.1271545455135389,0.2183099684845643,0.2
470,n03775546/ILSVRC2012_val_00038806,vit_supervised,vit_small_patch16_224,token_gradient,predicted,blocks.11,32,36,36,0.0,0.0,0.1999960140305724,0.9999999999998007,0.0,0.0,1.0,0.0,0.9999999999998007,0.8480119109153748,0.3599988042091119,0.42720079014489953,0.2
471,n03775546/ILSVRC2012_val_00039920,vit_supervised,vit_small_patch16_224,token_gradient,predicted,blocks.11,32,32,32,0.0,0.0,0.27374527403380366,0.6795878507651707,0.4988429844379425,0.0,0.6910463571548462,0.0,0.6795878507651707,0.9569737911224365,0.2859999374396923,0.38187934986810906,0.2
472,n03775546/ILSVRC2012_val_00041822,vit_supervised,vit_small_patch16_224,token_gradient,predicted,blocks.11,32,32,32,0.0,0.0,0.10251832616513769,0.6123246173468168,0.2590768039226532,0.0,0.5532251596450806,0.0,0.6123246173468168,0.931481659412384,0.21445288305358634,0.3184329847898462,0.2
473,n03775546/ILSVRC2012_val_00043996,vit_supervised,vit_small_patch16_224,token_gradient,predicted,blocks.11,32,32,32,0.0,0.0,0.12659646963132784,0.821408641581469,0.337969571352005,0.0,0.7632165551185608,0.0,0.821408641581469,0.8159950375556946,0.284401533363839,0.3594005334365534,0.2
474,n03775546/ILSVRC2012_val_00046834,vit_supervised,vit_small_patch16_224,token_gradient,predicted,blocks.11,32,47,47,0.0,0.0,0.12602994716812407,0.6198182397957949,0.19810451567173004,0.0,0.5718382596969604,0.0,0.6198182397957949,0.9308913946151733,0.22375445608917566,0.32609575593325574,0.2
475,n03791053/ILSVRC2012_val_00004465,vit_supervised,vit_small_patch16_224,token_gradient,predicted,blocks.11,33,33,33,0.0,0.0,0.2112440989937479,0.30624202806116346,0.18426041305065155,0.0,0.3571278750896454,0.0,0.30624202806116346,0.8838268518447876,0.1552458381164734,0.26194555954044596,0.2
476,n03791053/ILSVRC2012_val_00004619,vit_supervised,vit_small_patch16_224,token_gradient,predicted,blocks.11,33,30,30,0.0,0.0,0.08291457286428505,0.289620535714228,0.16236630082130432,0.0,0.23935645818710327,0.0,0.289620535714228,0.9935097098350525,0.11176053257355391,0.24216023361988614,0.2
477,n03791053/ILSVRC2012_val_00005644,vit_supervised,vit_small_patch16_224,token_gradient,predicted,blocks.11,33,49,49,0.0,0.0,0.43859772871521574,0.20647321428567314,0.2628944516181946,0.0,0.3257705271244049,0.0,0.20647321428567314,0.9736290574073792,0.19352128290026666,0.3073120943613291,0.2
478,n03791053/ILSVRC2012_val_00008959,vit_supervised,vit_small_patch16_224,token_gradient,predicted,blocks.11,33,26,26,0.0,0.0,0.0011938927792443591,0.6690848214284382,0.270388126373291,0.0,0.508255660533905,0.0,0.6690848214284382,0.9659245610237122,0.20108361426230476,0.31245836270547744,0.2
479,n03791053/ILSVRC2012_val_00010227,vit_supervised,vit_small_patch16_224,token_gradient,predicted,blocks.11,33,26,26,0.0,0.0,0.043754041321537165,0.47558593749990524,0.3472156226634979,0.0,0.4585548937320709,0.0,0.47558593749990524,0.9991938471794128,0.1558019936464327,0.27971407178227253,0.2
480,n03791053/ILSVRC2012_val_00011514,vit_supervised,vit_small_patch16_224,token_gradient,predicted,blocks.2,33,33,33,-0.08130869269371033,0.19544905424118042,0.24974556557129624,0.2958091505237447,0.2630119323730469,0.10248736292123795,0.5632255673408508,0.7241234183311462,0.48525191326520944,0.9382584095001221,0.13114293775102814,0.24866939800597992,0.2
481,n03791053/ILSVRC2012_val_00015934,vit_supervised,vit_small_patch16_224,token_gradient,predicted,blocks.2,33,33,33,-0.0021707876585423946,0.23916372656822205,0.048213986248512405,0.1799518618150078,0.14700689911842346,0.1013403907418251,0.252853125333786,0.4088810980319977,0.2982900191325936,0.835493803024292,0.06758143935563911,0.181605756789034,0.2
482,n03791053/ILSVRC2012_val_00020789,vit_supervised,vit_small_patch16_224,token_gradient,predicted,blocks.2,33,19,19,0.14045502245426178,0.3600018620491028,0.035754967725581725,0.012558772581036525,0.09133052080869675,0.03802759572863579,0.11446397751569748,0.06625296175479889,0.1261957908163014,0.7474809885025024,0.07067613107369018,0.17335984121102155,0.2
483,n03791053/ILSVRC2012_val_00021251,vit_supervised,vit_small_patch16_224,token_gradient,predicted,blocks.2,33,33,33,0.058289822190999985,0.13732273876667023,0.3082446634895827,0.2347359990140874,0.2053835690021515,0.04810463264584541,0.28866904973983765,0.2540493309497833,0.19941804846934802,0.8821285963058472,0.186210127627501,0.28846589283864454,0.2
484,n03791053/ILSVRC2012_val_00022401,vit_supervised,vit_small_patch16_224,token_gradient,predicted,blocks.2,33,33,33,0.17082622647285461,0.22357475757598877,0.13575003791890206,0.17247318562579467,0.10994674265384674,0.09818195551633835,0.12415896356105804,0.1813245266675949,0.09847337372447018,0.7778636813163757,0.16079745765255088,0.25352453734912966,0.2
485,n03791053/ILSVRC2012_val_00022929,vit_supervised,vit_small_patch16_224,token_gradient,predicted,blocks.2,33,33,33,0.34067752957344055,0.37087470293045044,0.3361318998593108,0.20742215661361274,0.26070043444633484,0.11753015965223312,0.641905665397644,0.6154139637947083,0.5009566326529614,0.6151897311210632,0.2993372287712533,0.3474041091370945,0.2
486,n03791053/ILSVRC2012_val_00030997,vit_supervised,vit_small_patch16_224,token_gradient,predicted,blocks.2,33,33,33,-0.18610027432441711,0.22088122367858887,0.27250471339722754,0.1720750609091877,0.36078181862831116,0.08439191430807114,0.7700232863426208,0.6595943570137024,0.7012515943876154,0.8320585489273071,0.05893382256215772,0.17081862990215388,0.2
487,n03791053/ILSVRC2012_val_00033956,vit_supervised,vit_small_patch16_224,token_gradient,predicted,blocks.2,33,33,33,0.12960460782051086,0.14432865381240845,0.12994055688805578,0.09540338343327646,0.2409084439277649,0.033847302198410034,0.425629585981369,0.2841458320617676,0.4478236607141965,0.8386334776878357,0.11944502522460401,0.22749261947068722,0.2
488,n03791053/ILSVRC2012_val_00036806,vit_supervised,vit_small_patch16_224,token_gradient,predicted,blocks.2,33,33,33,0.2503909468650818,0.29345861077308655,0.20862777499941107,0.21832328767118503,0.23484459519386292,0.08631162345409393,0.929349958896637,0.9695688486099243,0.9078244579079824,0.35822543501853943,0.22824169754721155,0.24810841232320857,0.2
489,n03791053/ILSVRC2012_val_00037060,vit_supervised,vit_small_patch16_224,token_gradient,predicted,blocks.2,33,34,34,-0.07341211289167404,0.3940613269805908,0.30840912479487537,0.15292649280688664,0.2671378254890442,0.12249154597520828,0.6243171691894531,0.4861612915992737,0.49958147321418617,0.9678362011909485,0.10903584012385897,0.23481509506699685,0.2
490,n03791053/ILSVRC2012_val_00038689,vit_supervised,vit_small_patch16_224,token_gradient,predicted,blocks.2,33,35,35,0.0006577318999916315,0.27661189436912537,0.34683437861310157,0.14020826534543562,0.29676544666290283,0.08027882128953934,0.7047021985054016,0.517753541469574,0.5659677933672341,0.9848213791847229,0.1463758859475578,0.2697140740323398,0.2
491,n03791053/ILSVRC2012_val_00042747,vit_supervised,vit_small_patch16_224,token_gradient,predicted,blocks.2,33,33,33,0.23521575331687927,0.19274599850177765,0.3442275515893868,0.26984015457570004,0.27700382471084595,0.07695765793323517,0.617512047290802,0.7087575197219849,0.5203882334182637,0.9745608568191528,0.27830661317627775,0.38202656872505236,0.2
492,n03791053/ILSVRC2012_val_00043594,vit_supervised,vit_small_patch16_224,token_gradient,predicted,blocks.2,33,33,33,0.26270732283592224,0.41642627120018005,0.5443306934514556,0.2973279965381343,0.2875780463218689,0.14112022519111633,0.5456733703613281,0.39005160331726074,0.278021364795863,0.9690014719963074,0.3575805361312458,0.44771245628941636,0.2
493,n03874599/ILSVRC2012_val_00002908,vit_supervised,vit_small_patch16_224,token_gradient,predicted,blocks.2,34,34,34,-0.30527761578559875,0.26573532819747925,0.05229070837164589,0.16125756529503177,0.2292405217885971,0.12559548020362854,0.3243107497692108,0.4023796617984772,0.3697783801019671,0.9659044146537781,-0.058046564214236214,0.09142556508977656,0.2
494,n03874599/ILSVRC2012_val_00009432,vit_supervised,vit_small_patch16_224,token_gradient,predicted,blocks.2,34,5,5,0.38595691323280334,0.24932830035686493,0.44104999999977945,0.3995628946088394,0.30578747391700745,0.16303949058055878,0.4911804795265198,0.6680216193199158,0.37432238520400707,0.9953565001487732,0.40656663367570695,0.4945416183059519,0.2
495,n03874599/ILSVRC2012_val_00014197,vit_supervised,vit_small_patch16_224,token_gradient,predicted,blocks.2,34,38,38,-0.2337311953306198,0.13974374532699585,0.42050386630061337,0.2679820068586523,0.340624064207077,0.10745374858379364,0.4337339401245117,0.5360316038131714,0.3674067283162533,0.9300998449325562,0.11305328381553176,0.2298305266639829,0.2
480,n03791053/ILSVRC2012_val_00011514,vit_supervised,vit_small_patch16_224,token_gradient,predicted,blocks.5,33,33,33,-0.02354196272790432,0.1283150166273117,0.1570145034828021,0.31652693235315776,0.3304154872894287,0.10019596666097641,0.4658311605453491,0.6818884015083313,0.48525191326520944,0.9769348502159119,0.13264564565962622,0.25668589953661025,0.2
481,n03791053/ILSVRC2012_val_00015934,vit_supervised,vit_small_patch16_224,token_gradient,predicted,blocks.5,33,33,33,-0.015621362254023552,0.197801411151886,0.01321121737720327,0.17248171074837154,0.1429794877767563,0.07392924278974533,0.234744131565094,0.3439915180206299,0.2982900191325936,0.9386268854141235,0.04945933353606302,0.18174978805460398,0.2
482,n03791053/ILSVRC2012_val_00020789,vit_supervised,vit_small_patch16_224,token_gradient,predicted,blocks.5,33,19,19,-0.3493393659591675,0.2749539315700531,0.0385152284263715,0.04348103283389003,0.07392334938049316,0.05510129779577255,0.09385097026824951,0.10541930049657822,0.1261957908163014,0.9647423028945923,-0.11513686800558855,0.042941632663545615,0.2
483,n03791053/ILSVRC2012_val_00021251,vit_supervised,vit_small_patch16_224,token_gradient,predicted,blocks.5,33,33,33,-0.004463679157197475,0.07091780751943588,0.21284192689408565,0.12862533085536484,0.2016693651676178,0.023629333823919296,0.25280165672302246,0.1754264086484909,0.19941804846934802,0.8711302876472473,0.10065470566195615,0.2144740698794306,0.2
484,n03791053/ILSVRC2012_val_00022401,vit_supervised,vit_small_patch16_224,token_gradient,predicted,blocks.5,33,33,33,-0.06168583407998085,0.19853858649730682,0.15600154380536008,0.12757790155040827,0.11160933971405029,0.06074509024620056,0.13421377539634705,0.13611353933811188,0.09847337372447018,0.7255970239639282,0.06039949997473816,0.15814437300553802,0.2
485,n03791053/ILSVRC2012_val_00022929,vit_supervised,vit_small_patch16_224,token_gradient,predicted,blocks.5,33,33,33,-0.04313838109374046,0.24357815086841583,0.21342073486278645,0.24499115044239114,0.17450764775276184,0.08528205752372742,0.5875236988067627,0.6565628051757812,0.5009566326529614,-0.11999067664146423,0.12026821315405709,0.0815059364472656,0.2
486,n03791053/ILSVRC2012_val_00030997,vit_supervised,vit_small_patch16_224,token_gradient,predicted,blocks.5,33,33,33,-0.19690334796905518,0.2878599166870117,0.27347226133475827,0.12756196080383794,0.31863436102867126,0.0877244845032692,0.7620039582252502,0.5776570439338684,0.7012515943876154,0.7821670770645142,0.04154892745395679,0.14866744530515685,0.2
487,n03791053/ILSVRC2012_val_00033956,vit_supervised,vit_small_patch16_224,token_gradient,predicted,blocks.5,33,33,33,0.09659408777952194,0.171590194106102,0.13021557719049714,0.08256177979082044,0.22108745574951172,0.035026755183935165,0.44177570939064026,0.2867428958415985,0.4478236607141965,0.5303325653076172,0.10247084220620406,0.16655215476430463,0.2
488,n03791053/ILSVRC2012_val_00036806,vit_supervised,vit_small_patch16_224,token_gradient,predicted,blocks.5,33,33,33,0.03118334338068962,0.11474940180778503,0.21512733632086237,0.21992757599029522,0.328300416469574,0.0438736267387867,0.9268979430198669,0.9794946312904358,0.9078244579079824,0.981119692325592,0.14298981104562314,0.26684585210986955,0.2
489,n03791053/ILSVRC2012_val_00037060,vit_supervised,vit_small_patch16_224,token_gradient,predicted,blocks.5,33,34,34,-0.18058663606643677,0.2561684250831604,0.31798896106322305,0.09382692966872525,0.26026779413223267,0.06350497901439667,0.6197473406791687,0.39079681038856506,0.49958147321418617,0.9607640504837036,0.051310112793009774,0.18386325763228975,0.2
490,n03791053/ILSVRC2012_val_00038689,vit_supervised,vit_small_patch16_224,token_gradient,predicted,blocks.5,33,35,35,0.029022885486483574,0.21418359875679016,0.3459289091226244,0.11600557523662351,0.2944934070110321,0.0601169653236866,0.6906642317771912,0.5413501262664795,0.5659677933672341,0.9851027727127075,0.15018949950236782,0.27340704691698736,0.2
491,n03791053/ILSVRC2012_val_00042747,vit_supervised,vit_small_patch16_224,token_gradient,predicted,blocks.5,33,33,33,0.21830390393733978,0.3068299889564514,0.36153382552344376,0.22061653779916243,0.29100674390792847,0.11981823295354843,0.6382410526275635,0.6256080269813538,0.5203882334182637,0.9785869717597961,0.2619666705717178,0.3687320029726899,0.2
492,n03791053/ILSVRC2012_val_00043594,vit_supervised,vit_small_patch16_224,token_gradient,predicted,blocks.5,33,33,33,-0.005281155463308096,0.3448471128940582,0.40321731500415137,0.19115017878417204,0.22591787576675415,0.10502345114946365,0.4411633312702179,0.3440055251121521,0.278021364795863,0.9235700368881226,0.17619778595117377,0.28527897456814144,0.2
493,n03874599/ILSVRC2012_val_00002908,vit_supervised,vit_small_patch16_224,token_gradient,predicted,blocks.5,34,34,34,0.06263703107833862,0.33710071444511414,0.042709169158931096,0.1049742975302033,0.23927563428878784,0.12187212705612183,0.3251957893371582,0.3164750337600708,0.3697783801019671,0.9597511291503906,0.06935985243807577,0.20280649692226072,0.2
494,n03874599/ILSVRC2012_val_00009432,vit_supervised,vit_small_patch16_224,token_gradient,predicted,blocks.5,34,5,5,0.23638415336608887,0.25809618830680847,0.4653953724889573,0.35437326690776216,0.31277596950531006,0.13000285625457764,0.5029695630073547,0.5690329670906067,0.37432238520400707,0.9974368810653687,0.3404842531654514,0.4372921456871163,0.2
495,n03874599/ILSVRC2012_val_00014197,vit_supervised,vit_small_patch16_224,token_gradient,predicted,blocks.5,34,38,38,-0.24060387909412384,0.12543651461601257,0.3307469383937876,0.18501560874081788,0.3437041640281677,0.0806371197104454,0.4249592423439026,0.40240538120269775,0.3674067283162533,0.9084999561309814,0.058487212502732096,0.18100427252035525,0.2
480,n03791053/ILSVRC2012_val_00011514,vit_supervised,vit_small_patch16_224,token_gradient,predicted,blocks.8,33,33,33,0.20888912677764893,0.2025577276945114,0.08419260240277357,0.15728710871755056,0.31643569469451904,0.09886380285024643,0.4532284140586853,0.472247451543808,0.48525191326520944,0.9868832230567932,0.1559995640471568,0.2815136056107771,0.2
481,n03791053/ILSVRC2012_val_00015934,vit_supervised,vit_small_patch16_224,token_gradient,predicted,blocks.8,33,33,33,0.07212283462285995,0.24138255417346954,0.01605103823803647,0.07512362932699414,0.136721670627594,0.05009749159216881,0.23065970838069916,0.21012882888317108,0.2982900191325936,0.9648513793945312,0.05620153411865317,0.19276436591843832,0.2
482,n03791053/ILSVRC2012_val_00020789,vit_supervised,vit_small_patch16_224,token_gradient,predicted,blocks.8,33,19,19,-0.2114432007074356,0.22527319192886353,0.03687044662652083,0.03307454396261246,0.06988554447889328,0.040495168417692184,0.08845125138759613,0.09366712719202042,0.1261957908163014,0.9685295224189758,-0.06359378310623426,0.08876055576252724,0.2
483,n03791053/ILSVRC2012_val_00021251,vit_supervised,vit_small_patch16_224,token_gradient,predicted,blocks.8,33,33,33,0.018103955313563347,0.29832783341407776,0.19619195416008345,0.21740979224868337,0.185532808303833,0.12998975813388824,0.23492886126041412,0.273813396692276,0.19941804846934802,0.8046266436576843,0.1313221060480554,0.23043081751059152,0.2
484,n03791053/ILSVRC2012_val_00022401,vit_supervised,vit_small_patch16_224,token_gradient,predicted,blocks.8,33,33,33,-0.23716320097446442,0.2724485695362091,0.15395284327311298,0.033112582781434106,0.10429548472166061,0.048715755343437195,0.1272101253271103,0.08096763491630554,0.09847337372447018,0.7665181756019592,-0.03874565257342164,0.0787369625128681,0.2
485,n03791053/ILSVRC2012_val_00022929,vit_supervised,vit_small_patch16_224,token_gradient,predicted,blocks.8,33,33,33,-0.21333782374858856,0.26515212655067444,0.24945824007948791,0.14971723709582893,0.2587370276451111,0.10431671887636185,0.5848351716995239,0.47286710143089294,0.5009566326529614,0.3284185826778412,0.034417513653159613,0.0743884183834994,0.2
486,n03791053/ILSVRC2012_val_00030997,vit_supervised,vit_small_patch16_224,token_gradient,predicted,blocks.8,33,33,33,-0.04019387066364288,0.3721751570701599,0.27236149798816234,0.13486586192181724,0.2906917333602905,0.12634721398353577,0.7606303095817566,0.615166962146759,0.7012515943876154,0.6735478639602661,0.10609065970753671,0.18877116483925982,0.2
487,n03791053/ILSVRC2012_val_00033956,vit_supervised,vit_small_patch16_224,token_gradient,predicted,blocks.8,33,33,33,-0.020789364352822304,0.29358264803886414,0.1572969701284732,0.08721824627112326,0.2013567090034485,0.06750906258821487,0.4446573555469513,0.3499876856803894,0.4478236607141965,0.9577528238296509,0.06503881917875001,0.19751545015085895,0.2
488,n03791053/ILSVRC2012_val_00036806,vit_supervised,vit_small_patch16_224,token_gradient,predicted,blocks.8,33,33,33,0.1391848623752594,0.33000075817108154,0.21560565967585552,0.2187239640429251,0.30130815505981445,0.12139812856912613,0.929015040397644,0.9647791385650635,0.9078244579079824,0.9710875153541565,0.18597283206573795,0.3029602350641594,0.2
489,n03791053/ILSVRC2012_val_00037060,vit_supervised,vit_small_patch16_224,token_gradient,predicted,blocks.8,33,34,34,-0.14877715706825256,0.17739564180374146,0.321860289964104,0.13502764574639148,0.2697639763355255,0.046621304005384445,0.6261706948280334,0.4218387305736542,0.49958147321418617,0.9587141871452332,0.07755551788584761,0.20595710702552045,0.2
490,n03791053/ILSVRC2012_val_00038689,vit_supervised,vit_small_patch16_224,token_gradient,predicted,blocks.8,33,35,35,-0.07949817925691605,0.20071479678153992,0.3327669313727736,0.09517567606072574,0.3035174608230591,0.04609784856438637,0.7041501402854919,0.43370530009269714,0.5659677933672341,0.9859808087348938,0.09658351052728337,0.22705841042868827,0.2
491,n03791053/ILSVRC2012_val_00042747,vit_supervised,vit_small_patch16_224,token_gradient,predicted,blocks.8,33,33,33,0.1447610706090927,0.3256088197231293,0.34705816596476985,0.23360977441034994,0.27889955043792725,0.14257706701755524,0.6229166388511658,0.6572524309158325,0.5203882334182637,0.9798820614814758,0.23210481035617303,0.34281566902918376,0.2
492,n03791053/ILSVRC2012_val_00043594,vit_supervised,vit_small_patch16_224,token_gradient,predicted,blocks.8,33,33,33,-0.12915709614753723,0.2841624617576599,0.3604414261458062,0.11641221374040382,0.20041882991790771,0.06687889248132706,0.36870506405830383,0.2708178162574768,0.278021364795863,0.793153703212738,0.0913932535068481,0.19298148180182517,0.2
493,n03874599/ILSVRC2012_val_00002908,vit_supervised,vit_small_patch16_224,token_gradient,predicted,blocks.8,34,34,34,-0.03153489902615547,0.21089716255664825,0.03175863437871025,0.17134428647512134,0.2416837215423584,0.10729889571666718,0.3228950798511505,0.3854149878025055,0.3697783801019671,0.958249568939209,0.04831691664568729,0.18347595089518481,0.2
494,n03874599/ILSVRC2012_val_00009432,vit_supervised,vit_small_patch16_224,token_gradient,predicted,blocks.8,34,5,5,0.18794463574886322,0.33131903409957886,0.46064169496656665,0.394889663182155,0.30112895369529724,0.1707831174135208,0.4909062683582306,0.5597010850906372,0.37432238520400707,0.9976096153259277,0.3318372617441618,0.4293049043481717,0.2
495,n03874599/ILSVRC2012_val_00014197,vit_supervised,vit_small_patch16_224,token_gradient,predicted,blocks.8,34,38,38,0.23009660840034485,0.15518410503864288,0.4217938473829296,0.3220338983049352,0.35550737380981445,0.1449134349822998,0.4236612319946289,0.6225828528404236,0.3674067283162533,0.9302325248718262,0.3151869670664974,0.4060256280928608,0.2
480,n03791053/ILSVRC2012_val_00011514,vit_supervised,vit_small_patch16_224,token_gradient,predicted,blocks.11,33,33,33,0.0,0.0,0.09045066759693937,0.48525191326520944,0.31443312764167786,0.0,0.45070773363113403,0.0,0.48525191326520944,0.9895123839378357,0.17271077425864464,0.2923525028062125,0.2
481,n03791053/ILSVRC2012_val_00015934,vit_supervised,vit_small_patch16_224,token_gradient,predicted,blocks.11,33,33,33,0.0,0.0,0.012431666329211406,0.2982900191325936,0.13521479070186615,0.0,0.21911975741386414,0.0,0.2982900191325936,0.9571285247802734,0.0932165056385415,0.22124970008249226,0.2
482,n03791053/ILSVRC2012_val_00020789,vit_supervised,vit_small_patch16_224,token_gradient,predicted,blocks.11,33,19,19,0.0,0.0,0.03627959984802059,0.1261957908163014,0.07485003024339676,0.0,0.09470304101705551,0.0,0.1261957908163014,0.9691994190216064,0.048742617199296595,0.18599876051932146,0.2
483,n03791053/ILSVRC2012_val_00021251,vit_supervised,vit_small_patch16_224,token_gradient,predicted,blocks.11,33,33,33,0.0,0.0,0.15937753094980944,0.19941804846934802,0.17941631376743317,0.0,0.22352467477321625,0.0,0.19941804846934802,0.7599961161613464,0.10763867382574724,0.20369831227899132,0.2
484,n03791053/ILSVRC2012_val_00022401,vit_supervised,vit_small_patch16_224,token_gradient,predicted,blocks.11,33,33,33,0.0,0.0,0.09250072950095381,0.09847337372447018,0.06523448973894119,0.0,0.08579278737306595,0.0,0.09847337372447018,0.6338959336280823,0.0572922309676272,0.14282791585056834,0.2
485,n03791053/ILSVRC2012_val_00022929,vit_supervised,vit_small_patch16_224,token_gradient,predicted,blocks.11,33,33,33,0.0,0.0,0.1701823263241382,0.5009566326529614,0.21519657969474792,0.0,0.49953705072402954,0.0,0.5009566326529614,0.09016185253858566,0.20134168769312988,0.18130901762506277,0.2
486,n03791053/ILSVRC2012_val_00030997,vit_supervised,vit_small_patch16_224,token_gradient,predicted,blocks.11,33,33,33,0.0,0.0,0.2744412817404745,0.7012515943876154,0.2679307758808136,0.0,0.7696359753608704,0.0,0.7012515943876154,0.4489437937736511,0.292707862838427,0.3112647880980701,0.2
487,n03791053/ILSVRC2012_val_00033956,vit_supervised,vit_small_patch16_224,token_gradient,predicted,blocks.11,33,33,33,0.0,0.0,0.13253893592553131,0.4478236607141965,0.2144669145345688,0.0,0.43713390827178955,0.0,0.4478236607141965,0.9092010259628296,0.17410877899191834,0.28147080305435634,0.2
488,n03791053/ILSVRC2012_val_00036806,vit_supervised,vit_small_patch16_224,token_gradient,predicted,blocks.11,33,33,33,0.0,0.0,0.21605775541452285,0.9078244579079824,0.29998865723609924,0.0,0.9278786182403564,0.0,0.9078244579079824,0.9282499551773071,0.33716466399675155,0.4202080466072224,0.2
489,n03791053/ILSVRC2012_val_00037060,vit_supervised,vit_small_patch16_224,token_gradient,predicted,blocks.11,33,34,34,0.0,0.0,0.33905546654446517,0.49958147321418617,0.30349650979042053,0.0,0.6563997864723206,0.0,0.49958147321418617,0.9395679235458374,0.2515910819275954,0.35059442347153846,0.2
490,n03791053/ILSVRC2012_val_00038689,vit_supervised,vit_small_patch16_224,token_gradient,predicted,blocks.11,33,35,35,0.0,0.0,0.3340159666781208,0.5659677933672341,0.3090212643146515,0.0,0.7080296277999878,0.0,0.5659677933672341,0.9830915927886963,0.2699951280136065,0.37245967892964316,0.2
491,n03791053/ILSVRC2012_val_00042747,vit_supervised,vit_small_patch16_224,token_gradient,predicted,blocks.11,33,33,33,0.0,0.0,0.3370075827629602,0.5203882334182637,0.2788301110267639,0.0,0.6158116459846497,0.0,0.5203882334182637,0.9745344519615173,0.25721874485436713,0.36052912183953356,0.2
492,n03791053/ILSVRC2012_val_00043594,vit_supervised,vit_small_patch16_224,token_gradient,predicted,blocks.11,33,33,33,0.0,0.0,0.16364253832710865,0.278021364795863,0.20582395792007446,0.0,0.33126553893089294,0.0,0.278021364795863,0.7616319060325623,0.13249917093689148,0.22466076168562726,0.2
493,n03874599/ILSVRC2012_val_00002908,vit_supervised,vit_small_patch16_224,token_gradient,predicted,blocks.11,34,34,34,0.0,0.0,0.035383166739086126,0.3697783801019671,0.2731277048587799,0.0,0.345558762550354,0.0,0.3697783801019671,0.9602831602096558,0.12154846405231598,0.24533286074171168,0.2
494,n03874599/ILSVRC2012_val_00009432,vit_supervised,vit_small_patch16_224,token_gradient,predicted,blocks.11,34,5,5,0.0,0.0,0.502999009022843,0.37432238520400707,0.30823731422424316,0.0,0.4957592785358429,0.0,0.37432238520400707,0.9948768019676208,0.263196418268055,0.3685618688518556,0.2
495,n03874599/ILSVRC2012_val_00014197,vit_supervised,vit_small_patch16_224,token_gradient,predicted,blocks.11,34,38,38,0.0,0.0,0.4647322117608351,0.3674067283162533,0.3690895736217499,0.0,0.4279797673225403,0.0,0.3674067283162533,0.9617370367050171,0.24964168202312653,0.3522952905250247,0.2
496,n03874599/ILSVRC2012_val_00014725,vit_supervised,vit_small_patch16_224,token_gradient,predicted,blocks.2,34,34,34,0.18845228850841522,0.3745744526386261,0.026782346284400765,0.023308270676674202,0.056502945721149445,0.029429566115140915,0.06852879375219345,0.045722637325525284,0.07124920280610825,0.9695715308189392,0.09040810049168858,0.22391668484105492,0.2
497,n03874599/ILSVRC2012_val_00023222,vit_supervised,vit_small_patch16_224,token_gradient,predicted,blocks.2,34,39,39,0.09247845411300659,0.4205886423587799,0.24799470159678857,0.23253025182592663,0.39680689573287964,0.20706255733966827,0.5816546082496643,0.5341924428939819,0.47598453443868066,0.988671064376831,0.1811488676720172,0.30079935695175575,0.2
498,n03874599/ILSVRC2012_val_00030933,vit_supervised,vit_small_patch16_224,token_gradient,predicted,blocks.2,34,40,40,0.44834473729133606,0.29569071531295776,0.00327073509771232,0.04979608133928934,0.2800471782684326,0.08316897600889206,0.4666939079761505,0.35334426164627075,0.5336017219386692,0.9810744524002075,0.19525793984763495,0.3173485300212492,0.2
499,n03874599/ILSVRC2012_val_00035057,vit_supervised,vit_small_patch16_224,token_gradient,predicted,blocks.2,34,34,34,-0.2004244327545166,0.07003707438707352,0.35717073932377347,0.1615662167579308,0.4201667904853821,0.044391930103302,0.5186451077461243,0.48320066928863525,0.4929249043366365,0.8637166023254395,0.07545131372270461,0.18909317790516117,0.2
496,n03874599/ILSVRC2012_val_00014725,vit_supervised,vit_small_patch16_224,token_gradient,predicted,blocks.5,34,34,34,0.08809375017881393,0.33779266476631165,0.039474688860014144,0.022768259693400385,0.056933220475912094,0.03639717772603035,0.06811324506998062,0.057446882128715515,0.07124920280610825,0.9732472896575928,0.053910384637549935,0.19238064314957742,0.2
497,n03874599/ILSVRC2012_val_00023222,vit_supervised,vit_small_patch16_224,token_gradient,predicted,blocks.5,34,39,39,0.13766314089298248,0.19301952421665192,0.26051731826956276,0.2359435921727814,0.4225551187992096,0.11238119006156921,0.5959514379501343,0.5915983319282532,0.47598453443868066,0.991812527179718,0.20400352948989625,0.3210692060000876,0.2
498,n03874599/ILSVRC2012_val_00030933,vit_supervised,vit_small_patch16_224,token_gradient,predicted,blocks.5,34,40,40,0.6536980867385864,0.4816000461578369,0.003544262384469712,0.04979608133928934,0.2784333825111389,0.1427464783191681,0.4719749987125397,0.4061126112937927,0.5336017219386692,0.9810125827789307,0.2774813378125623,0.3892813037062846,0.2
499,n03874599/ILSVRC2012_val_00035057,vit_supervised,vit_small_patch16_224,token_gradient,predicted,blocks.5,34,34,34,-0.10885752737522125,0.3344033658504486,0.17654224899320614,0.10553594708890408,0.3979530930519104,0.12610849738121033,0.508390486240387,0.354636013507843,0.4929249043366365,0.9368461966514587,0.04108044787454457,0.17294634393691893,0.2
496,n03874599/ILSVRC2012_val_00014725,vit_supervised,vit_small_patch16_224,token_gradient,predicted,blocks.8,34,34,34,-0.16466663777828217,0.3482070863246918,0.03623629719851078,0.08627983079249239,0.05402729660272598,0.05720246210694313,0.06429129838943481,0.08425825089216232,0.07124920280610825,0.9855025410652161,-0.02911181671401192,0.12082108993513446,0.2
497,n03874599/ILSVRC2012_val_00023222,vit_supervised,vit_small_patch16_224,token_gradient,predicted,blocks.8,34,39,39,0.047592125833034515,0.17129755020141602,0.25743308371014406,0.16785456047923153,0.4204227924346924,0.08065000176429749,0.6002675890922546,0.5135418176651001,0.47598453443868066,0.9775078296661377,0.14662314359002648,0.26960532953882665,0.2
498,n03874599/ILSVRC2012_val_00030933,vit_supervised,vit_small_patch16_224,token_gradient,predicted,blocks.8,34,40,40,-0.05307172238826752,0.26841801404953003,0.0026694996050222906,0.12178100143232203,0.2807406783103943,0.10446292906999588,0.4784315824508667,0.44819018244743347,0.5336017219386692,0.9589641094207764,0.01610646135589628,0.15638213883655888,0.2
499,n03874599/ILSVRC2012_val_00035057,vit_supervised,vit_small_patch16_224,token_gradient,predicted,blocks.8,34,34,34,0.06018831580877304,0.22237591445446014,0.06633951847874058,0.1876345004269214,0.3766028881072998,0.12905731797218323,0.490671843290329,0.5196607112884521,0.4929249043366365,0.9558394551277161,0.1002675319952078,0.22793533352864348,0.2
496,n03874599/ILSVRC2012_val_00014725,vit_supervised,vit_small_patch16_224,token_gradient,predicted,blocks.11,34,34,34,0.0,0.0,0.07207562032290502,0.07124920280610825,0.05672605335712433,0.0,0.06552814692258835,0.0,0.07124920280610825,0.9725949764251709,0.04299744693870398,0.18172045224602895,0.2
497,n03874599/ILSVRC2012_val_00023222,vit_supervised,vit_small_patch16_224,token_gradient,predicted,blocks.11,34,39,39,0.0,0.0,0.4107224556002118,0.47598453443868066,0.4215060770511627,0.0,0.5505936145782471,0.0,0.47598453443868066,0.8034670352935791,0.2660120970116677,0.34219680280375997,0.2
498,n03874599/ILSVRC2012_val_00030933,vit_supervised,vit_small_patch16_224,token_gradient,predicted,blocks.11,34,40,40,0.0,0.0,0.002751443826957952,0.5336017219386692,0.28457510471343994,0.0,0.48174095153808594,0.0,0.5336017219386692,0.9793890118598938,0.16090594972968814,0.28099664322039086,0.2
499,n03874599/ILSVRC2012_val_00035057,vit_supervised,vit_small_patch16_224,token_gradient,predicted,blocks.11,34,34,34,0.0,0.0,0.017084015913872843,0.4929249043366365,0.3050084710121155,0.0,0.4559217393398285,0.0,0.4929249043366365,0.8287539482116699,0.15300267607515278,0.2518153222943778,0.2
