sample_idx,mode,xai_method,gradcam_target,layer,true_label,pred_label,target_label,corr_pca_xai,soft_iou_pca_xai,lsas
0,lejepa,gradcam,predicted,backbone.layer1,0,29,29,0.18047933280467987,0.4139789938926697,0.2972291633486748
1,lejepa,gradcam,predicted,backbone.layer1,0,18,18,0.2707034945487976,0.27008292078971863,0.2703932076692581
2,lejepa,gradcam,predicted,backbone.layer1,0,24,24,0.1563682109117508,0.5206344723701477,0.33850134164094925
3,lejepa,gradcam,predicted,backbone.layer1,0,0,0,0.10382077097892761,0.4697888195514679,0.28680479526519775
4,lejepa,gradcam,predicted,backbone.layer1,0,47,47,0.28002864122390747,0.5588183403015137,0.41942349076271057
5,lejepa,gradcam,predicted,backbone.layer1,0,28,28,0.28338897228240967,0.49294808506965637,0.388168528676033
6,lejepa,gradcam,predicted,backbone.layer1,0,34,34,0.18456093966960907,0.05646723508834839,0.12051408737897873
7,lejepa,gradcam,predicted,backbone.layer1,0,3,3,0.1771736443042755,0.33293527364730835,0.25505445897579193
8,lejepa,gradcam,predicted,backbone.layer1,0,5,5,0.0787387415766716,0.5004099607467651,0.28957435116171837
9,lejepa,gradcam,predicted,backbone.layer1,0,11,11,0.4325149357318878,0.358024001121521,0.3952694684267044
10,lejepa,gradcam,predicted,backbone.layer1,0,0,0,0.3288074731826782,0.19065257906913757,0.2597300261259079
11,lejepa,gradcam,predicted,backbone.layer1,0,30,30,0.03208612650632858,0.08929701894521713,0.06069157272577286
12,lejepa,gradcam,predicted,backbone.layer1,0,0,0,0.22549499571323395,0.05870305746793747,0.1420990265905857
13,lejepa,gradcam,predicted,backbone.layer1,0,47,47,0.05412231385707855,0.4496656656265259,0.2518939897418022
14,lejepa,gradcam,predicted,backbone.layer1,0,47,47,0.12728112936019897,0.18772339820861816,0.15750226378440857
15,lejepa,gradcam,predicted,backbone.layer1,1,1,1,0.3723807632923126,0.48437342047691345,0.42837709188461304
16,lejepa,gradcam,predicted,backbone.layer1,1,6,6,0.3265656530857086,0.4138113856315613,0.37018851935863495
17,lejepa,gradcam,predicted,backbone.layer1,1,1,1,-0.0633268877863884,0.37103623151779175,0.15385467186570168
18,lejepa,gradcam,predicted,backbone.layer1,1,1,1,0.0004979009972885251,0.37944817543029785,0.1899730382137932
19,lejepa,gradcam,predicted,backbone.layer1,1,1,1,0.3892004191875458,0.5285316705703735,0.45886604487895966
20,lejepa,gradcam,predicted,backbone.layer1,1,1,1,-0.2747988700866699,0.3356204926967621,0.03041081130504608
21,lejepa,gradcam,predicted,backbone.layer1,1,0,0,-0.06943158805370331,0.4211282432079315,0.1758483275771141
22,lejepa,gradcam,predicted,backbone.layer1,1,1,1,0.2310035079717636,0.10614021867513657,0.1685718633234501
23,lejepa,gradcam,predicted,backbone.layer1,1,1,1,0.08526516705751419,0.1809428334236145,0.13310400024056435
24,lejepa,gradcam,predicted,backbone.layer1,1,1,1,-0.2378966212272644,0.33673903346061707,0.04942120611667633
25,lejepa,gradcam,predicted,backbone.layer1,2,2,2,-0.007808845490217209,0.047999851405620575,0.020095502957701683
26,lejepa,gradcam,predicted,backbone.layer1,2,2,2,0.1631309986114502,0.2544412314891815,0.20878611505031586
27,lejepa,gradcam,predicted,backbone.layer1,2,12,12,0.05198344960808754,0.06535831838846207,0.0586708839982748
28,lejepa,gradcam,predicted,backbone.layer1,2,2,2,0.2942456305027008,0.2629237174987793,0.27858467400074005
29,lejepa,gradcam,predicted,backbone.layer1,2,47,47,0.16071635484695435,0.42880019545555115,0.29475827515125275
30,lejepa,gradcam,predicted,backbone.layer1,2,33,33,-0.017083564773201942,0.004530627280473709,-0.006276468746364117
31,lejepa,gradcam,predicted,backbone.layer1,2,2,2,0.3604715168476105,0.26403847336769104,0.31225499510765076
0,lejepa,gradcam,predicted,backbone.layer2,0,29,29,-0.13377466797828674,0.3805980682373047,0.12341170012950897
1,lejepa,gradcam,predicted,backbone.layer2,0,18,18,-0.20918695628643036,0.29290106892585754,0.04185705631971359
2,lejepa,gradcam,predicted,backbone.layer2,0,24,24,0.04066987335681915,0.24085883796215057,0.14076435565948486
3,lejepa,gradcam,predicted,backbone.layer2,0,0,0,-0.0029165875166654587,0.184693843126297,0.09088862780481577
4,lejepa,gradcam,predicted,backbone.layer2,0,47,47,-0.09397909045219421,0.2654065787792206,0.08571374416351318
5,lejepa,gradcam,predicted,backbone.layer2,0,28,28,0.4570276141166687,0.09603697806596756,0.27653229609131813
6,lejepa,gradcam,predicted,backbone.layer2,0,34,34,-0.09176837652921677,0.30257850885391235,0.1054050661623478
7,lejepa,gradcam,predicted,backbone.layer2,0,3,3,-0.2271844744682312,0.22763440012931824,0.00022496283054351807
8,lejepa,gradcam,predicted,backbone.layer2,0,5,5,0.11743798851966858,0.19201330840587616,0.15472564846277237
9,lejepa,gradcam,predicted,backbone.layer2,0,11,11,0.06517364829778671,0.13356995582580566,0.09937180206179619
10,lejepa,gradcam,predicted,backbone.layer2,0,0,0,-0.023376433178782463,0.19910824298858643,0.08786590490490198
11,lejepa,gradcam,predicted,backbone.layer2,0,30,30,0.37171807885169983,0.42617037892341614,0.398944228887558
12,lejepa,gradcam,predicted,backbone.layer2,0,0,0,-0.06297526508569717,0.2547772228717804,0.09590097889304161
13,lejepa,gradcam,predicted,backbone.layer2,0,47,47,0.022414052858948708,0.30833762884140015,0.16537584085017443
14,lejepa,gradcam,predicted,backbone.layer2,0,47,47,0.08450950682163239,0.3049828112125397,0.19474615901708603
15,lejepa,gradcam,predicted,backbone.layer2,1,1,1,-0.01605699583888054,0.03695850819349289,0.010450756177306175
16,lejepa,gradcam,predicted,backbone.layer2,1,6,6,-0.14469827711582184,0.10174636542797089,-0.021475955843925476
17,lejepa,gradcam,predicted,backbone.layer2,1,1,1,0.2923755347728729,0.12522362172603607,0.2087995782494545
18,lejepa,gradcam,predicted,backbone.layer2,1,1,1,0.006778810638934374,0.06153550744056702,0.034157159039750695
19,lejepa,gradcam,predicted,backbone.layer2,1,1,1,0.5429630279541016,0.33810240030288696,0.44053271412849426
20,lejepa,gradcam,predicted,backbone.layer2,1,1,1,-0.13923826813697815,0.07353384047746658,-0.03285221382975578
21,lejepa,gradcam,predicted,backbone.layer2,1,0,0,-0.02514035627245903,0.06219571828842163,0.0185276810079813
22,lejepa,gradcam,predicted,backbone.layer2,1,1,1,-0.050552088767290115,0.10696382075548172,0.028205865994095802
23,lejepa,gradcam,predicted,backbone.layer2,1,1,1,-0.24797143042087555,0.11987103521823883,-0.06405019760131836
24,lejepa,gradcam,predicted,backbone.layer2,1,1,1,0.032622821629047394,0.09026245027780533,0.06144263595342636
25,lejepa,gradcam,predicted,backbone.layer2,2,2,2,0.051671046763658524,0.2637055516242981,0.1576882991939783
26,lejepa,gradcam,predicted,backbone.layer2,2,2,2,-0.18861962854862213,0.1306256204843521,-0.02899700403213501
27,lejepa,gradcam,predicted,backbone.layer2,2,12,12,0.13111594319343567,0.2148904800415039,0.1730032116174698
28,lejepa,gradcam,predicted,backbone.layer2,2,2,2,0.31389713287353516,0.49175161123275757,0.40282437205314636
29,lejepa,gradcam,predicted,backbone.layer2,2,47,47,0.017251230776309967,0.3356149196624756,0.17643307521939278
30,lejepa,gradcam,predicted,backbone.layer2,2,33,33,0.04992915689945221,0.3723661005496979,0.21114762872457504
31,lejepa,gradcam,predicted,backbone.layer2,2,2,2,-0.16731782257556915,0.16157998144626617,-0.0028689205646514893
0,lejepa,gradcam,predicted,backbone.layer3,0,29,29,-0.1952294409275055,0.2701696753501892,0.03747011721134186
1,lejepa,gradcam,predicted,backbone.layer3,0,18,18,0.20025783777236938,0.4386802613735199,0.31946904957294464
2,lejepa,gradcam,predicted,backbone.layer3,0,24,24,-0.3098180890083313,0.20673295855522156,-0.05154256522655487
3,lejepa,gradcam,predicted,backbone.layer3,0,0,0,-0.28562378883361816,0.3049180507659912,0.009647130966186523
4,lejepa,gradcam,predicted,backbone.layer3,0,47,47,0.29019731283187866,0.3923353850841522,0.34126634895801544
5,lejepa,gradcam,predicted,backbone.layer3,0,28,28,0.07799822092056274,0.2850988209247589,0.18154852092266083
6,lejepa,gradcam,predicted,backbone.layer3,0,34,34,-0.155093252658844,0.011975384317338467,-0.07155893417075276
7,lejepa,gradcam,predicted,backbone.layer3,0,3,3,-0.06643997877836227,0.27629220485687256,0.10492611303925514
8,lejepa,gradcam,predicted,backbone.layer3,0,5,5,-0.027148479595780373,0.24680276215076447,0.10982714127749205
9,lejepa,gradcam,predicted,backbone.layer3,0,11,11,0.06553131341934204,0.3013150095939636,0.18342316150665283
10,lejepa,gradcam,predicted,backbone.layer3,0,0,0,-0.14870096743106842,0.20230284333229065,0.026800937950611115
11,lejepa,gradcam,predicted,backbone.layer3,0,30,30,-0.15549011528491974,0.3527173101902008,0.09861359745264053
12,lejepa,gradcam,predicted,backbone.layer3,0,0,0,-0.05328668653964996,0.23870696127414703,0.09271013736724854
13,lejepa,gradcam,predicted,backbone.layer3,0,47,47,0.22863028943538666,0.3432874381542206,0.2859588637948036
14,lejepa,gradcam,predicted,backbone.layer3,0,47,47,0.016611721366643906,0.270243763923645,0.14342774264514446
15,lejepa,gradcam,predicted,backbone.layer3,1,1,1,-0.2080148458480835,0.12198876589536667,-0.043013039976358414
16,lejepa,gradcam,predicted,backbone.layer3,1,6,6,0.02404063008725643,0.30382248759269714,0.1639315588399768
17,lejepa,gradcam,predicted,backbone.layer3,1,1,1,0.4386693239212036,0.5013315677642822,0.4700004458427429
18,lejepa,gradcam,predicted,backbone.layer3,1,1,1,0.029323697090148926,0.4252236783504486,0.22727368772029877
19,lejepa,gradcam,predicted,backbone.layer3,1,1,1,-0.1771627962589264,0.20306894183158875,0.012953072786331177
20,lejepa,gradcam,predicted,backbone.layer3,1,1,1,-0.143052875995636,0.3666382431983948,0.1117926836013794
21,lejepa,gradcam,predicted,backbone.layer3,1,0,0,0.11798398941755295,0.3619374930858612,0.23996074125170708
22,lejepa,gradcam,predicted,backbone.layer3,1,1,1,0.4624501168727875,0.459270715713501,0.4608604162931442
23,lejepa,gradcam,predicted,backbone.layer3,1,1,1,0.11458870023488998,0.3481767773628235,0.23138273879885674
24,lejepa,gradcam,predicted,backbone.layer3,1,1,1,0.04746432602405548,0.33331626653671265,0.19039029628038406
25,lejepa,gradcam,predicted,backbone.layer3,2,2,2,0.10481433570384979,0.3205186128616333,0.21266647428274155
26,lejepa,gradcam,predicted,backbone.layer3,2,2,2,-0.13116659224033356,0.22664795815944672,0.04774068295955658
27,lejepa,gradcam,predicted,backbone.layer3,2,12,12,-0.29145634174346924,0.21084007620811462,-0.04030813276767731
28,lejepa,gradcam,predicted,backbone.layer3,2,2,2,-0.05601981654763222,0.2691785395145416,0.1065793614834547
29,lejepa,gradcam,predicted,backbone.layer3,2,47,47,-0.08665206283330917,0.2865881621837616,0.09996804967522621
30,lejepa,gradcam,predicted,backbone.layer3,2,33,33,-0.30573973059654236,0.24409741163253784,-0.03082115948200226
31,lejepa,gradcam,predicted,backbone.layer3,2,2,2,-0.2686728239059448,0.09992366284132004,-0.0843745805323124
0,lejepa,gradcam,predicted,backbone.layer4,0,29,29,0.3473171293735504,0.5810757875442505,0.46419645845890045
1,lejepa,gradcam,predicted,backbone.layer4,0,18,18,0.4148964285850525,0.5974453687667847,0.5061708986759186
2,lejepa,gradcam,predicted,backbone.layer4,0,24,24,0.536988377571106,0.5746756196022034,0.5558319985866547
3,lejepa,gradcam,predicted,backbone.layer4,0,0,0,0.5381375551223755,0.5347363352775574,0.5364369451999664
4,lejepa,gradcam,predicted,backbone.layer4,0,47,47,0.5404374599456787,0.5675839781761169,0.5540107190608978
5,lejepa,gradcam,predicted,backbone.layer4,0,28,28,-0.029059618711471558,0.38291656970977783,0.17692847549915314
6,lejepa,gradcam,predicted,backbone.layer4,0,34,34,0.500474750995636,0.5871050953865051,0.5437899231910706
7,lejepa,gradcam,predicted,backbone.layer4,0,3,3,0.7670552730560303,0.5366003513336182,0.6518278121948242
8,lejepa,gradcam,predicted,backbone.layer4,0,5,5,0.581520676612854,0.5639898180961609,0.5727552473545074
9,lejepa,gradcam,predicted,backbone.layer4,0,11,11,0.39053499698638916,0.5193761587142944,0.4549555778503418
10,lejepa,gradcam,predicted,backbone.layer4,0,0,0,0.6651191711425781,0.5202420353889465,0.5926806032657623
11,lejepa,gradcam,predicted,backbone.layer4,0,30,30,0.5670008063316345,0.5257660746574402,0.5463834404945374
12,lejepa,gradcam,predicted,backbone.layer4,0,0,0,0.27192923426628113,0.5286774635314941,0.40030334889888763
13,lejepa,gradcam,predicted,backbone.layer4,0,47,47,0.34309348464012146,0.5737560987472534,0.45842479169368744
14,lejepa,gradcam,predicted,backbone.layer4,0,47,47,0.6818654537200928,0.6136583685874939,0.6477619111537933
15,lejepa,gradcam,predicted,backbone.layer4,1,1,1,0.534626305103302,0.5426725149154663,0.5386494100093842
16,lejepa,gradcam,predicted,backbone.layer4,1,6,6,0.3967530429363251,0.5472649335861206,0.47200898826122284
17,lejepa,gradcam,predicted,backbone.layer4,1,1,1,0.29926013946533203,0.47881588339805603,0.38903801143169403
18,lejepa,gradcam,predicted,backbone.layer4,1,1,1,0.14350157976150513,0.5168371200561523,0.33016934990882874
19,lejepa,gradcam,predicted,backbone.layer4,1,1,1,0.4446369707584381,0.5217888355255127,0.4832129031419754
20,lejepa,gradcam,predicted,backbone.layer4,1,1,1,0.3122220039367676,0.46901196241378784,0.3906169831752777
21,lejepa,gradcam,predicted,backbone.layer4,1,0,0,0.6401735544204712,0.5187258124351501,0.5794496834278107
22,lejepa,gradcam,predicted,backbone.layer4,1,1,1,0.4013802409172058,0.5418882966041565,0.47163426876068115
23,lejepa,gradcam,predicted,backbone.layer4,1,1,1,0.021185651421546936,0.5070787072181702,0.26413217931985855
24,lejepa,gradcam,predicted,backbone.layer4,1,1,1,0.0470290333032608,0.4964584708213806,0.2717437520623207
25,lejepa,gradcam,predicted,backbone.layer4,2,2,2,0.4437950849533081,0.5019754767417908,0.47288528084754944
26,lejepa,gradcam,predicted,backbone.layer4,2,2,2,0.41139113903045654,0.5030404925346375,0.457215815782547
27,lejepa,gradcam,predicted,backbone.layer4,2,12,12,0.20923246443271637,0.4801720976829529,0.3447022810578346
28,lejepa,gradcam,predicted,backbone.layer4,2,2,2,0.7287076115608215,0.5576091408729553,0.6431583762168884
29,lejepa,gradcam,predicted,backbone.layer4,2,47,47,0.41858088970184326,0.5584284663200378,0.48850467801094055
30,lejepa,gradcam,predicted,backbone.layer4,2,33,33,0.5616421699523926,0.5234574675559998,0.5425498187541962
31,lejepa,gradcam,predicted,backbone.layer4,2,2,2,0.35772469639778137,0.49327054619789124,0.4254976212978363
32,lejepa,gradcam,predicted,backbone.layer1,2,2,2,-0.005670230835676193,0.006301193032413721,0.0003154810983687639
33,lejepa,gradcam,predicted,backbone.layer1,2,2,2,0.21044735610485077,0.1871412843465805,0.19879432022571564
34,lejepa,gradcam,predicted,backbone.layer1,2,2,2,0.22143706679344177,0.45246046781539917,0.33694876730442047
35,lejepa,gradcam,predicted,backbone.layer1,2,2,2,0.03362950682640076,0.006412240210920572,0.020020873518660665
36,lejepa,gradcam,predicted,backbone.layer1,2,10,10,0.23727849125862122,0.5291631817817688,0.383220836520195
37,lejepa,gradcam,predicted,backbone.layer1,2,2,2,0.07962092012166977,0.05161454528570175,0.06561773270368576
38,lejepa,gradcam,predicted,backbone.layer1,2,30,30,0.15995293855667114,0.17936888337135315,0.16966091096401215
39,lejepa,gradcam,predicted,backbone.layer1,2,2,2,0.0899059996008873,0.3673081398010254,0.22860706970095634
40,lejepa,gradcam,predicted,backbone.layer1,3,3,3,0.3789471983909607,0.12050975859165192,0.2497284784913063
41,lejepa,gradcam,predicted,backbone.layer1,3,26,26,0.592962920665741,0.44963186979293823,0.5212973952293396
42,lejepa,gradcam,predicted,backbone.layer1,3,18,18,0.016766296699643135,0.3780643939971924,0.19741534534841776
43,lejepa,gradcam,predicted,backbone.layer1,3,11,11,0.2117588073015213,0.45997104048728943,0.33586492389440536
44,lejepa,gradcam,predicted,backbone.layer1,3,3,3,0.08496389538049698,0.3853805363178253,0.23517221584916115
45,lejepa,gradcam,predicted,backbone.layer1,3,3,3,0.4943891167640686,0.31513550877571106,0.40476231276988983
46,lejepa,gradcam,predicted,backbone.layer1,3,8,8,0.09032011777162552,0.08222050964832306,0.08627031370997429
47,lejepa,gradcam,predicted,backbone.layer1,3,47,47,0.26847779750823975,0.1657567024230957,0.21711724996566772
48,lejepa,gradcam,predicted,backbone.layer1,3,9,9,0.1914023905992508,0.25013455748558044,0.22076847404241562
49,lejepa,gradcam,predicted,backbone.layer1,3,0,0,-0.11786910891532898,0.1768081784248352,0.029469534754753113
50,lejepa,gradcam,predicted,backbone.layer1,3,3,3,0.20769549906253815,0.15066242218017578,0.17917896062135696
51,lejepa,gradcam,predicted,backbone.layer1,3,3,3,-0.0724693089723587,0.03739146515727043,-0.017538921907544136
52,lejepa,gradcam,predicted,backbone.layer1,3,3,3,0.18779544532299042,0.039544202387332916,0.11366982385516167
53,lejepa,gradcam,predicted,backbone.layer1,3,0,0,0.05302366986870766,0.3530055582523346,0.20301461406052113
54,lejepa,gradcam,predicted,backbone.layer1,3,4,4,0.1385171115398407,0.052420902997255325,0.09546900726854801
55,lejepa,gradcam,predicted,backbone.layer1,3,2,2,-0.038153648376464844,0.32083237171173096,0.14133936166763306
56,lejepa,gradcam,predicted,backbone.layer1,4,6,6,0.1475851684808731,0.4827953279018402,0.31519024819135666
57,lejepa,gradcam,predicted,backbone.layer1,4,4,4,0.25870227813720703,0.16494284570217133,0.21182256191968918
58,lejepa,gradcam,predicted,backbone.layer1,4,4,4,-0.0054157571867108345,0.43967464566230774,0.21712944423779845
59,lejepa,gradcam,predicted,backbone.layer1,4,4,4,0.12560884654521942,0.41825106739997864,0.27192995697259903
60,lejepa,gradcam,predicted,backbone.layer1,4,4,4,0.2967124879360199,0.45280784368515015,0.374760165810585
61,lejepa,gradcam,predicted,backbone.layer1,4,35,35,-0.1051962673664093,0.17365384101867676,0.03422878682613373
62,lejepa,gradcam,predicted,backbone.layer1,4,6,6,0.030849387869238853,0.027981912717223167,0.02941565029323101
63,lejepa,gradcam,predicted,backbone.layer1,4,4,4,0.006273467093706131,0.2663763165473938,0.13632489182054996
32,lejepa,gradcam,predicted,backbone.layer2,2,2,2,0.38272249698638916,0.43144163489341736,0.40708206593990326
33,lejepa,gradcam,predicted,backbone.layer2,2,2,2,-0.003884028410539031,0.29652535915374756,0.14632066537160426
34,lejepa,gradcam,predicted,backbone.layer2,2,2,2,0.04462626203894615,0.16646449267864227,0.10554537735879421
35,lejepa,gradcam,predicted,backbone.layer2,2,2,2,0.1223013773560524,0.22263586521148682,0.1724686212837696
36,lejepa,gradcam,predicted,backbone.layer2,2,10,10,0.2511828541755676,0.3868349492549896,0.3190089017152786
37,lejepa,gradcam,predicted,backbone.layer2,2,2,2,-0.24875570833683014,0.3952866196632385,0.0732654556632042
38,lejepa,gradcam,predicted,backbone.layer2,2,30,30,0.6568200588226318,0.4062311053276062,0.531525582075119
39,lejepa,gradcam,predicted,backbone.layer2,2,2,2,-0.030058003962039948,0.2673344314098358,0.11863821372389793
40,lejepa,gradcam,predicted,backbone.layer2,3,3,3,-0.2102317065000534,0.31850889325141907,0.05413859337568283
41,lejepa,gradcam,predicted,backbone.layer2,3,26,26,-0.10594458132982254,0.38011717796325684,0.13708629831671715
42,lejepa,gradcam,predicted,backbone.layer2,3,18,18,-0.17239592969417572,0.31128913164138794,0.06944660097360611
43,lejepa,gradcam,predicted,backbone.layer2,3,11,11,-0.010650583542883396,0.2926301956176758,0.1409898060373962
44,lejepa,gradcam,predicted,backbone.layer2,3,3,3,0.04998739808797836,0.2927227318286896,0.17135506495833397
45,lejepa,gradcam,predicted,backbone.layer2,3,3,3,-0.07795063406229019,0.38133034110069275,0.15168985351920128
46,lejepa,gradcam,predicted,backbone.layer2,3,8,8,-0.05876248702406883,0.23884685337543488,0.09004218317568302
47,lejepa,gradcam,predicted,backbone.layer2,3,47,47,-0.16845384240150452,0.2526032328605652,0.042074695229530334
48,lejepa,gradcam,predicted,backbone.layer2,3,9,9,-0.08123611658811569,0.08919414132833481,0.003979012370109558
49,lejepa,gradcam,predicted,backbone.layer2,3,0,0,-0.09921972453594208,0.29651060700416565,0.09864544123411179
50,lejepa,gradcam,predicted,backbone.layer2,3,3,3,-0.20236563682556152,0.3734372854232788,0.08553582429885864
51,lejepa,gradcam,predicted,backbone.layer2,3,3,3,-0.06064215302467346,0.33824974298477173,0.13880379498004913
52,lejepa,gradcam,predicted,backbone.layer2,3,3,3,0.08070322871208191,0.33829644322395325,0.20949983596801758
53,lejepa,gradcam,predicted,backbone.layer2,3,0,0,-0.0935523733496666,0.10995793342590332,0.008202780038118362
54,lejepa,gradcam,predicted,backbone.layer2,3,4,4,0.07499813288450241,0.22618083655834198,0.1505894847214222
55,lejepa,gradcam,predicted,backbone.layer2,3,2,2,0.21435239911079407,0.22230292856693268,0.21832766383886337
56,lejepa,gradcam,predicted,backbone.layer2,4,6,6,-0.0845014825463295,0.15984812378883362,0.03767332062125206
57,lejepa,gradcam,predicted,backbone.layer2,4,4,4,0.05764814466238022,0.15102793276309967,0.10433803871273994
58,lejepa,gradcam,predicted,backbone.layer2,4,4,4,-0.022188594564795494,0.13680045306682587,0.057305929251015186
59,lejepa,gradcam,predicted,backbone.layer2,4,4,4,0.372214674949646,0.2933447062969208,0.3327796906232834
60,lejepa,gradcam,predicted,backbone.layer2,4,4,4,-0.12902577221393585,0.1488686501979828,0.009921438992023468
61,lejepa,gradcam,predicted,backbone.layer2,4,35,35,0.1502089649438858,0.34444695711135864,0.24732796102762222
62,lejepa,gradcam,predicted,backbone.layer2,4,6,6,0.07377977669239044,0.21693822741508484,0.14535900205373764
63,lejepa,gradcam,predicted,backbone.layer2,4,4,4,0.14589032530784607,0.2594442367553711,0.20266728103160858
32,lejepa,gradcam,predicted,backbone.layer3,2,2,2,0.18628866970539093,0.27496734261512756,0.23062800616025925
33,lejepa,gradcam,predicted,backbone.layer3,2,2,2,0.03825340047478676,0.3150748312473297,0.17666411586105824
34,lejepa,gradcam,predicted,backbone.layer3,2,2,2,-0.005431013181805611,0.36921948194503784,0.18189423438161612
35,lejepa,gradcam,predicted,backbone.layer3,2,2,2,-0.26518359780311584,0.17113541066646576,-0.04702409356832504
36,lejepa,gradcam,predicted,backbone.layer3,2,10,10,-0.18764251470565796,0.3604254126548767,0.08639144897460938
37,lejepa,gradcam,predicted,backbone.layer3,2,2,2,0.07308612763881683,0.21119415760040283,0.14214014261960983
38,lejepa,gradcam,predicted,backbone.layer3,2,30,30,0.15045702457427979,0.33465123176574707,0.24255412817001343
39,lejepa,gradcam,predicted,backbone.layer3,2,2,2,-0.2286098599433899,0.28229257464408875,0.026841357350349426
40,lejepa,gradcam,predicted,backbone.layer3,3,3,3,-0.422833651304245,0.2612881362438202,-0.0807727575302124
41,lejepa,gradcam,predicted,backbone.layer3,3,26,26,0.10638679563999176,0.22472593188285828,0.16555636376142502
42,lejepa,gradcam,predicted,backbone.layer3,3,18,18,0.3541441559791565,0.5326098799705505,0.4433770179748535
43,lejepa,gradcam,predicted,backbone.layer3,3,11,11,0.36450040340423584,0.32703742384910583,0.34576891362667084
44,lejepa,gradcam,predicted,backbone.layer3,3,3,3,0.3086158335208893,0.34150126576423645,0.32505854964256287
45,lejepa,gradcam,predicted,backbone.layer3,3,3,3,0.14468523859977722,0.21047213673591614,0.17757868766784668
46,lejepa,gradcam,predicted,backbone.layer3,3,8,8,0.09644129127264023,0.4241475760936737,0.26029443368315697
47,lejepa,gradcam,predicted,backbone.layer3,3,47,47,0.07257689535617828,0.34533631801605225,0.20895660668611526
48,lejepa,gradcam,predicted,backbone.layer3,3,9,9,0.004671533592045307,0.2411758154630661,0.1229236745275557
49,lejepa,gradcam,predicted,backbone.layer3,3,0,0,-0.19114890694618225,0.29145845770835876,0.05015477538108826
50,lejepa,gradcam,predicted,backbone.layer3,3,3,3,-0.3868694007396698,0.23223258554935455,-0.07731840759515762
51,lejepa,gradcam,predicted,backbone.layer3,3,3,3,-0.19941921532154083,0.20117296278476715,0.0008768737316131592
52,lejepa,gradcam,predicted,backbone.layer3,3,3,3,0.2504270672798157,0.39272642135620117,0.3215767443180084
53,lejepa,gradcam,predicted,backbone.layer3,3,0,0,-0.23789918422698975,0.22992806136608124,-0.003985561430454254
54,lejepa,gradcam,predicted,backbone.layer3,3,4,4,0.00697444099932909,0.1519874483346939,0.0794809446670115
55,lejepa,gradcam,predicted,backbone.layer3,3,2,2,0.09787903726100922,0.2593335807323456,0.1786063089966774
56,lejepa,gradcam,predicted,backbone.layer3,4,6,6,-0.0866839587688446,0.25001633167266846,0.08166618645191193
57,lejepa,gradcam,predicted,backbone.layer3,4,4,4,0.6954474449157715,0.4462108910083771,0.5708291679620743
58,lejepa,gradcam,predicted,backbone.layer3,4,4,4,0.08884844928979874,0.2530406713485718,0.17094456031918526
59,lejepa,gradcam,predicted,backbone.layer3,4,4,4,0.41026371717453003,0.3162170350551605,0.3632403761148453
60,lejepa,gradcam,predicted,backbone.layer3,4,4,4,0.2792852222919464,0.32542815804481506,0.30235669016838074
61,lejepa,gradcam,predicted,backbone.layer3,4,35,35,0.04182391241192818,0.5404713153839111,0.29114761389791965
62,lejepa,gradcam,predicted,backbone.layer3,4,6,6,0.40294820070266724,0.2614161968231201,0.3321821987628937
63,lejepa,gradcam,predicted,backbone.layer3,4,4,4,0.13088805973529816,0.23503327369689941,0.18296066671609879
32,lejepa,gradcam,predicted,backbone.layer4,2,2,2,0.5360257029533386,0.5525220036506653,0.544273853302002
33,lejepa,gradcam,predicted,backbone.layer4,2,2,2,0.2244889736175537,0.5077087879180908,0.36609888076782227
34,lejepa,gradcam,predicted,backbone.layer4,2,2,2,0.3242930471897125,0.5312063097953796,0.4277496784925461
35,lejepa,gradcam,predicted,backbone.layer4,2,2,2,0.517255425453186,0.5977341532707214,0.5574947893619537
36,lejepa,gradcam,predicted,backbone.layer4,2,10,10,0.5968768000602722,0.5401325821876526,0.5685046911239624
37,lejepa,gradcam,predicted,backbone.layer4,2,2,2,0.44000759720802307,0.497354120016098,0.46868085861206055
38,lejepa,gradcam,predicted,backbone.layer4,2,30,30,0.6853047609329224,0.6238197088241577,0.65456223487854
39,lejepa,gradcam,predicted,backbone.layer4,2,2,2,0.5182301998138428,0.5580912232398987,0.5381607115268707
40,lejepa,gradcam,predicted,backbone.layer4,3,3,3,0.49494609236717224,0.5441654920578003,0.5195557922124863
41,lejepa,gradcam,predicted,backbone.layer4,3,26,26,0.598118782043457,0.5595446825027466,0.5788317322731018
42,lejepa,gradcam,predicted,backbone.layer4,3,18,18,0.5825571417808533,0.6059097051620483,0.5942334234714508
43,lejepa,gradcam,predicted,backbone.layer4,3,11,11,0.6508347392082214,0.5321617126464844,0.5914982259273529
44,lejepa,gradcam,predicted,backbone.layer4,3,3,3,0.5448147654533386,0.5336688160896301,0.5392417907714844
45,lejepa,gradcam,predicted,backbone.layer4,3,3,3,0.37594762444496155,0.5546924471855164,0.46532003581523895
46,lejepa,gradcam,predicted,backbone.layer4,3,8,8,0.6178218722343445,0.5804404020309448,0.5991311371326447
47,lejepa,gradcam,predicted,backbone.layer4,3,47,47,0.25836828351020813,0.4479464888572693,0.3531573861837387
48,lejepa,gradcam,predicted,backbone.layer4,3,9,9,0.5275812745094299,0.5268653631210327,0.5272233188152313
49,lejepa,gradcam,predicted,backbone.layer4,3,0,0,0.6855856776237488,0.5327810049057007,0.6091833412647247
50,lejepa,gradcam,predicted,backbone.layer4,3,3,3,0.6633442640304565,0.5763428807258606,0.6198435723781586
51,lejepa,gradcam,predicted,backbone.layer4,3,3,3,0.5608009099960327,0.5466427803039551,0.5537218451499939
52,lejepa,gradcam,predicted,backbone.layer4,3,3,3,0.06481299549341202,0.4975995719432831,0.28120628371834755
53,lejepa,gradcam,predicted,backbone.layer4,3,0,0,0.36878442764282227,0.5468498468399048,0.4578171372413635
54,lejepa,gradcam,predicted,backbone.layer4,3,4,4,0.35078975558280945,0.4703616499900818,0.4105757027864456
55,lejepa,gradcam,predicted,backbone.layer4,3,2,2,0.7127653956413269,0.5996792912483215,0.6562223434448242
56,lejepa,gradcam,predicted,backbone.layer4,4,6,6,0.3132082521915436,0.5579424500465393,0.43557535111904144
57,lejepa,gradcam,predicted,backbone.layer4,4,4,4,0.5543580055236816,0.5239505767822266,0.5391542911529541
58,lejepa,gradcam,predicted,backbone.layer4,4,4,4,0.6324464082717896,0.5640419125556946,0.5982441604137421
59,lejepa,gradcam,predicted,backbone.layer4,4,4,4,0.6619096994400024,0.5583776831626892,0.6101436913013458
60,lejepa,gradcam,predicted,backbone.layer4,4,4,4,0.2682311236858368,0.5115483999252319,0.38988976180553436
61,lejepa,gradcam,predicted,backbone.layer4,4,35,35,0.5458760261535645,0.5958887338638306,0.5708823800086975
62,lejepa,gradcam,predicted,backbone.layer4,4,6,6,0.7389250993728638,0.5472033619880676,0.6430642306804657
63,lejepa,gradcam,predicted,backbone.layer4,4,4,4,0.25455039739608765,0.5494379997253418,0.4019941985607147
64,lejepa,gradcam,predicted,backbone.layer1,4,4,4,0.38945472240448,0.12221774458885193,0.25583623349666595
65,lejepa,gradcam,predicted,backbone.layer1,4,14,14,0.4678345024585724,0.12251853197813034,0.29517651721835136
66,lejepa,gradcam,predicted,backbone.layer1,4,4,4,0.426564484834671,0.5787023901939392,0.5026334375143051
67,lejepa,gradcam,predicted,backbone.layer1,4,4,4,0.06994076818227768,0.2972496449947357,0.1835952065885067
68,lejepa,gradcam,predicted,backbone.layer1,4,4,4,0.17580096423625946,0.3624759614467621,0.2691384628415108
69,lejepa,gradcam,predicted,backbone.layer1,4,4,4,0.5658316016197205,0.20734767615795135,0.3865896388888359
70,lejepa,gradcam,predicted,backbone.layer1,5,5,5,0.06186136230826378,0.08195729553699493,0.07190932892262936
71,lejepa,gradcam,predicted,backbone.layer1,5,4,4,0.07785585522651672,0.19713392853736877,0.13749489188194275
72,lejepa,gradcam,predicted,backbone.layer1,5,5,5,0.13274124264717102,0.1411716341972351,0.13695643842220306
73,lejepa,gradcam,predicted,backbone.layer1,5,5,5,0.21053795516490936,0.05594538897275925,0.1332416720688343
74,lejepa,gradcam,predicted,backbone.layer1,5,12,12,0.048196226358413696,0.4664989709854126,0.25734759867191315
75,lejepa,gradcam,predicted,backbone.layer1,5,45,45,0.305385947227478,0.3480111360549927,0.32669854164123535
76,lejepa,gradcam,predicted,backbone.layer1,5,12,12,0.01513528823852539,0.01187619473785162,0.013505741488188505
77,lejepa,gradcam,predicted,backbone.layer1,5,5,5,0.2947111427783966,0.5145009756088257,0.40460605919361115
78,lejepa,gradcam,predicted,backbone.layer1,5,14,14,0.04881086200475693,0.4417904317378998,0.24530064687132835
79,lejepa,gradcam,predicted,backbone.layer1,5,5,5,-0.08091334998607635,0.3381465971469879,0.12861662358045578
80,lejepa,gradcam,predicted,backbone.layer1,5,5,5,-0.023510023951530457,0.14961975812911987,0.06305486708879471
81,lejepa,gradcam,predicted,backbone.layer1,5,5,5,0.014794434420764446,0.47913265228271484,0.24696354335173965
82,lejepa,gradcam,predicted,backbone.layer1,5,10,10,0.10824067890644073,0.4063660502433777,0.2573033645749092
83,lejepa,gradcam,predicted,backbone.layer1,5,12,12,0.2169625610113144,0.5099657773971558,0.3634641692042351
84,lejepa,gradcam,predicted,backbone.layer1,5,5,5,0.194704070687294,0.3821919560432434,0.2884480133652687
85,lejepa,gradcam,predicted,backbone.layer1,6,6,6,0.2276352047920227,0.33325818181037903,0.28044669330120087
86,lejepa,gradcam,predicted,backbone.layer1,6,6,6,-0.07693956047296524,0.14710162580013275,0.035081032663583755
87,lejepa,gradcam,predicted,backbone.layer1,6,6,6,0.14252734184265137,0.1606740951538086,0.15160071849822998
88,lejepa,gradcam,predicted,backbone.layer1,6,6,6,0.06974780559539795,0.01010613888502121,0.03992697224020958
89,lejepa,gradcam,predicted,backbone.layer1,6,6,6,0.3123287558555603,0.35695919394493103,0.33464397490024567
90,lejepa,gradcam,predicted,backbone.layer1,6,6,6,0.06202808395028114,0.4301217794418335,0.24607493169605732
91,lejepa,gradcam,predicted,backbone.layer1,6,6,6,0.03771138936281204,0.08433345705270767,0.06102242320775986
92,lejepa,gradcam,predicted,backbone.layer1,6,6,6,0.03831322118639946,0.3315941095352173,0.18495366536080837
93,lejepa,gradcam,predicted,backbone.layer1,6,20,20,0.05392178148031235,0.445403128862381,0.24966245517134666
94,lejepa,gradcam,predicted,backbone.layer1,6,6,6,-0.0449984148144722,0.010632566176354885,-0.017182924319058657
95,lejepa,gradcam,predicted,backbone.layer1,6,6,6,0.1088392361998558,0.3318302631378174,0.2203347496688366
64,lejepa,gradcam,predicted,backbone.layer2,4,4,4,0.13167735934257507,0.38033872842788696,0.256008043885231
65,lejepa,gradcam,predicted,backbone.layer2,4,14,14,0.29614248871803284,0.3088793456554413,0.30251091718673706
66,lejepa,gradcam,predicted,backbone.layer2,4,4,4,-0.02722926065325737,0.0852377638220787,0.029004251584410667
67,lejepa,gradcam,predicted,backbone.layer2,4,4,4,-0.033132366836071014,0.26576757431030273,0.11631760373711586
68,lejepa,gradcam,predicted,backbone.layer2,4,4,4,0.14110836386680603,0.21489989757537842,0.17800413072109222
69,lejepa,gradcam,predicted,backbone.layer2,4,4,4,0.20189496874809265,0.16312627494335175,0.1825106218457222
70,lejepa,gradcam,predicted,backbone.layer2,5,5,5,0.03186791390180588,0.42748165130615234,0.2296747826039791
71,lejepa,gradcam,predicted,backbone.layer2,5,4,4,-0.06256574392318726,0.24448317289352417,0.09095871448516846
72,lejepa,gradcam,predicted,backbone.layer2,5,5,5,0.0610622800886631,0.361078679561615,0.21107047982513905
73,lejepa,gradcam,predicted,backbone.layer2,5,5,5,0.14487497508525848,0.1511397808790207,0.1480073779821396
74,lejepa,gradcam,predicted,backbone.layer2,5,12,12,0.12526506185531616,0.2712138593196869,0.19823946058750153
75,lejepa,gradcam,predicted,backbone.layer2,5,45,45,0.17848476767539978,0.2947452664375305,0.23661501705646515
76,lejepa,gradcam,predicted,backbone.layer2,5,12,12,0.03809972479939461,0.23521913588047028,0.13665943033993244
77,lejepa,gradcam,predicted,backbone.layer2,5,5,5,0.007060726173222065,0.187477245926857,0.09726898605003953
78,lejepa,gradcam,predicted,backbone.layer2,5,14,14,0.30809685587882996,0.3382830321788788,0.32318994402885437
79,lejepa,gradcam,predicted,backbone.layer2,5,5,5,-0.14713875949382782,0.24908241629600525,0.050971828401088715
80,lejepa,gradcam,predicted,backbone.layer2,5,5,5,0.26111993193626404,0.19113053381443024,0.22612523287534714
81,lejepa,gradcam,predicted,backbone.layer2,5,5,5,-0.1990613490343094,0.16347140073776245,-0.017794974148273468
82,lejepa,gradcam,predicted,backbone.layer2,5,10,10,0.5365211963653564,0.5106513500213623,0.5235862731933594
83,lejepa,gradcam,predicted,backbone.layer2,5,12,12,0.12454898655414581,0.278670072555542,0.2016095295548439
84,lejepa,gradcam,predicted,backbone.layer2,5,5,5,-0.07372535020112991,0.1884303241968155,0.05735248699784279
85,lejepa,gradcam,predicted,backbone.layer2,6,6,6,-0.24177083373069763,0.17281179130077362,-0.034479521214962006
86,lejepa,gradcam,predicted,backbone.layer2,6,6,6,0.05142718553543091,0.24295084178447723,0.14718901365995407
87,lejepa,gradcam,predicted,backbone.layer2,6,6,6,0.1397940218448639,0.17854544520378113,0.1591697335243225
88,lejepa,gradcam,predicted,backbone.layer2,6,6,6,0.3863706588745117,0.5099039673805237,0.4481373131275177
89,lejepa,gradcam,predicted,backbone.layer2,6,6,6,0.35913997888565063,0.4650630056858063,0.41210149228572845
90,lejepa,gradcam,predicted,backbone.layer2,6,6,6,-0.10941215604543686,0.13872340321540833,0.014655623584985733
91,lejepa,gradcam,predicted,backbone.layer2,6,6,6,0.2263958752155304,0.3994967043399811,0.31294628977775574
92,lejepa,gradcam,predicted,backbone.layer2,6,6,6,0.3178337514400482,0.4666001796722412,0.3922169655561447
93,lejepa,gradcam,predicted,backbone.layer2,6,20,20,0.030600087717175484,0.30525848269462585,0.16792928520590067
94,lejepa,gradcam,predicted,backbone.layer2,6,6,6,0.29028835892677307,0.31433916091918945,0.30231375992298126
95,lejepa,gradcam,predicted,backbone.layer2,6,6,6,0.030716558918356895,0.19938628375530243,0.11505142133682966
64,lejepa,gradcam,predicted,backbone.layer3,4,4,4,0.39396655559539795,0.2200160026550293,0.3069912791252136
65,lejepa,gradcam,predicted,backbone.layer3,4,14,14,0.5861932635307312,0.4449079930782318,0.5155506283044815
66,lejepa,gradcam,predicted,backbone.layer3,4,4,4,0.36681294441223145,0.21656228601932526,0.29168761521577835
67,lejepa,gradcam,predicted,backbone.layer3,4,4,4,0.3618069887161255,0.4453829526901245,0.403594970703125
68,lejepa,gradcam,predicted,backbone.layer3,4,4,4,0.22700856626033783,0.32002654671669006,0.27351755648851395
69,lejepa,gradcam,predicted,backbone.layer3,4,4,4,0.5498620867729187,0.3675476312637329,0.4587048590183258
70,lejepa,gradcam,predicted,backbone.layer3,5,5,5,-0.10915215313434601,0.2776143550872803,0.08423110097646713
71,lejepa,gradcam,predicted,backbone.layer3,5,4,4,-0.14829885959625244,0.144600510597229,-0.0018491744995117188
72,lejepa,gradcam,predicted,backbone.layer3,5,5,5,0.547542154788971,0.31646960973739624,0.4320058822631836
73,lejepa,gradcam,predicted,backbone.layer3,5,5,5,0.1731908619403839,0.2079872339963913,0.1905890479683876
74,lejepa,gradcam,predicted,backbone.layer3,5,12,12,0.06632473319768906,0.35360977053642273,0.2099672518670559
75,lejepa,gradcam,predicted,backbone.layer3,5,45,45,0.1710904985666275,0.33726248145103455,0.254176490008831
76,lejepa,gradcam,predicted,backbone.layer3,5,12,12,0.023964032530784607,0.3292786777019501,0.17662135511636734
77,lejepa,gradcam,predicted,backbone.layer3,5,5,5,0.716267466545105,0.36170780658721924,0.5389876365661621
78,lejepa,gradcam,predicted,backbone.layer3,5,14,14,0.2121567726135254,0.22869530320167542,0.2204260379076004
79,lejepa,gradcam,predicted,backbone.layer3,5,5,5,-0.30325984954833984,0.1782485842704773,-0.06250563263893127
80,lejepa,gradcam,predicted,backbone.layer3,5,5,5,-0.22581259906291962,0.04697531834244728,-0.08941864036023617
81,lejepa,gradcam,predicted,backbone.layer3,5,5,5,-0.21392764151096344,0.2673904597759247,0.02673140913248062
82,lejepa,gradcam,predicted,backbone.layer3,5,10,10,-0.20584848523139954,0.25214940309524536,0.023150458931922913
83,lejepa,gradcam,predicted,backbone.layer3,5,12,12,-0.17830927670001984,0.3490382730960846,0.08536449819803238
84,lejepa,gradcam,predicted,backbone.layer3,5,5,5,-0.13936163485050201,0.31257954239845276,0.08660895377397537
85,lejepa,gradcam,predicted,backbone.layer3,6,6,6,-0.1106853261590004,0.192926287651062,0.04112048074603081
86,lejepa,gradcam,predicted,backbone.layer3,6,6,6,0.1452445536851883,0.2582673728466034,0.20175596326589584
87,lejepa,gradcam,predicted,backbone.layer3,6,6,6,0.7210695147514343,0.4058401882648468,0.5634548515081406
88,lejepa,gradcam,predicted,backbone.layer3,6,6,6,0.15267479419708252,0.3977258503437042,0.27520032227039337
89,lejepa,gradcam,predicted,backbone.layer3,6,6,6,-0.10063105076551437,0.3479088246822357,0.12363888695836067
90,lejepa,gradcam,predicted,backbone.layer3,6,6,6,-0.023510834202170372,0.32231849431991577,0.1494038300588727
91,lejepa,gradcam,predicted,backbone.layer3,6,6,6,0.17253586649894714,0.36966440081596375,0.27110013365745544
92,lejepa,gradcam,predicted,backbone.layer3,6,6,6,0.1179039478302002,0.4455069601535797,0.28170545399188995
93,lejepa,gradcam,predicted,backbone.layer3,6,20,20,-0.27819910645484924,0.2583235204219818,-0.009937793016433716
94,lejepa,gradcam,predicted,backbone.layer3,6,6,6,0.5030524730682373,0.356393039226532,0.42972275614738464
95,lejepa,gradcam,predicted,backbone.layer3,6,6,6,0.16171510517597198,0.2654367685317993,0.21357593685388565
64,lejepa,gradcam,predicted,backbone.layer4,4,4,4,0.6254829168319702,0.5034900307655334,0.5644864737987518
65,lejepa,gradcam,predicted,backbone.layer4,4,14,14,0.6085605621337891,0.5396254062652588,0.5740929841995239
66,lejepa,gradcam,predicted,backbone.layer4,4,4,4,0.7388171553611755,0.5400397777557373,0.6394284665584564
67,lejepa,gradcam,predicted,backbone.layer4,4,4,4,0.3837071359157562,0.5148487091064453,0.44927792251110077
68,lejepa,gradcam,predicted,backbone.layer4,4,4,4,0.38307175040245056,0.5211202502250671,0.45209600031375885
69,lejepa,gradcam,predicted,backbone.layer4,4,4,4,0.7120475172996521,0.5479924082756042,0.6300199627876282
70,lejepa,gradcam,predicted,backbone.layer4,5,5,5,0.18338046967983246,0.5896295309066772,0.38650500029325485
71,lejepa,gradcam,predicted,backbone.layer4,5,4,4,0.3909854590892792,0.5378134250640869,0.46439944207668304
72,lejepa,gradcam,predicted,backbone.layer4,5,5,5,0.8195928335189819,0.6096917390823364,0.7146422863006592
73,lejepa,gradcam,predicted,backbone.layer4,5,5,5,0.6057072281837463,0.5313788652420044,0.5685430467128754
74,lejepa,gradcam,predicted,backbone.layer4,5,12,12,0.3927474617958069,0.5666791200637817,0.4797132909297943
75,lejepa,gradcam,predicted,backbone.layer4,5,45,45,0.49511510133743286,0.566860020160675,0.530987560749054
76,lejepa,gradcam,predicted,backbone.layer4,5,12,12,0.7441079616546631,0.5789749622344971,0.6615414619445801
77,lejepa,gradcam,predicted,backbone.layer4,5,5,5,0.68855881690979,0.500056266784668,0.594307541847229
78,lejepa,gradcam,predicted,backbone.layer4,5,14,14,0.4379490911960602,0.4437522888183594,0.4408506900072098
79,lejepa,gradcam,predicted,backbone.layer4,5,5,5,0.8176640272140503,0.5795945525169373,0.6986292898654938
80,lejepa,gradcam,predicted,backbone.layer4,5,5,5,0.7698692083358765,0.5795076489448547,0.6746884286403656
81,lejepa,gradcam,predicted,backbone.layer4,5,5,5,0.4976560175418854,0.5384815335273743,0.5180687755346298
82,lejepa,gradcam,predicted,backbone.layer4,5,10,10,0.2954690456390381,0.5443034768104553,0.4198862612247467
83,lejepa,gradcam,predicted,backbone.layer4,5,12,12,0.6483171582221985,0.5953088402748108,0.6218129992485046
84,lejepa,gradcam,predicted,backbone.layer4,5,5,5,0.44106045365333557,0.5133152604103088,0.4771878570318222
85,lejepa,gradcam,predicted,backbone.layer4,6,6,6,0.5300960540771484,0.4557696282863617,0.49293284118175507
86,lejepa,gradcam,predicted,backbone.layer4,6,6,6,0.6974850296974182,0.5766679048538208,0.6370764672756195
87,lejepa,gradcam,predicted,backbone.layer4,6,6,6,0.549190878868103,0.5328776240348816,0.5410342514514923
88,lejepa,gradcam,predicted,backbone.layer4,6,6,6,0.37573015689849854,0.546791136264801,0.4612606465816498
89,lejepa,gradcam,predicted,backbone.layer4,6,6,6,0.39311641454696655,0.5522720217704773,0.4726942181587219
90,lejepa,gradcam,predicted,backbone.layer4,6,6,6,0.45330366492271423,0.5353270769119263,0.49431537091732025
91,lejepa,gradcam,predicted,backbone.layer4,6,6,6,0.3336663842201233,0.5212442874908447,0.427455335855484
92,lejepa,gradcam,predicted,backbone.layer4,6,6,6,0.45650145411491394,0.6223466992378235,0.5394240766763687
93,lejepa,gradcam,predicted,backbone.layer4,6,20,20,0.40752318501472473,0.5416433811187744,0.4745832830667496
94,lejepa,gradcam,predicted,backbone.layer4,6,6,6,0.6066245436668396,0.5797667503356934,0.5931956470012665
95,lejepa,gradcam,predicted,backbone.layer4,6,6,6,0.5022868514060974,0.5071457624435425,0.50471630692482
96,lejepa,gradcam,predicted,backbone.layer1,6,6,6,0.1823689043521881,0.4283909201622009,0.3053799122571945
97,lejepa,gradcam,predicted,backbone.layer1,6,11,11,0.1030316948890686,0.3948853313922882,0.2489585131406784
98,lejepa,gradcam,predicted,backbone.layer1,6,6,6,-0.1855756640434265,0.1950434446334839,0.0047338902950286865
99,lejepa,gradcam,predicted,backbone.layer1,6,6,6,-0.0653006061911583,0.13548754155635834,0.03509346768260002
100,lejepa,gradcam,predicted,backbone.layer1,7,17,17,0.053436871618032455,0.2464924156665802,0.14996464364230633
101,lejepa,gradcam,predicted,backbone.layer1,7,7,7,0.2212660312652588,0.46840617060661316,0.344836100935936
102,lejepa,gradcam,predicted,backbone.layer1,7,7,7,0.2975626587867737,0.5525915026664734,0.42507708072662354
103,lejepa,gradcam,predicted,backbone.layer1,7,7,7,-0.004364966880530119,0.0011721238261088729,-0.001596421527210623
104,lejepa,gradcam,predicted,backbone.layer1,7,7,7,0.16897369921207428,0.4531620442867279,0.3110678717494011
105,lejepa,gradcam,predicted,backbone.layer1,7,12,12,0.3197561800479889,0.5278668999671936,0.42381154000759125
106,lejepa,gradcam,predicted,backbone.layer1,7,7,7,0.17379185557365417,0.48588111996650696,0.32983648777008057
107,lejepa,gradcam,predicted,backbone.layer1,7,7,7,0.0015213961014524102,0.46224644780158997,0.2318839219515212
108,lejepa,gradcam,predicted,backbone.layer1,7,7,7,0.010300692170858383,0.38836872577667236,0.19933470897376537
109,lejepa,gradcam,predicted,backbone.layer1,7,7,7,-0.11250752955675125,0.47176238894462585,0.1796274296939373
110,lejepa,gradcam,predicted,backbone.layer1,7,7,7,0.519673764705658,0.30981338024139404,0.414743572473526
111,lejepa,gradcam,predicted,backbone.layer1,7,7,7,0.23242934048175812,0.46878963708877563,0.3506094887852669
112,lejepa,gradcam,predicted,backbone.layer1,7,7,7,0.03568512946367264,0.4085387885570526,0.22211195901036263
113,lejepa,gradcam,predicted,backbone.layer1,8,48,48,0.21663370728492737,0.027224157005548477,0.12192893214523792
114,lejepa,gradcam,predicted,backbone.layer1,8,6,6,-0.07030615210533142,0.43940192461013794,0.18454788625240326
115,lejepa,gradcam,predicted,backbone.layer1,8,2,2,-0.007876768708229065,0.14115723967552185,0.06664023548364639
116,lejepa,gradcam,predicted,backbone.layer1,8,8,8,0.27691978216171265,0.38447433710098267,0.33069705963134766
117,lejepa,gradcam,predicted,backbone.layer1,8,8,8,-0.06335023790597916,0.1441444307565689,0.040397096425294876
118,lejepa,gradcam,predicted,backbone.layer1,8,9,9,0.44489148259162903,0.41659989953041077,0.4307456910610199
119,lejepa,gradcam,predicted,backbone.layer1,8,8,8,0.30251699686050415,0.19154945015907288,0.2470332235097885
120,lejepa,gradcam,predicted,backbone.layer1,8,8,8,0.1880096048116684,0.4719703793525696,0.329989992082119
121,lejepa,gradcam,predicted,backbone.layer1,8,2,2,0.06534680724143982,0.35979023575782776,0.2125685214996338
122,lejepa,gradcam,predicted,backbone.layer1,8,8,8,0.1404508799314499,0.2663809657096863,0.20341592282056808
123,lejepa,gradcam,predicted,backbone.layer1,8,6,6,0.4178641736507416,0.18945841491222382,0.3036612942814827
124,lejepa,gradcam,predicted,backbone.layer1,8,2,2,0.2455999106168747,0.013564519584178925,0.1295822151005268
125,lejepa,gradcam,predicted,backbone.layer1,8,15,15,-0.03956251218914986,0.1426609456539154,0.051549216732382774
126,lejepa,gradcam,predicted,backbone.layer1,8,8,8,-0.019367432221770287,0.018333852291107178,-0.0005167899653315544
127,lejepa,gradcam,predicted,backbone.layer1,8,2,2,0.0,0.0,0.0
96,lejepa,gradcam,predicted,backbone.layer2,6,6,6,0.1717764139175415,0.23256327211856842,0.20216984301805496
97,lejepa,gradcam,predicted,backbone.layer2,6,11,11,0.009300708770751953,0.163947194814682,0.08662395179271698
98,lejepa,gradcam,predicted,backbone.layer2,6,6,6,0.1202266737818718,0.3121621608734131,0.21619441732764244
99,lejepa,gradcam,predicted,backbone.layer2,6,6,6,0.07800640165805817,0.32086828351020813,0.19943734258413315
100,lejepa,gradcam,predicted,backbone.layer2,7,17,17,0.37303322553634644,0.3492090106010437,0.36112111806869507
101,lejepa,gradcam,predicted,backbone.layer2,7,7,7,0.3072327673435211,0.23343759775161743,0.2703351825475693
102,lejepa,gradcam,predicted,backbone.layer2,7,7,7,-0.1679946482181549,0.07917921990156174,-0.044407714158296585
103,lejepa,gradcam,predicted,backbone.layer2,7,7,7,-0.0916605219244957,0.14797824621200562,0.02815886214375496
104,lejepa,gradcam,predicted,backbone.layer2,7,7,7,-0.05573327839374542,0.1921418011188507,0.06820426136255264
105,lejepa,gradcam,predicted,backbone.layer2,7,12,12,0.06530401110649109,0.23903608322143555,0.15217004716396332
106,lejepa,gradcam,predicted,backbone.layer2,7,7,7,-0.0056037912145257,0.25857827067375183,0.12648723972961307
107,lejepa,gradcam,predicted,backbone.layer2,7,7,7,-0.06393074989318848,0.25697091221809387,0.0965200811624527
108,lejepa,gradcam,predicted,backbone.layer2,7,7,7,-0.0026881236117333174,0.18200309574604034,0.08965748606715351
109,lejepa,gradcam,predicted,backbone.layer2,7,7,7,0.2200186550617218,0.2527323365211487,0.23637549579143524
110,lejepa,gradcam,predicted,backbone.layer2,7,7,7,0.29152360558509827,0.27481308579444885,0.28316834568977356
111,lejepa,gradcam,predicted,backbone.layer2,7,7,7,0.21930213272571564,0.3071801960468292,0.26324116438627243
112,lejepa,gradcam,predicted,backbone.layer2,7,7,7,0.24442055821418762,0.21587646007537842,0.23014850914478302
113,lejepa,gradcam,predicted,backbone.layer2,8,48,48,0.2325894683599472,0.34577083587646484,0.289180152118206
114,lejepa,gradcam,predicted,backbone.layer2,8,6,6,0.14179682731628418,0.2241942286491394,0.1829955279827118
115,lejepa,gradcam,predicted,backbone.layer2,8,2,2,-0.04949644207954407,0.12849800288677216,0.039500780403614044
116,lejepa,gradcam,predicted,backbone.layer2,8,8,8,0.44283655285835266,0.34911343455314636,0.3959749937057495
117,lejepa,gradcam,predicted,backbone.layer2,8,8,8,-0.13546663522720337,0.251742422580719,0.05813789367675781
118,lejepa,gradcam,predicted,backbone.layer2,8,9,9,-0.13053587079048157,0.1927119642496109,0.031088046729564667
119,lejepa,gradcam,predicted,backbone.layer2,8,8,8,0.35972705483436584,0.3727416396141052,0.36623434722423553
120,lejepa,gradcam,predicted,backbone.layer2,8,8,8,0.38714927434921265,0.04164969176054001,0.21439948305487633
121,lejepa,gradcam,predicted,backbone.layer2,8,2,2,-0.16099496185779572,0.49907854199409485,0.16904179006814957
122,lejepa,gradcam,predicted,backbone.layer2,8,8,8,-0.0874786451458931,0.07794784754514694,-0.004765398800373077
123,lejepa,gradcam,predicted,backbone.layer2,8,6,6,0.2174171358346939,0.2802858352661133,0.2488514855504036
124,lejepa,gradcam,predicted,backbone.layer2,8,2,2,0.11651042848825455,0.3965725004673004,0.2565414644777775
125,lejepa,gradcam,predicted,backbone.layer2,8,15,15,0.15800951421260834,0.2113303691148758,0.18466994166374207
126,lejepa,gradcam,predicted,backbone.layer2,8,8,8,-0.2796633541584015,0.07862824946641922,-0.10051755234599113
127,lejepa,gradcam,predicted,backbone.layer2,8,2,2,-0.20177124440670013,0.4364345669746399,0.11733166128396988
96,lejepa,gradcam,predicted,backbone.layer3,6,6,6,0.38328614830970764,0.31823500990867615,0.3507605791091919
97,lejepa,gradcam,predicted,backbone.layer3,6,11,11,0.45893219113349915,0.3982052206993103,0.4285687059164047
98,lejepa,gradcam,predicted,backbone.layer3,6,6,6,-0.33233901858329773,0.2155904918909073,-0.05837426334619522
99,lejepa,gradcam,predicted,backbone.layer3,6,6,6,0.17809242010116577,0.3688797056674957,0.27348606288433075
100,lejepa,gradcam,predicted,backbone.layer3,7,17,17,0.8019371032714844,0.4075348675251007,0.6047359853982925
101,lejepa,gradcam,predicted,backbone.layer3,7,7,7,0.273889422416687,0.3708515465259552,0.3223704844713211
102,lejepa,gradcam,predicted,backbone.layer3,7,7,7,0.4016075134277344,0.4833967983722687,0.4425021559000015
103,lejepa,gradcam,predicted,backbone.layer3,7,7,7,0.15439867973327637,0.22709330916404724,0.1907459944486618
104,lejepa,gradcam,predicted,backbone.layer3,7,7,7,0.07092856615781784,0.39599770307540894,0.2334631346166134
105,lejepa,gradcam,predicted,backbone.layer3,7,12,12,-0.13347144424915314,0.4820025563240051,0.174265556037426
106,lejepa,gradcam,predicted,backbone.layer3,7,7,7,0.21093040704727173,0.48044687509536743,0.3456886410713196
107,lejepa,gradcam,predicted,backbone.layer3,7,7,7,-0.1442003697156906,0.2013072520494461,0.028553441166877747
108,lejepa,gradcam,predicted,backbone.layer3,7,7,7,-0.41442161798477173,0.046233344823122025,-0.18409413658082485
109,lejepa,gradcam,predicted,backbone.layer3,7,7,7,0.611906111240387,0.38013818860054016,0.49602214992046356
110,lejepa,gradcam,predicted,backbone.layer3,7,7,7,0.22914686799049377,0.32016173005104065,0.2746542990207672
111,lejepa,gradcam,predicted,backbone.layer3,7,7,7,0.04051118716597557,0.4461274743080139,0.24331933073699474
112,lejepa,gradcam,predicted,backbone.layer3,7,7,7,0.2086244374513626,0.3822362720966339,0.29543035477399826
113,lejepa,gradcam,predicted,backbone.layer3,8,48,48,-0.174356609582901,0.3506716787815094,0.0881575345993042
114,lejepa,gradcam,predicted,backbone.layer3,8,6,6,0.06859847903251648,0.23762500286102295,0.15311174094676971
115,lejepa,gradcam,predicted,backbone.layer3,8,2,2,-0.24555666744709015,0.12759384512901306,-0.058981411159038544
116,lejepa,gradcam,predicted,backbone.layer3,8,8,8,0.4741807281970978,0.38226911425590515,0.42822492122650146
117,lejepa,gradcam,predicted,backbone.layer3,8,8,8,-0.04513951763510704,0.21702487766742706,0.08594268001616001
118,lejepa,gradcam,predicted,backbone.layer3,8,9,9,-0.2751285135746002,0.17059412598609924,-0.05226719379425049
119,lejepa,gradcam,predicted,backbone.layer3,8,8,8,0.1819436103105545,0.5107080936431885,0.3463258519768715
120,lejepa,gradcam,predicted,backbone.layer3,8,8,8,-0.19694630801677704,0.29314902424812317,0.048101358115673065
121,lejepa,gradcam,predicted,backbone.layer3,8,2,2,-0.3286190629005432,0.17316925525665283,-0.07772490382194519
122,lejepa,gradcam,predicted,backbone.layer3,8,8,8,0.2959764003753662,0.3479180634021759,0.32194723188877106
123,lejepa,gradcam,predicted,backbone.layer3,8,6,6,0.20859724283218384,0.17548559606075287,0.19204141944646835
124,lejepa,gradcam,predicted,backbone.layer3,8,2,2,0.0839855745434761,0.3874831199645996,0.23573434725403786
125,lejepa,gradcam,predicted,backbone.layer3,8,15,15,0.59107905626297,0.1962701380252838,0.3936745971441269
126,lejepa,gradcam,predicted,backbone.layer3,8,8,8,0.6149559617042542,0.20390859246253967,0.4094322770833969
127,lejepa,gradcam,predicted,backbone.layer3,8,2,2,0.3570457696914673,0.2845199704170227,0.320782870054245
96,lejepa,gradcam,predicted,backbone.layer4,6,6,6,0.8057626485824585,0.5977212190628052,0.7017419338226318
97,lejepa,gradcam,predicted,backbone.layer4,6,11,11,0.48359745740890503,0.5166418552398682,0.5001196563243866
98,lejepa,gradcam,predicted,backbone.layer4,6,6,6,0.21398286521434784,0.5720645189285278,0.39302369207143784
99,lejepa,gradcam,predicted,backbone.layer4,6,6,6,0.36741548776626587,0.5537804961204529,0.4605979919433594
100,lejepa,gradcam,predicted,backbone.layer4,7,17,17,0.4080730080604553,0.5294801592826843,0.4687765836715698
101,lejepa,gradcam,predicted,backbone.layer4,7,7,7,0.5630085468292236,0.5310766696929932,0.5470426082611084
102,lejepa,gradcam,predicted,backbone.layer4,7,7,7,0.5441827178001404,0.5704421997070312,0.5573124587535858
103,lejepa,gradcam,predicted,backbone.layer4,7,7,7,0.5148733258247375,0.5409716963768005,0.527922511100769
104,lejepa,gradcam,predicted,backbone.layer4,7,7,7,0.48108118772506714,0.5490381717681885,0.5150596797466278
105,lejepa,gradcam,predicted,backbone.layer4,7,12,12,0.3223138749599457,0.5556944608688354,0.43900416791439056
106,lejepa,gradcam,predicted,backbone.layer4,7,7,7,0.2880759537220001,0.5593255758285522,0.4237007647752762
107,lejepa,gradcam,predicted,backbone.layer4,7,7,7,0.5394035577774048,0.5616384148597717,0.5505209863185883
108,lejepa,gradcam,predicted,backbone.layer4,7,7,7,0.6847108006477356,0.5484360456466675,0.6165734231472015
109,lejepa,gradcam,predicted,backbone.layer4,7,7,7,0.3507782816886902,0.5769573450088501,0.46386781334877014
110,lejepa,gradcam,predicted,backbone.layer4,7,7,7,0.46794816851615906,0.5476259589195251,0.5077870637178421
111,lejepa,gradcam,predicted,backbone.layer4,7,7,7,0.2615964710712433,0.5457448959350586,0.40367068350315094
112,lejepa,gradcam,predicted,backbone.layer4,7,7,7,0.5299402475357056,0.5298537611961365,0.529897004365921
113,lejepa,gradcam,predicted,backbone.layer4,8,48,48,0.34554052352905273,0.5965380668640137,0.4710392951965332
114,lejepa,gradcam,predicted,backbone.layer4,8,6,6,0.6058948636054993,0.5159032344818115,0.5608990490436554
115,lejepa,gradcam,predicted,backbone.layer4,8,2,2,0.3943518400192261,0.4349013864994049,0.4146266132593155
116,lejepa,gradcam,predicted,backbone.layer4,8,8,8,0.7741182446479797,0.6889756917953491,0.7315469682216644
117,lejepa,gradcam,predicted,backbone.layer4,8,8,8,0.5208976864814758,0.5862709879875183,0.5535843372344971
118,lejepa,gradcam,predicted,backbone.layer4,8,9,9,0.5029954314231873,0.5236630439758301,0.5133292376995087
119,lejepa,gradcam,predicted,backbone.layer4,8,8,8,0.7042005062103271,0.597130298614502,0.6506654024124146
120,lejepa,gradcam,predicted,backbone.layer4,8,8,8,0.7451070547103882,0.6176562905311584,0.6813816726207733
121,lejepa,gradcam,predicted,backbone.layer4,8,2,2,0.625156819820404,0.547696590423584,0.586426705121994
122,lejepa,gradcam,predicted,backbone.layer4,8,8,8,0.7609867453575134,0.5618630647659302,0.6614249050617218
123,lejepa,gradcam,predicted,backbone.layer4,8,6,6,0.785447895526886,0.6082965731620789,0.6968722343444824
124,lejepa,gradcam,predicted,backbone.layer4,8,2,2,0.4308055341243744,0.5916562080383301,0.5112308710813522
125,lejepa,gradcam,predicted,backbone.layer4,8,15,15,0.7684561610221863,0.524787187576294,0.6466216742992401
126,lejepa,gradcam,predicted,backbone.layer4,8,8,8,0.7339736223220825,0.6163418889045715,0.675157755613327
127,lejepa,gradcam,predicted,backbone.layer4,8,2,2,0.616122305393219,0.514242947101593,0.565182626247406
128,lejepa,gradcam,predicted,backbone.layer1,8,7,7,-0.07158522307872772,0.503020703792572,0.21571774035692215
129,lejepa,gradcam,predicted,backbone.layer1,8,8,8,0.1762082278728485,0.3333476781845093,0.2547779530286789
130,lejepa,gradcam,predicted,backbone.layer1,8,3,3,0.06552940607070923,0.29507580399513245,0.18030260503292084
131,lejepa,gradcam,predicted,backbone.layer1,9,9,9,0.3443584144115448,0.36014318466186523,0.352250799536705
132,lejepa,gradcam,predicted,backbone.layer1,9,9,9,0.15001559257507324,0.2497945874929428,0.19990509003400803
133,lejepa,gradcam,predicted,backbone.layer1,9,49,49,0.05272263288497925,0.5117654800415039,0.2822440564632416
134,lejepa,gradcam,predicted,backbone.layer1,9,3,3,0.23698079586029053,0.4477102756500244,0.34234553575515747
135,lejepa,gradcam,predicted,backbone.layer1,9,3,3,0.04919561743736267,0.08858534693717957,0.06889048218727112
136,lejepa,gradcam,predicted,backbone.layer1,9,9,9,0.2577958106994629,0.3662281334400177,0.3120119720697403
137,lejepa,gradcam,predicted,backbone.layer1,9,9,9,0.07536480575799942,0.008384610526263714,0.04187470814213157
138,lejepa,gradcam,predicted,backbone.layer1,9,9,9,0.042686134576797485,0.3117014169692993,0.1771937757730484
139,lejepa,gradcam,predicted,backbone.layer1,9,48,48,0.0052063604816794395,0.050567626953125,0.02788699371740222
140,lejepa,gradcam,predicted,backbone.layer1,9,9,9,0.18382443487644196,0.3944317102432251,0.2891280725598335
141,lejepa,gradcam,predicted,backbone.layer1,9,9,9,0.09458880126476288,0.5097627639770508,0.30217578262090683
142,lejepa,gradcam,predicted,backbone.layer1,9,9,9,0.4295788109302521,0.2538188695907593,0.3416988402605057
143,lejepa,gradcam,predicted,backbone.layer1,9,9,9,-0.08848994225263596,0.0494806244969368,-0.01950465887784958
144,lejepa,gradcam,predicted,backbone.layer1,9,9,9,0.007459750398993492,0.358135849237442,0.18279779981821775
145,lejepa,gradcam,predicted,backbone.layer1,9,9,9,0.34411293268203735,0.14711490273475647,0.2456139177083969
146,lejepa,gradcam,predicted,backbone.layer1,9,8,8,0.010855386033654213,0.3279455304145813,0.16940045822411776
147,lejepa,gradcam,predicted,backbone.layer1,10,10,10,0.1922328770160675,0.5312550663948059,0.3617439717054367
148,lejepa,gradcam,predicted,backbone.layer1,10,12,12,-0.012723292224109173,0.003951460123062134,-0.0043859160505235195
149,lejepa,gradcam,predicted,backbone.layer1,10,10,10,0.06717756390571594,0.3300662338733673,0.19862189888954163
150,lejepa,gradcam,predicted,backbone.layer1,10,48,48,0.3586812913417816,0.1256299912929535,0.24215564131736755
151,lejepa,gradcam,predicted,backbone.layer1,10,10,10,0.1627437323331833,0.2279750257730484,0.19535937905311584
152,lejepa,gradcam,predicted,backbone.layer1,10,10,10,0.05095619335770607,0.4483324885368347,0.2496443409472704
153,lejepa,gradcam,predicted,backbone.layer1,10,12,12,0.03285810351371765,0.008493727073073387,0.02067591529339552
154,lejepa,gradcam,predicted,backbone.layer1,10,10,10,0.376642107963562,0.2519150376319885,0.31427857279777527
155,lejepa,gradcam,predicted,backbone.layer1,10,10,10,0.18608352541923523,0.4270338714122772,0.3065586984157562
156,lejepa,gradcam,predicted,backbone.layer1,10,5,5,-0.04547670856118202,0.07715655863285065,0.015839925035834312
157,lejepa,gradcam,predicted,backbone.layer1,10,5,5,-0.01243583019822836,0.000833229860290885,-0.005801300168968737
158,lejepa,gradcam,predicted,backbone.layer1,10,10,10,-0.13000331819057465,0.4667075276374817,0.16835210472345352
159,lejepa,gradcam,predicted,backbone.layer1,10,5,5,0.31669434905052185,0.618182361125946,0.46743835508823395
128,lejepa,gradcam,predicted,backbone.layer2,8,7,7,0.03682209551334381,0.0655985027551651,0.051210299134254456
129,lejepa,gradcam,predicted,backbone.layer2,8,8,8,-0.21767109632492065,0.09217803180217743,-0.06274653226137161
130,lejepa,gradcam,predicted,backbone.layer2,8,3,3,0.019314490258693695,0.0597853921353817,0.0395499411970377
131,lejepa,gradcam,predicted,backbone.layer2,9,9,9,-0.003771009389311075,0.2462470829486847,0.12123803677968681
132,lejepa,gradcam,predicted,backbone.layer2,9,9,9,-0.0697488859295845,0.0608975924551487,-0.004425646737217903
133,lejepa,gradcam,predicted,backbone.layer2,9,49,49,0.14941324293613434,0.07751387357711792,0.11346355825662613
134,lejepa,gradcam,predicted,backbone.layer2,9,3,3,0.029584892094135284,0.3279229402542114,0.17875391617417336
135,lejepa,gradcam,predicted,backbone.layer2,9,3,3,-0.3262222409248352,0.20251375436782837,-0.06185424327850342
136,lejepa,gradcam,predicted,backbone.layer2,9,9,9,0.006092261988669634,0.11169029027223587,0.05889127613045275
137,lejepa,gradcam,predicted,backbone.layer2,9,9,9,0.10511115193367004,0.2787034809589386,0.19190731644630432
138,lejepa,gradcam,predicted,backbone.layer2,9,9,9,-0.04497849941253662,0.10440102219581604,0.02971126139163971
139,lejepa,gradcam,predicted,backbone.layer2,9,48,48,0.1475222408771515,0.33012261986732483,0.23882243037223816
140,lejepa,gradcam,predicted,backbone.layer2,9,9,9,0.3647434115409851,0.29627570509910583,0.33050955832004547
141,lejepa,gradcam,predicted,backbone.layer2,9,9,9,0.12926273047924042,0.21733415126800537,0.1732984408736229
142,lejepa,gradcam,predicted,backbone.layer2,9,9,9,0.3137887120246887,0.13530351221561432,0.22454611212015152
143,lejepa,gradcam,predicted,backbone.layer2,9,9,9,-0.030702920630574226,0.28037115931510925,0.12483411934226751
144,lejepa,gradcam,predicted,backbone.layer2,9,9,9,0.04919885843992233,0.10187549889087677,0.07553717866539955
145,lejepa,gradcam,predicted,backbone.layer2,9,9,9,0.15478801727294922,0.29093608260154724,0.22286204993724823
146,lejepa,gradcam,predicted,backbone.layer2,9,8,8,0.07153961807489395,0.28893914818763733,0.18023938313126564
147,lejepa,gradcam,predicted,backbone.layer2,10,10,10,0.3827001452445984,0.4284287989139557,0.40556447207927704
148,lejepa,gradcam,predicted,backbone.layer2,10,12,12,-0.07791416347026825,0.1607314646244049,0.04140865057706833
149,lejepa,gradcam,predicted,backbone.layer2,10,10,10,0.13284659385681152,0.10604804009199142,0.11944731697440147
150,lejepa,gradcam,predicted,backbone.layer2,10,48,48,0.30695420503616333,0.4005865752696991,0.3537703901529312
151,lejepa,gradcam,predicted,backbone.layer2,10,10,10,0.22082757949829102,0.3470343351364136,0.2839309573173523
152,lejepa,gradcam,predicted,backbone.layer2,10,10,10,0.25568923354148865,0.35804763436317444,0.30686843395233154
153,lejepa,gradcam,predicted,backbone.layer2,10,12,12,-0.06197836995124817,0.13578911125659943,0.03690537065267563
154,lejepa,gradcam,predicted,backbone.layer2,10,10,10,0.36263152956962585,0.3672439157962799,0.3649377226829529
155,lejepa,gradcam,predicted,backbone.layer2,10,10,10,-0.04185553640127182,0.13592159748077393,0.04703303053975105
156,lejepa,gradcam,predicted,backbone.layer2,10,5,5,-0.0576440691947937,0.36021846532821655,0.15128719806671143
157,lejepa,gradcam,predicted,backbone.layer2,10,5,5,0.1450602114200592,0.26358553767204285,0.20432287454605103
158,lejepa,gradcam,predicted,backbone.layer2,10,10,10,0.22664622962474823,0.3566243052482605,0.29163526743650436
159,lejepa,gradcam,predicted,backbone.layer2,10,5,5,0.07734578847885132,0.2650482654571533,0.17119702696800232
128,lejepa,gradcam,predicted,backbone.layer3,8,7,7,0.48926734924316406,0.3273856043815613,0.40832647681236267
129,lejepa,gradcam,predicted,backbone.layer3,8,8,8,0.07051751762628555,0.36697375774383545,0.2187456376850605
130,lejepa,gradcam,predicted,backbone.layer3,8,3,3,0.1229109838604927,0.24432650208473206,0.18361874297261238
131,lejepa,gradcam,predicted,backbone.layer3,9,9,9,-0.048181548714637756,0.12876178324222565,0.040290117263793945
132,lejepa,gradcam,predicted,backbone.layer3,9,9,9,-0.025795254856348038,0.23175930976867676,0.10298202745616436
133,lejepa,gradcam,predicted,backbone.layer3,9,49,49,0.24415552616119385,0.29519370198249817,0.269674614071846
134,lejepa,gradcam,predicted,backbone.layer3,9,3,3,0.32916268706321716,0.49793437123298645,0.4135485291481018
135,lejepa,gradcam,predicted,backbone.layer3,9,3,3,0.23780705034732819,0.4285316467285156,0.3331693485379219
136,lejepa,gradcam,predicted,backbone.layer3,9,9,9,0.40632128715515137,0.3147280812263489,0.3605246841907501
137,lejepa,gradcam,predicted,backbone.layer3,9,9,9,-0.41080576181411743,0.11249177902936935,-0.14915699139237404
138,lejepa,gradcam,predicted,backbone.layer3,9,9,9,-0.1865454763174057,0.17290344834327698,-0.006821013987064362
139,lejepa,gradcam,predicted,backbone.layer3,9,48,48,0.04307373985648155,0.47349804639816284,0.2582858931273222
140,lejepa,gradcam,predicted,backbone.layer3,9,9,9,0.2980828583240509,0.39327314496040344,0.3456780016422272
141,lejepa,gradcam,predicted,backbone.layer3,9,9,9,0.5769237875938416,0.2975716292858124,0.43724770843982697
142,lejepa,gradcam,predicted,backbone.layer3,9,9,9,-0.22827166318893433,0.2203502655029297,-0.003960698843002319
143,lejepa,gradcam,predicted,backbone.layer3,9,9,9,-0.09396277368068695,0.15897008776664734,0.032503657042980194
144,lejepa,gradcam,predicted,backbone.layer3,9,9,9,-0.012498774565756321,0.19251927733421326,0.09001025138422847
145,lejepa,gradcam,predicted,backbone.layer3,9,9,9,0.26095113158226013,0.18276743590831757,0.22185928374528885
146,lejepa,gradcam,predicted,backbone.layer3,9,8,8,0.12209968268871307,0.2763121426105499,0.1992059126496315
147,lejepa,gradcam,predicted,backbone.layer3,10,10,10,0.01971844956278801,0.31486955285072327,0.16729400120675564
148,lejepa,gradcam,predicted,backbone.layer3,10,12,12,-0.2880728840827942,0.2565233111381531,-0.015774786472320557
149,lejepa,gradcam,predicted,backbone.layer3,10,10,10,-0.07731244713068008,0.23156389594078064,0.07712572440505028
150,lejepa,gradcam,predicted,backbone.layer3,10,48,48,0.15958382189273834,0.4691624045372009,0.31437311321496964
151,lejepa,gradcam,predicted,backbone.layer3,10,10,10,0.11409839987754822,0.32665306329727173,0.22037573158740997
152,lejepa,gradcam,predicted,backbone.layer3,10,10,10,0.15242794156074524,0.43459153175354004,0.29350973665714264
153,lejepa,gradcam,predicted,backbone.layer3,10,12,12,-0.4287855923175812,0.1499619483947754,-0.1394118219614029
154,lejepa,gradcam,predicted,backbone.layer3,10,10,10,0.20842446386814117,0.3966314196586609,0.30252794176340103
155,lejepa,gradcam,predicted,backbone.layer3,10,10,10,0.015250064432621002,0.2064000368118286,0.11082505062222481
156,lejepa,gradcam,predicted,backbone.layer3,10,5,5,0.15646560490131378,0.31383639574050903,0.2351510003209114
157,lejepa,gradcam,predicted,backbone.layer3,10,5,5,-0.02314496412873268,0.2905130088329315,0.13368402235209942
158,lejepa,gradcam,predicted,backbone.layer3,10,10,10,-0.24281664192676544,0.36146578192710876,0.05932457000017166
159,lejepa,gradcam,predicted,backbone.layer3,10,5,5,-0.3656846880912781,0.3311265707015991,-0.017279058694839478
128,lejepa,gradcam,predicted,backbone.layer4,8,7,7,0.7623916864395142,0.5358628034591675,0.6491272449493408
129,lejepa,gradcam,predicted,backbone.layer4,8,8,8,0.7258371710777283,0.5507544279098511,0.6382957994937897
130,lejepa,gradcam,predicted,backbone.layer4,8,3,3,0.3223332166671753,0.5437488555908203,0.4330410361289978
131,lejepa,gradcam,predicted,backbone.layer4,9,9,9,0.718845546245575,0.5886054039001465,0.6537254750728607
132,lejepa,gradcam,predicted,backbone.layer4,9,9,9,0.4105881154537201,0.5535555481910706,0.4820718318223953
133,lejepa,gradcam,predicted,backbone.layer4,9,49,49,0.41943255066871643,0.569261372089386,0.4943469613790512
134,lejepa,gradcam,predicted,backbone.layer4,9,3,3,0.5864039659500122,0.5401247143745422,0.5632643401622772
135,lejepa,gradcam,predicted,backbone.layer4,9,3,3,0.6508222222328186,0.5971187949180603,0.6239705085754395
136,lejepa,gradcam,predicted,backbone.layer4,9,9,9,0.694776177406311,0.546986997127533,0.620881587266922
137,lejepa,gradcam,predicted,backbone.layer4,9,9,9,0.29252326488494873,0.4636724889278412,0.37809787690639496
138,lejepa,gradcam,predicted,backbone.layer4,9,9,9,0.5179466009140015,0.5557102560997009,0.5368284285068512
139,lejepa,gradcam,predicted,backbone.layer4,9,48,48,0.4898057281970978,0.5689094662666321,0.5293575972318649
140,lejepa,gradcam,predicted,backbone.layer4,9,9,9,0.1382596343755722,0.5469791293144226,0.3426193818449974
141,lejepa,gradcam,predicted,backbone.layer4,9,9,9,0.26969191431999207,0.5450047850608826,0.4073483496904373
142,lejepa,gradcam,predicted,backbone.layer4,9,9,9,0.6068353652954102,0.5638870596885681,0.5853612124919891
143,lejepa,gradcam,predicted,backbone.layer4,9,9,9,0.6414310932159424,0.5589432716369629,0.6001871824264526
144,lejepa,gradcam,predicted,backbone.layer4,9,9,9,0.6067819595336914,0.5391752123832703,0.5729785859584808
145,lejepa,gradcam,predicted,backbone.layer4,9,9,9,0.6808908581733704,0.5513576865196228,0.6161242723464966
146,lejepa,gradcam,predicted,backbone.layer4,9,8,8,0.7179589867591858,0.5845550894737244,0.6512570381164551
147,lejepa,gradcam,predicted,backbone.layer4,10,10,10,0.42767998576164246,0.5314998626708984,0.47958992421627045
148,lejepa,gradcam,predicted,backbone.layer4,10,12,12,0.5583128333091736,0.5722576379776001,0.5652852356433868
149,lejepa,gradcam,predicted,backbone.layer4,10,10,10,0.5385395884513855,0.5957440733909607,0.5671418309211731
150,lejepa,gradcam,predicted,backbone.layer4,10,48,48,0.21128354966640472,0.5171078443527222,0.36419569700956345
151,lejepa,gradcam,predicted,backbone.layer4,10,10,10,0.5674307346343994,0.5589377284049988,0.5631842315196991
152,lejepa,gradcam,predicted,backbone.layer4,10,10,10,0.23336520791053772,0.5211031436920166,0.37723417580127716
153,lejepa,gradcam,predicted,backbone.layer4,10,12,12,0.4837874472141266,0.6086664795875549,0.5462269634008408
154,lejepa,gradcam,predicted,backbone.layer4,10,10,10,0.17941756546497345,0.580858051776886,0.3801378086209297
155,lejepa,gradcam,predicted,backbone.layer4,10,10,10,0.4100925922393799,0.5575166344642639,0.4838046133518219
156,lejepa,gradcam,predicted,backbone.layer4,10,5,5,0.5751237869262695,0.5261918902397156,0.5506578385829926
157,lejepa,gradcam,predicted,backbone.layer4,10,5,5,0.2949892282485962,0.549984335899353,0.4224867820739746
158,lejepa,gradcam,predicted,backbone.layer4,10,10,10,0.4115247428417206,0.5737276673316956,0.49262620508670807
159,lejepa,gradcam,predicted,backbone.layer4,10,5,5,0.33948439359664917,0.5661075711250305,0.45279598236083984
160,lejepa,gradcam,predicted,backbone.layer1,10,5,5,0.004609427414834499,0.3415185213088989,0.1730639743618667
161,lejepa,gradcam,predicted,backbone.layer1,10,10,10,0.24089965224266052,0.5091525912284851,0.3750261217355728
162,lejepa,gradcam,predicted,backbone.layer1,11,11,11,0.36059775948524475,0.08586834371089935,0.22323305159807205
163,lejepa,gradcam,predicted,backbone.layer1,11,11,11,-0.03202856704592705,0.37720245122909546,0.1725869420915842
164,lejepa,gradcam,predicted,backbone.layer1,11,11,11,0.23639170825481415,0.5213395953178406,0.37886565178632736
165,lejepa,gradcam,predicted,backbone.layer1,11,11,11,0.3014495372772217,0.5381291508674622,0.4197893440723419
166,lejepa,gradcam,predicted,backbone.layer1,11,11,11,0.1380336582660675,0.4885267913341522,0.31328022480010986
167,lejepa,gradcam,predicted,backbone.layer1,11,11,11,0.3954909145832062,0.19727949798107147,0.2963852062821388
168,lejepa,gradcam,predicted,backbone.layer1,11,11,11,0.2979852259159088,0.1296144276857376,0.2137998268008232
169,lejepa,gradcam,predicted,backbone.layer1,11,5,5,0.30593785643577576,0.5122390985488892,0.40908847749233246
170,lejepa,gradcam,predicted,backbone.layer1,11,0,0,0.11192981153726578,0.543424129486084,0.3276769705116749
171,lejepa,gradcam,predicted,backbone.layer1,11,11,11,-0.14660011231899261,0.3490474820137024,0.10122368484735489
172,lejepa,gradcam,predicted,backbone.layer1,11,11,11,-0.00044135103235021234,0.11752309650182724,0.058540872734738514
173,lejepa,gradcam,predicted,backbone.layer1,11,11,11,0.27099937200546265,0.37904688715934753,0.3250231295824051
174,lejepa,gradcam,predicted,backbone.layer1,11,11,11,0.07034620642662048,0.180305615067482,0.12532591074705124
175,lejepa,gradcam,predicted,backbone.layer1,11,11,11,0.16756828129291534,0.4854729473590851,0.3265206143260002
176,lejepa,gradcam,predicted,backbone.layer1,11,6,6,0.4152105450630188,0.4283654987812042,0.4217880219221115
177,lejepa,gradcam,predicted,backbone.layer1,11,6,6,0.3530782163143158,0.1589970588684082,0.256037637591362
178,lejepa,gradcam,predicted,backbone.layer1,11,11,11,0.028231700882315636,0.20983600616455078,0.11903385352343321
179,lejepa,gradcam,predicted,backbone.layer1,12,12,12,0.10469112545251846,0.44937723875045776,0.2770341821014881
180,lejepa,gradcam,predicted,backbone.layer1,12,12,12,0.21836042404174805,0.1910453885793686,0.20470290631055832
181,lejepa,gradcam,predicted,backbone.layer1,12,10,10,0.01048225350677967,0.43440189957618713,0.2224420765414834
182,lejepa,gradcam,predicted,backbone.layer1,12,12,12,0.14648428559303284,0.5003242492675781,0.3234042674303055
183,lejepa,gradcam,predicted,backbone.layer1,12,7,7,0.008358693681657314,0.4586859345436096,0.23352231411263347
184,lejepa,gradcam,predicted,backbone.layer1,12,5,5,0.14993447065353394,0.2666049301624298,0.20826970040798187
185,lejepa,gradcam,predicted,backbone.layer1,12,12,12,0.19508685171604156,0.5390925407409668,0.3670896962285042
186,lejepa,gradcam,predicted,backbone.layer1,12,5,5,0.04999275878071785,0.16863523423671722,0.10931399650871754
187,lejepa,gradcam,predicted,backbone.layer1,12,12,12,0.45350179076194763,0.3522426187992096,0.4028722047805786
188,lejepa,gradcam,predicted,backbone.layer1,12,0,0,-0.050291404128074646,0.5107093453407288,0.23020897060632706
189,lejepa,gradcam,predicted,backbone.layer1,12,12,12,0.0,0.0,0.0
190,lejepa,gradcam,predicted,backbone.layer1,12,7,7,0.2828974425792694,0.2200428694486618,0.2514701560139656
191,lejepa,gradcam,predicted,backbone.layer1,12,7,7,-0.18209034204483032,0.33962056040763855,0.07876510918140411
160,lejepa,gradcam,predicted,backbone.layer2,10,5,5,-0.06342299282550812,0.27457377314567566,0.10557539016008377
161,lejepa,gradcam,predicted,backbone.layer2,10,10,10,0.021934377029538155,0.29126301407814026,0.1565986955538392
162,lejepa,gradcam,predicted,backbone.layer2,11,11,11,0.2961793839931488,0.3851366937160492,0.340658038854599
163,lejepa,gradcam,predicted,backbone.layer2,11,11,11,0.0030140383169054985,0.35935667157173157,0.18118535494431853
164,lejepa,gradcam,predicted,backbone.layer2,11,11,11,0.11918263882398605,0.29121360182762146,0.20519812032580376
165,lejepa,gradcam,predicted,backbone.layer2,11,11,11,0.10992968827486038,0.2486697882413864,0.1792997382581234
166,lejepa,gradcam,predicted,backbone.layer2,11,11,11,-0.08820809423923492,0.2939598560333252,0.10287588089704514
167,lejepa,gradcam,predicted,backbone.layer2,11,11,11,0.013519078493118286,0.3368507921695709,0.1751849353313446
168,lejepa,gradcam,predicted,backbone.layer2,11,11,11,0.0364670604467392,0.23761168122291565,0.13703937083482742
169,lejepa,gradcam,predicted,backbone.layer2,11,5,5,-0.2589220106601715,0.22707264125347137,-0.015924684703350067
170,lejepa,gradcam,predicted,backbone.layer2,11,0,0,0.23465484380722046,0.1906207948923111,0.21263781934976578
171,lejepa,gradcam,predicted,backbone.layer2,11,11,11,0.03348385542631149,0.22523309290409088,0.1293584741652012
172,lejepa,gradcam,predicted,backbone.layer2,11,11,11,0.555436372756958,0.40721389651298523,0.4813251346349716
173,lejepa,gradcam,predicted,backbone.layer2,11,11,11,0.1044478565454483,0.31958380341529846,0.21201582998037338
174,lejepa,gradcam,predicted,backbone.layer2,11,11,11,0.30382058024406433,0.4720858931541443,0.3879532366991043
175,lejepa,gradcam,predicted,backbone.layer2,11,11,11,-0.06501258164644241,0.2502593696117401,0.09262339398264885
176,lejepa,gradcam,predicted,backbone.layer2,11,6,6,0.08925782144069672,0.23120178282260895,0.16022980213165283
177,lejepa,gradcam,predicted,backbone.layer2,11,6,6,-0.26338642835617065,0.29616549611091614,0.01638953387737274
178,lejepa,gradcam,predicted,backbone.layer2,11,11,11,0.11823850125074387,0.3785454034805298,0.24839195236563683
179,lejepa,gradcam,predicted,backbone.layer2,12,12,12,-0.00971156544983387,0.18501846492290497,0.08765344973653555
180,lejepa,gradcam,predicted,backbone.layer2,12,12,12,0.03285219520330429,0.1864168643951416,0.10963452979922295
181,lejepa,gradcam,predicted,backbone.layer2,12,10,10,0.12594912946224213,0.39639753103256226,0.2611733302474022
182,lejepa,gradcam,predicted,backbone.layer2,12,12,12,0.037262823432683945,0.19454775750637054,0.11590529046952724
183,lejepa,gradcam,predicted,backbone.layer2,12,7,7,0.1485499143600464,0.3252508044242859,0.23690035939216614
184,lejepa,gradcam,predicted,backbone.layer2,12,5,5,-0.0440891794860363,0.3490285277366638,0.15246967412531376
185,lejepa,gradcam,predicted,backbone.layer2,12,12,12,0.036686502397060394,0.25801366567611694,0.14735008403658867
186,lejepa,gradcam,predicted,backbone.layer2,12,5,5,-0.020447783172130585,0.2645154297351837,0.12203382328152657
187,lejepa,gradcam,predicted,backbone.layer2,12,12,12,0.043931834399700165,0.17983712255954742,0.1118844784796238
188,lejepa,gradcam,predicted,backbone.layer2,12,0,0,0.32740458846092224,0.18031033873558044,0.25385746359825134
189,lejepa,gradcam,predicted,backbone.layer2,12,12,12,-0.03303540498018265,0.2911822497844696,0.12907342240214348
190,lejepa,gradcam,predicted,backbone.layer2,12,7,7,0.08632376790046692,0.11206129938364029,0.0991925336420536
191,lejepa,gradcam,predicted,backbone.layer2,12,7,7,0.3126690089702606,0.24057736992835999,0.2766231894493103
160,lejepa,gradcam,predicted,backbone.layer3,10,5,5,0.23102690279483795,0.2764146327972412,0.2537207677960396
161,lejepa,gradcam,predicted,backbone.layer3,10,10,10,0.05186598375439644,0.35365167260169983,0.20275882817804813
162,lejepa,gradcam,predicted,backbone.layer3,11,11,11,0.2262876182794571,0.38053974509239197,0.30341368168592453
163,lejepa,gradcam,predicted,backbone.layer3,11,11,11,0.2429712563753128,0.41825664043426514,0.33061394840478897
164,lejepa,gradcam,predicted,backbone.layer3,11,11,11,0.03207891806960106,0.3534030616283417,0.19274098984897137
165,lejepa,gradcam,predicted,backbone.layer3,11,11,11,0.5385099053382874,0.4362855851650238,0.4873977452516556
166,lejepa,gradcam,predicted,backbone.layer3,11,11,11,0.5569371581077576,0.42807266116142273,0.49250490963459015
167,lejepa,gradcam,predicted,backbone.layer3,11,11,11,0.38480886816978455,0.42708826065063477,0.40594856441020966
168,lejepa,gradcam,predicted,backbone.layer3,11,11,11,-0.02303379401564598,0.2970293462276459,0.13699777610599995
169,lejepa,gradcam,predicted,backbone.layer3,11,5,5,0.6357117295265198,0.44933968782424927,0.5425257086753845
170,lejepa,gradcam,predicted,backbone.layer3,11,0,0,0.15774455666542053,0.4400731027126312,0.2989088296890259
171,lejepa,gradcam,predicted,backbone.layer3,11,11,11,0.2484276443719864,0.3889297544956207,0.31867869943380356
172,lejepa,gradcam,predicted,backbone.layer3,11,11,11,0.3196909725666046,0.29168814420700073,0.3056895583868027
173,lejepa,gradcam,predicted,backbone.layer3,11,11,11,0.33517855405807495,0.43521198630332947,0.3851952701807022
174,lejepa,gradcam,predicted,backbone.layer3,11,11,11,-0.08193540573120117,0.3313828706741333,0.12472373247146606
175,lejepa,gradcam,predicted,backbone.layer3,11,11,11,0.5469645261764526,0.5060082077980042,0.5264863669872284
176,lejepa,gradcam,predicted,backbone.layer3,11,6,6,0.12988755106925964,0.3497530519962311,0.23982030153274536
177,lejepa,gradcam,predicted,backbone.layer3,11,6,6,0.10762246698141098,0.34657803177833557,0.22710024937987328
178,lejepa,gradcam,predicted,backbone.layer3,11,11,11,0.34815314412117004,0.5119163990020752,0.4300347715616226
179,lejepa,gradcam,predicted,backbone.layer3,12,12,12,0.2746628224849701,0.2868218421936035,0.2807423323392868
180,lejepa,gradcam,predicted,backbone.layer3,12,12,12,-0.03927108272910118,0.24569374322891235,0.10321133024990559
181,lejepa,gradcam,predicted,backbone.layer3,12,10,10,-0.14584390819072723,0.34119313955307007,0.09767461568117142
182,lejepa,gradcam,predicted,backbone.layer3,12,12,12,0.22130821645259857,0.4405886232852936,0.3309484198689461
183,lejepa,gradcam,predicted,backbone.layer3,12,7,7,-0.16718141734600067,0.21352793276309967,0.0231732577085495
184,lejepa,gradcam,predicted,backbone.layer3,12,5,5,0.17118531465530396,0.3833802044391632,0.2772827595472336
185,lejepa,gradcam,predicted,backbone.layer3,12,12,12,-0.3001299202442169,0.15502013266086578,-0.07255489379167557
186,lejepa,gradcam,predicted,backbone.layer3,12,5,5,0.24552547931671143,0.32079410552978516,0.2831597924232483
187,lejepa,gradcam,predicted,backbone.layer3,12,12,12,0.021039558574557304,0.34293875098228455,0.18198915477842093
188,lejepa,gradcam,predicted,backbone.layer3,12,0,0,0.5909767746925354,0.4628184735774994,0.5268976241350174
189,lejepa,gradcam,predicted,backbone.layer3,12,12,12,0.018711289390921593,0.3871845006942749,0.20294789504259825
190,lejepa,gradcam,predicted,backbone.layer3,12,7,7,0.18576857447624207,0.3522290587425232,0.26899881660938263
191,lejepa,gradcam,predicted,backbone.layer3,12,7,7,-0.18585525453090668,0.4250178337097168,0.11958128958940506
160,lejepa,gradcam,predicted,backbone.layer4,10,5,5,0.6813194155693054,0.5588290095329285,0.6200742125511169
161,lejepa,gradcam,predicted,backbone.layer4,10,10,10,0.40526601672172546,0.591625988483429,0.4984460026025772
162,lejepa,gradcam,predicted,backbone.layer4,11,11,11,0.6534761786460876,0.5448935031890869,0.5991848409175873
163,lejepa,gradcam,predicted,backbone.layer4,11,11,11,0.4561348259449005,0.5149403214454651,0.4855375736951828
164,lejepa,gradcam,predicted,backbone.layer4,11,11,11,0.3678796589374542,0.5169106125831604,0.4423951357603073
165,lejepa,gradcam,predicted,backbone.layer4,11,11,11,0.6285941004753113,0.5692249536514282,0.5989095270633698
166,lejepa,gradcam,predicted,backbone.layer4,11,11,11,0.6533567905426025,0.5461738109588623,0.5997653007507324
167,lejepa,gradcam,predicted,backbone.layer4,11,11,11,0.584732711315155,0.5915315747261047,0.5881321430206299
168,lejepa,gradcam,predicted,backbone.layer4,11,11,11,0.3043505549430847,0.46179941296577454,0.3830749839544296
169,lejepa,gradcam,predicted,backbone.layer4,11,5,5,0.38101813197135925,0.48279017210006714,0.4319041520357132
170,lejepa,gradcam,predicted,backbone.layer4,11,0,0,0.4025203585624695,0.5141582489013672,0.45833930373191833
171,lejepa,gradcam,predicted,backbone.layer4,11,11,11,0.33009669184684753,0.5573340058326721,0.4437153488397598
172,lejepa,gradcam,predicted,backbone.layer4,11,11,11,0.682342529296875,0.5542454719543457,0.6182940006256104
173,lejepa,gradcam,predicted,backbone.layer4,11,11,11,0.5081749558448792,0.574221670627594,0.5411983132362366
174,lejepa,gradcam,predicted,backbone.layer4,11,11,11,0.2831321060657501,0.5283659100532532,0.40574900805950165
175,lejepa,gradcam,predicted,backbone.layer4,11,11,11,0.5020476579666138,0.5495758056640625,0.5258117318153381
176,lejepa,gradcam,predicted,backbone.layer4,11,6,6,0.5708024501800537,0.5899737477302551,0.5803880989551544
177,lejepa,gradcam,predicted,backbone.layer4,11,6,6,0.686470627784729,0.5388526916503906,0.6126616597175598
178,lejepa,gradcam,predicted,backbone.layer4,11,11,11,0.5630642771720886,0.5732458233833313,0.56815505027771
179,lejepa,gradcam,predicted,backbone.layer4,12,12,12,0.6338890194892883,0.547620415687561,0.5907547175884247
180,lejepa,gradcam,predicted,backbone.layer4,12,12,12,0.5786552429199219,0.5771074891090393,0.5778813660144806
181,lejepa,gradcam,predicted,backbone.layer4,12,10,10,0.5301748514175415,0.5522454380989075,0.5412101447582245
182,lejepa,gradcam,predicted,backbone.layer4,12,12,12,0.5846003293991089,0.5143303871154785,0.5494653582572937
183,lejepa,gradcam,predicted,backbone.layer4,12,7,7,0.6168376803398132,0.5907631516456604,0.6038004159927368
184,lejepa,gradcam,predicted,backbone.layer4,12,5,5,0.4639235734939575,0.5378246307373047,0.5008741021156311
185,lejepa,gradcam,predicted,backbone.layer4,12,12,12,0.49223798513412476,0.539693295955658,0.5159656405448914
186,lejepa,gradcam,predicted,backbone.layer4,12,5,5,0.6783685684204102,0.5489940643310547,0.6136813163757324
187,lejepa,gradcam,predicted,backbone.layer4,12,12,12,0.25225308537483215,0.5239329934120178,0.388093039393425
188,lejepa,gradcam,predicted,backbone.layer4,12,0,0,0.4854258894920349,0.5362705588340759,0.5108482241630554
189,lejepa,gradcam,predicted,backbone.layer4,12,12,12,0.45522597432136536,0.5751270055770874,0.5151764899492264
190,lejepa,gradcam,predicted,backbone.layer4,12,7,7,0.747840166091919,0.5894345045089722,0.6686373353004456
191,lejepa,gradcam,predicted,backbone.layer4,12,7,7,0.39922231435775757,0.529382050037384,0.4643021821975708
192,lejepa,gradcam,predicted,backbone.layer1,12,12,12,-0.006870977580547333,0.2758845090866089,0.13450676575303078
193,lejepa,gradcam,predicted,backbone.layer1,12,12,12,0.14951376616954803,0.43748727440834045,0.29350052028894424
194,lejepa,gradcam,predicted,backbone.layer1,13,10,10,0.02974681183695793,0.5529035329818726,0.29132517240941525
195,lejepa,gradcam,predicted,backbone.layer1,13,7,7,0.08898022770881653,0.44396454095840454,0.26647238433361053
196,lejepa,gradcam,predicted,backbone.layer1,13,6,6,0.09107107669115067,0.23928365111351013,0.1651773639023304
197,lejepa,gradcam,predicted,backbone.layer1,13,13,13,0.2997851073741913,0.4298599064350128,0.36482250690460205
198,lejepa,gradcam,predicted,backbone.layer1,13,6,6,0.17677979171276093,0.27127301692962646,0.2240264043211937
199,lejepa,gradcam,predicted,backbone.layer1,13,5,5,0.26368120312690735,0.5416795015335083,0.4026803523302078
200,lejepa,gradcam,predicted,backbone.layer1,13,13,13,-0.14031124114990234,0.22094057500362396,0.04031466692686081
201,lejepa,gradcam,predicted,backbone.layer1,13,43,43,0.05689762905240059,0.07512082159519196,0.06600922532379627
202,lejepa,gradcam,predicted,backbone.layer1,13,13,13,0.271122008562088,0.29611340165138245,0.28361770510673523
203,lejepa,gradcam,predicted,backbone.layer1,13,13,13,0.020797869190573692,0.3211900293827057,0.1709939492866397
204,lejepa,gradcam,predicted,backbone.layer1,13,8,8,0.15728987753391266,0.5316503643989563,0.3444701209664345
205,lejepa,gradcam,predicted,backbone.layer1,13,6,6,0.005453274119645357,0.061855897307395935,0.033654585713520646
206,lejepa,gradcam,predicted,backbone.layer1,13,41,41,0.2542891204357147,0.34359055757522583,0.2989398390054703
207,lejepa,gradcam,predicted,backbone.layer1,14,14,14,0.1729094535112381,0.17270462214946747,0.17280703783035278
208,lejepa,gradcam,predicted,backbone.layer1,14,14,14,0.07018932700157166,0.023703139275312424,0.04694623313844204
209,lejepa,gradcam,predicted,backbone.layer1,14,14,14,0.0873914361000061,0.297636479139328,0.19251395761966705
210,lejepa,gradcam,predicted,backbone.layer1,14,34,34,0.17198115587234497,0.06672730296850204,0.11935422942042351
211,lejepa,gradcam,predicted,backbone.layer1,14,12,12,-0.12077364325523376,0.43997639417648315,0.1596013754606247
212,lejepa,gradcam,predicted,backbone.layer1,14,14,14,0.07922262698411942,0.456107497215271,0.2676650620996952
213,lejepa,gradcam,predicted,backbone.layer1,14,5,5,-0.22746574878692627,0.35773780941963196,0.06513603031635284
214,lejepa,gradcam,predicted,backbone.layer1,14,3,3,0.13155418634414673,0.4160953760147095,0.2738247811794281
215,lejepa,gradcam,predicted,backbone.layer1,14,14,14,0.2678695321083069,0.0693475604057312,0.16860854625701904
216,lejepa,gradcam,predicted,backbone.layer1,14,14,14,0.0,0.0,0.0
217,lejepa,gradcam,predicted,backbone.layer1,14,14,14,0.025187846273183823,0.001363852759823203,0.013275849516503513
218,lejepa,gradcam,predicted,backbone.layer1,14,14,14,-0.15986908972263336,0.3344179391860962,0.08727442473173141
219,lejepa,gradcam,predicted,backbone.layer1,15,15,15,0.05432770028710365,0.03427217900753021,0.04429993964731693
220,lejepa,gradcam,predicted,backbone.layer1,15,15,15,0.24019937217235565,0.0721387267112732,0.15616904944181442
221,lejepa,gradcam,predicted,backbone.layer1,15,15,15,0.2546207010746002,0.12379635870456696,0.1892085298895836
222,lejepa,gradcam,predicted,backbone.layer1,15,15,15,0.07529643923044205,0.2522566318511963,0.16377653554081917
223,lejepa,gradcam,predicted,backbone.layer1,15,15,15,0.29849696159362793,0.20022718608379364,0.24936207383871078
192,lejepa,gradcam,predicted,backbone.layer2,12,12,12,0.041394323110580444,0.31424927711486816,0.1778218001127243
193,lejepa,gradcam,predicted,backbone.layer2,12,12,12,-0.009355491027235985,0.07413014024496078,0.0323873246088624
194,lejepa,gradcam,predicted,backbone.layer2,13,10,10,0.008886671625077724,0.1893349587917328,0.09911081520840526
195,lejepa,gradcam,predicted,backbone.layer2,13,7,7,0.3227848708629608,0.29075637459754944,0.3067706227302551
196,lejepa,gradcam,predicted,backbone.layer2,13,6,6,0.05702219530940056,0.2988492250442505,0.17793571017682552
197,lejepa,gradcam,predicted,backbone.layer2,13,13,13,0.262829452753067,0.3557035028934479,0.30926647782325745
198,lejepa,gradcam,predicted,backbone.layer2,13,6,6,0.37103402614593506,0.3550766706466675,0.36305534839630127
199,lejepa,gradcam,predicted,backbone.layer2,13,5,5,0.16310133039951324,0.2670177221298218,0.2150595262646675
200,lejepa,gradcam,predicted,backbone.layer2,13,13,13,0.08279895037412643,0.1800999641418457,0.13144945725798607
201,lejepa,gradcam,predicted,backbone.layer2,13,43,43,0.01008579134941101,0.17748859524726868,0.09378719329833984
202,lejepa,gradcam,predicted,backbone.layer2,13,13,13,0.22357149422168732,0.29540619254112244,0.2594888433814049
203,lejepa,gradcam,predicted,backbone.layer2,13,13,13,0.14945699274539948,0.3223761022090912,0.23591654747724533
204,lejepa,gradcam,predicted,backbone.layer2,13,8,8,-0.17191468179225922,0.31799566745758057,0.07304049283266068
205,lejepa,gradcam,predicted,backbone.layer2,13,6,6,0.12269708514213562,0.3266650438308716,0.2246810644865036
206,lejepa,gradcam,predicted,backbone.layer2,13,41,41,0.10288745909929276,0.3130183219909668,0.20795289054512978
207,lejepa,gradcam,predicted,backbone.layer2,14,14,14,0.07466629147529602,0.17117302119731903,0.12291965633630753
208,lejepa,gradcam,predicted,backbone.layer2,14,14,14,0.20503567159175873,0.4151367247104645,0.3100861981511116
209,lejepa,gradcam,predicted,backbone.layer2,14,14,14,-0.021013110876083374,0.3050977885723114,0.142042338848114
210,lejepa,gradcam,predicted,backbone.layer2,14,34,34,-0.12261433154344559,0.3153250217437744,0.09635534510016441
211,lejepa,gradcam,predicted,backbone.layer2,14,12,12,-0.16836124658584595,0.08661302179098129,-0.04087411239743233
212,lejepa,gradcam,predicted,backbone.layer2,14,14,14,-0.05903720110654831,0.2915245592594147,0.11624367907643318
213,lejepa,gradcam,predicted,backbone.layer2,14,5,5,-0.2578553557395935,0.3406592011451721,0.04140192270278931
214,lejepa,gradcam,predicted,backbone.layer2,14,3,3,0.16362828016281128,0.17888131737709045,0.17125479876995087
215,lejepa,gradcam,predicted,backbone.layer2,14,14,14,0.1182439848780632,0.2642533481121063,0.19124866649508476
216,lejepa,gradcam,predicted,backbone.layer2,14,14,14,0.04683295637369156,0.24057862162590027,0.1437057889997959
217,lejepa,gradcam,predicted,backbone.layer2,14,14,14,0.21137619018554688,0.2910028100013733,0.2511895000934601
218,lejepa,gradcam,predicted,backbone.layer2,14,14,14,0.09911954402923584,0.29175832867622375,0.1954389363527298
219,lejepa,gradcam,predicted,backbone.layer2,15,15,15,0.34847477078437805,0.39888277649879456,0.3736787736415863
220,lejepa,gradcam,predicted,backbone.layer2,15,15,15,-0.31023234128952026,0.20709919929504395,-0.05156657099723816
221,lejepa,gradcam,predicted,backbone.layer2,15,15,15,-0.03128916397690773,0.19127888977527618,0.07999486289918423
222,lejepa,gradcam,predicted,backbone.layer2,15,15,15,0.3000307083129883,0.36314722895622253,0.3315889686346054
223,lejepa,gradcam,predicted,backbone.layer2,15,15,15,0.5457470417022705,0.428422749042511,0.48708489537239075
192,lejepa,gradcam,predicted,backbone.layer3,12,12,12,0.014554765075445175,0.3834834396839142,0.19901910237967968
193,lejepa,gradcam,predicted,backbone.layer3,12,12,12,0.39104992151260376,0.44286012649536133,0.41695502400398254
194,lejepa,gradcam,predicted,backbone.layer3,13,10,10,-0.236696258187294,0.246956929564476,0.005130335688591003
195,lejepa,gradcam,predicted,backbone.layer3,13,7,7,0.2837512493133545,0.4246625304222107,0.3542068898677826
196,lejepa,gradcam,predicted,backbone.layer3,13,6,6,-0.12635491788387299,0.3452600836753845,0.10945258289575577
197,lejepa,gradcam,predicted,backbone.layer3,13,13,13,-0.12725302577018738,0.30900558829307556,0.09087628126144409
198,lejepa,gradcam,predicted,backbone.layer3,13,6,6,0.15031632781028748,0.3966658115386963,0.2734910696744919
199,lejepa,gradcam,predicted,backbone.layer3,13,5,5,0.05936329811811447,0.3160308301448822,0.18769706413149834
200,lejepa,gradcam,predicted,backbone.layer3,13,13,13,-0.12331214547157288,0.2876245379447937,0.08215619623661041
201,lejepa,gradcam,predicted,backbone.layer3,13,43,43,-0.3425299823284149,0.15220828354358673,-0.09516084939241409
202,lejepa,gradcam,predicted,backbone.layer3,13,13,13,0.5634918808937073,0.363651305437088,0.46357159316539764
203,lejepa,gradcam,predicted,backbone.layer3,13,13,13,-0.21277248859405518,0.2622198462486267,0.024723678827285767
204,lejepa,gradcam,predicted,backbone.layer3,13,8,8,-0.3694334328174591,0.3270760476589203,-0.02117869257926941
205,lejepa,gradcam,predicted,backbone.layer3,13,6,6,-0.08120400458574295,0.23340821266174316,0.0761021040380001
206,lejepa,gradcam,predicted,backbone.layer3,13,41,41,-0.034448206424713135,0.1568150818347931,0.06118343770503998
207,lejepa,gradcam,predicted,backbone.layer3,14,14,14,0.17677269876003265,0.14647015929222107,0.16162142902612686
208,lejepa,gradcam,predicted,backbone.layer3,14,14,14,-0.05446595698595047,0.20884130895137787,0.0771876759827137
209,lejepa,gradcam,predicted,backbone.layer3,14,14,14,-0.2553287744522095,0.1671975702047348,-0.044065602123737335
210,lejepa,gradcam,predicted,backbone.layer3,14,34,34,-0.07398104667663574,0.15756379067897797,0.04179137200117111
211,lejepa,gradcam,predicted,backbone.layer3,14,12,12,0.11722239851951599,0.22028888761997223,0.1687556430697441
212,lejepa,gradcam,predicted,backbone.layer3,14,14,14,0.30027684569358826,0.27437686920166016,0.2873268574476242
213,lejepa,gradcam,predicted,backbone.layer3,14,5,5,-0.36008867621421814,0.12763187289237976,-0.11622840166091919
214,lejepa,gradcam,predicted,backbone.layer3,14,3,3,-0.26482388377189636,0.10723476111888885,-0.07879456132650375
215,lejepa,gradcam,predicted,backbone.layer3,14,14,14,0.21096055209636688,0.26187071204185486,0.23641563206911087
216,lejepa,gradcam,predicted,backbone.layer3,14,14,14,-0.014672727324068546,0.16972103714942932,0.07752415491268039
217,lejepa,gradcam,predicted,backbone.layer3,14,14,14,-0.22541296482086182,0.13426153361797333,-0.045575715601444244
218,lejepa,gradcam,predicted,backbone.layer3,14,14,14,0.10030936449766159,0.22082974016666412,0.16056955233216286
219,lejepa,gradcam,predicted,backbone.layer3,15,15,15,0.4351879954338074,0.3789716958999634,0.4070798456668854
220,lejepa,gradcam,predicted,backbone.layer3,15,15,15,0.7018256783485413,0.4572177231311798,0.5795217007398605
221,lejepa,gradcam,predicted,backbone.layer3,15,15,15,0.60242760181427,0.44388899207115173,0.5231582969427109
222,lejepa,gradcam,predicted,backbone.layer3,15,15,15,0.7242467999458313,0.46468162536621094,0.5944642126560211
223,lejepa,gradcam,predicted,backbone.layer3,15,15,15,0.3403317332267761,0.40879544615745544,0.3745635896921158
192,lejepa,gradcam,predicted,backbone.layer4,12,12,12,0.47608160972595215,0.5615970492362976,0.5188393294811249
193,lejepa,gradcam,predicted,backbone.layer4,12,12,12,0.3671209216117859,0.5281293988227844,0.44762516021728516
194,lejepa,gradcam,predicted,backbone.layer4,13,10,10,0.3701968789100647,0.5789024233818054,0.47454965114593506
195,lejepa,gradcam,predicted,backbone.layer4,13,7,7,0.5547465682029724,0.5296433568000793,0.5421949625015259
196,lejepa,gradcam,predicted,backbone.layer4,13,6,6,0.24020646512508392,0.5085400342941284,0.37437324970960617
197,lejepa,gradcam,predicted,backbone.layer4,13,13,13,0.37353119254112244,0.5777938365936279,0.4756625145673752
198,lejepa,gradcam,predicted,backbone.layer4,13,6,6,0.5217929482460022,0.5558319687843323,0.5388124585151672
199,lejepa,gradcam,predicted,backbone.layer4,13,5,5,0.20195750892162323,0.5598781704902649,0.38091783970594406
200,lejepa,gradcam,predicted,backbone.layer4,13,13,13,-0.14020876586437225,0.5014104247093201,0.1806008294224739
201,lejepa,gradcam,predicted,backbone.layer4,13,43,43,0.3923836648464203,0.5097669363021851,0.4510753005743027
202,lejepa,gradcam,predicted,backbone.layer4,13,13,13,0.7604290246963501,0.5883628726005554,0.6743959486484528
203,lejepa,gradcam,predicted,backbone.layer4,13,13,13,0.4761217534542084,0.5841061472892761,0.5301139503717422
204,lejepa,gradcam,predicted,backbone.layer4,13,8,8,0.1949402242898941,0.5656297206878662,0.38028497248888016
205,lejepa,gradcam,predicted,backbone.layer4,13,6,6,0.3789142072200775,0.5326365828514099,0.4557753950357437
206,lejepa,gradcam,predicted,backbone.layer4,13,41,41,0.20328636467456818,0.5384469032287598,0.37086663395166397
207,lejepa,gradcam,predicted,backbone.layer4,14,14,14,0.7108475565910339,0.5510130524635315,0.6309303045272827
208,lejepa,gradcam,predicted,backbone.layer4,14,14,14,0.47141626477241516,0.5773172974586487,0.5243667811155319
209,lejepa,gradcam,predicted,backbone.layer4,14,14,14,0.6160996556282043,0.5773411989212036,0.596720427274704
210,lejepa,gradcam,predicted,backbone.layer4,14,34,34,0.10202613472938538,0.4816533625125885,0.29183974862098694
211,lejepa,gradcam,predicted,backbone.layer4,14,12,12,0.38288435339927673,0.43427228927612305,0.4085783213376999
212,lejepa,gradcam,predicted,backbone.layer4,14,14,14,0.6115513443946838,0.5377002954483032,0.5746258199214935
213,lejepa,gradcam,predicted,backbone.layer4,14,5,5,0.6876336336135864,0.5390934348106384,0.6133635342121124
214,lejepa,gradcam,predicted,backbone.layer4,14,3,3,0.7513527274131775,0.7113092541694641,0.7313309907913208
215,lejepa,gradcam,predicted,backbone.layer4,14,14,14,0.6388682126998901,0.5655561089515686,0.6022121608257294
216,lejepa,gradcam,predicted,backbone.layer4,14,14,14,0.6386781334877014,0.536316454410553,0.5874972939491272
217,lejepa,gradcam,predicted,backbone.layer4,14,14,14,0.6525700688362122,0.5687544941902161,0.6106622815132141
218,lejepa,gradcam,predicted,backbone.layer4,14,14,14,0.574785590171814,0.538391649723053,0.5565886199474335
219,lejepa,gradcam,predicted,backbone.layer4,15,15,15,0.6440545916557312,0.562621533870697,0.6033380627632141
220,lejepa,gradcam,predicted,backbone.layer4,15,15,15,0.5534245371818542,0.5497937798500061,0.5516091585159302
221,lejepa,gradcam,predicted,backbone.layer4,15,15,15,0.6119091510772705,0.5797824263572693,0.5958457887172699
222,lejepa,gradcam,predicted,backbone.layer4,15,15,15,0.46581968665122986,0.5047056078910828,0.4852626472711563
223,lejepa,gradcam,predicted,backbone.layer4,15,15,15,0.17840591073036194,0.4656548798084259,0.3220303952693939
224,lejepa,gradcam,predicted,backbone.layer1,15,4,4,0.2467641532421112,0.4126995801925659,0.32973186671733856
225,lejepa,gradcam,predicted,backbone.layer1,15,15,15,0.008575702086091042,0.0037464736960828304,0.006161087891086936
226,lejepa,gradcam,predicted,backbone.layer1,15,28,28,0.2084614485502243,0.3509081304073334,0.27968478947877884
227,lejepa,gradcam,predicted,backbone.layer1,15,33,33,0.6229081153869629,0.3567124307155609,0.4898102730512619
228,lejepa,gradcam,predicted,backbone.layer1,15,15,15,0.3258773982524872,0.09523497521877289,0.21055618673563004
229,lejepa,gradcam,predicted,backbone.layer1,15,15,15,0.0,0.0,0.0
230,lejepa,gradcam,predicted,backbone.layer1,15,1,1,0.21291716396808624,0.41075599193573,0.3118365779519081
231,lejepa,gradcam,predicted,backbone.layer1,15,15,15,-0.031205061823129654,0.0018650650745257735,-0.01466999837430194
232,lejepa,gradcam,predicted,backbone.layer1,15,13,13,0.11533869057893753,0.4248000979423523,0.2700693942606449
233,lejepa,gradcam,predicted,backbone.layer1,15,15,15,0.1953323781490326,0.1806904375553131,0.18801140785217285
234,lejepa,gradcam,predicted,backbone.layer1,15,15,15,0.2543858289718628,0.050960853695869446,0.15267334133386612
235,lejepa,gradcam,predicted,backbone.layer1,16,16,16,0.12369459867477417,0.16908498108386993,0.14638978987932205
236,lejepa,gradcam,predicted,backbone.layer1,16,16,16,0.413835346698761,0.19667008519172668,0.30525271594524384
237,lejepa,gradcam,predicted,backbone.layer1,16,16,16,0.24716228246688843,0.16864290833473206,0.20790259540081024
238,lejepa,gradcam,predicted,backbone.layer1,16,16,16,0.28331148624420166,0.12455148249864578,0.20393148437142372
239,lejepa,gradcam,predicted,backbone.layer1,16,16,16,0.34421786665916443,0.14431658387184143,0.24426722526550293
240,lejepa,gradcam,predicted,backbone.layer1,16,16,16,0.6142427325248718,0.47691261768341064,0.5455776751041412
241,lejepa,gradcam,predicted,backbone.layer1,16,16,16,0.20066261291503906,0.2791966199874878,0.23992961645126343
242,lejepa,gradcam,predicted,backbone.layer1,16,16,16,0.35031041502952576,0.17801238596439362,0.2641614004969597
243,lejepa,gradcam,predicted,backbone.layer1,16,16,16,0.040127724409103394,0.11569105833768845,0.07790939137339592
244,lejepa,gradcam,predicted,backbone.layer1,16,16,16,0.4398455023765564,0.41891151666641235,0.4293785095214844
245,lejepa,gradcam,predicted,backbone.layer1,16,33,33,0.14187465608119965,0.11406243592500687,0.12796854600310326
246,lejepa,gradcam,predicted,backbone.layer1,16,16,16,0.3288474678993225,0.1831766664981842,0.25601206719875336
247,lejepa,gradcam,predicted,backbone.layer1,16,19,19,0.13964959979057312,0.21984487771987915,0.17974723875522614
248,lejepa,gradcam,predicted,backbone.layer1,16,16,16,0.21956905722618103,0.2697150707244873,0.24464206397533417
249,lejepa,gradcam,predicted,backbone.layer1,16,20,20,-0.02249094471335411,0.351591557264328,0.16455030627548695
250,lejepa,gradcam,predicted,backbone.layer1,17,35,35,0.07283016294240952,0.46627354621887207,0.2695518545806408
251,lejepa,gradcam,predicted,backbone.layer1,17,33,33,0.1176973208785057,0.07875362783670425,0.09822547435760498
252,lejepa,gradcam,predicted,backbone.layer1,17,39,39,0.08559264987707138,0.2781454026699066,0.181869026273489
253,lejepa,gradcam,predicted,backbone.layer1,17,17,17,-0.054057180881500244,0.32623428106307983,0.1360885500907898
254,lejepa,gradcam,predicted,backbone.layer1,17,40,40,0.06299971789121628,0.11053884774446487,0.08676928281784058
255,lejepa,gradcam,predicted,backbone.layer1,17,43,43,0.2832293212413788,0.4637938439846039,0.37351158261299133
224,lejepa,gradcam,predicted,backbone.layer2,15,4,4,0.05337577685713768,0.400330126285553,0.22685295157134533
225,lejepa,gradcam,predicted,backbone.layer2,15,15,15,-0.15150831639766693,0.2525577247142792,0.05052470415830612
226,lejepa,gradcam,predicted,backbone.layer2,15,28,28,0.0032908625435084105,0.12198182195425034,0.06263634224887937
227,lejepa,gradcam,predicted,backbone.layer2,15,33,33,0.32014381885528564,0.4466879367828369,0.3834158778190613
228,lejepa,gradcam,predicted,backbone.layer2,15,15,15,-0.05457572638988495,0.4059617519378662,0.17569301277399063
229,lejepa,gradcam,predicted,backbone.layer2,15,15,15,-0.04622877389192581,0.3700198531150818,0.161895539611578
230,lejepa,gradcam,predicted,backbone.layer2,15,1,1,-0.006348106078803539,0.00967440102249384,0.00166314747184515
231,lejepa,gradcam,predicted,backbone.layer2,15,15,15,-0.05449908226728439,0.23992834985256195,0.09271463379263878
232,lejepa,gradcam,predicted,backbone.layer2,15,13,13,0.17523686587810516,0.4511245787143707,0.31318072229623795
233,lejepa,gradcam,predicted,backbone.layer2,15,15,15,0.04117485508322716,0.21202564239501953,0.12660024873912334
234,lejepa,gradcam,predicted,backbone.layer2,15,15,15,0.45866072177886963,0.45062488317489624,0.45464280247688293
235,lejepa,gradcam,predicted,backbone.layer2,16,16,16,-0.19937022030353546,0.2757601737976074,0.03819497674703598
236,lejepa,gradcam,predicted,backbone.layer2,16,16,16,0.45467609167099,0.09395744651556015,0.27431676909327507
237,lejepa,gradcam,predicted,backbone.layer2,16,16,16,0.22341085970401764,0.19203753769397736,0.2077241986989975
238,lejepa,gradcam,predicted,backbone.layer2,16,16,16,0.042190756648778915,0.12624144554138184,0.08421610109508038
239,lejepa,gradcam,predicted,backbone.layer2,16,16,16,0.09794823080301285,0.39454758167266846,0.24624790623784065
240,lejepa,gradcam,predicted,backbone.layer2,16,16,16,0.639331579208374,0.1055660992860794,0.3724488392472267
241,lejepa,gradcam,predicted,backbone.layer2,16,16,16,0.8004594445228577,0.25716114044189453,0.5288102924823761
242,lejepa,gradcam,predicted,backbone.layer2,16,16,16,0.06618083268404007,0.28310295939445496,0.1746418960392475
243,lejepa,gradcam,predicted,backbone.layer2,16,16,16,0.4425646662712097,0.5102689266204834,0.47641679644584656
244,lejepa,gradcam,predicted,backbone.layer2,16,16,16,0.7048106789588928,0.14376001060009003,0.4242853447794914
245,lejepa,gradcam,predicted,backbone.layer2,16,33,33,-0.10803421586751938,0.26124629378318787,0.07660603895783424
246,lejepa,gradcam,predicted,backbone.layer2,16,16,16,0.03492119535803795,0.1495780348777771,0.09224961511790752
247,lejepa,gradcam,predicted,backbone.layer2,16,19,19,-0.09262910485267639,0.27789273858070374,0.09263181686401367
248,lejepa,gradcam,predicted,backbone.layer2,16,16,16,0.10202891379594803,0.1999245136976242,0.15097671374678612
249,lejepa,gradcam,predicted,backbone.layer2,16,20,20,-0.03270229324698448,0.24669378995895386,0.10699574835598469
250,lejepa,gradcam,predicted,backbone.layer2,17,35,35,-0.1715000718832016,0.2398296594619751,0.03416479378938675
251,lejepa,gradcam,predicted,backbone.layer2,17,33,33,-0.0019286590395495296,0.3516455590724945,0.1748584500164725
252,lejepa,gradcam,predicted,backbone.layer2,17,39,39,-0.09804876893758774,0.3283059298992157,0.11512858048081398
253,lejepa,gradcam,predicted,backbone.layer2,17,17,17,0.21114207804203033,0.48755860328674316,0.34935034066438675
254,lejepa,gradcam,predicted,backbone.layer2,17,40,40,0.17379555106163025,0.44474920630455017,0.3092723786830902
255,lejepa,gradcam,predicted,backbone.layer2,17,43,43,0.02974846214056015,0.22717943787574768,0.12846395000815392
224,lejepa,gradcam,predicted,backbone.layer3,15,4,4,-0.2596869468688965,0.2842063307762146,0.012259691953659058
225,lejepa,gradcam,predicted,backbone.layer3,15,15,15,0.6019515991210938,0.410503089427948,0.5062273442745209
226,lejepa,gradcam,predicted,backbone.layer3,15,28,28,0.1061977669596672,0.28760144114494324,0.19689960405230522
227,lejepa,gradcam,predicted,backbone.layer3,15,33,33,0.31068041920661926,0.3892821669578552,0.34998129308223724
228,lejepa,gradcam,predicted,backbone.layer3,15,15,15,0.4704890847206116,0.29761236906051636,0.38405072689056396
229,lejepa,gradcam,predicted,backbone.layer3,15,15,15,0.4374356269836426,0.2886445224285126,0.3630400747060776
230,lejepa,gradcam,predicted,backbone.layer3,15,1,1,0.3789916932582855,0.34192144870758057,0.36045657098293304
231,lejepa,gradcam,predicted,backbone.layer3,15,15,15,0.6720937490463257,0.4566321074962616,0.5643629282712936
232,lejepa,gradcam,predicted,backbone.layer3,15,13,13,-0.47706082463264465,0.2658379375934601,-0.10561144351959229
233,lejepa,gradcam,predicted,backbone.layer3,15,15,15,0.747061550617218,0.4681228995323181,0.6075922250747681
234,lejepa,gradcam,predicted,backbone.layer3,15,15,15,0.1268462985754013,0.4067724943161011,0.2668093964457512
235,lejepa,gradcam,predicted,backbone.layer3,16,16,16,0.40045422315597534,0.39534270763397217,0.39789846539497375
236,lejepa,gradcam,predicted,backbone.layer3,16,16,16,0.29705068469047546,0.42009595036506653,0.358573317527771
237,lejepa,gradcam,predicted,backbone.layer3,16,16,16,0.6963984370231628,0.2912738025188446,0.4938361197710037
238,lejepa,gradcam,predicted,backbone.layer3,16,16,16,0.6803492307662964,0.3378296494483948,0.5090894401073456
239,lejepa,gradcam,predicted,backbone.layer3,16,16,16,-0.20979595184326172,0.307296484708786,0.048750266432762146
240,lejepa,gradcam,predicted,backbone.layer3,16,16,16,0.319591224193573,0.4173329770565033,0.36846210062503815
241,lejepa,gradcam,predicted,backbone.layer3,16,16,16,0.5365055203437805,0.5175960063934326,0.5270507633686066
242,lejepa,gradcam,predicted,backbone.layer3,16,16,16,0.5024740695953369,0.4286511242389679,0.4655625969171524
243,lejepa,gradcam,predicted,backbone.layer3,16,16,16,0.6280667185783386,0.4780663251876831,0.5530665218830109
244,lejepa,gradcam,predicted,backbone.layer3,16,16,16,0.5392354726791382,0.5621461272239685,0.5506907999515533
245,lejepa,gradcam,predicted,backbone.layer3,16,33,33,-0.1723707616329193,0.2982771098613739,0.0629531741142273
246,lejepa,gradcam,predicted,backbone.layer3,16,16,16,0.3485054075717926,0.2662867307662964,0.3073960691690445
247,lejepa,gradcam,predicted,backbone.layer3,16,19,19,0.23257480561733246,0.42662155628204346,0.32959818094968796
248,lejepa,gradcam,predicted,backbone.layer3,16,16,16,0.30013465881347656,0.31912660598754883,0.3096306324005127
249,lejepa,gradcam,predicted,backbone.layer3,16,20,20,0.21770811080932617,0.2563926577568054,0.2370503842830658
250,lejepa,gradcam,predicted,backbone.layer3,17,35,35,-0.1276705265045166,0.37095996737480164,0.12164472043514252
251,lejepa,gradcam,predicted,backbone.layer3,17,33,33,-0.15273767709732056,0.30080872774124146,0.07403552532196045
252,lejepa,gradcam,predicted,backbone.layer3,17,39,39,-0.04550708085298538,0.20233914256095886,0.07841603085398674
253,lejepa,gradcam,predicted,backbone.layer3,17,17,17,0.255581259727478,0.23547019064426422,0.24552572518587112
254,lejepa,gradcam,predicted,backbone.layer3,17,40,40,-0.17415328323841095,0.3487878441810608,0.08731728047132492
255,lejepa,gradcam,predicted,backbone.layer3,17,43,43,0.3361545503139496,0.25827059149742126,0.2972125709056854
224,lejepa,gradcam,predicted,backbone.layer4,15,4,4,0.4203270971775055,0.5521400570869446,0.48623357713222504
225,lejepa,gradcam,predicted,backbone.layer4,15,15,15,0.5436409711837769,0.5028536915779114,0.5232473313808441
226,lejepa,gradcam,predicted,backbone.layer4,15,28,28,0.15310879051685333,0.5805165767669678,0.36681268364191055
227,lejepa,gradcam,predicted,backbone.layer4,15,33,33,0.49158230423927307,0.5818436741828918,0.5367129892110825
228,lejepa,gradcam,predicted,backbone.layer4,15,15,15,0.679541289806366,0.5172075629234314,0.5983744263648987
229,lejepa,gradcam,predicted,backbone.layer4,15,15,15,0.6740449666976929,0.5528489947319031,0.613446980714798
230,lejepa,gradcam,predicted,backbone.layer4,15,1,1,0.6278181076049805,0.5175599455833435,0.572689026594162
231,lejepa,gradcam,predicted,backbone.layer4,15,15,15,0.666864275932312,0.5769868493080139,0.621925562620163
232,lejepa,gradcam,predicted,backbone.layer4,15,13,13,0.5499426126480103,0.5531976819038391,0.5515701472759247
233,lejepa,gradcam,predicted,backbone.layer4,15,15,15,0.5247008800506592,0.5281878709793091,0.5264443755149841
234,lejepa,gradcam,predicted,backbone.layer4,15,15,15,0.503142237663269,0.5416524410247803,0.5223973393440247
235,lejepa,gradcam,predicted,backbone.layer4,16,16,16,0.7044667601585388,0.6165417432785034,0.6605042517185211
236,lejepa,gradcam,predicted,backbone.layer4,16,16,16,0.26691076159477234,0.4833873510360718,0.37514905631542206
237,lejepa,gradcam,predicted,backbone.layer4,16,16,16,0.346688449382782,0.4896640479564667,0.41817624866962433
238,lejepa,gradcam,predicted,backbone.layer4,16,16,16,0.2306007295846939,0.5137921571731567,0.3721964433789253
239,lejepa,gradcam,predicted,backbone.layer4,16,16,16,0.15782682597637177,0.525934100151062,0.3418804630637169
240,lejepa,gradcam,predicted,backbone.layer4,16,16,16,0.43682560324668884,0.5096777677536011,0.47325168550014496
241,lejepa,gradcam,predicted,backbone.layer4,16,16,16,0.3120146095752716,0.5136792063713074,0.4128469079732895
242,lejepa,gradcam,predicted,backbone.layer4,16,16,16,0.4172899127006531,0.5587195158004761,0.4880047142505646
243,lejepa,gradcam,predicted,backbone.layer4,16,16,16,0.5440406799316406,0.5372094511985779,0.5406250655651093
244,lejepa,gradcam,predicted,backbone.layer4,16,16,16,0.2777271568775177,0.5118435621261597,0.3947853595018387
245,lejepa,gradcam,predicted,backbone.layer4,16,33,33,0.4741727113723755,0.5141095519065857,0.4941411316394806
246,lejepa,gradcam,predicted,backbone.layer4,16,16,16,0.5166419744491577,0.5343128442764282,0.525477409362793
247,lejepa,gradcam,predicted,backbone.layer4,16,19,19,0.40191909670829773,0.49615469574928284,0.4490368962287903
248,lejepa,gradcam,predicted,backbone.layer4,16,16,16,0.38733357191085815,0.5452600121498108,0.4662967920303345
249,lejepa,gradcam,predicted,backbone.layer4,16,20,20,0.5712682604789734,0.5574287176132202,0.5643484890460968
250,lejepa,gradcam,predicted,backbone.layer4,17,35,35,0.051551274955272675,0.5288907885551453,0.29022103175520897
251,lejepa,gradcam,predicted,backbone.layer4,17,33,33,0.4227031171321869,0.5880376696586609,0.5053703933954239
252,lejepa,gradcam,predicted,backbone.layer4,17,39,39,0.4442739188671112,0.5400342345237732,0.4921540766954422
253,lejepa,gradcam,predicted,backbone.layer4,17,17,17,0.5090354681015015,0.5121713280677795,0.5106033980846405
254,lejepa,gradcam,predicted,backbone.layer4,17,40,40,0.5295969247817993,0.5655858516693115,0.5475913882255554
255,lejepa,gradcam,predicted,backbone.layer4,17,43,43,0.5786505937576294,0.48388397693634033,0.5312672853469849
256,lejepa,gradcam,predicted,backbone.layer1,17,39,39,0.11406789720058441,0.40654808282852173,0.26030799001455307
257,lejepa,gradcam,predicted,backbone.layer1,17,17,17,0.08021866530179977,0.0801512748003006,0.08018497005105019
258,lejepa,gradcam,predicted,backbone.layer1,17,37,37,0.29123061895370483,0.3481766879558563,0.3197036534547806
259,lejepa,gradcam,predicted,backbone.layer1,17,17,17,0.15747995674610138,0.39290720224380493,0.27519357949495316
260,lejepa,gradcam,predicted,backbone.layer1,17,8,8,0.3498862683773041,0.43724197149276733,0.3935641199350357
261,lejepa,gradcam,predicted,backbone.layer1,17,38,38,0.39671260118484497,0.22554057836532593,0.31112658977508545
262,lejepa,gradcam,predicted,backbone.layer1,18,35,35,0.14639681577682495,0.32431870698928833,0.23535776138305664
263,lejepa,gradcam,predicted,backbone.layer1,18,18,18,0.4150286912918091,0.339784175157547,0.37740643322467804
264,lejepa,gradcam,predicted,backbone.layer1,18,36,36,-0.1786523163318634,0.30189594626426697,0.06162181496620178
265,lejepa,gradcam,predicted,backbone.layer1,18,18,18,0.5166223645210266,0.4053269028663635,0.46097463369369507
266,lejepa,gradcam,predicted,backbone.layer1,18,34,34,-0.06792853772640228,0.002491657854989171,-0.032718439935706556
267,lejepa,gradcam,predicted,backbone.layer1,18,44,44,0.25054019689559937,0.25333279371261597,0.25193649530410767
268,lejepa,gradcam,predicted,backbone.layer1,18,18,18,-0.04586464539170265,0.33973783254623413,0.14693659357726574
269,lejepa,gradcam,predicted,backbone.layer1,18,39,39,-0.03959814831614494,0.03584785386919975,-0.0018751472234725952
270,lejepa,gradcam,predicted,backbone.layer1,18,23,23,0.050343964248895645,0.0978829562664032,0.07411346025764942
271,lejepa,gradcam,predicted,backbone.layer1,18,16,16,-0.02942773886024952,0.024473855271935463,-0.002476941794157028
272,lejepa,gradcam,predicted,backbone.layer1,18,38,38,-0.0661516934633255,0.4092484414577484,0.17154837399721146
273,lejepa,gradcam,predicted,backbone.layer1,18,18,18,0.15683473646640778,0.26964473724365234,0.21323973685503006
274,lejepa,gradcam,predicted,backbone.layer1,18,18,18,0.1409725695848465,0.4092464745044708,0.27510952204465866
275,lejepa,gradcam,predicted,backbone.layer1,18,26,26,0.4771239161491394,0.45414164662361145,0.4656327813863754
276,lejepa,gradcam,predicted,backbone.layer1,18,18,18,0.09682738780975342,0.24165941774845123,0.16924340277910233
277,lejepa,gradcam,predicted,backbone.layer1,19,19,19,-0.024361200630664825,0.1481839269399643,0.061911363154649734
278,lejepa,gradcam,predicted,backbone.layer1,19,19,19,0.16616715490818024,0.11488226801156998,0.1405247114598751
279,lejepa,gradcam,predicted,backbone.layer1,19,29,29,0.070221446454525,0.08836794644594193,0.07929469645023346
280,lejepa,gradcam,predicted,backbone.layer1,19,19,19,0.13754801452159882,0.21875004470348358,0.1781490296125412
281,lejepa,gradcam,predicted,backbone.layer1,19,21,21,-0.06446126103401184,0.03545071929693222,-0.01450527086853981
282,lejepa,gradcam,predicted,backbone.layer1,19,16,16,0.17911458015441895,0.08066148310899734,0.12988803163170815
283,lejepa,gradcam,predicted,backbone.layer1,19,16,16,0.008061815984547138,0.15434348583221436,0.08120265090838075
284,lejepa,gradcam,predicted,backbone.layer1,19,19,19,-0.01947280764579773,0.12424948811531067,0.05238834023475647
285,lejepa,gradcam,predicted,backbone.layer1,19,19,19,0.010821458883583546,0.27504169940948486,0.1429315791465342
286,lejepa,gradcam,predicted,backbone.layer1,19,19,19,0.07669169455766678,0.012632017955183983,0.04466185625642538
287,lejepa,gradcam,predicted,backbone.layer1,19,19,19,-0.0817866176366806,0.1898869276046753,0.054050154983997345
256,lejepa,gradcam,predicted,backbone.layer2,17,39,39,0.01654081977903843,0.19309641420841217,0.1048186169937253
257,lejepa,gradcam,predicted,backbone.layer2,17,17,17,0.1288694143295288,0.09542136639356613,0.11214539036154747
258,lejepa,gradcam,predicted,backbone.layer2,17,37,37,0.21287289261817932,0.22998188436031342,0.22142738848924637
259,lejepa,gradcam,predicted,backbone.layer2,17,17,17,0.11223624646663666,0.18517833948135376,0.1487072929739952
260,lejepa,gradcam,predicted,backbone.layer2,17,8,8,-0.15236473083496094,0.29456812143325806,0.07110169529914856
261,lejepa,gradcam,predicted,backbone.layer2,17,38,38,0.3045434057712555,0.23909853398799896,0.27182096987962723
262,lejepa,gradcam,predicted,backbone.layer2,18,35,35,0.3389175832271576,0.5312086939811707,0.4350631386041641
263,lejepa,gradcam,predicted,backbone.layer2,18,18,18,-0.11310383677482605,0.4992291331291199,0.1930626481771469
264,lejepa,gradcam,predicted,backbone.layer2,18,36,36,-0.15126320719718933,0.27888283133506775,0.06380981206893921
265,lejepa,gradcam,predicted,backbone.layer2,18,18,18,0.23462916910648346,0.354410320520401,0.29451974481344223
266,lejepa,gradcam,predicted,backbone.layer2,18,34,34,0.044015947729349136,0.08694233000278473,0.06547913886606693
267,lejepa,gradcam,predicted,backbone.layer2,18,44,44,0.06485453993082047,0.4945623278617859,0.2797084338963032
268,lejepa,gradcam,predicted,backbone.layer2,18,18,18,-0.47957655787467957,0.212589830160141,-0.1334933638572693
269,lejepa,gradcam,predicted,backbone.layer2,18,39,39,-0.2129131555557251,0.13345663249492645,-0.03972826153039932
270,lejepa,gradcam,predicted,backbone.layer2,18,23,23,0.3898724317550659,0.38796675205230713,0.3889195919036865
271,lejepa,gradcam,predicted,backbone.layer2,18,16,16,0.316739559173584,0.290862500667572,0.303801029920578
272,lejepa,gradcam,predicted,backbone.layer2,18,38,38,0.252763569355011,0.0765901431441307,0.16467685624957085
273,lejepa,gradcam,predicted,backbone.layer2,18,18,18,0.08778761327266693,0.4218108654022217,0.2547992393374443
274,lejepa,gradcam,predicted,backbone.layer2,18,18,18,0.0714261382818222,0.43616560101509094,0.2537958696484566
275,lejepa,gradcam,predicted,backbone.layer2,18,26,26,-0.20756065845489502,0.04999125748872757,-0.07878470048308372
276,lejepa,gradcam,predicted,backbone.layer2,18,18,18,-0.26367220282554626,0.21946026384830475,-0.022105969488620758
277,lejepa,gradcam,predicted,backbone.layer2,19,19,19,-0.07856346666812897,0.34075024724006653,0.13109339028596878
278,lejepa,gradcam,predicted,backbone.layer2,19,19,19,0.38510099053382874,0.3128976821899414,0.34899933636188507
279,lejepa,gradcam,predicted,backbone.layer2,19,29,29,0.13482293486595154,0.42722004652023315,0.28102149069309235
280,lejepa,gradcam,predicted,backbone.layer2,19,19,19,0.13527677953243256,0.3117797076702118,0.22352824360132217
281,lejepa,gradcam,predicted,backbone.layer2,19,21,21,-0.24311792850494385,0.3627357482910156,0.05980890989303589
282,lejepa,gradcam,predicted,backbone.layer2,19,16,16,0.1470189094543457,0.45493173599243164,0.30097532272338867
283,lejepa,gradcam,predicted,backbone.layer2,19,16,16,-0.19647133350372314,0.31496158242225647,0.05924512445926666
284,lejepa,gradcam,predicted,backbone.layer2,19,19,19,0.17502953112125397,0.3625323176383972,0.2687809243798256
285,lejepa,gradcam,predicted,backbone.layer2,19,19,19,-0.29114601016044617,0.35743433237075806,0.033144161105155945
286,lejepa,gradcam,predicted,backbone.layer2,19,19,19,-0.08404529839754105,0.3277781009674072,0.12186640128493309
287,lejepa,gradcam,predicted,backbone.layer2,19,19,19,-0.1983260065317154,0.28652751445770264,0.04410075396299362
256,lejepa,gradcam,predicted,backbone.layer3,17,39,39,0.2931005358695984,0.27724841237068176,0.2851744741201401
257,lejepa,gradcam,predicted,backbone.layer3,17,17,17,-0.03457396849989891,0.12349656969308853,0.04446130059659481
258,lejepa,gradcam,predicted,backbone.layer3,17,37,37,0.4301843047142029,0.39821699261665344,0.41420064866542816
259,lejepa,gradcam,predicted,backbone.layer3,17,17,17,-0.13780148327350616,0.015021918341517448,-0.06138978246599436
260,lejepa,gradcam,predicted,backbone.layer3,17,8,8,-0.15733875334262848,0.3716716766357422,0.10716646164655685
261,lejepa,gradcam,predicted,backbone.layer3,17,38,38,-0.12505798041820526,0.08780274540185928,-0.01862761750817299
262,lejepa,gradcam,predicted,backbone.layer3,18,35,35,-0.14617745578289032,0.4856259822845459,0.1697242632508278
263,lejepa,gradcam,predicted,backbone.layer3,18,18,18,-0.2557292580604553,0.3928004503250122,0.06853559613227844
264,lejepa,gradcam,predicted,backbone.layer3,18,36,36,-0.3806265592575073,0.07745633274316788,-0.15158511325716972
265,lejepa,gradcam,predicted,backbone.layer3,18,18,18,0.31993067264556885,0.4689345359802246,0.39443260431289673
266,lejepa,gradcam,predicted,backbone.layer3,18,34,34,0.08800629526376724,0.08713766187429428,0.08757197856903076
267,lejepa,gradcam,predicted,backbone.layer3,18,44,44,-0.44275909662246704,0.2615501880645752,-0.09060445427894592
268,lejepa,gradcam,predicted,backbone.layer3,18,18,18,0.23142558336257935,0.5050675272941589,0.36824655532836914
269,lejepa,gradcam,predicted,backbone.layer3,18,39,39,-0.08424633741378784,0.1867535412311554,0.05125360190868378
270,lejepa,gradcam,predicted,backbone.layer3,18,23,23,-0.2937772274017334,0.23366378247737885,-0.030056722462177277
271,lejepa,gradcam,predicted,backbone.layer3,18,16,16,0.46422678232192993,0.39437198638916016,0.42929938435554504
272,lejepa,gradcam,predicted,backbone.layer3,18,38,38,0.5272901654243469,0.3113115429878235,0.4193008542060852
273,lejepa,gradcam,predicted,backbone.layer3,18,18,18,0.14297915995121002,0.44259291887283325,0.29278603941202164
274,lejepa,gradcam,predicted,backbone.layer3,18,18,18,-0.41343954205513,0.375823050737381,-0.01880824565887451
275,lejepa,gradcam,predicted,backbone.layer3,18,26,26,-0.32725074887275696,0.12698069214820862,-0.10013502836227417
276,lejepa,gradcam,predicted,backbone.layer3,18,18,18,-0.3635670840740204,0.3686831295490265,0.0025580227375030518
277,lejepa,gradcam,predicted,backbone.layer3,19,19,19,0.06824389845132828,0.5379436612129211,0.3030937798321247
278,lejepa,gradcam,predicted,backbone.layer3,19,19,19,0.12539269030094147,0.4179457724094391,0.2716692313551903
279,lejepa,gradcam,predicted,backbone.layer3,19,29,29,-0.016767319291830063,0.27732616662979126,0.1302794236689806
280,lejepa,gradcam,predicted,backbone.layer3,19,19,19,0.20908348262310028,0.3053723871707916,0.25722793489694595
281,lejepa,gradcam,predicted,backbone.layer3,19,21,21,0.12099995464086533,0.2794697880744934,0.20023487135767937
282,lejepa,gradcam,predicted,backbone.layer3,19,16,16,0.5227605700492859,0.21877379715442657,0.37076718360185623
283,lejepa,gradcam,predicted,backbone.layer3,19,16,16,-0.2848741412162781,0.296608567237854,0.005867213010787964
284,lejepa,gradcam,predicted,backbone.layer3,19,19,19,-0.41265979409217834,0.3486170172691345,-0.03202138841152191
285,lejepa,gradcam,predicted,backbone.layer3,19,19,19,0.08560047298669815,0.5326730012893677,0.3091367371380329
286,lejepa,gradcam,predicted,backbone.layer3,19,19,19,0.07562566548585892,0.4074521064758301,0.2415388859808445
287,lejepa,gradcam,predicted,backbone.layer3,19,19,19,-0.25459951162338257,0.3081691265106201,0.026784807443618774
256,lejepa,gradcam,predicted,backbone.layer4,17,39,39,0.4376891255378723,0.5572154521942139,0.4974522888660431
257,lejepa,gradcam,predicted,backbone.layer4,17,17,17,0.6746728420257568,0.5971503257751465,0.6359115839004517
258,lejepa,gradcam,predicted,backbone.layer4,17,37,37,0.4721013903617859,0.5463479161262512,0.5092246532440186
259,lejepa,gradcam,predicted,backbone.layer4,17,17,17,0.3848060071468353,0.6086200475692749,0.4967130273580551
260,lejepa,gradcam,predicted,backbone.layer4,17,8,8,0.4518515467643738,0.5659225583076477,0.5088870525360107
261,lejepa,gradcam,predicted,backbone.layer4,17,38,38,0.7560502290725708,0.6112969517707825,0.6836735904216766
262,lejepa,gradcam,predicted,backbone.layer4,18,35,35,0.5504475831985474,0.6134970188140869,0.5819723010063171
263,lejepa,gradcam,predicted,backbone.layer4,18,18,18,0.45761024951934814,0.6037617325782776,0.5306859910488129
264,lejepa,gradcam,predicted,backbone.layer4,18,36,36,0.7355400323867798,0.5815141201019287,0.6585270762443542
265,lejepa,gradcam,predicted,backbone.layer4,18,18,18,0.12216083705425262,0.5056254863739014,0.313893161714077
266,lejepa,gradcam,predicted,backbone.layer4,18,34,34,0.5753474831581116,0.5540926456451416,0.5647200644016266
267,lejepa,gradcam,predicted,backbone.layer4,18,44,44,0.32843273878097534,0.5212535262107849,0.4248431324958801
268,lejepa,gradcam,predicted,backbone.layer4,18,18,18,0.4845806360244751,0.6469167470932007,0.5657486915588379
269,lejepa,gradcam,predicted,backbone.layer4,18,39,39,0.4915514588356018,0.5596933364868164,0.5256223976612091
270,lejepa,gradcam,predicted,backbone.layer4,18,23,23,0.5185247659683228,0.5057693123817444,0.5121470391750336
271,lejepa,gradcam,predicted,backbone.layer4,18,16,16,0.4809439182281494,0.5358465313911438,0.5083952248096466
272,lejepa,gradcam,predicted,backbone.layer4,18,38,38,0.5972350835800171,0.5964897871017456,0.5968624353408813
273,lejepa,gradcam,predicted,backbone.layer4,18,18,18,0.35772815346717834,0.5654128789901733,0.46157051622867584
274,lejepa,gradcam,predicted,backbone.layer4,18,18,18,0.5958409905433655,0.5687850117683411,0.5823130011558533
275,lejepa,gradcam,predicted,backbone.layer4,18,26,26,0.28906726837158203,0.5746526718139648,0.43185997009277344
276,lejepa,gradcam,predicted,backbone.layer4,18,18,18,0.2979074716567993,0.5647225975990295,0.43131503462791443
277,lejepa,gradcam,predicted,backbone.layer4,19,19,19,0.3260003924369812,0.5411644577980042,0.4335824251174927
278,lejepa,gradcam,predicted,backbone.layer4,19,19,19,0.21998926997184753,0.5388008952140808,0.3793950825929642
279,lejepa,gradcam,predicted,backbone.layer4,19,29,29,0.19718468189239502,0.5642082691192627,0.38069647550582886
280,lejepa,gradcam,predicted,backbone.layer4,19,19,19,0.41752949357032776,0.49285197257995605,0.4551907330751419
281,lejepa,gradcam,predicted,backbone.layer4,19,21,21,0.29336854815483093,0.5334872007369995,0.4134278744459152
282,lejepa,gradcam,predicted,backbone.layer4,19,16,16,0.47352135181427,0.5448857545852661,0.5092035531997681
283,lejepa,gradcam,predicted,backbone.layer4,19,16,16,0.5142786502838135,0.6029436588287354,0.5586111545562744
284,lejepa,gradcam,predicted,backbone.layer4,19,19,19,0.4768374562263489,0.5349238514900208,0.5058806538581848
285,lejepa,gradcam,predicted,backbone.layer4,19,19,19,0.30843207240104675,0.5257542133331299,0.4170931428670883
286,lejepa,gradcam,predicted,backbone.layer4,19,19,19,0.4286738336086273,0.5314512848854065,0.4800625592470169
287,lejepa,gradcam,predicted,backbone.layer4,19,19,19,0.39762502908706665,0.5370613932609558,0.46734321117401123
288,lejepa,gradcam,predicted,backbone.layer1,19,21,21,0.11291518807411194,0.361005961894989,0.23696057498455048
289,lejepa,gradcam,predicted,backbone.layer1,19,19,19,0.022004175931215286,0.3406766355037689,0.1813404057174921
290,lejepa,gradcam,predicted,backbone.layer1,20,25,25,0.37915608286857605,0.49876850843429565,0.43896229565143585
291,lejepa,gradcam,predicted,backbone.layer1,20,20,20,0.28796541690826416,0.2825358211994171,0.28525061905384064
292,lejepa,gradcam,predicted,backbone.layer1,20,20,20,-0.06557752937078476,0.07719540596008301,0.005808938294649124
293,lejepa,gradcam,predicted,backbone.layer1,20,25,25,0.16156454384326935,0.2505711019039154,0.20606782287359238
294,lejepa,gradcam,predicted,backbone.layer1,20,20,20,0.43058663606643677,0.4546409249305725,0.44261378049850464
295,lejepa,gradcam,predicted,backbone.layer1,20,35,35,-0.009157277643680573,0.38064470887184143,0.18574371561408043
296,lejepa,gradcam,predicted,backbone.layer1,20,35,35,0.048534754663705826,0.08249744027853012,0.06551609747111797
297,lejepa,gradcam,predicted,backbone.layer1,20,20,20,0.01801098696887493,0.17857412993907928,0.09829255845397711
298,lejepa,gradcam,predicted,backbone.layer1,20,20,20,0.31708210706710815,0.36247518658638,0.3397786468267441
299,lejepa,gradcam,predicted,backbone.layer1,20,20,20,0.05281015485525131,0.42141202092170715,0.23711108788847923
300,lejepa,gradcam,predicted,backbone.layer1,20,25,25,0.21360009908676147,0.21125689148902893,0.2124284952878952
301,lejepa,gradcam,predicted,backbone.layer1,20,25,25,0.05487305298447609,0.03484907001256943,0.04486106149852276
302,lejepa,gradcam,predicted,backbone.layer1,21,21,21,0.022055871784687042,0.003587952349334955,0.012821912067010999
303,lejepa,gradcam,predicted,backbone.layer1,21,21,21,0.17334267497062683,0.07516133785247803,0.12425200641155243
304,lejepa,gradcam,predicted,backbone.layer1,21,21,21,0.06433548033237457,0.06460899859666824,0.06447223946452141
305,lejepa,gradcam,predicted,backbone.layer1,21,21,21,-0.1017056480050087,0.04222753643989563,-0.029739055782556534
306,lejepa,gradcam,predicted,backbone.layer1,21,35,35,-0.12151096016168594,0.44024717807769775,0.1593681089580059
307,lejepa,gradcam,predicted,backbone.layer1,21,28,28,0.015301493927836418,0.1875973343849182,0.10144941415637732
308,lejepa,gradcam,predicted,backbone.layer1,21,21,21,-0.14114467799663544,0.27362391352653503,0.0662396177649498
309,lejepa,gradcam,predicted,backbone.layer1,21,21,21,0.20289693772792816,0.4221761226654053,0.3125365301966667
310,lejepa,gradcam,predicted,backbone.layer1,21,30,30,0.03859887272119522,0.24445465207099915,0.14152676239609718
311,lejepa,gradcam,predicted,backbone.layer1,21,21,21,-0.11298689246177673,0.31441497802734375,0.10071404278278351
312,lejepa,gradcam,predicted,backbone.layer1,21,21,21,0.0008246516226790845,0.20314253866672516,0.10198359514470212
313,lejepa,gradcam,predicted,backbone.layer1,21,21,21,-0.006273810286074877,0.3478790819644928,0.17080263583920896
314,lejepa,gradcam,predicted,backbone.layer1,21,19,19,-0.028475569561123848,0.26056087017059326,0.1160426503047347
315,lejepa,gradcam,predicted,backbone.layer1,21,19,19,0.061535805463790894,0.06435185670852661,0.06294383108615875
316,lejepa,gradcam,predicted,backbone.layer1,21,21,21,0.40473031997680664,0.15153421461582184,0.27813226729631424
317,lejepa,gradcam,predicted,backbone.layer1,22,22,22,0.28996893763542175,0.5190139412879944,0.40449143946170807
318,lejepa,gradcam,predicted,backbone.layer1,22,43,43,0.43540695309638977,0.4354444146156311,0.43542568385601044
319,lejepa,gradcam,predicted,backbone.layer1,22,19,19,0.46450239419937134,0.2296828031539917,0.3470925986766815
288,lejepa,gradcam,predicted,backbone.layer2,19,21,21,0.00040692873881198466,0.3962056338787079,0.19830628130875994
289,lejepa,gradcam,predicted,backbone.layer2,19,19,19,0.3176947832107544,0.14024002850055695,0.22896740585565567
290,lejepa,gradcam,predicted,backbone.layer2,20,25,25,0.3979472219944,0.05021924525499344,0.22408323362469673
291,lejepa,gradcam,predicted,backbone.layer2,20,20,20,-0.026350831612944603,0.15139523148536682,0.06252219993621111
292,lejepa,gradcam,predicted,backbone.layer2,20,20,20,-0.15974703431129456,0.21505317091941833,0.02765306830406189
293,lejepa,gradcam,predicted,backbone.layer2,20,25,25,0.1922282725572586,0.0929119810461998,0.1425701268017292
294,lejepa,gradcam,predicted,backbone.layer2,20,20,20,-0.038843099027872086,0.13615651428699493,0.048656707629561424
295,lejepa,gradcam,predicted,backbone.layer2,20,35,35,0.19960233569145203,0.35094788670539856,0.2752751111984253
296,lejepa,gradcam,predicted,backbone.layer2,20,35,35,0.19325923919677734,0.2944483757019043,0.24385380744934082
297,lejepa,gradcam,predicted,backbone.layer2,20,20,20,0.05938894674181938,0.2703080177307129,0.16484848223626614
298,lejepa,gradcam,predicted,backbone.layer2,20,20,20,-0.2275901734828949,0.0646868571639061,-0.0814516581594944
299,lejepa,gradcam,predicted,backbone.layer2,20,20,20,-0.09732029587030411,0.2802676856517792,0.09147369489073753
300,lejepa,gradcam,predicted,backbone.layer2,20,25,25,0.22868898510932922,0.11713070422410965,0.17290984466671944
301,lejepa,gradcam,predicted,backbone.layer2,20,25,25,-0.23690220713615417,0.060594137758016586,-0.0881540346890688
302,lejepa,gradcam,predicted,backbone.layer2,21,21,21,0.25174465775489807,0.34696152806282043,0.29935309290885925
303,lejepa,gradcam,predicted,backbone.layer2,21,21,21,0.18282285332679749,0.24401196837425232,0.2134174108505249
304,lejepa,gradcam,predicted,backbone.layer2,21,21,21,-0.0541558712720871,0.2346935123205185,0.0902688205242157
305,lejepa,gradcam,predicted,backbone.layer2,21,21,21,0.005201401188969612,0.40954577922821045,0.20737359020859003
306,lejepa,gradcam,predicted,backbone.layer2,21,35,35,0.17377175390720367,0.2663184106349945,0.2200450822710991
307,lejepa,gradcam,predicted,backbone.layer2,21,28,28,-0.24644125998020172,0.08523373305797577,-0.08060376346111298
308,lejepa,gradcam,predicted,backbone.layer2,21,21,21,-0.111286960542202,0.3398727476596832,0.11429289355874062
309,lejepa,gradcam,predicted,backbone.layer2,21,21,21,0.06253691762685776,0.1738605499267578,0.11819873377680779
310,lejepa,gradcam,predicted,backbone.layer2,21,30,30,0.2870407700538635,0.41831517219543457,0.35267797112464905
311,lejepa,gradcam,predicted,backbone.layer2,21,21,21,-0.18293991684913635,0.3220188021659851,0.06953944265842438
312,lejepa,gradcam,predicted,backbone.layer2,21,21,21,0.11203810572624207,0.1551142781972885,0.1335761919617653
313,lejepa,gradcam,predicted,backbone.layer2,21,21,21,0.13492567837238312,0.3595387041568756,0.24723219126462936
314,lejepa,gradcam,predicted,backbone.layer2,21,19,19,0.44999682903289795,0.316168874502182,0.38308285176754
315,lejepa,gradcam,predicted,backbone.layer2,21,19,19,-0.001001766067929566,0.3239668309688568,0.16148253245046362
316,lejepa,gradcam,predicted,backbone.layer2,21,21,21,0.2778843343257904,0.2738321125507355,0.27585822343826294
317,lejepa,gradcam,predicted,backbone.layer2,22,22,22,0.20903080701828003,0.37197181582450867,0.29050131142139435
318,lejepa,gradcam,predicted,backbone.layer2,22,43,43,-0.1595434993505478,0.06365279108285904,-0.047945354133844376
319,lejepa,gradcam,predicted,backbone.layer2,22,19,19,-0.18606634438037872,0.27252355217933655,0.04322860389947891
288,lejepa,gradcam,predicted,backbone.layer3,19,21,21,0.20891591906547546,0.36580631136894226,0.28736111521720886
289,lejepa,gradcam,predicted,backbone.layer3,19,19,19,0.23274001479148865,0.22018587589263916,0.2264629453420639
290,lejepa,gradcam,predicted,backbone.layer3,20,25,25,0.7841807007789612,0.627771258354187,0.7059759795665741
291,lejepa,gradcam,predicted,backbone.layer3,20,20,20,0.43312543630599976,0.39631205797195435,0.41471874713897705
292,lejepa,gradcam,predicted,backbone.layer3,20,20,20,0.18512003123760223,0.33758625388145447,0.26135314255952835
293,lejepa,gradcam,predicted,backbone.layer3,20,25,25,0.6631762981414795,0.5160745978355408,0.5896254479885101
294,lejepa,gradcam,predicted,backbone.layer3,20,20,20,0.7627843618392944,0.5457735061645508,0.6542789340019226
295,lejepa,gradcam,predicted,backbone.layer3,20,35,35,0.345050573348999,0.579063892364502,0.4620572328567505
296,lejepa,gradcam,predicted,backbone.layer3,20,35,35,0.4322514533996582,0.5635607838630676,0.4979061186313629
297,lejepa,gradcam,predicted,backbone.layer3,20,20,20,-0.2457343488931656,0.1366366744041443,-0.05454883724451065
298,lejepa,gradcam,predicted,backbone.layer3,20,20,20,-0.1241009533405304,0.23014836013317108,0.05302370339632034
299,lejepa,gradcam,predicted,backbone.layer3,20,20,20,-0.3676341474056244,0.15226726233959198,-0.1076834425330162
300,lejepa,gradcam,predicted,backbone.layer3,20,25,25,0.3164333999156952,0.3738001883029938,0.3451167941093445
301,lejepa,gradcam,predicted,backbone.layer3,20,25,25,0.6763694882392883,0.47573477029800415,0.5760521292686462
302,lejepa,gradcam,predicted,backbone.layer3,21,21,21,0.09815448522567749,0.27587994933128357,0.18701721727848053
303,lejepa,gradcam,predicted,backbone.layer3,21,21,21,0.12905985116958618,0.14827536046504974,0.13866760581731796
304,lejepa,gradcam,predicted,backbone.layer3,21,21,21,-0.13593648374080658,0.22196999192237854,0.04301675409078598
305,lejepa,gradcam,predicted,backbone.layer3,21,21,21,0.38498741388320923,0.3369026780128479,0.36094504594802856
306,lejepa,gradcam,predicted,backbone.layer3,21,35,35,-0.2148742824792862,0.3541510999202728,0.06963840872049332
307,lejepa,gradcam,predicted,backbone.layer3,21,28,28,0.05807124823331833,0.21987426280975342,0.13897275552153587
308,lejepa,gradcam,predicted,backbone.layer3,21,21,21,0.5038650631904602,0.4501819908618927,0.47702352702617645
309,lejepa,gradcam,predicted,backbone.layer3,21,21,21,-0.029952779412269592,0.18050603568553925,0.07527662813663483
310,lejepa,gradcam,predicted,backbone.layer3,21,30,30,-0.3701176941394806,0.18262237310409546,-0.09374766051769257
311,lejepa,gradcam,predicted,backbone.layer3,21,21,21,-0.325078547000885,0.18789982795715332,-0.06858935952186584
312,lejepa,gradcam,predicted,backbone.layer3,21,21,21,-0.09141070395708084,0.09142417460680008,6.735324859619141e-06
313,lejepa,gradcam,predicted,backbone.layer3,21,21,21,0.16032709181308746,0.3567781150341034,0.25855260342359543
314,lejepa,gradcam,predicted,backbone.layer3,21,19,19,0.4675576984882355,0.2844032049179077,0.3759804517030716
315,lejepa,gradcam,predicted,backbone.layer3,21,19,19,-0.3588959276676178,0.15637260675430298,-0.10126166045665741
316,lejepa,gradcam,predicted,backbone.layer3,21,21,21,0.007301835808902979,0.17614179849624634,0.09172181715257466
317,lejepa,gradcam,predicted,backbone.layer3,22,22,22,0.4138474464416504,0.3391222357749939,0.37648484110832214
318,lejepa,gradcam,predicted,backbone.layer3,22,43,43,-0.4382053315639496,0.0704616829752922,-0.1838718242943287
319,lejepa,gradcam,predicted,backbone.layer3,22,19,19,-0.49935421347618103,0.33390673995018005,-0.08272373676300049
288,lejepa,gradcam,predicted,backbone.layer4,19,21,21,0.5256698727607727,0.5101293325424194,0.5178996026515961
289,lejepa,gradcam,predicted,backbone.layer4,19,19,19,0.5310409665107727,0.5238149762153625,0.5274279713630676
290,lejepa,gradcam,predicted,backbone.layer4,20,25,25,0.6249207258224487,0.5861254930496216,0.6055231094360352
291,lejepa,gradcam,predicted,backbone.layer4,20,20,20,0.284727543592453,0.5327773690223694,0.4087524563074112
292,lejepa,gradcam,predicted,backbone.layer4,20,20,20,0.4234703779220581,0.5428451299667358,0.483157753944397
293,lejepa,gradcam,predicted,backbone.layer4,20,25,25,0.5667600631713867,0.543093204498291,0.5549266338348389
294,lejepa,gradcam,predicted,backbone.layer4,20,20,20,0.6418837904930115,0.5864835977554321,0.6141836941242218
295,lejepa,gradcam,predicted,backbone.layer4,20,35,35,0.23075935244560242,0.578028678894043,0.4043940156698227
296,lejepa,gradcam,predicted,backbone.layer4,20,35,35,0.560588002204895,0.5825597643852234,0.5715738832950592
297,lejepa,gradcam,predicted,backbone.layer4,20,20,20,0.5009632706642151,0.5504167079925537,0.5256899893283844
298,lejepa,gradcam,predicted,backbone.layer4,20,20,20,0.22269850969314575,0.47735595703125,0.3500272333621979
299,lejepa,gradcam,predicted,backbone.layer4,20,20,20,0.42519423365592957,0.5120772123336792,0.4686357229948044
300,lejepa,gradcam,predicted,backbone.layer4,20,25,25,0.5658044815063477,0.5590794086456299,0.5624419450759888
301,lejepa,gradcam,predicted,backbone.layer4,20,25,25,0.4596368968486786,0.5284725427627563,0.49405471980571747
302,lejepa,gradcam,predicted,backbone.layer4,21,21,21,0.36132025718688965,0.5547676086425781,0.4580439329147339
303,lejepa,gradcam,predicted,backbone.layer4,21,21,21,0.7742007970809937,0.636063814163208,0.7051323056221008
304,lejepa,gradcam,predicted,backbone.layer4,21,21,21,0.6426229476928711,0.5296781659126282,0.5861505568027496
305,lejepa,gradcam,predicted,backbone.layer4,21,21,21,0.5918142795562744,0.5559862852096558,0.5739002823829651
306,lejepa,gradcam,predicted,backbone.layer4,21,35,35,0.7231826782226562,0.6383719444274902,0.6807773113250732
307,lejepa,gradcam,predicted,backbone.layer4,21,28,28,0.6345531940460205,0.5830687284469604,0.6088109612464905
308,lejepa,gradcam,predicted,backbone.layer4,21,21,21,0.5024353861808777,0.5228073596954346,0.5126213729381561
309,lejepa,gradcam,predicted,backbone.layer4,21,21,21,0.23731598258018494,0.5079737305641174,0.3726448565721512
310,lejepa,gradcam,predicted,backbone.layer4,21,30,30,0.3415566384792328,0.5692570209503174,0.4554068297147751
311,lejepa,gradcam,predicted,backbone.layer4,21,21,21,0.3383656442165375,0.49526017904281616,0.4168129116296768
312,lejepa,gradcam,predicted,backbone.layer4,21,21,21,0.6935490965843201,0.5961284041404724,0.6448387503623962
313,lejepa,gradcam,predicted,backbone.layer4,21,21,21,0.4988049864768982,0.5398436784744263,0.5193243324756622
314,lejepa,gradcam,predicted,backbone.layer4,21,19,19,0.7320650815963745,0.5827702879905701,0.6574176847934723
315,lejepa,gradcam,predicted,backbone.layer4,21,19,19,0.7623087167739868,0.5549293160438538,0.6586190164089203
316,lejepa,gradcam,predicted,backbone.layer4,21,21,21,0.6857323050498962,0.5398029685020447,0.6127676367759705
317,lejepa,gradcam,predicted,backbone.layer4,22,22,22,0.5203332304954529,0.6305669546127319,0.5754500925540924
318,lejepa,gradcam,predicted,backbone.layer4,22,43,43,0.11329743266105652,0.5090866684913635,0.31119205057621
319,lejepa,gradcam,predicted,backbone.layer4,22,19,19,0.12765812873840332,0.49959596991539,0.31362704932689667
320,lejepa,gradcam,predicted,backbone.layer1,22,22,22,0.05645596235990524,0.4846062660217285,0.2705311141908169
321,lejepa,gradcam,predicted,backbone.layer1,22,26,26,0.3015983998775482,0.5060091018676758,0.403803750872612
322,lejepa,gradcam,predicted,backbone.layer1,22,18,18,0.2506827116012573,0.36007311940193176,0.30537791550159454
323,lejepa,gradcam,predicted,backbone.layer1,22,38,38,-0.04802165552973747,0.13637661933898926,0.04417748190462589
324,lejepa,gradcam,predicted,backbone.layer1,22,46,46,0.5693454742431641,0.41448771953582764,0.49191659688949585
325,lejepa,gradcam,predicted,backbone.layer1,22,18,18,0.0027656243182718754,0.3643541932106018,0.18355990876443684
326,lejepa,gradcam,predicted,backbone.layer1,22,39,39,0.06527145206928253,0.23791643977165222,0.15159394592046738
327,lejepa,gradcam,predicted,backbone.layer1,22,22,22,0.19724589586257935,0.2776940166950226,0.23746995627880096
328,lejepa,gradcam,predicted,backbone.layer1,22,18,18,0.1922633796930313,0.35442954301834106,0.2733464613556862
329,lejepa,gradcam,predicted,backbone.layer1,22,26,26,0.35651540756225586,0.34213265776634216,0.349324032664299
330,lejepa,gradcam,predicted,backbone.layer1,22,38,38,0.005817865952849388,0.06221392750740051,0.03401589673012495
331,lejepa,gradcam,predicted,backbone.layer1,22,22,22,0.10792054980993271,0.34382644295692444,0.22587349638342857
332,lejepa,gradcam,predicted,backbone.layer1,22,32,32,0.1125347763299942,0.3072774112224579,0.20990609377622604
333,lejepa,gradcam,predicted,backbone.layer1,22,18,18,0.21313408017158508,0.3733343482017517,0.2932342141866684
334,lejepa,gradcam,predicted,backbone.layer1,22,46,46,0.38617050647735596,0.37398502230644226,0.3800777643918991
335,lejepa,gradcam,predicted,backbone.layer1,22,18,18,-0.03306048735976219,0.20351284742355347,0.08522618003189564
336,lejepa,gradcam,predicted,backbone.layer1,23,38,38,0.212032750248909,0.17267566919326782,0.1923542097210884
337,lejepa,gradcam,predicted,backbone.layer1,23,20,20,0.10483928769826889,0.09028501063585281,0.09756214916706085
338,lejepa,gradcam,predicted,backbone.layer1,23,23,23,0.2072567343711853,0.3551686406135559,0.2812126874923706
339,lejepa,gradcam,predicted,backbone.layer1,23,23,23,0.10786677896976471,0.28007957339286804,0.19397317618131638
340,lejepa,gradcam,predicted,backbone.layer1,23,17,17,0.043750517070293427,0.07065767794847488,0.057204097509384155
341,lejepa,gradcam,predicted,backbone.layer1,23,23,23,0.2748185992240906,0.18135607242584229,0.22808733582496643
342,lejepa,gradcam,predicted,backbone.layer1,23,23,23,0.18887217342853546,0.48899540305137634,0.3389337882399559
343,lejepa,gradcam,predicted,backbone.layer1,23,23,23,-0.0846734493970871,0.40774106979370117,0.16153381019830704
344,lejepa,gradcam,predicted,backbone.layer1,23,40,40,0.524510383605957,0.28111207485198975,0.4028112292289734
345,lejepa,gradcam,predicted,backbone.layer1,23,23,23,-0.016744960099458694,0.17564138770103455,0.07944821380078793
346,lejepa,gradcam,predicted,backbone.layer1,23,8,8,0.10031864047050476,0.4240613579750061,0.26218999922275543
347,lejepa,gradcam,predicted,backbone.layer1,23,35,35,0.11305536329746246,0.44357821345329285,0.27831678837537766
348,lejepa,gradcam,predicted,backbone.layer1,23,17,17,0.05607394501566887,0.05897315964102745,0.05752355232834816
349,lejepa,gradcam,predicted,backbone.layer1,24,36,36,0.41988062858581543,0.38271039724349976,0.4012955129146576
350,lejepa,gradcam,predicted,backbone.layer1,24,36,36,-0.07688621431589127,0.46403416991233826,0.1935739777982235
351,lejepa,gradcam,predicted,backbone.layer1,24,30,30,0.23091988265514374,0.13318833708763123,0.18205410987138748
320,lejepa,gradcam,predicted,backbone.layer2,22,22,22,0.2792418301105499,0.5367465615272522,0.40799419581890106
321,lejepa,gradcam,predicted,backbone.layer2,22,26,26,0.05795618146657944,0.2584701180458069,0.15821314975619316
322,lejepa,gradcam,predicted,backbone.layer2,22,18,18,0.31937554478645325,0.5267236232757568,0.42304958403110504
323,lejepa,gradcam,predicted,backbone.layer2,22,38,38,-0.1292150914669037,0.4069785475730896,0.13888172805309296
324,lejepa,gradcam,predicted,backbone.layer2,22,46,46,0.24612785875797272,0.4243449568748474,0.33523640781641006
325,lejepa,gradcam,predicted,backbone.layer2,22,18,18,0.2739804685115814,0.44568783044815063,0.35983414947986603
326,lejepa,gradcam,predicted,backbone.layer2,22,39,39,0.39492926001548767,0.32174283266067505,0.35833604633808136
327,lejepa,gradcam,predicted,backbone.layer2,22,22,22,0.2024938464164734,0.481056272983551,0.3417750597000122
328,lejepa,gradcam,predicted,backbone.layer2,22,18,18,0.141279935836792,0.5020776391029358,0.3216787874698639
329,lejepa,gradcam,predicted,backbone.layer2,22,26,26,-0.10442330688238144,0.4924478232860565,0.19401225820183754
330,lejepa,gradcam,predicted,backbone.layer2,22,38,38,-0.31922462582588196,0.10869789123535156,-0.1052633672952652
331,lejepa,gradcam,predicted,backbone.layer2,22,22,22,0.3811245858669281,0.29918184876441956,0.34015321731567383
332,lejepa,gradcam,predicted,backbone.layer2,22,32,32,-0.1608763188123703,0.31180429458618164,0.07546398788690567
333,lejepa,gradcam,predicted,backbone.layer2,22,18,18,0.2669427990913391,0.43444734811782837,0.35069507360458374
334,lejepa,gradcam,predicted,backbone.layer2,22,46,46,0.18174444139003754,0.5284189581871033,0.3550816997885704
335,lejepa,gradcam,predicted,backbone.layer2,22,18,18,-0.04084307327866554,0.46569445729255676,0.2124256920069456
336,lejepa,gradcam,predicted,backbone.layer2,23,38,38,-0.41316738724708557,0.3163473606109619,-0.04841001331806183
337,lejepa,gradcam,predicted,backbone.layer2,23,20,20,-0.2561340928077698,0.08573224395513535,-0.08520092442631721
338,lejepa,gradcam,predicted,backbone.layer2,23,23,23,0.4808363616466522,0.3163171112537384,0.3985767364501953
339,lejepa,gradcam,predicted,backbone.layer2,23,23,23,0.2290462851524353,0.24123287200927734,0.23513957858085632
340,lejepa,gradcam,predicted,backbone.layer2,23,17,17,0.3125064969062805,0.337133526802063,0.32482001185417175
341,lejepa,gradcam,predicted,backbone.layer2,23,23,23,0.17175991833209991,0.3275461196899414,0.24965301901102066
342,lejepa,gradcam,predicted,backbone.layer2,23,23,23,-0.05941176414489746,0.25132715702056885,0.0959576964378357
343,lejepa,gradcam,predicted,backbone.layer2,23,23,23,0.12550359964370728,0.06516362726688385,0.09533361345529556
344,lejepa,gradcam,predicted,backbone.layer2,23,40,40,-0.1766086369752884,0.35566025972366333,0.08952581137418747
345,lejepa,gradcam,predicted,backbone.layer2,23,23,23,-0.06404680013656616,0.32499948143959045,0.13047634065151215
346,lejepa,gradcam,predicted,backbone.layer2,23,8,8,0.2861204445362091,0.24513086676597595,0.26562565565109253
347,lejepa,gradcam,predicted,backbone.layer2,23,35,35,0.16763371229171753,0.3302648365497589,0.24894927442073822
348,lejepa,gradcam,predicted,backbone.layer2,23,17,17,0.10234802961349487,0.14093489944934845,0.12164146453142166
349,lejepa,gradcam,predicted,backbone.layer2,24,36,36,0.18099355697631836,0.4143502116203308,0.2976718842983246
350,lejepa,gradcam,predicted,backbone.layer2,24,36,36,-0.12811551988124847,0.5579597353935242,0.21492210775613785
351,lejepa,gradcam,predicted,backbone.layer2,24,30,30,0.438009113073349,0.5448545813560486,0.4914318472146988
320,lejepa,gradcam,predicted,backbone.layer3,22,22,22,0.360212117433548,0.5304867625236511,0.44534943997859955
321,lejepa,gradcam,predicted,backbone.layer3,22,26,26,-0.12145857512950897,0.3280760645866394,0.10330874472856522
322,lejepa,gradcam,predicted,backbone.layer3,22,18,18,0.5650470852851868,0.527863621711731,0.5464553534984589
323,lejepa,gradcam,predicted,backbone.layer3,22,38,38,-0.10594352334737778,0.23473691940307617,0.0643966980278492
324,lejepa,gradcam,predicted,backbone.layer3,22,46,46,0.19685028493404388,0.3775939643383026,0.28722212463617325
325,lejepa,gradcam,predicted,backbone.layer3,22,18,18,0.1083962619304657,0.31340181827545166,0.21089904010295868
326,lejepa,gradcam,predicted,backbone.layer3,22,39,39,0.4849477708339691,0.4022924602031708,0.44362011551856995
327,lejepa,gradcam,predicted,backbone.layer3,22,22,22,0.048268288373947144,0.26134204864501953,0.15480516850948334
328,lejepa,gradcam,predicted,backbone.layer3,22,18,18,-0.0651395246386528,0.38644665479660034,0.16065356507897377
329,lejepa,gradcam,predicted,backbone.layer3,22,26,26,-0.007737660314887762,0.32565832138061523,0.15896033053286374
330,lejepa,gradcam,predicted,backbone.layer3,22,38,38,-0.3274322748184204,0.09559346735477448,-0.11591940373182297
331,lejepa,gradcam,predicted,backbone.layer3,22,22,22,0.5048806667327881,0.3018363416194916,0.40335850417613983
332,lejepa,gradcam,predicted,backbone.layer3,22,32,32,0.2916387915611267,0.2765199542045593,0.284079372882843
333,lejepa,gradcam,predicted,backbone.layer3,22,18,18,0.6067090034484863,0.509695827960968,0.5582024157047272
334,lejepa,gradcam,predicted,backbone.layer3,22,46,46,0.6510128974914551,0.5239790081977844,0.5874959528446198
335,lejepa,gradcam,predicted,backbone.layer3,22,18,18,-0.11987757682800293,0.39106303453445435,0.1355927288532257
336,lejepa,gradcam,predicted,backbone.layer3,23,38,38,-0.026509813964366913,0.20725245773792267,0.09037132188677788
337,lejepa,gradcam,predicted,backbone.layer3,23,20,20,0.21015647053718567,0.38864874839782715,0.2994026094675064
338,lejepa,gradcam,predicted,backbone.layer3,23,23,23,-0.34794971346855164,0.17979469895362854,-0.08407750725746155
339,lejepa,gradcam,predicted,backbone.layer3,23,23,23,0.36547547578811646,0.39221373200416565,0.37884460389614105
340,lejepa,gradcam,predicted,backbone.layer3,23,17,17,0.456153005361557,0.3013576865196228,0.3787553459405899
341,lejepa,gradcam,predicted,backbone.layer3,23,23,23,-0.06260333210229874,0.14886139333248138,0.043129030615091324
342,lejepa,gradcam,predicted,backbone.layer3,23,23,23,-0.22529111802577972,0.2504204213619232,0.012564651668071747
343,lejepa,gradcam,predicted,backbone.layer3,23,23,23,-0.15558215975761414,0.04635798558592796,-0.054612087085843086
344,lejepa,gradcam,predicted,backbone.layer3,23,40,40,-0.048586856573820114,0.28093159198760986,0.11617236770689487
345,lejepa,gradcam,predicted,backbone.layer3,23,23,23,-0.08033713698387146,0.10100635886192322,0.010334610939025879
346,lejepa,gradcam,predicted,backbone.layer3,23,8,8,-0.12494134902954102,0.252905935049057,0.063982293009758
347,lejepa,gradcam,predicted,backbone.layer3,23,35,35,0.03104216232895851,0.27530890703201294,0.15317553468048573
348,lejepa,gradcam,predicted,backbone.layer3,23,17,17,-0.15425054728984833,0.16763059794902802,0.006690025329589844
349,lejepa,gradcam,predicted,backbone.layer3,24,36,36,-0.11104479432106018,0.35405272245407104,0.12150396406650543
350,lejepa,gradcam,predicted,backbone.layer3,24,36,36,-0.21727432310581207,0.11737258732318878,-0.049950867891311646
351,lejepa,gradcam,predicted,backbone.layer3,24,30,30,0.5450846552848816,0.38160642981529236,0.463345542550087
320,lejepa,gradcam,predicted,backbone.layer4,22,22,22,0.49170640110969543,0.509086012840271,0.5003962069749832
321,lejepa,gradcam,predicted,backbone.layer4,22,26,26,0.6483733057975769,0.5834383368492126,0.6159058213233948
322,lejepa,gradcam,predicted,backbone.layer4,22,18,18,0.42170801758766174,0.5866678953170776,0.5041879564523697
323,lejepa,gradcam,predicted,backbone.layer4,22,38,38,0.5551843047142029,0.5680698156356812,0.561627060174942
324,lejepa,gradcam,predicted,backbone.layer4,22,46,46,0.2525061070919037,0.47493094205856323,0.36371852457523346
325,lejepa,gradcam,predicted,backbone.layer4,22,18,18,0.46138104796409607,0.5930312871932983,0.5272061675786972
326,lejepa,gradcam,predicted,backbone.layer4,22,39,39,0.6744527816772461,0.596530020236969,0.6354914009571075
327,lejepa,gradcam,predicted,backbone.layer4,22,22,22,0.5250512957572937,0.5568933486938477,0.5409723222255707
328,lejepa,gradcam,predicted,backbone.layer4,22,18,18,0.26079219579696655,0.5816918611526489,0.42124202847480774
329,lejepa,gradcam,predicted,backbone.layer4,22,26,26,0.5900449156761169,0.5706483721733093,0.5803466439247131
330,lejepa,gradcam,predicted,backbone.layer4,22,38,38,0.7174608111381531,0.6099923849105835,0.6637265980243683
331,lejepa,gradcam,predicted,backbone.layer4,22,22,22,0.7650240659713745,0.6232007741928101,0.6941124200820923
332,lejepa,gradcam,predicted,backbone.layer4,22,32,32,0.7339029312133789,0.5552694797515869,0.6445862054824829
333,lejepa,gradcam,predicted,backbone.layer4,22,18,18,0.586738109588623,0.5597823262214661,0.5732602179050446
334,lejepa,gradcam,predicted,backbone.layer4,22,46,46,0.36279386281967163,0.5003418326377869,0.43156784772872925
335,lejepa,gradcam,predicted,backbone.layer4,22,18,18,0.3922335207462311,0.5256084203720093,0.4589209705591202
336,lejepa,gradcam,predicted,backbone.layer4,23,38,38,0.5166338086128235,0.6251725554466248,0.5709031820297241
337,lejepa,gradcam,predicted,backbone.layer4,23,20,20,0.6141574382781982,0.5854250192642212,0.5997912287712097
338,lejepa,gradcam,predicted,backbone.layer4,23,23,23,0.6335284113883972,0.5410815477371216,0.5873049795627594
339,lejepa,gradcam,predicted,backbone.layer4,23,23,23,0.6785154342651367,0.5991383790969849,0.6388269066810608
340,lejepa,gradcam,predicted,backbone.layer4,23,17,17,0.49037498235702515,0.48178693652153015,0.48608095943927765
341,lejepa,gradcam,predicted,backbone.layer4,23,23,23,0.4362035393714905,0.541348934173584,0.48877623677253723
342,lejepa,gradcam,predicted,backbone.layer4,23,23,23,0.5543142557144165,0.6041919589042664,0.5792531073093414
343,lejepa,gradcam,predicted,backbone.layer4,23,23,23,0.47997617721557617,0.5911677479743958,0.535571962594986
344,lejepa,gradcam,predicted,backbone.layer4,23,40,40,0.5355634689331055,0.5193365216255188,0.5274499952793121
345,lejepa,gradcam,predicted,backbone.layer4,23,23,23,0.7624363303184509,0.5936335325241089,0.6780349314212799
346,lejepa,gradcam,predicted,backbone.layer4,23,8,8,0.5181229114532471,0.5380576848983765,0.5280902981758118
347,lejepa,gradcam,predicted,backbone.layer4,23,35,35,0.33208075165748596,0.5742684006690979,0.45317457616329193
348,lejepa,gradcam,predicted,backbone.layer4,23,17,17,0.4834749698638916,0.5533227324485779,0.5183988511562347
349,lejepa,gradcam,predicted,backbone.layer4,24,36,36,0.34187474846839905,0.6503230929374695,0.49609892070293427
350,lejepa,gradcam,predicted,backbone.layer4,24,36,36,0.5676673054695129,0.5317376255989075,0.5497024655342102
351,lejepa,gradcam,predicted,backbone.layer4,24,30,30,0.5491089224815369,0.5716868042945862,0.5603978633880615
352,lejepa,gradcam,predicted,backbone.layer1,24,33,33,-0.01770281232893467,0.3549385070800781,0.16861784737557173
353,lejepa,gradcam,predicted,backbone.layer1,24,32,32,-0.3361823856830597,0.3206377923488617,-0.007772296667098999
354,lejepa,gradcam,predicted,backbone.layer1,24,47,47,0.19541451334953308,0.1378161460161209,0.166615329682827
355,lejepa,gradcam,predicted,backbone.layer1,24,47,47,0.49667254090309143,0.3301684260368347,0.4134204834699631
356,lejepa,gradcam,predicted,backbone.layer1,24,34,34,0.07157326489686966,0.25474491715431213,0.1631590910255909
357,lejepa,gradcam,predicted,backbone.layer1,24,24,24,0.1519692987203598,0.15791025757789612,0.15493977814912796
358,lejepa,gradcam,predicted,backbone.layer1,24,34,34,0.1338513195514679,0.4601539075374603,0.2970026135444641
359,lejepa,gradcam,predicted,backbone.layer1,24,26,26,-0.22746878862380981,0.0776817798614502,-0.07489350438117981
360,lejepa,gradcam,predicted,backbone.layer1,24,23,23,0.17714795470237732,0.03010522946715355,0.10362659208476543
361,lejepa,gradcam,predicted,backbone.layer1,25,37,37,0.15512534976005554,0.10498763620853424,0.1300564929842949
362,lejepa,gradcam,predicted,backbone.layer1,25,25,25,0.29485413432121277,0.3225163519382477,0.3086852431297302
363,lejepa,gradcam,predicted,backbone.layer1,25,25,25,0.5433571934700012,0.3804284930229187,0.46189284324645996
364,lejepa,gradcam,predicted,backbone.layer1,25,25,25,-0.17174218595027924,0.038010746240615845,-0.0668657198548317
365,lejepa,gradcam,predicted,backbone.layer1,25,16,16,0.4299026131629944,0.2845487892627716,0.357225701212883
366,lejepa,gradcam,predicted,backbone.layer1,25,20,20,-0.043682605028152466,0.0732186958193779,0.014768045395612717
367,lejepa,gradcam,predicted,backbone.layer1,25,25,25,0.44113439321517944,0.3099629580974579,0.37554867565631866
368,lejepa,gradcam,predicted,backbone.layer1,25,25,25,0.4723542332649231,0.3190436065196991,0.3956989198923111
369,lejepa,gradcam,predicted,backbone.layer1,25,25,25,0.03942030295729637,0.3057239353656769,0.17257211916148663
370,lejepa,gradcam,predicted,backbone.layer1,25,25,25,0.399640291929245,0.34015753865242004,0.3698989152908325
371,lejepa,gradcam,predicted,backbone.layer1,25,25,25,0.08769863098859787,0.08088258653879166,0.08429060876369476
372,lejepa,gradcam,predicted,backbone.layer1,25,16,16,-0.05676047131419182,0.013201946392655373,-0.021779262460768223
373,lejepa,gradcam,predicted,backbone.layer1,25,37,37,0.076160728931427,0.1898452341556549,0.13300298154354095
374,lejepa,gradcam,predicted,backbone.layer1,25,25,25,0.23379267752170563,0.3501625955104828,0.2919776365160942
375,lejepa,gradcam,predicted,backbone.layer1,26,43,43,0.14498788118362427,0.20166656374931335,0.1733272224664688
376,lejepa,gradcam,predicted,backbone.layer1,26,47,47,0.08619692921638489,0.24760083854198456,0.16689888387918472
377,lejepa,gradcam,predicted,backbone.layer1,26,2,2,0.009679301641881466,0.16984184086322784,0.08976057125255466
378,lejepa,gradcam,predicted,backbone.layer1,26,39,39,0.028328610584139824,0.20787134766578674,0.11809997912496328
379,lejepa,gradcam,predicted,backbone.layer1,26,24,24,0.034276291728019714,0.1367960125207901,0.08553615212440491
380,lejepa,gradcam,predicted,backbone.layer1,26,29,29,-0.00749371899291873,0.15245136618614197,0.07247882359661162
381,lejepa,gradcam,predicted,backbone.layer1,26,26,26,0.11444579064846039,0.0641065388917923,0.08927616477012634
382,lejepa,gradcam,predicted,backbone.layer1,26,33,33,0.057422298938035965,0.21230851113796234,0.13486540503799915
383,lejepa,gradcam,predicted,backbone.layer1,26,36,36,0.1030915305018425,0.09840814769268036,0.10074983909726143
352,lejepa,gradcam,predicted,backbone.layer2,24,33,33,0.10679564625024796,0.2992646098136902,0.20303012803196907
353,lejepa,gradcam,predicted,backbone.layer2,24,32,32,-0.1740291863679886,0.20042301714420319,0.0131969153881073
354,lejepa,gradcam,predicted,backbone.layer2,24,47,47,0.40134769678115845,0.4556084871292114,0.42847809195518494
355,lejepa,gradcam,predicted,backbone.layer2,24,47,47,0.029676547273993492,0.1285245418548584,0.07910054456442595
356,lejepa,gradcam,predicted,backbone.layer2,24,34,34,-0.29057374596595764,0.14354027807712555,-0.07351673394441605
357,lejepa,gradcam,predicted,backbone.layer2,24,24,24,0.1973901242017746,0.2975572943687439,0.24747370928525925
358,lejepa,gradcam,predicted,backbone.layer2,24,34,34,-0.028169948607683182,0.0691724419593811,0.02050124667584896
359,lejepa,gradcam,predicted,backbone.layer2,24,26,26,0.5961173176765442,0.5559518337249756,0.5760345757007599
360,lejepa,gradcam,predicted,backbone.layer2,24,23,23,0.06228455901145935,0.2849941849708557,0.17363937199115753
361,lejepa,gradcam,predicted,backbone.layer2,25,37,37,-0.12249729037284851,0.16358999907970428,0.020546354353427887
362,lejepa,gradcam,predicted,backbone.layer2,25,25,25,-0.04732561856508255,0.07413827627897263,0.013406328856945038
363,lejepa,gradcam,predicted,backbone.layer2,25,25,25,0.33883893489837646,0.24375396966934204,0.29129645228385925
364,lejepa,gradcam,predicted,backbone.layer2,25,25,25,-0.030230512842535973,0.1127474457025528,0.04125846643000841
365,lejepa,gradcam,predicted,backbone.layer2,25,16,16,0.12893764674663544,0.22092564404010773,0.17493164539337158
366,lejepa,gradcam,predicted,backbone.layer2,25,20,20,-0.027212271466851234,0.14190366864204407,0.057345698587596416
367,lejepa,gradcam,predicted,backbone.layer2,25,25,25,0.5640797019004822,0.3041278123855591,0.43410375714302063
368,lejepa,gradcam,predicted,backbone.layer2,25,25,25,0.37229788303375244,0.30327731370925903,0.33778759837150574
369,lejepa,gradcam,predicted,backbone.layer2,25,25,25,0.010376330465078354,0.10189678519964218,0.05613655783236027
370,lejepa,gradcam,predicted,backbone.layer2,25,25,25,-0.16806483268737793,0.1427076905965805,-0.012678571045398712
371,lejepa,gradcam,predicted,backbone.layer2,25,25,25,-0.19292885065078735,0.10258307307958603,-0.04517288878560066
372,lejepa,gradcam,predicted,backbone.layer2,25,16,16,-0.28978899121284485,0.13750241696834564,-0.0761432871222496
373,lejepa,gradcam,predicted,backbone.layer2,25,37,37,-0.1282190978527069,0.1134907603263855,-0.007364168763160706
374,lejepa,gradcam,predicted,backbone.layer2,25,25,25,0.0016211345791816711,0.24577069282531738,0.12369591370224953
375,lejepa,gradcam,predicted,backbone.layer2,26,43,43,-0.04834569990634918,0.3256099820137024,0.1386321410536766
376,lejepa,gradcam,predicted,backbone.layer2,26,47,47,0.2176230102777481,0.438648521900177,0.32813576608896255
377,lejepa,gradcam,predicted,backbone.layer2,26,2,2,-0.10277598351240158,0.31777358055114746,0.10749879851937294
378,lejepa,gradcam,predicted,backbone.layer2,26,39,39,0.04865090548992157,0.3771556317806244,0.21290326863527298
379,lejepa,gradcam,predicted,backbone.layer2,26,24,24,-0.12364277243614197,0.3024187982082367,0.08938801288604736
380,lejepa,gradcam,predicted,backbone.layer2,26,29,29,0.27022886276245117,0.5173043608665466,0.3937666118144989
381,lejepa,gradcam,predicted,backbone.layer2,26,26,26,0.19941619038581848,0.4003608226776123,0.2998885065317154
382,lejepa,gradcam,predicted,backbone.layer2,26,33,33,-0.18961292505264282,0.32429322600364685,0.06734015047550201
383,lejepa,gradcam,predicted,backbone.layer2,26,36,36,0.29387998580932617,0.5413047075271606,0.4175923466682434
352,lejepa,gradcam,predicted,backbone.layer3,24,33,33,-0.15005435049533844,0.3683627247810364,0.10915418714284897
353,lejepa,gradcam,predicted,backbone.layer3,24,32,32,0.23130325973033905,0.3659922182559967,0.2986477389931679
354,lejepa,gradcam,predicted,backbone.layer3,24,47,47,-0.05465557798743248,0.39585840702056885,0.17060141451656818
355,lejepa,gradcam,predicted,backbone.layer3,24,47,47,-0.41387972235679626,0.13624493777751923,-0.13881739228963852
356,lejepa,gradcam,predicted,backbone.layer3,24,34,34,-0.13172157108783722,0.18774428963661194,0.02801135927438736
357,lejepa,gradcam,predicted,backbone.layer3,24,24,24,-0.1339491754770279,0.1923283338546753,0.0291895791888237
358,lejepa,gradcam,predicted,backbone.layer3,24,34,34,-0.18968935310840607,0.01871395856142044,-0.08548769727349281
359,lejepa,gradcam,predicted,backbone.layer3,24,26,26,-0.2976723909378052,0.2010991871356964,-0.04828660190105438
360,lejepa,gradcam,predicted,backbone.layer3,24,23,23,-0.1719808727502823,0.18971602618694305,0.008867576718330383
361,lejepa,gradcam,predicted,backbone.layer3,25,37,37,0.1497977077960968,0.49610358476638794,0.32295064628124237
362,lejepa,gradcam,predicted,backbone.layer3,25,25,25,0.5825726389884949,0.5146777033805847,0.5486251711845398
363,lejepa,gradcam,predicted,backbone.layer3,25,25,25,0.3575439751148224,0.38581034541130066,0.3716771602630615
364,lejepa,gradcam,predicted,backbone.layer3,25,25,25,0.5993995070457458,0.5020841956138611,0.5507418513298035
365,lejepa,gradcam,predicted,backbone.layer3,25,16,16,0.1139407604932785,0.2841622829437256,0.19905152171850204
366,lejepa,gradcam,predicted,backbone.layer3,25,20,20,-0.3026391863822937,0.08935602009296417,-0.10664158314466476
367,lejepa,gradcam,predicted,backbone.layer3,25,25,25,0.7269461154937744,0.5047743320465088,0.6158602237701416
368,lejepa,gradcam,predicted,backbone.layer3,25,25,25,0.40441063046455383,0.46578261256217957,0.4350966215133667
369,lejepa,gradcam,predicted,backbone.layer3,25,25,25,0.3649679124355316,0.38213539123535156,0.3735516518354416
370,lejepa,gradcam,predicted,backbone.layer3,25,25,25,0.41891273856163025,0.23201881349086761,0.32546577602624893
371,lejepa,gradcam,predicted,backbone.layer3,25,25,25,-0.316743403673172,0.18688169121742249,-0.06493085622787476
372,lejepa,gradcam,predicted,backbone.layer3,25,16,16,-0.11174927651882172,0.29293665289878845,0.09059368818998337
373,lejepa,gradcam,predicted,backbone.layer3,25,37,37,-0.19916187226772308,0.25474679470062256,0.027792461216449738
374,lejepa,gradcam,predicted,backbone.layer3,25,25,25,0.12870603799819946,0.32801610231399536,0.2283610701560974
375,lejepa,gradcam,predicted,backbone.layer3,26,43,43,-0.13527481257915497,0.11011739820241928,-0.012578707188367844
376,lejepa,gradcam,predicted,backbone.layer3,26,47,47,0.5025184750556946,0.41526028513908386,0.4588893800973892
377,lejepa,gradcam,predicted,backbone.layer3,26,2,2,-0.2062050700187683,0.425822913646698,0.10980892181396484
378,lejepa,gradcam,predicted,backbone.layer3,26,39,39,-0.10236862301826477,0.1893659383058548,0.04349865764379501
379,lejepa,gradcam,predicted,backbone.layer3,26,24,24,0.6279832720756531,0.5232185125350952,0.5756008923053741
380,lejepa,gradcam,predicted,backbone.layer3,26,29,29,0.12745234370231628,0.4944945275783539,0.3109734356403351
381,lejepa,gradcam,predicted,backbone.layer3,26,26,26,-0.2159527838230133,0.09373760223388672,-0.06110759079456329
382,lejepa,gradcam,predicted,backbone.layer3,26,33,33,-0.17867662012577057,0.30039238929748535,0.06085788458585739
383,lejepa,gradcam,predicted,backbone.layer3,26,36,36,-0.07570376992225647,0.19766831398010254,0.060982272028923035
352,lejepa,gradcam,predicted,backbone.layer4,24,33,33,0.23484861850738525,0.5270628333091736,0.3809557259082794
353,lejepa,gradcam,predicted,backbone.layer4,24,32,32,0.33034589886665344,0.5318231582641602,0.4310845285654068
354,lejepa,gradcam,predicted,backbone.layer4,24,47,47,0.47223135828971863,0.5444766879081726,0.5083540230989456
355,lejepa,gradcam,predicted,backbone.layer4,24,47,47,0.09104373306035995,0.4269051253795624,0.25897442921996117
356,lejepa,gradcam,predicted,backbone.layer4,24,34,34,0.47996845841407776,0.4874657988548279,0.4837171286344528
357,lejepa,gradcam,predicted,backbone.layer4,24,24,24,0.5792644023895264,0.6095530390739441,0.5944087207317352
358,lejepa,gradcam,predicted,backbone.layer4,24,34,34,0.6285445690155029,0.5797867774963379,0.6041656732559204
359,lejepa,gradcam,predicted,backbone.layer4,24,26,26,0.34128937125205994,0.5489102005958557,0.4450997859239578
360,lejepa,gradcam,predicted,backbone.layer4,24,23,23,0.14821772277355194,0.5396983623504639,0.3439580425620079
361,lejepa,gradcam,predicted,backbone.layer4,25,37,37,0.5341395735740662,0.5578303933143616,0.5459849834442139
362,lejepa,gradcam,predicted,backbone.layer4,25,25,25,0.6502851247787476,0.6331701278686523,0.6417276263237
363,lejepa,gradcam,predicted,backbone.layer4,25,25,25,0.360042542219162,0.5410405397415161,0.45054154098033905
364,lejepa,gradcam,predicted,backbone.layer4,25,25,25,0.5199143290519714,0.5198716521263123,0.5198929905891418
365,lejepa,gradcam,predicted,backbone.layer4,25,16,16,0.493169367313385,0.5133898854255676,0.5032796263694763
366,lejepa,gradcam,predicted,backbone.layer4,25,20,20,0.46878328919410706,0.5283553004264832,0.4985692948102951
367,lejepa,gradcam,predicted,backbone.layer4,25,25,25,0.47275251150131226,0.5513630509376526,0.5120577812194824
368,lejepa,gradcam,predicted,backbone.layer4,25,25,25,0.4096258878707886,0.5196852087974548,0.4646555483341217
369,lejepa,gradcam,predicted,backbone.layer4,25,25,25,0.40069031715393066,0.5338070392608643,0.46724867820739746
370,lejepa,gradcam,predicted,backbone.layer4,25,25,25,0.6106777191162109,0.5514824390411377,0.5810800790786743
371,lejepa,gradcam,predicted,backbone.layer4,25,25,25,0.3395653963088989,0.533181369304657,0.43637338280677795
372,lejepa,gradcam,predicted,backbone.layer4,25,16,16,0.41678205132484436,0.5147337913513184,0.46575792133808136
373,lejepa,gradcam,predicted,backbone.layer4,25,37,37,0.44836094975471497,0.5348482131958008,0.4916045814752579
374,lejepa,gradcam,predicted,backbone.layer4,25,25,25,0.6126623749732971,0.6215546131134033,0.6171084940433502
375,lejepa,gradcam,predicted,backbone.layer4,26,43,43,0.7642768621444702,0.5934308171272278,0.678853839635849
376,lejepa,gradcam,predicted,backbone.layer4,26,47,47,0.6128031611442566,0.6081641912460327,0.6104836761951447
377,lejepa,gradcam,predicted,backbone.layer4,26,2,2,0.44997352361679077,0.5506601333618164,0.5003168284893036
378,lejepa,gradcam,predicted,backbone.layer4,26,39,39,0.5141913890838623,0.5450582504272461,0.5296248197555542
379,lejepa,gradcam,predicted,backbone.layer4,26,24,24,0.4290390610694885,0.5591132640838623,0.4940761625766754
380,lejepa,gradcam,predicted,backbone.layer4,26,29,29,0.12049262225627899,0.5294218063354492,0.3249572142958641
381,lejepa,gradcam,predicted,backbone.layer4,26,26,26,0.7358102202415466,0.5507442951202393,0.6432772576808929
382,lejepa,gradcam,predicted,backbone.layer4,26,33,33,0.6002457141876221,0.5065523982048035,0.5533990561962128
383,lejepa,gradcam,predicted,backbone.layer4,26,36,36,0.658254861831665,0.5590444207191467,0.6086496412754059
384,lejepa,gradcam,predicted,backbone.layer1,26,22,22,-0.015169906429946423,0.07487630099058151,0.029853197280317545
385,lejepa,gradcam,predicted,backbone.layer1,26,43,43,0.26796117424964905,0.3170108497142792,0.2924860119819641
386,lejepa,gradcam,predicted,backbone.layer1,26,26,26,-0.013593282550573349,0.23011276125907898,0.10825973935425282
387,lejepa,gradcam,predicted,backbone.layer1,26,28,28,0.10362368822097778,0.48047155141830444,0.2920476198196411
388,lejepa,gradcam,predicted,backbone.layer1,26,33,33,0.02544800005853176,0.15332454442977905,0.08938627224415541
389,lejepa,gradcam,predicted,backbone.layer1,26,46,46,0.2391062080860138,0.5378812551498413,0.38849373161792755
390,lejepa,gradcam,predicted,backbone.layer1,27,40,40,0.04554564878344536,0.06152396276593208,0.05353480577468872
391,lejepa,gradcam,predicted,backbone.layer1,27,23,23,0.3037482500076294,0.1859942227602005,0.24487123638391495
392,lejepa,gradcam,predicted,backbone.layer1,27,29,29,0.10224665701389313,0.051995377987623215,0.07712101750075817
393,lejepa,gradcam,predicted,backbone.layer1,27,27,27,0.013383876532316208,0.029428334906697273,0.02140610571950674
394,lejepa,gradcam,predicted,backbone.layer1,27,27,27,0.19433797895908356,0.19438934326171875,0.19436366111040115
395,lejepa,gradcam,predicted,backbone.layer1,27,27,27,0.004566913470625877,0.20789264142513275,0.10622977744787931
396,lejepa,gradcam,predicted,backbone.layer1,27,27,27,0.1376216858625412,0.2821465730667114,0.2098841294646263
397,lejepa,gradcam,predicted,backbone.layer1,27,31,31,0.19853182137012482,0.1650894731283188,0.1818106472492218
398,lejepa,gradcam,predicted,backbone.layer1,27,27,27,0.0923452153801918,0.3206900954246521,0.20651765540242195
399,lejepa,gradcam,predicted,backbone.layer1,27,28,28,0.3504631519317627,0.41949713230133057,0.38498014211654663
400,lejepa,gradcam,predicted,backbone.layer1,27,27,27,0.29004430770874023,0.30766692757606506,0.29885561764240265
401,lejepa,gradcam,predicted,backbone.layer1,27,21,21,0.35962095856666565,0.3034161925315857,0.33151857554912567
402,lejepa,gradcam,predicted,backbone.layer1,27,21,21,-0.1115758940577507,0.38685092329978943,0.13763751462101936
403,lejepa,gradcam,predicted,backbone.layer1,27,28,28,0.2980607748031616,0.4391705393791199,0.36861565709114075
404,lejepa,gradcam,predicted,backbone.layer1,27,29,29,0.3540932238101959,0.48197290301322937,0.41803306341171265
405,lejepa,gradcam,predicted,backbone.layer1,28,18,18,0.19275754690170288,0.4398113191127777,0.3162844330072403
406,lejepa,gradcam,predicted,backbone.layer1,28,28,28,0.0680147260427475,0.3684854507446289,0.2182500883936882
407,lejepa,gradcam,predicted,backbone.layer1,28,31,31,0.4692266881465912,0.3522997200489044,0.4107632040977478
408,lejepa,gradcam,predicted,backbone.layer1,28,28,28,0.4659486711025238,0.4748457968235016,0.4703972339630127
409,lejepa,gradcam,predicted,backbone.layer1,28,28,28,0.14947402477264404,0.31626397371292114,0.2328689992427826
410,lejepa,gradcam,predicted,backbone.layer1,28,28,28,0.2793414890766144,0.4234008491039276,0.351371169090271
411,lejepa,gradcam,predicted,backbone.layer1,28,49,49,0.2530149817466736,0.571441650390625,0.4122283160686493
412,lejepa,gradcam,predicted,backbone.layer1,28,28,28,-0.026448942720890045,0.077369324862957,0.025460191071033478
413,lejepa,gradcam,predicted,backbone.layer1,28,28,28,0.13195474445819855,0.44277462363243103,0.2873646840453148
414,lejepa,gradcam,predicted,backbone.layer1,28,28,28,0.27312061190605164,0.43709948658943176,0.3551100492477417
415,lejepa,gradcam,predicted,backbone.layer1,28,28,28,0.08019806444644928,0.38212019205093384,0.23115912824869156
384,lejepa,gradcam,predicted,backbone.layer2,26,22,22,-0.342128187417984,0.31511372327804565,-0.013507232069969177
385,lejepa,gradcam,predicted,backbone.layer2,26,43,43,0.04621409624814987,0.41282546520233154,0.2295197807252407
386,lejepa,gradcam,predicted,backbone.layer2,26,26,26,0.3320630192756653,0.4921526610851288,0.41210784018039703
387,lejepa,gradcam,predicted,backbone.layer2,26,28,28,-0.11673344671726227,0.06412864476442337,-0.02630240097641945
388,lejepa,gradcam,predicted,backbone.layer2,26,33,33,-0.025693796575069427,0.2792246639728546,0.1267654336988926
389,lejepa,gradcam,predicted,backbone.layer2,26,46,46,0.5044981837272644,0.47010529041290283,0.4873017370700836
390,lejepa,gradcam,predicted,backbone.layer2,27,40,40,0.09006994962692261,0.37985533475875854,0.23496264219284058
391,lejepa,gradcam,predicted,backbone.layer2,27,23,23,0.2082667201757431,0.34566542506217957,0.27696607261896133
392,lejepa,gradcam,predicted,backbone.layer2,27,29,29,0.07000983506441116,0.3860110640525818,0.22801044955849648
393,lejepa,gradcam,predicted,backbone.layer2,27,27,27,-0.28709501028060913,0.23985907435417175,-0.02361796796321869
394,lejepa,gradcam,predicted,backbone.layer2,27,27,27,0.15520024299621582,0.36413490772247314,0.2596675753593445
395,lejepa,gradcam,predicted,backbone.layer2,27,27,27,0.18188287317752838,0.31493911147117615,0.24841099232435226
396,lejepa,gradcam,predicted,backbone.layer2,27,27,27,-0.006959172897040844,0.2477375566959381,0.12038919189944863
397,lejepa,gradcam,predicted,backbone.layer2,27,31,31,-0.05787832662463188,0.29515546560287476,0.11863856948912144
398,lejepa,gradcam,predicted,backbone.layer2,27,27,27,0.04020044952630997,0.3174549341201782,0.1788276918232441
399,lejepa,gradcam,predicted,backbone.layer2,27,28,28,-0.2160235345363617,0.21652589738368988,0.000251181423664093
400,lejepa,gradcam,predicted,backbone.layer2,27,27,27,0.28903061151504517,0.3496931791305542,0.3193618953227997
401,lejepa,gradcam,predicted,backbone.layer2,27,21,21,-0.1445363163948059,0.07947222888469696,-0.032532043755054474
402,lejepa,gradcam,predicted,backbone.layer2,27,21,21,-0.11399608105421066,0.17647790908813477,0.03124091401696205
403,lejepa,gradcam,predicted,backbone.layer2,27,28,28,-0.3541945815086365,0.26549646258354187,-0.0443490594625473
404,lejepa,gradcam,predicted,backbone.layer2,27,29,29,-0.09298853576183319,0.29904404282569885,0.10302775353193283
405,lejepa,gradcam,predicted,backbone.layer2,28,18,18,-0.427629679441452,0.2899562418460846,-0.06883671879768372
406,lejepa,gradcam,predicted,backbone.layer2,28,28,28,-0.08327163755893707,0.185542032122612,0.05113519728183746
407,lejepa,gradcam,predicted,backbone.layer2,28,31,31,0.0973074734210968,0.39258450269699097,0.24494598805904388
408,lejepa,gradcam,predicted,backbone.layer2,28,28,28,0.2231069803237915,0.5000408887863159,0.3615739345550537
409,lejepa,gradcam,predicted,backbone.layer2,28,28,28,0.008990125730633736,0.18283185362815857,0.09591098967939615
410,lejepa,gradcam,predicted,backbone.layer2,28,28,28,0.29791826009750366,0.26225635409355164,0.28008730709552765
411,lejepa,gradcam,predicted,backbone.layer2,28,49,49,0.199040487408638,0.3634847104549408,0.2812625989317894
412,lejepa,gradcam,predicted,backbone.layer2,28,28,28,0.1625692993402481,0.08547854423522949,0.1240239217877388
413,lejepa,gradcam,predicted,backbone.layer2,28,28,28,-0.35254785418510437,0.08228638023138046,-0.13513073697686195
414,lejepa,gradcam,predicted,backbone.layer2,28,28,28,-0.10697612166404724,0.19883976876735687,0.045931823551654816
415,lejepa,gradcam,predicted,backbone.layer2,28,28,28,-0.27629852294921875,0.20653153955936432,-0.034883491694927216
384,lejepa,gradcam,predicted,backbone.layer3,26,22,22,-0.23881764709949493,0.35308220982551575,0.057132281363010406
385,lejepa,gradcam,predicted,backbone.layer3,26,43,43,0.20665226876735687,0.17749130725860596,0.19207178801298141
386,lejepa,gradcam,predicted,backbone.layer3,26,26,26,0.0931408703327179,0.17263126373291016,0.13288606703281403
387,lejepa,gradcam,predicted,backbone.layer3,26,28,28,-0.3089759945869446,0.1428258866071701,-0.08307505398988724
388,lejepa,gradcam,predicted,backbone.layer3,26,33,33,0.340172678232193,0.4070136845111847,0.37359318137168884
389,lejepa,gradcam,predicted,backbone.layer3,26,46,46,-0.4189881980419159,0.33841991424560547,-0.04028414189815521
390,lejepa,gradcam,predicted,backbone.layer3,27,40,40,-0.1219770684838295,0.2264413684606552,0.05223214998841286
391,lejepa,gradcam,predicted,backbone.layer3,27,23,23,-0.08477672189474106,0.12951789796352386,0.022370588034391403
392,lejepa,gradcam,predicted,backbone.layer3,27,29,29,-0.03012029267847538,0.22093252837657928,0.09540611784905195
393,lejepa,gradcam,predicted,backbone.layer3,27,27,27,-0.3124086260795593,0.27035248279571533,-0.021028071641921997
394,lejepa,gradcam,predicted,backbone.layer3,27,27,27,-0.03983239829540253,0.20573267340660095,0.08295013755559921
395,lejepa,gradcam,predicted,backbone.layer3,27,27,27,0.031940169632434845,0.35808512568473816,0.1950126476585865
396,lejepa,gradcam,predicted,backbone.layer3,27,27,27,-0.060768380761146545,0.3336411118507385,0.136436365544796
397,lejepa,gradcam,predicted,backbone.layer3,27,31,31,-0.2212105542421341,0.1994893103837967,-0.010860621929168701
398,lejepa,gradcam,predicted,backbone.layer3,27,27,27,-0.35282430052757263,0.29846853017807007,-0.027177885174751282
399,lejepa,gradcam,predicted,backbone.layer3,27,28,28,0.6697872877120972,0.6624526381492615,0.6661199629306793
400,lejepa,gradcam,predicted,backbone.layer3,27,27,27,-0.6033233404159546,0.2854670286178589,-0.15892815589904785
401,lejepa,gradcam,predicted,backbone.layer3,27,21,21,-0.17365878820419312,0.2550361454486847,0.04068867862224579
402,lejepa,gradcam,predicted,backbone.layer3,27,21,21,0.22442230582237244,0.3559193015098572,0.2901708036661148
403,lejepa,gradcam,predicted,backbone.layer3,27,28,28,0.2996337413787842,0.5524111986160278,0.426022469997406
404,lejepa,gradcam,predicted,backbone.layer3,27,29,29,0.15659700334072113,0.381104052066803,0.26885052770376205
405,lejepa,gradcam,predicted,backbone.layer3,28,18,18,-0.46640148758888245,0.1946786493062973,-0.13586141914129257
406,lejepa,gradcam,predicted,backbone.layer3,28,28,28,0.0011146501637995243,0.149796724319458,0.07545568724162877
407,lejepa,gradcam,predicted,backbone.layer3,28,31,31,-0.03127554804086685,0.0691833570599556,0.018953904509544373
408,lejepa,gradcam,predicted,backbone.layer3,28,28,28,0.6431563496589661,0.4372735917568207,0.5402149707078934
409,lejepa,gradcam,predicted,backbone.layer3,28,28,28,0.11240478605031967,0.24380844831466675,0.1781066171824932
410,lejepa,gradcam,predicted,backbone.layer3,28,28,28,0.09371168166399002,0.2972271144390106,0.19546939805150032
411,lejepa,gradcam,predicted,backbone.layer3,28,49,49,0.3948729336261749,0.43623191118240356,0.41555242240428925
412,lejepa,gradcam,predicted,backbone.layer3,28,28,28,-0.3217887580394745,0.05304485559463501,-0.13437195122241974
413,lejepa,gradcam,predicted,backbone.layer3,28,28,28,-0.06035726144909859,0.23781335353851318,0.0887280460447073
414,lejepa,gradcam,predicted,backbone.layer3,28,28,28,0.3809826374053955,0.33442598581314087,0.3577043116092682
415,lejepa,gradcam,predicted,backbone.layer3,28,28,28,0.17571820318698883,0.43890419602394104,0.30731119960546494
384,lejepa,gradcam,predicted,backbone.layer4,26,22,22,0.5290109515190125,0.5681017637252808,0.5485563576221466
385,lejepa,gradcam,predicted,backbone.layer4,26,43,43,0.7323909997940063,0.6185058951377869,0.6754484474658966
386,lejepa,gradcam,predicted,backbone.layer4,26,26,26,0.6989295482635498,0.5536578893661499,0.6262937188148499
387,lejepa,gradcam,predicted,backbone.layer4,26,28,28,0.10850323736667633,0.4963133931159973,0.3024083152413368
388,lejepa,gradcam,predicted,backbone.layer4,26,33,33,0.43142467737197876,0.4553597867488861,0.44339223206043243
389,lejepa,gradcam,predicted,backbone.layer4,26,46,46,0.6019538044929504,0.5910159349441528,0.5964848697185516
390,lejepa,gradcam,predicted,backbone.layer4,27,40,40,0.11409810185432434,0.46328985691070557,0.28869397938251495
391,lejepa,gradcam,predicted,backbone.layer4,27,23,23,0.3976198732852936,0.5290784239768982,0.4633491486310959
392,lejepa,gradcam,predicted,backbone.layer4,27,29,29,0.4963819086551666,0.5657353401184082,0.5310586243867874
393,lejepa,gradcam,predicted,backbone.layer4,27,27,27,0.7381738424301147,0.6597777009010315,0.6989757716655731
394,lejepa,gradcam,predicted,backbone.layer4,27,27,27,0.4758439362049103,0.5022698044776917,0.48905687034130096
395,lejepa,gradcam,predicted,backbone.layer4,27,27,27,0.39435943961143494,0.56792151927948,0.48114047944545746
396,lejepa,gradcam,predicted,backbone.layer4,27,27,27,0.3176654577255249,0.5361895561218262,0.42692750692367554
397,lejepa,gradcam,predicted,backbone.layer4,27,31,31,0.47239401936531067,0.5278786420822144,0.5001363307237625
398,lejepa,gradcam,predicted,backbone.layer4,27,27,27,0.3752886652946472,0.5409314036369324,0.4581100344657898
399,lejepa,gradcam,predicted,backbone.layer4,27,28,28,0.19447055459022522,0.6120806336402893,0.40327559411525726
400,lejepa,gradcam,predicted,backbone.layer4,27,27,27,0.19669276475906372,0.45031920075416565,0.3235059827566147
401,lejepa,gradcam,predicted,backbone.layer4,27,21,21,0.5816741585731506,0.6627383828163147,0.6222062706947327
402,lejepa,gradcam,predicted,backbone.layer4,27,21,21,0.22453612089157104,0.5218637585639954,0.3731999397277832
403,lejepa,gradcam,predicted,backbone.layer4,27,28,28,0.43309497833251953,0.7214061617851257,0.5772505700588226
404,lejepa,gradcam,predicted,backbone.layer4,27,29,29,0.362469345331192,0.5492775440216064,0.45587344467639923
405,lejepa,gradcam,predicted,backbone.layer4,28,18,18,0.3807472884654999,0.49879881739616394,0.4397730529308319
406,lejepa,gradcam,predicted,backbone.layer4,28,28,28,0.7977965474128723,0.5810668468475342,0.6894316971302032
407,lejepa,gradcam,predicted,backbone.layer4,28,31,31,0.4681706130504608,0.5616292357444763,0.5148999243974686
408,lejepa,gradcam,predicted,backbone.layer4,28,28,28,0.5621836185455322,0.6490591764450073,0.6056213974952698
409,lejepa,gradcam,predicted,backbone.layer4,28,28,28,0.6266120672225952,0.5658739805221558,0.5962430238723755
410,lejepa,gradcam,predicted,backbone.layer4,28,28,28,0.6808822154998779,0.5344653725624084,0.6076737940311432
411,lejepa,gradcam,predicted,backbone.layer4,28,49,49,0.464507520198822,0.5303925275802612,0.4974500238895416
412,lejepa,gradcam,predicted,backbone.layer4,28,28,28,0.49709323048591614,0.5734179615974426,0.5352555960416794
413,lejepa,gradcam,predicted,backbone.layer4,28,28,28,0.679222822189331,0.545081615447998,0.6121522188186646
414,lejepa,gradcam,predicted,backbone.layer4,28,28,28,0.8069071173667908,0.6020744442939758,0.7044907808303833
415,lejepa,gradcam,predicted,backbone.layer4,28,28,28,0.6683176755905151,0.5495497584342957,0.6089337170124054
416,lejepa,gradcam,predicted,backbone.layer1,28,28,28,-0.027654889971017838,0.16405151784420013,0.06819831393659115
417,lejepa,gradcam,predicted,backbone.layer1,28,4,4,0.20045486092567444,0.12344352900981903,0.16194919496774673
418,lejepa,gradcam,predicted,backbone.layer1,28,32,32,0.061736106872558594,0.3874453008174896,0.2245907038450241
419,lejepa,gradcam,predicted,backbone.layer1,28,22,22,-0.2437523752450943,0.13280673325061798,-0.05547282099723816
420,lejepa,gradcam,predicted,backbone.layer1,29,29,29,0.06906189024448395,0.06626349687576294,0.06766269356012344
421,lejepa,gradcam,predicted,backbone.layer1,29,33,33,0.1661345660686493,0.4358314871788025,0.3009830266237259
422,lejepa,gradcam,predicted,backbone.layer1,29,29,29,0.4041556417942047,0.2051548957824707,0.3046552687883377
423,lejepa,gradcam,predicted,backbone.layer1,29,29,29,0.3924816846847534,0.5080833435058594,0.4502825140953064
424,lejepa,gradcam,predicted,backbone.layer1,29,29,29,-0.08854542672634125,0.33520492911338806,0.12332975119352341
425,lejepa,gradcam,predicted,backbone.layer1,29,30,30,0.02137826941907406,0.043752651661634445,0.03256546054035425
426,lejepa,gradcam,predicted,backbone.layer1,29,29,29,0.05316254124045372,0.09832381457090378,0.07574317790567875
427,lejepa,gradcam,predicted,backbone.layer1,29,29,29,0.032686375081539154,0.058145251125097275,0.045415813103318214
428,lejepa,gradcam,predicted,backbone.layer1,29,33,33,0.015359285287559032,0.3331993818283081,0.17427933355793357
429,lejepa,gradcam,predicted,backbone.layer1,29,38,38,0.09399713575839996,0.33368638157844543,0.2138417586684227
430,lejepa,gradcam,predicted,backbone.layer1,29,29,29,0.049549102783203125,0.02191314287483692,0.03573112282902002
431,lejepa,gradcam,predicted,backbone.layer1,29,29,29,-0.01665865071117878,0.17374224960803986,0.07854179944843054
432,lejepa,gradcam,predicted,backbone.layer1,30,41,41,-0.059116899967193604,0.05212157964706421,-0.0034976601600646973
433,lejepa,gradcam,predicted,backbone.layer1,30,31,31,-0.05291122570633888,0.16630344092845917,0.05669610761106014
434,lejepa,gradcam,predicted,backbone.layer1,30,30,30,0.04188056290149689,0.27368640899658203,0.15778348594903946
435,lejepa,gradcam,predicted,backbone.layer1,30,30,30,0.3255429267883301,0.21366362273693085,0.26960327476263046
436,lejepa,gradcam,predicted,backbone.layer1,30,36,36,0.3119198679924011,0.44023674726486206,0.3760783076286316
437,lejepa,gradcam,predicted,backbone.layer1,30,24,24,0.3507598340511322,0.4355337917804718,0.393146812915802
438,lejepa,gradcam,predicted,backbone.layer1,30,32,32,0.3096369206905365,0.45319271087646484,0.38141481578350067
439,lejepa,gradcam,predicted,backbone.layer1,30,26,26,-0.22589106857776642,0.3455805480480194,0.059844739735126495
440,lejepa,gradcam,predicted,backbone.layer1,30,30,30,0.3507384657859802,0.2858571410179138,0.318297803401947
441,lejepa,gradcam,predicted,backbone.layer1,30,29,29,0.1572011411190033,0.3440364897251129,0.2506188154220581
442,lejepa,gradcam,predicted,backbone.layer1,30,39,39,0.29811519384384155,0.4400007128715515,0.36905795335769653
443,lejepa,gradcam,predicted,backbone.layer1,30,47,47,0.5005910992622375,0.2954908311367035,0.3980409651994705
444,lejepa,gradcam,predicted,backbone.layer1,30,30,30,0.18485455214977264,0.3013019859790802,0.24307826906442642
445,lejepa,gradcam,predicted,backbone.layer1,30,27,27,0.11012063920497894,0.06505008786916733,0.08758536353707314
446,lejepa,gradcam,predicted,backbone.layer1,30,30,30,-0.014684065245091915,0.3741897940635681,0.1797528644092381
447,lejepa,gradcam,predicted,backbone.layer1,31,31,31,0.5534235239028931,0.48478808999061584,0.5191058069467545
416,lejepa,gradcam,predicted,backbone.layer2,28,28,28,0.053763218224048615,0.14808179438114166,0.10092250630259514
417,lejepa,gradcam,predicted,backbone.layer2,28,4,4,0.2461208999156952,0.19923439621925354,0.22267764806747437
418,lejepa,gradcam,predicted,backbone.layer2,28,32,32,-0.04163627326488495,0.30036529898643494,0.129364512860775
419,lejepa,gradcam,predicted,backbone.layer2,28,22,22,0.26397791504859924,0.42133617401123047,0.34265704452991486
420,lejepa,gradcam,predicted,backbone.layer2,29,29,29,0.1048620268702507,0.3694116473197937,0.2371368370950222
421,lejepa,gradcam,predicted,backbone.layer2,29,33,33,-0.03978588432073593,0.2513444125652313,0.1057792641222477
422,lejepa,gradcam,predicted,backbone.layer2,29,29,29,-0.009642304852604866,0.3910799026489258,0.19071879889816046
423,lejepa,gradcam,predicted,backbone.layer2,29,29,29,0.22930744290351868,0.3974273204803467,0.3133673816919327
424,lejepa,gradcam,predicted,backbone.layer2,29,29,29,0.2991707921028137,0.325108140707016,0.31213946640491486
425,lejepa,gradcam,predicted,backbone.layer2,29,30,30,-0.15326258540153503,0.22248625755310059,0.034611836075782776
426,lejepa,gradcam,predicted,backbone.layer2,29,29,29,-0.29122141003608704,0.30337396264076233,0.0060762763023376465
427,lejepa,gradcam,predicted,backbone.layer2,29,29,29,0.2918204963207245,0.31687045097351074,0.3043454736471176
428,lejepa,gradcam,predicted,backbone.layer2,29,33,33,-0.10486797243356705,0.12450981885194778,0.009820923209190369
429,lejepa,gradcam,predicted,backbone.layer2,29,38,38,0.44255995750427246,0.35041531920433044,0.39648763835430145
430,lejepa,gradcam,predicted,backbone.layer2,29,29,29,0.07226032763719559,0.38726189732551575,0.22976111248135567
431,lejepa,gradcam,predicted,backbone.layer2,29,29,29,-0.05289335548877716,0.3314337134361267,0.13927017897367477
432,lejepa,gradcam,predicted,backbone.layer2,30,41,41,0.08234855532646179,0.3271615505218506,0.2047550529241562
433,lejepa,gradcam,predicted,backbone.layer2,30,31,31,0.2911475896835327,0.2780989110469818,0.28462325036525726
434,lejepa,gradcam,predicted,backbone.layer2,30,30,30,-0.07233916223049164,0.2768974006175995,0.10227911919355392
435,lejepa,gradcam,predicted,backbone.layer2,30,30,30,0.07249145209789276,0.30295008420944214,0.18772076815366745
436,lejepa,gradcam,predicted,backbone.layer2,30,36,36,-0.08935223519802094,0.36159056425094604,0.13611916452646255
437,lejepa,gradcam,predicted,backbone.layer2,30,24,24,0.11376652866601944,0.3543901741504669,0.23407835140824318
438,lejepa,gradcam,predicted,backbone.layer2,30,32,32,0.2564859986305237,0.16693240404129028,0.21170920133590698
439,lejepa,gradcam,predicted,backbone.layer2,30,26,26,0.557006299495697,0.5330039262771606,0.5450051128864288
440,lejepa,gradcam,predicted,backbone.layer2,30,30,30,0.09224481135606766,0.36982378363609314,0.2310342974960804
441,lejepa,gradcam,predicted,backbone.layer2,30,29,29,-0.11917626112699509,0.36221009492874146,0.12151691690087318
442,lejepa,gradcam,predicted,backbone.layer2,30,39,39,0.10028760135173798,0.375790536403656,0.238039068877697
443,lejepa,gradcam,predicted,backbone.layer2,30,47,47,-0.28857412934303284,0.35915637016296387,0.035291120409965515
444,lejepa,gradcam,predicted,backbone.layer2,30,30,30,-0.03226655349135399,0.4703789949417114,0.21905622072517872
445,lejepa,gradcam,predicted,backbone.layer2,30,27,27,-0.04898085817694664,0.5303207039833069,0.24066992290318012
446,lejepa,gradcam,predicted,backbone.layer2,30,30,30,-0.026153290644288063,0.2904154658317566,0.13213108759373426
447,lejepa,gradcam,predicted,backbone.layer2,31,31,31,-0.07891416549682617,0.1280047595500946,0.024545297026634216
416,lejepa,gradcam,predicted,backbone.layer3,28,28,28,0.3921451270580292,0.11717542260885239,0.2546602748334408
417,lejepa,gradcam,predicted,backbone.layer3,28,4,4,0.52573561668396,0.25930801033973694,0.39252181351184845
418,lejepa,gradcam,predicted,backbone.layer3,28,32,32,0.027707694098353386,0.20466552674770355,0.11618661042302847
419,lejepa,gradcam,predicted,backbone.layer3,28,22,22,0.31473416090011597,0.3892669975757599,0.3520005792379379
420,lejepa,gradcam,predicted,backbone.layer3,29,29,29,-0.05452295392751694,0.20657870173454285,0.07602787390351295
421,lejepa,gradcam,predicted,backbone.layer3,29,33,33,-0.4697723686695099,0.1629125475883484,-0.15342991054058075
422,lejepa,gradcam,predicted,backbone.layer3,29,29,29,-0.4232417047023773,0.3061468303203583,-0.05854743719100952
423,lejepa,gradcam,predicted,backbone.layer3,29,29,29,-0.4157227873802185,0.20592549443244934,-0.10489864647388458
424,lejepa,gradcam,predicted,backbone.layer3,29,29,29,0.23022906482219696,0.35317328572273254,0.29170117527246475
425,lejepa,gradcam,predicted,backbone.layer3,29,30,30,0.4121856391429901,0.28655463457107544,0.3493701368570328
426,lejepa,gradcam,predicted,backbone.layer3,29,29,29,0.31456658244132996,0.5128346085548401,0.413700595498085
427,lejepa,gradcam,predicted,backbone.layer3,29,29,29,-0.3412518799304962,0.18630649149417877,-0.07747269421815872
428,lejepa,gradcam,predicted,backbone.layer3,29,33,33,0.4206172227859497,0.3052601218223572,0.36293867230415344
429,lejepa,gradcam,predicted,backbone.layer3,29,38,38,0.157800555229187,0.2306448370218277,0.19422269612550735
430,lejepa,gradcam,predicted,backbone.layer3,29,29,29,0.024933919310569763,0.38194677233695984,0.2034403458237648
431,lejepa,gradcam,predicted,backbone.layer3,29,29,29,0.1469118595123291,0.30116936564445496,0.22404061257839203
432,lejepa,gradcam,predicted,backbone.layer3,30,41,41,0.10074575990438461,0.3424266576766968,0.2215862087905407
433,lejepa,gradcam,predicted,backbone.layer3,30,31,31,-0.1027456745505333,0.15518958866596222,0.026221957057714462
434,lejepa,gradcam,predicted,backbone.layer3,30,30,30,0.5741574168205261,0.3744812309741974,0.47431932389736176
435,lejepa,gradcam,predicted,backbone.layer3,30,30,30,-0.10983024537563324,0.2842598855495453,0.08721482008695602
436,lejepa,gradcam,predicted,backbone.layer3,30,36,36,0.20826882123947144,0.1488247960805893,0.17854680866003036
437,lejepa,gradcam,predicted,backbone.layer3,30,24,24,-0.051656171679496765,0.42309924960136414,0.18572153896093369
438,lejepa,gradcam,predicted,backbone.layer3,30,32,32,-0.029053496196866035,0.24103571474552155,0.10599110927432775
439,lejepa,gradcam,predicted,backbone.layer3,30,26,26,-0.13351185619831085,0.18675635755062103,0.02662225067615509
440,lejepa,gradcam,predicted,backbone.layer3,30,30,30,-0.3659898042678833,0.33094170689582825,-0.017524048686027527
441,lejepa,gradcam,predicted,backbone.layer3,30,29,29,-0.09035316854715347,0.32818445563316345,0.11891564354300499
442,lejepa,gradcam,predicted,backbone.layer3,30,39,39,-0.2385813444852829,0.19416433572769165,-0.022208504378795624
443,lejepa,gradcam,predicted,backbone.layer3,30,47,47,0.0059985811822116375,0.33465638756752014,0.1703274843748659
444,lejepa,gradcam,predicted,backbone.layer3,30,30,30,-0.10622380673885345,0.3060358464717865,0.09990601986646652
445,lejepa,gradcam,predicted,backbone.layer3,30,27,27,-0.30370354652404785,0.36226898431777954,0.029282718896865845
446,lejepa,gradcam,predicted,backbone.layer3,30,30,30,-0.11486980319023132,0.30525505542755127,0.09519262611865997
447,lejepa,gradcam,predicted,backbone.layer3,31,31,31,-0.3455836772918701,0.21120989322662354,-0.06718689203262329
416,lejepa,gradcam,predicted,backbone.layer4,28,28,28,0.8919210433959961,0.6152069568634033,0.7535640001296997
417,lejepa,gradcam,predicted,backbone.layer4,28,4,4,0.8553091287612915,0.5427058339118958,0.6990074813365936
418,lejepa,gradcam,predicted,backbone.layer4,28,32,32,0.41183459758758545,0.5236037969589233,0.4677191972732544
419,lejepa,gradcam,predicted,backbone.layer4,28,22,22,0.29095983505249023,0.48675715923309326,0.38885849714279175
420,lejepa,gradcam,predicted,backbone.layer4,29,29,29,0.7069148421287537,0.6942979097366333,0.7006063759326935
421,lejepa,gradcam,predicted,backbone.layer4,29,33,33,0.3820759952068329,0.5140966773033142,0.44808633625507355
422,lejepa,gradcam,predicted,backbone.layer4,29,29,29,0.35240453481674194,0.5572090744972229,0.4548068046569824
423,lejepa,gradcam,predicted,backbone.layer4,29,29,29,0.1265450417995453,0.49324944615364075,0.309897243976593
424,lejepa,gradcam,predicted,backbone.layer4,29,29,29,0.4934154450893402,0.5612882971763611,0.5273518711328506
425,lejepa,gradcam,predicted,backbone.layer4,29,30,30,0.6368348598480225,0.5488956570625305,0.5928652584552765
426,lejepa,gradcam,predicted,backbone.layer4,29,29,29,0.45780235528945923,0.5470035076141357,0.5024029314517975
427,lejepa,gradcam,predicted,backbone.layer4,29,29,29,0.3951474726200104,0.5427939891815186,0.46897073090076447
428,lejepa,gradcam,predicted,backbone.layer4,29,33,33,0.6504691243171692,0.5613579750061035,0.6059135496616364
429,lejepa,gradcam,predicted,backbone.layer4,29,38,38,0.4736484885215759,0.6115362644195557,0.5425923764705658
430,lejepa,gradcam,predicted,backbone.layer4,29,29,29,0.5794748067855835,0.5252096056938171,0.5523422062397003
431,lejepa,gradcam,predicted,backbone.layer4,29,29,29,0.6828010082244873,0.5400494933128357,0.6114252507686615
432,lejepa,gradcam,predicted,backbone.layer4,30,41,41,0.36580783128738403,0.545647144317627,0.4557274878025055
433,lejepa,gradcam,predicted,backbone.layer4,30,31,31,0.4955463111400604,0.5664528608322144,0.5309995859861374
434,lejepa,gradcam,predicted,backbone.layer4,30,30,30,0.4726131558418274,0.5754225254058838,0.5240178406238556
435,lejepa,gradcam,predicted,backbone.layer4,30,30,30,0.5748103260993958,0.5784261226654053,0.5766182243824005
436,lejepa,gradcam,predicted,backbone.layer4,30,36,36,0.7036098837852478,0.5426958799362183,0.623152881860733
437,lejepa,gradcam,predicted,backbone.layer4,30,24,24,0.5288063287734985,0.6291746497154236,0.5789904892444611
438,lejepa,gradcam,predicted,backbone.layer4,30,32,32,0.14619876444339752,0.47150951623916626,0.3088541403412819
439,lejepa,gradcam,predicted,backbone.layer4,30,26,26,0.7609015107154846,0.6311519742012024,0.6960267424583435
440,lejepa,gradcam,predicted,backbone.layer4,30,30,30,0.5603147745132446,0.5446146130561829,0.5524646937847137
441,lejepa,gradcam,predicted,backbone.layer4,30,29,29,0.3439527451992035,0.5012317299842834,0.42259223759174347
442,lejepa,gradcam,predicted,backbone.layer4,30,39,39,0.3691259026527405,0.5433139801025391,0.45621994137763977
443,lejepa,gradcam,predicted,backbone.layer4,30,47,47,0.5670714974403381,0.5621451139450073,0.5646083056926727
444,lejepa,gradcam,predicted,backbone.layer4,30,30,30,0.7785357236862183,0.6043894290924072,0.6914625763893127
445,lejepa,gradcam,predicted,backbone.layer4,30,27,27,0.34086987376213074,0.5488671064376831,0.4448684900999069
446,lejepa,gradcam,predicted,backbone.layer4,30,30,30,0.47997212409973145,0.5870250463485718,0.5334985852241516
447,lejepa,gradcam,predicted,backbone.layer4,31,31,31,0.2571083903312683,0.5533385276794434,0.40522345900535583
448,lejepa,gradcam,predicted,backbone.layer1,31,45,45,0.1514263153076172,0.4832932949066162,0.3173598051071167
449,lejepa,gradcam,predicted,backbone.layer1,31,31,31,-0.007183708716183901,0.14806655049324036,0.07044142088852823
450,lejepa,gradcam,predicted,backbone.layer1,31,31,31,-0.11278387159109116,0.21144087612628937,0.049328502267599106
451,lejepa,gradcam,predicted,backbone.layer1,31,31,31,0.026631945744156837,0.020999709144234657,0.023815827444195747
452,lejepa,gradcam,predicted,backbone.layer1,31,31,31,-0.003036310663446784,0.08991411328315735,0.04343890130985528
453,lejepa,gradcam,predicted,backbone.layer1,31,31,31,0.09397952258586884,0.07921992242336273,0.08659972250461578
454,lejepa,gradcam,predicted,backbone.layer1,31,31,31,-0.04193149507045746,0.037868596613407135,-0.0020314492285251617
455,lejepa,gradcam,predicted,backbone.layer1,31,27,27,0.27425429224967957,0.32360604405403137,0.29893016815185547
456,lejepa,gradcam,predicted,backbone.layer1,31,31,31,0.23273243010044098,0.1669885367155075,0.19986048340797424
457,lejepa,gradcam,predicted,backbone.layer1,31,31,31,0.01354745589196682,0.23847857117652893,0.12601301353424788
458,lejepa,gradcam,predicted,backbone.layer1,32,11,11,0.1615229994058609,0.3128633499145508,0.23719317466020584
459,lejepa,gradcam,predicted,backbone.layer1,32,30,30,-0.13877147436141968,0.18154245615005493,0.021385490894317627
460,lejepa,gradcam,predicted,backbone.layer1,32,32,32,0.18989069759845734,0.2936307489871979,0.2417607232928276
461,lejepa,gradcam,predicted,backbone.layer1,32,36,36,0.3138313293457031,0.4909069538116455,0.4023691415786743
462,lejepa,gradcam,predicted,backbone.layer1,32,32,32,0.3387329876422882,0.39865168929100037,0.3686923384666443
463,lejepa,gradcam,predicted,backbone.layer1,32,41,41,0.10908394306898117,0.043829139322042465,0.07645654119551182
464,lejepa,gradcam,predicted,backbone.layer1,32,32,32,0.332038938999176,0.5008180141448975,0.41642847657203674
465,lejepa,gradcam,predicted,backbone.layer1,32,32,32,0.017168618738651276,0.3811299204826355,0.1991492696106434
466,lejepa,gradcam,predicted,backbone.layer1,32,40,40,0.1389031708240509,0.15396419167518616,0.14643368124961853
467,lejepa,gradcam,predicted,backbone.layer1,32,40,40,0.3371149003505707,0.20226208865642548,0.2696884945034981
468,lejepa,gradcam,predicted,backbone.layer1,32,47,47,-0.13331694900989532,0.37975582480430603,0.12321943789720535
469,lejepa,gradcam,predicted,backbone.layer1,32,32,32,-0.05972190573811531,0.3260258734226227,0.13315198384225368
470,lejepa,gradcam,predicted,backbone.layer1,32,26,26,0.33655232191085815,0.5267659425735474,0.43165913224220276
471,lejepa,gradcam,predicted,backbone.layer1,32,32,32,-0.12349525094032288,0.3260561525821686,0.10128045082092285
472,lejepa,gradcam,predicted,backbone.layer1,32,32,32,0.09093006700277328,0.3240901529788971,0.2075101099908352
473,lejepa,gradcam,predicted,backbone.layer1,32,47,47,-0.048897307366132736,0.39247927069664,0.17179098166525364
474,lejepa,gradcam,predicted,backbone.layer1,32,32,32,0.01103740930557251,0.3695153295993805,0.1902763694524765
475,lejepa,gradcam,predicted,backbone.layer1,33,33,33,0.3089957535266876,0.26684311032295227,0.28791943192481995
476,lejepa,gradcam,predicted,backbone.layer1,33,33,33,0.18526524305343628,0.13001000881195068,0.15763762593269348
477,lejepa,gradcam,predicted,backbone.layer1,33,46,46,0.1793864220380783,0.4782315492630005,0.3288089856505394
478,lejepa,gradcam,predicted,backbone.layer1,33,26,26,0.06112828105688095,0.2759944796562195,0.16856138035655022
479,lejepa,gradcam,predicted,backbone.layer1,33,33,33,-0.039946455508470535,0.015676626935601234,-0.01213491428643465
448,lejepa,gradcam,predicted,backbone.layer2,31,45,45,0.43610602617263794,0.19077168405056,0.31343885511159897
449,lejepa,gradcam,predicted,backbone.layer2,31,31,31,-0.0982806608080864,0.3413459360599518,0.1215326376259327
450,lejepa,gradcam,predicted,backbone.layer2,31,31,31,-0.12089761346578598,0.27662789821624756,0.07786514237523079
451,lejepa,gradcam,predicted,backbone.layer2,31,31,31,0.05462222918868065,0.4057149291038513,0.23016857914626598
452,lejepa,gradcam,predicted,backbone.layer2,31,31,31,-0.13513827323913574,0.3894987404346466,0.12718023359775543
453,lejepa,gradcam,predicted,backbone.layer2,31,31,31,0.024169698357582092,0.363841712474823,0.19400570541620255
454,lejepa,gradcam,predicted,backbone.layer2,31,31,31,-0.0846506878733635,0.38660264015197754,0.15097597613930702
455,lejepa,gradcam,predicted,backbone.layer2,31,27,27,0.1365165114402771,0.33735543489456177,0.23693597316741943
456,lejepa,gradcam,predicted,backbone.layer2,31,31,31,-0.20685738325119019,0.38511860370635986,0.08913061022758484
457,lejepa,gradcam,predicted,backbone.layer2,31,31,31,-0.2929494082927704,0.2699505090713501,-0.011499449610710144
458,lejepa,gradcam,predicted,backbone.layer2,32,11,11,-0.22638458013534546,0.21122144162654877,-0.007581569254398346
459,lejepa,gradcam,predicted,backbone.layer2,32,30,30,0.3733726441860199,0.5464146137237549,0.4598936289548874
460,lejepa,gradcam,predicted,backbone.layer2,32,32,32,0.08517637848854065,0.3377888798713684,0.21148262917995453
461,lejepa,gradcam,predicted,backbone.layer2,32,36,36,-0.43200060725212097,0.17702865600585938,-0.1274859756231308
462,lejepa,gradcam,predicted,backbone.layer2,32,32,32,0.13390234112739563,0.40475714206695557,0.2693297415971756
463,lejepa,gradcam,predicted,backbone.layer2,32,41,41,0.30220603942871094,0.5002478361129761,0.4012269377708435
464,lejepa,gradcam,predicted,backbone.layer2,32,32,32,0.2912331521511078,0.3328394293785095,0.31203629076480865
465,lejepa,gradcam,predicted,backbone.layer2,32,32,32,0.5746172666549683,0.4703313410282135,0.5224743038415909
466,lejepa,gradcam,predicted,backbone.layer2,32,40,40,-0.2357112467288971,0.45735591650009155,0.11082233488559723
467,lejepa,gradcam,predicted,backbone.layer2,32,40,40,0.3566646873950958,0.25720441341400146,0.30693455040454865
468,lejepa,gradcam,predicted,backbone.layer2,32,47,47,-0.1771586537361145,0.22822488844394684,0.025533117353916168
469,lejepa,gradcam,predicted,backbone.layer2,32,32,32,-0.07934579253196716,0.3917057514190674,0.1561799794435501
470,lejepa,gradcam,predicted,backbone.layer2,32,26,26,-0.07301857322454453,0.2779861390590668,0.10248378291726112
471,lejepa,gradcam,predicted,backbone.layer2,32,32,32,-0.13016249239444733,0.325215220451355,0.09752636402845383
472,lejepa,gradcam,predicted,backbone.layer2,32,32,32,-0.14673320949077606,0.24434207379817963,0.04880443215370178
473,lejepa,gradcam,predicted,backbone.layer2,32,47,47,-0.3237873911857605,0.20019076764583588,-0.06179831176996231
474,lejepa,gradcam,predicted,backbone.layer2,32,32,32,-0.20364265143871307,0.3024098575115204,0.049383603036403656
475,lejepa,gradcam,predicted,backbone.layer2,33,33,33,0.16709281504154205,0.3383892774581909,0.2527410462498665
476,lejepa,gradcam,predicted,backbone.layer2,33,33,33,-0.20822961628437042,0.34038805961608887,0.06607922166585922
477,lejepa,gradcam,predicted,backbone.layer2,33,46,46,0.18145333230495453,0.38717153668403625,0.2843124344944954
478,lejepa,gradcam,predicted,backbone.layer2,33,26,26,0.7133853435516357,0.5101271867752075,0.6117562651634216
479,lejepa,gradcam,predicted,backbone.layer2,33,33,33,-0.4337930977344513,0.29564374685287476,-0.06907467544078827
448,lejepa,gradcam,predicted,backbone.layer3,31,45,45,0.1420459747314453,0.22043873369693756,0.18124235421419144
449,lejepa,gradcam,predicted,backbone.layer3,31,31,31,-0.04159126803278923,0.29999133944511414,0.12920003570616245
450,lejepa,gradcam,predicted,backbone.layer3,31,31,31,-0.3191944360733032,0.20991730690002441,-0.054638564586639404
451,lejepa,gradcam,predicted,backbone.layer3,31,31,31,-0.0466800332069397,0.23853521049022675,0.09592758864164352
452,lejepa,gradcam,predicted,backbone.layer3,31,31,31,-0.2729504406452179,0.22508803009986877,-0.02393120527267456
453,lejepa,gradcam,predicted,backbone.layer3,31,31,31,-0.3835769593715668,0.30154699087142944,-0.041014984250068665
454,lejepa,gradcam,predicted,backbone.layer3,31,31,31,-0.09211800992488861,0.3083290457725525,0.10810551792383194
455,lejepa,gradcam,predicted,backbone.layer3,31,27,27,0.09789532423019409,0.32159024477005005,0.20974278450012207
456,lejepa,gradcam,predicted,backbone.layer3,31,31,31,-0.28487420082092285,0.25461679697036743,-0.01512870192527771
457,lejepa,gradcam,predicted,backbone.layer3,31,31,31,-0.2999143600463867,0.18697954714298248,-0.05646740645170212
458,lejepa,gradcam,predicted,backbone.layer3,32,11,11,0.18912944197654724,0.3648079037666321,0.27696867287158966
459,lejepa,gradcam,predicted,backbone.layer3,32,30,30,0.06067589297890663,0.3860917389392853,0.22338381595909595
460,lejepa,gradcam,predicted,backbone.layer3,32,32,32,0.20503579080104828,0.41890159249305725,0.31196869164705276
461,lejepa,gradcam,predicted,backbone.layer3,32,36,36,-0.03970009461045265,0.2326570600271225,0.09647848270833492
462,lejepa,gradcam,predicted,backbone.layer3,32,32,32,-0.1324952095746994,0.28017452359199524,0.07383965700864792
463,lejepa,gradcam,predicted,backbone.layer3,32,41,41,-0.5806065201759338,0.28551816940307617,-0.14754417538642883
464,lejepa,gradcam,predicted,backbone.layer3,32,32,32,-0.6482623815536499,0.2209894359111786,-0.21363647282123566
465,lejepa,gradcam,predicted,backbone.layer3,32,32,32,-0.39735281467437744,0.31337037682533264,-0.0419912189245224
466,lejepa,gradcam,predicted,backbone.layer3,32,40,40,-0.052902910858392715,0.359718918800354,0.15340800397098064
467,lejepa,gradcam,predicted,backbone.layer3,32,40,40,-0.20612774789333344,0.13940514624118805,-0.03336130082607269
468,lejepa,gradcam,predicted,backbone.layer3,32,47,47,-0.14136603474617004,0.283995658159256,0.07131481170654297
469,lejepa,gradcam,predicted,backbone.layer3,32,32,32,0.08040319383144379,0.3589421212673187,0.21967265754938126
470,lejepa,gradcam,predicted,backbone.layer3,32,26,26,-0.3147793710231781,0.15419860184192657,-0.08029038459062576
471,lejepa,gradcam,predicted,backbone.layer3,32,32,32,0.12086563557386398,0.38335636258125305,0.2521109990775585
472,lejepa,gradcam,predicted,backbone.layer3,32,32,32,-0.10384223610162735,0.3879730999469757,0.14206543192267418
473,lejepa,gradcam,predicted,backbone.layer3,32,47,47,-0.01808938942849636,0.3740125596523285,0.17796158511191607
474,lejepa,gradcam,predicted,backbone.layer3,32,32,32,0.34922659397125244,0.1468275934457779,0.24802709370851517
475,lejepa,gradcam,predicted,backbone.layer3,33,33,33,-0.03630710393190384,0.2310345321893692,0.09736371412873268
476,lejepa,gradcam,predicted,backbone.layer3,33,33,33,-0.20505015552043915,0.3119635581970215,0.05345670133829117
477,lejepa,gradcam,predicted,backbone.layer3,33,46,46,0.373732328414917,0.5305378437042236,0.4521350860595703
478,lejepa,gradcam,predicted,backbone.layer3,33,26,26,-0.06122714281082153,0.17874716222286224,0.058760009706020355
479,lejepa,gradcam,predicted,backbone.layer3,33,33,33,0.13802529871463776,0.2881932854652405,0.21310929208993912
448,lejepa,gradcam,predicted,backbone.layer4,31,45,45,0.3290933072566986,0.4164358973503113,0.37276460230350494
449,lejepa,gradcam,predicted,backbone.layer4,31,31,31,0.3591460883617401,0.5583893656730652,0.45876772701740265
450,lejepa,gradcam,predicted,backbone.layer4,31,31,31,0.360813170671463,0.5423128604888916,0.4515630155801773
451,lejepa,gradcam,predicted,backbone.layer4,31,31,31,0.5006161332130432,0.5595895648002625,0.5301028490066528
452,lejepa,gradcam,predicted,backbone.layer4,31,31,31,0.3014667332172394,0.5411612391471863,0.42131398618221283
453,lejepa,gradcam,predicted,backbone.layer4,31,31,31,0.45400625467300415,0.5609115362167358,0.50745889544487
454,lejepa,gradcam,predicted,backbone.layer4,31,31,31,0.2722265124320984,0.5944430828094482,0.4333347976207733
455,lejepa,gradcam,predicted,backbone.layer4,31,27,27,0.44819176197052,0.5863022804260254,0.5172470211982727
456,lejepa,gradcam,predicted,backbone.layer4,31,31,31,0.33525386452674866,0.4919889271259308,0.4136213958263397
457,lejepa,gradcam,predicted,backbone.layer4,31,31,31,0.3208649754524231,0.47538498044013977,0.39812497794628143
458,lejepa,gradcam,predicted,backbone.layer4,32,11,11,0.44164615869522095,0.5694554448127747,0.5055508017539978
459,lejepa,gradcam,predicted,backbone.layer4,32,30,30,0.6264325976371765,0.6121803522109985,0.6193064749240875
460,lejepa,gradcam,predicted,backbone.layer4,32,32,32,0.49711668491363525,0.5702025890350342,0.5336596369743347
461,lejepa,gradcam,predicted,backbone.layer4,32,36,36,0.5615480542182922,0.5749632716178894,0.5682556629180908
462,lejepa,gradcam,predicted,backbone.layer4,32,32,32,0.35881105065345764,0.5352010726928711,0.44700606167316437
463,lejepa,gradcam,predicted,backbone.layer4,32,41,41,0.23892077803611755,0.6107969284057617,0.42485885322093964
464,lejepa,gradcam,predicted,backbone.layer4,32,32,32,0.5709804892539978,0.5545872449874878,0.5627838671207428
465,lejepa,gradcam,predicted,backbone.layer4,32,32,32,0.25734832882881165,0.5523317456245422,0.40484003722667694
466,lejepa,gradcam,predicted,backbone.layer4,32,40,40,0.4561203122138977,0.5668990015983582,0.5115096569061279
467,lejepa,gradcam,predicted,backbone.layer4,32,40,40,0.3444420397281647,0.6151431798934937,0.47979260981082916
468,lejepa,gradcam,predicted,backbone.layer4,32,47,47,0.45640239119529724,0.5485917925834656,0.5024970918893814
469,lejepa,gradcam,predicted,backbone.layer4,32,32,32,0.7133747935295105,0.5354451537132263,0.6244099736213684
470,lejepa,gradcam,predicted,backbone.layer4,32,26,26,0.48315274715423584,0.5545189380645752,0.5188358426094055
471,lejepa,gradcam,predicted,backbone.layer4,32,32,32,0.41148820519447327,0.5710493922233582,0.4912687987089157
472,lejepa,gradcam,predicted,backbone.layer4,32,32,32,0.2241828888654709,0.530339777469635,0.37726133316755295
473,lejepa,gradcam,predicted,backbone.layer4,32,47,47,0.46160271763801575,0.6491864919662476,0.5553946048021317
474,lejepa,gradcam,predicted,backbone.layer4,32,32,32,0.47178125381469727,0.5261080265045166,0.49894464015960693
475,lejepa,gradcam,predicted,backbone.layer4,33,33,33,0.4816693961620331,0.5377091765403748,0.5096892863512039
476,lejepa,gradcam,predicted,backbone.layer4,33,33,33,0.4296236038208008,0.5615331530570984,0.4955783784389496
477,lejepa,gradcam,predicted,backbone.layer4,33,46,46,-0.11182022094726562,0.4251551330089569,0.15666745603084564
478,lejepa,gradcam,predicted,backbone.layer4,33,26,26,0.4017229676246643,0.560096800327301,0.48090988397598267
479,lejepa,gradcam,predicted,backbone.layer4,33,33,33,0.5549601912498474,0.5242486000061035,0.5396043956279755
480,lejepa,gradcam,predicted,backbone.layer1,33,46,46,0.4853527545928955,0.20315735042095184,0.3442550525069237
481,lejepa,gradcam,predicted,backbone.layer1,33,33,33,0.4547044038772583,0.2208649069070816,0.33778465539216995
482,lejepa,gradcam,predicted,backbone.layer1,33,20,20,0.10671594738960266,0.4274445176124573,0.26708023250102997
483,lejepa,gradcam,predicted,backbone.layer1,33,33,33,0.041397400200366974,0.004589289426803589,0.02299334481358528
484,lejepa,gradcam,predicted,backbone.layer1,33,33,33,0.16265758872032166,0.33006420731544495,0.2463608980178833
485,lejepa,gradcam,predicted,backbone.layer1,33,33,33,-0.15861776471138,0.3570534288883209,0.09921783208847046
486,lejepa,gradcam,predicted,backbone.layer1,33,33,33,-0.0621415376663208,0.12201596796512604,0.02993721514940262
487,lejepa,gradcam,predicted,backbone.layer1,33,33,33,-0.04612548649311066,0.23656269907951355,0.09521860629320145
488,lejepa,gradcam,predicted,backbone.layer1,33,33,33,-0.07602985203266144,0.25337377190589905,0.0886719599366188
489,lejepa,gradcam,predicted,backbone.layer1,33,33,33,0.1150755062699318,0.08726388216018677,0.10116969421505928
490,lejepa,gradcam,predicted,backbone.layer1,33,33,33,0.036004628986120224,0.21014079451560974,0.12307271175086498
491,lejepa,gradcam,predicted,backbone.layer1,33,33,33,0.10283194482326508,0.11447831243276596,0.10865512862801552
492,lejepa,gradcam,predicted,backbone.layer1,33,2,2,0.2556556165218353,0.11672286689281464,0.18618924170732498
493,lejepa,gradcam,predicted,backbone.layer1,34,39,39,0.10615187138319016,0.35226187109947205,0.2292068712413311
494,lejepa,gradcam,predicted,backbone.layer1,34,34,34,-0.0024485874455422163,0.02144491672515869,0.009498164639808238
495,lejepa,gradcam,predicted,backbone.layer1,34,17,17,0.13146448135375977,0.09671992808580399,0.11409220471978188
496,lejepa,gradcam,predicted,backbone.layer1,34,0,0,0.3297026753425598,0.5225476026535034,0.4261251389980316
497,lejepa,gradcam,predicted,backbone.layer1,34,44,44,0.4171672761440277,0.38278496265411377,0.39997611939907074
498,lejepa,gradcam,predicted,backbone.layer1,34,39,39,0.37688663601875305,0.22799190878868103,0.30243927240371704
499,lejepa,gradcam,predicted,backbone.layer1,34,31,31,0.2901039719581604,0.4518960416316986,0.3710000067949295
500,lejepa,gradcam,predicted,backbone.layer1,34,35,35,-0.21934691071510315,0.4450784921646118,0.11286579072475433
501,lejepa,gradcam,predicted,backbone.layer1,34,5,5,0.24827061593532562,0.486602783203125,0.3674366995692253
502,lejepa,gradcam,predicted,backbone.layer1,34,34,34,-0.0008539915434084833,0.005481487140059471,0.002313747798325494
503,lejepa,gradcam,predicted,backbone.layer1,34,39,39,0.13301950693130493,0.14766845107078552,0.14034397900104523
504,lejepa,gradcam,predicted,backbone.layer1,34,8,8,0.07442551851272583,0.4641939699649811,0.26930974423885345
505,lejepa,gradcam,predicted,backbone.layer1,34,42,42,0.5911067724227905,0.3610193431377411,0.4760630577802658
506,lejepa,gradcam,predicted,backbone.layer1,35,37,37,0.2175421267747879,0.2855420410633087,0.2515420839190483
507,lejepa,gradcam,predicted,backbone.layer1,35,17,17,-0.05932013317942619,0.42117464542388916,0.18092725612223148
508,lejepa,gradcam,predicted,backbone.layer1,35,20,20,0.1526375114917755,0.0721934363245964,0.11241547390818596
509,lejepa,gradcam,predicted,backbone.layer1,35,35,35,0.21570008993148804,0.05859800800681114,0.1371490489691496
510,lejepa,gradcam,predicted,backbone.layer1,35,35,35,0.11949380487203598,0.1662943810224533,0.14289409294724464
511,lejepa,gradcam,predicted,backbone.layer1,35,24,24,-0.017772352322936058,0.008940428495407104,-0.004415961913764477
480,lejepa,gradcam,predicted,backbone.layer2,33,46,46,0.35951298475265503,0.6319921612739563,0.49575257301330566
481,lejepa,gradcam,predicted,backbone.layer2,33,33,33,-0.23946693539619446,0.3393886685371399,0.04996086657047272
482,lejepa,gradcam,predicted,backbone.layer2,33,20,20,0.2571205198764801,0.3636949956417084,0.31040775775909424
483,lejepa,gradcam,predicted,backbone.layer2,33,33,33,-0.05667317286133766,0.184804767370224,0.06406579725444317
484,lejepa,gradcam,predicted,backbone.layer2,33,33,33,0.04620344564318657,0.3371988832950592,0.1917011644691229
485,lejepa,gradcam,predicted,backbone.layer2,33,33,33,-0.13769181072711945,0.32465860247612,0.09348339587450027
486,lejepa,gradcam,predicted,backbone.layer2,33,33,33,-0.13092437386512756,0.24735558032989502,0.05821560323238373
487,lejepa,gradcam,predicted,backbone.layer2,33,33,33,-0.08762943744659424,0.33077472448349,0.12157264351844788
488,lejepa,gradcam,predicted,backbone.layer2,33,33,33,-0.0007471726858057082,0.4535861015319824,0.22641946442308836
489,lejepa,gradcam,predicted,backbone.layer2,33,33,33,0.012128368951380253,0.33474200963974,0.17343518929556012
490,lejepa,gradcam,predicted,backbone.layer2,33,33,33,0.10085749626159668,0.36116111278533936,0.23100930452346802
491,lejepa,gradcam,predicted,backbone.layer2,33,33,33,-0.15517722070217133,0.29999297857284546,0.07240787893533707
492,lejepa,gradcam,predicted,backbone.layer2,33,2,2,-0.12688158452510834,0.3718455731868744,0.12248199433088303
493,lejepa,gradcam,predicted,backbone.layer2,34,39,39,0.2837735712528229,0.18148447573184967,0.23262902349233627
494,lejepa,gradcam,predicted,backbone.layer2,34,34,34,-0.042182523757219315,0.2004586011171341,0.07913803867995739
495,lejepa,gradcam,predicted,backbone.layer2,34,17,17,0.02955063432455063,0.3171709179878235,0.17336077615618706
496,lejepa,gradcam,predicted,backbone.layer2,34,0,0,0.039764028042554855,0.21206967532634735,0.1259168516844511
497,lejepa,gradcam,predicted,backbone.layer2,34,44,44,-0.0011837867787107825,0.25719860196113586,0.12800740759121254
498,lejepa,gradcam,predicted,backbone.layer2,34,39,39,0.11196596920490265,0.3172650635242462,0.21461551636457443
499,lejepa,gradcam,predicted,backbone.layer2,34,31,31,-0.11765366792678833,0.07996269315481186,-0.018845487385988235
500,lejepa,gradcam,predicted,backbone.layer2,34,35,35,0.07244276255369186,0.3215476870536804,0.19699522480368614
501,lejepa,gradcam,predicted,backbone.layer2,34,5,5,-0.13265609741210938,0.16930332779884338,0.018323615193367004
502,lejepa,gradcam,predicted,backbone.layer2,34,34,34,0.11482866108417511,0.3260551691055298,0.22044191509485245
503,lejepa,gradcam,predicted,backbone.layer2,34,39,39,-0.2922990620136261,0.29715633392333984,0.0024286359548568726
504,lejepa,gradcam,predicted,backbone.layer2,34,8,8,-0.18864531815052032,0.2101462036371231,0.010750442743301392
505,lejepa,gradcam,predicted,backbone.layer2,34,42,42,0.498239129781723,0.4509739875793457,0.47460655868053436
506,lejepa,gradcam,predicted,backbone.layer2,35,37,37,-0.030796334147453308,0.2754628658294678,0.12233326584100723
507,lejepa,gradcam,predicted,backbone.layer2,35,17,17,0.08486943691968918,0.275945782661438,0.18040760979056358
508,lejepa,gradcam,predicted,backbone.layer2,35,20,20,-0.1264587789773941,0.09159086644649506,-0.017433956265449524
509,lejepa,gradcam,predicted,backbone.layer2,35,35,35,-0.103659987449646,0.19127847254276276,0.04380924254655838
510,lejepa,gradcam,predicted,backbone.layer2,35,35,35,-0.005719140637665987,0.0779540091753006,0.036117434268817306
511,lejepa,gradcam,predicted,backbone.layer2,35,24,24,-0.04306134581565857,0.32063090801239014,0.13878478109836578
480,lejepa,gradcam,predicted,backbone.layer3,33,46,46,-0.23267146944999695,0.41919317841529846,0.09326085448265076
481,lejepa,gradcam,predicted,backbone.layer3,33,33,33,-0.010085294023156166,0.3745490610599518,0.1822318835183978
482,lejepa,gradcam,predicted,backbone.layer3,33,20,20,-0.14895550906658173,0.2782622277736664,0.06465335935354233
483,lejepa,gradcam,predicted,backbone.layer3,33,33,33,0.23203368484973907,0.26706594228744507,0.24954981356859207
484,lejepa,gradcam,predicted,backbone.layer3,33,33,33,0.4432753622531891,0.5012398362159729,0.472257599234581
485,lejepa,gradcam,predicted,backbone.layer3,33,33,33,-0.22271950542926788,0.3613113760948181,0.06929593533277512
486,lejepa,gradcam,predicted,backbone.layer3,33,33,33,-0.3550907373428345,0.2672898471355438,-0.043900445103645325
487,lejepa,gradcam,predicted,backbone.layer3,33,33,33,-0.13229037821292877,0.3339603543281555,0.10083498805761337
488,lejepa,gradcam,predicted,backbone.layer3,33,33,33,-0.2286064177751541,0.2604668438434601,0.015930213034152985
489,lejepa,gradcam,predicted,backbone.layer3,33,33,33,0.04929816722869873,0.4358644187450409,0.2425812929868698
490,lejepa,gradcam,predicted,backbone.layer3,33,33,33,-0.07327952235937119,0.3019625246524811,0.11434150114655495
491,lejepa,gradcam,predicted,backbone.layer3,33,33,33,0.0898049920797348,0.32599201798439026,0.20789850503206253
492,lejepa,gradcam,predicted,backbone.layer3,33,2,2,0.44867271184921265,0.3085336685180664,0.3786031901836395
493,lejepa,gradcam,predicted,backbone.layer3,34,39,39,-0.1633014678955078,0.14902834594249725,-0.0071365609765052795
494,lejepa,gradcam,predicted,backbone.layer3,34,34,34,0.09568428248167038,0.06282423436641693,0.07925425842404366
495,lejepa,gradcam,predicted,backbone.layer3,34,17,17,-0.03758775070309639,0.14917504787445068,0.05579364858567715
496,lejepa,gradcam,predicted,backbone.layer3,34,0,0,0.164640411734581,0.34257128834724426,0.25360585004091263
497,lejepa,gradcam,predicted,backbone.layer3,34,44,44,-0.19228976964950562,0.16934505105018616,-0.011472359299659729
498,lejepa,gradcam,predicted,backbone.layer3,34,39,39,0.03763144835829735,0.29692307114601135,0.16727725975215435
499,lejepa,gradcam,predicted,backbone.layer3,34,31,31,0.07446298003196716,0.21394649147987366,0.1442047357559204
500,lejepa,gradcam,predicted,backbone.layer3,34,35,35,-0.047543153166770935,0.35949796438217163,0.15597740560770035
501,lejepa,gradcam,predicted,backbone.layer3,34,5,5,-0.24719831347465515,0.2573480010032654,0.005074843764305115
502,lejepa,gradcam,predicted,backbone.layer3,34,34,34,-0.14690235257148743,0.06852786988019943,-0.039187241345644
503,lejepa,gradcam,predicted,backbone.layer3,34,39,39,0.12536220252513885,0.3298070728778839,0.22758463770151138
504,lejepa,gradcam,predicted,backbone.layer3,34,8,8,0.5071365833282471,0.4442245066165924,0.47568054497241974
505,lejepa,gradcam,predicted,backbone.layer3,34,42,42,0.06028822436928749,0.21018783748149872,0.1352380309253931
506,lejepa,gradcam,predicted,backbone.layer3,35,37,37,0.5291979908943176,0.5802485346794128,0.5547232627868652
507,lejepa,gradcam,predicted,backbone.layer3,35,17,17,0.005796555895358324,0.269514799118042,0.13765567750670016
508,lejepa,gradcam,predicted,backbone.layer3,35,20,20,0.2664355933666229,0.3329761028289795,0.2997058480978012
509,lejepa,gradcam,predicted,backbone.layer3,35,35,35,0.37975677847862244,0.302345335483551,0.34105105698108673
510,lejepa,gradcam,predicted,backbone.layer3,35,35,35,0.012168723158538342,0.340338796377182,0.17625375976786017
511,lejepa,gradcam,predicted,backbone.layer3,35,24,24,0.4569650888442993,0.2615029215812683,0.3592340052127838
480,lejepa,gradcam,predicted,backbone.layer4,33,46,46,-0.019375957548618317,0.4820428192615509,0.2313334308564663
481,lejepa,gradcam,predicted,backbone.layer4,33,33,33,0.4671071767807007,0.5633015632629395,0.5152043700218201
482,lejepa,gradcam,predicted,backbone.layer4,33,20,20,0.27486559748649597,0.5749680995941162,0.4249168485403061
483,lejepa,gradcam,predicted,backbone.layer4,33,33,33,0.6971243023872375,0.5740682482719421,0.6355962753295898
484,lejepa,gradcam,predicted,backbone.layer4,33,33,33,0.730006754398346,0.5885432362556458,0.6592749953269958
485,lejepa,gradcam,predicted,backbone.layer4,33,33,33,0.33986181020736694,0.5076318383216858,0.42374682426452637
486,lejepa,gradcam,predicted,backbone.layer4,33,33,33,0.23337422311306,0.5627396702766418,0.3980569466948509
487,lejepa,gradcam,predicted,backbone.layer4,33,33,33,0.1710834950208664,0.5291754603385925,0.35012947767972946
488,lejepa,gradcam,predicted,backbone.layer4,33,33,33,0.352157860994339,0.5790915489196777,0.46562470495700836
489,lejepa,gradcam,predicted,backbone.layer4,33,33,33,0.5990417003631592,0.5790740847587585,0.5890578925609589
490,lejepa,gradcam,predicted,backbone.layer4,33,33,33,0.48902666568756104,0.53630131483078,0.5126639902591705
491,lejepa,gradcam,predicted,backbone.layer4,33,33,33,0.6103567481040955,0.5969764590263367,0.6036666035652161
492,lejepa,gradcam,predicted,backbone.layer4,33,2,2,0.71192866563797,0.5572813749313354,0.6346050202846527
493,lejepa,gradcam,predicted,backbone.layer4,34,39,39,0.39564386010169983,0.5458826422691345,0.4707632511854172
494,lejepa,gradcam,predicted,backbone.layer4,34,34,34,0.7411766052246094,0.5854393839836121,0.6633079946041107
495,lejepa,gradcam,predicted,backbone.layer4,34,17,17,0.5702886581420898,0.5513247847557068,0.5608067214488983
496,lejepa,gradcam,predicted,backbone.layer4,34,0,0,0.4806624948978424,0.5640981793403625,0.5223803371191025
497,lejepa,gradcam,predicted,backbone.layer4,34,44,44,0.40613168478012085,0.5232532620429993,0.46469247341156006
498,lejepa,gradcam,predicted,backbone.layer4,34,39,39,0.27161070704460144,0.529413104057312,0.4005119055509567
499,lejepa,gradcam,predicted,backbone.layer4,34,31,31,0.5782685279846191,0.5582782626152039,0.5682733952999115
500,lejepa,gradcam,predicted,backbone.layer4,34,35,35,0.024536605924367905,0.5004470348358154,0.26249182038009167
501,lejepa,gradcam,predicted,backbone.layer4,34,5,5,0.40404829382896423,0.5755897164344788,0.4898190051317215
502,lejepa,gradcam,predicted,backbone.layer4,34,34,34,0.1953263282775879,0.4671100676059723,0.3312181979417801
503,lejepa,gradcam,predicted,backbone.layer4,34,39,39,0.36802688241004944,0.5471261739730835,0.45757652819156647
504,lejepa,gradcam,predicted,backbone.layer4,34,8,8,0.4359510838985443,0.46068304777145386,0.4483170658349991
505,lejepa,gradcam,predicted,backbone.layer4,34,42,42,0.30171653628349304,0.5787371397018433,0.44022683799266815
506,lejepa,gradcam,predicted,backbone.layer4,35,37,37,0.4544113576412201,0.578641414642334,0.516526386141777
507,lejepa,gradcam,predicted,backbone.layer4,35,17,17,0.611943781375885,0.6233018636703491,0.6176228225231171
508,lejepa,gradcam,predicted,backbone.layer4,35,20,20,0.3794693350791931,0.5346636176109314,0.45706647634506226
509,lejepa,gradcam,predicted,backbone.layer4,35,35,35,0.36166054010391235,0.5418433547019958,0.4517519474029541
510,lejepa,gradcam,predicted,backbone.layer4,35,35,35,0.3861943483352661,0.5163350105285645,0.4512646794319153
511,lejepa,gradcam,predicted,backbone.layer4,35,24,24,0.4925742745399475,0.49968060851097107,0.4961274415254593
512,lejepa,gradcam,predicted,backbone.layer1,35,21,21,-0.11209175735712051,0.275236576795578,0.08157240971922874
513,lejepa,gradcam,predicted,backbone.layer1,35,3,3,0.15687508881092072,0.34266185760498047,0.2497684732079506
514,lejepa,gradcam,predicted,backbone.layer1,35,35,35,0.10009220987558365,0.5575510859489441,0.32882164791226387
515,lejepa,gradcam,predicted,backbone.layer1,35,20,20,0.09933237731456757,0.2950933277606964,0.197212852537632
516,lejepa,gradcam,predicted,backbone.layer1,35,35,35,0.24960696697235107,0.5213618874549866,0.3854844272136688
517,lejepa,gradcam,predicted,backbone.layer1,35,29,29,0.31865543127059937,0.28860652446746826,0.3036309778690338
518,lejepa,gradcam,predicted,backbone.layer1,35,17,17,-0.037215277552604675,0.12318982183933258,0.04298727214336395
519,lejepa,gradcam,predicted,backbone.layer1,35,35,35,-0.08341526240110397,0.47957366704940796,0.198079202324152
520,lejepa,gradcam,predicted,backbone.layer1,35,35,35,-0.007351705338805914,0.0007804221240803599,-0.003285641607362777
521,lejepa,gradcam,predicted,backbone.layer1,35,35,35,-0.3072734475135803,0.343684583902359,0.018205568194389343
522,lejepa,gradcam,predicted,backbone.layer1,35,34,34,0.0,0.0,0.0
523,lejepa,gradcam,predicted,backbone.layer1,36,40,40,0.0482211597263813,0.13944785296916962,0.09383450634777546
524,lejepa,gradcam,predicted,backbone.layer1,36,21,21,0.15003973245620728,0.3309495151042938,0.24049462378025055
525,lejepa,gradcam,predicted,backbone.layer1,36,27,27,0.20221568644046783,0.23278988897800446,0.21750278770923615
526,lejepa,gradcam,predicted,backbone.layer1,36,24,24,0.3022115230560303,0.34113821387290955,0.3216748684644699
527,lejepa,gradcam,predicted,backbone.layer1,36,42,42,0.06714793294668198,0.41233178973197937,0.23973986133933067
528,lejepa,gradcam,predicted,backbone.layer1,36,26,26,0.4393860995769501,0.4981730878353119,0.468779593706131
529,lejepa,gradcam,predicted,backbone.layer1,36,6,6,0.2923000156879425,0.337432861328125,0.31486643850803375
530,lejepa,gradcam,predicted,backbone.layer1,36,34,34,0.12150249630212784,0.051919322460889816,0.08671090938150883
531,lejepa,gradcam,predicted,backbone.layer1,36,27,27,0.09845684468746185,0.26686331629753113,0.1826600804924965
532,lejepa,gradcam,predicted,backbone.layer1,36,19,19,-0.006648498587310314,0.2473110854625702,0.12033129343762994
533,lejepa,gradcam,predicted,backbone.layer1,36,42,42,0.10202047973871231,0.3313443660736084,0.21668242290616035
534,lejepa,gradcam,predicted,backbone.layer1,36,19,19,-0.0019222419941797853,0.0999152883887291,0.048996523197274655
535,lejepa,gradcam,predicted,backbone.layer1,36,36,36,0.1545758843421936,0.42133840918540955,0.2879571467638016
536,lejepa,gradcam,predicted,backbone.layer1,36,23,23,0.3548487424850464,0.39640289545059204,0.3756258189678192
537,lejepa,gradcam,predicted,backbone.layer1,36,40,40,0.40279388427734375,0.25367623567581177,0.32823505997657776
538,lejepa,gradcam,predicted,backbone.layer1,37,37,37,0.009356985799968243,0.09710023552179337,0.053228610660880804
539,lejepa,gradcam,predicted,backbone.layer1,37,37,37,-0.024432936683297157,0.031092628836631775,0.003329846076667309
540,lejepa,gradcam,predicted,backbone.layer1,37,37,37,0.16835488379001617,0.14284706115722656,0.15560097247362137
541,lejepa,gradcam,predicted,backbone.layer1,37,25,25,0.2646150588989258,0.42377614974975586,0.3441956043243408
542,lejepa,gradcam,predicted,backbone.layer1,37,37,37,0.2411320060491562,0.2214186042547226,0.2312753051519394
543,lejepa,gradcam,predicted,backbone.layer1,37,37,37,0.23703069984912872,0.44229212403297424,0.3396614119410515
512,lejepa,gradcam,predicted,backbone.layer2,35,21,21,-0.05334024131298065,0.1840084046125412,0.06533408164978027
513,lejepa,gradcam,predicted,backbone.layer2,35,3,3,-0.15181811153888702,0.21416237950325012,0.03117213398218155
514,lejepa,gradcam,predicted,backbone.layer2,35,35,35,0.248593270778656,0.36784031987190247,0.30821679532527924
515,lejepa,gradcam,predicted,backbone.layer2,35,20,20,0.121722511947155,0.3385007679462433,0.23011163994669914
516,lejepa,gradcam,predicted,backbone.layer2,35,35,35,0.046639155596494675,0.2608851492404938,0.15376215241849422
517,lejepa,gradcam,predicted,backbone.layer2,35,29,29,-0.02437245287001133,0.37990614771842957,0.17776684742420912
518,lejepa,gradcam,predicted,backbone.layer2,35,17,17,-0.14450663328170776,0.12558065354824066,-0.009462989866733551
519,lejepa,gradcam,predicted,backbone.layer2,35,35,35,-0.13723985850811005,0.3201649487018585,0.09146254509687424
520,lejepa,gradcam,predicted,backbone.layer2,35,35,35,0.004983197897672653,0.18427029252052307,0.09462674520909786
521,lejepa,gradcam,predicted,backbone.layer2,35,35,35,-0.32554182410240173,0.38872629404067993,0.0315922349691391
522,lejepa,gradcam,predicted,backbone.layer2,35,34,34,0.5591996312141418,0.6142606139183044,0.5867301225662231
523,lejepa,gradcam,predicted,backbone.layer2,36,40,40,0.2249521166086197,0.38924095034599304,0.30709653347730637
524,lejepa,gradcam,predicted,backbone.layer2,36,21,21,0.007862177677452564,0.36147063970565796,0.18466640869155526
525,lejepa,gradcam,predicted,backbone.layer2,36,27,27,0.18713702261447906,0.48827582597732544,0.33770642429590225
526,lejepa,gradcam,predicted,backbone.layer2,36,24,24,0.33031582832336426,0.39663419127464294,0.3634750097990036
527,lejepa,gradcam,predicted,backbone.layer2,36,42,42,-0.01651453785598278,0.17960435152053833,0.08154490683227777
528,lejepa,gradcam,predicted,backbone.layer2,36,26,26,0.18460828065872192,0.2745455503463745,0.22957691550254822
529,lejepa,gradcam,predicted,backbone.layer2,36,6,6,-0.05616747960448265,0.23379917442798615,0.08881584741175175
530,lejepa,gradcam,predicted,backbone.layer2,36,34,34,-0.20998066663742065,0.21654446423053741,0.00328189879655838
531,lejepa,gradcam,predicted,backbone.layer2,36,27,27,-0.09283429384231567,0.38239985704421997,0.14478278160095215
532,lejepa,gradcam,predicted,backbone.layer2,36,19,19,-0.0749005675315857,0.2553042471408844,0.09020183980464935
533,lejepa,gradcam,predicted,backbone.layer2,36,42,42,0.3585706353187561,0.2524767220020294,0.30552367866039276
534,lejepa,gradcam,predicted,backbone.layer2,36,19,19,-0.22094665467739105,0.21029071509838104,-0.005327969789505005
535,lejepa,gradcam,predicted,backbone.layer2,36,36,36,0.04607855901122093,0.09150013327598572,0.06878934614360332
536,lejepa,gradcam,predicted,backbone.layer2,36,23,23,0.042069461196660995,0.16904400289058685,0.10555673204362392
537,lejepa,gradcam,predicted,backbone.layer2,36,40,40,-0.2770598530769348,0.3690316379070282,0.04598589241504669
538,lejepa,gradcam,predicted,backbone.layer2,37,37,37,-0.05355827510356903,0.1954958438873291,0.07096878439188004
539,lejepa,gradcam,predicted,backbone.layer2,37,37,37,-0.03889942541718483,0.32648783922195435,0.14379420690238476
540,lejepa,gradcam,predicted,backbone.layer2,37,37,37,-0.01275719329714775,0.34038591384887695,0.1638143602758646
541,lejepa,gradcam,predicted,backbone.layer2,37,25,25,0.23500940203666687,0.4389023184776306,0.33695586025714874
542,lejepa,gradcam,predicted,backbone.layer2,37,37,37,-0.3280346691608429,0.20304425060749054,-0.06249520927667618
543,lejepa,gradcam,predicted,backbone.layer2,37,37,37,0.12375461310148239,0.33284732699394226,0.22830097004771233
512,lejepa,gradcam,predicted,backbone.layer3,35,21,21,-0.38089463114738464,0.22008250653743744,-0.0804060623049736
513,lejepa,gradcam,predicted,backbone.layer3,35,3,3,-0.18879850208759308,0.24100999534130096,0.026105746626853943
514,lejepa,gradcam,predicted,backbone.layer3,35,35,35,-0.18363210558891296,0.3022148907184601,0.05929139256477356
515,lejepa,gradcam,predicted,backbone.layer3,35,20,20,-0.03093876503407955,0.39849668741226196,0.1837789611890912
516,lejepa,gradcam,predicted,backbone.layer3,35,35,35,0.718812882900238,0.5093533396720886,0.6140831112861633
517,lejepa,gradcam,predicted,backbone.layer3,35,29,29,0.1474035084247589,0.4113559424877167,0.2793797254562378
518,lejepa,gradcam,predicted,backbone.layer3,35,17,17,-0.12676040828227997,0.1037137508392334,-0.011523328721523285
519,lejepa,gradcam,predicted,backbone.layer3,35,35,35,-0.14439097046852112,0.19162742793560028,0.02361822873353958
520,lejepa,gradcam,predicted,backbone.layer3,35,35,35,-0.1695178598165512,0.08691463619470596,-0.04130161181092262
521,lejepa,gradcam,predicted,backbone.layer3,35,35,35,-0.28319400548934937,0.19709131121635437,-0.0430513471364975
522,lejepa,gradcam,predicted,backbone.layer3,35,34,34,-0.11625861376523972,0.18863415718078613,0.03618777170777321
523,lejepa,gradcam,predicted,backbone.layer3,36,40,40,-0.23452532291412354,0.28938764333724976,0.02743116021156311
524,lejepa,gradcam,predicted,backbone.layer3,36,21,21,0.04162357375025749,0.325575590133667,0.18359958194196224
525,lejepa,gradcam,predicted,backbone.layer3,36,27,27,-0.11665145307779312,0.29943931102752686,0.09139392897486687
526,lejepa,gradcam,predicted,backbone.layer3,36,24,24,0.29534024000167847,0.3735317587852478,0.33443599939346313
527,lejepa,gradcam,predicted,backbone.layer3,36,42,42,2.5617206119932234e-05,0.1732041984796524,0.08661490784288617
528,lejepa,gradcam,predicted,backbone.layer3,36,26,26,0.4546210467815399,0.3913438022136688,0.42298242449760437
529,lejepa,gradcam,predicted,backbone.layer3,36,6,6,-0.3723399043083191,0.2745596468448639,-0.0488901287317276
530,lejepa,gradcam,predicted,backbone.layer3,36,34,34,0.07338961958885193,0.28426462411880493,0.17882712185382843
531,lejepa,gradcam,predicted,backbone.layer3,36,27,27,-0.04924510419368744,0.2836722135543823,0.11721355468034744
532,lejepa,gradcam,predicted,backbone.layer3,36,19,19,-0.09751822799444199,0.3652927577495575,0.13388726487755775
533,lejepa,gradcam,predicted,backbone.layer3,36,42,42,-0.22413888573646545,0.12490276992321014,-0.049618057906627655
534,lejepa,gradcam,predicted,backbone.layer3,36,19,19,0.028931396082043648,0.32666710019111633,0.17779924813658
535,lejepa,gradcam,predicted,backbone.layer3,36,36,36,-0.2825593650341034,0.1801728457212448,-0.05119325965642929
536,lejepa,gradcam,predicted,backbone.layer3,36,23,23,-0.004318782594054937,0.4093163311481476,0.20249877427704632
537,lejepa,gradcam,predicted,backbone.layer3,36,40,40,-0.4948245584964752,0.21908853948116302,-0.1378680095076561
538,lejepa,gradcam,predicted,backbone.layer3,37,37,37,-0.5101101994514465,0.2843303978443146,-0.11288990080356598
539,lejepa,gradcam,predicted,backbone.layer3,37,37,37,0.040833648294210434,0.42423927783966064,0.23253646306693554
540,lejepa,gradcam,predicted,backbone.layer3,37,37,37,0.09642393887042999,0.3996194005012512,0.2480216696858406
541,lejepa,gradcam,predicted,backbone.layer3,37,25,25,-0.15496358275413513,0.2827087342739105,0.0638725757598877
542,lejepa,gradcam,predicted,backbone.layer3,37,37,37,-0.10415825992822647,0.3233124315738678,0.10957708582282066
543,lejepa,gradcam,predicted,backbone.layer3,37,37,37,-0.20228324830532074,0.2279902994632721,0.012853525578975677
512,lejepa,gradcam,predicted,backbone.layer4,35,21,21,0.054053306579589844,0.5122784972190857,0.28316590189933777
513,lejepa,gradcam,predicted,backbone.layer4,35,3,3,0.5707017779350281,0.45755666494369507,0.5141292214393616
514,lejepa,gradcam,predicted,backbone.layer4,35,35,35,0.3248797357082367,0.5055312514305115,0.4152054935693741
515,lejepa,gradcam,predicted,backbone.layer4,35,20,20,0.511971652507782,0.5566099882125854,0.5342908203601837
516,lejepa,gradcam,predicted,backbone.layer4,35,35,35,0.4556612968444824,0.5839276313781738,0.5197944641113281
517,lejepa,gradcam,predicted,backbone.layer4,35,29,29,0.2687090337276459,0.5018158555030823,0.3852624446153641
518,lejepa,gradcam,predicted,backbone.layer4,35,17,17,0.5365900993347168,0.6218740940093994,0.5792320966720581
519,lejepa,gradcam,predicted,backbone.layer4,35,35,35,-0.3479689359664917,0.45172545313835144,0.05187825858592987
520,lejepa,gradcam,predicted,backbone.layer4,35,35,35,0.17420978844165802,0.5360559821128845,0.35513288527727127
521,lejepa,gradcam,predicted,backbone.layer4,35,35,35,0.4344133734703064,0.503012478351593,0.4687129259109497
522,lejepa,gradcam,predicted,backbone.layer4,35,34,34,0.6927834749221802,0.5703340768814087,0.6315587759017944
523,lejepa,gradcam,predicted,backbone.layer4,36,40,40,0.5911532044410706,0.5532634258270264,0.5722083151340485
524,lejepa,gradcam,predicted,backbone.layer4,36,21,21,0.6746189594268799,0.5397264361381531,0.6071726977825165
525,lejepa,gradcam,predicted,backbone.layer4,36,27,27,0.5346965193748474,0.5150554180145264,0.5248759686946869
526,lejepa,gradcam,predicted,backbone.layer4,36,24,24,0.5100067257881165,0.5699424743652344,0.5399746000766754
527,lejepa,gradcam,predicted,backbone.layer4,36,42,42,0.4772823750972748,0.49762028455734253,0.48745132982730865
528,lejepa,gradcam,predicted,backbone.layer4,36,26,26,0.551600992679596,0.5352237224578857,0.5434123575687408
529,lejepa,gradcam,predicted,backbone.layer4,36,6,6,0.7149078845977783,0.5388621687889099,0.6268850266933441
530,lejepa,gradcam,predicted,backbone.layer4,36,34,34,0.6904036998748779,0.5715122818946838,0.6309579908847809
531,lejepa,gradcam,predicted,backbone.layer4,36,27,27,0.27170997858047485,0.5101869702339172,0.39094847440719604
532,lejepa,gradcam,predicted,backbone.layer4,36,19,19,0.3477848768234253,0.5149840116500854,0.43138444423675537
533,lejepa,gradcam,predicted,backbone.layer4,36,42,42,0.2670140862464905,0.5365270376205444,0.40177056193351746
534,lejepa,gradcam,predicted,backbone.layer4,36,19,19,0.6028792858123779,0.5626080632209778,0.5827436745166779
535,lejepa,gradcam,predicted,backbone.layer4,36,36,36,0.3812373876571655,0.5280101299285889,0.4546237587928772
536,lejepa,gradcam,predicted,backbone.layer4,36,23,23,0.3095897436141968,0.5239490270614624,0.4167693853378296
537,lejepa,gradcam,predicted,backbone.layer4,36,40,40,0.6388925313949585,0.5322934985160828,0.5855930149555206
538,lejepa,gradcam,predicted,backbone.layer4,37,37,37,0.41568636894226074,0.5183189511299133,0.46700266003608704
539,lejepa,gradcam,predicted,backbone.layer4,37,37,37,0.36311841011047363,0.52275151014328,0.44293496012687683
540,lejepa,gradcam,predicted,backbone.layer4,37,37,37,0.42045503854751587,0.5627031326293945,0.4915790855884552
541,lejepa,gradcam,predicted,backbone.layer4,37,25,25,0.4349958896636963,0.5551634430885315,0.4950796663761139
542,lejepa,gradcam,predicted,backbone.layer4,37,37,37,0.4746342599391937,0.56975257396698,0.5221934169530869
543,lejepa,gradcam,predicted,backbone.layer4,37,37,37,0.4335229694843292,0.5345789194107056,0.4840509444475174
544,lejepa,gradcam,predicted,backbone.layer1,37,37,37,-0.06210983172059059,0.23559899628162384,0.08674458228051662
545,lejepa,gradcam,predicted,backbone.layer1,37,25,25,0.37604403495788574,0.4194786250591278,0.3977613300085068
546,lejepa,gradcam,predicted,backbone.layer1,37,37,37,0.023709898814558983,0.021344110369682312,0.022527004592120647
547,lejepa,gradcam,predicted,backbone.layer1,37,37,37,0.14657549560070038,0.11883989721536636,0.13270769640803337
548,lejepa,gradcam,predicted,backbone.layer1,37,37,37,-0.026490140706300735,0.04443277046084404,0.008971314877271652
549,lejepa,gradcam,predicted,backbone.layer1,37,37,37,0.146917924284935,0.12339113652706146,0.13515453040599823
550,lejepa,gradcam,predicted,backbone.layer1,37,37,37,-0.016899997368454933,0.0476352758705616,0.015367639251053333
551,lejepa,gradcam,predicted,backbone.layer1,37,37,37,0.043895069509744644,0.1023237481713295,0.07310940884053707
552,lejepa,gradcam,predicted,backbone.layer1,38,38,38,0.20183223485946655,0.21538597345352173,0.20860910415649414
553,lejepa,gradcam,predicted,backbone.layer1,38,38,38,0.46670258045196533,0.24688942730426788,0.3567960038781166
554,lejepa,gradcam,predicted,backbone.layer1,38,27,27,0.1323554664850235,0.173095703125,0.15272558480501175
555,lejepa,gradcam,predicted,backbone.layer1,38,38,38,-0.09757162630558014,0.2750511169433594,0.08873974531888962
556,lejepa,gradcam,predicted,backbone.layer1,38,38,38,-0.09288936108350754,0.21178580820560455,0.05944822356104851
557,lejepa,gradcam,predicted,backbone.layer1,38,20,20,0.04939214885234833,0.23427791893482208,0.1418350338935852
558,lejepa,gradcam,predicted,backbone.layer1,38,40,40,-0.01787998341023922,0.09557490795850754,0.03884746227413416
559,lejepa,gradcam,predicted,backbone.layer1,38,38,38,0.19892820715904236,0.16073870658874512,0.17983345687389374
560,lejepa,gradcam,predicted,backbone.layer1,38,22,22,0.3096190094947815,0.2892826795578003,0.2994508445262909
561,lejepa,gradcam,predicted,backbone.layer1,38,38,38,-0.014035307802259922,0.17947734892368317,0.08272102056071162
562,lejepa,gradcam,predicted,backbone.layer1,38,38,38,0.3809731900691986,0.18017767369747162,0.2805754318833351
563,lejepa,gradcam,predicted,backbone.layer1,38,38,38,0.08153608441352844,0.1470101773738861,0.11427313089370728
564,lejepa,gradcam,predicted,backbone.layer1,38,40,40,-0.040994174778461456,0.11380179226398468,0.03640380874276161
565,lejepa,gradcam,predicted,backbone.layer1,38,39,39,0.4580218493938446,0.25663959980010986,0.35733072459697723
566,lejepa,gradcam,predicted,backbone.layer1,38,19,19,0.0853491947054863,0.04076718911528587,0.06305819191038609
567,lejepa,gradcam,predicted,backbone.layer1,39,29,29,0.12037334591150284,0.26908060908317566,0.19472697749733925
568,lejepa,gradcam,predicted,backbone.layer1,39,27,27,0.20735879242420197,0.30072131752967834,0.25404005497694016
569,lejepa,gradcam,predicted,backbone.layer1,39,39,39,0.6272609233856201,0.2674139142036438,0.44733741879463196
570,lejepa,gradcam,predicted,backbone.layer1,39,27,27,0.024137606844305992,0.2068551629781723,0.11549638491123915
571,lejepa,gradcam,predicted,backbone.layer1,39,39,39,0.39671823382377625,0.3605571985244751,0.37863771617412567
572,lejepa,gradcam,predicted,backbone.layer1,39,39,39,0.08566709607839584,0.2661381661891937,0.17590263113379478
573,lejepa,gradcam,predicted,backbone.layer1,39,40,40,-0.13254427909851074,0.16947004199028015,0.018462881445884705
574,lejepa,gradcam,predicted,backbone.layer1,39,39,39,0.5304590463638306,0.5440828800201416,0.5372709631919861
575,lejepa,gradcam,predicted,backbone.layer1,39,27,27,0.48641157150268555,0.40515953302383423,0.4457855522632599
544,lejepa,gradcam,predicted,backbone.layer2,37,37,37,-0.1937703788280487,0.2596708834171295,0.032950252294540405
545,lejepa,gradcam,predicted,backbone.layer2,37,25,25,0.2903144657611847,0.2892380356788635,0.2897762507200241
546,lejepa,gradcam,predicted,backbone.layer2,37,37,37,-0.3011232614517212,0.20059023797512054,-0.050266511738300323
547,lejepa,gradcam,predicted,backbone.layer2,37,37,37,-0.022370679304003716,0.22182509303092957,0.09972720686346292
548,lejepa,gradcam,predicted,backbone.layer2,37,37,37,-0.09319552779197693,0.2535545825958252,0.08017952740192413
549,lejepa,gradcam,predicted,backbone.layer2,37,37,37,0.09811045974493027,0.3149213492870331,0.20651590451598167
550,lejepa,gradcam,predicted,backbone.layer2,37,37,37,-0.16453790664672852,0.3037167489528656,0.06958942115306854
551,lejepa,gradcam,predicted,backbone.layer2,37,37,37,-0.23494724929332733,0.1878386288881302,-0.023554310202598572
552,lejepa,gradcam,predicted,backbone.layer2,38,38,38,0.18477903306484222,0.4904637336730957,0.33762138336896896
553,lejepa,gradcam,predicted,backbone.layer2,38,38,38,-0.13385596871376038,0.5048397779464722,0.1854919046163559
554,lejepa,gradcam,predicted,backbone.layer2,38,27,27,-0.14046674966812134,0.34566327929496765,0.10259826481342316
555,lejepa,gradcam,predicted,backbone.layer2,38,38,38,0.1506078541278839,0.44561582803726196,0.29811184108257294
556,lejepa,gradcam,predicted,backbone.layer2,38,38,38,0.3819020688533783,0.4163932204246521,0.3991476446390152
557,lejepa,gradcam,predicted,backbone.layer2,38,20,20,-0.02226998470723629,0.37929198145866394,0.17851099837571383
558,lejepa,gradcam,predicted,backbone.layer2,38,40,40,0.08929618448019028,0.45760390162467957,0.2734500430524349
559,lejepa,gradcam,predicted,backbone.layer2,38,38,38,0.42315495014190674,0.15026894211769104,0.2867119461297989
560,lejepa,gradcam,predicted,backbone.layer2,38,22,22,-0.20130322873592377,0.38209497928619385,0.09039587527513504
561,lejepa,gradcam,predicted,backbone.layer2,38,38,38,0.08123661577701569,0.11158537119626999,0.09641099348664284
562,lejepa,gradcam,predicted,backbone.layer2,38,38,38,-0.00989637989550829,0.20650555193424225,0.09830458601936698
563,lejepa,gradcam,predicted,backbone.layer2,38,38,38,-0.20279736816883087,0.32643064856529236,0.06181664019823074
564,lejepa,gradcam,predicted,backbone.layer2,38,40,40,0.201360821723938,0.21927690505981445,0.21031886339187622
565,lejepa,gradcam,predicted,backbone.layer2,38,39,39,-0.07200273126363754,0.48667535185813904,0.20733631029725075
566,lejepa,gradcam,predicted,backbone.layer2,38,19,19,-0.12056893110275269,0.3532119691371918,0.11632151901721954
567,lejepa,gradcam,predicted,backbone.layer2,39,29,29,0.07840351015329361,0.3579363524913788,0.2181699313223362
568,lejepa,gradcam,predicted,backbone.layer2,39,27,27,0.3256232440471649,0.23723727464675903,0.281430259346962
569,lejepa,gradcam,predicted,backbone.layer2,39,39,39,0.404428094625473,0.5685572028160095,0.48649264872074127
570,lejepa,gradcam,predicted,backbone.layer2,39,27,27,-0.13335344195365906,0.3830239176750183,0.12483523786067963
571,lejepa,gradcam,predicted,backbone.layer2,39,39,39,0.22795550525188446,0.4377765953540802,0.33286605030298233
572,lejepa,gradcam,predicted,backbone.layer2,39,39,39,0.25142902135849,0.261874258518219,0.2566516399383545
573,lejepa,gradcam,predicted,backbone.layer2,39,40,40,-0.10030264407396317,0.17966149747371674,0.039679426699876785
574,lejepa,gradcam,predicted,backbone.layer2,39,39,39,0.5254600048065186,0.503919780254364,0.5146898925304413
575,lejepa,gradcam,predicted,backbone.layer2,39,27,27,0.1934850662946701,0.23310039937496185,0.21329273283481598
544,lejepa,gradcam,predicted,backbone.layer3,37,37,37,0.48553040623664856,0.5074307918548584,0.4964805990457535
545,lejepa,gradcam,predicted,backbone.layer3,37,25,25,0.519721508026123,0.5411855578422546,0.5304535329341888
546,lejepa,gradcam,predicted,backbone.layer3,37,37,37,0.023383382707834244,0.4567411541938782,0.2400622684508562
547,lejepa,gradcam,predicted,backbone.layer3,37,37,37,-0.24931465089321136,0.29085636138916016,0.020770855247974396
548,lejepa,gradcam,predicted,backbone.layer3,37,37,37,0.08177453279495239,0.3096124231815338,0.1956934779882431
549,lejepa,gradcam,predicted,backbone.layer3,37,37,37,0.48985061049461365,0.45399346947669983,0.47192203998565674
550,lejepa,gradcam,predicted,backbone.layer3,37,37,37,-0.01810464635491371,0.3392893075942993,0.1605923306196928
551,lejepa,gradcam,predicted,backbone.layer3,37,37,37,0.3343774974346161,0.41688966751098633,0.3756335824728012
552,lejepa,gradcam,predicted,backbone.layer3,38,38,38,0.37369272112846375,0.39114513993263245,0.3824189305305481
553,lejepa,gradcam,predicted,backbone.layer3,38,38,38,0.17137902975082397,0.3028986155986786,0.23713882267475128
554,lejepa,gradcam,predicted,backbone.layer3,38,27,27,0.37870633602142334,0.38703563809394836,0.38287098705768585
555,lejepa,gradcam,predicted,backbone.layer3,38,38,38,0.33596280217170715,0.3238263726234436,0.3298945873975754
556,lejepa,gradcam,predicted,backbone.layer3,38,38,38,-0.10857927054166794,0.24086391925811768,0.06614232435822487
557,lejepa,gradcam,predicted,backbone.layer3,38,20,20,0.6654470562934875,0.5721378922462463,0.6187924742698669
558,lejepa,gradcam,predicted,backbone.layer3,38,40,40,-0.15332099795341492,0.2400282323360443,0.0433536171913147
559,lejepa,gradcam,predicted,backbone.layer3,38,38,38,0.6026678681373596,0.132785826921463,0.3677268475294113
560,lejepa,gradcam,predicted,backbone.layer3,38,22,22,-0.1652548909187317,0.17912791669368744,0.006936512887477875
561,lejepa,gradcam,predicted,backbone.layer3,38,38,38,0.35073694586753845,0.3143673241138458,0.33255213499069214
562,lejepa,gradcam,predicted,backbone.layer3,38,38,38,-0.052734121680259705,0.12082155793905258,0.03404371812939644
563,lejepa,gradcam,predicted,backbone.layer3,38,38,38,-0.08556284755468369,0.21359339356422424,0.06401527300477028
564,lejepa,gradcam,predicted,backbone.layer3,38,40,40,-0.38366320729255676,0.2529900372028351,-0.06533658504486084
565,lejepa,gradcam,predicted,backbone.layer3,38,39,39,-0.3534948229789734,0.25209519267082214,-0.05069981515407562
566,lejepa,gradcam,predicted,backbone.layer3,38,19,19,-0.12306920439004898,0.20238856971263885,0.03965968266129494
567,lejepa,gradcam,predicted,backbone.layer3,39,29,29,-0.31820380687713623,0.4050055146217346,0.043400853872299194
568,lejepa,gradcam,predicted,backbone.layer3,39,27,27,-0.20867010951042175,0.32329514622688293,0.05731251835823059
569,lejepa,gradcam,predicted,backbone.layer3,39,39,39,-0.34452199935913086,0.16077278554439545,-0.0918746069073677
570,lejepa,gradcam,predicted,backbone.layer3,39,27,27,-0.087653249502182,0.3812757134437561,0.14681123197078705
571,lejepa,gradcam,predicted,backbone.layer3,39,39,39,-0.07420357316732407,0.2521059811115265,0.08895120397210121
572,lejepa,gradcam,predicted,backbone.layer3,39,39,39,0.48380589485168457,0.44338709115982056,0.46359649300575256
573,lejepa,gradcam,predicted,backbone.layer3,39,40,40,0.26433447003364563,0.29741084575653076,0.2808726578950882
574,lejepa,gradcam,predicted,backbone.layer3,39,39,39,-0.18765005469322205,0.21447592973709106,0.01341293752193451
575,lejepa,gradcam,predicted,backbone.layer3,39,27,27,-0.2768441140651703,0.24070845544338226,-0.018067829310894012
544,lejepa,gradcam,predicted,backbone.layer4,37,37,37,0.6221843957901001,0.5518322587013245,0.5870083272457123
545,lejepa,gradcam,predicted,backbone.layer4,37,25,25,0.3857783079147339,0.5055195093154907,0.4456489086151123
546,lejepa,gradcam,predicted,backbone.layer4,37,37,37,0.3364655077457428,0.5541509985923767,0.44530825316905975
547,lejepa,gradcam,predicted,backbone.layer4,37,37,37,0.39231032133102417,0.5652225613594055,0.47876644134521484
548,lejepa,gradcam,predicted,backbone.layer4,37,37,37,0.42342665791511536,0.5565924048423767,0.49000953137874603
549,lejepa,gradcam,predicted,backbone.layer4,37,37,37,0.39793506264686584,0.5691277980804443,0.4835314303636551
550,lejepa,gradcam,predicted,backbone.layer4,37,37,37,0.3433379828929901,0.5672845244407654,0.45531125366687775
551,lejepa,gradcam,predicted,backbone.layer4,37,37,37,0.33595794439315796,0.5477047562599182,0.4418313503265381
552,lejepa,gradcam,predicted,backbone.layer4,38,38,38,0.5194432735443115,0.529354453086853,0.5243988633155823
553,lejepa,gradcam,predicted,backbone.layer4,38,38,38,0.6248529553413391,0.5876200199127197,0.6062364876270294
554,lejepa,gradcam,predicted,backbone.layer4,38,27,27,0.737553060054779,0.541589617729187,0.639571338891983
555,lejepa,gradcam,predicted,backbone.layer4,38,38,38,0.26146021485328674,0.5311888456344604,0.3963245302438736
556,lejepa,gradcam,predicted,backbone.layer4,38,38,38,0.6603244543075562,0.5784477591514587,0.6193861067295074
557,lejepa,gradcam,predicted,backbone.layer4,38,20,20,0.5568530559539795,0.5694922208786011,0.5631726384162903
558,lejepa,gradcam,predicted,backbone.layer4,38,40,40,0.28080564737319946,0.5021934509277344,0.3914995491504669
559,lejepa,gradcam,predicted,backbone.layer4,38,38,38,0.715400218963623,0.6010738611221313,0.6582370400428772
560,lejepa,gradcam,predicted,backbone.layer4,38,22,22,0.14256343245506287,0.5891085863113403,0.3658360093832016
561,lejepa,gradcam,predicted,backbone.layer4,38,38,38,0.44292065501213074,0.5757601261138916,0.5093403905630112
562,lejepa,gradcam,predicted,backbone.layer4,38,38,38,0.7733249068260193,0.603620707988739,0.6884728074073792
563,lejepa,gradcam,predicted,backbone.layer4,38,38,38,0.5207808017730713,0.5359798073768616,0.5283803045749664
564,lejepa,gradcam,predicted,backbone.layer4,38,40,40,0.2706637382507324,0.4978577196598053,0.38426072895526886
565,lejepa,gradcam,predicted,backbone.layer4,38,39,39,0.10296940058469772,0.5016614198684692,0.3023154102265835
566,lejepa,gradcam,predicted,backbone.layer4,38,19,19,0.7659875154495239,0.499323308467865,0.6326554119586945
567,lejepa,gradcam,predicted,backbone.layer4,39,29,29,0.4674493968486786,0.52940434217453,0.4984268695116043
568,lejepa,gradcam,predicted,backbone.layer4,39,27,27,0.48213717341423035,0.5235685110092163,0.5028528422117233
569,lejepa,gradcam,predicted,backbone.layer4,39,39,39,0.2114696353673935,0.5387529730796814,0.37511130422353745
570,lejepa,gradcam,predicted,backbone.layer4,39,27,27,0.4189826548099518,0.5500742793083191,0.48452846705913544
571,lejepa,gradcam,predicted,backbone.layer4,39,39,39,0.5676029920578003,0.6136354804039001,0.5906192362308502
572,lejepa,gradcam,predicted,backbone.layer4,39,39,39,0.33697766065597534,0.5263287425041199,0.4316532015800476
573,lejepa,gradcam,predicted,backbone.layer4,39,40,40,0.401245653629303,0.5195915102958679,0.46041858196258545
574,lejepa,gradcam,predicted,backbone.layer4,39,39,39,0.5408429503440857,0.5567702054977417,0.5488065779209137
575,lejepa,gradcam,predicted,backbone.layer4,39,27,27,0.26776981353759766,0.5431570410728455,0.40546342730522156
576,lejepa,gradcam,predicted,backbone.layer1,39,29,29,0.2089870423078537,0.21727177500724792,0.2131294086575508
577,lejepa,gradcam,predicted,backbone.layer1,39,39,39,0.0792011246085167,0.2106938660144806,0.14494749531149864
578,lejepa,gradcam,predicted,backbone.layer1,39,39,39,0.1389205902814865,0.037120457738637924,0.08802052401006222
579,lejepa,gradcam,predicted,backbone.layer1,39,25,25,0.021079620346426964,0.24796296656131744,0.1345212934538722
580,lejepa,gradcam,predicted,backbone.layer1,39,17,17,0.3602116107940674,0.14852100610733032,0.25436630845069885
581,lejepa,gradcam,predicted,backbone.layer1,39,39,39,0.11973004043102264,0.3575528860092163,0.23864146322011948
582,lejepa,gradcam,predicted,backbone.layer1,39,39,39,0.2630360424518585,0.3249222934246063,0.2939791679382324
583,lejepa,gradcam,predicted,backbone.layer1,39,39,39,0.07584518939256668,0.27892258763313293,0.1773838885128498
584,lejepa,gradcam,predicted,backbone.layer1,39,39,39,0.0405660979449749,0.052382487803697586,0.04647429287433624
585,lejepa,gradcam,predicted,backbone.layer1,39,39,39,0.23397961258888245,0.5002185702323914,0.3670990914106369
586,lejepa,gradcam,predicted,backbone.layer1,39,29,29,0.12514850497245789,0.35715556144714355,0.24115203320980072
587,lejepa,gradcam,predicted,backbone.layer1,40,40,40,0.3043569028377533,0.07774075120687485,0.19104882702231407
588,lejepa,gradcam,predicted,backbone.layer1,40,20,20,0.11396079510450363,0.41812050342559814,0.2660406492650509
589,lejepa,gradcam,predicted,backbone.layer1,40,28,28,-0.12000766396522522,0.34945470094680786,0.11472351849079132
590,lejepa,gradcam,predicted,backbone.layer1,40,32,32,0.5240281820297241,0.44551795721054077,0.48477306962013245
591,lejepa,gradcam,predicted,backbone.layer1,40,40,40,-0.030788082629442215,0.03565873205661774,0.002435324713587761
592,lejepa,gradcam,predicted,backbone.layer1,40,40,40,0.03116217441856861,0.003271267283707857,0.017216720851138234
593,lejepa,gradcam,predicted,backbone.layer1,40,39,39,0.06303681433200836,0.42110878229141235,0.24207279831171036
594,lejepa,gradcam,predicted,backbone.layer1,40,41,41,0.5086119174957275,0.31512904167175293,0.41187047958374023
595,lejepa,gradcam,predicted,backbone.layer1,40,40,40,0.09575483202934265,0.20007894933223724,0.14791689068078995
596,lejepa,gradcam,predicted,backbone.layer1,40,40,40,0.20799365639686584,0.3072948753833771,0.25764426589012146
597,lejepa,gradcam,predicted,backbone.layer1,40,33,33,-0.0734637901186943,0.07447933405637741,0.0005077719688415527
598,lejepa,gradcam,predicted,backbone.layer1,40,40,40,0.07279620319604874,0.29557541012763977,0.18418580666184425
599,lejepa,gradcam,predicted,backbone.layer1,40,19,19,-0.023762453347444534,0.3331996202468872,0.15471858344972134
600,lejepa,gradcam,predicted,backbone.layer1,40,34,34,-0.27611207962036133,0.26679861545562744,-0.004656732082366943
601,lejepa,gradcam,predicted,backbone.layer1,40,36,36,0.15892963111400604,0.5484670996665955,0.35369836539030075
602,lejepa,gradcam,predicted,backbone.layer1,41,21,21,0.09619194269180298,0.08620786666870117,0.09119990468025208
603,lejepa,gradcam,predicted,backbone.layer1,41,17,17,0.17959171533584595,0.4144493341445923,0.2970205247402191
604,lejepa,gradcam,predicted,backbone.layer1,41,20,20,0.22357682883739471,0.2955421805381775,0.2595595046877861
605,lejepa,gradcam,predicted,backbone.layer1,41,34,34,-0.013310480862855911,0.21248997747898102,0.09958974830806255
606,lejepa,gradcam,predicted,backbone.layer1,41,31,31,0.03999512642621994,0.17893628776073456,0.10946570709347725
607,lejepa,gradcam,predicted,backbone.layer1,41,16,16,0.03790370374917984,0.04745255038142204,0.04267812706530094
576,lejepa,gradcam,predicted,backbone.layer2,39,29,29,0.012283752672374249,0.27294957637786865,0.14261666452512145
577,lejepa,gradcam,predicted,backbone.layer2,39,39,39,0.328023761510849,0.4957084655761719,0.41186611354351044
578,lejepa,gradcam,predicted,backbone.layer2,39,39,39,0.5023420453071594,0.46632543206214905,0.48433373868465424
579,lejepa,gradcam,predicted,backbone.layer2,39,25,25,-0.008055885322391987,0.25707578659057617,0.12450995063409209
580,lejepa,gradcam,predicted,backbone.layer2,39,17,17,0.18977493047714233,0.42880934476852417,0.30929213762283325
581,lejepa,gradcam,predicted,backbone.layer2,39,39,39,0.013967029750347137,0.372378408908844,0.19317271932959557
582,lejepa,gradcam,predicted,backbone.layer2,39,39,39,-0.13020746409893036,0.2588793933391571,0.06433596462011337
583,lejepa,gradcam,predicted,backbone.layer2,39,39,39,-0.08057761192321777,0.11326532810926437,0.0163438580930233
584,lejepa,gradcam,predicted,backbone.layer2,39,39,39,-0.0806451067328453,0.17550651729106903,0.04743070527911186
585,lejepa,gradcam,predicted,backbone.layer2,39,39,39,0.4394606947898865,0.2610105574131012,0.35023562610149384
586,lejepa,gradcam,predicted,backbone.layer2,39,29,29,0.04947260394692421,0.36983823776245117,0.2096554208546877
587,lejepa,gradcam,predicted,backbone.layer2,40,40,40,0.08547980338335037,0.40714725852012634,0.24631353095173836
588,lejepa,gradcam,predicted,backbone.layer2,40,20,20,-0.10514847189188004,0.12098363041877747,0.007917579263448715
589,lejepa,gradcam,predicted,backbone.layer2,40,28,28,-0.0669606402516365,0.30360570549964905,0.11832253262400627
590,lejepa,gradcam,predicted,backbone.layer2,40,32,32,0.052027247846126556,0.3646174967288971,0.20832237228751183
591,lejepa,gradcam,predicted,backbone.layer2,40,40,40,-0.10416309535503387,0.2831468880176544,0.08949189633131027
592,lejepa,gradcam,predicted,backbone.layer2,40,40,40,-0.06401710212230682,0.5013185739517212,0.21865073591470718
593,lejepa,gradcam,predicted,backbone.layer2,40,39,39,0.16240517795085907,0.21954703330993652,0.1909761056303978
594,lejepa,gradcam,predicted,backbone.layer2,40,41,41,0.230524942278862,0.49203476309776306,0.36127985268831253
595,lejepa,gradcam,predicted,backbone.layer2,40,40,40,0.17209070920944214,0.3193530738353729,0.24572189152240753
596,lejepa,gradcam,predicted,backbone.layer2,40,40,40,0.21006332337856293,0.4685845673084259,0.3393239453434944
597,lejepa,gradcam,predicted,backbone.layer2,40,33,33,0.13320404291152954,0.29235121607780457,0.21277762949466705
598,lejepa,gradcam,predicted,backbone.layer2,40,40,40,0.041605252772569656,0.25583961606025696,0.1487224344164133
599,lejepa,gradcam,predicted,backbone.layer2,40,19,19,-0.06384053081274033,0.18192242085933685,0.059040945023298264
600,lejepa,gradcam,predicted,backbone.layer2,40,34,34,0.014311496168375015,0.310668408870697,0.16248995251953602
601,lejepa,gradcam,predicted,backbone.layer2,40,36,36,0.29348987340927124,0.34534698724746704,0.31941843032836914
602,lejepa,gradcam,predicted,backbone.layer2,41,21,21,0.006039426662027836,0.2924605906009674,0.14925000863149762
603,lejepa,gradcam,predicted,backbone.layer2,41,17,17,0.30972757935523987,0.20395375788211823,0.25684066861867905
604,lejepa,gradcam,predicted,backbone.layer2,41,20,20,-0.11773331463336945,0.1196027472615242,0.0009347163140773773
605,lejepa,gradcam,predicted,backbone.layer2,41,34,34,-0.25854235887527466,0.14873255789279938,-0.05490490049123764
606,lejepa,gradcam,predicted,backbone.layer2,41,31,31,0.19213107228279114,0.30743277072906494,0.24978192150592804
607,lejepa,gradcam,predicted,backbone.layer2,41,16,16,-0.15465112030506134,0.14498533308506012,-0.00483289361000061
576,lejepa,gradcam,predicted,backbone.layer3,39,29,29,-0.07643650472164154,0.25720369815826416,0.09038359671831131
577,lejepa,gradcam,predicted,backbone.layer3,39,39,39,-0.23446306586265564,0.26012831926345825,0.012832626700401306
578,lejepa,gradcam,predicted,backbone.layer3,39,39,39,-0.398451030254364,0.10588782280683517,-0.14628160372376442
579,lejepa,gradcam,predicted,backbone.layer3,39,25,25,0.24817626178264618,0.3000529706478119,0.27411461621522903
580,lejepa,gradcam,predicted,backbone.layer3,39,17,17,0.13492853939533234,0.27658408880233765,0.205756314098835
581,lejepa,gradcam,predicted,backbone.layer3,39,39,39,-0.031048381701111794,0.318250834941864,0.1436012266203761
582,lejepa,gradcam,predicted,backbone.layer3,39,39,39,0.024772970005869865,0.3535986542701721,0.189185812138021
583,lejepa,gradcam,predicted,backbone.layer3,39,39,39,-0.17818894982337952,0.06259769946336746,-0.05779562518000603
584,lejepa,gradcam,predicted,backbone.layer3,39,39,39,0.07217711955308914,0.2385910004377365,0.15538405999541283
585,lejepa,gradcam,predicted,backbone.layer3,39,39,39,0.2805899977684021,0.3779875338077545,0.3292887657880783
586,lejepa,gradcam,predicted,backbone.layer3,39,29,29,-0.02619587443768978,0.22911052405834198,0.1014573248103261
587,lejepa,gradcam,predicted,backbone.layer3,40,40,40,-0.3554227352142334,0.20537686347961426,-0.07502293586730957
588,lejepa,gradcam,predicted,backbone.layer3,40,20,20,0.15505138039588928,0.2317628711462021,0.19340712577104568
589,lejepa,gradcam,predicted,backbone.layer3,40,28,28,0.796917736530304,0.5668914318084717,0.6819045841693878
590,lejepa,gradcam,predicted,backbone.layer3,40,32,32,0.13918174803256989,0.20449066162109375,0.17183620482683182
591,lejepa,gradcam,predicted,backbone.layer3,40,40,40,-0.3743768632411957,0.1349734663963318,-0.11970169842243195
592,lejepa,gradcam,predicted,backbone.layer3,40,40,40,0.11338646709918976,0.3972408175468445,0.2553136423230171
593,lejepa,gradcam,predicted,backbone.layer3,40,39,39,-0.16755148768424988,0.13797588646411896,-0.01478780061006546
594,lejepa,gradcam,predicted,backbone.layer3,40,41,41,0.18642382323741913,0.4029937982559204,0.29470881074666977
595,lejepa,gradcam,predicted,backbone.layer3,40,40,40,-0.10130533576011658,0.3385782241821289,0.11863644421100616
596,lejepa,gradcam,predicted,backbone.layer3,40,40,40,-0.1392604261636734,0.30424919724464417,0.08249438554048538
597,lejepa,gradcam,predicted,backbone.layer3,40,33,33,0.2360302358865738,0.4022063910961151,0.31911831349134445
598,lejepa,gradcam,predicted,backbone.layer3,40,40,40,-0.27292442321777344,0.13827219605445862,-0.06732611358165741
599,lejepa,gradcam,predicted,backbone.layer3,40,19,19,-0.007426806725561619,0.2676289975643158,0.1301010954193771
600,lejepa,gradcam,predicted,backbone.layer3,40,34,34,-0.47878238558769226,0.1656460165977478,-0.15656818449497223
601,lejepa,gradcam,predicted,backbone.layer3,40,36,36,-0.15690599381923676,0.10486725717782974,-0.026019368320703506
602,lejepa,gradcam,predicted,backbone.layer3,41,21,21,0.12269678711891174,0.42596182227134705,0.2743293046951294
603,lejepa,gradcam,predicted,backbone.layer3,41,17,17,-0.3141247630119324,0.0845787301659584,-0.11477301642298698
604,lejepa,gradcam,predicted,backbone.layer3,41,20,20,0.012972389347851276,0.33530354499816895,0.1741379671730101
605,lejepa,gradcam,predicted,backbone.layer3,41,34,34,-0.2739314138889313,0.15088137984275818,-0.06152501702308655
606,lejepa,gradcam,predicted,backbone.layer3,41,31,31,-0.2149653136730194,0.20164799690246582,-0.006658658385276794
607,lejepa,gradcam,predicted,backbone.layer3,41,16,16,-0.31055641174316406,0.21485896408557892,-0.04784872382879257
576,lejepa,gradcam,predicted,backbone.layer4,39,29,29,0.34375837445259094,0.5040345788002014,0.4238964766263962
577,lejepa,gradcam,predicted,backbone.layer4,39,39,39,0.522304356098175,0.5620750188827515,0.5421896874904633
578,lejepa,gradcam,predicted,backbone.layer4,39,39,39,0.32398271560668945,0.47497865557670593,0.3994806855916977
579,lejepa,gradcam,predicted,backbone.layer4,39,25,25,0.5479339361190796,0.623572587966919,0.5857532620429993
580,lejepa,gradcam,predicted,backbone.layer4,39,17,17,0.608015775680542,0.5571542382240295,0.5825850069522858
581,lejepa,gradcam,predicted,backbone.layer4,39,39,39,0.4413692057132721,0.5144491791725159,0.477909192442894
582,lejepa,gradcam,predicted,backbone.layer4,39,39,39,0.6500622034072876,0.63088059425354,0.6404713988304138
583,lejepa,gradcam,predicted,backbone.layer4,39,39,39,0.6776772141456604,0.5934205055236816,0.635548859834671
584,lejepa,gradcam,predicted,backbone.layer4,39,39,39,0.3041820824146271,0.5464317202568054,0.42530690133571625
585,lejepa,gradcam,predicted,backbone.layer4,39,39,39,0.6554559469223022,0.5449705719947815,0.6002132594585419
586,lejepa,gradcam,predicted,backbone.layer4,39,29,29,0.7578030824661255,0.5462086796760559,0.6520058810710907
587,lejepa,gradcam,predicted,backbone.layer4,40,40,40,0.517187237739563,0.576901376247406,0.5470443069934845
588,lejepa,gradcam,predicted,backbone.layer4,40,20,20,0.6718916296958923,0.574980616569519,0.6234361231327057
589,lejepa,gradcam,predicted,backbone.layer4,40,28,28,0.5842368602752686,0.5400905013084412,0.5621636807918549
590,lejepa,gradcam,predicted,backbone.layer4,40,32,32,0.6768324375152588,0.7267264723777771,0.7017794549465179
591,lejepa,gradcam,predicted,backbone.layer4,40,40,40,0.5256258249282837,0.576383113861084,0.5510044693946838
592,lejepa,gradcam,predicted,backbone.layer4,40,40,40,0.585761308670044,0.5645241737365723,0.5751427412033081
593,lejepa,gradcam,predicted,backbone.layer4,40,39,39,0.2786966860294342,0.5083145499229431,0.39350561797618866
594,lejepa,gradcam,predicted,backbone.layer4,40,41,41,0.572603702545166,0.5377024412155151,0.5551530718803406
595,lejepa,gradcam,predicted,backbone.layer4,40,40,40,0.5614280104637146,0.5827586054801941,0.5720933079719543
596,lejepa,gradcam,predicted,backbone.layer4,40,40,40,0.2442227452993393,0.5512552261352539,0.3977389857172966
597,lejepa,gradcam,predicted,backbone.layer4,40,33,33,0.649246871471405,0.5190629959106445,0.5841549336910248
598,lejepa,gradcam,predicted,backbone.layer4,40,40,40,0.49262434244155884,0.5240363478660583,0.5083303451538086
599,lejepa,gradcam,predicted,backbone.layer4,40,19,19,0.2834222614765167,0.4972257912158966,0.39032402634620667
600,lejepa,gradcam,predicted,backbone.layer4,40,34,34,0.3713625967502594,0.5798577666282654,0.4756101816892624
601,lejepa,gradcam,predicted,backbone.layer4,40,36,36,0.7056204676628113,0.5536794066429138,0.6296499371528625
602,lejepa,gradcam,predicted,backbone.layer4,41,21,21,0.1359259933233261,0.48487532138824463,0.31040065735578537
603,lejepa,gradcam,predicted,backbone.layer4,41,17,17,0.09481518715620041,0.4476870000362396,0.27125109359622
604,lejepa,gradcam,predicted,backbone.layer4,41,20,20,0.5002791285514832,0.5753894448280334,0.5378342866897583
605,lejepa,gradcam,predicted,backbone.layer4,41,34,34,0.4735250771045685,0.5609437823295593,0.5172344297170639
606,lejepa,gradcam,predicted,backbone.layer4,41,31,31,0.419755756855011,0.5336455702781677,0.47670066356658936
607,lejepa,gradcam,predicted,backbone.layer4,41,16,16,0.48212552070617676,0.5467291474342346,0.5144273340702057
608,lejepa,gradcam,predicted,backbone.layer1,41,34,34,-0.015338560566306114,0.0174254160374403,0.001043427735567093
609,lejepa,gradcam,predicted,backbone.layer1,41,6,6,0.04016004130244255,0.1489097625017166,0.09453490190207958
610,lejepa,gradcam,predicted,backbone.layer1,41,3,3,0.4093573987483978,0.33759021759033203,0.37347380816936493
611,lejepa,gradcam,predicted,backbone.layer1,41,41,41,-0.015223074704408646,0.06104552000761032,0.022911222651600838
612,lejepa,gradcam,predicted,backbone.layer1,41,29,29,0.42187929153442383,0.4056936204433441,0.41378645598888397
613,lejepa,gradcam,predicted,backbone.layer1,41,22,22,0.44334766268730164,0.47974175214767456,0.4615447074174881
614,lejepa,gradcam,predicted,backbone.layer1,41,41,41,0.31073400378227234,0.33070364594459534,0.32071882486343384
615,lejepa,gradcam,predicted,backbone.layer1,41,43,43,0.21105089783668518,0.5282984375953674,0.3696746677160263
616,lejepa,gradcam,predicted,backbone.layer1,41,29,29,0.15381677448749542,0.18405947089195251,0.16893812268972397
617,lejepa,gradcam,predicted,backbone.layer1,41,46,46,0.0687047466635704,0.4583219289779663,0.26351333782076836
618,lejepa,gradcam,predicted,backbone.layer1,41,17,17,0.006612663622945547,0.37035149335861206,0.1884820784907788
619,lejepa,gradcam,predicted,backbone.layer1,41,30,30,0.011555660516023636,0.010508588515222073,0.011032124515622854
620,lejepa,gradcam,predicted,backbone.layer1,41,20,20,0.23975707590579987,0.49000272154808044,0.36487989872694016
621,lejepa,gradcam,predicted,backbone.layer1,41,44,44,0.45984649658203125,0.4129907488822937,0.4364186227321625
622,lejepa,gradcam,predicted,backbone.layer1,42,39,39,0.39819252490997314,0.1657198965549469,0.28195621073246
623,lejepa,gradcam,predicted,backbone.layer1,42,47,47,0.07162681967020035,0.01783309131860733,0.04472995549440384
624,lejepa,gradcam,predicted,backbone.layer1,42,39,39,-0.03479819744825363,0.2107478529214859,0.08797482773661613
625,lejepa,gradcam,predicted,backbone.layer1,42,38,38,0.22570478916168213,0.34844139218330383,0.287073090672493
626,lejepa,gradcam,predicted,backbone.layer1,42,8,8,0.19963982701301575,0.41562628746032715,0.30763305723667145
627,lejepa,gradcam,predicted,backbone.layer1,42,39,39,0.1527518779039383,0.2865443527698517,0.219648115336895
628,lejepa,gradcam,predicted,backbone.layer1,42,14,14,-0.04294556379318237,0.3901028335094452,0.1735786348581314
629,lejepa,gradcam,predicted,backbone.layer1,42,42,42,0.5735667943954468,0.44514331221580505,0.5093550533056259
630,lejepa,gradcam,predicted,backbone.layer1,42,42,42,0.10601180791854858,0.41773721575737,0.2618745118379593
631,lejepa,gradcam,predicted,backbone.layer1,42,29,29,-0.004861337132751942,0.04883132874965668,0.021984995808452368
632,lejepa,gradcam,predicted,backbone.layer1,42,40,40,0.09224351495504379,0.08193708211183548,0.08709029853343964
633,lejepa,gradcam,predicted,backbone.layer1,42,24,24,0.17468753457069397,0.30248120427131653,0.23858436942100525
634,lejepa,gradcam,predicted,backbone.layer1,42,34,34,0.07824566215276718,0.3296024799346924,0.20392407104372978
635,lejepa,gradcam,predicted,backbone.layer1,43,26,26,0.21935272216796875,0.3472907543182373,0.283321738243103
636,lejepa,gradcam,predicted,backbone.layer1,43,39,39,0.005123179405927658,0.1726662963628769,0.08889473788440228
637,lejepa,gradcam,predicted,backbone.layer1,43,29,29,-0.17712686955928802,0.3480900526046753,0.08548159152269363
638,lejepa,gradcam,predicted,backbone.layer1,43,33,33,0.1582752764225006,0.3486691117286682,0.2534721940755844
639,lejepa,gradcam,predicted,backbone.layer1,43,25,25,0.11871950328350067,0.07624855637550354,0.0974840298295021
608,lejepa,gradcam,predicted,backbone.layer2,41,34,34,-0.238211989402771,0.23619142174720764,-0.0010102838277816772
609,lejepa,gradcam,predicted,backbone.layer2,41,6,6,0.19666263461112976,0.38583412766456604,0.2912483811378479
610,lejepa,gradcam,predicted,backbone.layer2,41,3,3,-0.1391105055809021,0.10309753566980362,-0.01800648495554924
611,lejepa,gradcam,predicted,backbone.layer2,41,41,41,-0.16878023743629456,0.21702171862125397,0.024120740592479706
612,lejepa,gradcam,predicted,backbone.layer2,41,29,29,0.1799536794424057,0.4681786894798279,0.3240661844611168
613,lejepa,gradcam,predicted,backbone.layer2,41,22,22,0.20981603860855103,0.21282115578651428,0.21131859719753265
614,lejepa,gradcam,predicted,backbone.layer2,41,41,41,-0.13233928382396698,0.3061009645462036,0.08688084036111832
615,lejepa,gradcam,predicted,backbone.layer2,41,43,43,0.1337616890668869,0.26207655668258667,0.19791912287473679
616,lejepa,gradcam,predicted,backbone.layer2,41,29,29,0.18759655952453613,0.43805935978889465,0.3128279596567154
617,lejepa,gradcam,predicted,backbone.layer2,41,46,46,-0.08487702906131744,0.4366370737552643,0.17588002234697342
618,lejepa,gradcam,predicted,backbone.layer2,41,17,17,-0.206992968916893,0.10654249042272568,-0.050225239247083664
619,lejepa,gradcam,predicted,backbone.layer2,41,30,30,0.05485062301158905,0.28911325335502625,0.17198193818330765
620,lejepa,gradcam,predicted,backbone.layer2,41,20,20,0.14671935141086578,0.3972408175468445,0.27198008447885513
621,lejepa,gradcam,predicted,backbone.layer2,41,44,44,0.05558525398373604,0.10137292742729187,0.07847909070551395
622,lejepa,gradcam,predicted,backbone.layer2,42,39,39,0.015450808219611645,0.37263941764831543,0.19404511293396354
623,lejepa,gradcam,predicted,backbone.layer2,42,47,47,-0.10336227715015411,0.40962111949920654,0.15312942117452621
624,lejepa,gradcam,predicted,backbone.layer2,42,39,39,0.14301134645938873,0.2925927937030792,0.21780207008123398
625,lejepa,gradcam,predicted,backbone.layer2,42,38,38,-0.45905670523643494,0.166420117020607,-0.14631829410791397
626,lejepa,gradcam,predicted,backbone.layer2,42,8,8,0.3564639687538147,0.3654918074607849,0.3609778881072998
627,lejepa,gradcam,predicted,backbone.layer2,42,39,39,0.003803231054916978,0.39116162061691284,0.1974824258359149
628,lejepa,gradcam,predicted,backbone.layer2,42,14,14,0.039274539798498154,0.23775020241737366,0.1385123711079359
629,lejepa,gradcam,predicted,backbone.layer2,42,42,42,0.05811242759227753,0.18810544908046722,0.12310893833637238
630,lejepa,gradcam,predicted,backbone.layer2,42,42,42,0.04369010776281357,0.09473226219415665,0.06921118497848511
631,lejepa,gradcam,predicted,backbone.layer2,42,29,29,-0.2682313024997711,0.3898399770259857,0.0608043372631073
632,lejepa,gradcam,predicted,backbone.layer2,42,40,40,-0.4520808756351471,0.22192348539829254,-0.11507869511842728
633,lejepa,gradcam,predicted,backbone.layer2,42,24,24,-0.08510910719633102,0.3418620824813843,0.12837648764252663
634,lejepa,gradcam,predicted,backbone.layer2,42,34,34,0.13301287591457367,0.25602060556411743,0.19451674073934555
635,lejepa,gradcam,predicted,backbone.layer2,43,26,26,0.3248029947280884,0.5671547651290894,0.44597887992858887
636,lejepa,gradcam,predicted,backbone.layer2,43,39,39,-0.15718530118465424,0.17807085812091827,0.010442778468132019
637,lejepa,gradcam,predicted,backbone.layer2,43,29,29,-0.13534756004810333,0.4680745601654053,0.16636350005865097
638,lejepa,gradcam,predicted,backbone.layer2,43,33,33,0.08054158091545105,0.4512151777744293,0.2658783793449402
639,lejepa,gradcam,predicted,backbone.layer2,43,25,25,-0.17334730923175812,0.1492149978876114,-0.012066155672073364
608,lejepa,gradcam,predicted,backbone.layer3,41,34,34,0.05098230019211769,0.18986760079860687,0.12042495049536228
609,lejepa,gradcam,predicted,backbone.layer3,41,6,6,0.20901921391487122,0.17019902169704437,0.1896091178059578
610,lejepa,gradcam,predicted,backbone.layer3,41,3,3,0.3380080759525299,0.5395468473434448,0.43877746164798737
611,lejepa,gradcam,predicted,backbone.layer3,41,41,41,-0.3575005531311035,0.3058054745197296,-0.02584753930568695
612,lejepa,gradcam,predicted,backbone.layer3,41,29,29,-0.21939785778522491,0.3826195299625397,0.08161083608865738
613,lejepa,gradcam,predicted,backbone.layer3,41,22,22,-0.18440963327884674,0.11032787710428238,-0.03704087808728218
614,lejepa,gradcam,predicted,backbone.layer3,41,41,41,-0.23175600171089172,0.27901265025138855,0.023628324270248413
615,lejepa,gradcam,predicted,backbone.layer3,41,43,43,-0.36236572265625,0.20554108917713165,-0.07841231673955917
616,lejepa,gradcam,predicted,backbone.layer3,41,29,29,0.12079618126153946,0.40709662437438965,0.26394640281796455
617,lejepa,gradcam,predicted,backbone.layer3,41,46,46,0.18572187423706055,0.3929983377456665,0.2893601059913635
618,lejepa,gradcam,predicted,backbone.layer3,41,17,17,-0.14331668615341187,0.0411042645573616,-0.05110621079802513
619,lejepa,gradcam,predicted,backbone.layer3,41,30,30,-0.06736455857753754,0.22083178162574768,0.07673361152410507
620,lejepa,gradcam,predicted,backbone.layer3,41,20,20,0.3051796555519104,0.3388062119483948,0.3219929337501526
621,lejepa,gradcam,predicted,backbone.layer3,41,44,44,0.03941161558032036,0.3946090340614319,0.21701032482087612
622,lejepa,gradcam,predicted,backbone.layer3,42,39,39,-0.06604104489088058,0.3487277030944824,0.14134332910180092
623,lejepa,gradcam,predicted,backbone.layer3,42,47,47,-0.1518266201019287,0.2461099624633789,0.0471416711807251
624,lejepa,gradcam,predicted,backbone.layer3,42,39,39,0.11818267405033112,0.3099084198474884,0.21404554694890976
625,lejepa,gradcam,predicted,backbone.layer3,42,38,38,-0.4122462868690491,0.1325075924396515,-0.1398693472146988
626,lejepa,gradcam,predicted,backbone.layer3,42,8,8,-0.044086769223213196,0.3821757137775421,0.16904447227716446
627,lejepa,gradcam,predicted,backbone.layer3,42,39,39,0.2353721708059311,0.445671945810318,0.34052205830812454
628,lejepa,gradcam,predicted,backbone.layer3,42,14,14,-0.522553563117981,0.09781217575073242,-0.21237069368362427
629,lejepa,gradcam,predicted,backbone.layer3,42,42,42,-0.140054389834404,0.09322365373373032,-0.023415368050336838
630,lejepa,gradcam,predicted,backbone.layer3,42,42,42,-0.05438312888145447,0.2590784430503845,0.10234765708446503
631,lejepa,gradcam,predicted,backbone.layer3,42,29,29,0.013474640436470509,0.3691194951534271,0.19129706779494882
632,lejepa,gradcam,predicted,backbone.layer3,42,40,40,-0.26242583990097046,0.19155210256576538,-0.03543686866760254
633,lejepa,gradcam,predicted,backbone.layer3,42,24,24,-0.21915042400360107,0.2844143509864807,0.03263196349143982
634,lejepa,gradcam,predicted,backbone.layer3,42,34,34,-0.19242562353610992,0.1134667620062828,-0.03947943076491356
635,lejepa,gradcam,predicted,backbone.layer3,43,26,26,0.2653812766075134,0.4208139479160309,0.34309761226177216
636,lejepa,gradcam,predicted,backbone.layer3,43,39,39,-0.0553080253303051,0.3027516007423401,0.1237217877060175
637,lejepa,gradcam,predicted,backbone.layer3,43,29,29,0.2062373012304306,0.30631935596466064,0.2562783285975456
638,lejepa,gradcam,predicted,backbone.layer3,43,33,33,-0.21698834002017975,0.2702798545360565,0.026645757257938385
639,lejepa,gradcam,predicted,backbone.layer3,43,25,25,0.009408428333699703,0.3977673053741455,0.2035878668539226
608,lejepa,gradcam,predicted,backbone.layer4,41,34,34,0.3503205478191376,0.5161817669868469,0.43325115740299225
609,lejepa,gradcam,predicted,backbone.layer4,41,6,6,0.5667217969894409,0.557715117931366,0.5622184574604034
610,lejepa,gradcam,predicted,backbone.layer4,41,3,3,0.5399197340011597,0.5565004944801331,0.5482101142406464
611,lejepa,gradcam,predicted,backbone.layer4,41,41,41,0.651439905166626,0.5781099200248718,0.6147749125957489
612,lejepa,gradcam,predicted,backbone.layer4,41,29,29,0.6598109006881714,0.6094459891319275,0.6346284449100494
613,lejepa,gradcam,predicted,backbone.layer4,41,22,22,0.5514329671859741,0.4940881133079529,0.5227605402469635
614,lejepa,gradcam,predicted,backbone.layer4,41,41,41,0.7033500075340271,0.6090365648269653,0.6561932861804962
615,lejepa,gradcam,predicted,backbone.layer4,41,43,43,0.2867043614387512,0.5470377206802368,0.416871041059494
616,lejepa,gradcam,predicted,backbone.layer4,41,29,29,0.542195737361908,0.5372973084449768,0.5397465229034424
617,lejepa,gradcam,predicted,backbone.layer4,41,46,46,0.2916041612625122,0.5273606777191162,0.4094824194908142
618,lejepa,gradcam,predicted,backbone.layer4,41,17,17,0.5921124815940857,0.5354101061820984,0.563761293888092
619,lejepa,gradcam,predicted,backbone.layer4,41,30,30,0.5891335606575012,0.5938470363616943,0.5914902985095978
620,lejepa,gradcam,predicted,backbone.layer4,41,20,20,0.4188276529312134,0.5038447976112366,0.461336225271225
621,lejepa,gradcam,predicted,backbone.layer4,41,44,44,0.26802578568458557,0.4421638548374176,0.3550948202610016
622,lejepa,gradcam,predicted,backbone.layer4,42,39,39,0.754727840423584,0.5680695176124573,0.6613986790180206
623,lejepa,gradcam,predicted,backbone.layer4,42,47,47,0.24387983977794647,0.49773117899894714,0.3708055093884468
624,lejepa,gradcam,predicted,backbone.layer4,42,39,39,0.605005145072937,0.555437445640564,0.5802212953567505
625,lejepa,gradcam,predicted,backbone.layer4,42,38,38,0.07742872089147568,0.47688722610473633,0.277157973498106
626,lejepa,gradcam,predicted,backbone.layer4,42,8,8,0.0557694211602211,0.4535081684589386,0.25463879480957985
627,lejepa,gradcam,predicted,backbone.layer4,42,39,39,0.4525451362133026,0.5512692332267761,0.5019071847200394
628,lejepa,gradcam,predicted,backbone.layer4,42,14,14,0.013062288984656334,0.38901299238204956,0.20103764068335295
629,lejepa,gradcam,predicted,backbone.layer4,42,42,42,0.6600927114486694,0.5245490074157715,0.5923208594322205
630,lejepa,gradcam,predicted,backbone.layer4,42,42,42,0.4839143753051758,0.48781365156173706,0.4858640134334564
631,lejepa,gradcam,predicted,backbone.layer4,42,29,29,0.3587982654571533,0.5430728197097778,0.4509355425834656
632,lejepa,gradcam,predicted,backbone.layer4,42,40,40,0.384406715631485,0.5284963250160217,0.45645152032375336
633,lejepa,gradcam,predicted,backbone.layer4,42,24,24,0.6148867011070251,0.5938195586204529,0.604353129863739
634,lejepa,gradcam,predicted,backbone.layer4,42,34,34,0.728399932384491,0.5646513104438782,0.6465256214141846
635,lejepa,gradcam,predicted,backbone.layer4,43,26,26,0.6078270673751831,0.662193775177002,0.6350104212760925
636,lejepa,gradcam,predicted,backbone.layer4,43,39,39,0.611824095249176,0.56400465965271,0.587914377450943
637,lejepa,gradcam,predicted,backbone.layer4,43,29,29,0.7892387509346008,0.6288874745368958,0.7090631127357483
638,lejepa,gradcam,predicted,backbone.layer4,43,33,33,0.3667074739933014,0.5502312183380127,0.45846934616565704
639,lejepa,gradcam,predicted,backbone.layer4,43,25,25,0.41797003149986267,0.6088801622390747,0.5134250968694687
640,lejepa,gradcam,predicted,backbone.layer1,43,23,23,0.46288132667541504,0.14310726523399353,0.3029942959547043
641,lejepa,gradcam,predicted,backbone.layer1,43,14,14,-0.004139632452279329,0.002725046593695879,-0.0007072929292917252
642,lejepa,gradcam,predicted,backbone.layer1,43,40,40,0.04891563206911087,0.054156750440597534,0.0515361912548542
643,lejepa,gradcam,predicted,backbone.layer1,43,22,22,0.02847111038863659,0.06983035802841187,0.04915073420852423
644,lejepa,gradcam,predicted,backbone.layer1,43,44,44,-0.06815135478973389,0.43421506881713867,0.1830318570137024
645,lejepa,gradcam,predicted,backbone.layer1,43,35,35,0.07813838869333267,0.2134312242269516,0.14578480646014214
646,lejepa,gradcam,predicted,backbone.layer1,43,3,3,0.07119157165288925,0.3152325451374054,0.19321205839514732
647,lejepa,gradcam,predicted,backbone.layer1,43,42,42,0.1623954325914383,0.5343402624130249,0.3483678475022316
648,lejepa,gradcam,predicted,backbone.layer1,43,24,24,-0.048568256199359894,0.32797032594680786,0.13970103487372398
649,lejepa,gradcam,predicted,backbone.layer1,43,36,36,0.09857688844203949,0.45735037326812744,0.27796363085508347
650,lejepa,gradcam,predicted,backbone.layer1,43,13,13,0.2105923444032669,0.4826021194458008,0.34659723192453384
651,lejepa,gradcam,predicted,backbone.layer1,43,34,34,0.02465137280523777,0.09791018068790436,0.061280776746571064
652,lejepa,gradcam,predicted,backbone.layer1,44,28,28,0.1468927413225174,0.49429136514663696,0.3205920532345772
653,lejepa,gradcam,predicted,backbone.layer1,44,44,44,-0.22347119450569153,0.3250485956668854,0.050788700580596924
654,lejepa,gradcam,predicted,backbone.layer1,44,44,44,0.07464436441659927,0.054824721068143845,0.06473454274237156
655,lejepa,gradcam,predicted,backbone.layer1,44,44,44,0.369559109210968,0.27062931656837463,0.3200942128896713
656,lejepa,gradcam,predicted,backbone.layer1,44,20,20,0.16348934173583984,0.3544529974460602,0.25897116959095
657,lejepa,gradcam,predicted,backbone.layer1,44,44,44,-0.09133557975292206,0.36853542923927307,0.1385999247431755
658,lejepa,gradcam,predicted,backbone.layer1,44,44,44,0.12274255603551865,0.4850117862224579,0.30387717112898827
659,lejepa,gradcam,predicted,backbone.layer1,44,44,44,0.15944254398345947,0.020838595926761627,0.09014056995511055
660,lejepa,gradcam,predicted,backbone.layer1,44,44,44,0.00896170549094677,0.32703372836112976,0.16799771692603827
661,lejepa,gradcam,predicted,backbone.layer1,44,44,44,0.2767641842365265,0.4047645330429077,0.3407643586397171
662,lejepa,gradcam,predicted,backbone.layer1,44,44,44,0.7183359861373901,0.4096803367137909,0.5640081614255905
663,lejepa,gradcam,predicted,backbone.layer1,44,44,44,-0.00989002175629139,0.21522104740142822,0.10266551282256842
664,lejepa,gradcam,predicted,backbone.layer1,44,44,44,0.542041003704071,0.21834269165992737,0.3801918476819992
665,lejepa,gradcam,predicted,backbone.layer1,44,44,44,0.14699432253837585,0.31012460589408875,0.2285594642162323
666,lejepa,gradcam,predicted,backbone.layer1,44,44,44,0.2293698787689209,0.5054222941398621,0.3673960864543915
667,lejepa,gradcam,predicted,backbone.layer1,45,45,45,0.0049709840677678585,0.5051793456077576,0.2550751648377627
668,lejepa,gradcam,predicted,backbone.layer1,45,45,45,0.31404945254325867,0.3889513313770294,0.35150039196014404
669,lejepa,gradcam,predicted,backbone.layer1,45,45,45,0.18749099969863892,0.2592508792877197,0.22337093949317932
670,lejepa,gradcam,predicted,backbone.layer1,45,44,44,-0.06838217377662659,0.3443845212459564,0.13800117373466492
671,lejepa,gradcam,predicted,backbone.layer1,45,45,45,0.06284033507108688,0.47230449318885803,0.26757241412997246
640,lejepa,gradcam,predicted,backbone.layer2,43,23,23,0.0910140722990036,0.3832726776599884,0.237143374979496
641,lejepa,gradcam,predicted,backbone.layer2,43,14,14,0.3173542320728302,0.2774367034435272,0.2973954677581787
642,lejepa,gradcam,predicted,backbone.layer2,43,40,40,-0.17063875496387482,0.3756040036678314,0.1024826243519783
643,lejepa,gradcam,predicted,backbone.layer2,43,22,22,0.03432239219546318,0.39012303948402405,0.21222271583974361
644,lejepa,gradcam,predicted,backbone.layer2,43,44,44,-0.0820138156414032,0.11596020311117172,0.016973193734884262
645,lejepa,gradcam,predicted,backbone.layer2,43,35,35,0.021461384370923042,0.4445241391658783,0.23299276176840067
646,lejepa,gradcam,predicted,backbone.layer2,43,3,3,0.2135622352361679,0.33427128195762634,0.2739167585968971
647,lejepa,gradcam,predicted,backbone.layer2,43,42,42,0.2139681726694107,0.18214575946331024,0.19805696606636047
648,lejepa,gradcam,predicted,backbone.layer2,43,24,24,0.22646395862102509,0.31582164764404297,0.271142803132534
649,lejepa,gradcam,predicted,backbone.layer2,43,36,36,0.39372533559799194,0.5463933348655701,0.470059335231781
650,lejepa,gradcam,predicted,backbone.layer2,43,13,13,0.059896811842918396,0.11065972596406937,0.08527826890349388
651,lejepa,gradcam,predicted,backbone.layer2,43,34,34,0.20186272263526917,0.2653595805168152,0.23361115157604218
652,lejepa,gradcam,predicted,backbone.layer2,44,28,28,0.2943698465824127,0.13885019719600677,0.21661002188920975
653,lejepa,gradcam,predicted,backbone.layer2,44,44,44,-0.008932172320783138,0.13413549959659576,0.06260166363790631
654,lejepa,gradcam,predicted,backbone.layer2,44,44,44,-0.28256291151046753,0.26056337356567383,-0.01099976897239685
655,lejepa,gradcam,predicted,backbone.layer2,44,44,44,-0.21170279383659363,0.4482361078262329,0.11826665699481964
656,lejepa,gradcam,predicted,backbone.layer2,44,20,20,-0.052955396473407745,0.010233062319457531,-0.021361167076975107
657,lejepa,gradcam,predicted,backbone.layer2,44,44,44,0.015303718857467175,0.3230212330818176,0.1691624759696424
658,lejepa,gradcam,predicted,backbone.layer2,44,44,44,0.3778228163719177,0.1685454398393631,0.2731841281056404
659,lejepa,gradcam,predicted,backbone.layer2,44,44,44,0.24908508360385895,0.3563079237937927,0.30269650369882584
660,lejepa,gradcam,predicted,backbone.layer2,44,44,44,0.13262774050235748,0.2761681377887726,0.20439793914556503
661,lejepa,gradcam,predicted,backbone.layer2,44,44,44,-0.14204558730125427,0.19699780642986298,0.027476109564304352
662,lejepa,gradcam,predicted,backbone.layer2,44,44,44,0.12219904363155365,0.18701162934303284,0.15460533648729324
663,lejepa,gradcam,predicted,backbone.layer2,44,44,44,0.03171384334564209,0.3071686923503876,0.16944126784801483
664,lejepa,gradcam,predicted,backbone.layer2,44,44,44,0.2630910575389862,0.3885250389575958,0.325808048248291
665,lejepa,gradcam,predicted,backbone.layer2,44,44,44,-0.07421699911355972,0.1346939653158188,0.030238483101129532
666,lejepa,gradcam,predicted,backbone.layer2,44,44,44,0.3695715367794037,0.4492030143737793,0.4093872755765915
667,lejepa,gradcam,predicted,backbone.layer2,45,45,45,-0.051723893731832504,0.013215836137533188,-0.019254028797149658
668,lejepa,gradcam,predicted,backbone.layer2,45,45,45,-0.15034985542297363,0.15301480889320374,0.0013324767351150513
669,lejepa,gradcam,predicted,backbone.layer2,45,45,45,0.15675440430641174,0.03558165207505226,0.096168028190732
670,lejepa,gradcam,predicted,backbone.layer2,45,44,44,-0.380709171295166,0.2703016698360443,-0.05520375072956085
671,lejepa,gradcam,predicted,backbone.layer2,45,45,45,-0.1477063149213791,0.06961142271757126,-0.039047446101903915
640,lejepa,gradcam,predicted,backbone.layer3,43,23,23,-0.2732048034667969,0.20160450041294098,-0.03580015152692795
641,lejepa,gradcam,predicted,backbone.layer3,43,14,14,0.5149221420288086,0.3539917469024658,0.4344569444656372
642,lejepa,gradcam,predicted,backbone.layer3,43,40,40,-0.09619756042957306,0.24625787138938904,0.07503015547990799
643,lejepa,gradcam,predicted,backbone.layer3,43,22,22,0.005290756467729807,0.3665716350078583,0.18593119573779404
644,lejepa,gradcam,predicted,backbone.layer3,43,44,44,-0.24061039090156555,0.14614586532115936,-0.047232262790203094
645,lejepa,gradcam,predicted,backbone.layer3,43,35,35,-0.13337896764278412,0.34618645906448364,0.10640374571084976
646,lejepa,gradcam,predicted,backbone.layer3,43,3,3,-0.3852287530899048,0.29715511202812195,-0.04403682053089142
647,lejepa,gradcam,predicted,backbone.layer3,43,42,42,0.4917997717857361,0.21291260421276093,0.3523561879992485
648,lejepa,gradcam,predicted,backbone.layer3,43,24,24,0.16023270785808563,0.29767361283302307,0.22895316034555435
649,lejepa,gradcam,predicted,backbone.layer3,43,36,36,-0.14162509143352509,0.2987823486328125,0.07857862859964371
650,lejepa,gradcam,predicted,backbone.layer3,43,13,13,0.10733778029680252,0.23668888211250305,0.1720133312046528
651,lejepa,gradcam,predicted,backbone.layer3,43,34,34,-0.08080227673053741,0.017464328557252884,-0.031668974086642265
652,lejepa,gradcam,predicted,backbone.layer3,44,28,28,0.5064380764961243,0.2840120494365692,0.39522506296634674
653,lejepa,gradcam,predicted,backbone.layer3,44,44,44,0.03809163346886635,0.2630290985107422,0.15056036598980427
654,lejepa,gradcam,predicted,backbone.layer3,44,44,44,-0.08250173926353455,0.2840699851512909,0.10078412294387817
655,lejepa,gradcam,predicted,backbone.layer3,44,44,44,0.039581265300512314,0.08026149868965149,0.0599213819950819
656,lejepa,gradcam,predicted,backbone.layer3,44,20,20,0.3469241261482239,0.3062143623828888,0.32656924426555634
657,lejepa,gradcam,predicted,backbone.layer3,44,44,44,-0.23029710352420807,0.3762383460998535,0.07297062128782272
658,lejepa,gradcam,predicted,backbone.layer3,44,44,44,-0.17715492844581604,0.16286100447177887,-0.007146961987018585
659,lejepa,gradcam,predicted,backbone.layer3,44,44,44,-0.11009986698627472,0.2282891869544983,0.059094659984111786
660,lejepa,gradcam,predicted,backbone.layer3,44,44,44,0.13070562481880188,0.3530927002429962,0.24189916253089905
661,lejepa,gradcam,predicted,backbone.layer3,44,44,44,0.06585992127656937,0.230230450630188,0.14804518595337868
662,lejepa,gradcam,predicted,backbone.layer3,44,44,44,-0.009772281162440777,0.1476205736398697,0.06892414623871446
663,lejepa,gradcam,predicted,backbone.layer3,44,44,44,-0.03781434893608093,0.33902230858802795,0.1506039798259735
664,lejepa,gradcam,predicted,backbone.layer3,44,44,44,-0.5972257256507874,0.2414744645357132,-0.17787563055753708
665,lejepa,gradcam,predicted,backbone.layer3,44,44,44,0.07825605571269989,0.2539065182209015,0.1660812869668007
666,lejepa,gradcam,predicted,backbone.layer3,44,44,44,-0.24355602264404297,0.23737271130084991,-0.003091655671596527
667,lejepa,gradcam,predicted,backbone.layer3,45,45,45,-0.055878181010484695,0.16461004316806793,0.05436593107879162
668,lejepa,gradcam,predicted,backbone.layer3,45,45,45,-0.11526887863874435,0.22196941077709198,0.05335026606917381
669,lejepa,gradcam,predicted,backbone.layer3,45,45,45,-0.31104201078414917,0.11349491029977798,-0.09877355024218559
670,lejepa,gradcam,predicted,backbone.layer3,45,44,44,-0.21547937393188477,0.056325312703847885,-0.07957703061401844
671,lejepa,gradcam,predicted,backbone.layer3,45,45,45,-0.20553268492221832,0.12680013477802277,-0.03936627507209778
640,lejepa,gradcam,predicted,backbone.layer4,43,23,23,0.44595152139663696,0.515420138835907,0.480685830116272
641,lejepa,gradcam,predicted,backbone.layer4,43,14,14,0.4512050449848175,0.5284854173660278,0.48984523117542267
642,lejepa,gradcam,predicted,backbone.layer4,43,40,40,0.38481438159942627,0.5830349922180176,0.4839246869087219
643,lejepa,gradcam,predicted,backbone.layer4,43,22,22,0.39506611227989197,0.5039860010147095,0.4495260566473007
644,lejepa,gradcam,predicted,backbone.layer4,43,44,44,0.3637538552284241,0.5728831887245178,0.46831852197647095
645,lejepa,gradcam,predicted,backbone.layer4,43,35,35,0.5215128064155579,0.5518718361854553,0.5366923213005066
646,lejepa,gradcam,predicted,backbone.layer4,43,3,3,0.5208491683006287,0.5609935522079468,0.5409213602542877
647,lejepa,gradcam,predicted,backbone.layer4,43,42,42,0.6726067066192627,0.6145560145378113,0.643581360578537
648,lejepa,gradcam,predicted,backbone.layer4,43,24,24,0.6163532733917236,0.5974845290184021,0.6069189012050629
649,lejepa,gradcam,predicted,backbone.layer4,43,36,36,0.6085183024406433,0.6036762595176697,0.6060972809791565
650,lejepa,gradcam,predicted,backbone.layer4,43,13,13,0.550243079662323,0.5333200693130493,0.5417815744876862
651,lejepa,gradcam,predicted,backbone.layer4,43,34,34,0.7236341238021851,0.5683469176292419,0.6459905207157135
652,lejepa,gradcam,predicted,backbone.layer4,44,28,28,0.6621010899543762,0.5953015685081482,0.6287013292312622
653,lejepa,gradcam,predicted,backbone.layer4,44,44,44,0.7589633464813232,0.554914653301239,0.6569389998912811
654,lejepa,gradcam,predicted,backbone.layer4,44,44,44,0.4924602210521698,0.5231708884239197,0.5078155547380447
655,lejepa,gradcam,predicted,backbone.layer4,44,44,44,0.3541977107524872,0.4807467758655548,0.417472243309021
656,lejepa,gradcam,predicted,backbone.layer4,44,20,20,0.383969247341156,0.5488949418067932,0.4664320945739746
657,lejepa,gradcam,predicted,backbone.layer4,44,44,44,0.4598335921764374,0.5455952882766724,0.5027144402265549
658,lejepa,gradcam,predicted,backbone.layer4,44,44,44,0.4162237346172333,0.4553653597831726,0.43579454720020294
659,lejepa,gradcam,predicted,backbone.layer4,44,44,44,0.4626633822917938,0.5514962077140808,0.5070797950029373
660,lejepa,gradcam,predicted,backbone.layer4,44,44,44,0.5608258843421936,0.5450909733772278,0.5529584288597107
661,lejepa,gradcam,predicted,backbone.layer4,44,44,44,0.7041091918945312,0.4960159361362457,0.6000625640153885
662,lejepa,gradcam,predicted,backbone.layer4,44,44,44,0.45465436577796936,0.5124918222427368,0.4835730940103531
663,lejepa,gradcam,predicted,backbone.layer4,44,44,44,0.6261395812034607,0.5468763709068298,0.5865079760551453
664,lejepa,gradcam,predicted,backbone.layer4,44,44,44,0.622074544429779,0.5445548295974731,0.5833146870136261
665,lejepa,gradcam,predicted,backbone.layer4,44,44,44,0.4864559471607208,0.5637431144714355,0.5250995308160782
666,lejepa,gradcam,predicted,backbone.layer4,44,44,44,0.3653488755226135,0.618104875087738,0.4917268753051758
667,lejepa,gradcam,predicted,backbone.layer4,45,45,45,0.3022262156009674,0.5178415775299072,0.4100338965654373
668,lejepa,gradcam,predicted,backbone.layer4,45,45,45,0.5341086387634277,0.520971953868866,0.5275402963161469
669,lejepa,gradcam,predicted,backbone.layer4,45,45,45,0.4105946123600006,0.5484940409660339,0.4795443266630173
670,lejepa,gradcam,predicted,backbone.layer4,45,44,44,0.48031583428382874,0.5523645877838135,0.5163402110338211
671,lejepa,gradcam,predicted,backbone.layer4,45,45,45,0.3655432164669037,0.5784644484519958,0.47200383245944977
672,lejepa,gradcam,predicted,backbone.layer1,45,45,45,0.2656174302101135,0.3822688162326813,0.3239431232213974
673,lejepa,gradcam,predicted,backbone.layer1,45,38,38,0.011721129529178143,0.3406108021736145,0.17616596585139632
674,lejepa,gradcam,predicted,backbone.layer1,45,12,12,0.06224651262164116,0.29595205187797546,0.1790992822498083
675,lejepa,gradcam,predicted,backbone.layer1,45,45,45,0.06870892643928528,0.2819924056529999,0.17535066604614258
676,lejepa,gradcam,predicted,backbone.layer1,45,45,45,-0.16810576617717743,0.32929810881614685,0.08059617131948471
677,lejepa,gradcam,predicted,backbone.layer1,45,34,34,0.09984196722507477,0.2125038057565689,0.15617288649082184
678,lejepa,gradcam,predicted,backbone.layer1,45,25,25,0.010169785469770432,0.28102970123291016,0.1455997433513403
679,lejepa,gradcam,predicted,backbone.layer1,45,45,45,0.17212408781051636,0.27340197563171387,0.2227630317211151
680,lejepa,gradcam,predicted,backbone.layer1,45,45,45,0.22264885902404785,0.1815483272075653,0.20209859311580658
681,lejepa,gradcam,predicted,backbone.layer1,45,45,45,-0.0821361318230629,0.39415937662124634,0.15601162239909172
682,lejepa,gradcam,predicted,backbone.layer1,46,46,46,0.25930628180503845,0.5072882771492004,0.38329727947711945
683,lejepa,gradcam,predicted,backbone.layer1,46,46,46,0.057135965675115585,0.11879930645227432,0.08796763606369495
684,lejepa,gradcam,predicted,backbone.layer1,46,25,25,0.11714766174554825,0.27252525091171265,0.19483645632863045
685,lejepa,gradcam,predicted,backbone.layer1,46,21,21,0.23409439623355865,0.1880491077899933,0.21107175201177597
686,lejepa,gradcam,predicted,backbone.layer1,46,2,2,0.04298169165849686,0.10325146466493607,0.07311657816171646
687,lejepa,gradcam,predicted,backbone.layer1,46,46,46,0.2003849446773529,0.15678052604198456,0.17858273535966873
688,lejepa,gradcam,predicted,backbone.layer1,46,46,46,0.025923054665327072,0.5704525709152222,0.2981878127902746
689,lejepa,gradcam,predicted,backbone.layer1,46,46,46,0.8315951228141785,0.44017189741134644,0.6358835101127625
690,lejepa,gradcam,predicted,backbone.layer1,46,32,32,0.16361624002456665,0.392744779586792,0.2781805098056793
691,lejepa,gradcam,predicted,backbone.layer1,46,36,36,-0.02134634740650654,0.22895294427871704,0.10380329843610525
692,lejepa,gradcam,predicted,backbone.layer1,46,26,26,-0.2343604415655136,0.3304400146007538,0.04803978651762009
693,lejepa,gradcam,predicted,backbone.layer1,46,44,44,0.5585206747055054,0.3420400619506836,0.4502803683280945
694,lejepa,gradcam,predicted,backbone.layer1,46,35,35,0.21407675743103027,0.48701056838035583,0.35054366290569305
695,lejepa,gradcam,predicted,backbone.layer1,46,46,46,0.22316806018352509,0.015726951882243156,0.11944750603288412
696,lejepa,gradcam,predicted,backbone.layer1,46,37,37,0.09728354215621948,0.3687809705734253,0.2330322563648224
697,lejepa,gradcam,predicted,backbone.layer1,46,44,44,-0.17391622066497803,0.25488078594207764,0.040482282638549805
698,lejepa,gradcam,predicted,backbone.layer1,46,29,29,0.08190514892339706,0.17268045246601105,0.12729280069470406
699,lejepa,gradcam,predicted,backbone.layer1,47,28,28,0.10957519710063934,0.3249441087245941,0.21725965291261673
700,lejepa,gradcam,predicted,backbone.layer1,47,47,47,0.04095553234219551,0.46404510736465454,0.252500319853425
701,lejepa,gradcam,predicted,backbone.layer1,47,47,47,0.18429553508758545,0.501469612121582,0.34288257360458374
702,lejepa,gradcam,predicted,backbone.layer1,47,47,47,-0.000912712886929512,0.4005449712276459,0.19981612917035818
703,lejepa,gradcam,predicted,backbone.layer1,47,47,47,0.02118990570306778,0.45754197239875793,0.23936593905091286
672,lejepa,gradcam,predicted,backbone.layer2,45,45,45,-0.3450813591480255,0.18025878071784973,-0.08241128921508789
673,lejepa,gradcam,predicted,backbone.layer2,45,38,38,0.5067870616912842,0.27529409527778625,0.3910405784845352
674,lejepa,gradcam,predicted,backbone.layer2,45,12,12,-0.19861261546611786,0.34982094168663025,0.0756041631102562
675,lejepa,gradcam,predicted,backbone.layer2,45,45,45,-0.31948456168174744,0.17925243079662323,-0.0701160654425621
676,lejepa,gradcam,predicted,backbone.layer2,45,45,45,-0.30652931332588196,0.39095285534858704,0.04221177101135254
677,lejepa,gradcam,predicted,backbone.layer2,45,34,34,0.020080752670764923,0.18421465158462524,0.10214770212769508
678,lejepa,gradcam,predicted,backbone.layer2,45,25,25,-0.3062434494495392,0.18843333423137665,-0.05890505760908127
679,lejepa,gradcam,predicted,backbone.layer2,45,45,45,0.20579080283641815,0.2268964797258377,0.21634364128112793
680,lejepa,gradcam,predicted,backbone.layer2,45,45,45,0.08819551765918732,0.1412447988986969,0.11472015827894211
681,lejepa,gradcam,predicted,backbone.layer2,45,45,45,0.07480794936418533,0.1332690417766571,0.10403849557042122
682,lejepa,gradcam,predicted,backbone.layer2,46,46,46,0.3388630151748657,0.5380297303199768,0.43844637274742126
683,lejepa,gradcam,predicted,backbone.layer2,46,46,46,0.11567169427871704,0.3731635510921478,0.24441762268543243
684,lejepa,gradcam,predicted,backbone.layer2,46,25,25,-0.04289844259619713,0.4153668284416199,0.18623419292271137
685,lejepa,gradcam,predicted,backbone.layer2,46,21,21,-0.1421659141778946,0.12631461024284363,-0.007925651967525482
686,lejepa,gradcam,predicted,backbone.layer2,46,2,2,-0.3859402537345886,0.068771131336689,-0.1585845611989498
687,lejepa,gradcam,predicted,backbone.layer2,46,46,46,0.15815436840057373,0.3565698266029358,0.25736209750175476
688,lejepa,gradcam,predicted,backbone.layer2,46,46,46,0.4956554174423218,0.5216532349586487,0.5086543262004852
689,lejepa,gradcam,predicted,backbone.layer2,46,46,46,0.9231240749359131,0.2983138859272003,0.6107189804315567
690,lejepa,gradcam,predicted,backbone.layer2,46,32,32,0.4122445583343506,0.4088777005672455,0.41056112945079803
691,lejepa,gradcam,predicted,backbone.layer2,46,36,36,0.40306082367897034,0.565589964389801,0.4843253940343857
692,lejepa,gradcam,predicted,backbone.layer2,46,26,26,0.05011717230081558,0.2804984450340271,0.16530780866742134
693,lejepa,gradcam,predicted,backbone.layer2,46,44,44,0.13685694336891174,0.20156976580619812,0.16921335458755493
694,lejepa,gradcam,predicted,backbone.layer2,46,35,35,-0.11246597021818161,0.2929428219795227,0.09023842588067055
695,lejepa,gradcam,predicted,backbone.layer2,46,46,46,-0.12599778175354004,0.1951758712530136,0.034589044749736786
696,lejepa,gradcam,predicted,backbone.layer2,46,37,37,-0.2065853327512741,0.21160919964313507,0.002511933445930481
697,lejepa,gradcam,predicted,backbone.layer2,46,44,44,-0.21485356986522675,0.1478865146636963,-0.03348352760076523
698,lejepa,gradcam,predicted,backbone.layer2,46,29,29,-0.04088303819298744,0.1926373690366745,0.07587716542184353
699,lejepa,gradcam,predicted,backbone.layer2,47,28,28,0.12853942811489105,0.27690303325653076,0.2027212306857109
700,lejepa,gradcam,predicted,backbone.layer2,47,47,47,-0.17285385727882385,0.31652891635894775,0.07183752954006195
701,lejepa,gradcam,predicted,backbone.layer2,47,47,47,0.21098241209983826,0.26179948449134827,0.23639094829559326
702,lejepa,gradcam,predicted,backbone.layer2,47,47,47,0.15357418358325958,0.47993898391723633,0.31675658375024796
703,lejepa,gradcam,predicted,backbone.layer2,47,47,47,-0.10864001512527466,0.30117136240005493,0.09626567363739014
672,lejepa,gradcam,predicted,backbone.layer3,45,45,45,-0.2564985454082489,0.23350097239017487,-0.011498786509037018
673,lejepa,gradcam,predicted,backbone.layer3,45,38,38,-0.09021621942520142,0.0878046527504921,-0.00120578333735466
674,lejepa,gradcam,predicted,backbone.layer3,45,12,12,-0.2111554890871048,0.28758880496025085,0.03821665793657303
675,lejepa,gradcam,predicted,backbone.layer3,45,45,45,-0.047241926193237305,0.05588657781481743,0.004322325810790062
676,lejepa,gradcam,predicted,backbone.layer3,45,45,45,0.3426550626754761,0.13101336359977722,0.23683421313762665
677,lejepa,gradcam,predicted,backbone.layer3,45,34,34,-0.00774103868752718,0.12355053424835205,0.057904747780412436
678,lejepa,gradcam,predicted,backbone.layer3,45,25,25,0.1595572531223297,0.3723773956298828,0.26596732437610626
679,lejepa,gradcam,predicted,backbone.layer3,45,45,45,0.24964044988155365,0.19858954846858978,0.22411499917507172
680,lejepa,gradcam,predicted,backbone.layer3,45,45,45,-0.29293256998062134,0.22342824935913086,-0.03475216031074524
681,lejepa,gradcam,predicted,backbone.layer3,45,45,45,-0.0022262379061430693,0.1780693680047989,0.08792156504932791
682,lejepa,gradcam,predicted,backbone.layer3,46,46,46,0.6370768547058105,0.4609495997428894,0.54901322722435
683,lejepa,gradcam,predicted,backbone.layer3,46,46,46,-0.24876795709133148,0.19886963069438934,-0.02494916319847107
684,lejepa,gradcam,predicted,backbone.layer3,46,25,25,0.3095586895942688,0.3810102939605713,0.34528449177742004
685,lejepa,gradcam,predicted,backbone.layer3,46,21,21,0.4177788496017456,0.31862372159957886,0.36820128560066223
686,lejepa,gradcam,predicted,backbone.layer3,46,2,2,0.04832564294338226,0.29418638348579407,0.17125601321458817
687,lejepa,gradcam,predicted,backbone.layer3,46,46,46,0.7026246190071106,0.46747520565986633,0.5850499123334885
688,lejepa,gradcam,predicted,backbone.layer3,46,46,46,-0.026941565796732903,0.22122207283973694,0.09714025352150202
689,lejepa,gradcam,predicted,backbone.layer3,46,46,46,0.6704558730125427,0.32220539450645447,0.4963306337594986
690,lejepa,gradcam,predicted,backbone.layer3,46,32,32,-0.059895485639572144,0.28242072463035583,0.11126261949539185
691,lejepa,gradcam,predicted,backbone.layer3,46,36,36,0.25590983033180237,0.3074188232421875,0.28166432678699493
692,lejepa,gradcam,predicted,backbone.layer3,46,26,26,0.704095721244812,0.387614369392395,0.5458550453186035
693,lejepa,gradcam,predicted,backbone.layer3,46,44,44,-0.35260146856307983,0.08527635782957077,-0.13366255536675453
694,lejepa,gradcam,predicted,backbone.layer3,46,35,35,0.1055542603135109,0.35280507802963257,0.22917966917157173
695,lejepa,gradcam,predicted,backbone.layer3,46,46,46,-0.4824972450733185,0.17940399050712585,-0.1515466272830963
696,lejepa,gradcam,predicted,backbone.layer3,46,37,37,0.23607726395130157,0.42725569009780884,0.3316664770245552
697,lejepa,gradcam,predicted,backbone.layer3,46,44,44,0.15221953392028809,0.2874303162097931,0.2198249250650406
698,lejepa,gradcam,predicted,backbone.layer3,46,29,29,0.08265044540166855,0.35258281230926514,0.21761662885546684
699,lejepa,gradcam,predicted,backbone.layer3,47,28,28,-0.27693843841552734,0.15375937521457672,-0.06158953160047531
700,lejepa,gradcam,predicted,backbone.layer3,47,47,47,-0.3801821768283844,0.17592771351337433,-0.10212723165750504
701,lejepa,gradcam,predicted,backbone.layer3,47,47,47,-0.2310602068901062,0.32032397389411926,0.04463188350200653
702,lejepa,gradcam,predicted,backbone.layer3,47,47,47,-0.431945264339447,0.32957538962364197,-0.05118493735790253
703,lejepa,gradcam,predicted,backbone.layer3,47,47,47,-0.09817378222942352,0.27685225009918213,0.0893392339348793
672,lejepa,gradcam,predicted,backbone.layer4,45,45,45,0.3977993130683899,0.5421740412712097,0.4699866771697998
673,lejepa,gradcam,predicted,backbone.layer4,45,38,38,0.482584148645401,0.5113962888717651,0.49699021875858307
674,lejepa,gradcam,predicted,backbone.layer4,45,12,12,0.5654688477516174,0.5487524271011353,0.5571106374263763
675,lejepa,gradcam,predicted,backbone.layer4,45,45,45,0.26495376229286194,0.5416632294654846,0.4033084958791733
676,lejepa,gradcam,predicted,backbone.layer4,45,45,45,0.4369385242462158,0.5176551342010498,0.4772968292236328
677,lejepa,gradcam,predicted,backbone.layer4,45,34,34,0.19255731999874115,0.4930530786514282,0.3428051993250847
678,lejepa,gradcam,predicted,backbone.layer4,45,25,25,0.33360204100608826,0.5134510397911072,0.4235265403985977
679,lejepa,gradcam,predicted,backbone.layer4,45,45,45,0.231242373585701,0.6000490188598633,0.41564569622278214
680,lejepa,gradcam,predicted,backbone.layer4,45,45,45,0.4759150445461273,0.5870160460472107,0.531465545296669
681,lejepa,gradcam,predicted,backbone.layer4,45,45,45,0.16705024242401123,0.5237506628036499,0.34540045261383057
682,lejepa,gradcam,predicted,backbone.layer4,46,46,46,0.4857204556465149,0.5237171053886414,0.5047187805175781
683,lejepa,gradcam,predicted,backbone.layer4,46,46,46,0.5415851473808289,0.5664103031158447,0.5539977252483368
684,lejepa,gradcam,predicted,backbone.layer4,46,25,25,0.5215804576873779,0.47728732228279114,0.49943388998508453
685,lejepa,gradcam,predicted,backbone.layer4,46,21,21,0.6737464070320129,0.5451138615608215,0.6094301342964172
686,lejepa,gradcam,predicted,backbone.layer4,46,2,2,0.2312236875295639,0.5558860301971436,0.39355485886335373
687,lejepa,gradcam,predicted,backbone.layer4,46,46,46,0.2943934202194214,0.4994850158691406,0.396939218044281
688,lejepa,gradcam,predicted,backbone.layer4,46,46,46,0.47855421900749207,0.5810133814811707,0.5297838002443314
689,lejepa,gradcam,predicted,backbone.layer4,46,46,46,0.6767717599868774,0.4946916699409485,0.585731714963913
690,lejepa,gradcam,predicted,backbone.layer4,46,32,32,0.518927276134491,0.5606993436813354,0.5398133099079132
691,lejepa,gradcam,predicted,backbone.layer4,46,36,36,0.46181580424308777,0.606141984462738,0.5339788943529129
692,lejepa,gradcam,predicted,backbone.layer4,46,26,26,0.6916099786758423,0.5360191464424133,0.6138145625591278
693,lejepa,gradcam,predicted,backbone.layer4,46,44,44,0.5271829962730408,0.5719720721244812,0.549577534198761
694,lejepa,gradcam,predicted,backbone.layer4,46,35,35,0.6937438249588013,0.6209055781364441,0.6573247015476227
695,lejepa,gradcam,predicted,backbone.layer4,46,46,46,0.5757142901420593,0.5234736204147339,0.5495939552783966
696,lejepa,gradcam,predicted,backbone.layer4,46,37,37,0.5299569964408875,0.5336050987243652,0.5317810475826263
697,lejepa,gradcam,predicted,backbone.layer4,46,44,44,0.15686695277690887,0.5271405577659607,0.3420037552714348
698,lejepa,gradcam,predicted,backbone.layer4,46,29,29,0.54150390625,0.5882142782211304,0.5648590922355652
699,lejepa,gradcam,predicted,backbone.layer4,47,28,28,0.1339704543352127,0.5161189436912537,0.3250446990132332
700,lejepa,gradcam,predicted,backbone.layer4,47,47,47,0.4250333607196808,0.5357038378715515,0.48036859929561615
701,lejepa,gradcam,predicted,backbone.layer4,47,47,47,0.43911975622177124,0.5583721995353699,0.49874597787857056
702,lejepa,gradcam,predicted,backbone.layer4,47,47,47,0.2553552985191345,0.5373674631118774,0.396361380815506
703,lejepa,gradcam,predicted,backbone.layer4,47,47,47,0.4452262818813324,0.5707733631134033,0.5079998224973679
704,lejepa,gradcam,predicted,backbone.layer1,47,49,49,0.018019087612628937,0.5263656377792358,0.2721923626959324
705,lejepa,gradcam,predicted,backbone.layer1,47,47,47,-0.027891725301742554,0.3540949523448944,0.16310161352157593
706,lejepa,gradcam,predicted,backbone.layer1,47,47,47,0.36452019214630127,0.43605533242225647,0.40028776228427887
707,lejepa,gradcam,predicted,backbone.layer1,47,47,47,0.048598699271678925,0.22549422085285187,0.1370464600622654
708,lejepa,gradcam,predicted,backbone.layer1,47,43,43,0.24575971066951752,0.11841527372598648,0.182087492197752
709,lejepa,gradcam,predicted,backbone.layer1,47,24,24,0.3039848208427429,0.39720654487609863,0.3505956828594208
710,lejepa,gradcam,predicted,backbone.layer1,47,36,36,-0.343781441450119,0.31488361954689026,-0.01444891095161438
711,lejepa,gradcam,predicted,backbone.layer1,47,47,47,0.044110286980867386,0.33900418877601624,0.1915572378784418
712,lejepa,gradcam,predicted,backbone.layer1,47,47,47,0.35040372610092163,0.2909894585609436,0.3206965923309326
713,lejepa,gradcam,predicted,backbone.layer1,47,48,48,-0.04088179022073746,0.41327616572380066,0.1861971877515316
714,lejepa,gradcam,predicted,backbone.layer1,47,47,47,0.09934264421463013,0.3463413715362549,0.2228420078754425
715,lejepa,gradcam,predicted,backbone.layer1,47,18,18,0.17092092335224152,0.32720834016799927,0.2490646317601204
716,lejepa,gradcam,predicted,backbone.layer1,47,47,47,0.33701837062835693,0.39547067880630493,0.36624452471733093
717,lejepa,gradcam,predicted,backbone.layer1,47,47,47,-0.0863502249121666,0.2048899084329605,0.05926984176039696
718,lejepa,gradcam,predicted,backbone.layer1,48,48,48,0.24250534176826477,0.5655773878097534,0.4040413647890091
719,lejepa,gradcam,predicted,backbone.layer1,48,48,48,0.04838591814041138,0.15522445738315582,0.1018051877617836
720,lejepa,gradcam,predicted,backbone.layer1,48,48,48,0.10183515399694443,0.48484477400779724,0.29333996400237083
721,lejepa,gradcam,predicted,backbone.layer1,48,48,48,0.050748858600854874,0.4106832444667816,0.23071605153381824
722,lejepa,gradcam,predicted,backbone.layer1,48,12,12,-0.06659422814846039,0.474423348903656,0.2039145603775978
723,lejepa,gradcam,predicted,backbone.layer1,48,48,48,0.15560418367385864,0.26724177598953247,0.21142297983169556
724,lejepa,gradcam,predicted,backbone.layer1,48,48,48,0.1395311802625656,0.36873897910118103,0.2541350796818733
725,lejepa,gradcam,predicted,backbone.layer1,48,48,48,0.19302774965763092,0.5508129596710205,0.3719203546643257
726,lejepa,gradcam,predicted,backbone.layer1,48,48,48,0.08745623379945755,0.07600946724414825,0.0817328505218029
727,lejepa,gradcam,predicted,backbone.layer1,48,36,36,0.16316983103752136,0.13581782579421997,0.14949382841587067
728,lejepa,gradcam,predicted,backbone.layer1,48,48,48,-0.04263787344098091,0.4716184437274933,0.2144902851432562
729,lejepa,gradcam,predicted,backbone.layer1,48,48,48,-0.09779246896505356,0.4717768132686615,0.18699217215180397
730,lejepa,gradcam,predicted,backbone.layer1,48,48,48,0.24380594491958618,0.17392273247241974,0.20886433869600296
731,lejepa,gradcam,predicted,backbone.layer1,48,32,32,0.39215731620788574,0.32623499631881714,0.35919615626335144
732,lejepa,gradcam,predicted,backbone.layer1,49,49,49,0.04365989565849304,0.20290519297122955,0.1232825443148613
733,lejepa,gradcam,predicted,backbone.layer1,49,49,49,0.21718503534793854,0.24137581884860992,0.22928042709827423
734,lejepa,gradcam,predicted,backbone.layer1,49,49,49,0.1296713799238205,0.5616428852081299,0.3456571325659752
735,lejepa,gradcam,predicted,backbone.layer1,49,49,49,0.0735863447189331,0.49310386180877686,0.283345103263855
704,lejepa,gradcam,predicted,backbone.layer2,47,49,49,0.05952369421720505,0.36552900075912476,0.2125263474881649
705,lejepa,gradcam,predicted,backbone.layer2,47,47,47,0.069456547498703,0.32788267731666565,0.19866961240768433
706,lejepa,gradcam,predicted,backbone.layer2,47,47,47,0.2995292544364929,0.21564199030399323,0.2575856223702431
707,lejepa,gradcam,predicted,backbone.layer2,47,47,47,0.37956276535987854,0.4772202670574188,0.4283915162086487
708,lejepa,gradcam,predicted,backbone.layer2,47,43,43,0.0778149962425232,0.3988700807094574,0.2383425384759903
709,lejepa,gradcam,predicted,backbone.layer2,47,24,24,0.4526032507419586,0.4657212197780609,0.45916223526000977
710,lejepa,gradcam,predicted,backbone.layer2,47,36,36,0.10325776040554047,0.1619541198015213,0.13260594010353088
711,lejepa,gradcam,predicted,backbone.layer2,47,47,47,-0.08836247771978378,0.27157455682754517,0.09160603955388069
712,lejepa,gradcam,predicted,backbone.layer2,47,47,47,0.13903461396694183,0.421580970287323,0.2803077921271324
713,lejepa,gradcam,predicted,backbone.layer2,47,48,48,-0.023515626788139343,0.3211357295513153,0.14881005138158798
714,lejepa,gradcam,predicted,backbone.layer2,47,47,47,0.2580898702144623,0.4322114586830139,0.3451506644487381
715,lejepa,gradcam,predicted,backbone.layer2,47,18,18,0.06456144154071808,0.41593024134635925,0.24024584144353867
716,lejepa,gradcam,predicted,backbone.layer2,47,47,47,0.015788385644555092,0.36649367213249207,0.19114102888852358
717,lejepa,gradcam,predicted,backbone.layer2,47,47,47,-0.12351982295513153,0.2733252942562103,0.0749027356505394
718,lejepa,gradcam,predicted,backbone.layer2,48,48,48,0.0755983293056488,0.31992560625076294,0.19776196777820587
719,lejepa,gradcam,predicted,backbone.layer2,48,48,48,-0.21916602551937103,0.26386046409606934,0.02234721928834915
720,lejepa,gradcam,predicted,backbone.layer2,48,48,48,-0.2756245732307434,0.2395758032798767,-0.01802438497543335
721,lejepa,gradcam,predicted,backbone.layer2,48,48,48,0.33803901076316833,0.33816656470298767,0.338102787733078
722,lejepa,gradcam,predicted,backbone.layer2,48,12,12,-0.14913879334926605,0.2744983434677124,0.06267977505922318
723,lejepa,gradcam,predicted,backbone.layer2,48,48,48,-0.027701880782842636,0.3126577138900757,0.14247791655361652
724,lejepa,gradcam,predicted,backbone.layer2,48,48,48,-0.36227819323539734,0.22816024720668793,-0.0670589730143547
725,lejepa,gradcam,predicted,backbone.layer2,48,48,48,0.029357127845287323,0.2137400358915329,0.12154858186841011
726,lejepa,gradcam,predicted,backbone.layer2,48,48,48,-0.12985283136367798,0.2567365765571594,0.06344187259674072
727,lejepa,gradcam,predicted,backbone.layer2,48,36,36,0.20897133648395538,0.46799683570861816,0.3384840860962868
728,lejepa,gradcam,predicted,backbone.layer2,48,48,48,0.17424419522285461,0.22240646183490753,0.19832532852888107
729,lejepa,gradcam,predicted,backbone.layer2,48,48,48,-0.12922634184360504,0.1904022991657257,0.030587978661060333
730,lejepa,gradcam,predicted,backbone.layer2,48,48,48,0.013464200310409069,0.3265538811683655,0.17000904073938727
731,lejepa,gradcam,predicted,backbone.layer2,48,32,32,-0.1127224937081337,0.17086637020111084,0.02907193824648857
732,lejepa,gradcam,predicted,backbone.layer2,49,49,49,0.14858907461166382,0.16863895952701569,0.15861401706933975
733,lejepa,gradcam,predicted,backbone.layer2,49,49,49,-0.035427842289209366,0.15403251349925995,0.05930233560502529
734,lejepa,gradcam,predicted,backbone.layer2,49,49,49,0.2674044072628021,0.36555778980255127,0.3164810985326767
735,lejepa,gradcam,predicted,backbone.layer2,49,49,49,0.3750914931297302,0.3573864996433258,0.366238996386528
704,lejepa,gradcam,predicted,backbone.layer3,47,49,49,-0.2419029325246811,0.1897737681865692,-0.02606458216905594
705,lejepa,gradcam,predicted,backbone.layer3,47,47,47,0.5318937301635742,0.4805307984352112,0.5062122642993927
706,lejepa,gradcam,predicted,backbone.layer3,47,47,47,-0.05866562947630882,0.2148154228925705,0.07807489670813084
707,lejepa,gradcam,predicted,backbone.layer3,47,47,47,-0.06113898754119873,0.3934836983680725,0.1661723554134369
708,lejepa,gradcam,predicted,backbone.layer3,47,43,43,-0.36666467785835266,0.28146472573280334,-0.04259997606277466
709,lejepa,gradcam,predicted,backbone.layer3,47,24,24,0.3472581207752228,0.29058414697647095,0.31892113387584686
710,lejepa,gradcam,predicted,backbone.layer3,47,36,36,0.0914190486073494,0.042673658579587936,0.06704635359346867
711,lejepa,gradcam,predicted,backbone.layer3,47,47,47,-0.6308068633079529,0.311282217502594,-0.15976232290267944
712,lejepa,gradcam,predicted,backbone.layer3,47,47,47,0.27854669094085693,0.41860607266426086,0.3485763818025589
713,lejepa,gradcam,predicted,backbone.layer3,47,48,48,-0.13037045300006866,0.3508707880973816,0.11025016754865646
714,lejepa,gradcam,predicted,backbone.layer3,47,47,47,0.2590104043483734,0.46410486102104187,0.36155763268470764
715,lejepa,gradcam,predicted,backbone.layer3,47,18,18,-0.33154362440109253,0.40215322375297546,0.03530479967594147
716,lejepa,gradcam,predicted,backbone.layer3,47,47,47,0.02258543111383915,0.29526665806770325,0.1589260445907712
717,lejepa,gradcam,predicted,backbone.layer3,47,47,47,-0.09053564071655273,0.4122985899448395,0.16088147461414337
718,lejepa,gradcam,predicted,backbone.layer3,48,48,48,-0.15378180146217346,0.40238505601882935,0.12430162727832794
719,lejepa,gradcam,predicted,backbone.layer3,48,48,48,-0.26699960231781006,0.5254020690917969,0.1292012333869934
720,lejepa,gradcam,predicted,backbone.layer3,48,48,48,0.25701019167900085,0.4745402932167053,0.3657752424478531
721,lejepa,gradcam,predicted,backbone.layer3,48,48,48,-0.07717284560203552,0.44467878341674805,0.18375296890735626
722,lejepa,gradcam,predicted,backbone.layer3,48,12,12,0.140702486038208,0.3624705672264099,0.25158652663230896
723,lejepa,gradcam,predicted,backbone.layer3,48,48,48,0.1190534234046936,0.3829175531864166,0.2509854882955551
724,lejepa,gradcam,predicted,backbone.layer3,48,48,48,-0.29190078377723694,0.4368605315685272,0.07247987389564514
725,lejepa,gradcam,predicted,backbone.layer3,48,48,48,0.3987584710121155,0.5232621431350708,0.46101030707359314
726,lejepa,gradcam,predicted,backbone.layer3,48,48,48,0.12200411409139633,0.4788632094860077,0.300433661788702
727,lejepa,gradcam,predicted,backbone.layer3,48,36,36,-0.4108452796936035,0.19108329713344574,-0.10988099128007889
728,lejepa,gradcam,predicted,backbone.layer3,48,48,48,0.45395296812057495,0.41885942220687866,0.4364061951637268
729,lejepa,gradcam,predicted,backbone.layer3,48,48,48,0.31330862641334534,0.36811116337776184,0.3407098948955536
730,lejepa,gradcam,predicted,backbone.layer3,48,48,48,-0.2331494241952896,0.3828789293766022,0.07486475259065628
731,lejepa,gradcam,predicted,backbone.layer3,48,32,32,0.016611699014902115,0.3769769072532654,0.19679430313408375
732,lejepa,gradcam,predicted,backbone.layer3,49,49,49,0.36254245042800903,0.32980501651763916,0.3461737334728241
733,lejepa,gradcam,predicted,backbone.layer3,49,49,49,0.8487491607666016,0.42237749695777893,0.6355633288621902
734,lejepa,gradcam,predicted,backbone.layer3,49,49,49,0.8003586530685425,0.3897452652454376,0.59505195915699
735,lejepa,gradcam,predicted,backbone.layer3,49,49,49,0.6184927821159363,0.48896679282188416,0.5537297874689102
704,lejepa,gradcam,predicted,backbone.layer4,47,49,49,0.3805183172225952,0.5532321929931641,0.46687525510787964
705,lejepa,gradcam,predicted,backbone.layer4,47,47,47,0.11447998881340027,0.5655348896980286,0.3400074392557144
706,lejepa,gradcam,predicted,backbone.layer4,47,47,47,0.34400948882102966,0.5177485346794128,0.43087901175022125
707,lejepa,gradcam,predicted,backbone.layer4,47,47,47,0.3097977340221405,0.5566701292991638,0.43323393166065216
708,lejepa,gradcam,predicted,backbone.layer4,47,43,43,0.617996871471405,0.6074306964874268,0.6127137839794159
709,lejepa,gradcam,predicted,backbone.layer4,47,24,24,0.5922034382820129,0.5330292582511902,0.5626163482666016
710,lejepa,gradcam,predicted,backbone.layer4,47,36,36,0.6039054989814758,0.6004469394683838,0.6021762192249298
711,lejepa,gradcam,predicted,backbone.layer4,47,47,47,0.3290499746799469,0.5815733671188354,0.4553116708993912
712,lejepa,gradcam,predicted,backbone.layer4,47,47,47,0.4099596440792084,0.5450409054756165,0.4775002747774124
713,lejepa,gradcam,predicted,backbone.layer4,47,48,48,0.021910935640335083,0.3905602991580963,0.2062356173992157
714,lejepa,gradcam,predicted,backbone.layer4,47,47,47,0.31907984614372253,0.5366086959838867,0.4278442710638046
715,lejepa,gradcam,predicted,backbone.layer4,47,18,18,0.375152587890625,0.5623746514320374,0.4687636196613312
716,lejepa,gradcam,predicted,backbone.layer4,47,47,47,0.5577305555343628,0.528786838054657,0.5432586967945099
717,lejepa,gradcam,predicted,backbone.layer4,47,47,47,0.3884364366531372,0.5151720643043518,0.4518042504787445
718,lejepa,gradcam,predicted,backbone.layer4,48,48,48,0.3320773243904114,0.5675281882286072,0.4498027563095093
719,lejepa,gradcam,predicted,backbone.layer4,48,48,48,0.22052162885665894,0.5428594946861267,0.3816905617713928
720,lejepa,gradcam,predicted,backbone.layer4,48,48,48,0.4434087574481964,0.5482043027877808,0.4958065301179886
721,lejepa,gradcam,predicted,backbone.layer4,48,48,48,0.5698288679122925,0.6083085536956787,0.5890687108039856
722,lejepa,gradcam,predicted,backbone.layer4,48,12,12,0.33578726649284363,0.5923483371734619,0.46406780183315277
723,lejepa,gradcam,predicted,backbone.layer4,48,48,48,0.3423140048980713,0.5486274361610413,0.4454707205295563
724,lejepa,gradcam,predicted,backbone.layer4,48,48,48,0.2987595200538635,0.5306339263916016,0.41469672322273254
725,lejepa,gradcam,predicted,backbone.layer4,48,48,48,0.25246354937553406,0.5543287396430969,0.4033961445093155
726,lejepa,gradcam,predicted,backbone.layer4,48,48,48,0.4448968172073364,0.5361033082008362,0.4905000627040863
727,lejepa,gradcam,predicted,backbone.layer4,48,36,36,0.34093838930130005,0.5850574374198914,0.4629979133605957
728,lejepa,gradcam,predicted,backbone.layer4,48,48,48,0.8013333678245544,0.5261572003364563,0.6637452840805054
729,lejepa,gradcam,predicted,backbone.layer4,48,48,48,0.5538430213928223,0.5351802110671997,0.544511616230011
730,lejepa,gradcam,predicted,backbone.layer4,48,48,48,0.31555935740470886,0.5677241683006287,0.44164176285266876
731,lejepa,gradcam,predicted,backbone.layer4,48,32,32,0.4733406603336334,0.5272412300109863,0.5002909451723099
732,lejepa,gradcam,predicted,backbone.layer4,49,49,49,0.4476587772369385,0.5767212510108948,0.5121900141239166
733,lejepa,gradcam,predicted,backbone.layer4,49,49,49,0.6657930612564087,0.4825749099254608,0.5741839855909348
734,lejepa,gradcam,predicted,backbone.layer4,49,49,49,0.634381115436554,0.5395942330360413,0.5869876742362976
735,lejepa,gradcam,predicted,backbone.layer4,49,49,49,0.6020685434341431,0.5060384273529053,0.5540534853935242
736,lejepa,gradcam,predicted,backbone.layer1,49,49,49,0.3445265293121338,0.4611364006996155,0.40283146500587463
737,lejepa,gradcam,predicted,backbone.layer1,49,49,49,0.17984060943126678,0.34664011001586914,0.26324035972356796
738,lejepa,gradcam,predicted,backbone.layer1,49,49,49,-0.0013392777182161808,0.473440021276474,0.2360503717791289
739,lejepa,gradcam,predicted,backbone.layer1,49,49,49,0.17623864114284515,0.49221763014793396,0.33422813564538956
740,lejepa,gradcam,predicted,backbone.layer1,49,49,49,0.13119558990001678,0.46287015080451965,0.2970328703522682
741,lejepa,gradcam,predicted,backbone.layer1,49,49,49,0.114199697971344,0.3906848132610321,0.25244225561618805
742,lejepa,gradcam,predicted,backbone.layer1,49,33,33,0.35818156599998474,0.1631130576133728,0.26064731180667877
743,lejepa,gradcam,predicted,backbone.layer1,49,49,49,-0.011552865616977215,0.0999307781457901,0.04418895626440644
744,lejepa,gradcam,predicted,backbone.layer1,49,49,49,0.14085137844085693,0.4686221480369568,0.30473676323890686
745,lejepa,gradcam,predicted,backbone.layer1,49,49,49,0.2802276313304901,0.5093858242034912,0.39480672776699066
746,lejepa,gradcam,predicted,backbone.layer1,49,49,49,0.14497993886470795,0.48933255672454834,0.31715624779462814
747,lejepa,gradcam,predicted,backbone.layer1,49,49,49,0.24705517292022705,0.48265305161476135,0.3648541122674942
748,lejepa,gradcam,predicted,backbone.layer1,49,49,49,0.3074166476726532,0.33546528220176697,0.3214409649372101
749,lejepa,gradcam,predicted,backbone.layer1,49,49,49,0.051521457731723785,0.4324519634246826,0.2419867105782032
750,lejepa,gradcam,predicted,backbone.layer1,49,49,49,0.18531593680381775,0.5095251798629761,0.3474205583333969
751,lejepa,gradcam,predicted,backbone.layer1,49,49,49,-0.08657693862915039,0.4242449998855591,0.16883403062820435
736,lejepa,gradcam,predicted,backbone.layer2,49,49,49,0.21706965565681458,0.37664008140563965,0.2968548685312271
737,lejepa,gradcam,predicted,backbone.layer2,49,49,49,0.14060232043266296,0.2596210539340973,0.20011168718338013
738,lejepa,gradcam,predicted,backbone.layer2,49,49,49,0.18169382214546204,0.2552865147590637,0.21849016845226288
739,lejepa,gradcam,predicted,backbone.layer2,49,49,49,0.26448461413383484,0.3087219297885895,0.28660327196121216
740,lejepa,gradcam,predicted,backbone.layer2,49,49,49,0.17927049100399017,0.33165809512138367,0.2554642930626869
741,lejepa,gradcam,predicted,backbone.layer2,49,49,49,-0.017808349803090096,0.4134724736213684,0.19783206190913916
742,lejepa,gradcam,predicted,backbone.layer2,49,33,33,-0.03660916909575462,0.32568660378456116,0.14453871734440327
743,lejepa,gradcam,predicted,backbone.layer2,49,49,49,-0.12404506653547287,0.14477522671222687,0.010365080088376999
744,lejepa,gradcam,predicted,backbone.layer2,49,49,49,0.35446134209632874,0.2401100993156433,0.297285720705986
745,lejepa,gradcam,predicted,backbone.layer2,49,49,49,0.1463039070367813,0.24013209342956543,0.19321800023317337
746,lejepa,gradcam,predicted,backbone.layer2,49,49,49,0.30750760436058044,0.3228583037853241,0.31518295407295227
747,lejepa,gradcam,predicted,backbone.layer2,49,49,49,0.17420896887779236,0.29558369517326355,0.23489633202552795
748,lejepa,gradcam,predicted,backbone.layer2,49,49,49,-0.09512773156166077,0.09043017774820328,-0.0023487769067287445
749,lejepa,gradcam,predicted,backbone.layer2,49,49,49,0.055271100252866745,0.14230839908123016,0.09878974966704845
750,lejepa,gradcam,predicted,backbone.layer2,49,49,49,0.09068753570318222,0.29919731616973877,0.1949424259364605
751,lejepa,gradcam,predicted,backbone.layer2,49,49,49,0.2500609755516052,0.2849484980106354,0.2675047367811203
736,lejepa,gradcam,predicted,backbone.layer3,49,49,49,0.40365827083587646,0.49304983019828796,0.4483540505170822
737,lejepa,gradcam,predicted,backbone.layer3,49,49,49,0.7454917430877686,0.4249506890773773,0.5852212160825729
738,lejepa,gradcam,predicted,backbone.layer3,49,49,49,0.5378629565238953,0.19857080280780792,0.3682168796658516
739,lejepa,gradcam,predicted,backbone.layer3,49,49,49,0.283855140209198,0.4826129376888275,0.38323403894901276
740,lejepa,gradcam,predicted,backbone.layer3,49,49,49,0.64626145362854,0.47723791003227234,0.5617496818304062
741,lejepa,gradcam,predicted,backbone.layer3,49,49,49,0.1284930408000946,0.4520421028137207,0.29026757180690765
742,lejepa,gradcam,predicted,backbone.layer3,49,33,33,-0.17951656877994537,0.3486441373825073,0.08456378430128098
743,lejepa,gradcam,predicted,backbone.layer3,49,49,49,-0.25943589210510254,0.18810012936592102,-0.03566788136959076
744,lejepa,gradcam,predicted,backbone.layer3,49,49,49,0.18723231554031372,0.43299731612205505,0.3101148158311844
745,lejepa,gradcam,predicted,backbone.layer3,49,49,49,0.4970177114009857,0.5296910405158997,0.5133543759584427
746,lejepa,gradcam,predicted,backbone.layer3,49,49,49,0.45229393243789673,0.3804597556591034,0.41637684404850006
747,lejepa,gradcam,predicted,backbone.layer3,49,49,49,0.016591539606451988,0.28161194920539856,0.14910174440592527
748,lejepa,gradcam,predicted,backbone.layer3,49,49,49,0.07627169787883759,0.2844432592391968,0.18035747855901718
749,lejepa,gradcam,predicted,backbone.layer3,49,49,49,0.6958040595054626,0.3984111547470093,0.547107607126236
750,lejepa,gradcam,predicted,backbone.layer3,49,49,49,0.5200058221817017,0.396323561668396,0.45816469192504883
751,lejepa,gradcam,predicted,backbone.layer3,49,49,49,-0.04431759566068649,0.21262620389461517,0.08415430411696434
736,lejepa,gradcam,predicted,backbone.layer4,49,49,49,0.06380455195903778,0.36571118235588074,0.21475786715745926
737,lejepa,gradcam,predicted,backbone.layer4,49,49,49,0.4918808043003082,0.5505857467651367,0.5212332755327225
738,lejepa,gradcam,predicted,backbone.layer4,49,49,49,0.5113884210586548,0.5645765066146851,0.5379824638366699
739,lejepa,gradcam,predicted,backbone.layer4,49,49,49,0.15386033058166504,0.5184909701347351,0.3361756503582001
740,lejepa,gradcam,predicted,backbone.layer4,49,49,49,0.5866197943687439,0.545406699180603,0.5660132467746735
741,lejepa,gradcam,predicted,backbone.layer4,49,49,49,0.40847036242485046,0.5267361402511597,0.46760325133800507
742,lejepa,gradcam,predicted,backbone.layer4,49,33,33,0.5886048674583435,0.5458899736404419,0.5672474205493927
743,lejepa,gradcam,predicted,backbone.layer4,49,49,49,-0.06303396821022034,0.39602410793304443,0.16649506986141205
744,lejepa,gradcam,predicted,backbone.layer4,49,49,49,0.5530262589454651,0.5207520723342896,0.5368891656398773
745,lejepa,gradcam,predicted,backbone.layer4,49,49,49,0.6639686226844788,0.5542200803756714,0.6090943515300751
746,lejepa,gradcam,predicted,backbone.layer4,49,49,49,0.4065842926502228,0.4949679970741272,0.450776144862175
747,lejepa,gradcam,predicted,backbone.layer4,49,49,49,0.5012322664260864,0.559241771697998,0.5302370190620422
748,lejepa,gradcam,predicted,backbone.layer4,49,49,49,0.6658515930175781,0.5450126528739929,0.6054321229457855
749,lejepa,gradcam,predicted,backbone.layer4,49,49,49,0.7861089110374451,0.4666820764541626,0.6263954937458038
750,lejepa,gradcam,predicted,backbone.layer4,49,49,49,0.4571220576763153,0.5645641088485718,0.5108430832624435
751,lejepa,gradcam,predicted,backbone.layer4,49,49,49,0.24818414449691772,0.5165196061134338,0.3823518753051758
