sample_idx,sample_id,mode,architecture,xai_method,target,layer,true_label,pred_label,target_label,corr_pca_xai,soft_iou_pca_xai,iou_pca_gt,iou_xai_gt,soft_iou_pca_gt,soft_iou_xai_gt,object_focus_pca,object_focus_xai,foreground_area,pca_stability,g_lsas_no_stability,g_lsas,top_frac
0,n01443537/ILSVRC2012_val_00004677,supervised,resnet18_imagenet,gradcam,predicted,backbone.layer1,0,0,0,0.1457986682653427,0.2772284746170044,0.0,0.0,0.0,0.0,0.0,0.0,0.0,0.9766629934310913,0.05831946730613709,0.19752898290753362,0.2
1,n01443537/ILSVRC2012_val_00006007,supervised,resnet18_imagenet,gradcam,predicted,backbone.layer1,0,0,0,0.5053435564041138,0.0556001178920269,0.0,0.0,0.0,0.0,0.0,0.0,0.0,0.9942091703414917,0.20213742256164552,0.32600162029266355,0.2
2,n01443537/ILSVRC2012_val_00013623,supervised,resnet18_imagenet,gradcam,predicted,backbone.layer1,0,41,41,0.02202482707798481,0.4287717938423157,0.0,0.0,0.0,0.0,0.0,0.0,0.0,0.9585287570953369,0.008809930831193925,0.15148800304159524,0.2
3,n01443537/ILSVRC2012_val_00018075,supervised,resnet18_imagenet,gradcam,predicted,backbone.layer1,0,0,0,0.12767161428928375,0.3839467167854309,0.0,0.0,0.0,0.0,0.0,0.0,0.0,0.8755176663398743,0.051068645715713505,0.17601271495223045,0.2
4,n01443537/ILSVRC2012_val_00020436,supervised,resnet18_imagenet,gradcam,predicted,backbone.layer1,0,0,0,0.28473126888275146,0.4727952182292938,0.0,0.0,0.0,0.0,0.0,0.0,0.0,0.9703449010848999,0.1138925075531006,0.24520767927169798,0.2
5,n01443537/ILSVRC2012_val_00020785,supervised,resnet18_imagenet,gradcam,predicted,backbone.layer1,0,0,0,-0.06214834749698639,0.3146829605102539,0.0,0.0,0.0,0.0,0.0,0.0,0.0,0.8815444707870483,-0.024859338998794556,0.110479748994112,0.2
6,n01443537/ILSVRC2012_val_00021905,supervised,resnet18_imagenet,gradcam,predicted,backbone.layer1,0,0,0,0.17100800573825836,0.18191632628440857,0.0,0.0,0.0,0.0,0.0,0.0,0.0,0.9767876863479614,0.06840320229530335,0.2063709549605846,0.2
7,n01443537/ILSVRC2012_val_00026064,supervised,resnet18_imagenet,gradcam,predicted,backbone.layer1,0,32,32,0.17953364551067352,0.07181073725223541,0.0,0.0,0.0,0.0,0.0,0.0,0.0,0.9400785565376282,0.07181345820426942,0.20384855940937996,0.2
8,n01443537/ILSVRC2012_val_00028713,supervised,resnet18_imagenet,gradcam,predicted,backbone.layer1,0,0,0,0.011317785829305649,0.13715355098247528,0.0,0.0,0.0,0.0,0.0,0.0,0.0,0.9767873287200928,0.0045271143317222595,0.15047932434827088,0.2
9,n01443537/ILSVRC2012_val_00032235,supervised,resnet18_imagenet,gradcam,predicted,backbone.layer1,0,0,0,0.19149616360664368,0.3993602395057678,0.0,0.0,0.0,0.0,0.0,0.0,0.0,0.9504438042640686,0.07659846544265747,0.20959022790193557,0.2
10,n01443537/ILSVRC2012_val_00032258,supervised,resnet18_imagenet,gradcam,predicted,backbone.layer1,0,0,0,0.5355110764503479,0.3182695209980011,0.0,0.0,0.0,0.0,0.0,0.0,0.0,0.975733757019043,0.21420443058013916,0.33378894031047823,0.2
11,n01443537/ILSVRC2012_val_00037846,supervised,resnet18_imagenet,gradcam,predicted,backbone.layer1,0,0,0,-0.11793985962867737,0.18736957013607025,0.0,0.0,0.0,0.0,0.0,0.0,0.0,0.9670650362968445,-0.04717594385147095,0.1037808045744896,0.2
12,n01443537/ILSVRC2012_val_00038057,supervised,resnet18_imagenet,gradcam,predicted,backbone.layer1,0,0,0,0.21140387654304504,0.4478081464767456,0.0,0.0,0.0,0.0,0.0,0.0,0.0,0.1315307468175888,0.08456155061721803,0.09372096881270407,0.2
13,n01443537/ILSVRC2012_val_00045761,supervised,resnet18_imagenet,gradcam,predicted,backbone.layer1,0,0,0,-0.056577812880277634,0.0950142964720726,0.0,0.0,0.0,0.0,0.0,0.0,0.0,0.9809271097183228,-0.022631125152111055,0.12733683194965123,0.2
14,n01443537/ILSVRC2012_val_00048864,supervised,resnet18_imagenet,gradcam,predicted,backbone.layer1,0,0,0,-0.10512130707502365,0.1412503719329834,0.0,0.0,0.0,0.0,0.0,0.0,0.0,0.8018700480461121,-0.04204852283000946,0.08348804973065851,0.2
15,n01491361/ILSVRC2012_val_00002922,supervised,resnet18_imagenet,gradcam,predicted,backbone.layer1,1,1,1,0.3105901777744293,0.35256272554397583,0.12027837000679018,0.10328024720699497,0.11562234908342361,0.08942431956529617,0.29489821195602417,0.33084455132484436,0.3550302933672762,0.984248697757721,0.19130365627390727,0.3122335211881546,0.2
0,n01443537/ILSVRC2012_val_00004677,supervised,resnet18_imagenet,gradcam,predicted,backbone.layer2,0,0,0,0.19570426642894745,0.25892138481140137,0.0,0.0,0.0,0.0,0.0,0.0,0.0,0.9696904420852661,0.07828170657157899,0.2139500595629215,0.2
1,n01443537/ILSVRC2012_val_00006007,supervised,resnet18_imagenet,gradcam,predicted,backbone.layer2,0,0,0,0.7065892219543457,0.30796587467193604,0.0,0.0,0.0,0.0,0.0,0.0,0.0,0.9991168975830078,0.2826356887817383,0.39717376232147217,0.2
2,n01443537/ILSVRC2012_val_00013623,supervised,resnet18_imagenet,gradcam,predicted,backbone.layer2,0,41,41,0.009383918717503548,0.4457473158836365,0.0,0.0,0.0,0.0,0.0,0.0,0.0,0.9666069746017456,0.0037535674870014194,0.14827541774138808,0.2
3,n01443537/ILSVRC2012_val_00018075,supervised,resnet18_imagenet,gradcam,predicted,backbone.layer2,0,0,0,0.20540064573287964,0.4617299437522888,0.0,0.0,0.0,0.0,0.0,0.0,0.0,0.7831552624702454,0.08216025829315186,0.18936351537704466,0.2
4,n01443537/ILSVRC2012_val_00020436,supervised,resnet18_imagenet,gradcam,predicted,backbone.layer2,0,0,0,0.21671366691589355,0.43035995960235596,0.0,0.0,0.0,0.0,0.0,0.0,0.0,0.8982892036437988,0.08668546676635742,0.21059316396713257,0.2
5,n01443537/ILSVRC2012_val_00020785,supervised,resnet18_imagenet,gradcam,predicted,backbone.layer2,0,0,0,0.2093406766653061,0.4918288290500641,0.0,0.0,0.0,0.0,0.0,0.0,0.0,0.9217150807380676,0.08373627066612244,0.21152649894356726,0.2
6,n01443537/ILSVRC2012_val_00021905,supervised,resnet18_imagenet,gradcam,predicted,backbone.layer2,0,0,0,0.7542226314544678,0.5027909278869629,0.0,0.0,0.0,0.0,0.0,0.0,0.0,0.991447389125824,0.30168905258178713,0.4126950293779373,0.2
7,n01443537/ILSVRC2012_val_00026064,supervised,resnet18_imagenet,gradcam,predicted,backbone.layer2,0,32,32,0.09236808121204376,0.41197168827056885,0.0,0.0,0.0,0.0,0.0,0.0,0.0,0.9476624727249146,0.03694723248481751,0.17447819933295247,0.2
8,n01443537/ILSVRC2012_val_00028713,supervised,resnet18_imagenet,gradcam,predicted,backbone.layer2,0,0,0,0.005833071656525135,0.1735074669122696,0.0,0.0,0.0,0.0,0.0,0.0,0.0,0.9830016493797302,0.002333228662610054,0.14949182248674334,0.2
9,n01443537/ILSVRC2012_val_00032235,supervised,resnet18_imagenet,gradcam,predicted,backbone.layer2,0,0,0,0.3426733911037445,0.433238685131073,0.0,0.0,0.0,0.0,0.0,0.0,0.0,0.9584506750106812,0.1370693564414978,0.2637032881379128,0.2
10,n01443537/ILSVRC2012_val_00032258,supervised,resnet18_imagenet,gradcam,predicted,backbone.layer2,0,0,0,0.2475682497024536,0.28906315565109253,0.0,0.0,0.0,0.0,0.0,0.0,0.0,0.9941681027412415,0.09902729988098145,0.23577410280704497,0.2
11,n01443537/ILSVRC2012_val_00037846,supervised,resnet18_imagenet,gradcam,predicted,backbone.layer2,0,0,0,0.3646666705608368,0.5466458201408386,0.0,0.0,0.0,0.0,0.0,0.0,0.0,0.9813467860221863,0.14586666822433472,0.2748353525996208,0.2
12,n01443537/ILSVRC2012_val_00038057,supervised,resnet18_imagenet,gradcam,predicted,backbone.layer2,0,0,0,0.20319251716136932,0.3770279586315155,0.0,0.0,0.0,0.0,0.0,0.0,0.0,0.9789453744888306,0.08127700686454774,0.21795918717980384,0.2
13,n01443537/ILSVRC2012_val_00045761,supervised,resnet18_imagenet,gradcam,predicted,backbone.layer2,0,0,0,0.6360676884651184,0.32228347659111023,0.0,0.0,0.0,0.0,0.0,0.0,0.0,0.8649633526802063,0.25442707538604736,0.3523681938648223,0.2
14,n01443537/ILSVRC2012_val_00048864,supervised,resnet18_imagenet,gradcam,predicted,backbone.layer2,0,0,0,0.057907864451408386,0.3700898289680481,0.0,0.0,0.0,0.0,0.0,0.0,0.0,0.869544506072998,0.023163145780563357,0.15069942846894263,0.2
15,n01491361/ILSVRC2012_val_00002922,supervised,resnet18_imagenet,gradcam,predicted,backbone.layer2,1,1,1,0.11057239025831223,0.4229445159435272,0.11883813426534938,0.03689775858215917,0.16907283663749695,0.08324132114648819,0.30940139293670654,0.18563531339168549,0.3550302933672762,0.985410213470459,0.09094972395757746,0.22544584182285526,0.2
0,n01443537/ILSVRC2012_val_00004677,supervised,resnet18_imagenet,gradcam,predicted,backbone.layer3,0,0,0,0.7775093913078308,0.45895010232925415,0.0,0.0,0.0,0.0,0.0,0.0,0.0,0.7765815258026123,0.31100375652313234,0.3886155158281326,0.2
1,n01443537/ILSVRC2012_val_00006007,supervised,resnet18_imagenet,gradcam,predicted,backbone.layer3,0,0,0,0.14479108154773712,0.07453680783510208,0.0,0.0,0.0,0.0,0.0,0.0,0.0,0.9990353584289551,0.05791643261909485,0.20053218230605124,0.2
2,n01443537/ILSVRC2012_val_00013623,supervised,resnet18_imagenet,gradcam,predicted,backbone.layer3,0,41,41,-0.09619957208633423,0.365080326795578,0.0,0.0,0.0,0.0,0.0,0.0,0.0,0.8200556039810181,-0.03847982883453369,0.08933849036693572,0.2
3,n01443537/ILSVRC2012_val_00018075,supervised,resnet18_imagenet,gradcam,predicted,backbone.layer3,0,0,0,0.4607809782028198,0.594579815864563,0.0,0.0,0.0,0.0,0.0,0.0,0.0,0.9242516756057739,0.18431239128112795,0.299911093711853,0.2
4,n01443537/ILSVRC2012_val_00020436,supervised,resnet18_imagenet,gradcam,predicted,backbone.layer3,0,0,0,0.3565784692764282,0.2737763822078705,0.0,0.0,0.0,0.0,0.0,0.0,0.0,0.9629965424537659,0.1426313877105713,0.26925194561481475,0.2
5,n01443537/ILSVRC2012_val_00020785,supervised,resnet18_imagenet,gradcam,predicted,backbone.layer3,0,0,0,0.39933112263679504,0.41342025995254517,0.0,0.0,0.0,0.0,0.0,0.0,0.0,0.9636245369911194,0.15973244905471803,0.2843095734715462,0.2
6,n01443537/ILSVRC2012_val_00021905,supervised,resnet18_imagenet,gradcam,predicted,backbone.layer3,0,0,0,0.2894406020641327,0.40974441170692444,0.0,0.0,0.0,0.0,0.0,0.0,0.0,0.9765663743019104,0.11577624082565308,0.247789166867733,0.2
7,n01443537/ILSVRC2012_val_00026064,supervised,resnet18_imagenet,gradcam,predicted,backbone.layer3,0,32,32,-0.23970574140548706,0.3819440007209778,0.0,0.0,0.0,0.0,0.0,0.0,0.0,0.9889134168624878,-0.09588229656219482,0.0644400030374527,0.2
8,n01443537/ILSVRC2012_val_00028713,supervised,resnet18_imagenet,gradcam,predicted,backbone.layer3,0,0,0,0.18194803595542908,0.4193892478942871,0.0,0.0,0.0,0.0,0.0,0.0,0.0,0.94563227891922,0.07277921438217164,0.20552665442228316,0.2
9,n01443537/ILSVRC2012_val_00032235,supervised,resnet18_imagenet,gradcam,predicted,backbone.layer3,0,0,0,0.6298742890357971,0.5160839557647705,0.0,0.0,0.0,0.0,0.0,0.0,0.0,0.9892210364341736,0.25194971561431884,0.368839156627655,0.2
10,n01443537/ILSVRC2012_val_00032258,supervised,resnet18_imagenet,gradcam,predicted,backbone.layer3,0,0,0,0.21060708165168762,0.3402567505836487,0.0,0.0,0.0,0.0,0.0,0.0,0.0,0.9826585650444031,0.08424283266067506,0.22111126333475112,0.2
11,n01443537/ILSVRC2012_val_00037846,supervised,resnet18_imagenet,gradcam,predicted,backbone.layer3,0,0,0,0.45846638083457947,0.2773064076900482,0.0,0.0,0.0,0.0,0.0,0.0,0.0,0.9710985422134399,0.1833865523338318,0.30612801462411876,0.2
12,n01443537/ILSVRC2012_val_00038057,supervised,resnet18_imagenet,gradcam,predicted,backbone.layer3,0,0,0,0.5326095223426819,0.41720372438430786,0.0,0.0,0.0,0.0,0.0,0.0,0.0,0.9884899854660034,0.21304380893707275,0.3346868306398392,0.2
13,n01443537/ILSVRC2012_val_00045761,supervised,resnet18_imagenet,gradcam,predicted,backbone.layer3,0,0,0,0.7454744577407837,0.4324074983596802,0.0,0.0,0.0,0.0,0.0,0.0,0.0,0.9937191009521484,0.2981897830963135,0.40997392535209654,0.2
14,n01443537/ILSVRC2012_val_00048864,supervised,resnet18_imagenet,gradcam,predicted,backbone.layer3,0,0,0,0.020898226648569107,0.40385422110557556,0.0,0.0,0.0,0.0,0.0,0.0,0.0,0.9094602465629578,0.008359290659427643,0.14373341631144285,0.2
15,n01491361/ILSVRC2012_val_00002922,supervised,resnet18_imagenet,gradcam,predicted,backbone.layer3,1,1,1,-0.2199203222990036,0.23499271273612976,0.2282349827995818,0.15192753143607216,0.19979016482830048,0.10325539857149124,0.3867746889591217,0.40062469244003296,0.3550302933672762,0.9974457025527954,0.02608062535109474,0.16768537113718152,0.2
0,n01443537/ILSVRC2012_val_00004677,supervised,resnet18_imagenet,gradcam,predicted,backbone.layer4,0,0,0,0.1292898952960968,0.4825291633605957,0.0,0.0,0.0,0.0,0.0,0.0,0.0,0.8835659623146057,0.051715958118438723,0.17778635770082474,0.2
1,n01443537/ILSVRC2012_val_00006007,supervised,resnet18_imagenet,gradcam,predicted,backbone.layer4,0,0,0,0.18544700741767883,0.5352483987808228,0.0,0.0,0.0,0.0,0.0,0.0,0.0,0.9939639568328857,0.07417880296707154,0.21400104612112042,0.2
2,n01443537/ILSVRC2012_val_00013623,supervised,resnet18_imagenet,gradcam,predicted,backbone.layer4,0,41,41,0.16851453483104706,0.6162090301513672,0.0,0.0,0.0,0.0,0.0,0.0,0.0,0.8032200932502747,0.06740581393241883,0.17946310117840766,0.2
3,n01443537/ILSVRC2012_val_00018075,supervised,resnet18_imagenet,gradcam,predicted,backbone.layer4,0,0,0,0.24608083069324493,0.4576016366481781,0.0,0.0,0.0,0.0,0.0,0.0,0.0,0.35089412331581116,0.09843233227729797,0.1387624092400074,0.2
4,n01443537/ILSVRC2012_val_00020436,supervised,resnet18_imagenet,gradcam,predicted,backbone.layer4,0,0,0,0.7654113173484802,0.49589958786964417,0.0,0.0,0.0,0.0,0.0,0.0,0.0,0.6997921466827393,0.3061645269393921,0.3728627830743789,0.2
5,n01443537/ILSVRC2012_val_00020785,supervised,resnet18_imagenet,gradcam,predicted,backbone.layer4,0,0,0,0.34380319714546204,0.47426217794418335,0.0,0.0,0.0,0.0,0.0,0.0,0.0,0.9606274366378784,0.13752127885818483,0.2644252344965935,0.2
6,n01443537/ILSVRC2012_val_00021905,supervised,resnet18_imagenet,gradcam,predicted,backbone.layer4,0,0,0,-0.15314464271068573,0.5315567851066589,0.0,0.0,0.0,0.0,0.0,0.0,0.0,0.9733169674873352,-0.061257857084274295,0.09239692017436028,0.2
7,n01443537/ILSVRC2012_val_00026064,supervised,resnet18_imagenet,gradcam,predicted,backbone.layer4,0,32,32,0.307894766330719,0.49857354164123535,0.0,0.0,0.0,0.0,0.0,0.0,0.0,0.9536435008049011,0.1231579065322876,0.2508096933364868,0.2
8,n01443537/ILSVRC2012_val_00028713,supervised,resnet18_imagenet,gradcam,predicted,backbone.layer4,0,0,0,0.37927427887916565,0.5435150265693665,0.0,0.0,0.0,0.0,0.0,0.0,0.0,0.9910445809364319,0.15170971155166627,0.28140268474817276,0.2
9,n01443537/ILSVRC2012_val_00032235,supervised,resnet18_imagenet,gradcam,predicted,backbone.layer4,0,0,0,0.36941447854042053,0.5471101999282837,0.0,0.0,0.0,0.0,0.0,0.0,0.0,0.9867463111877441,0.14776579141616822,0.2773070141673088,0.2
10,n01443537/ILSVRC2012_val_00032258,supervised,resnet18_imagenet,gradcam,predicted,backbone.layer4,0,0,0,0.4114648699760437,0.5040814876556396,0.0,0.0,0.0,0.0,0.0,0.0,0.0,0.9964619278907776,0.16458594799041748,0.2934819936752319,0.2
11,n01443537/ILSVRC2012_val_00037846,supervised,resnet18_imagenet,gradcam,predicted,backbone.layer4,0,0,0,0.3556565046310425,0.45343834161758423,0.0,0.0,0.0,0.0,0.0,0.0,0.0,0.974358856678009,0.142262601852417,0.27063360512256623,0.2
12,n01443537/ILSVRC2012_val_00038057,supervised,resnet18_imagenet,gradcam,predicted,backbone.layer4,0,0,0,0.3634578287601471,0.5633262395858765,0.0,0.0,0.0,0.0,0.0,0.0,0.0,0.9953619241714478,0.14538313150405885,0.2765145286917686,0.2
13,n01443537/ILSVRC2012_val_00045761,supervised,resnet18_imagenet,gradcam,predicted,backbone.layer4,0,0,0,0.08759194612503052,0.47540929913520813,0.0,0.0,0.0,0.0,0.0,0.0,0.0,0.9818399548530579,0.035036778450012206,0.17793317437171935,0.2
14,n01443537/ILSVRC2012_val_00048864,supervised,resnet18_imagenet,gradcam,predicted,backbone.layer4,0,0,0,0.17922960221767426,0.5447683930397034,0.0,0.0,0.0,0.0,0.0,0.0,0.0,0.9047970175743103,0.0716918408870697,0.19844991341233253,0.2
15,n01491361/ILSVRC2012_val_00002922,supervised,resnet18_imagenet,gradcam,predicted,backbone.layer4,1,1,1,0.4509972631931305,0.5272192358970642,0.45380519887229676,0.5317639293765295,0.31753936409950256,0.46336567401885986,0.485420823097229,0.6066350936889648,0.3550302933672762,0.9979268908500671,0.4760696437519001,0.5539303578073123,0.2
16,n01491361/ILSVRC2012_val_00013484,supervised,resnet18_imagenet,gradcam,predicted,backbone.layer1,1,1,1,-0.14353427290916443,0.4364852011203766,0.22286969812752058,0.2569100103096583,0.15355432033538818,0.15878309309482574,0.34878236055374146,0.3022320568561554,0.31024792729585654,0.9941304326057434,0.08652020336748789,0.21882749648194869,0.2
17,n01491361/ILSVRC2012_val_00015631,supervised,resnet18_imagenet,gradcam,predicted,backbone.layer1,1,1,1,-0.09471162408590317,0.31294530630111694,0.09436464088390838,0.020049436967852205,0.0831160917878151,0.03915228694677353,0.11457879096269608,0.052759937942028046,0.0960817920918176,0.7392776012420654,-0.0035604262788330983,0.10634609121918386,0.2
18,n01491361/ILSVRC2012_val_00019531,supervised,resnet18_imagenet,gradcam,predicted,backbone.layer1,1,1,1,0.020576290786266327,0.02393265813589096,0.17595115077497042,0.7979312818875961,0.3441556990146637,0.00966682843863964,0.7501218318939209,0.6069983839988708,0.7979312818875961,0.9923542141914368,0.3003952461132765,0.3995254420695503,0.2
19,n01491361/ILSVRC2012_val_00025640,supervised,resnet18_imagenet,gradcam,predicted,backbone.layer1,1,1,1,0.031345199793577194,0.0013389554806053638,0.18869825465961756,0.5994897959182479,0.24410684406757355,0.0,0.6902093887329102,0.0,0.5994897959182479,0.9303938746452332,0.24899449509079052,0.34757691376900335,0.2
20,n01491361/ILSVRC2012_val_00030926,supervised,resnet18_imagenet,gradcam,predicted,backbone.layer1,1,1,1,-0.16204659640789032,0.18333223462104797,0.06753842373943722,0.21056867783171515,0.24634787440299988,0.11088584363460541,0.4934546947479248,0.6448009610176086,0.5793606505100887,0.5260435938835144,0.018613491908189582,0.09171700573255365,0.2
21,n01491361/ILSVRC2012_val_00032130,supervised,resnet18_imagenet,gradcam,predicted,backbone.layer1,1,1,1,-0.09639040380716324,0.2926129102706909,0.44495044200345235,0.12246384351257805,0.22165760397911072,0.08653628826141357,0.36672288179397583,0.22802764177322388,0.23001036352036233,0.7818488478660583,0.13166812413194381,0.2253942572264092,0.2
22,n01491361/ILSVRC2012_val_00034038,supervised,resnet18_imagenet,gradcam,predicted,backbone.layer1,1,1,1,0.08791849762201309,0.0018170922994613647,0.20547297297283412,0.15557238520405064,0.1261814683675766,0.0,0.18631970882415771,0.0,0.15557238520405064,0.9578340649604797,0.14348100650187068,0.26470792345599775,0.2
23,n01491361/ILSVRC2012_val_00034413,supervised,resnet18_imagenet,gradcam,predicted,backbone.layer1,1,1,1,-0.03392675146460533,0.006303333677351475,0.08330279072198371,0.21235251913261075,0.10618908703327179,0.0012025845935568213,0.17492225766181946,0.07754021883010864,0.21235251913261075,0.9724487662315369,0.0751258923705362,0.20790677938576727,0.2
24,n01491361/ILSVRC2012_val_00037780,supervised,resnet18_imagenet,gradcam,predicted,backbone.layer1,1,1,1,-0.13672702014446259,0.02645232528448105,0.5286432160800699,0.28501674107137176,0.22501350939273834,0.0079574566334486,0.39227375388145447,0.12058252841234207,0.28501674107137176,0.9307178854942322,0.18940717908764745,0.2951682150614333,0.2
25,n01531178/ILSVRC2012_val_00002668,supervised,resnet18_imagenet,gradcam,predicted,backbone.layer1,2,2,2,0.4845532178878784,0.5086923241615295,0.2152855708462493,0.3675395453938804,0.1513817459344864,0.19824053347110748,0.25881949067115784,0.3890747129917145,0.2100805165815908,0.9851540923118591,0.3686688220271903,0.4630730191675687,0.2
26,n01531178/ILSVRC2012_val_00004243,supervised,resnet18_imagenet,gradcam,predicted,backbone.layer1,2,2,2,0.036177996546030045,0.43898871541023254,0.2632009266197021,0.33756583219079606,0.14320576190948486,0.1727668046951294,0.24552975594997406,0.23003138601779938,0.16950334821425195,0.994491696357727,0.19470122626156147,0.3120277429473941,0.2
27,n01531178/ILSVRC2012_val_00004893,supervised,resnet18_imagenet,gradcam,predicted,backbone.layer1,2,2,2,0.35641419887542725,0.4834524393081665,0.06721342383100752,0.09013867488435079,0.041538070887327194,0.03903631120920181,0.04621436819434166,0.040684767067432404,0.02560985331632143,0.9620524048805237,0.1897713091647784,0.30839085501731767,0.2
28,n01531178/ILSVRC2012_val_00005287,supervised,resnet18_imagenet,gradcam,predicted,backbone.layer1,2,2,2,0.036529291421175,0.2572987675666809,0.2452002194183914,0.07673658690836052,0.14555513858795166,0.047596316784620285,0.2905203104019165,0.15290911495685577,0.20717075892853015,0.9836440682411194,0.11119275846649557,0.24081606381526716,0.2
29,n01531178/ILSVRC2012_val_00010409,supervised,resnet18_imagenet,gradcam,predicted,backbone.layer1,2,42,42,0.26883241534233093,0.07879237085580826,0.007327944398272019,0.0657485650510073,0.035443712025880814,0.0011897129006683826,0.04420379176735878,0.00493856705725193,0.0657485650510073,0.9908872842788696,0.12945591897171618,0.2609935653739661,0.2
30,n01531178/ILSVRC2012_val_00015903,supervised,resnet18_imagenet,gradcam,predicted,backbone.layer1,2,2,2,0.20424997806549072,0.42010587453842163,0.3398723234470409,0.31238194489655935,0.16972528398036957,0.19196288287639618,0.3143056035041809,0.24641567468643188,0.20157047193873534,0.965283989906311,0.27737627172927637,0.3793436578947684,0.2
31,n01531178/ILSVRC2012_val_00016252,supervised,resnet18_imagenet,gradcam,predicted,backbone.layer1,2,2,2,0.36587607860565186,0.38775864243507385,0.07799578401161181,0.05289832119096222,0.0658794492483139,0.047704294323921204,0.08508089184761047,0.06676506251096725,0.064991230867334,0.9267017841339111,0.18561866300303298,0.2997854214327083,0.2
16,n01491361/ILSVRC2012_val_00013484,supervised,resnet18_imagenet,gradcam,predicted,backbone.layer2,1,1,1,-0.21137817203998566,0.21615135669708252,0.19641104724510658,0.28395185556655766,0.14144626259803772,0.14461500942707062,0.2785095274448395,0.5114631652832031,0.31024792729585654,0.9897659420967102,0.059557602027505,0.1945732568034276,0.2
17,n01491361/ILSVRC2012_val_00015631,supervised,resnet18_imagenet,gradcam,predicted,backbone.layer2,1,1,1,-0.06221524626016617,0.16902711987495422,0.03461243819205055,0.1460084843809132,0.04834216460585594,0.08458521217107773,0.07093068212270737,0.20679587125778198,0.0960817920918176,0.9903451204299927,0.029300178267822656,0.17193166251668168,0.2
18,n01491361/ILSVRC2012_val_00019531,supervised,resnet18_imagenet,gradcam,predicted,backbone.layer2,1,1,1,-0.031034475192427635,0.13341037929058075,0.11100756617628281,0.20047950131858058,0.2563188970088959,0.06315043568611145,0.7026858925819397,0.8350518345832825,0.7979312818875961,0.9191417694091797,0.08103233017148795,0.20488096596774313,0.2
19,n01491361/ILSVRC2012_val_00025640,supervised,resnet18_imagenet,gradcam,predicted,backbone.layer2,1,1,1,0.08380185067653656,0.41135403513908386,0.15538594470041608,0.24383740039060994,0.2538701295852661,0.1533232480287552,0.6456854939460754,0.6187567114830017,0.5994897959182479,0.9345905780792236,0.15328774379792243,0.26932507072142786,0.2
20,n01491361/ILSVRC2012_val_00030926,supervised,resnet18_imagenet,gradcam,predicted,backbone.layer2,1,1,1,0.008020171895623207,0.3002035319805145,0.1632161342137655,0.20271267761573392,0.10769736021757126,0.183965802192688,0.5507014989852905,0.5728573799133301,0.5793606505100887,0.8736844658851624,0.1129867123070991,0.22534193300361732,0.2
21,n01491361/ILSVRC2012_val_00032130,supervised,resnet18_imagenet,gradcam,predicted,backbone.layer2,1,1,1,0.1801738440990448,0.4560544788837433,0.21057061100812963,0.061236535340090874,0.17214258015155792,0.07447966933250427,0.2812516689300537,0.14767485857009888,0.23001036352036233,0.9382064342498779,0.15361168154408406,0.2717435971592025,0.2
22,n01491361/ILSVRC2012_val_00034038,supervised,resnet18_imagenet,gradcam,predicted,backbone.layer2,1,1,1,0.13071531057357788,0.10592051595449448,0.26603746806679957,0.31068175139559895,0.15566766262054443,0.09902828931808472,0.2116662710905075,0.4778761565685272,0.15557238520405064,0.4397279918193817,0.2253018900681507,0.25588936233925913,0.2
23,n01491361/ILSVRC2012_val_00034413,supervised,resnet18_imagenet,gradcam,predicted,backbone.layer2,1,1,1,0.06092321500182152,0.10678963363170624,0.09401438240265755,0.10364324958654524,0.10698950290679932,0.04687126353383064,0.16992460191249847,0.2631208598613739,0.21235251913261075,0.917127788066864,0.08366657559748944,0.2083067014579678,0.2
24,n01491361/ILSVRC2012_val_00037780,supervised,resnet18_imagenet,gradcam,predicted,backbone.layer2,1,1,1,-0.1876768320798874,0.10110411792993546,0.4454739843190511,0.1451157538113377,0.25477585196495056,0.046047668904066086,0.3760758936405182,0.2578253149986267,0.28501674107137176,-0.006127525586634874,0.10210618860716167,0.08104141446664138,0.2
25,n01531178/ILSVRC2012_val_00002668,supervised,resnet18_imagenet,gradcam,predicted,backbone.layer2,2,2,2,0.03569519892334938,0.36635062098503113,0.15706011359154412,0.28111574621737057,0.14981134235858917,0.17511340975761414,0.23432785272598267,0.3680238127708435,0.2100805165815908,0.9634438157081604,0.14573083751201416,0.26655385693162503,0.2
26,n01531178/ILSVRC2012_val_00004243,supervised,resnet18_imagenet,gradcam,predicted,backbone.layer2,2,2,2,-0.16028432548046112,0.309684693813324,0.23773282595618014,0.032754010695168916,0.146066814661026,0.03331013396382332,0.1957865059375763,0.07225227355957031,0.16950334821425195,0.9875445365905762,0.017032320803220265,0.15965387573326228,0.2
27,n01531178/ILSVRC2012_val_00004893,supervised,resnet18_imagenet,gradcam,predicted,backbone.layer2,2,2,2,0.11261900514364243,0.4881780445575714,0.10256160514259027,0.0435103244837357,0.06006845459342003,0.031028060242533684,0.06307553499937057,0.03289025276899338,0.02560985331632143,0.93028324842453,0.08886918094535477,0.21547712147053583,0.2
28,n01531178/ILSVRC2012_val_00005287,supervised,resnet18_imagenet,gradcam,predicted,backbone.layer2,2,2,2,0.07048536837100983,0.39647865295410156,0.32053519488053744,0.13873251212299273,0.17379485070705414,0.10055607557296753,0.31613460183143616,0.1968512088060379,0.20717075892853015,0.9414372444152832,0.16597445944946299,0.28070239234302846,0.2
29,n01531178/ILSVRC2012_val_00010409,supervised,resnet18_imagenet,gradcam,predicted,backbone.layer2,2,42,42,0.1422673910856247,0.4233928620815277,0.006719516798786923,0.06868638294456304,0.029035357758402824,0.05496372655034065,0.03742269054055214,0.0734255388379097,0.0657485650510073,0.993339478969574,0.07952872635725487,0.21764598366124221,0.2
30,n01531178/ILSVRC2012_val_00015903,supervised,resnet18_imagenet,gradcam,predicted,backbone.layer2,2,2,2,0.06070730462670326,0.43244776129722595,0.338981924508015,0.12119525902836725,0.17933061718940735,0.12145079672336578,0.3054446280002594,0.20155954360961914,0.20157047193873534,0.9680688977241516,0.162336076911596,0.28150218716206443,0.2
31,n01531178/ILSVRC2012_val_00016252,supervised,resnet18_imagenet,gradcam,predicted,backbone.layer2,2,2,2,0.007033161353319883,0.38442060351371765,0.06104859947325748,0.07079004590475091,0.05590825900435448,0.05671875178813934,0.06506102532148361,0.06867271661758423,0.064991230867334,0.6542506814002991,0.04236485815473047,0.13355887002820893,0.2
16,n01491361/ILSVRC2012_val_00013484,supervised,resnet18_imagenet,gradcam,predicted,backbone.layer3,1,1,1,0.10767147690057755,0.2156272530555725,0.38470690028099463,0.3896759485423711,0.25081372261047363,0.22455544769763947,0.3986673951148987,0.6884083151817322,0.31024792729585654,0.9918691515922546,0.2753834454072407,0.38006110185988173,0.2
17,n01491361/ILSVRC2012_val_00015631,supervised,resnet18_imagenet,gradcam,predicted,backbone.layer3,1,1,1,0.2866054177284241,0.37267550826072693,0.2406881576747614,0.20643170375165953,0.12683123350143433,0.14600884914398193,0.1664789766073227,0.19317753612995148,0.0960817920918176,0.976076066493988,0.24877812551929593,0.35850327153565187,0.2
18,n01491361/ILSVRC2012_val_00019531,supervised,resnet18_imagenet,gradcam,predicted,backbone.layer3,1,1,1,0.19362488389015198,0.12569300830364227,0.12261507073512486,0.19182157903501493,0.2883550226688385,0.056728847324848175,0.7303127646446228,0.8502963781356812,0.7979312818875961,0.9938166737556458,0.17178094848710274,0.295450372867435,0.2
19,n01491361/ILSVRC2012_val_00025640,supervised,resnet18_imagenet,gradcam,predicted,backbone.layer3,1,1,1,-0.23626388609409332,0.21736909449100494,0.15956063014881933,0.30885183855906917,0.11703036725521088,0.2595904767513275,0.469816654920578,0.8399861454963684,0.5994897959182479,0.9967557191848755,0.04601818617472921,0.1839241149217708,0.2
20,n01491361/ILSVRC2012_val_00030926,supervised,resnet18_imagenet,gradcam,predicted,backbone.layer3,1,1,1,-0.37148672342300415,0.27882492542266846,0.18077782474781667,0.1852154937260759,0.2433290034532547,0.1848914623260498,0.5348473787307739,0.49547067284584045,0.5793606505100887,0.9387272596359253,-0.038796693827033914,0.1022870653658105,0.2
21,n01491361/ILSVRC2012_val_00032130,supervised,resnet18_imagenet,gradcam,predicted,backbone.layer3,1,1,1,0.31324175000190735,0.311982125043869,0.6186046511623265,0.31681415929184203,0.3396362066268921,0.23088298738002777,0.4625062644481659,0.46482113003730774,0.23001036352036233,0.9709298610687256,0.40592234313701353,0.48912879427451855,0.2
22,n01491361/ILSVRC2012_val_00034038,supervised,resnet18_imagenet,gradcam,predicted,backbone.layer3,1,1,1,0.2931492030620575,0.18186426162719727,0.2995119819358296,0.539742815223492,0.21435855329036713,0.3320186138153076,0.24775686860084534,0.7338185906410217,0.15557238520405064,0.893459141254425,0.36903612037261946,0.44643479154971427,0.2
23,n01491361/ILSVRC2012_val_00034413,supervised,resnet18_imagenet,gradcam,predicted,backbone.layer3,1,1,1,0.2846170961856842,0.1846231073141098,0.0074009153763718956,0.1622851365014255,0.07645115256309509,0.06465798616409302,0.12172528356313705,0.2598930597305298,0.21235251913261075,0.9751455187797546,0.1647526540376129,0.288309324451402,0.2
24,n01491361/ILSVRC2012_val_00037780,supervised,resnet18_imagenet,gradcam,predicted,backbone.layer3,1,1,1,0.43567758798599243,0.14033062756061554,0.34067871308927905,0.351849794467086,0.30972835421562195,0.13304473459720612,0.4213615953922272,0.7444325089454651,0.28501674107137176,0.9145503640174866,0.3820295874613065,0.46280183728681157,0.2
25,n01531178/ILSVRC2012_val_00002668,supervised,resnet18_imagenet,gradcam,predicted,backbone.layer3,2,2,2,-0.1514015942811966,0.1679536998271942,0.4148387540394589,0.053882401147278276,0.20418670773506165,0.0264314953237772,0.35690781474113464,0.10324214398860931,0.2100805165815908,0.9844520688056946,0.08005570884354252,0.2118575411191197,0.2
26,n01531178/ILSVRC2012_val_00004243,supervised,resnet18_imagenet,gradcam,predicted,backbone.layer3,2,2,2,0.053269244730472565,0.45586612820625305,0.41526717557220205,0.11171073934154122,0.20872174203395844,0.12669681012630463,0.27822914719581604,0.18879179656505585,0.16950334821425195,0.9161108732223511,0.179401072366312,0.28780534536745384,0.2
27,n01531178/ILSVRC2012_val_00004893,supervised,resnet18_imagenet,gradcam,predicted,backbone.layer3,2,2,2,-0.10857970267534256,0.119717538356781,0.12798804780863746,0.0,0.19722597301006317,0.0,0.22753839194774628,0.0,0.02560985331632143,0.996730625629425,-0.00503546672754579,0.14350370986020322,0.2
28,n01531178/ILSVRC2012_val_00005287,supervised,resnet18_imagenet,gradcam,predicted,backbone.layer3,2,2,2,-0.04094115272164345,0.18608596920967102,0.5039375873993494,0.21607142857129993,0.25757482647895813,0.12349720299243927,0.414760023355484,0.3980133533477783,0.20717075892853015,0.9734163284301758,0.1996262437025374,0.31168529980461346,0.2
29,n01531178/ILSVRC2012_val_00010409,supervised,resnet18_imagenet,gradcam,predicted,backbone.layer3,2,42,42,-0.1282542645931244,0.17926286160945892,0.041230673121941876,0.006947590998333373,0.046271320432424545,0.007000541780143976,0.056944023817777634,0.012730974704027176,0.0657485650510073,0.988481879234314,-0.03684822660116718,0.11542785530762237,0.2
30,n01531178/ILSVRC2012_val_00015903,supervised,resnet18_imagenet,gradcam,predicted,backbone.layer3,2,2,2,0.14757013320922852,0.18000462651252747,0.5521491295635863,0.2688916876572614,0.24461796879768372,0.12393070012331009,0.3794638216495514,0.4872656762599945,0.20157047193873534,0.9648098349571228,0.3053402984499457,0.4016312261720103,0.2
31,n01531178/ILSVRC2012_val_00016252,supervised,resnet18_imagenet,gradcam,predicted,backbone.layer3,2,2,2,-0.07452752441167831,0.2717271149158478,0.319702233250303,0.020932372335515308,0.22323089838027954,0.035694267600774765,0.274530291557312,0.04518848657608032,0.064991230867334,0.9882057905197144,0.07237937191107417,0.2073048864303243,0.2
16,n01491361/ILSVRC2012_val_00013484,supervised,resnet18_imagenet,gradcam,predicted,backbone.layer4,1,1,1,0.3007282316684723,0.5179222822189331,0.24784325193729695,0.3729086229084229,0.22313250601291656,0.37626123428344727,0.3353344798088074,0.5007115006446838,0.31024792729585654,0.9940720796585083,0.3065168551211049,0.4095536617441715,0.2
17,n01491361/ILSVRC2012_val_00015631,supervised,resnet18_imagenet,gradcam,predicted,backbone.layer4,1,1,1,0.4355340898036957,0.6149210333824158,0.32247441032459057,0.4547591069325746,0.15694685280323029,0.18364585936069489,0.16908995807170868,0.19011516869068146,0.0960817920918176,0.9867079854011536,0.4073836910986278,0.4947515085557578,0.2
18,n01491361/ILSVRC2012_val_00019531,supervised,resnet18_imagenet,gradcam,predicted,backbone.layer4,1,1,1,0.22526906430721283,0.48008298873901367,0.18622110647968307,0.250643155081487,0.3101526200771332,0.4368351101875305,0.8056896924972534,0.9033152461051941,0.7979312818875961,0.9936816692352295,0.22116690419123614,0.3371124882831014,0.2
19,n01491361/ILSVRC2012_val_00025640,supervised,resnet18_imagenet,gradcam,predicted,backbone.layer4,1,1,1,0.5959870219230652,0.5422747731208801,0.30520768955524663,0.3336103723403146,0.2971037030220032,0.4431900978088379,0.6363261938095093,0.863085150718689,0.5994897959182479,0.9974964261054993,0.4300402273378945,0.517924437062788,0.2
20,n01491361/ILSVRC2012_val_00030926,supervised,resnet18_imagenet,gradcam,predicted,backbone.layer4,1,1,1,0.3974486291408539,0.5410864949226379,0.23332387170018187,0.34520123838997413,0.29769283533096313,0.43046027421951294,0.6056404113769531,0.7906587719917297,0.5793606505100887,0.927723228931427,0.3325369846833883,0.4228967820615519,0.2
21,n01491361/ILSVRC2012_val_00032130,supervised,resnet18_imagenet,gradcam,predicted,backbone.layer4,1,1,1,0.49593818187713623,0.5341967940330505,0.46020573903596357,0.4103804418875602,0.27643540501594543,0.33952680230140686,0.3494986295700073,0.44360989332199097,0.23001036352036233,0.9956195950508118,0.45955112702791157,0.5405678481455004,0.2
22,n01491361/ILSVRC2012_val_00034038,supervised,resnet18_imagenet,gradcam,predicted,backbone.layer4,1,1,1,0.41613495349884033,0.5468544363975525,0.3559051527585074,0.47776029155928285,0.2103767693042755,0.2917495667934418,0.23885782063007355,0.31618741154670715,0.15557238520405064,0.9859843254089355,0.41655361469487323,0.501961243615382,0.2
23,n01491361/ILSVRC2012_val_00034413,supervised,resnet18_imagenet,gradcam,predicted,backbone.layer4,1,1,1,0.13452592492103577,0.49141502380371094,0.2314743170048024,0.3519341348664715,0.19660571217536926,0.28806227445602417,0.2433716207742691,0.32554712891578674,0.21235251913261075,0.9952166080474854,0.22883290552979646,0.34221867789730376,0.2
24,n01491361/ILSVRC2012_val_00037780,supervised,resnet18_imagenet,gradcam,predicted,backbone.layer4,1,1,1,0.4744536876678467,0.5802907943725586,0.30320231337672526,0.4242406507868998,0.25847354531288147,0.3971976339817047,0.3422006666660309,0.5036113858222961,0.28501674107137176,0.9912429451942444,0.4080143643162262,0.49660597350378927,0.2
25,n01531178/ILSVRC2012_val_00002668,supervised,resnet18_imagenet,gradcam,predicted,backbone.layer4,2,2,2,0.43519893288612366,0.5311664342880249,0.34527623406319363,0.3899540912770794,0.21907342970371246,0.31185421347618103,0.2925221025943756,0.3770703077316284,0.2100805165815908,0.9946148991584778,0.3946486707565314,0.4853194427189832,0.2
26,n01531178/ILSVRC2012_val_00004243,supervised,resnet18_imagenet,gradcam,predicted,backbone.layer4,2,2,2,0.3633039593696594,0.5120732188224792,0.4447214647444918,0.5435850470397605,0.2401609569787979,0.2990591526031494,0.28857430815696716,0.33766764402389526,0.16950334821425195,0.9945175051689148,0.44181353728313943,0.5234106395007811,0.2
27,n01531178/ILSVRC2012_val_00004893,supervised,resnet18_imagenet,gradcam,predicted,backbone.layer4,2,2,2,0.6764819025993347,0.5129902958869934,0.12801354851551303,0.12805181863465065,0.06405220180749893,0.08266478776931763,0.06569857150316238,0.08440015465021133,0.02560985331632143,0.9987021088600159,0.34741237118478296,0.4505903240263104,0.2
28,n01531178/ILSVRC2012_val_00005287,supervised,resnet18_imagenet,gradcam,predicted,backbone.layer4,2,2,2,0.38172855973243713,0.5274524092674255,0.37537840565060515,0.515353805073049,0.24630500376224518,0.3461993634700775,0.3062286078929901,0.3997785151004791,0.20717075892853015,0.9987239241600037,0.4199110871100711,0.506096637211267,0.2
29,n01531178/ILSVRC2012_val_00010409,supervised,resnet18_imagenet,gradcam,predicted,backbone.layer4,2,42,42,0.6702250242233276,0.5620120167732239,0.009234029669989983,0.001577405543452582,0.04489445686340332,0.04485902935266495,0.05195683613419533,0.05402181297540665,0.0657485650510073,0.9649633169174194,0.2713334402533638,0.3820261148191382,0.2
30,n01531178/ILSVRC2012_val_00015903,supervised,resnet18_imagenet,gradcam,predicted,backbone.layer4,2,2,2,0.7167412042617798,0.48669329285621643,0.5330594232667328,0.5471857482910641,0.25722718238830566,0.3944113552570343,0.3476106822490692,0.5075331330299377,0.20157047193873534,0.9933045506477356,0.6107700331720509,0.6699163969782325,0.2
31,n01531178/ILSVRC2012_val_00016252,supervised,resnet18_imagenet,gradcam,predicted,backbone.layer4,2,2,2,0.5469211339950562,0.5379273891448975,0.2955209347611533,0.31214842593475556,0.14120937883853912,0.15248654782772064,0.1520293951034546,0.15893182158470154,0.064991230867334,0.9709522724151611,0.4010692618067951,0.48898257793452105,0.2
32,n01531178/ILSVRC2012_val_00019236,supervised,resnet18_imagenet,gradcam,predicted,backbone.layer1,2,2,2,0.12228734791278839,0.47392505407333374,0.17379599162418558,0.18793896827307582,0.13035809993743896,0.1484302431344986,0.2250373363494873,0.24254681169986725,0.19102758290812522,0.9886263608932495,0.15743542713429376,0.2815282658777787,0.2
33,n01531178/ILSVRC2012_val_00019744,supervised,resnet18_imagenet,gradcam,predicted,backbone.layer1,2,2,2,0.06146188825368881,0.4383610486984253,0.25784341435821234,0.10764731503944518,0.14923891425132751,0.10358449071645737,0.2276097983121872,0.13990230858325958,0.15477519132649978,0.9933397173881531,0.13423197412077278,0.2618853008464284,0.2
34,n01531178/ILSVRC2012_val_00025507,supervised,resnet18_imagenet,gradcam,predicted,backbone.layer1,2,2,2,0.4066857099533081,0.4625656008720398,0.15868449258184764,0.3138032493281861,0.12818728387355804,0.19061316549777985,0.22549530863761902,0.3663976490497589,0.20936304209179502,0.9930629134178162,0.3044206065543334,0.4094213709738387,0.2
35,n01531178/ILSVRC2012_val_00030071,supervised,resnet18_imagenet,gradcam,predicted,backbone.layer1,2,2,2,0.11922425776720047,0.4762588441371918,0.20137394471097386,0.1205033194379184,0.12237300723791122,0.07782252132892609,0.16503562033176422,0.09532833099365234,0.0892857142856965,0.8502674698829651,0.14425288235154787,0.24973792673818798,0.2
36,n01531178/ILSVRC2012_val_00031086,supervised,resnet18_imagenet,gradcam,predicted,backbone.layer1,2,2,2,0.11557002365589142,0.316170334815979,0.21143799835014335,0.17087430241816975,0.13586100935935974,0.13261806964874268,0.2096102237701416,0.2717593312263489,0.1512476084183372,0.9914821982383728,0.1609216996928505,0.2847499132073962,0.2
37,n01531178/ILSVRC2012_val_00034250,supervised,resnet18_imagenet,gradcam,predicted,backbone.layer1,2,2,2,0.04190989211201668,0.005603946279734373,0.16613539359221668,0.2301698022958725,0.1502632349729538,0.0008120617130771279,0.24921058118343353,0.09470023214817047,0.2301698022958725,0.9457307457923889,0.13565551561123343,0.2556043730800865,0.2
38,n01531178/ILSVRC2012_val_00037611,supervised,resnet18_imagenet,gradcam,predicted,backbone.layer1,2,2,2,-0.27397993206977844,0.29307907819747925,0.21821237096885795,0.01500100006666111,0.11161874979734421,0.024202225729823112,0.16864949464797974,0.031435441225767136,0.10341597576528552,0.9937673807144165,-0.03962796151725567,0.1114754736416198,0.2
39,n01531178/ILSVRC2012_val_00044706,supervised,resnet18_imagenet,gradcam,predicted,backbone.layer1,2,2,2,0.5021385550498962,0.5465356111526489,0.1237613470999073,0.17787623474711078,0.08354303985834122,0.11916311830282211,0.13039803504943848,0.1854284256696701,0.12320631377548566,0.9994006156921387,0.2913466965740639,0.40106798208303895,0.2
40,n01644373/ILSVRC2012_val_00000944,supervised,resnet18_imagenet,gradcam,predicted,backbone.layer1,3,3,3,-0.36391681432724,0.2125648409128189,0.42908244623521563,0.14610120282035596,0.26212888956069946,0.06900401413440704,0.5760784149169922,0.39214250445365906,0.4608577806121531,0.9964298009872437,0.02698836898577548,0.16588949739744543,0.2
41,n01644373/ILSVRC2012_val_00001739,supervised,resnet18_imagenet,gradcam,predicted,backbone.layer1,3,3,3,0.008994553238153458,0.5429738163948059,0.15637650100345055,0.23122057225634507,0.15257428586483002,0.2673019468784332,0.4100019037723541,0.5275606513023376,0.4774992028060273,0.9890621900558472,0.11987694327320007,0.24840669045667968,0.2
42,n01644373/ILSVRC2012_val_00003846,supervised,resnet18_imagenet,gradcam,predicted,backbone.layer1,3,3,3,0.0027964685577899218,0.34327787160873413,0.1937679942417845,0.31992572205447495,0.1369037926197052,0.32277488708496094,0.5753562450408936,0.798949658870697,0.5933115433672287,0.7195289731025696,0.1552267023119938,0.2373315390346768,0.2
43,n01644373/ILSVRC2012_val_00007574,supervised,resnet18_imagenet,gradcam,predicted,backbone.layer1,3,3,3,0.07356026768684387,0.4312971830368042,0.1364555256064033,0.07606416917324033,0.12364210933446884,0.15016135573387146,0.2746790945529938,0.2272827923297882,0.2705676020407624,0.9176760315895081,0.09318001550863064,0.2165274221237325,0.2
44,n01644373/ILSVRC2012_val_00015245,supervised,resnet18_imagenet,gradcam,predicted,backbone.layer1,3,3,3,0.5123933553695679,0.38437655568122864,0.026158831540869693,0.028283683938054364,0.09073930978775024,0.0338459350168705,0.14814451336860657,0.08437125384807587,0.23547114158158575,0.9577442407608032,0.22129009679150438,0.3366099393632003,0.2
45,n01644373/ILSVRC2012_val_00016177,supervised,resnet18_imagenet,gradcam,predicted,backbone.layer1,3,3,3,0.1482498049736023,0.3557431995868683,0.19039435868561216,0.2592302388264717,0.1743387132883072,0.15811815857887268,0.5461543202400208,0.7298980355262756,0.6007254464284517,0.945850670337677,0.1941873012430661,0.30617118166943336,0.2
46,n01644373/ILSVRC2012_val_00017505,supervised,resnet18_imagenet,gradcam,predicted,backbone.layer1,3,3,3,0.14693431556224823,0.2704068124294281,0.21991636983102064,0.033724821205935486,0.10776235908269882,0.08052455633878708,0.18086202442646027,0.09208692610263824,0.11397879464283443,0.9820771813392639,0.13486608353598611,0.2621488854069155,0.2
47,n01644373/ILSVRC2012_val_00020943,supervised,resnet18_imagenet,gradcam,predicted,backbone.layer1,3,3,3,0.11249367147684097,0.056632526218891144,0.07408311872833806,0.10280139499895084,0.2879519760608673,0.02590285614132881,0.6466599106788635,0.7125287055969238,0.7642299107141335,0.9471315145492554,0.09806282270892305,0.2256636406311049,0.2
32,n01531178/ILSVRC2012_val_00019236,supervised,resnet18_imagenet,gradcam,predicted,backbone.layer2,2,2,2,0.06850925087928772,0.5055336356163025,0.15201691033987902,0.2135832250880104,0.13616934418678284,0.15784305334091187,0.20889976620674133,0.2435215264558792,0.19102758290812522,0.7646834254264832,0.13708374098008191,0.23008078547869554,0.2
33,n01531178/ILSVRC2012_val_00019744,supervised,resnet18_imagenet,gradcam,predicted,backbone.layer2,2,2,2,-0.10826799273490906,0.4952409267425537,0.21516827087158497,0.10764731503944518,0.12741880118846893,0.10647615045309067,0.17624175548553467,0.15752466022968292,0.15477519132649978,0.9782851934432983,0.05353747867934541,0.1895528780370341,0.2
34,n01531178/ILSVRC2012_val_00025507,supervised,resnet18_imagenet,gradcam,predicted,backbone.layer2,2,2,2,0.1815304011106491,0.4828300476074219,0.17599908393440053,0.1790367946729929,0.14233341813087463,0.14188964664936066,0.2268376499414444,0.25085216760635376,0.20936304209179502,0.9935111999511719,0.17912292402647767,0.3013212900332513,0.2
35,n01531178/ILSVRC2012_val_00030071,supervised,resnet18_imagenet,gradcam,predicted,backbone.layer2,2,2,2,0.2055887132883072,0.5080140233039856,0.02848437610711508,0.17387788111591274,0.057906657457351685,0.12103309482336044,0.07128063589334488,0.14899492263793945,0.0892857142856965,0.9640608429908752,0.1429441624822312,0.26715574040529577,0.2
36,n01531178/ILSVRC2012_val_00031086,supervised,resnet18_imagenet,gradcam,predicted,backbone.layer2,2,2,2,-0.014641166664659977,0.4213261902332306,0.3445224290506984,0.15476346481447073,0.1898396611213684,0.10204322636127472,0.2578754127025604,0.17591702938079834,0.1512476084183372,0.9788047671318054,0.14392930149368674,0.2665177802034321,0.2
37,n01531178/ILSVRC2012_val_00034250,supervised,resnet18_imagenet,gradcam,predicted,backbone.layer2,2,2,2,-0.004235020838677883,0.3558991551399231,0.06978588421883931,0.2918362461094734,0.1458020657300949,0.2273970991373062,0.22241126000881195,0.4256577789783478,0.2301698022958725,0.9775397181510925,0.10679263076302266,0.23555423301120482,0.2
38,n01531178/ILSVRC2012_val_00037611,supervised,resnet18_imagenet,gradcam,predicted,backbone.layer2,2,2,2,0.06544866412878036,0.33185696601867676,0.3808616780041897,0.1334971334970341,0.1619928926229477,0.08642751723527908,0.18848899006843567,0.14745007455348969,0.10341597576528552,0.9952403903007507,0.1804871091018793,0.30078279386549167,0.2
39,n01531178/ILSVRC2012_val_00044706,supervised,resnet18_imagenet,gradcam,predicted,backbone.layer2,2,2,2,0.09950201958417892,0.21005389094352722,0.22809541840194766,0.09065841684034524,0.12550055980682373,0.05044275522232056,0.15929719805717468,0.1307338923215866,0.12320631377548566,0.9990499019622803,0.13542695840635943,0.26437165095937787,0.2
40,n01644373/ILSVRC2012_val_00000944,supervised,resnet18_imagenet,gradcam,predicted,backbone.layer2,3,3,3,0.03803262487053871,0.2654832899570465,0.3569733180551821,0.22416657437138696,0.2608949840068817,0.14171166718006134,0.5967777371406555,0.5841097235679626,0.4608577806121531,0.9952960014343262,0.1895550176761862,0.30789079202647973,0.2
41,n01644373/ILSVRC2012_val_00001739,supervised,resnet18_imagenet,gradcam,predicted,backbone.layer2,3,3,3,0.1664380133152008,0.3787611424922943,0.16052164413486258,0.31393011750142474,0.22736258804798126,0.2363947331905365,0.43813982605934143,0.7323204278945923,0.4774992028060273,0.8965202569961548,0.2089107338169665,0.31134428361881533,0.2
42,n01644373/ILSVRC2012_val_00003846,supervised,resnet18_imagenet,gradcam,predicted,backbone.layer2,3,3,3,0.12141595780849457,0.3302607536315918,0.24733642516913784,0.31813365123507575,0.16571354866027832,0.18138742446899414,0.6483912467956543,0.8799399137496948,0.5933115433672287,0.9653084874153137,0.2182074060446619,0.32865937744632356,0.2
43,n01644373/ILSVRC2012_val_00007574,supervised,resnet18_imagenet,gradcam,predicted,backbone.layer2,3,3,3,-0.060264792293310165,0.3219510316848755,0.10146482552710324,0.09497750776789177,0.09828817844390869,0.06740482896566391,0.2466229945421219,0.21131834387779236,0.2705676020407624,0.9655063152313232,0.03482678307117443,0.17284385330578866,0.2
44,n01644373/ILSVRC2012_val_00015245,supervised,resnet18_imagenet,gradcam,predicted,backbone.layer2,3,3,3,0.3929674029350281,0.43366655707359314,0.0507838799653502,0.18821034313981824,0.1262008100748062,0.16163940727710724,0.18721313774585724,0.30443480610847473,0.23547114158158575,0.9190666079521179,0.22888522810556178,0.33514713799636964,0.2
45,n01644373/ILSVRC2012_val_00016177,supervised,resnet18_imagenet,gradcam,predicted,backbone.layer2,3,3,3,0.20256157219409943,0.3371005654335022,0.1310026459494086,0.2851704945300092,0.15064404904842377,0.18100707232952118,0.5159485936164856,0.8408242464065552,0.6007254464284517,0.9006013870239258,0.20587657102146512,0.3100300434413781,0.2
46,n01644373/ILSVRC2012_val_00017505,supervised,resnet18_imagenet,gradcam,predicted,backbone.layer2,3,3,3,-0.17100539803504944,0.2788864076137543,0.2480988593153928,0.04656879027433297,0.15255743265151978,0.04060620814561844,0.17978903651237488,0.06960570812225342,0.11397879464283443,0.9806855320930481,0.019998135662897952,0.16091785289912133,0.2
47,n01644373/ILSVRC2012_val_00020943,supervised,resnet18_imagenet,gradcam,predicted,backbone.layer2,3,3,3,0.18641412258148193,0.4344046711921692,0.1108508977361182,0.156278380574505,0.25841963291168213,0.15079228579998016,0.7024310827255249,0.6707389950752258,0.7642299107141335,0.9653385877609253,0.15470443252577973,0.27682805064531324,0.2
32,n01531178/ILSVRC2012_val_00019236,supervised,resnet18_imagenet,gradcam,predicted,backbone.layer3,2,2,2,0.11656776070594788,0.22939248383045197,0.4989685995870586,0.40230131503687655,0.2010553479194641,0.2797485888004303,0.39835473895072937,0.5215943455696106,0.19102758290812522,0.9912719130516052,0.31700807866955966,0.41480698186080633,0.2
33,n01531178/ILSVRC2012_val_00019744,supervised,resnet18_imagenet,gradcam,predicted,backbone.layer3,2,2,2,0.31578007340431213,0.386257529258728,0.30630366184757735,0.3666794625716954,0.14618802070617676,0.20527935028076172,0.27676892280578613,0.25389567017555237,0.15477519132649978,0.9981650114059448,0.3282069666875067,0.42849355850721915,0.2
34,n01531178/ILSVRC2012_val_00025507,supervised,resnet18_imagenet,gradcam,predicted,backbone.layer3,2,2,2,-0.3423573076725006,0.27276676893234253,0.3664183076101873,0.09296014473469219,0.19683656096458435,0.11478244513273239,0.3693292438983917,0.18623670935630798,0.20936304209179502,0.9978734254837036,0.000870612634463603,0.1447005692234002,0.2
35,n01531178/ILSVRC2012_val_00030071,supervised,resnet18_imagenet,gradcam,predicted,backbone.layer3,2,2,2,0.3573264181613922,0.3011391758918762,0.36508981472739105,0.3184088638631201,0.21088126301765442,0.20164614915847778,0.2698019742965698,0.289812833070755,0.0892857142856965,0.98740154504776,0.34798017084171023,0.44404914776127913,0.2
36,n01531178/ILSVRC2012_val_00031086,supervised,resnet18_imagenet,gradcam,predicted,backbone.layer3,2,2,2,0.19103221595287323,0.38477012515068054,0.5424470505859071,0.13025075354317306,0.255730539560318,0.09949331730604172,0.3262214958667755,0.19559063017368317,0.1512476084183372,0.26512205600738525,0.27822222761987336,0.27480403501688344,0.2
37,n01531178/ILSVRC2012_val_00034250,supervised,resnet18_imagenet,gradcam,predicted,backbone.layer3,2,2,2,-0.09136474877595901,0.29728537797927856,0.3377130461727067,0.23069905348373207,0.22211173176765442,0.20591238141059875,0.41587722301483154,0.3374331295490265,0.2301698022958725,0.9329580068588257,0.13397773038654803,0.25006906387134786,0.2
38,n01531178/ILSVRC2012_val_00037611,supervised,resnet18_imagenet,gradcam,predicted,backbone.layer3,2,2,2,0.29441213607788086,0.1658499389886856,0.4072841560358594,0.21753039027493798,0.19650356471538544,0.12687648832798004,0.26262083649635315,0.3509376645088196,0.10341597576528552,0.9921872615814209,0.3052092183243915,0.4080759734421708,0.2
39,n01531178/ILSVRC2012_val_00044706,supervised,resnet18_imagenet,gradcam,predicted,backbone.layer3,2,2,2,-0.28813472390174866,0.20683130621910095,0.47642024763248686,0.010845851773352337,0.23002701997756958,0.010725930333137512,0.31456297636032104,0.023522794246673584,0.12320631377548566,0.9995221495628357,0.030925940261052276,0.17089769392027315,0.2
40,n01644373/ILSVRC2012_val_00000944,supervised,resnet18_imagenet,gradcam,predicted,backbone.layer3,3,3,3,0.525222659111023,0.4017316997051239,0.29355543418885327,0.28844510062930745,0.21308043599128723,0.18011325597763062,0.559352695941925,0.7122980356216431,0.4608577806121531,0.99422687292099,0.3846892240898574,0.4784620953315467,0.2
41,n01644373/ILSVRC2012_val_00001739,supervised,resnet18_imagenet,gradcam,predicted,backbone.layer3,3,3,3,0.40525078773498535,0.3111489415168762,0.12858138840007682,0.37488372093008093,0.2004878669977188,0.2031695693731308,0.4359555244445801,0.8830042481422424,0.4774992028060273,0.9713466167449951,0.3131398478930415,0.41340604555153354,0.2
42,n01644373/ILSVRC2012_val_00003846,supervised,resnet18_imagenet,gradcam,predicted,backbone.layer3,3,3,3,-0.19387927651405334,0.17212505638599396,0.20460597990551854,0.33354551241236435,0.13285954296588898,0.1849057972431183,0.6237397193908691,0.9416702389717102,0.5933115433672287,0.9495790600776672,0.08389373708974351,0.20911698531120212,0.2
43,n01644373/ILSVRC2012_val_00007574,supervised,resnet18_imagenet,gradcam,predicted,backbone.layer3,3,3,3,-0.0947909876704216,0.14559245109558105,0.12059800664446103,0.07001722106404876,0.13313879072666168,0.028704723343253136,0.26930487155914307,0.15859222412109375,0.2705676020407624,0.9834703207015991,0.01926817324438429,0.16199750934771975,0.2
44,n01644373/ILSVRC2012_val_00015245,supervised,resnet18_imagenet,gradcam,predicted,backbone.layer3,3,3,3,0.1677495688199997,0.08768077939748764,0.24572405929290436,0.4413374662003288,0.23273764550685883,0.10199186205863953,0.35034698247909546,0.8363230228424072,0.23547114158158575,0.9367927312850952,0.2732182851759698,0.37099664015307243,0.2
45,n01644373/ILSVRC2012_val_00016177,supervised,resnet18_imagenet,gradcam,predicted,backbone.layer3,3,3,3,-0.15714816749095917,0.12257114797830582,0.16922718808188747,0.3301003012346221,0.2027491182088852,0.12252794206142426,0.5072286128997803,0.9915705919265747,0.6007254464284517,0.9601844549179077,0.0869389797985692,0.21385768194497784,0.2
46,n01644373/ILSVRC2012_val_00017505,supervised,resnet18_imagenet,gradcam,predicted,backbone.layer3,3,3,3,0.05177701264619827,0.21441081166267395,0.4154537286609025,0.18977495846534528,0.21788150072097778,0.13315238058567047,0.28689301013946533,0.2343588024377823,0.11397879464283443,0.9888051748275757,0.20227941119635365,0.3177499024318677,0.2
47,n01644373/ILSVRC2012_val_00020943,supervised,resnet18_imagenet,gradcam,predicted,backbone.layer3,3,3,3,0.14303366839885712,0.23325200378894806,0.0915059221658,0.15184629669305721,0.19450931251049042,0.06991443037986755,0.6650723218917847,0.6384236812591553,0.7642299107141335,0.9851011037826538,0.1302191330172,0.25866500422171235,0.2
32,n01531178/ILSVRC2012_val_00019236,supervised,resnet18_imagenet,gradcam,predicted,backbone.layer4,2,2,2,0.3717598021030426,0.5171747803688049,0.39581851799146933,0.5325730354627929,0.24520713090896606,0.33416908979415894,0.2938099503517151,0.3735150694847107,0.19102758290812522,0.9949964284896851,0.42722138687749567,0.5114632833730832,0.2
33,n01531178/ILSVRC2012_val_00019744,supervised,resnet18_imagenet,gradcam,predicted,backbone.layer4,2,2,2,0.4239034354686737,0.5292633771896362,0.36846901579558894,0.4241939355145018,0.21582815051078796,0.267864853143692,0.25485485792160034,0.29837068915367126,0.15477519132649978,0.9971959590911865,0.4073602595804967,0.4961113341052364,0.2
34,n01531178/ILSVRC2012_val_00025507,supervised,resnet18_imagenet,gradcam,predicted,backbone.layer4,2,2,2,0.40869423747062683,0.549275279045105,0.44698837618848397,0.5842653297334482,0.2683796286582947,0.33071109652519226,0.33050382137298584,0.3737841248512268,0.20936304209179502,0.998127818107605,0.4728538067648304,0.5505755823113432,0.2
35,n01531178/ILSVRC2012_val_00030071,supervised,resnet18_imagenet,gradcam,predicted,backbone.layer4,2,2,2,0.11003115773200989,0.4751094579696655,0.14275596128107124,0.2222128662847573,0.10008808970451355,0.14815156161785126,0.11392109841108322,0.1607634425163269,0.0892857142856965,0.9697206020355225,0.1535031113625525,0.27521120240298896,0.2
36,n01531178/ILSVRC2012_val_00031086,supervised,resnet18_imagenet,gradcam,predicted,backbone.layer4,2,2,2,0.5912073850631714,0.5085707902908325,0.4396739569038498,0.3627443405699121,0.21800559759140015,0.29515376687049866,0.2598205804824829,0.3568519055843353,0.1512476084183372,0.9311729669570923,0.47720844326739714,0.5472031041841143,0.2
37,n01531178/ILSVRC2012_val_00034250,supervised,resnet18_imagenet,gradcam,predicted,backbone.layer4,2,2,2,0.3472771644592285,0.5235512256622314,0.3861608575644225,0.4935990588883166,0.24223467707633972,0.35085180401802063,0.32539889216423035,0.4199039340019226,0.2301698022958725,0.9572945237159729,0.40283884071951315,0.4850811652313107,0.2
38,n01531178/ILSVRC2012_val_00037611,supervised,resnet18_imagenet,gradcam,predicted,backbone.layer4,2,2,2,0.5909459590911865,0.5392665266990662,0.3762877281760561,0.4010675501560822,0.1876153200864792,0.24835151433944702,0.20393747091293335,0.2663068175315857,0.10341597576528552,0.9984481930732727,0.4695849671361161,0.5509371342259408,0.2
39,n01531178/ILSVRC2012_val_00044706,supervised,resnet18_imagenet,gradcam,predicted,backbone.layer4,2,2,2,0.47059473395347595,0.5495259165763855,0.381361702127335,0.4372950456435014,0.19709347188472748,0.23711441457271576,0.22433790564537048,0.2563503384590149,0.12320631377548566,0.9998945593833923,0.4338349179126413,0.5193565277339345,0.2
40,n01644373/ILSVRC2012_val_00000944,supervised,resnet18_imagenet,gradcam,predicted,backbone.layer4,3,3,3,0.39493614435195923,0.55375736951828,0.2576989684510738,0.4242944890681567,0.2722108066082001,0.45832186937332153,0.5074347257614136,0.6923918128013611,0.4608577806121531,0.9969397187232971,0.36257249499655286,0.45826697271148786,0.2
41,n01644373/ILSVRC2012_val_00001739,supervised,resnet18_imagenet,gradcam,predicted,backbone.layer4,3,3,3,0.17446671426296234,0.5500612258911133,0.17332045133012203,0.3070593663486977,0.2673994302749634,0.4125595688819885,0.46573981642723083,0.6350592970848083,0.4774992028060273,0.9943587183952332,0.21390063100883083,0.33031211217102674,0.2
42,n01644373/ILSVRC2012_val_00003846,supervised,resnet18_imagenet,gradcam,predicted,backbone.layer4,3,3,3,0.008046447299420834,0.5273421406745911,0.13211035267345503,0.3370843130667326,0.3366188406944275,0.5305016040802002,0.5745596885681152,0.821696400642395,0.5933115433672287,0.9737454056739807,0.14397697864182463,0.2661767338409413,0.2
43,n01644373/ILSVRC2012_val_00007574,supervised,resnet18_imagenet,gradcam,predicted,backbone.layer4,3,3,3,0.06917901337146759,0.5120418667793274,0.382764475147601,0.17391736687705767,0.2822982966899872,0.26152023673057556,0.39201170206069946,0.31353241205215454,0.2705676020407624,0.9480575323104858,0.1946761579559846,0.3055917450327512,0.2
44,n01644373/ILSVRC2012_val_00015245,supervised,resnet18_imagenet,gradcam,predicted,backbone.layer4,3,3,3,0.6458081007003784,0.5515952706336975,0.5227541988985136,0.5626117428301776,0.2559346854686737,0.3764033913612366,0.36045143008232117,0.5041112899780273,0.23547114158158575,0.995689868927002,0.5839330227987587,0.6467278010163555,0.2
45,n01644373/ILSVRC2012_val_00016177,supervised,resnet18_imagenet,gradcam,predicted,backbone.layer4,3,3,3,0.30065640807151794,0.521281898021698,0.15800242060971761,0.3244000527425091,0.26534056663513184,0.43395599722862244,0.5674430727958679,0.8153492212295532,0.6007254464284517,0.9774313569068909,0.2649833052342752,0.3724450646991216,0.2
46,n01644373/ILSVRC2012_val_00017505,supervised,resnet18_imagenet,gradcam,predicted,backbone.layer4,3,3,3,0.6717163920402527,0.570385754108429,0.4766144905797388,0.4895990922839546,0.21199998259544373,0.27862972021102905,0.23498497903347015,0.3024854362010956,0.11397879464283443,0.9969726204872131,0.5585506316752091,0.6262000260030938,0.2
47,n01644373/ILSVRC2012_val_00020943,supervised,resnet18_imagenet,gradcam,predicted,backbone.layer4,3,3,3,0.21751821041107178,0.6057980060577393,0.22023254054321165,0.26169613519004287,0.37926390767097473,0.446414977312088,0.7982195615768433,0.8593313694000244,0.7642299107141335,0.9620987176895142,0.23158588688440507,0.34092835023061585,0.2
48,n01644373/ILSVRC2012_val_00025717,supervised,resnet18_imagenet,gradcam,predicted,backbone.layer1,3,3,3,0.20495861768722534,0.5295050144195557,0.2531944258936587,0.08919243121925118,0.175672248005867,0.14415301382541656,0.39624324440956116,0.26738241314888,0.3609893176019689,0.98494952917099,0.1846995042087631,0.30507465984440485,0.2
49,n01644373/ILSVRC2012_val_00028225,supervised,resnet18_imagenet,gradcam,predicted,backbone.layer1,3,3,3,0.22536610066890717,0.049710534512996674,0.2509733453128176,0.2162388392856712,0.17788031697273254,0.0197735708206892,0.26968762278556824,0.2960704565048218,0.2162388392856712,0.8778228163719177,0.23031009564710953,0.32735460383952736,0.2
50,n01644373/ILSVRC2012_val_00028673,supervised,resnet18_imagenet,gradcam,predicted,backbone.layer1,3,0,0,0.1855289191007614,0.4669235944747925,0.25792012515742124,0.09519485433216224,0.23451673984527588,0.12824440002441406,0.4411889612674713,0.34774404764175415,0.3768933354591086,0.9967041015625,0.18014606148717963,0.30271948179203734,0.2
51,n01644373/ILSVRC2012_val_00030622,supervised,resnet18_imagenet,gradcam,predicted,backbone.layer1,3,3,3,0.4456217885017395,0.5137481093406677,0.06342537014801691,0.018394328415393502,0.08454518020153046,0.06532100588083267,0.1176576316356659,0.07961089164018631,0.1177853954081398,0.8960545659065247,0.20279462496971892,0.3108307355024401,0.2
52,n01644373/ILSVRC2012_val_00032104,supervised,resnet18_imagenet,gradcam,predicted,backbone.layer1,3,3,3,0.1182030439376831,0.5592959523200989,0.1339752320019846,0.24901447758581927,0.17565061151981354,0.26387766003608704,0.48094308376312256,0.586453914642334,0.513552295918265,0.9489752054214478,0.1621781304514144,0.2794647735883572,0.2
53,n01644373/ILSVRC2012_val_00036066,supervised,resnet18_imagenet,gradcam,predicted,backbone.layer1,3,3,3,0.39646947383880615,0.43054601550102234,0.09886572654810834,0.12010624525688138,0.2793201804161072,0.15020184218883514,0.7071642875671387,0.6703575849533081,0.8001434948977998,0.9705750942230225,0.2242793810770194,0.3390935729282829,0.2
54,n01644373/ILSVRC2012_val_00043303,supervised,resnet18_imagenet,gradcam,predicted,backbone.layer1,3,3,3,0.12878508865833282,0.4046548902988434,0.07606106061936287,0.11849949555157432,0.05241326987743378,0.06802576035261154,0.06279607862234116,0.07303982228040695,0.04304846938774653,0.3695398271083832,0.10988220231461429,0.14914589413940824,0.2
55,n01644373/ILSVRC2012_val_00044855,supervised,resnet18_imagenet,gradcam,predicted,backbone.layer1,3,8,8,-0.11391480267047882,0.27913084626197815,0.4158684667015492,0.02088204905105178,0.19160296022891998,0.019313734024763107,0.3292805850505829,0.04908318445086479,0.17414700255098572,0.9858273863792419,0.08545923365758876,0.21719155596036896,0.2
56,n02104029/ILSVRC2012_val_00006336,supervised,resnet18_imagenet,gradcam,predicted,backbone.layer1,4,4,4,0.20396992564201355,0.4225302040576935,0.19161917532680936,0.2279824965453183,0.18575038015842438,0.23219196498394012,0.8624523878097534,0.9641885161399841,0.8626434948977874,0.9696255922317505,0.20746847181844372,0.3217337307774992,0.2
57,n02104029/ILSVRC2012_val_00011746,supervised,resnet18_imagenet,gradcam,predicted,backbone.layer1,4,4,4,0.29500439763069153,0.3278231620788574,0.17243307037693495,0.176892380595974,0.12251978367567062,0.11645407974720001,0.2117949277162552,0.2874327301979065,0.17617984693874042,0.9862274527549744,0.22279939434414928,0.33851701982721544,0.2
58,n02104029/ILSVRC2012_val_00012318,supervised,resnet18_imagenet,gradcam,predicted,backbone.layer1,4,4,4,0.4156586527824402,0.4007672965526581,0.08830702092154784,0.1037131048846029,0.09674983471632004,0.07525590807199478,0.38332659006118774,0.359218567609787,0.4759446747448031,0.9767289161682129,0.22386949885482127,0.3399948973506237,0.2
59,n02104029/ILSVRC2012_val_00021642,supervised,resnet18_imagenet,gradcam,predicted,backbone.layer1,4,4,4,0.38788795471191406,0.3485720157623291,0.11615016376917481,0.18401710543893357,0.14062118530273438,0.09961996972560883,0.4561671316623688,0.5162221789360046,0.5063177614794909,0.9957165122032166,0.2452053626471981,0.3601600782816795,0.2
60,n02104029/ILSVRC2012_val_00024533,supervised,resnet18_imagenet,gradcam,predicted,backbone.layer1,4,4,4,0.10421376675367355,0.34828466176986694,0.17982927242914246,0.23159540881053037,0.17424526810646057,0.13421355187892914,0.6350440979003906,0.7665516138076782,0.6318757971937516,0.9944198131561279,0.16511291107337128,0.2884939606471232,0.2
61,n02104029/ILSVRC2012_val_00024981,supervised,resnet18_imagenet,gradcam,predicted,backbone.layer1,4,10,10,0.009740954264998436,0.5080328583717346,0.04799208377995547,0.018104622286294877,0.046793363988399506,0.028515363112092018,0.05545954778790474,0.033326081931591034,0.053292410714275096,0.9817638993263245,0.02372539352587448,0.1671980954082607,0.2
62,n02104029/ILSVRC2012_val_00025006,supervised,resnet18_imagenet,gradcam,predicted,backbone.layer1,4,4,4,0.10737209022045135,0.46253469586372375,0.08804387326965277,0.21797337278098447,0.15327242016792297,0.2432471513748169,0.39012962579727173,0.5281474590301514,0.45637356505092946,0.9811320900917053,0.13475400990337172,0.2612543566035731,0.2
63,n02104029/ILSVRC2012_val_00027086,supervised,resnet18_imagenet,gradcam,predicted,backbone.layer1,4,4,4,0.15066218376159668,0.18154381215572357,0.18998010786863198,0.2074870983851741,0.12870831787586212,0.044931165874004364,0.9405419826507568,0.9963834285736084,0.9564732142855237,0.9907165765762329,0.1795050353807805,0.3007060523664453,0.2
48,n01644373/ILSVRC2012_val_00025717,supervised,resnet18_imagenet,gradcam,predicted,backbone.layer2,3,3,3,-0.0856122300028801,0.31537026166915894,0.16704672664697248,0.04955442037359724,0.1684497445821762,0.04999532178044319,0.35492050647735596,0.16733255982398987,0.3609893176019689,0.9786326289176941,0.030735452105018872,0.1709809005917885,0.2
49,n01644373/ILSVRC2012_val_00028225,supervised,resnet18_imagenet,gradcam,predicted,backbone.layer2,3,3,3,0.24690349400043488,0.10653103142976761,0.09294049924114661,0.2162388392856712,0.11333911120891571,0.050038471817970276,0.2039278745651245,0.3627040684223175,0.2162388392856712,0.9504787921905518,0.1915151991582193,0.3062828763604394,0.2
50,n01644373/ILSVRC2012_val_00028673,supervised,resnet18_imagenet,gradcam,predicted,backbone.layer2,3,0,0,0.41716793179512024,0.3756599426269531,0.28988994341207064,0.4838279768309581,0.22894445061683655,0.23148959875106812,0.4583726227283478,0.7527204751968384,0.3768933354591086,0.9986182451248169,0.39898254879095674,0.48923099295777184,0.2
51,n01644373/ILSVRC2012_val_00030622,supervised,resnet18_imagenet,gradcam,predicted,backbone.layer2,3,3,3,0.11128263175487518,0.326678603887558,0.054424017987002755,0.09339642048954715,0.09169989824295044,0.06604856252670288,0.11343121528625488,0.11027485877275467,0.1177853954081398,0.8702883720397949,0.08885918424491505,0.20644728653931302,0.2
52,n01644373/ILSVRC2012_val_00032104,supervised,resnet18_imagenet,gradcam,predicted,backbone.layer2,3,3,3,-0.11559192091226578,0.32611554861068726,0.1295390730983596,0.30921124803440625,0.19372773170471191,0.2587854862213135,0.484512060880661,0.7846220135688782,0.513552295918265,0.888412594795227,0.08538832797492343,0.2024922971831825,0.2
53,n01644373/ILSVRC2012_val_00036066,supervised,resnet18_imagenet,gradcam,predicted,backbone.layer2,3,3,3,0.23880229890346527,0.44049376249313354,0.161616629244656,0.21226688568938734,0.284756600856781,0.2076047658920288,0.7447524070739746,0.86269611120224,0.8001434948977998,0.9655227661132812,0.2076859740415991,0.3218800982667159,0.2
54,n01644373/ILSVRC2012_val_00043303,supervised,resnet18_imagenet,gradcam,predicted,backbone.layer2,3,3,3,0.03525931388139725,0.2163141518831253,0.044092465753386906,0.0449832919201054,0.04011711850762367,0.03768039122223854,0.04708404093980789,0.057162877172231674,0.04304846938774653,0.9902040958404541,0.040826452854606586,0.1831403136529302,0.2
55,n01644373/ILSVRC2012_val_00044855,supervised,resnet18_imagenet,gradcam,predicted,backbone.layer2,3,8,8,0.07952393591403961,0.33553799986839294,0.40938438438407704,0.06272289838660473,0.21745726466178894,0.05182534083724022,0.3022356331348419,0.1320227086544037,0.17414700255098572,0.977186918258667,0.17344175919682037,0.29243823600138436,0.2
56,n02104029/ILSVRC2012_val_00006336,supervised,resnet18_imagenet,gradcam,predicted,backbone.layer2,4,4,4,0.10451061278581619,0.3859691917896271,0.166462480857544,0.2306751298326069,0.20081570744514465,0.23106610774993896,0.8165084719657898,0.9801636934280396,0.8626434948977874,0.9805546402931213,0.16094552832137174,0.28294631319154157,0.2
57,n02104029/ILSVRC2012_val_00011746,supervised,resnet18_imagenet,gradcam,predicted,backbone.layer2,4,4,4,-0.08011101186275482,0.3494453728199005,0.16225369458118086,0.14923283000478005,0.13379625976085663,0.11907948553562164,0.19991087913513184,0.24034784734249115,0.17617984693874042,0.9878339767456055,0.06140155263068634,0.19800787350636687,0.2
58,n02104029/ILSVRC2012_val_00012318,supervised,resnet18_imagenet,gradcam,predicted,backbone.layer2,4,4,4,-0.16074137389659882,0.26803454756736755,0.11900755551152495,0.1778719266564183,0.17691950500011444,0.11239548772573471,0.4194428324699402,0.5179259777069092,0.4759446747448031,0.9722493886947632,0.02476729509174344,0.1637977979823907,0.2
59,n02104029/ILSVRC2012_val_00021642,supervised,resnet18_imagenet,gradcam,predicted,backbone.layer2,4,4,4,-0.09632804244756699,0.3453785479068756,0.16540611640902156,0.18062495835825818,0.21905674040317535,0.15788055956363678,0.5159593820571899,0.5472386479377747,0.5063177614794909,0.9877153038978577,0.06527810545115711,0.20095024941985012,0.2
60,n02104029/ILSVRC2012_val_00024533,supervised,resnet18_imagenet,gradcam,predicted,backbone.layer2,4,4,4,0.06430013477802277,0.36246228218078613,0.195474724330461,0.28537554275851157,0.18361656367778778,0.23969033360481262,0.6647539138793945,0.8725364804267883,0.6318757971937516,0.9730868339538574,0.16997513403790088,0.28868063903762975,0.2
61,n02104029/ILSVRC2012_val_00024981,supervised,resnet18_imagenet,gradcam,predicted,backbone.layer2,4,10,10,0.02016979642212391,0.5049350261688232,0.0005510943158553368,0.002998264162850719,0.03149575740098953,0.0190877802670002,0.03559800237417221,0.021818634122610092,0.053292410714275096,0.9506747126579285,0.00913272611246138,0.15054797526610916,0.2
62,n02104029/ILSVRC2012_val_00025006,supervised,resnet18_imagenet,gradcam,predicted,backbone.layer2,4,4,4,-0.25023353099823,0.17410001158714294,0.04711942006866109,0.34397061824103486,0.15444670617580414,0.14683164656162262,0.3166262209415436,0.7900411486625671,0.45637356505092946,0.9692496061325073,0.017233599093616797,0.1555782146479196,0.2
63,n02104029/ILSVRC2012_val_00027086,supervised,resnet18_imagenet,gradcam,predicted,backbone.layer2,4,4,4,-0.060042042285203934,0.2638031542301178,0.19222945902073263,0.20909734955821616,0.18652328848838806,0.10626750439405441,0.9546056389808655,0.999582827091217,0.9564732142855237,0.9891172051429749,0.09638122565960305,0.22768456811636203,0.2
48,n01644373/ILSVRC2012_val_00025717,supervised,resnet18_imagenet,gradcam,predicted,backbone.layer3,3,3,3,0.018497157841920853,0.3574717044830322,0.13550365081280588,0.10418954966259839,0.21005423367023468,0.11444251239299774,0.351097047328949,0.29611754417419434,0.3609893176019689,0.9805276393890381,0.07930682327938962,0.2134764512718791,0.2
49,n01644373/ILSVRC2012_val_00028225,supervised,resnet18_imagenet,gradcam,predicted,backbone.layer3,3,3,3,0.22262351214885712,0.21688824892044067,0.27107297182139184,0.3294080203689819,0.20106230676174164,0.13314658403396606,0.29835566878318787,0.4562914967536926,0.2162388392856712,0.8989078998565674,0.269193702516655,0.36287466227817855,0.2
50,n01644373/ILSVRC2012_val_00028673,supervised,resnet18_imagenet,gradcam,predicted,backbone.layer3,3,0,0,0.2225719541311264,0.3167785704135895,0.24600748999171537,0.39913976415986896,0.25972896814346313,0.2720126807689667,0.45613840222358704,0.7380375862121582,0.3768933354591086,0.782267153263092,0.28257295789792586,0.35652707047325416,0.2
51,n01644373/ILSVRC2012_val_00030622,supervised,resnet18_imagenet,gradcam,predicted,backbone.layer3,3,3,3,0.046152789145708084,0.3347654640674591,0.2132856490639071,0.0636381829097034,0.15092967450618744,0.07383773475885391,0.23190803825855255,0.12336836010217667,0.1177853954081398,0.8798331022262573,0.10153826525036637,0.21735939952833905,0.2
52,n01644373/ILSVRC2012_val_00032104,supervised,resnet18_imagenet,gradcam,predicted,backbone.layer3,3,3,3,0.09544827789068222,0.25960156321525574,0.09559656048223765,0.3425957175534021,0.1185726448893547,0.2590225040912628,0.40406638383865356,0.8424472808837891,0.513552295918265,0.9944020509719849,0.1696369945669648,0.29211527441644647,0.2
53,n01644373/ILSVRC2012_val_00036066,supervised,resnet18_imagenet,gradcam,predicted,backbone.layer3,3,3,3,0.022860335186123848,0.1928061991930008,0.13734022300785576,0.2425840637844197,0.27252259850502014,0.12029129266738892,0.7051698565483093,0.9682290554046631,0.8001434948977998,0.9691483378410339,0.12312142011213217,0.2483544396893673,0.2
54,n01644373/ILSVRC2012_val_00043303,supervised,resnet18_imagenet,gradcam,predicted,backbone.layer3,3,3,3,-0.17783218622207642,0.1506148874759674,0.14798079638506262,0.0,0.08389078825712204,0.0,0.09326548129320145,0.0,0.04304846938774653,0.9628798365592957,-0.02673863557331179,0.11918590940243325,0.2
55,n01644373/ILSVRC2012_val_00044855,supervised,resnet18_imagenet,gradcam,predicted,backbone.layer3,3,8,8,-0.015975698828697205,0.42862045764923096,0.1912557903419054,0.007567625590378076,0.17495030164718628,0.05280625447630882,0.24510620534420013,0.08508464694023132,0.17414700255098572,0.8241767883300781,0.05325674524820616,0.16774087764253856,0.2
56,n02104029/ILSVRC2012_val_00006336,supervised,resnet18_imagenet,gradcam,predicted,backbone.layer3,4,4,4,-0.09466038644313812,0.3947185277938843,0.19444880037630896,0.2194446985636677,0.22300522029399872,0.3038685917854309,0.8590433597564697,0.919827401638031,0.8626434948977874,0.9932779669761658,0.08630389510473774,0.2193339345263207,0.2
57,n02104029/ILSVRC2012_val_00011746,supervised,resnet18_imagenet,gradcam,predicted,backbone.layer3,4,4,4,0.20855297148227692,0.2658872902393341,0.36045841141677926,0.2922771463780006,0.22443780303001404,0.1928790658712387,0.27714723348617554,0.3971414268016815,0.17617984693874042,0.9750605821609497,0.27924185593134476,0.3824365167916344,0.2
58,n02104029/ILSVRC2012_val_00012318,supervised,resnet18_imagenet,gradcam,predicted,backbone.layer3,4,4,4,-0.09864146262407303,0.21257825195789337,0.22577613936165897,0.2538262476893701,0.21095848083496094,0.11554132401943207,0.5099721550941467,0.6620941162109375,0.4759446747448031,0.9322456121444702,0.10442413106567952,0.22521292666600223,0.2
59,n02104029/ILSVRC2012_val_00021642,supervised,resnet18_imagenet,gradcam,predicted,backbone.layer3,4,4,4,-0.12182825058698654,0.2846302092075348,0.26004408732124723,0.21013453527275486,0.32862135767936707,0.1652810126543045,0.5846846699714661,0.6057047843933105,0.5063177614794909,0.9950966835021973,0.092322286543406,0.2241692704683848,0.2
60,n02104029/ILSVRC2012_val_00024533,supervised,resnet18_imagenet,gradcam,predicted,backbone.layer3,4,4,4,0.6956452131271362,0.3894675374031067,0.219505069097432,0.30986003891285074,0.15683770179748535,0.12403442710638046,0.7057894468307495,0.9570223093032837,0.6318757971937516,0.996614933013916,0.4370676176539393,0.5253093415491558,0.2
61,n02104029/ILSVRC2012_val_00024981,supervised,resnet18_imagenet,gradcam,predicted,backbone.layer3,4,10,10,0.1033192127943039,0.3963361382484436,0.01615095546492672,0.03544076910539723,0.0334981344640255,0.046252939850091934,0.03967057168483734,0.05133652687072754,0.053292410714275096,0.9849252104759216,0.05680520248881874,0.1967984371919756,0.2
62,n02104029/ILSVRC2012_val_00025006,supervised,resnet18_imagenet,gradcam,predicted,backbone.layer3,4,4,4,-0.21412137150764465,0.15653805434703827,0.0977999999999674,0.385994444911882,0.14716549217700958,0.18611085414886475,0.379496306180954,0.9120388627052307,0.45637356505092946,0.9590629935264587,0.05948978487049694,0.18986558022925554,0.2
63,n02104029/ILSVRC2012_val_00027086,supervised,resnet18_imagenet,gradcam,predicted,backbone.layer3,4,4,4,0.10880491882562637,0.1722990870475769,0.20909734955821616,0.20819105521774628,0.23684577643871307,0.06167440488934517,0.9868831038475037,0.9963535666465759,0.9564732142855237,0.9943961501121521,0.16870848896303928,0.2915632452997826,0.2
48,n01644373/ILSVRC2012_val_00025717,supervised,resnet18_imagenet,gradcam,predicted,backbone.layer4,3,3,3,0.3084135055541992,0.553717851638794,0.3380234824355478,0.39360332706189044,0.29659438133239746,0.3381568491458893,0.4366357922554016,0.5341126918792725,0.3609893176019689,0.9861903786659241,0.34285344507091114,0.4387799861182179,0.2
49,n01644373/ILSVRC2012_val_00028225,supervised,resnet18_imagenet,gradcam,predicted,backbone.layer4,3,3,3,0.2961583435535431,0.49618294835090637,0.40148973292148604,0.540191740412581,0.25258341431617737,0.3773859143257141,0.3082735538482666,0.41983991861343384,0.2162388392856712,0.9928218722343445,0.4009677794216373,0.4879990694124085,0.2
50,n01644373/ILSVRC2012_val_00028673,supervised,resnet18_imagenet,gradcam,predicted,backbone.layer4,3,0,0,0.12307290732860565,0.4913256764411926,0.18161407519280662,0.2838641000619694,0.20191669464111328,0.3609640300273895,0.3608558177947998,0.4987340569496155,0.3768933354591086,0.9965372085571289,0.18887261550787504,0.3089256426622753,0.2
51,n01644373/ILSVRC2012_val_00030622,supervised,resnet18_imagenet,gradcam,predicted,backbone.layer4,3,3,3,0.4990723133087158,0.5441727638244629,0.50306170513377,0.4549685190250433,0.21755199134349823,0.2579810619354248,0.23866602778434753,0.2805756628513336,0.1177853954081398,0.9765376448631287,0.48703799257113034,0.5606635124272231,0.2
52,n01644373/ILSVRC2012_val_00032104,supervised,resnet18_imagenet,gradcam,predicted,backbone.layer4,3,3,3,0.1565680205821991,0.5697334408760071,0.16981378208258494,0.3617417760029048,0.330645889043808,0.46767619252204895,0.5170131921768188,0.7102982997894287,0.513552295918265,0.9936303496360779,0.22209387565852656,0.3367322491705538,0.2
53,n01644373/ILSVRC2012_val_00036066,supervised,resnet18_imagenet,gradcam,predicted,backbone.layer4,3,3,3,0.516506552696228,0.5966572165489197,0.1804154023474748,0.24995018431796107,0.3297516405582428,0.38044217228889465,0.8018916845321655,0.9107462167739868,0.8001434948977998,0.9596517086029053,0.335712297078122,0.4323164464004745,0.2
54,n01644373/ILSVRC2012_val_00043303,supervised,resnet18_imagenet,gradcam,predicted,backbone.layer4,3,3,3,0.15805786848068237,0.4428689479827881,0.05342193837917198,0.057859125607167015,0.04516847804188728,0.0659206435084343,0.04759831726551056,0.06991805881261826,0.04304846938774653,0.8882771134376526,0.09660746658817465,0.21638208698047146,0.2
55,n01644373/ILSVRC2012_val_00044855,supervised,resnet18_imagenet,gradcam,predicted,backbone.layer4,3,8,8,0.5642759203910828,0.573991596698761,0.3139778928219435,0.34650695739467324,0.17178034782409668,0.2436707615852356,0.2285861223936081,0.28813934326171875,0.17414700255098572,0.9951922297477722,0.4238558232214181,0.5118966191531991,0.2
56,n02104029/ILSVRC2012_val_00006336,supervised,resnet18_imagenet,gradcam,predicted,backbone.layer4,4,4,4,0.2224985957145691,0.5261023044586182,0.22308115795746594,0.23184086498469833,0.35169076919555664,0.49051859974861145,0.8698095679283142,0.9470533132553101,0.8626434948977874,0.9948665499687195,0.2254760451684769,0.3408349967309482,0.2
57,n02104029/ILSVRC2012_val_00011746,supervised,resnet18_imagenet,gradcam,predicted,backbone.layer4,4,4,4,0.27553150057792664,0.5197847485542297,0.3616039232652808,0.48962197143043984,0.21902061998844147,0.3169567286968231,0.2518235445022583,0.3442747890949249,0.17617984693874042,0.997787356376648,0.36558036863988685,0.45891060233270164,0.2
58,n02104029/ILSVRC2012_val_00012318,supervised,resnet18_imagenet,gradcam,predicted,backbone.layer4,4,4,4,0.22317767143249512,0.5068812966346741,0.16393836439130927,0.3014581734457784,0.23761886358261108,0.40468254685401917,0.45927920937538147,0.6607120037078857,0.4759446747448031,0.9024742245674133,0.22889002992412436,0.3298324531457572,0.2
59,n02104029/ILSVRC2012_val_00021642,supervised,resnet18_imagenet,gradcam,predicted,backbone.layer4,4,4,4,-0.012519202195107937,0.5071721076965332,0.20634488392667766,0.2871826535429168,0.2887876033782959,0.4280283451080322,0.5361006855964661,0.6411681175231934,0.5063177614794909,0.9848207831382751,0.14305058036283516,0.2667232810698521,0.2
60,n02104029/ILSVRC2012_val_00024533,supervised,resnet18_imagenet,gradcam,predicted,backbone.layer4,4,4,4,-0.1363930106163025,0.5012049674987793,0.09628209840883888,0.2886693423895373,0.2970958948135376,0.5526144504547119,0.5582408905029297,0.7961340546607971,0.6318757971937516,0.9818190932273865,0.06092822799299185,0.19577317046799614,0.2
61,n02104029/ILSVRC2012_val_00024981,supervised,resnet18_imagenet,gradcam,predicted,backbone.layer4,4,10,10,0.7474247217178345,0.5236679315567017,0.21570690644708654,0.22994290138369305,0.10392794013023376,0.16670653223991394,0.11021426320075989,0.17880527675151825,0.053292410714275096,0.9494766592979431,0.4326648310363677,0.5154326034536284,0.2
62,n02104029/ILSVRC2012_val_00025006,supervised,resnet18_imagenet,gradcam,predicted,backbone.layer4,4,4,4,0.5344796180725098,0.5611019730567932,0.316201742466503,0.3388893405966587,0.31966254115104675,0.3598324954509735,0.5719447731971741,0.6753085255622864,0.45637356505092946,0.995170533657074,0.4103191721479524,0.5001162171397299,0.2
63,n02104029/ILSVRC2012_val_00027086,supervised,resnet18_imagenet,gradcam,predicted,backbone.layer4,4,4,4,0.16600750386714935,0.59684157371521,0.15729956122852867,0.20909734955821616,0.4238377511501312,0.5213161110877991,0.9193511009216309,0.9949508309364319,0.9564732142855237,0.9927083253860474,0.1763220747828832,0.2986081028580956,0.2
64,n02104029/ILSVRC2012_val_00028605,supervised,resnet18_imagenet,gradcam,predicted,backbone.layer1,4,4,4,-0.005289199762046337,0.0022887089289724827,0.1515361615460625,0.3296197385203425,0.14958615601062775,0.0016915661981329322,0.33230432868003845,0.6719676852226257,0.3296197385203425,0.9946864247322083,0.14223109011510296,0.2676407188097163,0.2
65,n02104029/ILSVRC2012_val_00030705,supervised,resnet18_imagenet,gradcam,predicted,backbone.layer1,4,14,14,-0.23061798512935638,0.40044108033180237,0.25430745133125177,0.019413503068870464,0.1798168271780014,0.07999400794506073,0.32282084226608276,0.12522217631340027,0.24687101403056305,0.8361384272575378,-0.010130907731705888,0.1131347078933865,0.2
66,n02104029/ILSVRC2012_val_00032043,supervised,resnet18_imagenet,gradcam,predicted,backbone.layer1,4,4,4,0.0038361570332199335,0.18226253986358643,0.1276157976614003,0.18269382599074546,0.14710745215415955,0.08590438961982727,0.2543593645095825,0.3841816484928131,0.2478276466836241,0.9919637441635132,0.0946273499089317,0.2277146224991904,0.2
67,n02104029/ILSVRC2012_val_00036264,supervised,resnet18_imagenet,gradcam,predicted,backbone.layer1,4,4,4,0.684739351272583,0.41721048951148987,0.2011904417925392,0.2581943645772652,0.16919730603694916,0.12907403707504272,0.6632803082466125,0.8254839777946472,0.628527582908038,0.9816888570785522,0.4117111824199745,0.501758303099638,0.2
68,n02104029/ILSVRC2012_val_00045598,supervised,resnet18_imagenet,gradcam,predicted,backbone.layer1,4,4,4,0.21421705186367035,0.3432367146015167,0.20663528027063166,0.10785803532228823,0.17406748235225677,0.0712893009185791,0.5264338850975037,0.32790607213974,0.4538225446427667,0.988456130027771,0.1800348154233441,0.30186771655468025,0.2
69,n02104029/ILSVRC2012_val_00047356,supervised,resnet18_imagenet,gradcam,predicted,backbone.layer1,4,4,4,0.53273606300354,0.4641357660293579,0.28505360521321993,0.47256850346252777,0.1776389330625534,0.20380865037441254,0.3947749435901642,0.6056523323059082,0.2873286033162693,0.8891693949699402,0.4403810578041404,0.5092385584656669,0.2
70,n02119022/ILSVRC2012_val_00003449,supervised,resnet18_imagenet,gradcam,predicted,backbone.layer1,5,5,5,0.13960100710391998,0.12172798067331314,0.18586417354328622,0.1890987439258758,0.2454342097043991,0.03711166977882385,0.8271166682243347,0.8026183247566223,0.8339245854590175,0.9324236512184143,0.1683292780823166,0.2824646295364246,0.2
71,n02119022/ILSVRC2012_val_00004643,supervised,resnet18_imagenet,gradcam,predicted,backbone.layer1,5,5,5,-0.09539484232664108,0.010242489166557789,0.011448748127538133,0.553591358418257,0.20751389861106873,0.01360243372619152,0.42426514625549316,0.9999999403953552,0.553591358418257,0.9556515216827393,0.1313540950330821,0.2512195600745353,0.2
72,n02119022/ILSVRC2012_val_00006668,supervised,resnet18_imagenet,gradcam,predicted,backbone.layer1,5,5,5,0.1957268863916397,0.40956395864486694,0.31328967046551837,0.3260088518613246,0.186321422457695,0.2139381319284439,0.4248405992984772,0.4840998947620392,0.30753746811218363,0.6126901507377625,0.27008031125470877,0.320232563429449,0.2
73,n02119022/ILSVRC2012_val_00008113,supervised,resnet18_imagenet,gradcam,predicted,backbone.layer1,5,5,5,-0.09432701766490936,0.23681488633155823,0.18715135546814865,0.21065116083794228,0.1530514508485794,0.12256582081317902,0.9064361453056335,0.994778573513031,0.9494180484691986,0.9974246621131897,0.08160994782586353,0.21604987221078292,0.2
74,n02119022/ILSVRC2012_val_00008726,supervised,resnet18_imagenet,gradcam,predicted,backbone.layer1,5,5,5,0.06758903712034225,0.0181086678057909,0.1360994729016975,0.47012515943868183,0.2039841115474701,0.009737317450344563,0.44850894808769226,0.80205237865448,0.47012515943868183,0.7957468628883362,0.20890300455025068,0.29457435051046504,0.2
75,n02119022/ILSVRC2012_val_00009066,supervised,resnet18_imagenet,gradcam,predicted,backbone.layer1,5,5,5,0.2660648226737976,0.17745062708854675,0.20193843859825222,0.43292489365727066,0.12075687944889069,0.1542702615261078,0.30651727318763733,0.7289911508560181,0.24982063137750124,0.9886215329170227,0.2968849287461759,0.4001317509372633,0.2
76,n02119022/ILSVRC2012_val_00016254,supervised,resnet18_imagenet,gradcam,predicted,backbone.layer1,5,5,5,-0.00392378494143486,0.39643189311027527,0.12997623291731283,0.125295857988073,0.09275763481855392,0.08966273814439774,0.14505548775196075,0.1135716661810875,0.1032166772958978,0.9855791926383972,0.0750121132950418,0.21028157689260385,0.2
77,n02119022/ILSVRC2012_val_00018381,supervised,resnet18_imagenet,gradcam,predicted,backbone.layer1,5,5,5,0.18118759989738464,0.554929792881012,0.18685707826210976,0.12577290110435477,0.21272215247154236,0.20510424673557281,0.44191357493400574,0.4060652554035187,0.42775430484685356,0.9516164660453796,0.1662640337688932,0.2843156247125077,0.2
78,n02119022/ILSVRC2012_val_00025140,supervised,resnet18_imagenet,gradcam,predicted,backbone.layer1,5,5,5,0.051255375146865845,0.48976466059684753,0.10149962619283984,0.08952107529684217,0.13203689455986023,0.13611352443695068,0.28245314955711365,0.2338229864835739,0.29918686224483837,0.9028646349906921,0.07780836050565093,0.20112425192242736,0.2
79,n02119022/ILSVRC2012_val_00031470,supervised,resnet18_imagenet,gradcam,predicted,backbone.layer1,5,5,5,0.21332195401191711,0.2332063913345337,0.08552351186241972,0.20768136557593828,0.08859087526798248,0.130514457821846,0.11193057894706726,0.2643600404262543,0.10457190688773427,0.9661027789115906,0.17329024483627425,0.2928793201004991,0.2
64,n02104029/ILSVRC2012_val_00028605,supervised,resnet18_imagenet,gradcam,predicted,backbone.layer2,4,4,4,0.23519417643547058,0.3931623101234436,0.1895255147716251,0.26669526669513954,0.15704412758350372,0.15188457071781158,0.330243319272995,0.4706515073776245,0.3296197385203425,0.9192684888839722,0.23094390501421763,0.3342634304517017,0.2
65,n02104029/ILSVRC2012_val_00030705,supervised,resnet18_imagenet,gradcam,predicted,backbone.layer2,4,14,14,-0.3533209562301636,0.36569133400917053,0.21010308165566943,0.004479684630200027,0.16269029676914215,0.05561625584959984,0.2983817756175995,0.103676937520504,0.24687101403056305,0.19457784295082092,-0.07695355260630461,-0.04082996666646674,0.2
66,n02104029/ILSVRC2012_val_00032043,supervised,resnet18_imagenet,gradcam,predicted,backbone.layer2,4,4,4,-0.2324037402868271,0.10574249923229218,0.02832822296461108,0.2076749435664798,0.12385106086730957,0.07970841228961945,0.20415684580802917,0.408188134431839,0.2478276466836241,0.9882920384407043,-0.022160546155403575,0.1259032882984889,0.2
67,n02104029/ILSVRC2012_val_00036264,supervised,resnet18_imagenet,gradcam,predicted,backbone.layer2,4,4,4,0.6248993873596191,0.3272492289543152,0.20470615509441153,0.26366344458621693,0.15251171588897705,0.10956288874149323,0.6678729057312012,0.8675907254219055,0.628527582908038,0.9626283049583435,0.39047063484803624,0.4802014312397753,0.2
68,n02104029/ILSVRC2012_val_00045598,supervised,resnet18_imagenet,gradcam,predicted,backbone.layer2,4,4,4,0.23825296759605408,0.28076520562171936,0.23800898147090907,0.12607695740221533,0.2795409858226776,0.08468141406774521,0.503480076789856,0.3875288665294647,0.4538225446427667,0.9533888101577759,0.20452696870035894,0.3174183449005664,0.2
69,n02104029/ILSVRC2012_val_00047356,supervised,resnet18_imagenet,gradcam,predicted,backbone.layer2,4,4,4,0.1261029988527298,0.2485184371471405,0.3328972472061418,0.3109586103365264,0.205806165933609,0.16681843996047974,0.3885974586009979,0.5507112145423889,0.2873286033162693,0.9851555228233337,0.24359795680389237,0.3528733424076225,0.2
70,n02119022/ILSVRC2012_val_00003449,supervised,resnet18_imagenet,gradcam,predicted,backbone.layer2,5,5,5,-0.06756319850683212,0.3417704403400421,0.19120112052531718,0.20998250728858078,0.2681245803833008,0.14637325704097748,0.8185678124427795,0.887098491191864,0.8339245854590175,0.9845062494277954,0.09332980894143653,0.22432472489025257,0.2
71,n02119022/ILSVRC2012_val_00004643,supervised,resnet18_imagenet,gradcam,predicted,backbone.layer2,5,5,5,-0.1839786320924759,0.3201151192188263,0.031423895253673916,0.22686567164171742,0.18623457849025726,0.22409901022911072,0.39843979477882385,0.7420812845230103,0.553591358418257,0.9696431159973145,0.003895417231627049,0.14562633789107843,0.2
72,n02119022/ILSVRC2012_val_00006668,supervised,resnet18_imagenet,gradcam,predicted,backbone.layer2,5,5,5,0.023532036691904068,0.5326113700866699,0.3864329268290579,0.17996478546928923,0.24863581359386444,0.18013623356819153,0.42826560139656067,0.3027195632457733,0.30753746811218363,0.9786372184753418,0.17933212836626575,0.2966312236880545,0.2
73,n02119022/ILSVRC2012_val_00008113,supervised,resnet18_imagenet,gradcam,predicted,backbone.layer2,5,5,5,-0.250488817691803,0.3422688841819763,0.16815539486739825,0.20664909197418055,0.20883412659168243,0.19039443135261536,0.8943142890930176,0.9869381785392761,0.9494180484691986,0.9915390610694885,0.012245818975752443,0.15476089467868692,0.2
74,n02119022/ILSVRC2012_val_00008726,supervised,resnet18_imagenet,gradcam,predicted,backbone.layer2,5,5,5,-0.1220383420586586,0.3874986469745636,0.10992275698154422,0.2966219342895663,0.22142146527767181,0.2399810552597046,0.42187997698783875,0.6259326338768005,0.47012515943868183,0.9483497142791748,0.0731480705578697,0.20117521023912333,0.2
75,n02119022/ILSVRC2012_val_00009066,supervised,resnet18_imagenet,gradcam,predicted,backbone.layer2,5,5,5,0.5675902962684631,0.3385997414588928,0.34289284226789857,0.48643308746016434,0.24656178057193756,0.23491674661636353,0.3461671769618988,0.5723910927772522,0.24982063137750124,0.979197084903717,0.4758338974258041,0.5528676488615354,0.2
76,n02119022/ILSVRC2012_val_00016254,supervised,resnet18_imagenet,gradcam,predicted,backbone.layer2,5,5,5,-0.03983226418495178,0.5426512956619263,0.32711095603600215,0.06035684415942266,0.14935606718063354,0.07027066498994827,0.18292298913002014,0.08490239828824997,0.1032166772958978,0.9714049696922302,0.10030743438464673,0.22863640303795763,0.2
77,n02119022/ILSVRC2012_val_00018381,supervised,resnet18_imagenet,gradcam,predicted,backbone.layer2,5,5,5,-0.09115291386842728,0.28462526202201843,0.2288545568039057,0.22151555107414042,0.23659279942512512,0.13430771231651306,0.48019275069236755,0.5341777205467224,0.42775430484685356,0.9902302026748657,0.09864986681604293,0.22922353751679184,0.2
78,n02119022/ILSVRC2012_val_00025140,supervised,resnet18_imagenet,gradcam,predicted,backbone.layer2,5,5,5,-0.2676495611667633,0.3911969065666199,0.23230186451506257,0.07793940437249185,0.16801303625106812,0.11946440488100052,0.38358429074287415,0.22764748334884644,0.29918686224483837,0.8433622717857361,-0.013987443800438999,0.11038731158138186,0.2
79,n02119022/ILSVRC2012_val_00031470,supervised,resnet18_imagenet,gradcam,predicted,backbone.layer2,5,5,5,-0.15498927235603333,0.3332589864730835,0.10266214558826732,0.20075430187773963,0.08104904741048813,0.13862517476081848,0.10965850949287415,0.1938965916633606,0.10457190688773427,0.9645662307739258,0.029029225297388748,0.16629280115797893,0.2
64,n02104029/ILSVRC2012_val_00028605,supervised,resnet18_imagenet,gradcam,predicted,backbone.layer3,4,4,4,0.15661531686782837,0.2265799343585968,0.22111938240960338,0.3614426968592851,0.16062504053115845,0.21997478604316711,0.4487849473953247,0.6452623605728149,0.3296197385203425,0.9547029137611389,0.23741475052779787,0.34366131778513287,0.2
65,n02104029/ILSVRC2012_val_00030705,supervised,resnet18_imagenet,gradcam,predicted,backbone.layer3,4,14,14,0.27657830715179443,0.4234183132648468,0.4189343121121257,0.23612106510819994,0.2594098150730133,0.17099229991436005,0.41719692945480347,0.3709539771080017,0.24687101403056305,0.9655842781066895,0.30714793602681545,0.4054038935242129,0.2
66,n02104029/ILSVRC2012_val_00032043,supervised,resnet18_imagenet,gradcam,predicted,backbone.layer3,4,4,4,-0.007976511493325233,0.16637852787971497,0.11188084516793909,0.48424598718509526,0.1188914030790329,0.15037013590335846,0.24257881939411163,0.7946656346321106,0.2478276466836241,0.9414463043212891,0.1756474451085802,0.2874568747137881,0.2
67,n02104029/ILSVRC2012_val_00036264,supervised,resnet18_imagenet,gradcam,predicted,backbone.layer3,4,4,4,0.4424247443675995,0.3201959729194641,0.20414783918427643,0.21286031042122394,0.2333815097808838,0.11487742513418198,0.6825794577598572,0.7496487498283386,0.628527582908038,0.9739288091659546,0.3020723426286899,0.40519001930492804,0.2
68,n02104029/ILSVRC2012_val_00045598,supervised,resnet18_imagenet,gradcam,predicted,backbone.layer3,4,4,4,0.1519496738910675,0.2432527244091034,0.32063926572991397,0.3058673672477088,0.25532808899879456,0.1590065211057663,0.5247029066085815,0.7270728349685669,0.4538225446427667,0.9898532032966614,0.24873185944971382,0.35828702460077855,0.2
69,n02104029/ILSVRC2012_val_00047356,supervised,resnet18_imagenet,gradcam,predicted,backbone.layer3,4,4,4,0.18071459233760834,0.1595095992088318,0.46744283742395276,0.3139878553386458,0.20624376833438873,0.12976016104221344,0.476009726524353,0.7119596600532532,0.2873286033162693,0.9963704347610474,0.3067150447638229,0.40806334572296965,0.2
70,n02119022/ILSVRC2012_val_00003449,supervised,resnet18_imagenet,gradcam,predicted,backbone.layer3,5,5,5,-0.14795580506324768,0.2438761442899704,0.1570354840867683,0.21556773981906005,0.24553515017032623,0.11970137059688568,0.7748844027519226,0.8834859132766724,0.8339245854590175,0.9495745301246643,0.052598645146449415,0.18380245372302004,0.2
71,n02119022/ILSVRC2012_val_00004643,supervised,resnet18_imagenet,gradcam,predicted,backbone.layer3,5,5,5,0.1879703849554062,0.25097212195396423,0.17007055328624518,0.251000628493847,0.19999046623706818,0.1527724266052246,0.49994373321533203,0.7746049761772156,0.553591358418257,0.9199196100234985,0.20150950851619015,0.30904537168294,0.2
72,n02119022/ILSVRC2012_val_00006668,supervised,resnet18_imagenet,gradcam,predicted,backbone.layer3,5,5,5,0.30242061614990234,0.4500204026699066,0.35536750226177266,0.33904721842447205,0.2186295986175537,0.2270955592393875,0.4662017226219177,0.48029130697250366,0.30753746811218363,0.9856292605400085,0.32929266266583435,0.42729528490502827,0.2
73,n02119022/ILSVRC2012_val_00008113,supervised,resnet18_imagenet,gradcam,predicted,backbone.layer3,5,5,5,0.07354706525802612,0.300363689661026,0.20854550407573008,0.20857082984069394,0.22814849019050598,0.13932457566261292,0.9549899101257324,0.9909149408340454,0.9494180484691986,0.9837108254432678,0.15455372627813765,0.2775771801359053,0.2
74,n02119022/ILSVRC2012_val_00008726,supervised,resnet18_imagenet,gradcam,predicted,backbone.layer3,5,5,5,0.13277117908000946,0.42095425724983215,0.14993160054714436,0.35003613587073396,0.18415074050426483,0.29743099212646484,0.44982391595840454,0.7020883560180664,0.47012515943868183,0.9554752707481384,0.2030987925573673,0.31478313739469366,0.2
75,n02119022/ILSVRC2012_val_00009066,supervised,resnet18_imagenet,gradcam,predicted,backbone.layer3,5,5,5,0.06198735535144806,0.2877599895000458,0.4877068090432485,0.23468271334779284,0.2654421925544739,0.18956753611564636,0.40737828612327576,0.4308795928955078,0.24982063137750124,0.9969087839126587,0.24151179885789162,0.35182927255766594,0.2
76,n02119022/ILSVRC2012_val_00016254,supervised,resnet18_imagenet,gradcam,predicted,backbone.layer3,5,5,5,-0.13911397755146027,0.1824066936969757,0.501875616978774,0.04698355919374906,0.29970234632492065,0.03853900358080864,0.39224773645401,0.0683535784482956,0.1032166772958978,0.9905003905296326,0.10901216183117282,0.23709996047956458,0.2
77,n02119022/ILSVRC2012_val_00018381,supervised,resnet18_imagenet,gradcam,predicted,backbone.layer3,5,5,5,0.05452970415353775,0.3483552038669586,0.25370163986616234,0.2845316259531485,0.14997996389865875,0.22861991822719574,0.5322759747505188,0.5632985830307007,0.42775430484685356,0.9970133304595947,0.18328186140720837,0.3031957124775051,0.2
78,n02119022/ILSVRC2012_val_00025140,supervised,resnet18_imagenet,gradcam,predicted,backbone.layer3,5,5,5,0.5177040100097656,0.30040442943573,0.31475358211288784,0.5391753210836728,0.2061515897512436,0.20979097485542297,0.4295957386493683,0.8118658661842346,0.29918686224483837,0.9704490303993225,0.4632602749628745,0.5402459838624565,0.2
79,n02119022/ILSVRC2012_val_00031470,supervised,resnet18_imagenet,gradcam,predicted,backbone.layer3,5,5,5,0.4138704240322113,0.5142297148704529,0.2239308024986193,0.1789847245794021,0.13645420968532562,0.11813133955001831,0.1723824292421341,0.15520313382148743,0.10457190688773427,0.8755729794502258,0.28642282773629096,0.37691947709831314,0.2
64,n02104029/ILSVRC2012_val_00028605,supervised,resnet18_imagenet,gradcam,predicted,backbone.layer4,4,4,4,0.5139477849006653,0.5466112494468689,0.523763114142909,0.5556726378640934,0.31341663002967834,0.4819925129413605,0.44420361518859863,0.6211175918579102,0.3296197385203425,0.9889521598815918,0.5294098395623669,0.5980834866992222,0.2
65,n02104029/ILSVRC2012_val_00030705,supervised,resnet18_imagenet,gradcam,predicted,backbone.layer4,4,14,14,0.35097044706344604,0.5574058890342712,0.262938559441199,0.42869886580831607,0.22288918495178223,0.3082357943058014,0.30591464042663574,0.42489007115364075,0.24687101403056305,0.9768734574317932,0.34787940640023296,0.44228003139935385,0.2
66,n02104029/ILSVRC2012_val_00032043,supervised,resnet18_imagenet,gradcam,predicted,backbone.layer4,4,4,4,0.45897912979125977,0.5446621179580688,0.42401774397945247,0.5425276309462878,0.2627880573272705,0.36531585454940796,0.3489898443222046,0.46153753995895386,0.2478276466836241,0.9934154748916626,0.473555264394226,0.5512913603921253,0.2
67,n02104029/ILSVRC2012_val_00036264,supervised,resnet18_imagenet,gradcam,predicted,backbone.layer4,4,4,4,0.3956139385700226,0.5102797150611877,0.20834786652708748,0.3097668557024859,0.2609110474586487,0.41966715455055237,0.6396649479866028,0.7745192050933838,0.628527582908038,0.985512375831604,0.3136799920968811,0.41582041543164183,0.2
68,n02104029/ILSVRC2012_val_00045598,supervised,resnet18_imagenet,gradcam,predicted,backbone.layer4,4,4,4,-0.04455462470650673,0.5234506726264954,0.17336099288237297,0.34225277198136644,0.30114951729774475,0.47059211134910583,0.46960175037384033,0.6169126629829407,0.4538225446427667,0.9825515747070312,0.13686227957651914,0.2606920587747122,0.2
69,n02104029/ILSVRC2012_val_00047356,supervised,resnet18_imagenet,gradcam,predicted,backbone.layer4,4,4,4,0.6177982687950134,0.5385279655456543,0.31209167826908424,0.4034322447337408,0.22972126305103302,0.348465234041214,0.3907819986343384,0.5038665533065796,0.2873286033162693,0.9981844425201416,0.46177648441885283,0.5448380412069822,0.2
70,n02119022/ILSVRC2012_val_00003449,supervised,resnet18_imagenet,gradcam,predicted,backbone.layer4,5,5,5,0.06598710268735886,0.5360713601112366,0.1772528195701597,0.23982506034456427,0.4030676484107971,0.5604904294013977,0.8059070110321045,0.9286764860153198,0.8339245854590175,0.969142735004425,0.15151820504936073,0.27273636616992036,0.2
71,n02119022/ILSVRC2012_val_00004643,supervised,resnet18_imagenet,gradcam,predicted,backbone.layer4,5,5,5,0.3915090560913086,0.5637631416320801,0.21029383522174946,0.30381710975473125,0.3145173192024231,0.39852967858314514,0.6007298827171326,0.6971517205238342,0.553591358418257,0.94858318567276,0.31083690592946767,0.4078433837269922,0.2
72,n02119022/ILSVRC2012_val_00006668,supervised,resnet18_imagenet,gradcam,predicted,backbone.layer4,5,5,5,0.48839864134788513,0.518825888633728,0.33518499109090494,0.4344617811071737,0.2352253496646881,0.3600304424762726,0.39450475573539734,0.5305230617523193,0.30753746811218363,0.9924826622009277,0.42625348819857767,0.5122236168514186,0.2
73,n02119022/ILSVRC2012_val_00008113,supervised,resnet18_imagenet,gradcam,predicted,backbone.layer4,5,5,5,0.3506409227848053,0.5057430267333984,0.180534522981177,0.21065116083794228,0.37048766016960144,0.4209751486778259,0.9337636232376099,0.9937410354614258,0.9494180484691986,0.9975988268852234,0.2576120742596579,0.37016056796224517,0.2
74,n02119022/ILSVRC2012_val_00008726,supervised,resnet18_imagenet,gradcam,predicted,backbone.layer4,5,5,5,0.3084564507007599,0.518878161907196,0.2113909002484919,0.3515012661279185,0.24305874109268188,0.4247536361217499,0.49897846579551697,0.6105871796607971,0.47012515943868183,-0.20755603909492493,0.29225023019322705,0.2175493934751298,0.2
75,n02119022/ILSVRC2012_val_00009066,supervised,resnet18_imagenet,gradcam,predicted,backbone.layer4,5,5,5,0.07820957154035568,0.499619722366333,0.2090855520436015,0.5070779914526529,0.24065864086151123,0.35335496068000793,0.30396735668182373,0.42631101608276367,0.24982063137750124,0.9610491394996643,0.2461328916650186,0.3505716068381377,0.2
76,n02119022/ILSVRC2012_val_00016254,supervised,resnet18_imagenet,gradcam,predicted,backbone.layer4,5,5,5,0.6432717442512512,0.5808109641075134,0.4213378176378724,0.3936063020972853,0.18584446609020233,0.20684398710727692,0.20768959820270538,0.23465527594089508,0.1032166772958978,0.991126298904419,0.5017919336210478,0.5775500852573903,0.2
77,n02119022/ILSVRC2012_val_00018381,supervised,resnet18_imagenet,gradcam,predicted,backbone.layer4,5,5,5,0.40648895502090454,0.43781524896621704,0.33388359788345656,0.4334865516768609,0.2525923252105713,0.43208202719688416,0.5009974837303162,0.7409254908561707,0.42775430484685356,0.9970141053199768,0.39280662687645707,0.48366578744539246,0.2
78,n02119022/ILSVRC2012_val_00025140,supervised,resnet18_imagenet,gradcam,predicted,backbone.layer4,5,5,5,0.4618143141269684,0.5165238380432129,0.3281192003816066,0.4019366394266193,0.2468661069869995,0.3669299781322479,0.36714762449264526,0.5079532265663147,0.29918686224483837,0.9969717264175415,0.4037424775932551,0.4936947288591266,0.2
79,n02119022/ILSVRC2012_val_00031470,supervised,resnet18_imagenet,gradcam,predicted,backbone.layer4,5,5,5,0.4405142366886139,0.5515385270118713,0.4323741681503117,0.4809574571174717,0.19128085672855377,0.20916280150413513,0.21032528579235077,0.21751146018505096,0.10457190688773427,0.8861128687858582,0.45020518225578054,0.5154298194758394,0.2
80,n02119022/ILSVRC2012_val_00032623,supervised,resnet18_imagenet,gradcam,predicted,backbone.layer1,5,5,5,-0.03755517676472664,0.40119630098342896,0.2755228353636878,0.020272030850997824,0.18569745123386383,0.03176288306713104,0.2725745141506195,0.06313476711511612,0.1901905293366968,0.9888936877250671,0.07371638915851503,0.20913845784477714,0.2
81,n02119022/ILSVRC2012_val_00039745,supervised,resnet18_imagenet,gradcam,predicted,backbone.layer1,5,5,5,0.2909596562385559,0.056539565324783325,0.21661327460200808,0.7688137755100509,0.23529988527297974,0.0020104621071368456,0.8327283263206482,0.10186421871185303,0.7688137755100509,0.9762298464775085,0.41201197752904006,0.4946271191831356,0.2
82,n02119022/ILSVRC2012_val_00040503,supervised,resnet18_imagenet,gradcam,predicted,backbone.layer1,5,10,10,0.049418214708566666,0.009595967829227448,0.10975918884654857,0.061762595663253,0.07312164455652237,0.01144452951848507,0.08965221792459488,0.2812541723251343,0.061762595663253,0.9649723172187805,0.07122382123636714,0.20492266885826582,0.2
83,n02119022/ILSVRC2012_val_00047804,supervised,resnet18_imagenet,gradcam,predicted,backbone.layer1,5,5,5,0.05010639876127243,0.4958740472793579,0.1663994870149622,0.08441635865024179,0.1210862398147583,0.097804956138134,0.18767568469047546,0.12902207672595978,0.1625279017856819,0.49177664518356323,0.09528731320407018,0.15400769776028084,0.2
84,n02119022/ILSVRC2012_val_00049298,supervised,resnet18_imagenet,gradcam,predicted,backbone.layer1,5,5,5,0.11943289637565613,0.3510645627975464,0.1769013360739525,0.21440691447048774,0.12173865735530853,0.21866510808467865,0.6909481883049011,0.8094623684883118,0.712890624999858,0.9820366501808167,0.16516563371359452,0.2869340738947122,0.2
85,n02123597/ILSVRC2012_val_00004846,supervised,resnet18_imagenet,gradcam,predicted,backbone.layer1,6,28,28,0.23703964054584503,0.04958746209740639,0.19906330646439638,0.5500637755100944,0.13305002450942993,0.014451345428824425,0.5848768949508667,0.8647533655166626,0.5500637755100944,0.9732891321182251,0.3195539808106853,0.41623901450240225,0.2
86,n02123597/ILSVRC2012_val_00011738,supervised,resnet18_imagenet,gradcam,predicted,backbone.layer1,6,6,6,0.15739768743515015,0.06303040683269501,0.20150150150141505,0.35817920918360213,0.17082147300243378,0.027310732752084732,0.393088698387146,0.6296339631080627,0.35817920918360213,0.9864631295204163,0.2308632881795652,0.3429788377016193,0.2
87,n02123597/ILSVRC2012_val_00014773,supervised,resnet18_imagenet,gradcam,predicted,backbone.layer1,6,6,6,0.0,0.0,0.3351773669139927,0.34835379464278776,0.19680500030517578,0.0,0.5014553070068359,0.0,0.34835379464278776,0.977086067199707,0.20505934846703414,0.3174457004691512,0.2
88,n02123597/ILSVRC2012_val_00017186,supervised,resnet18_imagenet,gradcam,predicted,backbone.layer1,6,6,6,0.0,0.0,0.22545118000918543,0.5916772959182495,0.19795848429203033,0.0,0.6526104211807251,0.0,0.5916772959182495,0.9843937754631042,0.24513854277823044,0.35194118530132434,0.2
89,n02123597/ILSVRC2012_val_00017692,supervised,resnet18_imagenet,gradcam,predicted,backbone.layer1,6,6,6,0.22349269688129425,0.16227123141288757,0.13637759561547416,0.17725515148544438,0.12045913934707642,0.02989313006401062,0.6857224702835083,0.6787201762199402,0.7587093431120937,0.9965954422950745,0.1834869028827933,0.30611994702794376,0.2
90,n02123597/ILSVRC2012_val_00025887,supervised,resnet18_imagenet,gradcam,predicted,backbone.layer1,6,6,6,0.053371790796518326,0.37007784843444824,0.25811306901605796,0.11799438898671691,0.16831403970718384,0.1253889799118042,0.6083160042762756,0.3646250367164612,0.48301977040806704,0.9013462662696838,0.13418095371943978,0.2479089312199277,0.2
91,n02123597/ILSVRC2012_val_00028213,supervised,resnet18_imagenet,gradcam,predicted,backbone.layer1,6,6,6,0.38785630464553833,0.4652855396270752,0.18295320268428358,0.1775449965600263,0.11710184812545776,0.13470558822155,0.832059919834137,0.8184215426445007,0.8574617346937067,0.8996145129203796,0.2632919816315083,0.36081643337507285,0.2
92,n02123597/ILSVRC2012_val_00034254,supervised,resnet18_imagenet,gradcam,predicted,backbone.layer1,6,6,6,0.2623649537563324,0.06673598289489746,0.19886771389837357,0.998584980867148,0.25407880544662476,0.01940734311938286,0.9977080821990967,1.0,0.998584980867148,0.9965699911117554,0.46418178993218945,0.5406764061728601,0.2
93,n02123597/ILSVRC2012_val_00040848,supervised,resnet18_imagenet,gradcam,predicted,backbone.layer1,6,14,14,0.1949833333492279,0.40434780716896057,0.05459846276167983,0.06618435155406735,0.041054919362068176,0.04725072905421257,0.047252241522073746,0.057906847447156906,0.03790656887754347,0.8397893309593201,0.11422817763441531,0.22440826989506457,0.2
94,n02123597/ILSVRC2012_val_00043090,supervised,resnet18_imagenet,gradcam,predicted,backbone.layer1,6,6,6,0.024214990437030792,0.0462481789290905,0.24181581256808188,0.7306481186223034,0.23969513177871704,0.02462855353951454,0.8114907741546631,0.9890259504318237,0.7306481186223034,0.9895573854446411,0.30142517553192794,0.40002483726725324,0.2
95,n02123597/ILSVRC2012_val_00043546,supervised,resnet18_imagenet,gradcam,predicted,backbone.layer1,6,6,6,0.1351577490568161,0.43591445684432983,0.09988866897572368,0.18096692787880828,0.1523938924074173,0.1950410157442093,0.45318862795829773,0.5871684551239014,0.5088289221937762,0.8284215331077576,0.13831977867908601,0.24178234134968224,0.2
80,n02119022/ILSVRC2012_val_00032623,supervised,resnet18_imagenet,gradcam,predicted,backbone.layer2,5,5,5,-0.27297353744506836,0.4318946897983551,0.3438122039945474,0.03790489317709913,0.2034887820482254,0.08024093508720398,0.30155497789382935,0.11206231266260147,0.1901905293366968,0.9547147750854492,0.005325714173466611,0.1430957524499551,0.2
81,n02119022/ILSVRC2012_val_00039745,supervised,resnet18_imagenet,gradcam,predicted,backbone.layer2,5,5,5,-0.09510751813650131,0.30014458298683167,0.20388301428884778,0.07176558779432231,0.2673710286617279,0.09075384587049484,0.8213793039321899,0.4980945289134979,0.7688137755100509,0.9296702742576599,0.0446515733703505,0.17507506031166606,0.2
82,n02119022/ILSVRC2012_val_00040503,supervised,resnet18_imagenet,gradcam,predicted,backbone.layer2,5,10,10,-0.22715525329113007,0.35317903757095337,0.29859600553658433,0.0,0.1715065985918045,0.0034562323708087206,0.1963239312171936,0.00422708922997117,0.061762595663253,0.9563893675804138,-0.00128329965547673,0.13860306786931265,0.2
83,n02119022/ILSVRC2012_val_00047804,supervised,resnet18_imagenet,gradcam,predicted,backbone.layer2,5,5,5,0.07401800155639648,0.39706215262413025,0.1729429971626432,0.026813434942124292,0.13209417462348938,0.04396870359778404,0.21803122758865356,0.06761565059423447,0.1625279017856819,0.4521714448928833,0.08953413025398883,0.14367112530486315,0.2
84,n02119022/ILSVRC2012_val_00049298,supervised,resnet18_imagenet,gradcam,predicted,backbone.layer2,5,5,5,0.019053170457482338,0.4023965299129486,0.17325375886883707,0.23154894738250975,0.19700521230697632,0.22389303147792816,0.6996759176254272,0.8200967311859131,0.712890624999858,0.9898020029067993,0.12906208005839698,0.2563395866589754,0.2
85,n02123597/ILSVRC2012_val_00004846,supervised,resnet18_imagenet,gradcam,predicted,backbone.layer2,6,28,28,0.05656704679131508,0.34044352173805237,0.10548114205143183,0.11122593598673934,0.15697409212589264,0.08966553211212158,0.44703829288482666,0.4237149953842163,0.5500637755100944,0.9881071448326111,0.08763894212797738,0.22219130761139472,0.2
86,n02123597/ILSVRC2012_val_00011738,supervised,resnet18_imagenet,gradcam,predicted,backbone.layer2,6,6,6,0.07323770970106125,0.4269411265850067,0.1883990325454286,0.3020780066011333,0.1980086863040924,0.24924100935459137,0.42098870873451233,0.559675931930542,0.35817920918360213,0.9829280972480774,0.17643819562439306,0.29569167276922353,0.2
87,n02123597/ILSVRC2012_val_00014773,supervised,resnet18_imagenet,gradcam,predicted,backbone.layer2,6,6,6,0.5686237812042236,0.3211597800254822,0.2667587476978514,0.3329134773760619,0.18752047419548035,0.15997138619422913,0.38776111602783203,0.6725215911865234,0.34835379464278776,0.9840601086616516,0.40735118000386344,0.49654539598920433,0.2
88,n02123597/ILSVRC2012_val_00017186,supervised,resnet18_imagenet,gradcam,predicted,backbone.layer2,6,6,6,0.14987429976463318,0.3604552447795868,0.2595281882173063,0.19363562607043674,0.22902646660804749,0.14071311056613922,0.6605761647224426,0.6421830058097839,0.5916772959182495,0.9892145395278931,0.19589886419217617,0.3141291394187413,0.2
89,n02123597/ILSVRC2012_val_00017692,supervised,resnet18_imagenet,gradcam,predicted,backbone.layer2,6,6,6,-0.09816912561655045,0.3369114398956299,0.11799567713293561,0.2605539687114435,0.20867925882339478,0.19309589266777039,0.6589276194572449,0.9519906640052795,0.7587093431120937,0.928345799446106,0.07429724350669353,0.199530087412218,0.2
90,n02123597/ILSVRC2012_val_00025887,supervised,resnet18_imagenet,gradcam,predicted,backbone.layer2,6,6,6,0.20533066987991333,0.36667174100875854,0.20358923930596207,0.30085405200216325,0.21173134446144104,0.1684018075466156,0.45833447575569153,0.6386200785636902,0.48301977040806704,0.9719941020011902,0.23346525534440293,0.3437756725851795,0.2
91,n02123597/ILSVRC2012_val_00028213,supervised,resnet18_imagenet,gradcam,predicted,backbone.layer2,6,6,6,-0.007012507412582636,0.385337233543396,0.168494538407292,0.22515470582797056,0.277696818113327,0.1980280876159668,0.8257399201393127,0.9262015223503113,0.8574617346937067,0.45944464206695557,0.11528977030554571,0.16487462977445505,0.2
92,n02123597/ILSVRC2012_val_00034254,supervised,resnet18_imagenet,gradcam,predicted,backbone.layer2,6,6,6,0.018687156960368156,0.39677760004997253,0.19862085459179715,0.20027941323217238,0.3208523392677307,0.17974233627319336,0.9966685175895691,0.9995040893554688,0.998584980867148,0.9910255670547485,0.12714494313133812,0.25491940695033355,0.2
93,n02123597/ILSVRC2012_val_00040848,supervised,resnet18_imagenet,gradcam,predicted,backbone.layer2,6,14,14,-0.20942485332489014,0.30762866139411926,0.0008384338056503408,0.12031909901443423,0.021182619035243988,0.09110032021999359,0.023501569405198097,0.10335194319486618,0.03790656887754347,0.9937686920166016,-0.047422681483930695,0.10605598834379983,0.2
94,n02123597/ILSVRC2012_val_00043090,supervised,resnet18_imagenet,gradcam,predicted,backbone.layer2,6,6,6,0.3042924106121063,0.3772359788417816,0.21985370950882452,0.23341873794864276,0.2494031935930252,0.16582822799682617,0.7925007939338684,0.8787416815757751,0.7306481186223034,0.9479469060897827,0.2576986984820827,0.36201249149207143,0.2
95,n02123597/ILSVRC2012_val_00043546,supervised,resnet18_imagenet,gradcam,predicted,backbone.layer2,6,6,6,0.09796582907438278,0.29459336400032043,0.1396436811073636,0.33320838175194617,0.21390709280967712,0.19721046090126038,0.5097416043281555,0.8365787863731384,0.5088289221937762,0.9744385480880737,0.18104195048754604,0.29866683810407246,0.2
80,n02119022/ILSVRC2012_val_00032623,supervised,resnet18_imagenet,gradcam,predicted,backbone.layer3,5,5,5,0.15996745228767395,0.340461790561676,0.520385182883808,0.2310110663982451,0.24180322885513306,0.19259540736675262,0.40606969594955444,0.32442688941955566,0.1901905293366968,0.991077721118927,0.2894058556996855,0.3924993287890382,0.2
81,n02119022/ILSVRC2012_val_00039745,supervised,resnet18_imagenet,gradcam,predicted,backbone.layer3,5,5,5,0.11902398616075516,0.36810678243637085,0.08951744850615471,0.08783511614373903,0.2599901258945465,0.1353149712085724,0.6689314246177673,0.531035304069519,0.7688137755100509,0.9163345098495483,0.10081536385927019,0.22344671279616996,0.2
82,n02119022/ILSVRC2012_val_00040503,supervised,resnet18_imagenet,gradcam,predicted,backbone.layer3,5,10,10,-0.19293159246444702,0.3158564865589142,0.2979543433142623,0.03246600110051689,0.22760681807994843,0.026265332475304604,0.26187750697135925,0.03243272751569748,0.061762595663253,0.9758338332176208,0.021953466338654946,0.16145410372378147,0.2
83,n02119022/ILSVRC2012_val_00047804,supervised,resnet18_imagenet,gradcam,predicted,backbone.layer3,5,5,5,0.12686677277088165,0.3199807405471802,0.5874705523073139,0.10182324792531236,0.2460700124502182,0.10049072653055191,0.4044182002544403,0.16484318673610687,0.1625279017856819,0.9896590709686279,0.2575348491781405,0.3651756811732594,0.2
84,n02119022/ILSVRC2012_val_00049298,supervised,resnet18_imagenet,gradcam,predicted,backbone.layer3,5,5,5,0.1794854700565338,0.46623244881629944,0.22880673892042366,0.2582408526534836,0.27140358090400696,0.287088543176651,0.7756573557853699,0.8356721997261047,0.712890624999858,0.9784982800483704,0.2179084654947857,0.3313565544205192,0.2
85,n02123597/ILSVRC2012_val_00004846,supervised,resnet18_imagenet,gradcam,predicted,backbone.layer3,6,28,28,0.03151285648345947,0.46006301045417786,0.09483636363633606,0.2091954761598094,0.1551169455051422,0.2513555884361267,0.4304288327693939,0.5833714008331299,0.5500637755100944,0.9873660206794739,0.10381469453222743,0.23514236282016826,0.2
86,n02123597/ILSVRC2012_val_00011738,supervised,resnet18_imagenet,gradcam,predicted,backbone.layer3,6,6,6,-0.209055095911026,0.0830320417881012,0.1531208827403849,0.2554126137432178,0.2147415578365326,0.09036625921726227,0.36402544379234314,0.6667064428329468,0.35817920918360213,0.9720827341079712,0.0389380105806704,0.17477650066823724,0.2
87,n02123597/ILSVRC2012_val_00014773,supervised,resnet18_imagenet,gradcam,predicted,backbone.layer3,6,6,6,0.23875154554843903,0.12646649777889252,0.25251513634076,0.33472397399809123,0.19519905745983124,0.07184749841690063,0.4227723777294159,0.7075164318084717,0.34835379464278776,0.9724341630935669,0.27167235132103096,0.37623794299070146,0.2
88,n02123597/ILSVRC2012_val_00017186,supervised,resnet18_imagenet,gradcam,predicted,backbone.layer3,6,6,6,0.2798183262348175,0.34693995118141174,0.12807769857719364,0.32959566206977853,0.25968676805496216,0.22074981033802032,0.5552145838737488,0.9116857647895813,0.5916772959182495,0.9487638473510742,0.24922933868801866,0.3546693314465903,0.2
89,n02123597/ILSVRC2012_val_00017692,supervised,resnet18_imagenet,gradcam,predicted,backbone.layer3,6,6,6,-0.08745011687278748,0.20216402411460876,0.07822656565201995,0.2636003047097997,0.20024816691875458,0.1536581665277481,0.5909777283668518,0.9979550838470459,0.7587093431120937,0.9346370100975037,0.0675680143594309,0.19504472819960483,0.2
90,n02123597/ILSVRC2012_val_00025887,supervised,resnet18_imagenet,gradcam,predicted,backbone.layer3,6,6,6,-0.30894696712493896,0.17810127139091492,0.21999928802811575,0.35474562201037485,0.17684181034564972,0.21656093001365662,0.5196934938430786,0.8484549522399902,0.48301977040806704,0.9446859359741211,0.04884468616157159,0.17725767941201218,0.2
91,n02123597/ILSVRC2012_val_00028213,supervised,resnet18_imagenet,gradcam,predicted,backbone.layer3,6,6,6,-0.2772712707519531,0.25571712851524353,0.22685442101363607,0.23304129580994332,0.2540253698825836,0.20633018016815186,0.914591908454895,0.971878170967102,0.8574617346937067,0.9948902130126953,0.02706020674629256,0.16716251639461555,0.2
92,n02123597/ILSVRC2012_val_00034254,supervised,resnet18_imagenet,gradcam,predicted,backbone.layer3,6,6,6,0.1528811901807785,0.2812034785747528,0.20027941323217238,0.19977656306104621,0.1289702206850052,0.16455242037773132,0.9997264742851257,0.9976624846458435,0.998584980867148,0.9989365935325623,0.18116926896027696,0.30336289966646146,0.2
93,n02123597/ILSVRC2012_val_00040848,supervised,resnet18_imagenet,gradcam,predicted,backbone.layer3,6,14,14,0.05834648758172989,0.4567430317401886,0.05245988361836319,0.10548249675856132,0.036931443959474564,0.0523504763841629,0.03993005305528641,0.057724080979824066,0.03790656887754347,0.9865580201148987,0.07072130914576931,0.2078905687650714,0.2
94,n02123597/ILSVRC2012_val_00043090,supervised,resnet18_imagenet,gradcam,predicted,backbone.layer3,6,6,6,-0.030454089865088463,0.12105806171894073,0.2516014902569751,0.23560541913626282,0.2446993589401245,0.05692454054951668,0.8373490571975708,0.9092468619346619,0.7306481186223034,0.9927501082420349,0.13398043687193598,0.26005531213183375,0.2
95,n02123597/ILSVRC2012_val_00043546,supervised,resnet18_imagenet,gradcam,predicted,backbone.layer3,6,6,6,0.35017624497413635,0.37384164333343506,0.35986847136179556,0.3890255809410705,0.2521786689758301,0.2785050570964813,0.7197258472442627,0.9429550766944885,0.5088289221937762,0.7976769804954529,0.36473871368051436,0.42943674589098213,0.2
80,n02119022/ILSVRC2012_val_00032623,supervised,resnet18_imagenet,gradcam,predicted,backbone.layer4,5,5,5,0.5155027508735657,0.520017147064209,0.4439117929047541,0.5377002827516982,0.23012131452560425,0.3427779972553253,0.29293563961982727,0.41055455803871155,0.1901905293366968,0.9915587902069092,0.500684723046362,0.5745628002508975,0.2
81,n02119022/ILSVRC2012_val_00039745,supervised,resnet18_imagenet,gradcam,predicted,backbone.layer4,5,5,5,0.3872339129447937,0.49381330609321594,0.21917636436591614,0.26013583575273225,0.2571868896484375,0.40125492215156555,0.7585840821266174,0.909588634967804,0.7688137755100509,0.8810390830039978,0.298687225213512,0.3875157820109395,0.2
82,n02119022/ILSVRC2012_val_00040503,supervised,resnet18_imagenet,gradcam,predicted,backbone.layer4,5,10,10,-0.2311813235282898,0.4342990219593048,0.1987951807227101,0.0,0.10209143161773682,0.02154557779431343,0.11116242408752441,0.024765606969594955,0.061762595663253,0.7707101702690125,-0.032833975194502894,0.08439185748612796,0.2
83,n02119022/ILSVRC2012_val_00047804,supervised,resnet18_imagenet,gradcam,predicted,backbone.layer4,5,5,5,0.6964085102081299,0.5500636696815491,0.33577927795690066,0.3425345043912152,0.18428198993206024,0.2694014310836792,0.23744456470012665,0.3422645926475525,0.1625279017856819,0.9939879775047302,0.4820575387876867,0.5624196207855839,0.2
84,n02119022/ILSVRC2012_val_00049298,supervised,resnet18_imagenet,gradcam,predicted,backbone.layer4,5,5,5,0.40605151653289795,0.5483969449996948,0.23840808932861862,0.27434342310252774,0.3560142517089844,0.43988874554634094,0.7633139491081238,0.8332414031028748,0.712890624999858,0.9968887567520142,0.3162460603425031,0.4198392224071029,0.2
85,n02123597/ILSVRC2012_val_00004846,supervised,resnet18_imagenet,gradcam,predicted,backbone.layer4,6,28,28,-0.06637433916330338,0.4926736354827881,0.29851982196449695,0.2964621585310219,0.34745916724205017,0.3868318200111389,0.6366717219352722,0.5926424264907837,0.5500637755100944,0.968841016292572,0.15194485848333428,0.27084062886060933,0.2
86,n02123597/ILSVRC2012_val_00011738,supervised,resnet18_imagenet,gradcam,predicted,backbone.layer4,6,6,6,0.22505925595760345,0.5382201671600342,0.16433857154728346,0.3556147144238356,0.22745777666568756,0.3630739450454712,0.363664448261261,0.5183842182159424,0.35817920918360213,0.9812076687812805,0.2460096881743771,0.355940211395133,0.2
87,n02123597/ILSVRC2012_val_00014773,supervised,resnet18_imagenet,gradcam,predicted,backbone.layer4,6,6,6,0.6611501574516296,0.5608015656471252,0.37715172137691294,0.41191563606485765,0.2689346969127655,0.33474403619766235,0.4449966847896576,0.5870323777198792,0.34835379464278776,0.9638674259185791,0.501180270213183,0.5732495083562998,0.2
88,n02123597/ILSVRC2012_val_00017186,supervised,resnet18_imagenet,gradcam,predicted,backbone.layer4,6,6,6,0.4136868119239807,0.5185562372207642,0.24399561609511694,0.3377900515271822,0.3210434019565582,0.44351744651794434,0.6355662941932678,0.8020600080490112,0.5916772959182495,0.9823285341262817,0.34001042505628204,0.4375860811979102,0.2
89,n02123597/ILSVRC2012_val_00017692,supervised,resnet18_imagenet,gradcam,predicted,backbone.layer4,6,6,6,0.1531345546245575,0.5202532410621643,0.1754471703645354,0.2636003047097997,0.3499040901660919,0.5172203183174133,0.7286099195480347,0.9108933806419373,0.7587093431120937,0.9698585867881775,0.19296806437212355,0.3088377509054055,0.2
90,n02123597/ILSVRC2012_val_00025887,supervised,resnet18_imagenet,gradcam,predicted,backbone.layer4,6,6,6,0.26841259002685547,0.5182713866233826,0.2564967195688683,0.3644361291348416,0.2754366993904114,0.44217100739479065,0.5039577484130859,0.6749129295349121,0.48301977040806704,0.8740229606628418,0.29364489062185517,0.38028106278475315,0.2
91,n02123597/ILSVRC2012_val_00028213,supervised,resnet18_imagenet,gradcam,predicted,backbone.layer4,6,6,6,0.23139944672584534,0.5583571195602417,0.1855435146910545,0.2332419114912065,0.38032129406929016,0.49256813526153564,0.8534907698631287,0.931611180305481,0.8574617346937067,0.8770332932472229,0.21819540654501646,0.3172411568866945,0.2
92,n02123597/ILSVRC2012_val_00034254,supervised,resnet18_imagenet,gradcam,predicted,backbone.layer4,6,6,6,0.10313262790441513,0.4166889190673828,0.1998763116944899,0.20027941323217238,0.2650671899318695,0.4361656606197357,0.9980015754699707,0.9998360276222229,0.998584980867148,0.9843447208404541,0.16129976863976475,0.283787059124279,0.2
93,n02123597/ILSVRC2012_val_00040848,supervised,resnet18_imagenet,gradcam,predicted,backbone.layer4,6,14,14,0.1468278020620346,0.5059659481048584,0.09775611550478411,0.01790586630284967,0.059340950101614,0.0254360344260931,0.06118166446685791,0.026904931291937828,0.03790656887754347,0.8701928853988647,0.09342971536710398,0.21083415898345026,0.2
94,n02123597/ILSVRC2012_val_00043090,supervised,resnet18_imagenet,gradcam,predicted,backbone.layer4,6,6,6,0.5805341005325317,0.6507943272590637,0.25777083445556814,0.2714005663253454,0.3553372025489807,0.4401986598968506,0.8003019094467163,0.8495697379112244,0.7306481186223034,0.8577298521995544,0.3909650604472868,0.46413926321154764,0.2
95,n02123597/ILSVRC2012_val_00043546,supervised,resnet18_imagenet,gradcam,predicted,backbone.layer4,6,6,6,0.30195894837379456,0.5250101089477539,0.2244293730849229,0.3597125052565815,0.3100675344467163,0.49715566635131836,0.5246854424476624,0.7485538721084595,0.5088289221937762,0.842121422290802,0.29602614285196915,0.37803931485982445,0.2
96,n02123597/ILSVRC2012_val_00043632,supervised,resnet18_imagenet,gradcam,predicted,backbone.layer1,6,6,6,0.15829603374004364,0.04807286337018013,0.12890609722706053,0.3752790178570681,0.12343785911798477,0.0033375255297869444,0.34850186109542847,0.10421748459339142,0.3752790178570681,0.9916240572929382,0.21457394802125604,0.33019349917398816,0.2
97,n02123597/ILSVRC2012_val_00045347,supervised,resnet18_imagenet,gradcam,predicted,backbone.layer1,6,6,6,0.10711712390184402,0.024377061054110527,0.1249517526930331,0.43895487882644313,0.19306132197380066,0.016601869836449623,0.405549019575119,0.9143576622009277,0.43895487882644313,0.9932557940483093,0.21201883901658047,0.32745602035276083,0.2
98,n02123597/ILSVRC2012_val_00047103,supervised,resnet18_imagenet,gradcam,predicted,backbone.layer1,6,6,6,0.20708055794239044,0.2653743028640747,0.21435167185064777,0.204168674698746,0.20888158679008484,0.08532191067934036,0.8195280432701111,0.8238757252693176,0.7959582270406578,0.9885081648826599,0.2083883271417743,0.32538450664958407,0.2
99,n02123597/ILSVRC2012_val_00048160,supervised,resnet18_imagenet,gradcam,predicted,backbone.layer1,6,6,6,0.2606344521045685,0.2944391965866089,0.18202834223358486,0.14525377413426843,0.18102434277534485,0.06883491575717926,0.7960442304611206,0.6536009907722473,0.8190369897957552,0.9582265019416809,0.20243841575218338,0.3167765626198144,0.2
100,n02133161/ILSVRC2012_val_00004660,supervised,resnet18_imagenet,gradcam,predicted,backbone.layer1,7,17,17,0.11656836420297623,0.08316582441329956,0.17384138891251846,0.6233258928570187,0.17904694378376007,0.005429802928119898,0.6351323127746582,0.16186852753162384,0.6233258928570187,0.9606125950813293,0.28577753021205166,0.3841826371756254,0.2
101,n02133161/ILSVRC2012_val_00006350,supervised,resnet18_imagenet,gradcam,predicted,backbone.layer1,7,7,7,0.49782049655914307,0.47377070784568787,0.15983639750540218,0.24998908916324794,0.12601912021636963,0.21337905526161194,0.37250640988349915,0.38445961475372314,0.37081473214278327,0.9888748526573181,0.32207584462425226,0.4250247733614603,0.2
102,n02133161/ILSVRC2012_val_00012507,supervised,resnet18_imagenet,gradcam,predicted,backbone.layer1,7,7,7,0.3130170404911041,0.0820995569229126,0.2186243042293834,0.3977798150509412,0.2159721851348877,0.003891543485224247,0.4612129032611847,0.0701979473233223,0.3977798150509412,0.9901179075241089,0.31012805198053905,0.41217468012058395,0.2
103,n02133161/ILSVRC2012_val_00030951,supervised,resnet18_imagenet,gradcam,predicted,backbone.layer1,7,7,7,0.04248691722750664,0.0024546836502850056,0.2009641569146239,0.4504145408162368,0.14586690068244934,0.001611358835361898,0.49704796075820923,1.0,0.4504145408162368,0.9390714168548584,0.21240837621026087,0.3185758079905713,0.2
104,n02133161/ILSVRC2012_val_00033693,supervised,resnet18_imagenet,gradcam,predicted,backbone.layer1,7,7,7,0.12862490117549896,0.0312232356518507,0.14786129616983737,0.7717833227039279,0.13046981394290924,0.007954497821629047,0.6880723237991333,0.9940143823623657,0.7717833227039279,0.9687196612358093,0.3273433461323292,0.4202378193152373,0.2
105,n02133161/ILSVRC2012_val_00033969,supervised,resnet18_imagenet,gradcam,predicted,backbone.layer1,7,7,7,0.07093363255262375,0.23990894854068756,0.22777753582151133,0.3825404610101115,0.1327599436044693,0.15882611274719238,0.4184403121471405,0.7611094117164612,0.3618263711733973,0.9801808595657349,0.21146885207053634,0.3244333995361842,0.2
106,n02133161/ILSVRC2012_val_00035292,supervised,resnet18_imagenet,gradcam,predicted,backbone.layer1,7,7,7,0.01879054307937622,0.1423865556716919,0.09359737740012632,0.2530021973528916,0.14878499507904053,0.05086776241660118,0.6430217623710632,0.9903029799461365,0.7773238201529064,0.9880234003067017,0.11149608965765585,0.2414300938120414,0.2
107,n02133161/ILSVRC2012_val_00035591,supervised,resnet18_imagenet,gradcam,predicted,backbone.layer1,7,7,7,-0.0646144449710846,0.048583611845970154,0.08689406602588622,0.6293845663264052,0.21144665777683258,0.006308972369879484,0.5539268255233765,0.18808045983314514,0.6293845663264052,0.9920663237571716,0.1890378117172536,0.30526455091176896,0.2
108,n02133161/ILSVRC2012_val_00043648,supervised,resnet18_imagenet,gradcam,predicted,backbone.layer1,7,7,7,0.5306441783905029,0.5268970727920532,0.07347560975606023,0.03224860744648087,0.0830884724855423,0.06964819133281708,0.17854991555213928,0.12497320771217346,0.22104193239791514,0.9866474270820618,0.24397493651696353,0.36015363079962054,0.2
109,n02133161/ILSVRC2012_val_00045891,supervised,resnet18_imagenet,gradcam,predicted,backbone.layer1,7,7,7,0.3133277893066406,0.5098375678062439,0.3306984474440266,0.2603470782460799,0.2061912715435028,0.20014704763889313,0.5998871326446533,0.5108837485313416,0.4542410714284809,0.9780116081237793,0.3026447734296882,0.40412784889841774,0.2
110,n02133161/ILSVRC2012_val_00046668,supervised,resnet18_imagenet,gradcam,predicted,backbone.layer1,7,7,7,0.4837897717952728,0.1937028169631958,0.47394988281925726,0.5450708661413889,0.29057490825653076,0.1887945681810379,0.460690438747406,0.8959344625473022,0.2888432716836159,0.950254499912262,0.499222133406303,0.5666197823553463,0.2
111,n02133161/ILSVRC2012_val_00049613,supervised,resnet18_imagenet,gradcam,predicted,backbone.layer1,7,7,7,-0.25910505652427673,0.37056177854537964,0.1185822326373779,0.19969725530511534,0.17776788771152496,0.171275794506073,0.5711690187454224,0.7023724913597107,0.6371572066325261,0.9870437979698181,-0.008158176226962723,0.13693967189759915,0.2
96,n02123597/ILSVRC2012_val_00043632,supervised,resnet18_imagenet,gradcam,predicted,backbone.layer2,6,6,6,-0.2365192323923111,0.26081568002700806,0.12140637140632424,0.2920769919425729,0.16386470198631287,0.20228730142116547,0.35756915807724,0.5901904702186584,0.3752790178570681,0.9617974162101746,0.029437316047744688,0.16485872193144158,0.2
97,n02123597/ILSVRC2012_val_00045347,supervised,resnet18_imagenet,gradcam,predicted,backbone.layer2,6,6,6,0.024639880284667015,0.23106922209262848,0.1963132952721384,0.15781870711442475,0.2167152613401413,0.06610225141048431,0.4550699293613434,0.4039216935634613,0.43895487882644313,0.9961320161819458,0.11609555282983575,0.2465767611235661,0.2
98,n02123597/ILSVRC2012_val_00047103,supervised,resnet18_imagenet,gradcam,predicted,backbone.layer2,6,6,6,-0.05158018693327904,0.3572830259799957,0.1857959803525649,0.2059121621621125,0.22064073383808136,0.15751013159751892,0.777092695236206,0.8311943411827087,0.7959582270406578,0.9357907176017761,0.09688036798109159,0.2202425778422881,0.2
99,n02123597/ILSVRC2012_val_00048160,supervised,resnet18_imagenet,gradcam,predicted,backbone.layer2,6,6,6,-0.10727327316999435,0.4410857558250427,0.20415901276430595,0.13566399395861323,0.24127522110939026,0.19576601684093475,0.8254925608634949,0.7258664965629578,0.8190369897957552,0.9171922206878662,0.05903759274887801,0.1849889391744117,0.2
100,n02133161/ILSVRC2012_val_00004660,supervised,resnet18_imagenet,gradcam,predicted,backbone.layer2,7,17,17,-0.08101388067007065,0.25259560346603394,0.19565280310260322,0.1533264468577701,0.2664061486721039,0.09232322126626968,0.5935508012771606,0.5430129766464233,0.6233258928570187,0.9920248985290527,0.07228822272008373,0.20769368903492652,0.2
101,n02133161/ILSVRC2012_val_00006350,supervised,resnet18_imagenet,gradcam,predicted,backbone.layer2,7,7,7,0.26620206236839294,0.2988385856151581,0.19387244685277455,0.2102171892165088,0.1900993287563324,0.11340587586164474,0.40080997347831726,0.4742264449596405,0.37081473214278327,0.9574229121208191,0.22770771576814217,0.3378065676643812,0.2
102,n02133161/ILSVRC2012_val_00012507,supervised,resnet18_imagenet,gradcam,predicted,backbone.layer2,7,7,7,-0.08407355099916458,0.3438808023929596,0.3214962329821908,0.019753170366837876,0.2715044617652893,0.0762014165520668,0.4839296340942383,0.22931064665317535,0.3977798150509412,0.9773094058036804,0.06874540060504278,0.20248301885810163,0.2
103,n02133161/ILSVRC2012_val_00030951,supervised,resnet18_imagenet,gradcam,predicted,backbone.layer2,7,7,7,0.1766519397497177,0.22639329731464386,0.12740525788505633,0.43836220194788733,0.23046322166919708,0.19101734459400177,0.4502564072608948,0.9749496579170227,0.4504145408162368,0.9856671690940857,0.24039101384977019,0.35112011923474995,0.2
104,n02133161/ILSVRC2012_val_00033693,supervised,resnet18_imagenet,gradcam,predicted,backbone.layer2,7,7,7,-0.22570790350437164,0.274711549282074,0.06534990932725965,0.23709247748313153,0.2185988575220108,0.14954394102096558,0.6322132349014282,0.8616647124290466,0.7717833227039279,0.9771714806556702,0.00044955464136868517,0.14318855257441823,0.2
105,n02133161/ILSVRC2012_val_00033969,supervised,resnet18_imagenet,gradcam,predicted,backbone.layer2,7,7,7,0.17009705305099487,0.23735979199409485,0.17590622783957957,0.21299483648872072,0.1515222042798996,0.08214820176362991,0.375579297542572,0.5082560181617737,0.3618263711733973,0.9865530729293823,0.18470914051888804,0.30474219558933063,0.2
106,n02133161/ILSVRC2012_val_00035292,supervised,resnet18_imagenet,gradcam,predicted,backbone.layer2,7,7,7,-0.12306438386440277,0.3493441939353943,0.07168145460901446,0.2572879009306317,0.15015272796154022,0.2480308711528778,0.6406614780426025,0.9915264844894409,0.7773238201529064,0.988150417804718,0.04946505311613273,0.18739236720307825,0.2
107,n02133161/ILSVRC2012_val_00035591,supervised,resnet18_imagenet,gradcam,predicted,backbone.layer2,7,7,7,0.012416668236255646,0.4122769832611084,0.036875545035495984,0.21188735839709608,0.17200176417827606,0.19508622586727142,0.5146664977073669,0.6758569478988647,0.6293845663264052,0.9899422526359558,0.07959553832427987,0.21502789763623087,0.2
108,n02133161/ILSVRC2012_val_00043648,supervised,resnet18_imagenet,gradcam,predicted,backbone.layer2,7,7,7,-0.1045534685254097,0.3062880337238312,0.167311305116495,0.08992416034664916,0.1797870397567749,0.08475039899349213,0.26689979434013367,0.2059977799654007,0.22104193239791514,0.07291872799396515,0.03534925222877936,0.038652961580987424,0.2
109,n02133161/ILSVRC2012_val_00045891,supervised,resnet18_imagenet,gradcam,predicted,backbone.layer2,7,7,7,0.0012910703662782907,0.4033287465572357,0.2103458447016406,0.1627585718333229,0.27369487285614014,0.17716944217681885,0.4887539744377136,0.45962876081466675,0.4542410714284809,0.9727534055709839,0.11244775310700036,0.23964098959758587,0.2
110,n02133161/ILSVRC2012_val_00046668,supervised,resnet18_imagenet,gradcam,predicted,backbone.layer2,7,7,7,0.6349815726280212,0.2666883170604706,0.5212726370624403,0.5737200051324434,0.261732816696167,0.2323085516691208,0.4300147294998169,0.8806205987930298,0.2888432716836159,0.9444062113761902,0.5824904217096736,0.6376526426749569,0.2
111,n02133161/ILSVRC2012_val_00049613,supervised,resnet18_imagenet,gradcam,predicted,backbone.layer2,7,7,7,-0.08317428082227707,0.48549550771713257,0.14461278543785913,0.1772041925900518,0.21632307767868042,0.2390809953212738,0.5846623778343201,0.6466063857078552,0.6371572066325261,0.9376048445701599,0.06327538107946246,0.19198397290470476,0.2
96,n02123597/ILSVRC2012_val_00043632,supervised,resnet18_imagenet,gradcam,predicted,backbone.layer3,6,6,6,0.332509309053421,0.3152209222316742,0.32238409382429795,0.36651990720997657,0.1837993860244751,0.17808249592781067,0.4913594424724579,0.6750383377075195,0.3752790178570681,0.9971190690994263,0.3396749239316508,0.4381721187921799,0.2
97,n02123597/ILSVRC2012_val_00045347,supervised,resnet18_imagenet,gradcam,predicted,backbone.layer3,6,6,6,-0.12802433967590332,0.17335939407348633,0.20671484492614922,0.17627205693525944,0.1465177685022354,0.1170772910118103,0.49708229303359985,0.5222170948982239,0.43895487882644313,0.9984827637672424,0.06368633468806126,0.20071062114387236,0.2
98,n02123597/ILSVRC2012_val_00047103,supervised,resnet18_imagenet,gradcam,predicted,backbone.layer3,6,6,6,0.22802044451236725,0.3545704483985901,0.24329501915702761,0.24002481389572208,0.3452446758747101,0.17554858326911926,0.8881922960281372,0.9300420880317688,0.7959582270406578,0.8927010893821716,0.23620412772077182,0.3345422772498417,0.2
99,n02123597/ILSVRC2012_val_00048160,supervised,resnet18_imagenet,gradcam,predicted,backbone.layer3,6,6,6,0.33899515867233276,0.4089549481868744,0.24394219540671375,0.21882672641886516,0.23079167306423187,0.21914832293987274,0.9190926551818848,0.872652530670166,0.8190369897957552,0.2845064699649811,0.2744287400166068,0.2770165064864583,0.2
100,n02133161/ILSVRC2012_val_00004660,supervised,resnet18_imagenet,gradcam,predicted,backbone.layer3,7,17,17,0.36722007393836975,0.3188018798828125,0.0349483916223983,0.10339209401706641,0.20760418474674225,0.08796075731515884,0.4733043611049652,0.43983396887779236,0.6233258928570187,0.9906999468803406,0.18839017526718732,0.3117171393203466,0.2
101,n02133161/ILSVRC2012_val_00006350,supervised,resnet18_imagenet,gradcam,predicted,backbone.layer3,7,7,7,0.5476868748664856,0.4569780230522156,0.37630946660241404,0.2345184227536158,0.276516318321228,0.19552451372146606,0.47015419602394104,0.5078127980232239,0.37081473214278327,0.9864209890365601,0.4023231167534032,0.49236052689776144,0.2
102,n02133161/ILSVRC2012_val_00012507,supervised,resnet18_imagenet,gradcam,predicted,backbone.layer3,7,7,7,0.11951949447393417,0.31731361150741577,0.3081821353801866,0.11414880576497376,0.21457979083061218,0.09822904318571091,0.48024728894233704,0.35066765546798706,0.3977798150509412,0.9906390905380249,0.17450708013312174,0.29601042193287075,0.2
103,n02133161/ILSVRC2012_val_00030951,supervised,resnet18_imagenet,gradcam,predicted,backbone.layer3,7,7,7,0.28721797466278076,0.3142063319683075,0.20047820489233015,0.4343163538872086,0.2620311379432678,0.3171321749687195,0.5376577377319336,0.9585692882537842,0.4504145408162368,0.8374263048171997,0.30532555749897394,0.3848388765494379,0.2
104,n02133161/ILSVRC2012_val_00033693,supervised,resnet18_imagenet,gradcam,predicted,backbone.layer3,7,7,7,-0.22732482850551605,0.1321134716272354,0.05345028734389374,0.24409971168314648,0.2158902883529663,0.09438382089138031,0.6069419980049133,0.9501293897628784,0.7717833227039279,0.9506452083587646,-0.0016649316940943598,0.13742059103364412,0.2
105,n02133161/ILSVRC2012_val_00033969,supervised,resnet18_imagenet,gradcam,predicted,backbone.layer3,7,7,7,0.13879883289337158,0.32940396666526794,0.27510403473843176,0.31293372455856133,0.2429351955652237,0.23602738976478577,0.4237695634365082,0.6373568773269653,0.3618263711733973,0.9886143803596497,0.23193086094644655,0.3438811883908758,0.2
106,n02133161/ILSVRC2012_val_00035292,supervised,resnet18_imagenet,gradcam,predicted,backbone.layer3,7,7,7,-0.27629831433296204,0.3961060047149658,0.03490629748437555,0.2527590435315112,0.1936185210943222,0.29600656032562256,0.6238449811935425,0.9236558079719543,0.7773238201529064,0.9847404956817627,-0.0242197234284188,0.12292299958969939,0.2
107,n02133161/ILSVRC2012_val_00035591,supervised,resnet18_imagenet,gradcam,predicted,backbone.layer3,7,7,7,-0.10360904037952423,0.29664337635040283,0.053384296056281734,0.2277622068150973,0.2180379182100296,0.18944334983825684,0.5340710282325745,0.7856294512748718,0.6293845663264052,0.9947739243507385,0.04290033470960401,0.18323955023762203,0.2
108,n02133161/ILSVRC2012_val_00043648,supervised,resnet18_imagenet,gradcam,predicted,backbone.layer3,7,7,7,0.6883544921875,0.437595009803772,0.5080305517877736,0.3578866178169701,0.2789444625377655,0.2364582121372223,0.4088907837867737,0.4989166557788849,0.22104193239791514,0.9506463408470154,0.535116947756423,0.6000003157938633,0.2
109,n02133161/ILSVRC2012_val_00045891,supervised,resnet18_imagenet,gradcam,predicted,backbone.layer3,7,7,7,0.4661789834499359,0.40901443362236023,0.1941867656152664,0.4310495118547633,0.3049522042274475,0.32142168283462524,0.503485918045044,0.8568768501281738,0.4542410714284809,0.991007924079895,0.37404247662098333,0.4681229021869693,0.2
110,n02133161/ILSVRC2012_val_00046668,supervised,resnet18_imagenet,gradcam,predicted,backbone.layer3,7,7,7,0.5612223744392395,0.16995668411254883,0.5888068402639015,0.5770590882784176,0.32350677251815796,0.17694026231765747,0.4603101313114166,0.8972675800323486,0.2888432716836159,0.9768897891044617,0.5742487283383916,0.6344277815549829,0.2
111,n02133161/ILSVRC2012_val_00049613,supervised,resnet18_imagenet,gradcam,predicted,backbone.layer3,7,7,7,-0.055443983525037766,0.3220118582248688,0.12396981697524244,0.28518541182221113,0.2836896479129791,0.2800996005535126,0.575947642326355,0.8582401871681213,0.6371572066325261,0.9793909192085266,0.10056897522922095,0.22979205084687915,0.2
96,n02123597/ILSVRC2012_val_00043632,supervised,resnet18_imagenet,gradcam,predicted,backbone.layer4,6,6,6,0.3318548798561096,0.5237210392951965,0.35009354536934045,0.528299888812131,0.3063996434211731,0.5015556216239929,0.4463657736778259,0.6604633927345276,0.3752790178570681,0.9952005743980408,0.3962599821968853,0.48502765265471237,0.2
97,n02123597/ILSVRC2012_val_00045347,supervised,resnet18_imagenet,gradcam,predicted,backbone.layer4,6,6,6,0.3274519741535187,0.5127237439155579,0.275623433957652,0.45561861520978175,0.28782913088798523,0.46229973435401917,0.47431480884552,0.748142421245575,0.43895487882644313,0.9971457719802856,0.3503534044116376,0.4469905690426328,0.2
98,n02123597/ILSVRC2012_val_00047103,supervised,resnet18_imagenet,gradcam,predicted,backbone.layer4,6,6,6,-0.039132799953222275,0.5372965335845947,0.12632978723401408,0.25126445991280205,0.3515646457672119,0.5795109272003174,0.7193400263786316,0.9326434135437012,0.7959582270406578,0.8659490346908569,0.09762515416275593,0.21059443700670477,0.2
99,n02123597/ILSVRC2012_val_00048160,supervised,resnet18_imagenet,gradcam,predicted,backbone.layer4,6,6,6,0.30505138635635376,0.5476241707801819,0.1963972394431638,0.24418434884167703,0.3458828330039978,0.47592633962631226,0.811622679233551,0.908464789390564,0.8190369897957552,0.9261211156845093,0.2541950310279938,0.3558315496486104,0.2
100,n02133161/ILSVRC2012_val_00004660,supervised,resnet18_imagenet,gradcam,predicted,backbone.layer4,7,17,17,0.29820379614830017,0.628148078918457,0.2526836072532438,0.23582027043190268,0.3826908767223358,0.3507916033267975,0.6258798837661743,0.6461666822433472,0.6233258928570187,0.9957446455955505,0.265832681764864,0.3758589949125242,0.2
101,n02133161/ILSVRC2012_val_00006350,supervised,resnet18_imagenet,gradcam,predicted,backbone.layer4,7,7,7,0.3321475684642792,0.5486485958099365,0.23558583811279676,0.3648320228733072,0.23957379162311554,0.39549726247787476,0.39109310507774353,0.5120984315872192,0.37081473214278327,0.9765084385871887,0.31298438568154285,0.412832379997102,0.2
102,n02133161/ILSVRC2012_val_00012507,supervised,resnet18_imagenet,gradcam,predicted,backbone.layer4,7,7,7,-0.3435198962688446,0.4367717206478119,0.18965107057883043,0.23554127533356584,0.22446425259113312,0.30083203315734863,0.3734417259693146,0.471755713224411,0.3977798150509412,0.9442502856254578,-0.009850254733818967,0.12770366562782212,0.2
103,n02133161/ILSVRC2012_val_00030951,supervised,resnet18_imagenet,gradcam,predicted,backbone.layer4,7,7,7,0.11619376391172409,0.5051913857460022,0.1575568403503857,0.3588291626762881,0.2535414695739746,0.45526841282844543,0.44583940505981445,0.6120718717575073,0.4504145408162368,0.9620258808135986,0.20139330647269177,0.3140682002478117,0.2
104,n02133161/ILSVRC2012_val_00033693,supervised,resnet18_imagenet,gradcam,predicted,backbone.layer4,7,7,7,0.3582434356212616,0.5422680377960205,0.23759135200968395,0.259134925758487,0.35710301995277405,0.42411476373672485,0.8165767192840576,0.8426425457000732,0.7717833227039279,0.8514047265052795,0.29231525757895593,0.37727748088527624,0.2
105,n02133161/ILSVRC2012_val_00033969,supervised,resnet18_imagenet,gradcam,predicted,backbone.layer4,7,7,7,0.2647518515586853,0.5267258286476135,0.2737788622293282,0.4879130159397826,0.2989506423473358,0.3945483863353729,0.4483323097229004,0.5247132182121277,0.3618263711733973,0.9886612892150879,0.3344083040742073,0.4313853109700807,0.2
106,n02133161/ILSVRC2012_val_00035292,supervised,resnet18_imagenet,gradcam,predicted,backbone.layer4,7,7,7,0.357239693403244,0.532590389251709,0.23739591218767667,0.25058655513611894,0.3574439585208893,0.41217610239982605,0.8039671182632446,0.8596636056900024,0.7773238201529064,0.9842539429664612,0.28929061755843627,0.39466760096705344,0.2
107,n02133161/ILSVRC2012_val_00035591,supervised,resnet18_imagenet,gradcam,predicted,backbone.layer4,7,7,7,-0.042383793741464615,0.5295222401618958,0.13892005802015958,0.316805366579022,0.327365905046463,0.5465866923332214,0.612547755241394,0.7618615627288818,0.6293845663264052,0.6596106886863708,0.11976410988316862,0.1980386316432384,0.2
108,n02133161/ILSVRC2012_val_00043648,supervised,resnet18_imagenet,gradcam,predicted,backbone.layer4,7,7,7,0.5796393156051636,0.6051976084709167,0.4432151881442032,0.45646328852088486,0.2568794786930084,0.31049880385398865,0.3396454453468323,0.3748790919780731,0.22104193239791514,0.8947562575340271,0.5017592692415919,0.5620068182581833,0.2
109,n02133161/ILSVRC2012_val_00045891,supervised,resnet18_imagenet,gradcam,predicted,backbone.layer4,7,7,7,-0.022603275254368782,0.435089647769928,0.21390018484280446,0.343111983961236,0.2811267375946045,0.4750047028064728,0.49528783559799194,0.6313683390617371,0.4542410714284809,0.9851711392402649,0.1580623405394646,0.2791175667480208,0.2
110,n02133161/ILSVRC2012_val_00046668,supervised,resnet18_imagenet,gradcam,predicted,backbone.layer4,7,7,7,0.27227500081062317,0.553970992565155,0.36122981297499235,0.520267757530358,0.2948887348175049,0.41187477111816406,0.37735918164253235,0.49369993805885315,0.2888432716836159,0.9480295777320862,0.37335927147585435,0.4578750795698686,0.2
111,n02133161/ILSVRC2012_val_00049613,supervised,resnet18_imagenet,gradcam,predicted,backbone.layer4,7,7,7,0.4790101647377014,0.5291451811790466,0.23515055281103414,0.2820911920892748,0.2663346230983734,0.3812375068664551,0.6522328853607178,0.7799153327941895,0.6371572066325261,0.9858806729316711,0.34677658936517325,0.4448460948230234,0.2
112,n02133161/ILSVRC2012_val_00049973,supervised,resnet18_imagenet,gradcam,predicted,backbone.layer1,7,7,7,0.002201814204454422,0.10986529290676117,0.13042589716335715,0.24837515797064072,0.16631077229976654,0.05046885460615158,0.36715689301490784,0.5628783106803894,0.35120376275503207,0.9798174500465393,0.11452104222198112,0.24244351626203942,0.2
113,n02165456/ILSVRC2012_val_00006966,supervised,resnet18_imagenet,gradcam,predicted,backbone.layer1,8,8,8,0.290406733751297,0.2619905173778534,0.09643038402969342,0.26879404855102895,0.06210058555006981,0.1706627607345581,0.0725812241435051,0.25479766726493835,0.0583346619897843,0.9767480492591858,0.22573002327473551,0.3394606723470124,0.2
114,n02165456/ILSVRC2012_val_00015975,supervised,resnet18_imagenet,gradcam,predicted,backbone.layer1,8,8,8,0.1551280915737152,0.34072431921958923,0.141916738548081,0.398865469106057,0.1716112494468689,0.23583713173866272,0.3135939836502075,0.5924586653709412,0.30129942602034815,0.7534553408622742,0.22428589892572748,0.30250868509367596,0.2
115,n02165456/ILSVRC2012_val_00017130,supervised,resnet18_imagenet,gradcam,predicted,backbone.layer1,8,8,8,-0.11463743448257446,0.4709063768386841,0.16315001361273948,0.05040260618350826,0.10496988147497177,0.08704626560211182,0.15799309313297272,0.11670724302530289,0.14058514030609442,0.9952279329299927,0.018210812145844534,0.1625492428196598,0.2
116,n02165456/ILSVRC2012_val_00017406,supervised,resnet18_imagenet,gradcam,predicted,backbone.layer1,8,8,8,0.2825419306755066,0.5402445793151855,0.226849200978547,0.24631167045628305,0.23385071754455566,0.4061572253704071,0.7764531373977661,0.8158817291259766,0.7394571109692404,0.9530368447303772,0.25496503370065166,0.3601354203046914,0.2
117,n02165456/ILSVRC2012_val_00017635,supervised,resnet18_imagenet,gradcam,predicted,backbone.layer1,8,8,8,0.3246084153652191,0.4644833207130432,0.09083074801784657,0.14655797101436,0.06496207416057587,0.09306496381759644,0.08433201164007187,0.11189215630292892,0.05227598852039775,0.983559787273407,0.2010599818557496,0.3204940932268894,0.2
118,n02165456/ILSVRC2012_val_00018858,supervised,resnet18_imagenet,gradcam,predicted,backbone.layer1,8,8,8,0.21011652052402496,0.571445643901825,0.13416709205365476,0.29729466718538605,0.07469949871301651,0.13093464076519012,0.08885631710290909,0.14781951904296875,0.06568877551019099,0.9915719628334045,0.21348513598132224,0.3301420164181796,0.2
119,n02165456/ILSVRC2012_val_00021935,supervised,resnet18_imagenet,gradcam,predicted,backbone.layer1,8,8,8,0.18209072947502136,0.43759194016456604,0.12317979197613434,0.09701763297286334,0.0961649939417839,0.06632731109857559,0.13275238871574402,0.09871696680784225,0.10130341198977573,0.9896702766418457,0.13889551927470783,0.26723165304978375,0.2
120,n02165456/ILSVRC2012_val_00023833,supervised,resnet18_imagenet,gradcam,predicted,backbone.layer1,8,8,8,-0.4749974012374878,0.2598184645175934,0.16888347695750383,0.07577586206890019,0.10966718196868896,0.04773002117872238,0.12795890867710114,0.05086521431803703,0.04870854591835764,0.9712652564048767,-0.11660115878707392,0.04060553278421178,0.2
121,n02165456/ILSVRC2012_val_00024558,supervised,resnet18_imagenet,gradcam,predicted,backbone.layer1,8,8,8,-0.10162020474672318,0.3410184383392334,0.2031903972200875,0.04370461707080168,0.1048722043633461,0.06425799429416656,0.15358921885490417,0.07583513110876083,0.10365513392855077,0.9979043006896973,0.03342042238857748,0.17584232701482377,0.2
122,n02165456/ILSVRC2012_val_00025218,supervised,resnet18_imagenet,gradcam,predicted,backbone.layer1,8,3,3,0.16194333136081696,0.3401072025299072,0.1170317097089596,0.1266073194855534,0.08123312890529633,0.09941893815994263,0.10664785653352737,0.14171554148197174,0.072405133928557,0.9988833665847778,0.13786904130268068,0.26742242826263085,0.2
123,n02165456/ILSVRC2012_val_00029086,supervised,resnet18_imagenet,gradcam,predicted,backbone.layer1,8,8,8,0.6309897899627686,0.2783953845500946,0.6683954360482978,0.7298146922561798,0.2340543270111084,0.28079134225845337,0.46048760414123535,0.9507210850715637,0.2167370854591405,0.9476311802864075,0.6718589544764507,0.7125436356060494,0.2
124,n02165456/ILSVRC2012_val_00029421,supervised,resnet18_imagenet,gradcam,predicted,backbone.layer1,8,8,8,0.12944990396499634,0.4888904392719269,0.02838991463169705,0.012410827714245664,0.015926672145724297,0.007257125340402126,0.016085561364889145,0.007307237479835749,0.00647720025510075,0.9697352051734924,0.06402018428978136,0.20096793275025826,0.2
125,n02165456/ILSVRC2012_val_00031140,supervised,resnet18_imagenet,gradcam,predicted,backbone.layer1,8,8,8,0.12247316539287567,0.5196349620819092,0.1610181818180647,0.0462677763942288,0.11263757944107056,0.06486262381076813,0.15329381823539734,0.08658838272094727,0.11816406249997646,0.9798232913017273,0.11117505362083831,0.24166059113583893,0.2
126,n02165456/ILSVRC2012_val_00031903,supervised,resnet18_imagenet,gradcam,predicted,backbone.layer1,8,8,8,-0.35637038946151733,0.13189750909805298,0.24298885900860256,0.006689483509640098,0.16035066545009613,0.017613297328352928,0.22666284441947937,0.019426412880420685,0.057936065051008866,0.9966303706169128,-0.06764465302913415,0.08718450491056652,0.2
127,n02165456/ILSVRC2012_val_00032986,supervised,resnet18_imagenet,gradcam,predicted,backbone.layer1,8,8,8,-0.019402766600251198,0.33598583936691284,0.3759306380167977,0.024130190796840537,0.16414649784564972,0.03256635740399361,0.2062474489212036,0.04335249215364456,0.09097975127549207,0.9912352561950684,0.11225714200399099,0.24190952732258186,0.2
112,n02133161/ILSVRC2012_val_00049973,supervised,resnet18_imagenet,gradcam,predicted,backbone.layer2,7,7,7,-0.03951252996921539,0.40199047327041626,0.2159595515496962,0.29662447257370056,0.2196914106607437,0.192769393324852,0.42236563563346863,0.5080503225326538,0.35120376275503207,0.4896838068962097,0.13797019524933285,0.18776919157605526,0.2
113,n02165456/ILSVRC2012_val_00006966,supervised,resnet18_imagenet,gradcam,predicted,backbone.layer2,8,8,8,0.6411034464836121,0.11885901540517807,0.24109536576001425,0.2545489740609228,0.11595749109983444,0.14620763063430786,0.14287103712558746,0.5249373316764832,0.0583346619897843,0.8995133638381958,0.40513468053972596,0.48322429580022785,0.2
114,n02165456/ILSVRC2012_val_00015975,supervised,resnet18_imagenet,gradcam,predicted,backbone.layer2,8,8,8,0.0017012241296470165,0.17502470314502716,0.11681911020330485,0.4390411350761262,0.1657346785068512,0.19359762966632843,0.26573970913887024,0.7761620879173279,0.30129942602034815,0.9446009993553162,0.1674385632356881,0.28125063966853164,0.2
115,n02165456/ILSVRC2012_val_00017130,supervised,resnet18_imagenet,gradcam,predicted,backbone.layer2,8,8,8,0.18197506666183472,0.12554293870925903,0.10931515741635227,0.07498270113853243,0.09686408191919327,0.030804453417658806,0.1272994726896286,0.12945042550563812,0.14058514030609442,0.9932118058204651,0.1280793842311993,0.2587475088434331,0.2
116,n02165456/ILSVRC2012_val_00017406,supervised,resnet18_imagenet,gradcam,predicted,backbone.layer2,8,8,8,0.2904023230075836,0.4893226623535156,0.21872899322606684,0.24562006183435628,0.24507351219654083,0.3463245928287506,0.7619732618331909,0.8898907899856567,0.7394571109692404,0.9907719492912292,0.2554656457211604,0.36634386921144446,0.2
117,n02165456/ILSVRC2012_val_00017635,supervised,resnet18_imagenet,gradcam,predicted,backbone.layer2,8,8,8,0.3179427981376648,0.13217394053936005,0.08829851259557363,0.2424420887316034,0.06349636614322662,0.2245456725358963,0.07091538608074188,0.41843464970588684,0.05227598852039775,0.9380924701690674,0.22639929965321903,0.33467900020533703,0.2
118,n02165456/ILSVRC2012_val_00018858,supervised,resnet18_imagenet,gradcam,predicted,backbone.layer2,8,8,8,0.18259607255458832,0.29559051990509033,0.18025675077451947,0.21710946772553902,0.0947282463312149,0.1265440285205841,0.10059312731027603,0.16834625601768494,0.06568877551019099,0.9900578856468201,0.19224829457185286,0.3117588628661435,0.2
119,n02165456/ILSVRC2012_val_00021935,supervised,resnet18_imagenet,gradcam,predicted,backbone.layer2,8,8,8,0.4358319044113159,0.39693546295166016,0.011372758897503764,0.17998751170763347,0.0590171292424202,0.11190001666545868,0.08620085567235947,0.1960328072309494,0.10130341198977573,0.9594065546989441,0.23174084294606756,0.3442922174000865,0.2
120,n02165456/ILSVRC2012_val_00023833,supervised,resnet18_imagenet,gradcam,predicted,backbone.layer2,8,8,8,0.24214807152748108,0.328153133392334,0.23787322686217846,0.18858938946548376,0.11568380892276764,0.14226123690605164,0.12300853431224823,0.17400936782360077,0.04870854591835764,0.9736871719360352,0.2247980135092911,0.33742055490693923,0.2
121,n02165456/ILSVRC2012_val_00024558,supervised,resnet18_imagenet,gradcam,predicted,backbone.layer2,8,8,8,-0.030509095638990402,0.4580782651901245,0.24375510204061732,0.09336203803366101,0.12978170812129974,0.0801403671503067,0.1688825935125351,0.10764660686254501,0.10365513392855077,0.9969249367713928,0.08893150376668733,0.22313984206063187,0.2
122,n02165456/ILSVRC2012_val_00025218,supervised,resnet18_imagenet,gradcam,predicted,backbone.layer2,8,3,3,0.08433439582586288,0.27163177728652954,0.2620498614956029,0.10270270270261984,0.12586727738380432,0.08028560876846313,0.15649491548538208,0.11516911536455154,0.072405133928557,0.9987277984619141,0.14315952758981199,0.27051434935789476,0.2
123,n02165456/ILSVRC2012_val_00029086,supervised,resnet18_imagenet,gradcam,predicted,backbone.layer2,8,8,8,0.7434902787208557,0.3555142879486084,0.6721311475404461,0.7326814716599828,0.2859765291213989,0.3162243962287903,0.4373416304588318,0.796110212802887,0.2167370854591405,0.9950485229492188,0.718839897248471,0.7606820307947896,0.2
124,n02165456/ILSVRC2012_val_00029421,supervised,resnet18_imagenet,gradcam,predicted,backbone.layer2,8,8,8,0.395535409450531,0.3466809093952179,0.031358885017390384,0.025437988716197724,0.019869791343808174,0.029128102585673332,0.02008635737001896,0.03006218932569027,0.00647720025510075,0.8744160532951355,0.17525322590028886,0.28379901973535315,0.2
125,n02165456/ILSVRC2012_val_00031140,supervised,resnet18_imagenet,gradcam,predicted,backbone.layer2,8,8,8,0.2752637565135956,0.42393946647644043,0.030068395922035057,0.07443801319149654,0.06774510443210602,0.07724353671073914,0.08992864936590195,0.11620237678289413,0.11816406249997646,0.950135350227356,0.1414574253394977,0.26498921959224475,0.2
126,n02165456/ILSVRC2012_val_00031903,supervised,resnet18_imagenet,gradcam,predicted,backbone.layer2,8,8,8,0.07798627763986588,0.40822145342826843,0.23645743766099506,0.08719758064508804,0.12603837251663208,0.05345726013183594,0.1516290307044983,0.05929868295788765,0.057936065051008866,0.9864329695701599,0.12829101654777128,0.2561738971859978,0.2
127,n02165456/ILSVRC2012_val_00032986,supervised,resnet18_imagenet,gradcam,predicted,backbone.layer2,8,8,8,0.3694252669811249,0.33600908517837524,0.394860036304199,0.15771945127257336,0.1758342683315277,0.11173728853464127,0.2186988890171051,0.19233937561511993,0.09097975127549207,0.991635262966156,0.3135439530654817,0.4161890047825102,0.2
112,n02133161/ILSVRC2012_val_00049973,supervised,resnet18_imagenet,gradcam,predicted,backbone.layer3,7,7,7,0.1477135717868805,0.3217657506465912,0.29851166721428307,0.27288205788952513,0.2405715435743332,0.17464713752269745,0.46184831857681274,0.5266642570495605,0.35120376275503207,0.966161847114563,0.23050354624589464,0.3394724584685447,0.2
113,n02165456/ILSVRC2012_val_00006966,supervised,resnet18_imagenet,gradcam,predicted,backbone.layer3,8,8,8,0.4324769377708435,0.32645297050476074,0.27691853019379675,0.17017242935797583,0.26848700642585754,0.12216703593730927,0.3498716652393341,0.19461511075496674,0.0583346619897843,0.9944844245910645,0.3071180629738692,0.41231233179639803,0.2
114,n02165456/ILSVRC2012_val_00015975,supervised,resnet18_imagenet,gradcam,predicted,backbone.layer3,8,8,8,0.10986775904893875,0.21545875072479248,0.058895343942048116,0.4524194479729458,0.2001841813325882,0.22202536463737488,0.2870369851589203,0.7452099919319153,0.30129942602034815,0.9129374027252197,0.19734154119407368,0.30322302405465995,0.2
115,n02165456/ILSVRC2012_val_00017130,supervised,resnet18_imagenet,gradcam,predicted,backbone.layer3,8,8,8,0.2961898744106293,0.3693218529224396,0.4290851312924995,0.12825082508242358,0.1987675577402115,0.10534100234508514,0.31116294860839844,0.17617267370224,0.14058514030609442,0.9927654266357422,0.2856767366767286,0.39191525913281233,0.2
116,n02165456/ILSVRC2012_val_00017406,supervised,resnet18_imagenet,gradcam,predicted,backbone.layer3,8,8,8,-0.005587909836322069,0.29740986227989197,0.1911656937810651,0.242599182812642,0.1863161027431488,0.19199074804782867,0.777661919593811,0.8983319401741028,0.7394571109692404,0.9891869425773621,0.1278942990435833,0.25486349209231834,0.2
117,n02165456/ILSVRC2012_val_00017635,supervised,resnet18_imagenet,gradcam,predicted,backbone.layer3,8,8,8,-0.05457589402794838,0.20818302035331726,0.26050587532338126,0.0,0.2508849799633026,0.004586297553032637,0.31381168961524963,0.0058991070836782455,0.05227598852039775,0.986845076084137,0.05632140498583503,0.1940516673336839,0.2
118,n02165456/ILSVRC2012_val_00018858,supervised,resnet18_imagenet,gradcam,predicted,backbone.layer3,8,8,8,0.07405105233192444,0.38713404536247253,0.293392839817315,0.010306934444857668,0.15955878794193268,0.023232314735651016,0.1725652515888214,0.029364142566919327,0.06568877551019099,0.6558326482772827,0.12073035321142157,0.20021770912330913,0.2
119,n02165456/ILSVRC2012_val_00021935,supervised,resnet18_imagenet,gradcam,predicted,backbone.layer3,8,8,8,0.5077153444290161,0.32856857776641846,0.37174485073915997,0.23887568630645015,0.2438427358865738,0.1816808581352234,0.33083683252334595,0.29137688875198364,0.10130341198977573,0.9808446168899536,0.38627229888528947,0.4774821973450512,0.2
120,n02165456/ILSVRC2012_val_00023833,supervised,resnet18_imagenet,gradcam,predicted,backbone.layer3,8,8,8,0.42760294675827026,0.28175511956214905,0.2435233160619335,0.08607484769357172,0.17277033627033234,0.09516027569770813,0.18921934068202972,0.13743624091148376,0.04870854591835764,0.9514201283454895,0.2699206278299597,0.37477359155609435,0.2
121,n02165456/ILSVRC2012_val_00024558,supervised,resnet18_imagenet,gradcam,predicted,backbone.layer3,8,8,8,0.011393792927265167,0.2500220537185669,0.4795105845790643,0.10718697769049691,0.28068602085113525,0.0850425511598587,0.4026634395122528,0.13640014827251434,0.10365513392855077,0.9984005689620972,0.18056678585177444,0.30042230343624765,0.2
122,n02165456/ILSVRC2012_val_00025218,supervised,resnet18_imagenet,gradcam,predicted,backbone.layer3,8,3,3,-0.14415955543518066,0.11864721029996872,0.36203288490247926,0.024507232256595585,0.22699987888336182,0.014969386160373688,0.27583199739456177,0.028367266058921814,0.072405133928557,0.9993666410446167,0.05829821297365018,0.196084181044148,0.2
123,n02165456/ILSVRC2012_val_00029086,supervised,resnet18_imagenet,gradcam,predicted,backbone.layer3,8,8,8,0.692655086517334,0.2648997902870178,0.7269799322811735,0.5713534230100162,0.2941431403160095,0.25070977210998535,0.47175872325897217,0.8540170788764954,0.2167370854591405,0.996332049369812,0.6665620411942905,0.7164624265093361,0.2
124,n02165456/ILSVRC2012_val_00029421,supervised,resnet18_imagenet,gradcam,predicted,backbone.layer3,8,8,8,-0.024369481950998306,0.2800343632698059,0.032386646736390245,0.0,0.03639616817235947,0.0,0.03685350716114044,0.0,0.00647720025510075,0.9806650876998901,-3.179875948224921e-05,0.14666710615623169,0.2
125,n02165456/ILSVRC2012_val_00031140,supervised,resnet18_imagenet,gradcam,predicted,backbone.layer3,8,8,8,0.17463970184326172,0.26246142387390137,0.5735830458348214,0.1225652204485461,0.2907447814941406,0.07580166310071945,0.4551924765110016,0.1781078577041626,0.11816406249997646,0.9959880709648132,0.27870036062231496,0.38455917286070546,0.2
126,n02165456/ILSVRC2012_val_00031903,supervised,resnet18_imagenet,gradcam,predicted,backbone.layer3,8,8,8,0.2128661572933197,0.31339627504348755,0.2896860986544198,0.1527567471273245,0.22499367594718933,0.10944557934999466,0.27230924367904663,0.12708282470703125,0.057936065051008866,0.9995134472846985,0.21787931665185117,0.33504088359080275,0.2
127,n02165456/ILSVRC2012_val_00032986,supervised,resnet18_imagenet,gradcam,predicted,backbone.layer3,8,8,8,0.17101147770881653,0.31794431805610657,0.42341815345576345,0.1190311949106162,0.2787594795227051,0.09866594523191452,0.3766016364097595,0.1307014524936676,0.09097975127549207,0.9830250144004822,0.2311393955934405,0.342920106449753,0.2
112,n02133161/ILSVRC2012_val_00049973,supervised,resnet18_imagenet,gradcam,predicted,backbone.layer4,7,7,7,0.43550482392311096,0.5535722970962524,0.3042063566913589,0.47378237237532034,0.2739180624485016,0.41895267367362976,0.4306308329105377,0.5863751173019409,0.35120376275503207,0.9911922216415405,0.40759854828924813,0.4956027038859897,0.2
113,n02165456/ILSVRC2012_val_00006966,supervised,resnet18_imagenet,gradcam,predicted,backbone.layer4,8,8,8,0.6912680268287659,0.5450440049171448,0.2913017515920668,0.291330745495878,0.142095685005188,0.1699686050415039,0.14870710670948029,0.17507433891296387,0.0583346619897843,0.9982441663742065,0.4512969598578898,0.5373385586181852,0.2
114,n02165456/ILSVRC2012_val_00015975,supervised,resnet18_imagenet,gradcam,predicted,backbone.layer4,8,8,8,0.5214474201202393,0.5778090357780457,0.3036019694219727,0.4683596030353366,0.2503902018070221,0.35620877146720886,0.38289251923561096,0.4589180648326874,0.30129942602034815,0.99177485704422,0.4401674397852885,0.524263218713044,0.2
115,n02165456/ILSVRC2012_val_00017130,supervised,resnet18_imagenet,gradcam,predicted,backbone.layer4,8,8,8,0.6275153756141663,0.5057722926139832,0.6017989318836299,0.6490398533237006,0.25251951813697815,0.3573927581310272,0.287384569644928,0.39979666471481323,0.14058514030609442,0.9982692003250122,0.6262577858078657,0.6820804578155426,0.2
116,n02165456/ILSVRC2012_val_00017406,supervised,resnet18_imagenet,gradcam,predicted,backbone.layer4,8,8,8,0.11785018444061279,0.5445078015327454,0.155988721343593,0.27046330485398207,0.3782082200050354,0.4442306458950043,0.7380406260490417,0.8877914547920227,0.7394571109692404,0.9294652938842773,0.17507568163551762,0.28728036518624983,0.2
117,n02165456/ILSVRC2012_val_00017635,supervised,resnet18_imagenet,gradcam,predicted,backbone.layer4,8,8,8,0.5705881118774414,0.5590709447860718,0.23853300733473,0.2613851519678511,0.10098791867494583,0.12374193221330643,0.10603270679712296,0.1274310201406479,0.05227598852039775,0.9772814512252808,0.3782106925417509,0.4712775966665419,0.2
118,n02165456/ILSVRC2012_val_00018858,supervised,resnet18_imagenet,gradcam,predicted,backbone.layer4,8,8,8,0.6385161280632019,0.5712234377861023,0.32575004967184007,0.32845042351736076,0.14107252657413483,0.16147533059120178,0.15102237462997437,0.168868288397789,0.06568877551019099,0.9983171224594116,0.451666593182041,0.5367783314883325,0.2
119,n02165456/ILSVRC2012_val_00021935,supervised,resnet18_imagenet,gradcam,predicted,backbone.layer4,8,8,8,0.5035008788108826,0.5436052680015564,0.34430019562480496,0.4686529503101041,0.16734549403190613,0.2150527536869049,0.1839272379875183,0.22653862833976746,0.10130341198977573,0.9759496450424194,0.4452862953048258,0.525856040823899,0.2
120,n02165456/ILSVRC2012_val_00023833,supervised,resnet18_imagenet,gradcam,predicted,backbone.layer4,8,8,8,0.5972295999526978,0.524741530418396,0.24318407960174807,0.24354758345765465,0.12259606271982193,0.1327265053987503,0.12846346199512482,0.13684658706188202,0.04870854591835764,0.9878545999526978,0.38491133889889995,0.47889146574119956,0.2
121,n02165456/ILSVRC2012_val_00024558,supervised,resnet18_imagenet,gradcam,predicted,backbone.layer4,8,8,8,0.6544618606567383,0.5668500065803528,0.5112036486213452,0.515869067753939,0.20879723131656647,0.2574821710586548,0.22854012250900269,0.2755286693572998,0.10365513392855077,0.9969000220298767,0.5699065591752805,0.635364833628161,0.2
122,n02165456/ILSVRC2012_val_00025218,supervised,resnet18_imagenet,gradcam,predicted,backbone.layer4,8,3,3,0.2971668541431427,0.5268234610557556,0.25716911764682243,0.1918381583535125,0.12500028312206268,0.12459047138690948,0.13023307919502258,0.13094905018806458,0.072405133928557,0.9994824528694153,0.25356892445735757,0.36618258588059593,0.2
123,n02165456/ILSVRC2012_val_00029086,supervised,resnet18_imagenet,gradcam,predicted,backbone.layer4,8,8,8,0.5772011876106262,0.573614239692688,0.568163081765294,0.7034623217916876,0.2917109429836273,0.40773603320121765,0.3633168935775757,0.4747820198535919,0.2167370854591405,0.996697187423706,0.6123680961113449,0.6694313446665204,0.2
124,n02165456/ILSVRC2012_val_00029421,supervised,resnet18_imagenet,gradcam,predicted,backbone.layer4,8,8,8,0.6971818208694458,0.5340596437454224,0.032386646736390245,0.032386646736390245,0.01947377435863018,0.021473394706845284,0.019539153203368187,0.02152751199901104,0.00647720025510075,0.9884713888168335,0.2983047163896124,0.40847766899502613,0.2
125,n02165456/ILSVRC2012_val_00031140,supervised,resnet18_imagenet,gradcam,predicted,backbone.layer4,8,8,8,0.5891293287277222,0.5546637773513794,0.5169040835702593,0.5788744931257255,0.22320431470870972,0.28841230273246765,0.24443788826465607,0.3084303140640259,0.11816406249997646,0.9944058656692505,0.5643853044998843,0.6293007890790865,0.2
126,n02165456/ILSVRC2012_val_00031903,supervised,resnet18_imagenet,gradcam,predicted,backbone.layer4,8,8,8,0.5960698127746582,0.5254026651382446,0.28959952181680654,0.2896860986544198,0.13385744392871857,0.16360031068325043,0.1397198736667633,0.16901619732379913,0.057936065051008866,0.9981414079666138,0.4122136112512312,0.503167050783929,0.2
127,n02165456/ILSVRC2012_val_00032986,supervised,resnet18_imagenet,gradcam,predicted,backbone.layer4,8,8,8,0.5132309794425964,0.5283681154251099,0.40759298516052456,0.4320745463458243,0.1820894479751587,0.21782658994197845,0.19624847173690796,0.2272356003522873,0.09097975127549207,0.9931544065475464,0.45719265122894326,0.538520886663628,0.2
128,n02165456/ILSVRC2012_val_00036251,supervised,resnet18_imagenet,gradcam,predicted,backbone.layer1,8,8,8,0.34282249212265015,0.6157128810882568,0.33577740176709164,0.12657073770161867,0.26232489943504333,0.1943761557340622,0.459875226020813,0.35860475897789,0.36641023596931477,0.9919537901878357,0.27583343868967314,0.38436797563828046,0.2
129,n02165456/ILSVRC2012_val_00046856,supervised,resnet18_imagenet,gradcam,predicted,backbone.layer1,8,8,8,0.18749095499515533,0.5647075772285461,0.08964178577722812,0.19289094948305524,0.06101158633828163,0.0906095802783966,0.06947586685419083,0.10016462951898575,0.04613759566325611,0.9315235614776611,0.15975620257614714,0.27598355228502436,0.2
130,n02165456/ILSVRC2012_val_00048026,supervised,resnet18_imagenet,gradcam,predicted,backbone.layer1,8,9,9,-0.06814343482255936,0.243269681930542,0.24521460494118794,0.021230982019349077,0.11188060790300369,0.017029661685228348,0.15688343346118927,0.03330780193209648,0.09430803571426692,0.9802365303039551,0.05267630215913735,0.18979667409783174,0.2
131,n02281406/ILSVRC2012_val_00000618,supervised,resnet18_imagenet,gradcam,predicted,backbone.layer1,9,9,9,0.10515474528074265,0.006736631039530039,0.026254447307062778,0.13343032525507545,0.06468865275382996,0.00033692317083477974,0.09018846601247787,0.02253657765686512,0.13343032525507545,0.9316449761390686,0.08996732988093853,0.21647210040965478,0.2
132,n02281406/ILSVRC2012_val_00003498,supervised,resnet18_imagenet,gradcam,predicted,backbone.layer1,9,9,9,-0.04934195429086685,0.2579115033149719,0.17358999170577358,0.17253642704227176,0.1626206487417221,0.09183618426322937,0.4965691566467285,0.5010075569152832,0.4768016581631703,0.9882060289382935,0.08410114390806686,0.21749282502595196,0.2
133,n02281406/ILSVRC2012_val_00005117,supervised,resnet18_imagenet,gradcam,predicted,backbone.layer1,9,9,9,-0.13925513625144958,0.30378592014312744,0.36667725203748985,0.037903452711106594,0.25487399101257324,0.03507649153470993,0.45141109824180603,0.10950478911399841,0.31463249362238627,0.9648192524909973,0.0656721569239991,0.19712876637279136,0.2
134,n02281406/ILSVRC2012_val_00013795,supervised,resnet18_imagenet,gradcam,predicted,backbone.layer1,9,9,9,-0.02545187994837761,0.30320096015930176,0.17417887103645946,0.07376907073505817,0.1322484314441681,0.08788177371025085,0.317313551902771,0.21819938719272614,0.2937460140305537,0.9831291437149048,0.06420363055210423,0.20054819901818297,0.2
135,n02281406/ILSVRC2012_val_00017342,supervised,resnet18_imagenet,gradcam,predicted,backbone.layer1,9,9,9,-0.18107520043849945,0.25497686862945557,0.05990457678029695,0.14498425121681302,0.03759792447090149,0.1581716239452362,0.04220329225063324,0.1952272206544876,0.039082429846930986,0.9952530264854431,-0.010963431776266797,0.13713384081861915,0.2
136,n02281406/ILSVRC2012_val_00019900,supervised,resnet18_imagenet,gradcam,predicted,backbone.layer1,9,9,9,0.025673042982816696,0.3900837004184723,0.1743238986634683,0.19953116381678637,0.11207710951566696,0.16387207806110382,0.341672420501709,0.3321605622768402,0.32011320153054845,0.9775370955467224,0.12242573593720307,0.24907989499605787,0.2
137,n02281406/ILSVRC2012_val_00024754,supervised,resnet18_imagenet,gradcam,predicted,backbone.layer1,9,9,9,0.048347216099500656,0.17829155921936035,0.06039991754274978,0.010887080925987152,0.0963064581155777,0.004543628077954054,0.22770477831363678,0.029056299477815628,0.31259964923463157,0.9500991702079773,0.04072498598042134,0.17725815078320606,0.2
138,n02281406/ILSVRC2012_val_00025559,supervised,resnet18_imagenet,gradcam,predicted,backbone.layer1,9,9,9,0.22884948551654816,0.38367411494255066,0.08925796946151124,0.13157455334773108,0.11489802598953247,0.1468963921070099,0.19322605431079865,0.2787880003452301,0.20519770408159177,0.9892957806587219,0.15778955104939196,0.2836998177319107,0.2
139,n02281406/ILSVRC2012_val_00034626,supervised,resnet18_imagenet,gradcam,predicted,backbone.layer1,9,9,9,-0.12615428864955902,0.39227020740509033,0.32143620431693276,0.009084974431504142,0.17652137577533722,0.025127287954092026,0.24831922352313995,0.04409606009721756,0.1696827168367009,0.9871028065681458,0.048694638164707454,0.18654171464498542,0.2
140,n02281406/ILSVRC2012_val_00034808,supervised,resnet18_imagenet,gradcam,predicted,backbone.layer1,9,9,9,-0.022913020104169846,0.2173660695552826,0.09230291101207277,0.33781640550635167,0.12117040902376175,0.1824617236852646,0.21201002597808838,0.5058226585388184,0.22028459821424182,0.9740580320358276,0.11987058691385938,0.2456189768985208,0.2
141,n02281406/ILSVRC2012_val_00037381,supervised,resnet18_imagenet,gradcam,predicted,backbone.layer1,9,9,9,0.09086386114358902,0.4468610882759094,0.05328367284884974,0.12612759041029978,0.05903513357043266,0.08304865658283234,0.07666628807783127,0.09029851108789444,0.07617187499998482,0.9881038069725037,0.09016892343518046,0.22487073826091908,0.2
142,n02281406/ILSVRC2012_val_00041173,supervised,resnet18_imagenet,gradcam,predicted,backbone.layer1,9,9,9,0.4902135729789734,0.5260445475578308,0.07200293739670571,0.021303389652631857,0.09895388036966324,0.07918065041303635,0.26018598675727844,0.2213590145111084,0.3818757971938015,0.9926472306251526,0.22407732730639063,0.34379841689874796,0.2
143,n02281406/ILSVRC2012_val_00046093,supervised,resnet18_imagenet,gradcam,predicted,backbone.layer1,9,9,9,0.20518778264522552,0.2114015370607376,0.04401698725953334,0.031035673755350553,0.11025862395763397,0.018949586898088455,0.16832880675792694,0.06629756093025208,0.21645806760199768,0.9835441708564758,0.10459091136255538,0.23811051480802126,0.2
128,n02165456/ILSVRC2012_val_00036251,supervised,resnet18_imagenet,gradcam,predicted,backbone.layer2,8,8,8,0.15443144738674164,0.44287344813346863,0.3582489007836177,0.1932152153832424,0.23207423090934753,0.14721612632274628,0.4761379063129425,0.4004248082637787,0.36641023596931477,0.9942857623100281,0.2272118138047547,0.3410598999735788,0.2
129,n02165456/ILSVRC2012_val_00046856,supervised,resnet18_imagenet,gradcam,predicted,backbone.layer2,8,8,8,0.7152018547058105,0.556397557258606,0.19914554811127375,0.15215971639131246,0.10651448369026184,0.10888073593378067,0.1257849633693695,0.1357530653476715,0.04613759566325611,0.869324803352356,0.3914723212331001,0.4685456857755336,0.2
130,n02165456/ILSVRC2012_val_00048026,supervised,resnet18_imagenet,gradcam,predicted,backbone.layer2,8,9,9,0.31914860010147095,0.4388290345668793,0.209517569006299,0.128716655201308,0.10529693961143494,0.0848541110754013,0.13032454252243042,0.12782318890094757,0.09430803571426692,0.9757266044616699,0.2291297073028705,0.34261955675666705,0.2
131,n02281406/ILSVRC2012_val_00000618,supervised,resnet18_imagenet,gradcam,predicted,backbone.layer2,9,9,9,0.11618276685476303,0.329155832529068,0.00734585741810733,0.09225044068675833,0.03998358175158501,0.06361746788024902,0.06302132457494736,0.13065104186534882,0.13343032525507545,0.9651539921760559,0.07635199617336491,0.21033614175179186,0.2
132,n02281406/ILSVRC2012_val_00003498,supervised,resnet18_imagenet,gradcam,predicted,backbone.layer2,9,9,9,0.0352470688521862,0.42271992564201355,0.16461469872075016,0.14656627726377655,0.14335204660892487,0.11966325342655182,0.49458497762680054,0.4239960014820099,0.4768016581631703,0.9796409606933594,0.1074531203362325,0.23707786219840074,0.2
133,n02281406/ILSVRC2012_val_00005117,supervised,resnet18_imagenet,gradcam,predicted,backbone.layer2,9,9,9,-0.14938250184059143,0.11652940511703491,0.4636662509916882,0.05159845245365441,0.2562085688114166,0.014758243225514889,0.47393783926963806,0.11761937290430069,0.31463249362238627,0.9471789002418518,0.0948264102973662,0.21860913525340642,0.2
134,n02281406/ILSVRC2012_val_00013795,supervised,resnet18_imagenet,gradcam,predicted,backbone.layer2,9,9,9,-0.25637927651405334,0.3519402742385864,0.20017440170516412,0.041843643551014824,0.15821048617362976,0.08415919542312622,0.32537519931793213,0.1812801957130432,0.2937460140305537,0.980474591255188,-0.02994629702876767,0.11784295322240429,0.2
135,n02281406/ILSVRC2012_val_00017342,supervised,resnet18_imagenet,gradcam,predicted,backbone.layer2,9,9,9,-0.1736566573381424,0.3612680733203888,0.08433517129161679,0.06659553658747523,0.04300906881690025,0.06158551573753357,0.04815233126282692,0.07032503932714462,0.039082429846930986,0.993539035320282,-0.02418345057152936,0.12598370219946547,0.2
136,n02281406/ILSVRC2012_val_00019900,supervised,resnet18_imagenet,gradcam,predicted,backbone.layer2,9,9,9,0.017015554010868073,0.3583679497241974,0.19142622352073072,0.11278355790546103,0.12827515602111816,0.12895497679710388,0.38679659366607666,0.2807498574256897,0.32011320153054845,0.9855238795280457,0.09806915603220476,0.22983647118955858,0.2
137,n02281406/ILSVRC2012_val_00024754,supervised,resnet18_imagenet,gradcam,predicted,backbone.layer2,9,9,9,-0.02272421307861805,0.35832250118255615,0.2114931700422932,0.0689941812136039,0.2334209531545639,0.08181652426719666,0.39408671855926514,0.18350273370742798,0.31259964923463157,0.29850393533706665,0.07505652014532191,0.10694395353701797,0.2
138,n02281406/ILSVRC2012_val_00025559,supervised,resnet18_imagenet,gradcam,predicted,backbone.layer2,9,9,9,0.3821924030780792,0.3920395076274872,0.0740095087162842,0.17181556195955514,0.0898917019367218,0.13315795361995697,0.1457461267709732,0.28129497170448303,0.20519770408159177,0.9736369848251343,0.2266244824339835,0.3412691564700577,0.2
139,n02281406/ILSVRC2012_val_00034626,supervised,resnet18_imagenet,gradcam,predicted,backbone.layer2,9,9,9,-0.1118568405508995,0.33668187260627747,0.3535464098070975,0.02554320782881321,0.21600285172462463,0.040722526609897614,0.2748567461967468,0.08158454298973083,0.1696827168367009,0.985611617565155,0.06898414907041342,0.2034642528509361,0.2
140,n02281406/ILSVRC2012_val_00034808,supervised,resnet18_imagenet,gradcam,predicted,backbone.layer2,9,9,9,0.35958024859428406,0.42308610677719116,0.02642978826963912,0.17737703087478232,0.06978314369916916,0.1490374505519867,0.14649629592895508,0.3055665194988251,0.22028459821424182,0.9575401544570923,0.20497414518104007,0.3204358149626686,0.2
141,n02281406/ILSVRC2012_val_00037381,supervised,resnet18_imagenet,gradcam,predicted,backbone.layer2,9,9,9,-0.0712222307920456,0.25826388597488403,0.011829134720692348,0.09325443786974891,0.023138169199228287,0.08803098648786545,0.03894687816500664,0.12438291311264038,0.07617187499998482,0.9960782527923584,0.0030361794603141375,0.15075485028924812,0.2
142,n02281406/ILSVRC2012_val_00041173,supervised,resnet18_imagenet,gradcam,predicted,backbone.layer2,9,9,9,0.3094995617866516,0.4823929965496063,0.02687113111985549,0.0628321805605887,0.08173549920320511,0.09978760778903961,0.21470233798027039,0.2562924325466156,0.3818757971938015,0.989176869392395,0.1507108182187939,0.2791272049542983,0.2
143,n02281406/ILSVRC2012_val_00046093,supervised,resnet18_imagenet,gradcam,predicted,backbone.layer2,9,9,9,-0.16115880012512207,0.3047775626182556,0.041830782270508134,0.20632721394746198,0.07612914592027664,0.13399457931518555,0.1556650847196579,0.34127098321914673,0.21645806760199768,0.9799710512161255,0.009983878815342191,0.1526295766931186,0.2
128,n02165456/ILSVRC2012_val_00036251,supervised,resnet18_imagenet,gradcam,predicted,backbone.layer3,8,8,8,0.2732090651988983,0.25209227204322815,0.5012413501661289,0.15099611273074545,0.2806348204612732,0.08653555065393448,0.4861477017402649,0.37026092410087585,0.36641023596931477,0.9928553700447083,0.3049548649486216,0.40761084405053927,0.2
129,n02165456/ILSVRC2012_val_00046856,supervised,resnet18_imagenet,gradcam,predicted,backbone.layer3,8,8,8,0.16205573081970215,0.2221919745206833,0.2306925759838259,0.10812023328837314,0.2577812075614929,0.06223725900053978,0.299622118473053,0.06590662151575089,0.04613759566325611,0.9974859952926636,0.16646613510954056,0.291045607398845,0.2
130,n02165456/ILSVRC2012_val_00048026,supervised,resnet18_imagenet,gradcam,predicted,backbone.layer3,8,9,9,0.1552325040102005,0.362875372171402,0.11558510236449679,0.24658112442997923,0.06589119136333466,0.1674843728542328,0.09728468954563141,0.20907527208328247,0.09430803571426692,0.9842538237571716,0.17074286964242302,0.2925110066657649,0.2
131,n02281406/ILSVRC2012_val_00000618,supervised,resnet18_imagenet,gradcam,predicted,backbone.layer3,9,9,9,0.07514827698469162,0.45842188596725464,0.00450261151467581,0.15698478561538243,0.0704219713807106,0.14556977152824402,0.09310296922922134,0.1968538910150528,0.13343032525507545,0.9740826487541199,0.07850552993289411,0.21278614354027459,0.2
132,n02281406/ILSVRC2012_val_00003498,supervised,resnet18_imagenet,gradcam,predicted,backbone.layer3,9,9,9,-0.23955340683460236,0.2893199026584625,0.24478574832291894,0.17358999170577358,0.16063769161701202,0.21207350492477417,0.517115592956543,0.46093758940696716,0.4768016581631703,0.9654759168624878,0.029691359274766793,0.16557163014443546,0.2
133,n02281406/ILSVRC2012_val_00005117,supervised,resnet18_imagenet,gradcam,predicted,backbone.layer3,9,9,9,-0.012937209568917751,0.1698140949010849,0.6009672019340312,0.21807632435481952,0.24430003762245178,0.08682004362344742,0.4958970844745636,0.45075374841690063,0.31463249362238627,0.9498811960220337,0.24053817405908812,0.3427150376263965,0.2
134,n02281406/ILSVRC2012_val_00013795,supervised,resnet18_imagenet,gradcam,predicted,backbone.layer3,9,9,9,0.17875510454177856,0.25923654437065125,0.5909324428457545,0.26294861337670117,0.2248062789440155,0.1937665194272995,0.4996480345726013,0.5974881649017334,0.2937460140305537,0.969889223575592,0.3276663586834481,0.42151793418157524,0.2
135,n02281406/ILSVRC2012_val_00017342,supervised,resnet18_imagenet,gradcam,predicted,backbone.layer3,9,9,9,-0.04813642054796219,0.25274452567100525,0.11798695246960113,0.0,0.053265538066625595,0.0018425132147967815,0.057845085859298706,0.002479420742020011,0.039082429846930986,0.9708992838859558,0.01614151752169546,0.1582838835085069,0.2
136,n02281406/ILSVRC2012_val_00019900,supervised,resnet18_imagenet,gradcam,predicted,backbone.layer3,9,9,9,-0.019871510565280914,0.1906287968158722,0.497389707991224,0.267090697222632,0.29058587551116943,0.15348775684833527,0.5061137080192566,0.5517518520355225,0.32011320153054845,0.9934032559394836,0.2213955173380444,0.3331755609965382,0.2
137,n02281406/ILSVRC2012_val_00024754,supervised,resnet18_imagenet,gradcam,predicted,backbone.layer3,9,9,9,0.3131839632987976,0.3838684558868408,0.20321856287415643,0.3204641133584965,0.2578325569629669,0.2536581754684448,0.4175173044204712,0.5250564813613892,0.31259964923463157,0.9352003931999207,0.28237838818931493,0.3808151151927305,0.2
138,n02281406/ILSVRC2012_val_00025559,supervised,resnet18_imagenet,gradcam,predicted,backbone.layer3,9,9,9,0.07075338810682297,0.2792947590351105,0.25911934105390527,0.28502812361733865,0.18155305087566376,0.19277246296405792,0.2811632454395294,0.4090324342250824,0.20519770408159177,0.9665391445159912,0.19154559464410237,0.3057814236825977,0.2
139,n02281406/ILSVRC2012_val_00034626,supervised,resnet18_imagenet,gradcam,predicted,backbone.layer3,9,9,9,0.4133530259132385,0.40130892395973206,0.2544126597685437,0.3621943159283526,0.15201766788959503,0.25203847885131836,0.24245603382587433,0.3815147578716278,0.1696827168367009,0.9639413356781006,0.3503233030743643,0.44341650334557264,0.2
140,n02281406/ILSVRC2012_val_00034808,supervised,resnet18_imagenet,gradcam,predicted,backbone.layer3,9,9,9,-0.05624064803123474,0.24845585227012634,0.0005693680015180445,0.27624810892570273,0.02974255383014679,0.17815949022769928,0.08303308486938477,0.4217841327190399,0.22028459821424182,0.9920886158943176,0.060548983865672326,0.1983334348050207,0.2
141,n02281406/ILSVRC2012_val_00037381,supervised,resnet18_imagenet,gradcam,predicted,backbone.layer3,9,9,9,0.19256071746349335,0.3363962173461914,0.009470386828870496,0.1561952440549385,0.030510416254401207,0.11525236815214157,0.040544867515563965,0.1676238775253296,0.07617187499998482,0.9963385462760925,0.12672397625054005,0.2582634407745888,0.2
142,n02281406/ILSVRC2012_val_00041173,supervised,resnet18_imagenet,gradcam,predicted,backbone.layer3,9,9,9,0.6474246382713318,0.4984356760978699,0.08640321500331681,0.11015627970641083,0.158547043800354,0.1147884950041771,0.29617831110954285,0.31842395663261414,0.3818757971938015,0.968076765537262,0.317937703721451,0.4209500119029873,0.2
143,n02281406/ILSVRC2012_val_00046093,supervised,resnet18_imagenet,gradcam,predicted,backbone.layer3,9,9,9,-0.1928654909133911,0.3536023199558258,0.008835031139859588,0.4197581193094036,0.08502276241779327,0.2865006923675537,0.1456894427537918,0.42277398705482483,0.21645806760199768,0.9571477174758911,0.05143174876942248,0.1832175234140126,0.2
128,n02165456/ILSVRC2012_val_00036251,supervised,resnet18_imagenet,gradcam,predicted,backbone.layer4,8,8,8,0.4623603820800781,0.5191758275032043,0.3954549916558381,0.5458254011419386,0.29580169916152954,0.494396835565567,0.47596850991249084,0.6703093647956848,0.36641023596931477,0.9848337769508362,0.46732827067136423,0.544871298470097,0.2
129,n02165456/ILSVRC2012_val_00046856,supervised,resnet18_imagenet,gradcam,predicted,backbone.layer4,8,8,8,0.5382688045501709,0.565701425075531,0.21363323838501752,0.23062363020499038,0.1018386259675026,0.12274272739887238,0.10609018057584763,0.12427380681037903,0.04613759566325611,0.9916508793830872,0.34858458239707074,0.4482059306475249,0.2
130,n02165456/ILSVRC2012_val_00048026,supervised,resnet18_imagenet,gradcam,predicted,backbone.layer4,8,9,9,-0.2052243947982788,0.4466407299041748,0.030783191400229802,0.27985786098086335,0.060644492506980896,0.13412357866764069,0.07445843517780304,0.13842074573040009,0.09430803571426692,0.8890294432640076,0.011102557795016413,0.13918614140547686,0.2
131,n02281406/ILSVRC2012_val_00000618,supervised,resnet18_imagenet,gradcam,predicted,backbone.layer4,9,9,9,0.46215349435806274,0.5724908113479614,0.4805309734509022,0.6515301085877082,0.22833168506622314,0.26832595467567444,0.25856953859329224,0.2895008623600006,0.13343032525507545,0.9820781946182251,0.5244797223548082,0.5920807227277083,0.2
132,n02281406/ILSVRC2012_val_00003498,supervised,resnet18_imagenet,gradcam,predicted,backbone.layer4,9,9,9,0.10745169967412949,0.5245786309242249,0.18158736783521787,0.4056459290531869,0.29590076208114624,0.49417978525161743,0.5029578804969788,0.6615807414054871,0.4768016581631703,0.9555095434188843,0.21915066893617324,0.32774285062087916,0.2
133,n02281406/ILSVRC2012_val_00005117,supervised,resnet18_imagenet,gradcam,predicted,backbone.layer4,9,9,9,-0.12042970955371857,0.49611037969589233,0.10933539545469376,0.31049533089712217,0.229996457695961,0.3624074161052704,0.31417348980903625,0.4440462291240692,0.31463249362238627,0.9021562933921814,0.07777733408405733,0.1981307272529797,0.2
134,n02281406/ILSVRC2012_val_00013795,supervised,resnet18_imagenet,gradcam,predicted,backbone.layer4,9,9,9,0.28828850388526917,0.51889568567276,0.41771572442182553,0.6222906162002342,0.3254082202911377,0.44361254572868347,0.4228995740413666,0.5217297077178955,0.2937460140305537,0.9912721514701843,0.4273173037407256,0.5095933842358868,0.2
135,n02281406/ILSVRC2012_val_00017342,supervised,resnet18_imagenet,gradcam,predicted,backbone.layer4,9,9,9,0.6047632694244385,0.5422716736793518,0.17504162993420017,0.1907881675598662,0.08863389492034912,0.10665908455848694,0.09253333508968353,0.10817278921604156,0.039082429846930986,0.9960092902183533,0.3516542470179953,0.45252598720482307,0.2
136,n02281406/ILSVRC2012_val_00019900,supervised,resnet18_imagenet,gradcam,predicted,backbone.layer4,9,9,9,0.3904730975627899,0.5365145206451416,0.3053068573999373,0.4602170993730639,0.2630783021450043,0.4101753830909729,0.3981032967567444,0.5117443203926086,0.32011320153054845,0.990730881690979,0.3858464260570163,0.47665620559387356,0.2
137,n02281406/ILSVRC2012_val_00024754,supervised,resnet18_imagenet,gradcam,predicted,backbone.layer4,9,9,9,-0.055381402373313904,0.4841238260269165,0.15399793712715637,0.4886843780746144,0.2630016803741455,0.39838746190071106,0.36571136116981506,0.4809330701828003,0.31259964923463157,0.4240323007106781,0.17065213361120565,0.20489193307638454,0.2
138,n02281406/ILSVRC2012_val_00025559,supervised,resnet18_imagenet,gradcam,predicted,backbone.layer4,9,9,9,0.08478301018476486,0.5232369303703308,0.25368440525358965,0.6397290104035489,0.2171010673046112,0.30957043170928955,0.27324968576431274,0.3563123345375061,0.20519770408159177,0.9904096126556396,0.3019372287710475,0.40158884937729833,0.2
139,n02281406/ILSVRC2012_val_00034626,supervised,resnet18_imagenet,gradcam,predicted,backbone.layer4,9,9,9,0.13887618482112885,0.4896274209022522,0.14387025160326597,0.36309523809497124,0.14803744852542877,0.2471102774143219,0.1875424087047577,0.2644146680831909,0.1696827168367009,0.9855248928070068,0.20764012083792271,0.32317677103300546,0.2
140,n02281406/ILSVRC2012_val_00034808,supervised,resnet18_imagenet,gradcam,predicted,backbone.layer4,9,9,9,0.12324149906635284,0.5489253997802734,0.2852267186736438,0.5718545020866339,0.2547052204608917,0.3244059383869171,0.3107399046421051,0.3623151183128357,0.22028459821424182,0.9410053491592407,0.3064209658546244,0.39855563223717905,0.2
141,n02281406/ILSVRC2012_val_00037381,supervised,resnet18_imagenet,gradcam,predicted,backbone.layer4,9,9,9,0.3904532790184021,0.5845934152603149,0.2658262537679128,0.3742933650695484,0.12912163138389587,0.15049588680267334,0.13998347520828247,0.15438684821128845,0.07617187499998482,0.9870745539665222,0.34821719725859923,0.44474973546078433,0.2
142,n02281406/ILSVRC2012_val_00041173,supervised,resnet18_imagenet,gradcam,predicted,backbone.layer4,9,9,9,0.08579283207654953,0.4953084886074066,0.21710855427704806,0.523720056364217,0.24595698714256287,0.4812254011631012,0.3995683193206787,0.6339757442474365,0.3818757971938015,0.9878833293914795,0.2565657160229993,0.3634171432958305,0.2
143,n02281406/ILSVRC2012_val_00046093,supervised,resnet18_imagenet,gradcam,predicted,backbone.layer4,9,9,9,0.31364285945892334,0.5322977900505066,0.41926941879384894,0.5592866204010452,0.27797141671180725,0.35478439927101135,0.3319883346557617,0.3850709795951843,0.21645806760199768,0.9945390224456787,0.4190239555420376,0.5035948639761985,0.2
144,n02281406/ILSVRC2012_val_00047359,supervised,resnet18_imagenet,gradcam,predicted,backbone.layer1,9,9,9,0.09379573166370392,0.5331479907035828,0.13928571428562384,0.030422270511522628,0.12026578933000565,0.05919419229030609,0.1741580069065094,0.0852813646197319,0.14967315051017427,0.9849211573600769,0.0884306881046255,0.22299367588559454,0.2
145,n02281406/ILSVRC2012_val_00047683,supervised,resnet18_imagenet,gradcam,predicted,backbone.layer1,9,9,9,0.1109028160572052,0.28300103545188904,0.252227751417514,0.032736816988769867,0.15906766057014465,0.024664023891091347,0.27994754910469055,0.08219760656356812,0.23130580357138247,0.9490870833396912,0.12985049694476725,0.25242019022254647,0.2
146,n02281406/ILSVRC2012_val_00049742,supervised,resnet18_imagenet,gradcam,predicted,backbone.layer1,9,9,9,0.03690333664417267,0.025008395314216614,0.07703500813140714,0.05078124999998988,0.05417853221297264,0.0037244665436446667,0.06502582132816315,0.033785078674554825,0.05078124999998988,0.9563619494438171,0.05310621209708817,0.18832452477488226,0.2
147,n02325366/ILSVRC2012_val_00000097,supervised,resnet18_imagenet,gradcam,predicted,backbone.layer1,10,10,10,0.13031956553459167,0.47228431701660156,0.12013828867755987,0.0342741935483727,0.13623400032520294,0.0884845182299614,0.2774304747581482,0.153717502951622,0.29075653698973797,0.7471535801887512,0.09845157088161645,0.1962880055219029,0.2
148,n02325366/ILSVRC2012_val_00002473,supervised,resnet18_imagenet,gradcam,predicted,backbone.layer1,10,10,10,0.4284924864768982,0.16557426750659943,0.09210117010837451,0.07730437861440403,0.11646196991205215,0.011234015226364136,0.5908798575401306,0.24842624366283417,0.7096022002549607,0.9892087578773499,0.22221865920759287,0.34070507112921145,0.2
149,n02325366/ILSVRC2012_val_00017565,supervised,resnet18_imagenet,gradcam,predicted,backbone.layer1,10,10,10,0.21904689073562622,0.45751598477363586,0.13953704276779738,0.1787509203238968,0.12858431041240692,0.13354191184043884,0.5023996829986572,0.5534014701843262,0.533880739795812,0.7679827809333801,0.18310514522175875,0.27143581967039976,0.2
150,n02325366/ILSVRC2012_val_00021667,supervised,resnet18_imagenet,gradcam,predicted,backbone.layer1,10,10,10,0.15257591009140015,0.24611404538154602,0.09173179761412836,0.18866085307053018,0.14028067886829376,0.060096289962530136,0.5827821493148804,0.7339306473731995,0.6991988201529219,0.9929876923561096,0.14514815924195762,0.27244788505657114,0.2
151,n02325366/ILSVRC2012_val_00021928,supervised,resnet18_imagenet,gradcam,predicted,backbone.layer1,10,10,10,0.06124318763613701,0.07587223500013351,0.09493311295899233,0.22249681122444548,0.10151541978120804,0.04739729315042496,0.20829226076602936,0.5286747813224792,0.22249681122444548,0.9883424639701843,0.11972625230948615,0.24904396631403505,0.2
152,n02325366/ILSVRC2012_val_00024858,supervised,resnet18_imagenet,gradcam,predicted,backbone.layer1,10,10,10,-0.17943355441093445,0.47323158383369446,0.10380102296656844,0.202973002513862,0.17137393355369568,0.2577371299266815,0.3979506492614746,0.5025003552436829,0.4580476721937863,0.9921973347663879,0.020258785879755353,0.16272136254123876,0.2
153,n02325366/ILSVRC2012_val_00026482,supervised,resnet18_imagenet,gradcam,predicted,backbone.layer1,10,12,12,-0.004203747492283583,0.034568559378385544,0.028771929824536163,0.03374123086734022,0.030434466898441315,0.01927284523844719,0.03481534495949745,0.07797965407371521,0.03374123086734022,0.9836550951004028,0.01707244921064948,0.16170524281573026,0.2
154,n02325366/ILSVRC2012_val_00028827,supervised,resnet18_imagenet,gradcam,predicted,backbone.layer1,10,10,10,0.3637098968029022,0.2828173041343689,0.09988449756438009,0.12045018544567837,0.13932986557483673,0.04824819788336754,0.56522536277771,0.48140448331832886,0.6730110012753762,0.9937049150466919,0.21158436362417843,0.33143787189053414,0.2
155,n02325366/ILSVRC2012_val_00029387,supervised,resnet18_imagenet,gradcam,predicted,backbone.layer1,10,10,10,0.05323760583996773,0.4054635465145111,0.11473368688027911,0.23193354398112734,0.11397239565849304,0.24184361100196838,0.2720879316329956,0.34149378538131714,0.28176817602035203,0.7153114676475525,0.125295211594409,0.21259668990647318,0.2
156,n02325366/ILSVRC2012_val_00033548,supervised,resnet18_imagenet,gradcam,predicted,backbone.layer1,10,10,10,0.06081438064575195,0.3570350110530853,0.1488289633292436,0.2580381471388767,0.18395216763019562,0.16749675571918488,0.5219806432723999,0.749576985836029,0.5361328124998932,0.9927365779876709,0.14638588539873687,0.2719122975411939,0.2
157,n02325366/ILSVRC2012_val_00033989,supervised,resnet18_imagenet,gradcam,predicted,backbone.layer1,10,11,11,0.473347008228302,0.4704383313655853,0.1408606105185385,0.12570764987658448,0.21588046848773956,0.11222054064273834,0.6660928130149841,0.5788959264755249,0.7273397640304673,0.965865969657898,0.26930928140985766,0.3771934134273711,0.2
158,n02325366/ILSVRC2012_val_00040218,supervised,resnet18_imagenet,gradcam,predicted,backbone.layer1,10,10,10,-0.00459540169686079,0.4077274203300476,0.033851927136254456,0.15136476426792417,0.09990443289279938,0.1623678356409073,0.2196696251630783,0.3804366886615753,0.3271085778060573,0.9942861199378967,0.05372684674250927,0.19383870024782787,0.2
159,n02325366/ILSVRC2012_val_00041378,supervised,resnet18_imagenet,gradcam,predicted,backbone.layer1,10,10,10,0.2091485857963562,0.11601961404085159,0.17432165405557515,0.1972876025747636,0.2167578786611557,0.03570044785737991,0.7522107362747192,0.8170214891433716,0.7712252869896422,0.9929806590080261,0.19514221130764411,0.31505141803751324,0.2
144,n02281406/ILSVRC2012_val_00047359,supervised,resnet18_imagenet,gradcam,predicted,backbone.layer2,9,9,9,0.20735904574394226,0.41958338022232056,0.06844893733629592,0.02434609995327864,0.08360044658184052,0.03803934156894684,0.1257661134004593,0.06868317723274231,0.14967315051017427,0.9939724206924438,0.11078212948444927,0.24487028843664,0.2
145,n02281406/ILSVRC2012_val_00047683,supervised,resnet18_imagenet,gradcam,predicted,backbone.layer2,9,9,9,-0.22281157970428467,0.17046423256397247,0.15554250320367602,0.10656031088607323,0.18532447516918182,0.06174476444721222,0.26674261689186096,0.21750587224960327,0.23130580357138247,0.960918664932251,-0.010493787654789102,0.13167945036577533,0.2
146,n02281406/ILSVRC2012_val_00049742,supervised,resnet18_imagenet,gradcam,predicted,backbone.layer2,9,9,9,-0.08839834481477737,0.19470295310020447,0.12498882431817165,0.08802421098133331,0.07208473980426788,0.06291868537664413,0.08300790935754776,0.09942387789487839,0.05078124999998988,0.9656266570091248,0.028544572663940542,0.16715783669107287,0.2
147,n02325366/ILSVRC2012_val_00000097,supervised,resnet18_imagenet,gradcam,predicted,backbone.layer2,10,10,10,-0.396264910697937,0.351083368062973,0.41216952457394496,0.02356902356901377,0.23913279175758362,0.13114944100379944,0.4353630542755127,0.1853386014699936,0.29075653698973797,0.9806329011917114,-0.027784399836287207,0.11733685347021847,0.2
148,n02325366/ILSVRC2012_val_00002473,supervised,resnet18_imagenet,gradcam,predicted,backbone.layer2,10,10,10,0.07025241106748581,0.5364391803741455,0.06992990599431045,0.1828430737332687,0.20362083613872528,0.2651580274105072,0.573353111743927,0.6825242042541504,0.7096022002549607,0.9888287782669067,0.10393285834526807,0.23610590554555083,0.2
149,n02325366/ILSVRC2012_val_00017565,supervised,resnet18_imagenet,gradcam,predicted,backbone.layer2,10,10,10,0.027471039444208145,0.542038083076477,0.2254317947351907,0.20573018991479838,0.23678316175937653,0.2535180449485779,0.5875844955444336,0.5491307973861694,0.533880739795812,0.8411309123039246,0.14033701117268,0.24357499681355882,0.2
150,n02325366/ILSVRC2012_val_00021667,supervised,resnet18_imagenet,gradcam,predicted,backbone.layer2,10,10,10,-0.06182965636253357,0.3121952712535858,0.1047231948287004,0.1734810653349528,0.2377142608165741,0.12531204521656036,0.6348260045051575,0.6755020618438721,0.6991988201529219,0.9560724496841431,0.05872941550408253,0.19132155276664803,0.2
151,n02325366/ILSVRC2012_val_00021928,supervised,resnet18_imagenet,gradcam,predicted,backbone.layer2,10,10,10,-0.1500059962272644,0.36942657828330994,0.04624420096730518,0.3256831967979953,0.11293632537126541,0.21735310554504395,0.18208298087120056,0.3786655366420746,0.22249681122444548,0.9735820889472961,0.05157582083868438,0.18651706410387697,0.2
152,n02325366/ILSVRC2012_val_00024858,supervised,resnet18_imagenet,gradcam,predicted,backbone.layer2,10,10,10,-0.37400251626968384,0.3370654582977295,0.10339526801226327,0.24666792524060915,0.14294904470443726,0.21725893020629883,0.40215814113616943,0.5777711868286133,0.4580476721937863,0.9480667114257812,-0.04458204853201181,0.09882492433269595,0.2
153,n02325366/ILSVRC2012_val_00026482,supervised,resnet18_imagenet,gradcam,predicted,backbone.layer2,10,12,12,-0.16474469006061554,0.38133504986763,0.06919500410240752,0.04174809024689843,0.04085283726453781,0.0348174087703228,0.046307772397994995,0.040256958454847336,0.03374123086734022,0.979382336139679,-0.03261494771945444,0.11698248248706289,0.2
154,n02325366/ILSVRC2012_val_00028827,supervised,resnet18_imagenet,gradcam,predicted,backbone.layer2,10,10,10,0.12033972144126892,0.46648120880126953,0.20695450913393576,0.11166379047809571,0.22282131016254425,0.1369529813528061,0.680186927318573,0.5318343043327332,0.6730110012753762,0.98774653673172,0.143721378460117,0.26993545791720996,0.2
155,n02325366/ILSVRC2012_val_00029387,supervised,resnet18_imagenet,gradcam,predicted,backbone.layer2,10,10,10,0.17374898493289948,0.4916328191757202,0.2557402597401269,0.35354723108776887,0.194308802485466,0.2611117362976074,0.35291311144828796,0.4047059416770935,0.28176817602035203,0.7521105408668518,0.25228584122152853,0.3259505985635165,0.2
156,n02325366/ILSVRC2012_val_00033548,supervised,resnet18_imagenet,gradcam,predicted,backbone.layer2,10,10,10,0.23344865441322327,0.5026457905769348,0.20242203268435366,0.28477512261286136,0.20817746222019196,0.3316284716129303,0.559474766254425,0.7112190127372742,0.5361328124998932,0.981563925743103,0.23953860835445384,0.3507409067303974,0.2
157,n02325366/ILSVRC2012_val_00033989,supervised,resnet18_imagenet,gradcam,predicted,backbone.layer2,10,11,11,0.46900859475135803,0.4291023313999176,0.13581994824973495,0.13468432218886175,0.2220713198184967,0.11560121178627014,0.6807903051376343,0.6115471124649048,0.7273397640304673,0.7935886383056641,0.2687547190321222,0.3508173715184741,0.2
158,n02325366/ILSVRC2012_val_00040218,supervised,resnet18_imagenet,gradcam,predicted,backbone.layer2,10,10,10,-0.04228789359331131,0.44019535183906555,0.07805812578972075,0.18256203889998543,0.11457744985818863,0.2510243356227875,0.25667741894721985,0.3577236235141754,0.3271085778060573,0.3410038650035858,0.061270891969587335,0.10150485816530547,0.2
159,n02325366/ILSVRC2012_val_00041378,supervised,resnet18_imagenet,gradcam,predicted,backbone.layer2,10,10,10,0.24942781031131744,0.30029991269111633,0.16825678396774182,0.17935190339048443,0.22318841516971588,0.0892920196056366,0.7446065545082092,0.7658669352531433,0.7712252869896422,0.8973085284233093,0.20405373033199486,0.30879818471201403,0.2
144,n02281406/ILSVRC2012_val_00047359,supervised,resnet18_imagenet,gradcam,predicted,backbone.layer3,9,9,9,0.017086705192923546,0.2450382560491562,0.4041616646655429,0.19712063318763842,0.20664964616298676,0.14538906514644623,0.2562200725078583,0.28699991106987,0.14967315051017427,0.9968221783638,0.1872193714331238,0.30582424803538855,0.2
145,n02281406/ILSVRC2012_val_00047683,supervised,resnet18_imagenet,gradcam,predicted,backbone.layer3,9,9,9,-0.15792715549468994,0.08186805248260498,0.7998170326007985,0.22625793291011656,0.3073495030403137,0.054500386118888855,0.4619891941547394,0.25513437390327454,0.23130580357138247,0.9817996621131897,0.2446516274553985,0.3485141862715657,0.2
146,n02281406/ILSVRC2012_val_00049742,supervised,resnet18_imagenet,gradcam,predicted,backbone.layer3,9,9,9,-0.1055104210972786,0.18810029327869415,0.18678106732020858,0.07400136565374359,0.08998176455497742,0.06708954274654388,0.0985482782125473,0.09523987770080566,0.05078124999998988,0.9829353094100952,0.03603056145327421,0.1757072572709548,0.2
147,n02325366/ILSVRC2012_val_00000097,supervised,resnet18_imagenet,gradcam,predicted,backbone.layer3,10,10,10,-0.0642898678779602,0.4501975476741791,0.5782591975384064,0.13098792081930327,0.29898083209991455,0.15424302220344543,0.4608144760131836,0.2608514428138733,0.29075653698973797,0.9880480766296387,0.1870581883561288,0.3030175373265871,0.2
148,n02325366/ILSVRC2012_val_00002473,supervised,resnet18_imagenet,gradcam,predicted,backbone.layer3,10,10,10,-0.2586498558521271,0.1627729833126068,0.12121063233918312,0.2684729748505576,0.13712763786315918,0.17401571571826935,0.6343510150909424,0.9523752331733704,0.7096022002549607,0.9960501790046692,0.013445139816071386,0.1563009790998911,0.2
149,n02325366/ILSVRC2012_val_00017565,supervised,resnet18_imagenet,gradcam,predicted,backbone.layer3,10,10,10,0.0918322280049324,0.3250555992126465,0.1956295863367116,0.33069528765527223,0.1230836808681488,0.2351444661617279,0.5665550827980042,0.8018817901611328,0.533880739795812,0.98375403881073,0.1946303533995681,0.31128560412133177,0.2
150,n02325366/ILSVRC2012_val_00021667,supervised,resnet18_imagenet,gradcam,predicted,backbone.layer3,10,10,10,-0.017797868698835373,0.206136554479599,0.26903496188781006,0.17672526211460626,0.15353180468082428,0.08213324099779129,0.8128786683082581,0.7059668302536011,0.6991988201529219,0.9952062964439392,0.12660891972119073,0.2544917464226026,0.2
151,n02325366/ILSVRC2012_val_00021928,supervised,resnet18_imagenet,gradcam,predicted,backbone.layer3,10,10,10,-0.08900186419487,0.12776847183704376,0.18014808216880246,0.36281820519390406,0.16960737109184265,0.19048188626766205,0.2516591250896454,0.6585837006568909,0.22249681122444548,0.9799050092697144,0.12728914053086396,0.2515766707629293,0.2
152,n02325366/ILSVRC2012_val_00024858,supervised,resnet18_imagenet,gradcam,predicted,backbone.layer3,10,10,10,-0.22044190764427185,0.22304120659828186,0.2017470427660776,0.22683361819119163,0.21105265617370605,0.13018222153186798,0.5165531635284424,0.5541989207267761,0.4580476721937863,0.9651255011558533,0.04039743522947201,0.17475932273720016,0.2
153,n02325366/ILSVRC2012_val_00026482,supervised,resnet18_imagenet,gradcam,predicted,backbone.layer3,10,12,12,0.3896753787994385,0.26822972297668457,0.07153951576055592,0.029133029133003568,0.04389060288667679,0.02151707001030445,0.046962838619947433,0.0274862851947546,0.03374123086734022,0.9854539632797241,0.18607191498784326,0.309372613295152,0.2
154,n02325366/ILSVRC2012_val_00028827,supervised,resnet18_imagenet,gradcam,predicted,backbone.layer3,10,10,10,0.47944706678390503,0.3199020326137543,0.16810666666662186,0.10845690571382448,0.0807877629995346,0.10733520984649658,0.7383322715759277,0.5126042366027832,0.6730110012753762,0.9743189811706543,0.2747478984276959,0.3830952136450765,0.2
155,n02325366/ILSVRC2012_val_00029387,supervised,resnet18_imagenet,gradcam,predicted,backbone.layer3,10,10,10,0.5729659199714661,0.472690612077713,0.21307773372800065,0.3457855472662589,0.1883041113615036,0.2599807679653168,0.34824031591415405,0.5267610549926758,0.28176817602035203,0.9698653221130371,0.3968453522868643,0.4857336905555335,0.2
156,n02325366/ILSVRC2012_val_00033548,supervised,resnet18_imagenet,gradcam,predicted,backbone.layer3,10,10,10,0.07572915405035019,0.29263630509376526,0.11927272727269114,0.3015716400027128,0.11657723784446716,0.3248930871486664,0.4728723168373108,0.7701488137245178,0.5361328124998932,0.9989150762557983,0.15654497180276125,0.2815535571748433,0.2
157,n02325366/ILSVRC2012_val_00033989,supervised,resnet18_imagenet,gradcam,predicted,backbone.layer3,10,11,11,0.22118064761161804,0.3661953806877136,0.18030541322099836,0.17328155731499995,0.22919157147407532,0.12496490031480789,0.6972620487213135,0.6551413536071777,0.7273397640304673,0.3918094336986542,0.19454835020544672,0.224581384352864,0.2
158,n02325366/ILSVRC2012_val_00040218,supervised,resnet18_imagenet,gradcam,predicted,backbone.layer3,10,10,10,-0.18851780891418457,0.1864985227584839,0.1796610169490724,0.23450625349998389,0.1113286167383194,0.14128488302230835,0.40205374360084534,0.4721795320510864,0.3271085778060573,0.9837483763694763,0.04884305756904306,0.18512284094772094,0.2
159,n02325366/ILSVRC2012_val_00041378,supervised,resnet18_imagenet,gradcam,predicted,backbone.layer3,10,10,10,0.6042479276657104,0.2914191782474518,0.2584768742090596,0.23209951456304814,0.08692829310894012,0.06648879498243332,0.8954383730888367,0.935133695602417,0.7712252869896422,0.9955191016197205,0.38887208769791654,0.4834587371189837,0.2
144,n02281406/ILSVRC2012_val_00047359,supervised,resnet18_imagenet,gradcam,predicted,backbone.layer4,9,9,9,0.5617797374725342,0.5505859851837158,0.4901477832508152,0.6163058498382161,0.24776402115821838,0.3215693235397339,0.28101855516433716,0.3451356887817383,0.14967315051017427,0.9986574053764343,0.5566479849157231,0.6230349271941099,0.2
145,n02281406/ILSVRC2012_val_00047683,supervised,resnet18_imagenet,gradcam,predicted,backbone.layer4,9,9,9,0.45630577206611633,0.4909619092941284,0.48913342503405144,0.5590375333185224,0.255802184343338,0.38675469160079956,0.3448284864425659,0.4900141954421997,0.23130580357138247,0.9919162392616272,0.49697359633221866,0.5705371957005282,0.2
146,n02281406/ILSVRC2012_val_00049742,supervised,resnet18_imagenet,gradcam,predicted,backbone.layer4,9,9,9,0.6886992454528809,0.6517068147659302,0.0823013415891965,0.14536683051142785,0.05656766518950462,0.07943237572908401,0.0616975836455822,0.08301617950201035,0.05078124999998988,0.8825767040252686,0.3437801498113397,0.43034828453745466,0.2
147,n02325366/ILSVRC2012_val_00000097,supervised,resnet18_imagenet,gradcam,predicted,backbone.layer4,10,10,10,0.47132575511932373,0.5328739881515503,0.2692129271685639,0.3268671193014727,0.21367979049682617,0.3265249729156494,0.3283804953098297,0.47991156578063965,0.29075653698973797,0.997268557548523,0.36735431598874047,0.4635743095415509,0.2
148,n02325366/ILSVRC2012_val_00002473,supervised,resnet18_imagenet,gradcam,predicted,backbone.layer4,10,10,10,0.18568561971187592,0.5438079833984375,0.19124057108548242,0.28184243785977203,0.35350245237350464,0.4666592478752136,0.7097669243812561,0.8342884182929993,0.7096022002549607,0.9802820086479187,0.21619915056832673,0.33030302043265797,0.2
149,n02325366/ILSVRC2012_val_00017565,supervised,resnet18_imagenet,gradcam,predicted,backbone.layer4,10,10,10,0.4374987781047821,0.5143471956253052,0.2720710140921967,0.3541850544276426,0.27473193407058716,0.4407254755496979,0.5575826168060303,0.749987006187439,0.533880739795812,0.9471449255943298,0.3628763317978646,0.45176032830578305,0.2
150,n02325366/ILSVRC2012_val_00021667,supervised,resnet18_imagenet,gradcam,predicted,backbone.layer4,10,10,10,-0.018890634179115295,0.523946225643158,0.12061000447068686,0.27520420564702097,0.28127196431159973,0.5017741918563843,0.6348050236701965,0.8398610353469849,0.6991988201529219,0.5354986786842346,0.11118800936366621,0.1726666323693718,0.2
151,n02325366/ILSVRC2012_val_00021928,supervised,resnet18_imagenet,gradcam,predicted,backbone.layer4,10,10,10,0.5204678177833557,0.5567904710769653,0.4009113121571677,0.4615968008821969,0.24502499401569366,0.35724276304244995,0.3160332441329956,0.4410356879234314,0.22249681122444548,0.9980306029319763,0.46693956102515166,0.5474953549238121,0.2
152,n02325366/ILSVRC2012_val_00024858,supervised,resnet18_imagenet,gradcam,predicted,backbone.layer4,10,10,10,0.6032796502113342,0.5701321363449097,0.29797940089617975,0.39052432090950073,0.26034751534461975,0.4065154790878296,0.5137807726860046,0.7087740302085876,0.4580476721937863,0.9960504174232483,0.44786297662623786,0.5326813706388743,0.2
153,n02325366/ILSVRC2012_val_00026482,supervised,resnet18_imagenet,gradcam,predicted,backbone.layer4,10,12,12,0.32929274439811707,0.4891343414783478,0.16141810259441333,0.03953199787268256,0.07583222538232803,0.045178771018981934,0.07856889814138412,0.04712091386318207,0.03374123086734022,0.9842692613601685,0.19200212789937562,0.31313037486014017,0.2
154,n02325366/ILSVRC2012_val_00028827,supervised,resnet18_imagenet,gradcam,predicted,backbone.layer4,10,10,10,0.6218409538269043,0.5926914811134338,0.24365453409793777,0.29249653300277584,0.2671497166156769,0.39277684688568115,0.691497266292572,0.8202121257781982,0.6730110012753762,0.9500797390937805,0.4095817016609758,0.49419406147866196,0.2
155,n02325366/ILSVRC2012_val_00029387,supervised,resnet18_imagenet,gradcam,predicted,backbone.layer4,10,10,10,0.6983314156532288,0.570631206035614,0.30975122767238156,0.3447374276811611,0.22871185839176178,0.30540764331817627,0.3603256940841675,0.46260306239128113,0.28176817602035203,0.9951777458190918,0.47567916286735423,0.5573148211898795,0.2
156,n02325366/ILSVRC2012_val_00033548,supervised,resnet18_imagenet,gradcam,predicted,backbone.layer4,10,10,10,0.4207969009876251,0.531613826751709,0.2514314755208364,0.3369529807795501,0.2880747318267822,0.4088309407234192,0.5857190489768982,0.7295819520950317,0.5361328124998932,0.9965935945510864,0.344834097285166,0.4438640686034284,0.2
157,n02325366/ILSVRC2012_val_00033989,supervised,resnet18_imagenet,gradcam,predicted,backbone.layer4,10,11,11,0.3851713538169861,0.5842229127883911,0.2014147046674408,0.26440217391297166,0.345304012298584,0.44026052951812744,0.7281709313392639,0.8700852990150452,0.7273397640304673,0.9447273015975952,0.2938136051009182,0.3929732887206875,0.2
158,n02325366/ILSVRC2012_val_00040218,supervised,resnet18_imagenet,gradcam,predicted,backbone.layer4,10,10,10,0.48577457666397095,0.5358368158340454,0.31621379516257775,0.39258635214806625,0.2777266502380371,0.3668295741081238,0.42691683769226074,0.5051393508911133,0.3271085778060573,0.9455692172050476,0.40694987485878154,0.489056521240808,0.2
159,n02325366/ILSVRC2012_val_00041378,supervised,resnet18_imagenet,gradcam,predicted,backbone.layer4,10,10,10,0.36238202452659607,0.47192105650901794,0.22091683366727935,0.25932242809513417,0.2518520951271057,0.439049631357193,0.7807586193084717,0.8578729033470154,0.7712252869896422,0.994321346282959,0.2890245883393625,0.3960417259673559,0.2
160,n02325366/ILSVRC2012_val_00041387,supervised,resnet18_imagenet,gradcam,predicted,backbone.layer1,10,10,10,-0.1347884237766266,0.5046824216842651,0.2913634491279732,0.05232731612708775,0.2554912567138672,0.09416153281927109,0.4370995759963989,0.22227393090724945,0.3623246173468666,0.1530267894268036,0.04919186006586764,0.06170076140596646,0.2
161,n02325366/ILSVRC2012_val_00049280,supervised,resnet18_imagenet,gradcam,predicted,backbone.layer1,10,10,10,-0.05316801369190216,0.26903650164604187,0.11220128230031465,0.02018266874581413,0.09481360763311386,0.02688114531338215,0.25509747862815857,0.07165270298719406,0.2563576211734183,0.9565306901931763,0.018447979837077768,0.15796678649834286,0.2
162,n02342885/ILSVRC2012_val_00001226,supervised,resnet18_imagenet,gradcam,predicted,backbone.layer1,11,11,11,0.19214530289173126,0.4215298593044281,0.13101296498239096,0.028170953351316804,0.18868370354175568,0.09711288660764694,0.490378737449646,0.255508154630661,0.5441246811223406,0.9860422611236572,0.12461329665680485,0.25495317476408147,0.2
163,n02342885/ILSVRC2012_val_00001439,supervised,resnet18_imagenet,gradcam,predicted,backbone.layer1,11,11,11,-0.15995274484157562,0.16653887927532196,0.1573263032570351,0.12307099826695925,0.19785284996032715,0.050238754600286484,0.5980345606803894,0.45041772723197937,0.6136798469386532,0.9751439690589905,0.02013809252056805,0.1603874600452957,0.2
164,n02342885/ILSVRC2012_val_00004985,supervised,resnet18_imagenet,gradcam,predicted,backbone.layer1,11,11,11,-0.5328477025032043,0.2708515524864197,0.002845971094832002,0.18700568281674762,0.14318430423736572,0.28648898005485535,0.40920162200927734,0.7073056697845459,0.6076012436223279,0.9987815022468567,-0.1561835848278079,0.010783442938801874,0.2
165,n02342885/ILSVRC2012_val_00006185,supervised,resnet18_imagenet,gradcam,predicted,backbone.layer1,11,11,11,0.23246179521083832,0.6457861065864563,0.11198139762571534,0.008910973544677315,0.3307727575302124,0.2098415195941925,0.510143518447876,0.39454513788223267,0.5243343431121404,0.9568060040473938,0.12925242943545315,0.2551056217235006,0.2
166,n02342885/ILSVRC2012_val_00010974,supervised,resnet18_imagenet,gradcam,predicted,backbone.layer1,11,11,11,-0.002377016469836235,0.3702964186668396,0.1785845475694323,0.17373410968503683,0.15110646188259125,0.30648598074913025,0.581585705280304,0.5938398241996765,0.5673429528060094,0.9158602952957153,0.10474479058840624,0.2246267528435319,0.2
167,n02342885/ILSVRC2012_val_00013528,supervised,resnet18_imagenet,gradcam,predicted,backbone.layer1,11,11,11,-0.04383999481797218,0.443086713552475,0.15264078703817222,0.1359354306703976,0.16673478484153748,0.2749999165534973,0.6770620346069336,0.6971032619476318,0.705994897959043,0.9720518589019775,0.06903686738538206,0.20260783507614882,0.2
168,n02342885/ILSVRC2012_val_00014630,supervised,resnet18_imagenet,gradcam,predicted,backbone.layer1,11,11,11,0.2338782250881195,0.3944598138332367,0.012938834600066531,0.07370642113840996,0.05720929801464081,0.07216640561819077,0.13360117375850677,0.16883665323257446,0.24623325892852238,0.8873355388641357,0.11954486675679077,0.2366190235450813,0.2
169,n02342885/ILSVRC2012_val_00023034,supervised,resnet18_imagenet,gradcam,predicted,backbone.layer1,11,11,11,0.09031330049037933,0.4235961437225342,0.1435427574170548,0.08495462505967681,0.17011575400829315,0.09509126096963882,0.45361050963401794,0.30226418375968933,0.4790736607141903,0.9793044328689575,0.10467453493917121,0.2356296657211593,0.2
170,n02342885/ILSVRC2012_val_00026102,supervised,resnet18_imagenet,gradcam,predicted,backbone.layer1,11,47,47,0.0459011010825634,0.1812460571527481,0.0899776877190975,0.2265949269791306,0.11901944875717163,0.10489167273044586,0.23181279003620148,0.4572145342826843,0.2770647321428019,0.8792425394058228,0.11333222484249379,0.22709491996432762,0.2
171,n02342885/ILSVRC2012_val_00029758,supervised,resnet18_imagenet,gradcam,predicted,backbone.layer1,11,11,11,0.012484199367463589,0.40322136878967285,0.1763542535767818,0.12824160516874775,0.18709240853786469,0.16629163920879364,0.5729256868362427,0.47886160016059875,0.5586933992345826,0.9800302386283875,0.0963724373706443,0.22752297025925278,0.2
172,n02342885/ILSVRC2012_val_00030463,supervised,resnet18_imagenet,gradcam,predicted,backbone.layer1,11,11,11,0.0412229560315609,0.38620471954345703,0.1233361314305902,0.02933904730508507,0.15463581681251526,0.06861908733844757,0.47870931029319763,0.32099488377571106,0.5467753507651972,0.9767503142356873,0.06229173603332694,0.19910937643031823,0.2
173,n02342885/ILSVRC2012_val_00031690,supervised,resnet18_imagenet,gradcam,predicted,backbone.layer1,11,11,11,-0.3069690465927124,0.3750876188278198,0.09245423426102324,0.17162559060140095,0.13859470188617706,0.25630059838294983,0.4540712833404541,0.5706862807273865,0.5314293686223431,0.9361890554428101,-0.043563671178357716,0.09900914822457821,0.2
174,n02342885/ILSVRC2012_val_00036070,supervised,resnet18_imagenet,gradcam,predicted,backbone.layer1,11,11,11,0.39841800928115845,0.3256896734237671,0.18888134936017137,0.16907752067293352,0.21339577436447144,0.09436607360839844,0.7786239981651306,0.6734752655029297,0.7777224170916818,0.9034987092018127,0.26675486472239485,0.3644608271369536,0.2
175,n02342885/ILSVRC2012_val_00039958,supervised,resnet18_imagenet,gradcam,predicted,backbone.layer1,11,11,11,-0.08058373630046844,0.42745211720466614,0.13385452558036884,0.204250056785149,0.1671781688928604,0.30686894059181213,0.6904473304748535,0.8104917407035828,0.7509765624998503,0.9644280076026917,0.06919788018946796,0.20098603902661924,0.2
160,n02325366/ILSVRC2012_val_00041387,supervised,resnet18_imagenet,gradcam,predicted,backbone.layer2,10,10,10,-0.03516717627644539,0.5220543742179871,0.21574457083754922,0.10751295336783344,0.2600027620792389,0.1478644162416458,0.40079712867736816,0.29164838790893555,0.3623246173468666,0.9412041902542114,0.08291038675103662,0.20968649789272148,0.2
161,n02325366/ILSVRC2012_val_00049280,supervised,resnet18_imagenet,gradcam,predicted,backbone.layer2,10,10,10,0.12594841420650482,0.49951767921447754,0.011976841826131622,0.028014725689131714,0.11600283533334732,0.07470997422933578,0.1966799944639206,0.12953391671180725,0.2563576211734183,0.981730580329895,0.06237683593718093,0.20133942390057677,0.2
162,n02342885/ILSVRC2012_val_00001226,supervised,resnet18_imagenet,gradcam,predicted,backbone.layer2,11,11,11,0.5975103974342346,0.5286584496498108,0.10932857991678274,0.14731278615980478,0.1279805451631546,0.13942745327949524,0.40815070271492004,0.4757728576660156,0.5441246811223406,0.9898517727851868,0.31599656879667015,0.42176674653890694,0.2
163,n02342885/ILSVRC2012_val_00001439,supervised,resnet18_imagenet,gradcam,predicted,backbone.layer2,11,11,11,0.02560271881520748,0.42176008224487305,0.11418279071033645,0.12011303465112347,0.2263231724500656,0.1468743532896042,0.5553078651428223,0.5843610167503357,0.6136798469386532,0.8349219560623169,0.08052983513452097,0.19277320133503512,0.2
164,n02342885/ILSVRC2012_val_00004985,supervised,resnet18_imagenet,gradcam,predicted,backbone.layer2,11,11,11,-0.35279980301856995,0.25966545939445496,0.055810317873878114,0.19185858407594583,0.12226748466491699,0.23221281170845032,0.46247386932373047,0.6812757849693298,0.6076012436223279,0.9964737296104431,-0.06681925062248079,0.08790835387252299,0.2
165,n02342885/ILSVRC2012_val_00006185,supervised,resnet18_imagenet,gradcam,predicted,backbone.layer2,11,11,11,0.2686694264411926,0.5996079444885254,0.15416613743167973,0.0994010526952328,0.273514062166214,0.20080268383026123,0.527883768081665,0.44789162278175354,0.5243343431121404,0.9220607876777649,0.18353792761455082,0.2957352149378103,0.2
166,n02342885/ILSVRC2012_val_00010974,supervised,resnet18_imagenet,gradcam,predicted,backbone.layer2,11,11,11,-0.2964976727962494,0.3204137682914734,0.15413669064743582,0.20003740182015955,0.10783050209283829,0.20958122611045837,0.560671329498291,0.6535778045654297,0.5673429528060094,0.9357799887657166,-0.01234684137822116,0.12513633595306906,0.2
167,n02342885/ILSVRC2012_val_00013528,supervised,resnet18_imagenet,gradcam,predicted,backbone.layer2,11,11,11,-0.07424399256706238,0.38876020908355713,0.19174203696416525,0.1710502588937966,0.14972171187400818,0.20553861558437347,0.7282388806343079,0.7103262543678284,0.705994897959043,0.9469770193099976,0.0791400917305636,0.20675922946251823,0.2
168,n02342885/ILSVRC2012_val_00014630,supervised,resnet18_imagenet,gradcam,predicted,backbone.layer2,11,11,11,0.0810164138674736,0.3277600407600403,0.0016104500313135857,0.12659756465727753,0.042925938963890076,0.09640852361917496,0.11580891162157059,0.26696738600730896,0.24623325892852238,0.9212093353271484,0.07086896995356678,0.1985891488248358,0.2
169,n02342885/ILSVRC2012_val_00023034,supervised,resnet18_imagenet,gradcam,predicted,backbone.layer2,11,11,11,0.17449042201042175,0.343197226524353,0.07676020730625813,0.10918324164194498,0.14620725810527802,0.07591649889945984,0.4006243050098419,0.3640458583831787,0.4790736607141903,0.9641808867454529,0.12557920348862964,0.2521846429525163,0.2
170,n02342885/ILSVRC2012_val_00026102,supervised,resnet18_imagenet,gradcam,predicted,backbone.layer2,11,47,47,0.08178781718015671,0.20660638809204102,0.08233857840473759,0.13188008322293746,0.16489335894584656,0.08125785738229752,0.24300187826156616,0.3057354986667633,0.2770647321428019,0.8132491111755371,0.0969807253603652,0.20416776809630416,0.2
171,n02342885/ILSVRC2012_val_00029758,supervised,resnet18_imagenet,gradcam,predicted,backbone.layer2,11,11,11,0.40446406602859497,0.3637442886829376,0.10707846216480339,0.10082988751695897,0.08757438510656357,0.12162687629461288,0.4540523290634155,0.41092559695243835,0.5586933992345826,0.9792474508285522,0.2241581313159667,0.3404266281547317,0.2
172,n02342885/ILSVRC2012_val_00030463,supervised,resnet18_imagenet,gradcam,predicted,backbone.layer2,11,11,11,0.10263058543205261,0.27375128865242004,0.08066795489283285,0.05043312494742216,0.09787037968635559,0.10772091150283813,0.46004483103752136,0.3502163290977478,0.5467753507651972,0.9288825988769531,0.08038255812489754,0.20802836469282515,0.2
173,n02342885/ILSVRC2012_val_00031690,supervised,resnet18_imagenet,gradcam,predicted,backbone.layer2,11,11,11,-0.31179895997047424,0.4127718508243561,0.10210210210207145,0.3036837057297063,0.1670638620853424,0.20956295728683472,0.48420029878616333,0.687416672706604,0.5314293686223431,0.9316607117652893,-0.0029838416386563787,0.13206592273307183,0.2
174,n02342885/ILSVRC2012_val_00036070,supervised,resnet18_imagenet,gradcam,predicted,backbone.layer2,11,11,11,0.2654273509979248,0.4066484868526459,0.18942902169955403,0.13311005889822541,0.24125242233276367,0.13517628610134125,0.7825961709022522,0.652665376663208,0.7777224170916818,0.4944862127304077,0.20293266457850373,0.2477072749082797,0.2
175,n02342885/ILSVRC2012_val_00039958,supervised,resnet18_imagenet,gradcam,predicted,backbone.layer2,11,11,11,0.03293052688241005,0.4720315933227539,0.15669543294866756,0.22455474002971193,0.20403924584388733,0.3234322667121887,0.7216625213623047,0.8201822638511658,0.7509765624998503,0.9356104731559753,0.12754726264647787,0.2471797986268347,0.2
160,n02325366/ILSVRC2012_val_00041387,supervised,resnet18_imagenet,gradcam,predicted,backbone.layer3,10,10,10,-0.07595857232809067,0.4853958487510681,0.3143429449851799,0.17650738053532794,0.24926692247390747,0.14108175039291382,0.44729509949684143,0.34152963757514954,0.3623246173468666,0.9556256532669067,0.11687166872491607,0.23947092905533124,0.2
161,n02325366/ILSVRC2012_val_00049280,supervised,resnet18_imagenet,gradcam,predicted,backbone.layer3,10,10,10,-0.005703269504010677,0.1749059408903122,0.19746888400784568,0.12953827940009394,0.1943613439798355,0.07776254415512085,0.3337356448173523,0.26959025859832764,0.2563576211734183,0.9904505610466003,0.09582084122077761,0.2283232306825712,0.2
162,n02342885/ILSVRC2012_val_00001226,supervised,resnet18_imagenet,gradcam,predicted,backbone.layer3,11,11,11,0.5096153020858765,0.425979346036911,0.1620603797073881,0.1857909613490692,0.21458499133586884,0.17131999135017395,0.5266797542572021,0.5845230221748352,0.5441246811223406,0.9398723840713501,0.3082015231512878,0.40630904860487355,0.2
163,n02342885/ILSVRC2012_val_00001439,supervised,resnet18_imagenet,gradcam,predicted,backbone.layer3,11,11,11,-0.029764937236905098,0.35180041193962097,0.1719575200917991,0.1512237762237336,0.2845626473426819,0.18934719264507294,0.5917530059814453,0.6357703804969788,0.6136798469386532,0.9549599289894104,0.08504841399989777,0.21362158539437795,0.2
164,n02342885/ILSVRC2012_val_00004985,supervised,resnet18_imagenet,gradcam,predicted,backbone.layer3,11,11,11,-0.2866457402706146,0.21179990470409393,0.11698550085448015,0.1708853444289844,0.18655267357826233,0.20430733263492584,0.5442641973495483,0.6427909731864929,0.6076012436223279,0.9986019134521484,-0.028297042523206493,0.12143198924397328,0.2
165,n02342885/ILSVRC2012_val_00006185,supervised,resnet18_imagenet,gradcam,predicted,backbone.layer3,11,11,11,-0.1387520581483841,0.2449839860200882,0.1948717948717308,0.25757785467119115,0.12408749014139175,0.18224838376045227,0.5285730361938477,0.6978515982627869,0.5243343431121404,0.9885150790214539,0.08023407160352294,0.21282645388701413,0.2
166,n02342885/ILSVRC2012_val_00010974,supervised,resnet18_imagenet,gradcam,predicted,backbone.layer3,11,11,11,-0.042203985154628754,0.23601914942264557,0.2179166798468295,0.2899788923508929,0.13769032061100006,0.16917011141777039,0.6568072438240051,0.8340858221054077,0.5673429528060094,0.9959381222724915,0.1354870775974652,0.2615932165861843,0.2
167,n02342885/ILSVRC2012_val_00013528,supervised,resnet18_imagenet,gradcam,predicted,backbone.layer3,11,11,11,0.1229727566242218,0.283017098903656,0.23375671714698104,0.24310208099749978,0.13866841793060303,0.1330728679895401,0.8205037713050842,0.8737156391143799,0.705994897959043,0.9953379034996033,0.19224674209303297,0.3115558498795383,0.2
168,n02342885/ILSVRC2012_val_00014630,supervised,resnet18_imagenet,gradcam,predicted,backbone.layer3,11,11,11,-0.02279321849346161,0.14490164816379547,0.2955676426337834,0.18376949510960414,0.25015729665756226,0.08583271503448486,0.36798998713493347,0.365066260099411,0.24623325892852238,0.23907950520515442,0.13468385392563162,0.14771858374390848,0.2
169,n02342885/ILSVRC2012_val_00023034,supervised,resnet18_imagenet,gradcam,predicted,backbone.layer3,11,11,11,-0.11938589811325073,0.1455795019865036,0.1603664350905325,0.3902807246611758,0.06891662627458572,0.18286587297916412,0.3896428346633911,0.9111277461051941,0.4790736607141903,0.008605257607996464,0.11743978868021218,0.0971675142394888,0.2
170,n02342885/ILSVRC2012_val_00026102,supervised,resnet18_imagenet,gradcam,predicted,backbone.layer3,11,47,47,-0.06446591764688492,0.3016168773174286,0.0034795002934503733,0.054354050125510124,0.10058219730854034,0.09063800424337387,0.15886063873767853,0.22275245189666748,0.2770647321428019,0.8828199505805969,-0.00843630193306582,0.12431830901541993,0.2
171,n02342885/ILSVRC2012_val_00029758,supervised,resnet18_imagenet,gradcam,predicted,backbone.layer3,11,11,11,0.36911889910697937,0.34490466117858887,0.18073260754933757,0.1128716344607499,0.19243589043617249,0.08254896849393845,0.5534181594848633,0.4162832498550415,0.5586933992345826,0.9814633727073669,0.23572883224581798,0.3498121810960697,0.2
172,n02342885/ILSVRC2012_val_00030463,supervised,resnet18_imagenet,gradcam,predicted,backbone.layer3,11,11,11,-0.08484967052936554,0.1696043163537979,0.1668898508298817,0.21817295188549474,0.11069710552692413,0.05178632587194443,0.6297972202301025,0.5655205249786377,0.5467753507651972,0.9831509590148926,0.0815789726028667,0.21404095984580007,0.2
173,n02342885/ILSVRC2012_val_00031690,supervised,resnet18_imagenet,gradcam,predicted,backbone.layer3,11,11,11,0.2351565957069397,0.3238063156604767,0.21829770282823718,0.3204763789442232,0.18123625218868256,0.19301381707191467,0.6202587485313416,0.8448580503463745,0.5314293686223431,0.9794862270355225,0.255694862814514,0.36392126299587235,0.2
174,n02342885/ILSVRC2012_val_00036070,supervised,resnet18_imagenet,gradcam,predicted,backbone.layer3,11,11,11,0.20850731432437897,0.2379085123538971,0.22666466631654875,0.1991689073575656,0.2839367091655731,0.09262394160032272,0.7886940836906433,0.8255797624588013,0.7777224170916818,0.970554769039154,0.2111529978319859,0.3250191687879343,0.2
175,n02342885/ILSVRC2012_val_00039958,supervised,resnet18_imagenet,gradcam,predicted,backbone.layer3,11,11,11,0.15339873731136322,0.2971080243587494,0.24073014717347738,0.23584563584557477,0.1242901086807251,0.24152036011219025,0.8671582937240601,0.8234777450561523,0.7509765624998503,0.9887526035308838,0.20433222983026095,0.3211463943433728,0.2
160,n02325366/ILSVRC2012_val_00041387,supervised,resnet18_imagenet,gradcam,predicted,backbone.layer4,10,10,10,0.686555027961731,0.5477303266525269,0.3463391366561668,0.36494197292051983,0.273445725440979,0.3220686614513397,0.45302286744117737,0.5512599349021912,0.3623246173468666,0.9966789484024048,0.4880063440576983,0.5676163794411382,0.2
161,n02325366/ILSVRC2012_val_00049280,supervised,resnet18_imagenet,gradcam,predicted,backbone.layer4,10,10,10,0.6030498743057251,0.5605118870735168,0.4408507425116783,0.5061501019532288,0.259589284658432,0.37849780917167664,0.35950416326522827,0.49078401923179626,0.2563576211734183,0.9850155115127563,0.5253202030617622,0.595569993850144,0.2
162,n02342885/ILSVRC2012_val_00001226,supervised,resnet18_imagenet,gradcam,predicted,backbone.layer4,11,11,11,0.4126876890659332,0.5797010064125061,0.241958553703808,0.3250878375979256,0.2901677191257477,0.42783376574516296,0.5562296509742737,0.7250269651412964,0.5441246811223406,0.9902681112289429,0.33518899301689337,0.43474250568285144,0.2
163,n02342885/ILSVRC2012_val_00001439,supervised,resnet18_imagenet,gradcam,predicted,backbone.layer4,11,11,11,0.2955641746520996,0.5739927887916565,0.223244247363308,0.2973720169054316,0.34690049290657043,0.45480144023895264,0.6477395296096802,0.758034884929657,0.6136798469386532,0.8512327671051025,0.2744105491414617,0.3612864422611851,0.2
164,n02342885/ILSVRC2012_val_00004985,supervised,resnet18_imagenet,gradcam,predicted,backbone.layer4,11,11,11,0.24945808947086334,0.47339385747909546,0.15880049169544647,0.304048400592037,0.22682538628578186,0.4505200684070587,0.5577865242958069,0.7833789587020874,0.6076012436223279,0.9982272982597351,0.2386379034745904,0.3527566491256333,0.2
165,n02342885/ILSVRC2012_val_00006185,supervised,resnet18_imagenet,gradcam,predicted,backbone.layer4,11,11,11,0.31792861223220825,0.5230708122253418,0.21726898214816717,0.3814284085292556,0.3066217601299286,0.46526584029197693,0.5590856671333313,0.7643309831619263,0.5243343431121404,0.9631460905075073,0.3067806620961101,0.40542127552675467,0.2
166,n02342885/ILSVRC2012_val_00010974,supervised,resnet18_imagenet,gradcam,predicted,backbone.layer4,11,11,11,0.4048842787742615,0.5365620255470276,0.22401957668587555,0.31110808417887653,0.30547085404396057,0.4269387722015381,0.5795775651931763,0.7971019744873047,0.5673429528060094,0.9929702281951904,0.32249200976913023,0.42443694701645807,0.2
167,n02342885/ILSVRC2012_val_00013528,supervised,resnet18_imagenet,gradcam,predicted,backbone.layer4,11,11,11,0.409686416387558,0.5609380006790161,0.2240831493348527,0.2832825203251233,0.3399595022201538,0.4554198980331421,0.7328537106513977,0.8515143990516663,0.705994897959043,0.9750121235847473,0.316084267453016,0.41648348168835136,0.2
168,n02342885/ILSVRC2012_val_00014630,supervised,resnet18_imagenet,gradcam,predicted,backbone.layer4,11,11,11,-0.0789339691400528,0.5125423669815063,0.0026420670816342117,0.24930253319928058,0.1128528043627739,0.2865999639034271,0.1609088033437729,0.3401891887187958,0.24623325892852238,0.5180862545967102,0.044009792428253314,0.11307219906071675,0.2
169,n02342885/ILSVRC2012_val_00023034,supervised,resnet18_imagenet,gradcam,predicted,backbone.layer4,11,11,11,0.3637841045856476,0.4834361672401428,0.230694213681922,0.364011208967028,0.23698294162750244,0.40920552611351013,0.4955686330795288,0.6866059303283691,0.4790736607141903,0.9602911472320557,0.32392526862894405,0.4200444643520225,0.2
170,n02342885/ILSVRC2012_val_00026102,supervised,resnet18_imagenet,gradcam,predicted,backbone.layer4,11,47,47,0.11342672258615494,0.45609942078590393,0.4674472780772024,0.004447987914898893,0.3535626232624054,0.10557996481657028,0.47102442383766174,0.1617145985364914,0.2770647321428019,0.9811469912528992,0.18693926883209236,0.3048452180911144,0.2
171,n02342885/ILSVRC2012_val_00029758,supervised,resnet18_imagenet,gradcam,predicted,backbone.layer4,11,11,11,0.5586192607879639,0.6089836359024048,0.2863169974347623,0.3282623866014207,0.3197338283061981,0.4855627119541168,0.6341700553894043,0.6890444755554199,0.5586933992345826,0.9892217516899109,0.4078215195260405,0.4975448500383197,0.2
172,n02342885/ILSVRC2012_val_00030463,supervised,resnet18_imagenet,gradcam,predicted,backbone.layer4,11,11,11,0.39194318652153015,0.5529564023017883,0.24351231167443965,0.36577364680139757,0.3215678930282593,0.4863140285015106,0.5882599353790283,0.7777795791625977,0.5467753507651972,0.9864460229873657,0.3395630621513632,0.4374685083495997,0.2
173,n02342885/ILSVRC2012_val_00031690,supervised,resnet18_imagenet,gradcam,predicted,backbone.layer4,11,11,11,0.5337126851081848,0.5600191354751587,0.30852315260388957,0.3763360210011714,0.33185264468193054,0.46324142813682556,0.6008173823356628,0.7859864830970764,0.5314293686223431,0.9552403688430786,0.4189428261247922,0.5013002885155917,0.2
174,n02342885/ILSVRC2012_val_00036070,supervised,resnet18_imagenet,gradcam,predicted,backbone.layer4,11,11,11,-0.29219678044319153,0.44173598289489746,0.1738891148811529,0.255161826787705,0.3512003719806671,0.5577107071876526,0.7714320421218872,0.8498644232749939,0.7777224170916818,0.9856189489364624,0.011836570323380743,0.1528367046025668,0.2
175,n02342885/ILSVRC2012_val_00039958,supervised,resnet18_imagenet,gradcam,predicted,backbone.layer4,11,11,11,0.06085914000868797,0.5915365219116211,0.14784700505168444,0.2663145882539566,0.36043238639831543,0.54362553358078,0.6914998292922974,0.8781535029411316,0.7509765624998503,0.9326490163803101,0.14859213399516752,0.2647384497864976,0.2
176,n02342885/ILSVRC2012_val_00039968,supervised,resnet18_imagenet,gradcam,predicted,backbone.layer1,11,11,11,0.04624705761671066,0.2776505947113037,0.12213004860058567,0.12067450520937249,0.12802280485630035,0.07822220027446747,0.30001959204673767,0.3013365566730499,0.33378507653054573,0.9921669363975525,0.09134018918967171,0.22571264907797117,0.2
177,n02342885/ILSVRC2012_val_00044948,supervised,resnet18_imagenet,gradcam,predicted,backbone.layer1,11,11,11,-0.004879949148744345,0.21512946486473083,0.13850604944758627,0.0015734184830387462,0.1045033261179924,0.009056218899786472,0.24103191494941711,0.02205418236553669,0.23134566326526002,0.4222668409347534,0.04007186071968976,0.09665191092080874,0.2
178,n02342885/ILSVRC2012_val_00047144,supervised,resnet18_imagenet,gradcam,predicted,backbone.layer1,11,11,11,-0.037639155983924866,0.3314005732536316,0.16829062028894057,0.06427734047896021,0.14785876870155334,0.2592746317386627,0.44785913825035095,0.3957136273384094,0.4332549426019545,0.9319894909858704,0.05471472583680029,0.18476670924548205,0.2
179,n02396427/ILSVRC2012_val_00003223,supervised,resnet18_imagenet,gradcam,predicted,backbone.layer1,12,12,12,-0.02291887439787388,0.005206133238971233,0.09342449996798938,0.14102359693874741,0.08403558284044266,0.004684475716203451,0.13440756499767303,0.4207908511161804,0.14102359693874741,0.9522486925125122,0.061166879312871486,0.19342772206430517,0.2
180,n02396427/ILSVRC2012_val_00011042,supervised,resnet18_imagenet,gradcam,predicted,backbone.layer1,12,12,12,0.08168207854032516,0.34045615792274475,0.05639043247158425,0.09021094100628822,0.09423170983791351,0.07206576317548752,0.18428535759449005,0.18924519419670105,0.235710299744851,0.9478274583816528,0.0766532434594918,0.20741318961582983,0.2
181,n02396427/ILSVRC2012_val_00013411,supervised,resnet18_imagenet,gradcam,predicted,backbone.layer1,12,12,12,0.010055091232061386,0.0032084230333566666,0.14885157442573438,0.4449736926019522,0.18223293125629425,0.0024103433825075626,0.4393896162509918,0.768306314945221,0.4449736926019522,0.9875143766403198,0.1821696166011305,0.3001027551841911,0.2
182,n02396427/ILSVRC2012_val_00018260,supervised,resnet18_imagenet,gradcam,predicted,backbone.layer1,12,12,12,-0.23214666545391083,0.354988157749176,0.1496413651768938,0.01407912118472708,0.1240597814321518,0.08487959206104279,0.3698524236679077,0.1998862624168396,0.38137755102033216,0.6106635332107544,-0.043742520273078074,0.051278318663149594,0.2
183,n02396427/ILSVRC2012_val_00023062,supervised,resnet18_imagenet,gradcam,predicted,backbone.layer1,12,12,12,0.16205790638923645,0.3867166340351105,0.028412725130439853,0.039223023540604425,0.1076202318072319,0.047304488718509674,0.3327309787273407,0.22767102718353271,0.40884088010195935,0.9970737099647522,0.08511388715700785,0.22319026089870664,0.2
184,n02396427/ILSVRC2012_val_00028931,supervised,resnet18_imagenet,gradcam,predicted,backbone.layer1,12,12,12,-0.04261665418744087,0.2836969196796417,0.11934463783269358,0.1266949046341696,0.15848340094089508,0.08891518414020538,0.5943151712417603,0.5440449118614197,0.6959303252549633,0.9862291216850281,0.05676520106508261,0.1945284249038657,0.2
185,n02396427/ILSVRC2012_val_00034418,supervised,resnet18_imagenet,gradcam,predicted,backbone.layer1,12,12,12,0.11340421438217163,0.2692772150039673,0.1999960140305724,0.1999960140305724,0.0,0.0,1.0,1.0,0.9999999999998007,0.9822202920913696,0.1653592941712121,0.2870225258627517,0.2
186,n02396427/ILSVRC2012_val_00038735,supervised,resnet18_imagenet,gradcam,predicted,backbone.layer1,12,12,12,0.6617711186408997,0.4465376138687134,0.25672955385971785,0.24576546475463093,0.10093534737825394,0.12335076928138733,0.4025484025478363,0.42677128314971924,0.3350207270407496,0.9947548508644104,0.4154569530406645,0.5064568738075637,0.2
187,n02396427/ILSVRC2012_val_00040119,supervised,resnet18_imagenet,gradcam,predicted,backbone.layer1,12,12,12,0.09592190384864807,0.4265875220298767,0.09663103774858704,0.212119399413707,0.12486731261014938,0.2672610282897949,0.5202805399894714,0.6627756357192993,0.607680963010083,0.9470139741897583,0.13099389268814743,0.2528123717660641,0.2
188,n02396427/ILSVRC2012_val_00044402,supervised,resnet18_imagenet,gradcam,predicted,backbone.layer1,12,12,12,0.19309498369693756,0.20833076536655426,0.24418930271621198,0.2380642764256743,0.21740791201591492,0.11660132557153702,0.3883380591869354,0.5353218913078308,0.3312938456631993,0.9470422267913818,0.22191406722134088,0.330202973098107,0.2
189,n02396427/ILSVRC2012_val_00045108,supervised,resnet18_imagenet,gradcam,predicted,backbone.layer1,12,12,12,0.2345481514930725,0.42978349328041077,0.13967063265353347,0.21083049639769594,0.16329240798950195,0.17841646075248718,0.6548095941543579,0.8035345673561096,0.7144252232141434,0.8623766303062439,0.1989695993125978,0.29907362983131935,0.2
190,n02396427/ILSVRC2012_val_00045758,supervised,resnet18_imagenet,gradcam,predicted,backbone.layer1,12,12,12,-0.03680001571774483,0.0125864427536726,0.08971118162744597,0.20380261479587777,0.10131733119487762,0.0012866451870650053,0.1873665750026703,0.054945334792137146,0.20380261479587777,0.9493985772132874,0.07333413263989919,0.20290823018661336,0.2
191,n02396427/ILSVRC2012_val_00046391,supervised,resnet18_imagenet,gradcam,predicted,backbone.layer1,12,7,7,0.31905850768089294,0.4850184917449951,0.28082924654468083,0.3856653643947399,0.19530029594898224,0.25896480679512024,0.48737865686416626,0.47482767701148987,0.37256855867339517,0.9968330264091492,0.3275717863541834,0.4278190843845401,0.2
176,n02342885/ILSVRC2012_val_00039968,supervised,resnet18_imagenet,gradcam,predicted,backbone.layer2,11,11,11,0.5850455164909363,0.39192700386047363,0.10431699171232246,0.15973846020604496,0.07474642992019653,0.07069776207208633,0.23564307391643524,0.31660085916519165,0.33378507653054573,0.990368664264679,0.31323484217188474,0.4193350933911214,0.2
177,n02342885/ILSVRC2012_val_00044948,supervised,resnet18_imagenet,gradcam,predicted,backbone.layer2,11,11,11,-0.1155206486582756,0.352809876203537,0.06636775719350296,0.056168260784669057,0.09966269880533218,0.09819260239601135,0.1826970875263214,0.17621389031410217,0.23134566326526002,0.9820147156715393,-0.009447454069858644,0.13750398481487744,0.2
178,n02342885/ILSVRC2012_val_00047144,supervised,resnet18_imagenet,gradcam,predicted,backbone.layer2,11,11,11,0.04526488482952118,0.3460056185722351,0.21020757950858496,0.10062697010630758,0.12560442090034485,0.1251775175333023,0.4716644287109375,0.34349682927131653,0.4332549426019545,0.9324535131454468,0.11135631881627622,0.23341937406587257,0.2
179,n02396427/ILSVRC2012_val_00003223,supervised,resnet18_imagenet,gradcam,predicted,backbone.layer2,12,12,12,-0.13020065426826477,0.33029136061668396,0.1240228601457505,0.12847061927050815,0.0859956219792366,0.09757329523563385,0.15061381459236145,0.16759930551052094,0.14102359693874741,0.9543604850769043,0.02366778211757168,0.16070721362170762,0.2
180,n02396427/ILSVRC2012_val_00011042,supervised,resnet18_imagenet,gradcam,predicted,backbone.layer2,12,12,12,0.1500180959701538,0.48412877321243286,0.2290308072856819,0.13011113982934602,0.17724427580833435,0.1304432600736618,0.2940961420536041,0.24021603167057037,0.235710299744851,0.6005949378013611,0.1677498225225699,0.23238106103851497,0.2
181,n02396427/ILSVRC2012_val_00013411,supervised,resnet18_imagenet,gradcam,predicted,backbone.layer2,12,12,12,0.07338201999664307,0.26209110021591187,0.05689092096666986,0.15785330948115997,0.15825426578521729,0.09327767044305801,0.3456571400165558,0.44441187381744385,0.4449736926019522,0.9937148690223694,0.09377607713300617,0.22842699496413793,0.2
182,n02396427/ILSVRC2012_val_00018260,supervised,resnet18_imagenet,gradcam,predicted,backbone.layer2,12,12,12,-0.17694814503192902,0.44623833894729614,0.23710771840532777,0.03866832828910854,0.19542363286018372,0.10991352796554565,0.43790164589881897,0.2519627511501312,0.38137755102033216,0.9767706990242004,0.011953555995559268,0.15352776576606397,0.2
183,n02396427/ILSVRC2012_val_00023062,supervised,resnet18_imagenet,gradcam,predicted,backbone.layer2,12,12,12,0.21050643920898438,0.32712629437446594,0.1945335105966237,0.32804416815183757,0.19861942529678345,0.2128707617521286,0.42018067836761475,0.6861382126808167,0.40884088010195935,0.9945429563522339,0.24097587930813213,0.3535031168630949,0.2
184,n02396427/ILSVRC2012_val_00028931,supervised,resnet18_imagenet,gradcam,predicted,backbone.layer2,12,12,12,-0.2587096393108368,0.3635256290435791,0.11057858589848546,0.1307191186457402,0.2240351140499115,0.1690775752067566,0.6165390014648438,0.617647111415863,0.6959303252549633,0.9595431089401245,-0.031094544361067025,0.1137075187182822,0.2
185,n02396427/ILSVRC2012_val_00034418,supervised,resnet18_imagenet,gradcam,predicted,backbone.layer2,12,12,12,0.04798860847949982,0.37176513671875,0.1999960140305724,0.1999960140305724,0.0,0.0,1.0,1.0,0.9999999999998007,0.9472916126251221,0.13919305181014335,0.25888776187687945,0.2
186,n02396427/ILSVRC2012_val_00038735,supervised,resnet18_imagenet,gradcam,predicted,backbone.layer2,12,12,12,-0.026265660300850868,0.40146464109420776,0.0969231397866641,0.3365030369409855,0.17311438918113708,0.2295047491788864,0.3199242651462555,0.5394428372383118,0.3350207270407496,0.9812902808189392,0.11952158889795453,0.24635710519945547,0.2
187,n02396427/ILSVRC2012_val_00040119,supervised,resnet18_imagenet,gradcam,predicted,backbone.layer2,12,12,12,-0.08333513885736465,0.43492361903190613,0.11765030336455665,0.22820947993689292,0.19988378882408142,0.24353834986686707,0.5552796721458435,0.6871095895767212,0.607680963010083,0.9557405710220337,0.07042387944748901,0.20065873287858982,0.2
188,n02396427/ILSVRC2012_val_00044402,supervised,resnet18_imagenet,gradcam,predicted,backbone.layer2,12,12,12,-0.12426218390464783,0.30338895320892334,0.2595322466334706,0.1044454571818766,0.21901635825634003,0.1052822694182396,0.4093514084815979,0.28436335921287537,0.3312938456631993,0.6306123733520508,0.05948843758274501,0.14209451759001768,0.2
189,n02396427/ILSVRC2012_val_00045108,supervised,resnet18_imagenet,gradcam,predicted,backbone.layer2,12,12,12,-0.10552865266799927,0.3998638391494751,0.13633999554198273,0.24253913231862578,0.16246753931045532,0.2958201766014099,0.6668832302093506,0.7793905735015869,0.7144252232141434,0.8524981737136841,0.07145227729098283,0.185659479588405,0.2
190,n02396427/ILSVRC2012_val_00045758,supervised,resnet18_imagenet,gradcam,predicted,backbone.layer2,12,12,12,0.3091799020767212,0.21428056061267853,0.047404880066145884,0.2797498736733958,0.1055837944149971,0.12096969038248062,0.16462062299251556,0.4070549011230469,0.20380261479587777,0.8971356749534607,0.221818386952551,0.32457200540475695,0.2
191,n02396427/ILSVRC2012_val_00046391,supervised,resnet18_imagenet,gradcam,predicted,backbone.layer2,12,7,7,0.2114558219909668,0.48634886741638184,0.1767428524616299,0.3150691202049276,0.1790233999490738,0.22698384523391724,0.3758774995803833,0.4824380874633789,0.37256855867339517,0.983852744102478,0.23212592059635395,0.34454044247884946,0.2
176,n02342885/ILSVRC2012_val_00039968,supervised,resnet18_imagenet,gradcam,predicted,backbone.layer3,11,11,11,0.15006721019744873,0.2655944526195526,0.14226012793170906,0.17283950617276383,0.12264395505189896,0.09397480636835098,0.2985716164112091,0.34744784235954285,0.33378507653054573,0.7979283928871155,0.15455677431032136,0.2509876910282926,0.2
177,n02342885/ILSVRC2012_val_00044948,supervised,resnet18_imagenet,gradcam,predicted,backbone.layer3,11,11,11,-0.23639293015003204,0.21080534160137177,0.06077537617014126,0.20951156812327623,0.10768014192581177,0.1533941626548767,0.21368393301963806,0.3311992585659027,0.23134566326526002,0.9769191741943359,-0.013471088771987577,0.13137208664999356,0.2
178,n02342885/ILSVRC2012_val_00047144,supervised,resnet18_imagenet,gradcam,predicted,backbone.layer3,11,11,11,0.29700639843940735,0.35038235783576965,0.21590387264648098,0.08085859101266087,0.1334281712770462,0.08284139633178711,0.5173214673995972,0.31106114387512207,0.4332549426019545,0.9902688264846802,0.2078312984735055,0.3266831793412801,0.2
179,n02396427/ILSVRC2012_val_00003223,supervised,resnet18_imagenet,gradcam,predicted,backbone.layer3,12,12,12,-0.13531896471977234,0.12987762689590454,0.27389815366269066,0.002401874633859167,0.19783736765384674,0.0036947119515389204,0.26524755358695984,0.011393425054848194,0.14102359693874741,0.9486942887306213,0.028762422601056003,0.16401751273181034,0.2
180,n02396427/ILSVRC2012_val_00011042,supervised,resnet18_imagenet,gradcam,predicted,backbone.layer3,12,12,12,-0.015222974121570587,0.1403646618127823,0.12349041574586386,0.15750741211342784,0.14069415628910065,0.07902467995882034,0.21486856043338776,0.33196625113487244,0.235710299744851,0.7795538902282715,0.07821015870915926,0.18185449955651395,0.2
181,n02396427/ILSVRC2012_val_00013411,supervised,resnet18_imagenet,gradcam,predicted,backbone.layer3,12,12,12,-0.2918463349342346,0.15180428326129913,0.0,0.27089224002502715,0.14724025130271912,0.15981724858283997,0.2893581986427307,0.6933722496032715,0.4449736926019522,0.9614150524139404,-0.03547086196618571,0.10978910064136572,0.2
182,n02396427/ILSVRC2012_val_00018260,supervised,resnet18_imagenet,gradcam,predicted,backbone.layer3,12,12,12,0.026758985593914986,0.14264251291751862,0.17482883608531016,0.17989161206819546,0.1926639825105667,0.06620825827121735,0.394252747297287,0.4079994559288025,0.38137755102033216,0.9838820695877075,0.11711972868361767,0.24562806743440277,0.2
183,n02396427/ILSVRC2012_val_00023062,supervised,resnet18_imagenet,gradcam,predicted,backbone.layer3,12,12,12,0.0752067044377327,0.27494269609451294,0.304843669912735,0.32473444613035995,0.23349447548389435,0.25092601776123047,0.5128926634788513,0.6996546387672424,0.40884088010195935,0.9929351210594177,0.21895611658802155,0.3326571437228928,0.2
184,n02396427/ILSVRC2012_val_00028931,supervised,resnet18_imagenet,gradcam,predicted,backbone.layer3,12,12,12,-0.09867870807647705,0.27216216921806335,0.1354600793109203,0.18715504264922303,0.1932665854692459,0.11471657454967499,0.6459699273109436,0.6946262121200562,0.6959303252549633,0.5231109857559204,0.05731305335745217,0.12458288052665692,0.2
185,n02396427/ILSVRC2012_val_00034418,supervised,resnet18_imagenet,gradcam,predicted,backbone.layer3,12,12,12,-0.23354683816432953,0.34901535511016846,0.1999960140305724,0.1999960140305724,0.0,0.0,1.0,1.0,0.9999999999998007,0.7839857935905457,0.02657887315261162,0.1358544826963527,0.2
186,n02396427/ILSVRC2012_val_00038735,supervised,resnet18_imagenet,gradcam,predicted,backbone.layer3,12,12,12,-0.2733284831047058,0.2549413740634918,0.06194865303213658,0.36601872582924583,0.15747316181659698,0.2644176483154297,0.26419979333877563,0.6065633893013,0.3350207270407496,0.9796831607818604,0.019058820416532382,0.15827934974597763,0.2
187,n02396427/ILSVRC2012_val_00040119,supervised,resnet18_imagenet,gradcam,predicted,backbone.layer3,12,12,12,0.4037119150161743,0.16526785492897034,0.1955277597497801,0.30035936597564644,0.2826259434223175,0.09912116080522537,0.5933176279067993,0.9525960087776184,0.607680963010083,0.9918372631072998,0.3102509037240977,0.41404654115311257,0.2
188,n02396427/ILSVRC2012_val_00044402,supervised,resnet18_imagenet,gradcam,predicted,backbone.layer3,12,12,12,0.014570293016731739,0.17087557911872864,0.4469170646979771,0.0658084119622318,0.30775558948516846,0.02922970801591873,0.4532477855682373,0.13574925065040588,0.3312938456631993,0.9816169738769531,0.15964576020475535,0.2805235178024513,0.2
189,n02396427/ILSVRC2012_val_00045108,supervised,resnet18_imagenet,gradcam,predicted,backbone.layer3,12,12,12,-0.26769915223121643,0.3265560269355774,0.08885091841091441,0.27801453998488124,0.1907573938369751,0.2689060568809509,0.6232285499572754,0.9160053133964539,0.7144252232141434,0.8869423866271973,0.002979976626252115,0.13106301931210276,0.2
190,n02396427/ILSVRC2012_val_00045758,supervised,resnet18_imagenet,gradcam,predicted,backbone.layer3,12,12,12,-0.023081621155142784,0.11823104321956635,0.0023251212031253957,0.37642663043452684,0.09517545998096466,0.17502707242965698,0.1384068727493286,0.6881226301193237,0.20380261479587777,0.9722831845283508,0.10439287702923855,0.2324518481843657,0.2
191,n02396427/ILSVRC2012_val_00046391,supervised,resnet18_imagenet,gradcam,predicted,backbone.layer3,12,7,7,0.0998401939868927,0.3537956774234772,0.27917538625928173,0.22230258679364265,0.2570403516292572,0.14723655581474304,0.4296349585056305,0.4439719617366791,0.37256855867339517,0.998356282711029,0.1903794695106344,0.3100670035652979,0.2
176,n02342885/ILSVRC2012_val_00039968,supervised,resnet18_imagenet,gradcam,predicted,backbone.layer4,11,11,11,0.5577337145805359,0.5459979772567749,0.3686899652563005,0.4333725784007099,0.26545682549476624,0.33085793256759644,0.43849754333496094,0.5240784883499146,0.33378507653054573,0.9945419430732727,0.4637122489293175,0.5449037274784311,0.2
177,n02342885/ILSVRC2012_val_00044948,supervised,resnet18_imagenet,gradcam,predicted,backbone.layer4,11,11,11,0.22612988948822021,0.577409565448761,0.16610991379301393,0.25985214506067883,0.1835697591304779,0.27371957898139954,0.2402743250131607,0.31026867032051086,0.23134566326526002,0.7872023582458496,0.21824057345139591,0.3037163297711777,0.2
178,n02342885/ILSVRC2012_val_00047144,supervised,resnet18_imagenet,gradcam,predicted,backbone.layer4,11,11,11,0.5019940733909607,0.5520139932632446,0.3346073078537024,0.4242682325516947,0.29573315382003784,0.4611806869506836,0.4940006732940674,0.7001175880432129,0.4332549426019545,0.9824395775794983,0.42846029147800346,0.5127827474251102,0.2
179,n02396427/ILSVRC2012_val_00003223,supervised,resnet18_imagenet,gradcam,predicted,backbone.layer4,12,12,12,0.45464786887168884,0.5456235408782959,0.4721672545810271,0.5568192157214477,0.22159802913665771,0.27792859077453613,0.24883075058460236,0.29796671867370605,0.14102359693874741,0.9814667105674744,0.490555088639418,0.5635933782658309,0.2
180,n02396427/ILSVRC2012_val_00011042,supervised,resnet18_imagenet,gradcam,predicted,backbone.layer4,12,12,12,0.5437219738960266,0.5566594004631042,0.239320113314312,0.26809744779566813,0.1860441118478775,0.2697882056236267,0.26529625058174133,0.35990867018699646,0.235710299744851,0.9556541442871094,0.36971405789140466,0.46050520278417073,0.2
181,n02396427/ILSVRC2012_val_00013411,supervised,resnet18_imagenet,gradcam,predicted,backbone.layer4,12,12,12,0.3313565254211426,0.542518675327301,0.22783657676103794,0.3794543904516712,0.259801983833313,0.416287362575531,0.4579111933708191,0.6276893019676208,0.4449736926019522,0.997197151184082,0.3147299003322698,0.4173770983781894,0.2
182,n02396427/ILSVRC2012_val_00018260,supervised,resnet18_imagenet,gradcam,predicted,backbone.layer4,12,12,12,0.40294691920280457,0.5017381906509399,0.33775107768488594,0.49779215444624264,0.28115782141685486,0.4654587507247925,0.4523433446884155,0.6695036888122559,0.38137755102033216,0.9903141856193542,0.41184173732046037,0.4984643575966669,0.2
183,n02396427/ILSVRC2012_val_00023062,supervised,resnet18_imagenet,gradcam,predicted,backbone.layer4,12,12,12,-0.2259088009595871,0.4702811539173126,0.07020493956907682,0.48058934716207985,0.29151451587677,0.4958607256412506,0.40848660469055176,0.6558173298835754,0.40884088010195935,0.9928756356239319,0.07487476563551214,0.20756183669052347,0.2
184,n02396427/ILSVRC2012_val_00028931,supervised,resnet18_imagenet,gradcam,predicted,backbone.layer4,12,12,12,0.39476436376571655,0.5753911137580872,0.2522005571029938,0.25153818313420434,0.3450622856616974,0.39140135049819946,0.7541223764419556,0.7555021047592163,0.6959303252549633,0.988979697227478,0.3090273675774461,0.412449166961422,0.2
185,n02396427/ILSVRC2012_val_00034418,supervised,resnet18_imagenet,gradcam,predicted,backbone.layer4,12,12,12,-0.0012786330189555883,0.45757558941841125,0.1999960140305724,0.1999960140305724,0.0,0.0,1.0,1.0,0.9999999999998007,0.9916486144065857,0.1194861552107612,0.2482977776196396,0.2
186,n02396427/ILSVRC2012_val_00038735,supervised,resnet18_imagenet,gradcam,predicted,backbone.layer4,12,12,12,0.5197793245315552,0.5064674615859985,0.3902666321509758,0.45532906863251904,0.2873618006706238,0.43319952487945557,0.4166657030582428,0.6183918118476868,0.3350207270407496,0.9959640502929688,0.4615904400476705,0.5427162963258634,0.2
187,n02396427/ILSVRC2012_val_00040119,supervised,resnet18_imagenet,gradcam,predicted,backbone.layer4,12,12,12,-0.03701075538992882,0.5098684430122375,0.1444789607455113,0.2838497117150466,0.3316055238246918,0.47761446237564087,0.5980629920959473,0.7411516904830933,0.607680963010083,0.9555835127830505,0.11369429958219585,0.23746593064612195,0.2
188,n02396427/ILSVRC2012_val_00044402,supervised,resnet18_imagenet,gradcam,predicted,backbone.layer4,12,12,12,0.1667669117450714,0.5586816668510437,0.26353208834948166,0.38088578088558356,0.2879957854747772,0.41524630784988403,0.38920295238494873,0.5018701553344727,0.3312938456631993,0.9391141533851624,0.2600321254685481,0.36034000942731564,0.2
189,n02396427/ILSVRC2012_val_00045108,supervised,resnet18_imagenet,gradcam,predicted,backbone.layer4,12,12,12,-0.09731624275445938,0.5102158784866333,0.1277929356241851,0.27588220572278976,0.3678978681564331,0.5156177282333374,0.6699041724205017,0.8603691458702087,0.7144252232141434,0.9404348731040955,0.08217604530230871,0.20792333133829727,0.2
190,n02396427/ILSVRC2012_val_00045758,supervised,resnet18_imagenet,gradcam,predicted,backbone.layer4,12,12,12,0.36656084656715393,0.4638034701347351,0.30371275979647144,0.4135910137442171,0.21712389588356018,0.3340509235858917,0.276614248752594,0.41945216059684753,0.20380261479587777,0.994501531124115,0.36181547068906816,0.45679746935229326,0.2
191,n02396427/ILSVRC2012_val_00046391,supervised,resnet18_imagenet,gradcam,predicted,backbone.layer4,12,7,7,-0.095030777156353,0.5459997653961182,0.21583647213161122,0.45603365262761336,0.3075253963470459,0.4608897566795349,0.4209204614162445,0.5318191051483154,0.37256855867339517,0.9979038238525391,0.16354872656522618,0.28439233276296344,0.2
192,n02396427/ILSVRC2012_val_00046930,supervised,resnet18_imagenet,gradcam,predicted,backbone.layer1,12,12,12,0.2201596200466156,0.4430427551269531,0.15699197052978475,0.10169630867882445,0.12902648746967316,0.1067969873547554,0.573815107345581,0.4525791108608246,0.601223692601921,0.9503214359283447,0.165670331781229,0.2842761522077194,0.2
193,n02396427/ILSVRC2012_val_00049830,supervised,resnet18_imagenet,gradcam,predicted,backbone.layer1,12,12,12,0.08736550062894821,0.2262154370546341,0.14837049742704062,0.37912599931316926,0.1216355562210083,0.16817833483219147,0.3666509985923767,0.7568141222000122,0.36041135204074454,0.9888454079627991,0.19319514927364223,0.3107788605996042,0.2
194,n02483362/ILSVRC2012_val_00004753,supervised,resnet18_imagenet,gradcam,predicted,backbone.layer1,13,13,13,0.0,0.0,0.18788403970374776,0.7015704719386358,0.21693482995033264,0.0,0.7070290446281433,0.0,0.7015704719386358,0.9737918972969055,0.26683635349271506,0.3684324125051317,0.2
195,n02483362/ILSVRC2012_val_00006447,supervised,resnet18_imagenet,gradcam,predicted,backbone.layer1,13,13,13,0.3544703423976898,0.577402651309967,0.12337971032861428,0.16369008535779261,0.1812363713979721,0.26054614782333374,0.4808252453804016,0.5292746424674988,0.5064373405611236,0.9927499890327454,0.22790907566499802,0.34474456711570495,0.2
196,n02483362/ILSVRC2012_val_00006451,supervised,resnet18_imagenet,gradcam,predicted,backbone.layer1,13,13,13,0.22412487864494324,0.35102054476737976,0.2167652107571484,0.21329402814753395,0.22930645942687988,0.1435137540102005,0.8515418767929077,0.8726383447647095,0.8171436543365719,0.984175980091095,0.21866772312938199,0.3335849142655649,0.2
197,n02483362/ILSVRC2012_val_00008017,supervised,resnet18_imagenet,gradcam,predicted,backbone.layer1,13,13,13,0.41800370812416077,0.5310357213020325,0.17388831437430874,0.17644315473101452,0.1749010980129242,0.20815056562423706,0.6820418238639832,0.6788840293884277,0.7049386160712882,0.9895625710487366,0.2723009239812613,0.38231855077709753,0.2
198,n02483362/ILSVRC2012_val_00009303,supervised,resnet18_imagenet,gradcam,predicted,backbone.layer1,13,13,13,0.2564367651939392,0.2956221401691437,0.19579481061731588,0.21610555050040817,0.21106484532356262,0.11266685277223587,0.9245599508285522,0.9861283302307129,0.9187260841834904,0.9873389601707458,0.2261448144128929,0.3408288021229216,0.2
199,n02483362/ILSVRC2012_val_00020978,supervised,resnet18_imagenet,gradcam,predicted,backbone.layer1,13,13,13,0.25014528632164,0.3278409540653229,0.1456796994572522,0.19602004502854525,0.11582385748624802,0.1235484927892685,0.15911947190761566,0.2426658272743225,0.12820870535711731,0.9503726363182068,0.20256803787439526,0.3155316817817544,0.2
200,n02483362/ILSVRC2012_val_00025031,supervised,resnet18_imagenet,gradcam,predicted,backbone.layer1,13,13,13,-0.07290813326835632,0.36392298340797424,0.1999960140305724,0.1999960140305724,0.0,0.0,1.0,1.0,0.9999999999998007,0.9820955395698547,0.09083435511100091,0.2217944913068397,0.2
201,n02483362/ILSVRC2012_val_00029738,supervised,resnet18_imagenet,gradcam,predicted,backbone.layer1,13,13,13,-0.06003131717443466,0.2966192960739136,0.056867309610870054,0.07546531302871372,0.06789609044790268,0.056373629719018936,0.09879852831363678,0.11894648522138596,0.11668925382650737,0.882732629776001,0.015687259922101262,0.14448208911524396,0.2
202,n02483362/ILSVRC2012_val_00040852,supervised,resnet18_imagenet,gradcam,predicted,backbone.layer1,13,13,13,0.17807629704475403,0.3614383935928345,0.10913981571561315,0.2549375121412582,0.10732313990592957,0.15552370250225067,0.19306699931621552,0.3202143907546997,0.18624441964282004,0.9739518761634827,0.180453717174963,0.29943881735440414,0.2
203,n02483362/ILSVRC2012_val_00041756,supervised,resnet18_imagenet,gradcam,predicted,backbone.layer1,13,13,13,0.4545908272266388,0.25537288188934326,0.19480925578481478,0.26404587307706234,0.2550068497657776,0.10957973450422287,0.722260057926178,0.9535396695137024,0.7138273278059802,0.9763703942298889,0.3194928695492187,0.4202761308792762,0.2
204,n02483362/ILSVRC2012_val_00042637,supervised,resnet18_imagenet,gradcam,predicted,backbone.layer1,13,13,13,-0.01895739883184433,0.002552362624555826,0.3317028828671406,0.413145727040734,0.2426655888557434,0.0031583646778017282,0.5448052883148193,1.0,0.413145727040734,0.9591763019561768,0.21587162343962463,0.32345350817924967,0.2
205,n02483362/ILSVRC2012_val_00046137,supervised,resnet18_imagenet,gradcam,predicted,backbone.layer1,13,13,13,0.13695310056209564,0.4269753098487854,0.2042163718633887,0.20684750793581094,0.2559620141983032,0.1906074583530426,0.9732641577720642,0.9954279661178589,0.9668765943875625,0.9898183345794678,0.17810040416459816,0.2991723053334535,0.2
206,n02483362/ILSVRC2012_val_00048939,supervised,resnet18_imagenet,gradcam,predicted,backbone.layer1,13,1,1,-0.08649888634681702,0.5719658732414246,0.11174139728879594,0.0395070395070241,0.17805318534374237,0.16018465161323547,0.32674071192741394,0.2467460334300995,0.3312141262754442,0.984596848487854,0.010774976500019197,0.15522702625074716,0.2
207,n02504458/ILSVRC2012_val_00002282,supervised,resnet18_imagenet,gradcam,predicted,backbone.layer1,14,14,14,-0.16083408892154694,0.3122076094150543,0.1743595989119578,0.15150067669765485,0.145402193069458,0.09537919610738754,0.4036058783531189,0.3746736943721771,0.3765345982142107,0.9453561305999756,0.03342444711426501,0.1669765573698581,0.2
192,n02396427/ILSVRC2012_val_00046930,supervised,resnet18_imagenet,gradcam,predicted,backbone.layer2,12,12,12,0.3568122386932373,0.4945005476474762,0.1917000148213453,0.2287050337723559,0.16836987435817719,0.29681095480918884,0.587103009223938,0.6191005706787109,0.601223692601921,0.9959526062011719,0.26884641005540527,0.3793784366212341,0.2
193,n02396427/ILSVRC2012_val_00049830,supervised,resnet18_imagenet,gradcam,predicted,backbone.layer2,12,12,12,0.12565478682518005,0.5132650136947632,0.2454710546129931,0.3239323885303809,0.2392260879278183,0.26347067952156067,0.4251199960708618,0.5303491353988647,0.36041135204074454,0.8937481641769409,0.22108294767308423,0.32039226080119765,0.2
194,n02483362/ILSVRC2012_val_00004753,supervised,resnet18_imagenet,gradcam,predicted,backbone.layer2,13,13,13,0.1286323368549347,0.3440912663936615,0.24386823581163555,0.17623963181565402,0.24174201488494873,0.10522429645061493,0.7763538956642151,0.7067263126373291,0.7015704719386358,0.9498701095581055,0.17748529503016075,0.2925288012397653,0.2
195,n02483362/ILSVRC2012_val_00006447,supervised,resnet18_imagenet,gradcam,predicted,backbone.layer2,13,13,13,0.05964589864015579,0.462894082069397,0.12032617971487078,0.19855278284973335,0.20851905643939972,0.24821461737155914,0.48684418201446533,0.5711350440979004,0.5064373405611236,0.9884205460548401,0.11952204822544354,0.24885888707343157,0.2
196,n02483362/ILSVRC2012_val_00006451,supervised,resnet18_imagenet,gradcam,predicted,backbone.layer2,13,13,13,0.05050965026021004,0.4487065374851227,0.2319799159947299,0.1963151356039014,0.2357300966978073,0.21228711307048798,0.8697021007537842,0.8342880010604858,0.8171436543365719,0.7586873769760132,0.1486923755836734,0.23855524703713332,0.2
197,n02483362/ILSVRC2012_val_00008017,supervised,resnet18_imagenet,gradcam,predicted,backbone.layer2,13,13,13,0.3732716739177704,0.5696588158607483,0.16560133487352957,0.18916795432517375,0.22648680210113525,0.2573801577091217,0.6750956177711487,0.7018014192581177,0.7049386160712882,0.980366587638855,0.2557394563267192,0.3663923963167237,0.2
198,n02483362/ILSVRC2012_val_00009303,supervised,resnet18_imagenet,gradcam,predicted,backbone.layer2,13,13,13,0.18340399861335754,0.5163970589637756,0.20648669561101182,0.20050044912096315,0.241983562707901,0.29461097717285156,0.9381489157676697,0.9454658627510071,0.9187260841834904,0.9816596508026123,0.1954577428649355,0.3131871333180607,0.2
199,n02483362/ILSVRC2012_val_00020978,supervised,resnet18_imagenet,gradcam,predicted,backbone.layer2,13,13,13,0.2866901159286499,0.5528884530067444,0.16985153086583088,0.26521204671153564,0.12357183545827866,0.1572394073009491,0.1535206139087677,0.20560096204280853,0.12820870535711731,0.93938148021698,0.24519511964466995,0.3500146570019161,0.2
200,n02483362/ILSVRC2012_val_00025031,supervised,resnet18_imagenet,gradcam,predicted,backbone.layer2,13,13,13,-0.13083884119987488,0.4325503408908844,0.1999960140305724,0.1999960140305724,0.0,0.0,1.0,1.0,0.9999999999998007,0.9670485854148865,0.06766207193839348,0.19926170040756297,0.2
201,n02483362/ILSVRC2012_val_00029738,supervised,resnet18_imagenet,gradcam,predicted,backbone.layer2,13,13,13,0.11387757956981659,0.530547022819519,0.13776313905188473,0.07032197224836971,0.10924211889505386,0.08354653418064117,0.1404494047164917,0.10425920784473419,0.11668925382650737,0.9028932452201843,0.10797656521800297,0.22731241745752706,0.2
202,n02483362/ILSVRC2012_val_00040852,supervised,resnet18_imagenet,gradcam,predicted,backbone.layer2,13,13,13,0.09564478695392609,0.4688679277896881,0.16403387590836443,0.12779329608931111,0.1356143206357956,0.12628203630447388,0.21416591107845306,0.1972295045852661,0.18624441964282004,0.9868302345275879,0.1258060663808731,0.2544570036124312,0.2
203,n02483362/ILSVRC2012_val_00041756,supervised,resnet18_imagenet,gradcam,predicted,backbone.layer2,13,13,13,-0.2668095529079437,0.36111676692962646,0.1448975005617756,0.2506682668702606,0.29107147455215454,0.24580061435699463,0.6909263730049133,0.8685752749443054,0.7138273278059802,0.9730702638626099,0.011945909066433363,0.15146863791962023,0.2
204,n02483362/ILSVRC2012_val_00042637,supervised,resnet18_imagenet,gradcam,predicted,backbone.layer2,13,13,13,0.24833132326602936,0.2001160830259323,0.367272565663585,0.3885002482283754,0.24852354824543,0.11905045807361603,0.5184599757194519,0.8371441960334778,0.413145727040734,0.9521845579147339,0.32606437347399986,0.41868685030331043,0.2
205,n02483362/ILSVRC2012_val_00046137,supervised,resnet18_imagenet,gradcam,predicted,backbone.layer2,13,13,13,-0.021334508433938026,0.443422794342041,0.20191735265736008,0.20431545170310098,0.2708739638328552,0.19248563051223755,0.9712167978286743,0.9749193787574768,0.9668765943875625,0.9674069881439209,0.1133360379345631,0.23920217135982508,0.2
206,n02483362/ILSVRC2012_val_00048939,supervised,resnet18_imagenet,gradcam,predicted,backbone.layer2,13,1,1,0.3743358254432678,0.540509045124054,0.28199701794031934,0.2864520488439179,0.1934804916381836,0.20669624209403992,0.38778528571128845,0.4577309787273407,0.3312141262754442,0.9882248044013977,0.32026905021257834,0.4213635262614127,0.2
207,n02504458/ILSVRC2012_val_00002282,supervised,resnet18_imagenet,gradcam,predicted,backbone.layer2,14,14,14,-0.042592763900756836,0.31608930230140686,0.1962616822429095,0.2534338576193711,0.17675475776195526,0.14869308471679688,0.4078578054904938,0.513022780418396,0.3765345982142107,0.9546575546264648,0.11787155639838143,0.24071505079427497,0.2
192,n02396427/ILSVRC2012_val_00046930,supervised,resnet18_imagenet,gradcam,predicted,backbone.layer3,12,12,12,0.23688119649887085,0.3563745617866516,0.14793980754400277,0.2606459705235934,0.26942023634910583,0.2177516669034958,0.5381367802619934,0.7472895383834839,0.601223692601921,0.9950972199440002,0.21732821201982722,0.33431944628310384,0.2
193,n02396427/ILSVRC2012_val_00049830,supervised,resnet18_imagenet,gradcam,predicted,backbone.layer3,12,12,12,0.1416267603635788,0.12230101227760315,0.40968566701739123,0.390113692535645,0.28075873851776123,0.117985799908638,0.4610840380191803,0.8358948230743408,0.36041135204074454,0.9864779114723206,0.2965905120113424,0.39749089273635974,0.2
194,n02483362/ILSVRC2012_val_00004753,supervised,resnet18_imagenet,gradcam,predicted,backbone.layer3,13,13,13,0.3549957275390625,0.3860088586807251,0.22536698987047687,0.21617915904930204,0.23732483386993408,0.1564631313085556,0.7457306981086731,0.7798295617103577,0.7015704719386358,0.9345809817314148,0.27446213569155864,0.3748221891283288,0.2
195,n02483362/ILSVRC2012_val_00006447,supervised,resnet18_imagenet,gradcam,predicted,backbone.layer3,13,13,13,0.3194534480571747,0.2616145610809326,0.1592373352519347,0.38862336441260337,0.09686794877052307,0.32112738490104675,0.590488612651825,0.703860342502594,0.5064373405611236,0.9919770359992981,0.2921395891222313,0.39757043713604034,0.2
196,n02483362/ILSVRC2012_val_00006451,supervised,resnet18_imagenet,gradcam,predicted,backbone.layer3,13,13,13,-0.20416702330112457,0.2391473352909088,0.22403165847218517,0.23466227985285595,0.3221738934516907,0.14827480912208557,0.8390363454818726,0.9442947506904602,0.8171436543365719,0.9530844688415527,0.05594137217706249,0.1861776967520996,0.2
197,n02483362/ILSVRC2012_val_00008017,supervised,resnet18_imagenet,gradcam,predicted,backbone.layer3,13,13,13,-0.08237415552139282,0.3640645146369934,0.19947700678829355,0.19621687127873014,0.18813708424568176,0.34514138102531433,0.7016149759292603,0.6986807584762573,0.7049386160712882,0.9729052782058716,0.08575850121154997,0.21602830681514917,0.2
198,n02483362/ILSVRC2012_val_00009303,supervised,resnet18_imagenet,gradcam,predicted,backbone.layer3,13,13,13,0.11035732924938202,0.42034611105918884,0.21768840296754358,0.21114635251468034,0.18220792710781097,0.2713547945022583,0.9687864780426025,0.9556804299354553,0.9187260841834904,0.9846435785293579,0.17279335834441997,0.29353029088724336,0.2
199,n02483362/ILSVRC2012_val_00020978,supervised,resnet18_imagenet,gradcam,predicted,backbone.layer3,13,13,13,0.48526206612586975,0.5639303922653198,0.33506282934711384,0.4271600658632228,0.16892828047275543,0.2146090418100357,0.21492981910705566,0.25188490748405457,0.12820870535711731,0.9407142400741577,0.4227716950134489,0.5015045829577622,0.2
200,n02483362/ILSVRC2012_val_00025031,supervised,resnet18_imagenet,gradcam,predicted,backbone.layer3,13,13,13,-0.10481111705303192,0.49259501695632935,0.1999960140305724,0.1999960140305724,0.0,0.0,1.0,1.0,0.9999999999998007,0.2643209993839264,0.07807316159713067,0.10296226595431399,0.2
201,n02483362/ILSVRC2012_val_00029738,supervised,resnet18_imagenet,gradcam,predicted,backbone.layer3,13,13,13,0.12080523371696472,0.502424955368042,0.2717086834731719,0.251673887357029,0.16138222813606262,0.13747850060462952,0.19719722867012024,0.1607235223054886,0.11668925382650737,0.9384307265281677,0.20533686473584617,0.313892083487713,0.2
202,n02483362/ILSVRC2012_val_00040852,supervised,resnet18_imagenet,gradcam,predicted,backbone.layer3,13,13,13,0.514959454536438,0.5397000908851624,0.19136902932305194,0.2029669170130948,0.1520344465970993,0.19863846898078918,0.24884046614170074,0.25661706924438477,0.18624441964282004,0.9887164235115051,0.3242845657154192,0.4271272591985157,0.2
203,n02483362/ILSVRC2012_val_00041756,supervised,resnet18_imagenet,gradcam,predicted,backbone.layer3,13,13,13,0.26919540762901306,0.40910300612449646,0.172295656175652,0.2751188853971815,0.18445949256420135,0.23578061163425446,0.6978500485420227,0.9384872913360596,0.7138273278059802,0.9700939655303955,0.24190252552345526,0.35158612289292224,0.2
204,n02483362/ILSVRC2012_val_00042637,supervised,resnet18_imagenet,gradcam,predicted,backbone.layer3,13,13,13,0.4554629623889923,0.20639826357364655,0.2638649248211881,0.48100900206976316,0.27696874737739563,0.17988646030426025,0.501738429069519,0.9844459295272827,0.413145727040734,0.971506655216217,0.4056473630228823,0.4913565168413177,0.2
205,n02483362/ILSVRC2012_val_00046137,supervised,resnet18_imagenet,gradcam,predicted,backbone.layer3,13,13,13,0.7095001935958862,0.559562623500824,0.20684750793581094,0.20498466731148923,0.1761786937713623,0.14138861000537872,0.9847003817558289,0.9807543754577637,0.9668765943875625,0.9781685471534729,0.4073497300125446,0.49800839364340616,0.2
206,n02483362/ILSVRC2012_val_00048939,supervised,resnet18_imagenet,gradcam,predicted,backbone.layer3,13,1,1,0.39181485772132874,0.4044874310493469,0.34759087921515364,0.4743887598183016,0.3003630042076111,0.328203409910202,0.42954495549201965,0.6677858829498291,0.3312141262754442,0.9244288206100464,0.40331983479856803,0.4812944330523358,0.2
207,n02504458/ILSVRC2012_val_00002282,supervised,resnet18_imagenet,gradcam,predicted,backbone.layer3,14,14,14,0.10879574716091156,0.13693055510520935,0.2283130228014826,0.40195793350760783,0.23990723490715027,0.138192281126976,0.40535667538642883,0.8718467354774475,0.3765345982142107,0.9759636521339417,0.23259958575709175,0.34204079840368284,0.2
192,n02396427/ILSVRC2012_val_00046930,supervised,resnet18_imagenet,gradcam,predicted,backbone.layer4,12,12,12,0.11025788635015488,0.505817174911499,0.1628485479578379,0.332515744116562,0.3029467463493347,0.5394089818000793,0.5689886808395386,0.7716253399848938,0.601223692601921,0.9666306376457214,0.19271244216238193,0.30742592888801235,0.2
193,n02396427/ILSVRC2012_val_00049830,supervised,resnet18_imagenet,gradcam,predicted,backbone.layer4,12,12,12,0.026231437921524048,0.5558521747589111,0.1515685150298339,0.2781363636362372,0.25774645805358887,0.40361884236335754,0.3439878523349762,0.5052143931388855,0.36041135204074454,0.9925371408462524,0.13940403876843094,0.26548779406598905,0.2
194,n02483362/ILSVRC2012_val_00004753,supervised,resnet18_imagenet,gradcam,predicted,backbone.layer4,13,13,13,-0.12277353554964066,0.5114994049072266,0.09540644598878965,0.2850690301686595,0.3426111042499542,0.49326595664024353,0.6207834482192993,0.8674123287200928,0.7015704719386358,0.6378692388534546,0.06503322862737848,0.14782851742500625,0.2
195,n02483362/ILSVRC2012_val_00006447,supervised,resnet18_imagenet,gradcam,predicted,backbone.layer4,13,13,13,0.715831995010376,0.5351092219352722,0.39435899453192463,0.3946333018569426,0.2756187319755554,0.35911181569099426,0.6163683533668518,0.803004801273346,0.5064373405611236,0.991486668586731,0.5230304869208106,0.596512272638858,0.2
196,n02483362/ILSVRC2012_val_00006451,supervised,resnet18_imagenet,gradcam,predicted,backbone.layer4,13,13,13,0.2560723125934601,0.48388606309890747,0.15188645184580019,0.24475012804559776,0.2822074294090271,0.4365224540233612,0.7583858370780945,0.9608801007270813,0.8171436543365719,0.9579100608825684,0.2214198990048034,0.3324709635129458,0.2
197,n02483362/ILSVRC2012_val_00008017,supervised,resnet18_imagenet,gradcam,predicted,backbone.layer4,13,13,13,0.43447721004486084,0.53994220495224,0.2516470490943982,0.2528903727821382,0.2768733501434326,0.35231804847717285,0.7489018440246582,0.7942451238632202,0.7049386160712882,0.9834107756614685,0.32515211058090526,0.4257129953340557,0.2
198,n02483362/ILSVRC2012_val_00009303,supervised,resnet18_imagenet,gradcam,predicted,backbone.layer4,13,13,13,0.49704885482788086,0.524079442024231,0.20597207303969797,0.21768840296754358,0.3015030026435852,0.3767438232898712,0.9241416454315186,0.9618351459503174,0.9187260841834904,0.9892762899398804,0.32591768473332483,0.4282736616825507,0.2
199,n02483362/ILSVRC2012_val_00020978,supervised,resnet18_imagenet,gradcam,predicted,backbone.layer4,13,13,13,0.22188197076320648,0.5042211413383484,0.24408853969914324,0.38386554621816477,0.17567087709903717,0.22291234135627747,0.20037005841732025,0.2448378950357437,0.12820870535711731,0.9910876750946045,0.27713901408047503,0.38331036251063993,0.2
200,n02483362/ILSVRC2012_val_00025031,supervised,resnet18_imagenet,gradcam,predicted,backbone.layer4,13,13,13,0.2225504219532013,0.48969608545303345,0.1999960140305724,0.1999960140305724,0.0,0.0,1.0,1.0,0.9999999999998007,0.9867184162139893,0.20901777719962397,0.32589841713100504,0.2
201,n02483362/ILSVRC2012_val_00029738,supervised,resnet18_imagenet,gradcam,predicted,backbone.layer4,13,13,13,0.5028665661811829,0.5599369406700134,0.37922055377104485,0.44849589790296396,0.1937098503112793,0.24235758185386658,0.21397562325000763,0.262026309967041,0.11668925382650737,0.9680531620979309,0.4494615619746758,0.5281403853966058,0.2
202,n02483362/ILSVRC2012_val_00040852,supervised,resnet18_imagenet,gradcam,predicted,backbone.layer4,13,13,13,0.6229896545410156,0.5754870176315308,0.7025722061270278,0.7551168266611528,0.3129669427871704,0.3969712257385254,0.36149805784225464,0.44583699107170105,0.18624441964282004,0.9964258074760437,0.6865025716528604,0.7319325084078071,0.2
203,n02483362/ILSVRC2012_val_00041756,supervised,resnet18_imagenet,gradcam,predicted,backbone.layer4,13,13,13,0.1106458306312561,0.5040990710258484,0.14478316230990318,0.28017421894623223,0.3147365152835846,0.5727434754371643,0.6594652533531189,0.8694185018539429,0.7138273278059802,0.24658559262752533,0.17174554662934308,0.1819532249291023,0.2
204,n02483362/ILSVRC2012_val_00042637,supervised,resnet18_imagenet,gradcam,predicted,backbone.layer4,13,13,13,-0.33228087425231934,0.4043430685997009,0.11121944173613865,0.4100096246388881,0.258625328540802,0.4263177812099457,0.39109206199645996,0.6709261536598206,0.413145727040734,0.8921533823013306,0.023456370211580285,0.14783196795064452,0.2
205,n02483362/ILSVRC2012_val_00046137,supervised,resnet18_imagenet,gradcam,predicted,backbone.layer4,13,13,13,0.16784435510635376,0.5215582251548767,0.169436344025852,0.20684750793581094,0.34401193261146545,0.4198026955127716,0.9436171650886536,0.9948214888572693,0.9668765943875625,0.9883174300193787,0.1800228976310404,0.3010641017805463,0.2
206,n02483362/ILSVRC2012_val_00048939,supervised,resnet18_imagenet,gradcam,predicted,backbone.layer4,13,1,1,0.34573787450790405,0.46454882621765137,0.317761629343854,0.2909381508208016,0.25238752365112305,0.2510760724544525,0.39976587891578674,0.4296036958694458,0.3312141262754442,0.992503821849823,0.3209050838525583,0.4220587743964037,0.2
207,n02504458/ILSVRC2012_val_00002282,supervised,resnet18_imagenet,gradcam,predicted,backbone.layer4,14,14,14,0.38715124130249023,0.47208669781684875,0.257879407033753,0.43172482058874945,0.25299179553985596,0.45310860872268677,0.4321253299713135,0.6866313219070435,0.3765345982142107,0.976245105266571,0.3617417648077468,0.45434075715148287,0.2
208,n02504458/ILSVRC2012_val_00004013,supervised,resnet18_imagenet,gradcam,predicted,backbone.layer1,14,14,14,-0.0464576818048954,0.013002877123653889,0.19827027930389224,0.9431800063773631,0.24567811191082,0.005385797470808029,0.9501535296440125,1.0,0.9431800063773631,0.6109903454780579,0.3238520129824184,0.3607509346103091,0.2
209,n02504458/ILSVRC2012_val_00004990,supervised,resnet18_imagenet,gradcam,predicted,backbone.layer1,14,14,14,-0.13309600949287415,0.184453547000885,0.16855288241109806,0.16157351882941676,0.16270233690738678,0.055482327938079834,0.7421922087669373,0.6198548078536987,0.7651267538263782,0.9634689688682556,0.045799516575004785,0.18046834231786107,0.2
210,n02504458/ILSVRC2012_val_00005109,supervised,resnet18_imagenet,gradcam,predicted,backbone.layer1,14,14,14,-0.15139175951480865,0.3011325001716614,0.2416891849430523,0.1969770400435582,0.1626892238855362,0.18511748313903809,0.6371896862983704,0.5991895198822021,0.5875717474488625,0.9269163012504578,0.07104316369005968,0.19571688560403827,0.2
211,n02504458/ILSVRC2012_val_00010078,supervised,resnet18_imagenet,gradcam,predicted,backbone.layer1,14,14,14,-0.02555955946445465,0.0010312693193554878,0.09419139819068863,0.07481664540814836,0.06339620798826218,0.008644383400678635,0.07906491309404373,1.0000001192092896,0.07481664540814836,0.9616289734840393,0.04047858929386924,0.177550511109756,0.2
212,n02504458/ILSVRC2012_val_00015578,supervised,resnet18_imagenet,gradcam,predicted,backbone.layer1,14,14,14,0.3191737234592438,0.27211081981658936,0.24127528282465457,0.0988770864946289,0.1234554722905159,0.044895850121974945,0.2379048466682434,0.17756159603595734,0.16081393494894755,0.9109160900115967,0.22971520017948255,0.3333863090422957,0.2
213,n02504458/ILSVRC2012_val_00016215,supervised,resnet18_imagenet,gradcam,predicted,backbone.layer1,14,14,14,0.0,0.0,0.0961829669468455,0.21839126275505852,0.09610805660486221,0.0,0.20211662352085114,0.0,0.21839126275505852,0.9920275807380676,0.0943722689105712,0.22744769453618613,0.2
214,n02504458/ILSVRC2012_val_00022907,supervised,resnet18_imagenet,gradcam,predicted,backbone.layer1,14,14,14,0.20129427313804626,0.37166398763656616,0.20291369688351424,0.21111555377844418,0.14950844645500183,0.15251751244068146,0.9549384713172913,0.9902806282043457,0.9469866071426685,0.9406309723854065,0.20472648445380603,0.31505495412161677,0.2
215,n02504458/ILSVRC2012_val_00027908,supervised,resnet18_imagenet,gradcam,predicted,backbone.layer1,14,14,14,0.24947459995746613,0.09471078217029572,0.2307893789083486,0.2173828567727025,0.16024841368198395,0.020307056605815887,0.6176609992980957,0.6055679321289062,0.5492067920917273,0.988828182220459,0.23424151068730176,0.3476833962384448,0.2
216,n02504458/ILSVRC2012_val_00038578,supervised,resnet18_imagenet,gradcam,predicted,backbone.layer1,14,14,14,0.21258939802646637,0.37057650089263916,0.2309311838305369,0.06017667020696315,0.18045060336589813,0.05977803096175194,0.6984869241714478,0.30834734439849854,0.6156529017855916,0.9839155673980713,0.17236811542183655,0.2947705879283489,0.2
217,n02504458/ILSVRC2012_val_00041799,supervised,resnet18_imagenet,gradcam,predicted,backbone.layer1,14,14,14,-0.02475382201373577,0.04323424771428108,0.3219209441927446,0.31788105867340605,0.21739144623279572,0.011558388359844685,0.4679981768131256,0.27737823128700256,0.31788105867340605,0.8973619937896729,0.18203907205435088,0.28589096208018105,0.2
218,n02504458/ILSVRC2012_val_00048090,supervised,resnet18_imagenet,gradcam,predicted,backbone.layer1,14,14,14,0.42345869541168213,0.1715429723262787,0.15608421474086415,0.09247698322610276,0.15776659548282623,0.02218966744840145,0.5232866406440735,0.3207603096961975,0.4905532525509227,0.9666417837142944,0.24395183755476293,0.3553471104429746,0.2
219,n02510455/ILSVRC2012_val_00006448,supervised,resnet18_imagenet,gradcam,predicted,backbone.layer1,15,15,15,0.008758611977100372,0.006358970422297716,0.15408304407961113,0.6813217474488439,0.21402037143707275,0.003396132495254278,0.6695435643196106,1.0000001192092896,0.6813217474488439,0.9939138293266296,0.2541248822493766,0.3610037864730933,0.2
220,n02510455/ILSVRC2012_val_00006543,supervised,resnet18_imagenet,gradcam,predicted,backbone.layer1,15,15,15,0.11803315579891205,0.11855648458003998,0.2047157922662981,0.09918605706674963,0.12673425674438477,0.015871483832597733,0.5576182007789612,0.34852614998817444,0.5239955357141813,0.9608815908432007,0.13838381711947914,0.2614193054893612,0.2
221,n02510455/ILSVRC2012_val_00007107,supervised,resnet18_imagenet,gradcam,predicted,backbone.layer1,15,15,15,0.08579196780920029,0.16188624501228333,0.2560014772866379,0.21191423650287705,0.15265309810638428,0.05249704048037529,0.7140040397644043,0.7408908009529114,0.6133410395406941,0.9840558171272278,0.17469150126053462,0.294614489749683,0.2
222,n02510455/ILSVRC2012_val_00008673,supervised,resnet18_imagenet,gradcam,predicted,backbone.layer1,15,15,15,-0.07828054577112198,0.18937432765960693,0.10779095595318394,0.21889698422935586,0.0953642874956131,0.09004867821931839,0.29456043243408203,0.502061665058136,0.3268096301019757,0.9852380752563477,0.06669416374631315,0.2020595053141944,0.2
223,n02510455/ILSVRC2012_val_00012726,supervised,resnet18_imagenet,gradcam,predicted,backbone.layer1,15,15,15,0.15600675344467163,0.18689928948879242,0.20964928111646225,0.21099701888036046,0.1451157033443451,0.05815081298351288,0.6520146131515503,0.7381118535995483,0.6015027104590638,0.985991895198822,0.18859659137691548,0.307662722984664,0.2
208,n02504458/ILSVRC2012_val_00004013,supervised,resnet18_imagenet,gradcam,predicted,backbone.layer2,14,14,14,0.1019899845123291,0.48362669348716736,0.18821725980855364,0.20648675935464603,0.1832733452320099,0.23731477558612823,0.9297460317611694,0.9727400541305542,0.9431800063773631,0.9793565273284912,0.15920719955389154,0.2812759784693888,0.2
209,n02504458/ILSVRC2012_val_00004990,supervised,resnet18_imagenet,gradcam,predicted,backbone.layer2,14,14,14,-0.08526446670293808,0.48237892985343933,0.18790168277481534,0.17882181110024858,0.26245027780532837,0.2178456038236618,0.7778372168540955,0.7841356992721558,0.7651267538263782,0.9562080502510071,0.07591126148134394,0.20526951766038873,0.2
210,n02504458/ILSVRC2012_val_00005109,supervised,resnet18_imagenet,gradcam,predicted,backbone.layer2,14,14,14,-0.23991067707538605,0.4971843957901001,0.2511318663921953,0.2072157389869227,0.2554953098297119,0.2709987759590149,0.6146126389503479,0.5617262721061707,0.5875717474488625,0.9746258854866028,0.04154001078358097,0.17681204719138482,0.2
211,n02504458/ILSVRC2012_val_00010078,supervised,resnet18_imagenet,gradcam,predicted,backbone.layer2,14,14,14,0.19150298833847046,0.2648390829563141,0.11561488673129804,0.29766610201364796,0.08156351745128632,0.17627301812171936,0.08802404254674911,0.24015271663665771,0.07481664540814836,0.9782453775405884,0.200585491958872,0.3170830997357894,0.2
212,n02504458/ILSVRC2012_val_00015578,supervised,resnet18_imagenet,gradcam,predicted,backbone.layer2,14,14,14,0.31585925817489624,0.5246762633323669,0.23551491162203267,0.301322599194723,0.14417797327041626,0.1990322321653366,0.21126297116279602,0.23917588591575623,0.16081393494894755,0.9658356308937073,0.2873949565149852,0.3896354626994587,0.2
213,n02504458/ILSVRC2012_val_00016215,supervised,resnet18_imagenet,gradcam,predicted,backbone.layer2,14,14,14,-0.16947266459465027,0.18975405395030975,0.04583271060626422,0.3967398536258172,0.055669061839580536,0.1567995846271515,0.13119077682495117,0.5379794239997864,0.21839126275505852,0.9986283779144287,0.06498270343176431,0.20112196513705707,0.2
214,n02504458/ILSVRC2012_val_00022907,supervised,resnet18_imagenet,gradcam,predicted,backbone.layer2,14,14,14,-0.04164715111255646,0.3840835392475128,0.1917788361979309,0.2077605926422934,0.17451713979244232,0.4105933904647827,0.9365386366844177,0.9653439521789551,0.9469866071426685,0.9676234126091003,0.10320296820704469,0.23045186621202635,0.2
215,n02504458/ILSVRC2012_val_00027908,supervised,resnet18_imagenet,gradcam,predicted,backbone.layer2,14,14,14,-0.07500939071178436,0.4131483733654022,0.18265903227830407,0.2768154337340273,0.14896106719970703,0.30846521258354187,0.5416494607925415,0.6687746644020081,0.5492067920917273,0.9892129302024841,0.10783858351898566,0.23699726928433093,0.2
216,n02504458/ILSVRC2012_val_00038578,supervised,resnet18_imagenet,gradcam,predicted,backbone.layer2,14,14,14,0.23160594701766968,0.4820833206176758,0.15460136545727174,0.09506863243515505,0.15636184811592102,0.13298337161540985,0.5548779368400574,0.4403110146522522,0.6156529017855916,0.9790634512901306,0.16754337817479592,0.2903390986228107,0.2
217,n02504458/ILSVRC2012_val_00041799,supervised,resnet18_imagenet,gradcam,predicted,backbone.layer2,14,14,14,-0.09428367763757706,0.44241049885749817,0.3374337330792437,0.05690230212313638,0.23653584718704224,0.14622879028320312,0.4221761226654053,0.25091513991355896,0.31788105867340605,0.9843931198120117,0.0805873395056832,0.2132436895992448,0.2
218,n02504458/ILSVRC2012_val_00048090,supervised,resnet18_imagenet,gradcam,predicted,backbone.layer2,14,14,14,0.5193469524383545,0.5418604612350464,0.18982864599423446,0.12873802853601904,0.17363965511322021,0.1345365345478058,0.49260246753692627,0.37926217913627625,0.4905532525509227,0.9694898724555969,0.30330878333441785,0.406836582854327,0.2
219,n02510455/ILSVRC2012_val_00006448,supervised,resnet18_imagenet,gradcam,predicted,backbone.layer2,15,15,15,0.088105209171772,0.23603308200836182,0.1891521230537045,0.21442891275088172,0.3308076560497284,0.11031201481819153,0.7148695588111877,0.7685355544090271,0.6813217474488439,0.9923890233039856,0.15631639441008466,0.2805904356568646,0.2
220,n02510455/ILSVRC2012_val_00006543,supervised,resnet18_imagenet,gradcam,predicted,backbone.layer2,15,15,15,-0.03350336104631424,0.34413114190101624,0.17582133031229136,0.05457659592996355,0.1428804248571396,0.10755334049463272,0.5169231295585632,0.32602402567863464,0.5239955357141813,0.9644507169723511,0.05571803345415077,0.1905409127402064,0.2
221,n02510455/ILSVRC2012_val_00007107,supervised,resnet18_imagenet,gradcam,predicted,backbone.layer2,15,15,15,-0.22506140172481537,0.1922357976436615,0.20117733627661483,0.2146556342638804,0.2063480168581009,0.09560555964708328,0.6060332655906677,0.6823573708534241,0.6133410395406941,0.9844406247138977,0.03472533047222241,0.17285284573852305,0.2
222,n02510455/ILSVRC2012_val_00008673,supervised,resnet18_imagenet,gradcam,predicted,backbone.layer2,15,15,15,-0.05771945044398308,0.3965597450733185,0.232307692307584,0.11843107387656832,0.21131519973278046,0.13875040411949158,0.3947654664516449,0.30635887384414673,0.3268096301019757,0.9869920611381531,0.08213384967765244,0.21553169306136696,0.2
223,n02510455/ILSVRC2012_val_00012726,supervised,resnet18_imagenet,gradcam,predicted,backbone.layer2,15,15,15,0.051582902669906616,0.37549838423728943,0.2313533374157283,0.23612221061036573,0.1778091937303543,0.21278628706932068,0.663979709148407,0.6664807796478271,0.6015027104590638,0.9787143468856812,0.16087582547579085,0.28173005497384296,0.2
208,n02504458/ILSVRC2012_val_00004013,supervised,resnet18_imagenet,gradcam,predicted,backbone.layer3,14,14,14,0.27702656388282776,0.3547753095626831,0.19639579509423571,0.18480573399702874,0.2134454846382141,0.12409324944019318,0.9501656889915466,0.9165728688240051,0.9431800063773631,0.6186985969543457,0.22517108428051044,0.28506446917495765,0.2
209,n02504458/ILSVRC2012_val_00004990,supervised,resnet18_imagenet,gradcam,predicted,backbone.layer3,14,14,14,-0.1644696742296219,0.29960617423057556,0.08207271020935311,0.21743721245940684,0.28506386280059814,0.2003418356180191,0.691303551197052,0.8120763301849365,0.7651267538263782,0.9150167107582092,0.024065107108779224,0.1545656013005537,0.2
210,n02504458/ILSVRC2012_val_00005109,supervised,resnet18_imagenet,gradcam,predicted,backbone.layer3,14,14,14,-0.20082738995552063,0.34981876611709595,0.18102211595930037,0.3132061677521224,0.3080349862575531,0.29548725485801697,0.5642449259757996,0.8246577382087708,0.5875717474488625,0.9713086485862732,0.06793752913121856,0.19896378173136445,0.2
211,n02504458/ILSVRC2012_val_00010078,supervised,resnet18_imagenet,gradcam,predicted,backbone.layer3,14,14,14,0.3544101417064667,0.25504234433174133,0.24426998736668085,0.3093723293131617,0.11872244626283646,0.26090943813323975,0.1285419911146164,0.36804139614105225,0.07481664540814836,0.9126104712486267,0.3078567516865395,0.3993456994545179,0.2
212,n02504458/ILSVRC2012_val_00015578,supervised,resnet18_imagenet,gradcam,predicted,backbone.layer3,14,14,14,0.3113132417201996,0.3890830874443054,0.54063483958766,0.4581185567006619,0.26138702034950256,0.28832030296325684,0.3308541476726532,0.40932905673980713,0.16081393494894755,0.9243626594543457,0.4241513155745764,0.49730238259230214,0.2
213,n02504458/ILSVRC2012_val_00016215,supervised,resnet18_imagenet,gradcam,predicted,backbone.layer3,14,14,14,0.15286605060100555,0.2089191973209381,0.04292314571014808,0.39127841473895464,0.052163563668727875,0.23333430290222168,0.10543204098939896,0.5601209402084351,0.21839126275505852,0.9989302158355713,0.19140688837513303,0.31189304019796327,0.2
214,n02504458/ILSVRC2012_val_00022907,supervised,resnet18_imagenet,gradcam,predicted,backbone.layer3,14,14,14,0.25495171546936035,0.3982495963573456,0.15165582791392665,0.20399154829392607,0.15724687278270721,0.38032808899879456,0.8618826866149902,0.941669225692749,0.9469866071426685,0.6790602207183838,0.20867489905009995,0.28000397757399687,0.2
215,n02504458/ILSVRC2012_val_00027908,supervised,resnet18_imagenet,gradcam,predicted,backbone.layer3,14,14,14,-0.08805834501981735,0.2560790181159973,0.24890365448496712,0.35873061770327147,0.20230993628501892,0.2776113450527191,0.5342186093330383,0.929813802242279,0.5492067920917273,0.9930213689804077,0.1470669436485446,0.27004135263718476,0.2
216,n02504458/ILSVRC2012_val_00038578,supervised,resnet18_imagenet,gradcam,predicted,backbone.layer3,14,14,14,-0.1314994841814041,0.2071879804134369,0.2645922813088204,0.2816208937461931,0.22841840982437134,0.13602137565612793,0.6503335237503052,0.8736649751663208,0.6156529017855916,0.9917189478874207,0.11126415884394239,0.239286316483375,0.2
217,n02504458/ILSVRC2012_val_00041799,supervised,resnet18_imagenet,gradcam,predicted,backbone.layer3,14,14,14,0.006038037594407797,0.24793995916843414,0.3153631991899188,0.42782570470881487,0.21308520436286926,0.2510596513748169,0.37958991527557373,0.7239248156547546,0.31788105867340605,0.9892523884773254,0.2253718862073832,0.336298397404325,0.2
218,n02504458/ILSVRC2012_val_00048090,supervised,resnet18_imagenet,gradcam,predicted,backbone.layer3,14,14,14,0.2619870901107788,0.32749485969543457,0.270031522615545,0.28821058110559233,0.31420665979385376,0.19449609518051147,0.5509938597679138,0.6793925762176514,0.4905532525509227,0.8359475135803223,0.27226746716065275,0.3566481345061053,0.2
219,n02510455/ILSVRC2012_val_00006448,supervised,resnet18_imagenet,gradcam,predicted,backbone.layer3,15,15,15,0.06405097991228104,0.07272835820913315,0.266315397611676,0.2554151880765776,0.3758324086666107,0.047164518386125565,0.7515383362770081,0.9107259511947632,0.6813217474488439,0.9934133291244507,0.1821395676713885,0.30186248876002936,0.2
220,n02510455/ILSVRC2012_val_00006543,supervised,resnet18_imagenet,gradcam,predicted,backbone.layer3,15,15,15,-0.011619867756962776,0.17641876637935638,0.1871180680369311,0.20739854422168796,0.23105835914611816,0.09930583834648132,0.4990186393260956,0.660203218460083,0.5239955357141813,0.746358335018158,0.11370703657480061,0.2065159496024415,0.2
221,n02510455/ILSVRC2012_val_00007107,supervised,resnet18_imagenet,gradcam,predicted,backbone.layer3,15,15,15,0.022976558655500412,0.14188696444034576,0.14815440018001685,0.26896766169145864,0.19340868294239044,0.08061154931783676,0.5443452000617981,0.9067400097846985,0.6133410395406941,0.9956011772155762,0.13432724202364282,0.26166248757963045,0.2
222,n02510455/ILSVRC2012_val_00008673,supervised,resnet18_imagenet,gradcam,predicted,backbone.layer3,15,15,15,-0.04867635667324066,0.29311227798461914,0.30625555884953737,0.16944653364590123,0.2536412179470062,0.16014418005943298,0.39854365587234497,0.4011046886444092,0.3268096301019757,0.9396619200706482,0.12324008507933532,0.24283808629882264,0.2
223,n02510455/ILSVRC2012_val_00012726,supervised,resnet18_imagenet,gradcam,predicted,backbone.layer3,15,15,15,-0.05443334951996803,0.2727113962173462,0.1952748885586344,0.24369124195935066,0.16737215220928192,0.20129907131195068,0.6761147379875183,0.7508910894393921,0.6015027104590638,0.9899312257766724,0.1099164993474083,0.2391795441640083,0.2
208,n02504458/ILSVRC2012_val_00004013,supervised,resnet18_imagenet,gradcam,predicted,backbone.layer4,14,14,14,0.5868049263954163,0.5704433917999268,0.21190737767256573,0.2120443740094639,0.3551095426082611,0.3078242838382721,0.9689964056015015,0.962344765663147,0.9431800063773631,0.9897236227989197,0.3619074960627754,0.45982820557874104,0.2
209,n02504458/ILSVRC2012_val_00004990,supervised,resnet18_imagenet,gradcam,predicted,backbone.layer4,14,14,14,0.4292004108428955,0.568520188331604,0.2609952347472174,0.26138938813777673,0.41927969455718994,0.3436547815799713,0.8694972395896912,0.8665449619293213,0.7651267538263782,0.9628927111625671,0.32839555120265645,0.425250206190647,0.2
210,n02504458/ILSVRC2012_val_00005109,supervised,resnet18_imagenet,gradcam,predicted,backbone.layer4,14,14,14,0.2319224327802658,0.5331648588180542,0.20407603728745385,0.3371569722192883,0.2771078944206238,0.5051140785217285,0.5677545070648193,0.7610011100769043,0.5875717474488625,0.9718197584152222,0.255138875964129,0.3622540676120619,0.2
211,n02504458/ILSVRC2012_val_00010078,supervised,resnet18_imagenet,gradcam,predicted,backbone.layer4,14,14,14,0.5930456519126892,0.5296550989151001,0.3714825494676628,0.37409068261048917,0.17356733977794647,0.20611833035945892,0.18880920112133026,0.22022902965545654,0.07481664540814836,0.9954244494438171,0.4608902303885213,0.5432729536055518,0.2
212,n02504458/ILSVRC2012_val_00015578,supervised,resnet18_imagenet,gradcam,predicted,backbone.layer4,14,14,14,0.49950942397117615,0.5161412954330444,0.4954567982814344,0.6312849162005485,0.22384440898895264,0.3293052911758423,0.27443090081214905,0.37537744641304016,0.16081393494894755,0.9943574666976929,0.5378262839330653,0.6056673470150613,0.2
213,n02504458/ILSVRC2012_val_00016215,supervised,resnet18_imagenet,gradcam,predicted,backbone.layer4,14,14,14,0.4894068241119385,0.5422177910804749,0.3949764103924546,0.4716438836309347,0.25873637199401855,0.34456005692481995,0.32717254757881165,0.4418885409832001,0.21839126275505852,0.997667670249939,0.45574881785179217,0.5375976124825166,0.2
214,n02504458/ILSVRC2012_val_00022907,supervised,resnet18_imagenet,gradcam,predicted,backbone.layer4,14,14,14,0.09979423880577087,0.4717507064342499,0.21116652987347453,0.21119201953021904,0.36581549048423767,0.4178348481655121,0.9771080017089844,0.9930855631828308,0.9469866071426685,0.9717642664909363,0.1666252603434164,0.28628226090658365,0.2
215,n02504458/ILSVRC2012_val_00027908,supervised,resnet18_imagenet,gradcam,predicted,backbone.layer4,14,14,14,0.4652957320213318,0.513711154460907,0.2770720108694711,0.34372319130671153,0.2914639413356781,0.42212560772895813,0.5875090956687927,0.7379688620567322,0.5492067920917273,0.9992271661758423,0.37235685346138747,0.4679363816778881,0.2
216,n02504458/ILSVRC2012_val_00038578,supervised,resnet18_imagenet,gradcam,predicted,backbone.layer4,14,14,14,0.32306304574012756,0.49368515610694885,0.22145287411203324,0.2825848506690017,0.30519527196884155,0.45506682991981506,0.6008228659629822,0.8045372366905212,0.6156529017855916,0.9910083413124084,0.2804365357303615,0.3877327484011647,0.2
217,n02504458/ILSVRC2012_val_00041799,supervised,resnet18_imagenet,gradcam,predicted,backbone.layer4,14,14,14,0.48143672943115234,0.5524304509162903,0.45514467657219576,0.5475552379247528,0.31833621859550476,0.43134239315986633,0.44448965787887573,0.5428175926208496,0.31788105867340605,0.9977966547012329,0.4933846661215455,0.5688473321303253,0.2
218,n02504458/ILSVRC2012_val_00048090,supervised,resnet18_imagenet,gradcam,predicted,backbone.layer4,14,14,14,0.344959020614624,0.5203818678855896,0.23249030697533793,0.30327992176322,0.25174209475517273,0.3967410624027252,0.5063732862472534,0.6170821785926819,0.4905532525509227,0.97756427526474,0.298714676867417,0.4013128556894689,0.2
219,n02510455/ILSVRC2012_val_00006448,supervised,resnet18_imagenet,gradcam,predicted,backbone.layer4,15,15,15,0.32682302594184875,0.5187102556228638,0.19992946857276947,0.29354121570224845,0.3158699572086334,0.5053482055664062,0.6604031324386597,0.9044725298881531,0.6813217474488439,0.9968342781066895,0.2787704156592449,0.38728087186440496,0.2
220,n02510455/ILSVRC2012_val_00006543,supervised,resnet18_imagenet,gradcam,predicted,backbone.layer4,15,15,15,0.34578555822372437,0.5560031533241272,0.247827729505015,0.38167503423079957,0.33064553141593933,0.5030401349067688,0.5669681429862976,0.761958658695221,0.5239955357141813,0.9420538544654846,0.32716505241023414,0.4197087144820798,0.2
221,n02510455/ILSVRC2012_val_00007107,supervised,resnet18_imagenet,gradcam,predicted,backbone.layer4,15,15,15,0.5232698321342468,0.5503437519073486,0.3010903526110116,0.3073005093377623,0.34694740176200867,0.38504305481910706,0.7071331143379211,0.7541992664337158,0.6133410395406941,0.9979289770126343,0.39182519143833094,0.484931503286075,0.2
222,n02510455/ILSVRC2012_val_00008673,supervised,resnet18_imagenet,gradcam,predicted,backbone.layer4,15,15,15,0.19298642873764038,0.4964817464351654,0.2907368523852284,0.6000605326872881,0.3190985918045044,0.4730341136455536,0.43586352467536926,0.5672920346260071,0.3268096301019757,0.99471515417099,0.3444337870168111,0.4394518694519518,0.2
223,n02510455/ILSVRC2012_val_00012726,supervised,resnet18_imagenet,gradcam,predicted,backbone.layer4,15,15,15,-0.011054295115172863,0.5049759149551392,0.14299516908208498,0.3324939531492222,0.3034248948097229,0.5185186862945557,0.5787997841835022,0.7880039215087891,0.6015027104590638,0.990452229976654,0.138225018623323,0.2635711117640144,0.2
224,n02510455/ILSVRC2012_val_00021267,supervised,resnet18_imagenet,gradcam,predicted,backbone.layer1,15,4,4,0.2587701380252838,0.14987318217754364,0.1783125139415073,0.1374317013430578,0.17808638513088226,0.032804861664772034,0.6391386389732361,0.5506358742713928,0.6422193877549741,0.9798174500465393,0.19823131979548306,0.31647821963697154,0.2
225,n02510455/ILSVRC2012_val_00021488,supervised,resnet18_imagenet,gradcam,predicted,backbone.layer1,15,15,15,0.09542641788721085,0.007595967501401901,0.21789179848458917,0.7130102040814906,0.17022740840911865,0.0019718604162335396,0.750467836856842,0.8461750149726868,0.7130102040814906,0.9914451241493225,0.3174411679247083,0.41484151552444215,0.2
226,n02510455/ILSVRC2012_val_00022314,supervised,resnet18_imagenet,gradcam,predicted,backbone.layer1,15,15,15,0.10539864748716354,0.4146568477153778,0.1975911782886603,0.19926516104550826,0.14384593069553375,0.16306135058403015,0.992626965045929,0.9964874982833862,0.9969507334181688,0.9668118953704834,0.16121636079511598,0.28112539575962187,0.2
227,n02510455/ILSVRC2012_val_00022427,supervised,resnet18_imagenet,gradcam,predicted,backbone.layer1,15,33,33,0.0481053963303566,0.14865082502365112,0.273682042833514,0.2903237022355654,0.19381682574748993,0.06909043341875076,0.6299372315406799,0.8747450113296509,0.5396006058672395,0.9828143119812012,0.18844388205286647,0.3052604717800748,0.2
228,n02510455/ILSVRC2012_val_00023272,supervised,resnet18_imagenet,gradcam,predicted,backbone.layer1,15,15,15,0.14639049768447876,0.015204408206045628,0.2000923843187259,0.9908920599487822,0.30425697565078735,0.00534059526398778,0.9915951490402222,1.0,0.9908920599487822,0.921808123588562,0.41585153235404393,0.48725400379472883,0.2
229,n02510455/ILSVRC2012_val_00025542,supervised,resnet18_imagenet,gradcam,predicted,backbone.layer1,15,15,15,0.20721103250980377,0.1448054015636444,0.2401790681040926,0.19607592673014435,0.20571529865264893,0.04576019570231438,0.7942681908607483,0.818046510219574,0.7330795599488336,0.992973268032074,0.21376091145419257,0.3305336002918016,0.2
230,n02510455/ILSVRC2012_val_00027510,supervised,resnet18_imagenet,gradcam,predicted,backbone.layer1,15,6,6,0.3016033172607422,0.3681719899177551,0.3247411324078405,0.18939768568876006,0.18046686053276062,0.1552446186542511,0.41393616795539856,0.3715762794017792,0.2793566645407607,0.9723572134971619,0.2748829723332771,0.37994944758998417,0.2
231,n02510455/ILSVRC2012_val_00034983,supervised,resnet18_imagenet,gradcam,predicted,backbone.layer1,15,15,15,0.28300073742866516,0.05561757832765579,0.22904389442471906,0.4858298788264338,0.21269305050373077,0.027351949363946915,0.5567689538002014,0.9918605089187622,0.4858298788264338,0.9616071581840515,0.3276624269468119,0.4220097751404288,0.2
232,n02510455/ILSVRC2012_val_00042787,supervised,resnet18_imagenet,gradcam,predicted,backbone.layer1,15,15,15,0.3759644627571106,0.2561473846435547,0.22315436241600617,0.2559601415532427,0.15351849794387817,0.09656886756420135,0.40416988730430603,0.5473507642745972,0.33757174744891233,0.9733054637908936,0.29412013629361894,0.397362007525935,0.2
233,n02510455/ILSVRC2012_val_00044876,supervised,resnet18_imagenet,gradcam,predicted,backbone.layer1,15,15,15,0.4669480323791504,0.3017476201057434,0.22201629747294385,0.20734755565883645,0.15201185643672943,0.08451827615499496,0.6752781867980957,0.7421462535858154,0.6278898278059973,0.9687869548797607,0.3155883688911943,0.4160908178476118,0.2
234,n02510455/ILSVRC2012_val_00045697,supervised,resnet18_imagenet,gradcam,predicted,backbone.layer1,15,15,15,0.05083373188972473,0.09898858517408371,0.17457512844949793,0.1288823345399006,0.1430334448814392,0.018632080405950546,0.773166835308075,0.4987568259239197,0.8068997130100433,0.3980034589767456,0.11137073165270944,0.15335669075526515,0.2
235,n02690373/ILSVRC2012_val_00008292,supervised,resnet18_imagenet,gradcam,predicted,backbone.layer1,16,16,16,0.22853612899780273,0.07731851190328598,0.09528585757263851,0.061164700255089854,0.0631052702665329,0.00937439501285553,0.07148674130439758,0.03154786303639412,0.061164700255089854,0.9891584515571594,0.1383496189474396,0.267474052339737,0.2
236,n02690373/ILSVRC2012_val_00010597,supervised,resnet18_imagenet,gradcam,predicted,backbone.layer1,16,16,16,0.025078268721699715,0.015519950538873672,0.5312620461024352,0.19585060586730793,0.2173614799976349,0.021556474268436432,0.3895333409309387,0.9734849333763123,0.19585060586730793,0.9922343492507935,0.22816510307960283,0.3393907094326497,0.2
237,n02690373/ILSVRC2012_val_00016995,supervised,resnet18_imagenet,gradcam,predicted,backbone.layer1,16,16,16,0.2109920233488083,0.2705877423286438,0.416801003044709,0.3107600530267837,0.19895429909229279,0.1477304846048355,0.41040778160095215,0.5283260345458984,0.2729392538264762,0.9772400856018066,0.30266512616097113,0.4023234850302271,0.2
238,n02690373/ILSVRC2012_val_00018616,supervised,resnet18_imagenet,gradcam,predicted,backbone.layer1,16,16,16,0.7147254347801208,0.23095959424972534,0.25759296054480724,0.25884358573642646,0.12913095951080322,0.05991833284497261,0.22881139814853668,0.28147974610328674,0.15320073341833682,0.9920215606689453,0.44082113779641846,0.5280662728436925,0.2
239,n02690373/ILSVRC2012_val_00026189,supervised,resnet18_imagenet,gradcam,predicted,backbone.layer1,16,16,16,0.08288327604532242,0.012707974761724472,0.2277441358667587,0.1515465561224188,0.13273796439170837,0.0,0.21013927459716797,0.0,0.1515465561224188,0.9878565073013306,0.1469405180148822,0.2720102957083568,0.2
224,n02510455/ILSVRC2012_val_00021267,supervised,resnet18_imagenet,gradcam,predicted,backbone.layer2,15,4,4,-0.043182022869586945,0.2572629451751709,0.2408679821469812,0.17181044283610022,0.24725374579429626,0.09774208813905716,0.7166487574577332,0.647776186466217,0.6422193877549741,0.9775930047035217,0.10653071834708966,0.2346948489469432,0.2
225,n02510455/ILSVRC2012_val_00021488,supervised,resnet18_imagenet,gradcam,predicted,backbone.layer2,15,15,15,0.2015509456396103,0.423061341047287,0.2199675108518495,0.2118670969789398,0.2252495288848877,0.2178182303905487,0.7093108296394348,0.7494442462921143,0.7130102040814906,0.9944106936454773,0.2101707606050809,0.32766308697838253,0.2
226,n02510455/ILSVRC2012_val_00022314,supervised,resnet18_imagenet,gradcam,predicted,backbone.layer2,15,15,15,-0.08331431448459625,0.4223560094833374,0.19948072698218505,0.1990736119152277,0.2570129334926605,0.26007217168807983,0.9969117045402527,0.9950942993164062,0.9969507334181688,0.962082028388977,0.08624057587538532,0.21479087891309104,0.2
227,n02510455/ILSVRC2012_val_00022427,supervised,resnet18_imagenet,gradcam,predicted,backbone.layer2,15,33,33,-0.006392159499228001,0.4392073154449463,0.15802284216433937,0.28457198241535375,0.22403983771800995,0.3507271111011505,0.5096213817596436,0.7440210580825806,0.5396006058672395,0.9807179570198059,0.13022158357421673,0.2555191438731643,0.2
228,n02510455/ILSVRC2012_val_00023272,supervised,resnet18_imagenet,gradcam,predicted,backbone.layer2,15,15,15,0.1983775496482849,0.3338029086589813,0.19450663681429026,0.19800312763138098,0.3644513189792633,0.15480630099773407,0.9867087006568909,0.988239049911499,0.9908920599487822,0.9132537841796875,0.19710394919301533,0.3045476511152706,0.2
229,n02510455/ILSVRC2012_val_00025542,supervised,resnet18_imagenet,gradcam,predicted,backbone.layer2,15,15,15,-0.2059909701347351,0.31724822521209717,0.25161738758481217,0.1661352993922073,0.3157127797603607,0.13048279285430908,0.7955113053321838,0.6579237580299377,0.7330795599488336,0.9866784811019897,0.0429294180392118,0.18034310436239603,0.2
230,n02510455/ILSVRC2012_val_00027510,supervised,resnet18_imagenet,gradcam,predicted,backbone.layer2,15,6,6,-0.09188278764486313,0.31578052043914795,0.1767699006799859,0.32182897340057054,0.13815173506736755,0.16130651533603668,0.34621837735176086,0.46584799885749817,0.2793566645407607,0.9217020869255066,0.11282654716622167,0.23074605588326302,0.2
231,n02510455/ILSVRC2012_val_00034983,supervised,resnet18_imagenet,gradcam,predicted,backbone.layer2,15,15,15,0.10609739273786545,0.46773895621299744,0.13037479880428,0.3584399178902738,0.2243664264678955,0.2798640727996826,0.47285106778144836,0.7075240015983582,0.4858298788264338,0.9845297336578369,0.1890833721035123,0.30701722668056686,0.2
232,n02510455/ILSVRC2012_val_00042787,supervised,resnet18_imagenet,gradcam,predicted,backbone.layer2,15,15,15,-0.011931509710848331,0.40127283334732056,0.11661698956776095,0.28406169665796244,0.2117256373167038,0.22979672253131866,0.3384559154510498,0.49624067544937134,0.33757174744891233,0.9087651371955872,0.11543100198337768,0.232308413736972,0.2
233,n02510455/ILSVRC2012_val_00044876,supervised,resnet18_imagenet,gradcam,predicted,backbone.layer2,15,15,15,-0.09176170825958252,0.26811084151268005,0.24587607222114877,0.20559554214064152,0.24915429949760437,0.10660183429718018,0.6879178881645203,0.6685513854026794,0.6278898278059973,0.9762251377105713,0.09873680100470407,0.22718507635617938,0.2
234,n02510455/ILSVRC2012_val_00045697,supervised,resnet18_imagenet,gradcam,predicted,backbone.layer2,15,15,15,-0.11111737787723541,0.3986075222492218,0.24340421342778024,0.18729584283124873,0.33786240220069885,0.16800957918167114,0.8924998044967651,0.7599095106124878,0.8068997130100433,0.8729459643363953,0.08476306572681452,0.19972582645818412,0.2
235,n02690373/ILSVRC2012_val_00008292,supervised,resnet18_imagenet,gradcam,predicted,backbone.layer2,16,16,16,0.015568556264042854,0.29400527477264404,0.06320486815410693,0.060623229461707305,0.0575554296374321,0.05671260133385658,0.06304404884576797,0.07814885675907135,0.061164700255089854,0.9908756613731384,0.04337585179036141,0.18503736830233933,0.2
236,n02690373/ILSVRC2012_val_00010597,supervised,resnet18_imagenet,gradcam,predicted,backbone.layer2,16,16,16,0.39371204376220703,0.34447601437568665,0.8353354278314218,0.38555981862547223,0.2580799162387848,0.2134876549243927,0.38530945777893066,0.4584530293941498,0.19585060586730793,0.9850806593894958,0.5237533914419511,0.5907851258394203,0.2
237,n02690373/ILSVRC2012_val_00016995,supervised,resnet18_imagenet,gradcam,predicted,backbone.layer2,16,16,16,0.2985236942768097,0.44374313950538635,0.27621813488207153,0.44995722840006724,0.22522662580013275,0.20380555093288422,0.3378645181655884,0.41700056195259094,0.2729392538264762,0.9647903442382812,0.3372620866953655,0.4307456854531603,0.2
238,n02690373/ILSVRC2012_val_00018616,supervised,resnet18_imagenet,gradcam,predicted,backbone.layer2,16,16,16,0.37661808729171753,0.5243911743164062,0.6070003627125434,0.4538146021325235,0.23991255462169647,0.19485802948474884,0.3143619894981384,0.29065829515457153,0.15320073341833682,0.9570780992507935,0.46889172437020704,0.5405817866509869,0.2
239,n02690373/ILSVRC2012_val_00026189,supervised,resnet18_imagenet,gradcam,predicted,backbone.layer2,16,16,16,-0.18486426770687103,0.37385639548301697,0.24992913832181834,0.037771371418463394,0.11763966083526611,0.041333816945552826,0.21085229516029358,0.07994649559259415,0.1515465561224188,0.9946260452270508,0.0123644458393361,0.15641654052172319,0.2
224,n02510455/ILSVRC2012_val_00021267,supervised,resnet18_imagenet,gradcam,predicted,backbone.layer3,15,4,4,-0.021610569208860397,0.2679448425769806,0.18585138623858294,0.16227068951286827,0.13262100517749786,0.12987162172794342,0.6808494925498962,0.6144810914993286,0.6422193877549741,0.9940521121025085,0.09579239504189119,0.22857463653013793,0.2
225,n02510455/ILSVRC2012_val_00021488,supervised,resnet18_imagenet,gradcam,predicted,backbone.layer3,15,15,15,0.5859954953193665,0.3156624138355255,0.14975906033527012,0.20812785147282153,0.15952467918395996,0.08151540905237198,0.6868396997451782,0.8070489764213562,0.7130102040814906,0.8891313672065735,0.3417642716701741,0.42793985639478715,0.2
226,n02510455/ILSVRC2012_val_00022314,supervised,resnet18_imagenet,gradcam,predicted,backbone.layer3,15,15,15,0.08768969774246216,0.32985207438468933,0.2006676928612437,0.19780614280012013,0.2627171277999878,0.13271468877792358,0.9983314871788025,0.9908350706100464,0.9969507334181688,0.970325231552124,0.15461802979539402,0.27585863785802134,0.2
227,n02510455/ILSVRC2012_val_00022427,supervised,resnet18_imagenet,gradcam,predicted,backbone.layer3,15,33,33,0.16794003546237946,0.36234745383262634,0.11672835605304785,0.3147918511956369,0.23212504386901855,0.2663330137729645,0.5095391273498535,0.800093412399292,0.5396006058672395,0.9818649291992188,0.1966320763595572,0.3139388036038868,0.2
228,n02510455/ILSVRC2012_val_00023272,supervised,resnet18_imagenet,gradcam,predicted,backbone.layer3,15,15,15,-0.20224891602993011,0.2460537552833557,0.20187453488601906,0.1937236571382526,0.35386353731155396,0.12499931454658508,0.9925107955932617,0.9687968492507935,0.9908920599487822,0.9753313064575195,0.037779891195309445,0.1744121233642203,0.2
229,n02510455/ILSVRC2012_val_00025542,supervised,resnet18_imagenet,gradcam,predicted,backbone.layer3,15,15,15,0.2123754620552063,0.1909603476524353,0.1640191910905203,0.19840274400383998,0.1561671495437622,0.07572551816701889,0.7048466205596924,0.787871778011322,0.7330795599488336,0.9918489456176758,0.1936767653503906,0.31371423733556364,0.2
230,n02510455/ILSVRC2012_val_00027510,supervised,resnet18_imagenet,gradcam,predicted,backbone.layer3,15,6,6,-0.0626978874206543,0.14139948785305023,0.4221854304633265,0.5191056653821012,0.23652884364128113,0.2076365351676941,0.5310827493667603,0.8414711952209473,0.2793566645407607,0.9862765073776245,0.25730817378536663,0.3613199894707716,0.2
231,n02510455/ILSVRC2012_val_00034983,supervised,resnet18_imagenet,gradcam,predicted,backbone.layer3,15,15,15,0.36658361554145813,0.23301993310451508,0.22153988143827996,0.286862869750463,0.18016716837882996,0.11976107954978943,0.5303505659103394,0.7557239532470703,0.4858298788264338,0.9981409311294556,0.2991542715732062,0.40512609290611445,0.2
232,n02510455/ILSVRC2012_val_00042787,supervised,resnet18_imagenet,gradcam,predicted,backbone.layer3,15,15,15,0.12632299959659576,0.380529522895813,0.04680405169400908,0.2240424759483463,0.0985659807920456,0.20055364072322845,0.2093573659658432,0.43529370427131653,0.33757174744891233,0.9727115631103516,0.13178315813134492,0.2578314162359501,0.2
233,n02510455/ILSVRC2012_val_00044876,supervised,resnet18_imagenet,gradcam,predicted,backbone.layer3,15,15,15,-0.10198558121919632,0.060757506638765335,0.17374473736255724,0.23979348215344404,0.17040742933750153,0.034527841955423355,0.5607740879058838,0.8196566700935364,0.6278898278059973,0.9928650259971619,0.08326723336712186,0.2166193553518559,0.2
234,n02510455/ILSVRC2012_val_00045697,supervised,resnet18_imagenet,gradcam,predicted,backbone.layer3,15,15,15,0.09429904818534851,0.2535102367401123,0.20900737053694626,0.2217546914296233,0.19375894963741302,0.118300661444664,0.8003624677658081,0.9118701815605164,0.8068997130100433,0.9538534283638,0.16694823786411028,0.28377319661108436,0.2
235,n02690373/ILSVRC2012_val_00008292,supervised,resnet18_imagenet,gradcam,predicted,backbone.layer3,16,16,16,0.2603606879711151,0.3129780888557434,0.06251520311354697,0.12076633595610607,0.07654893398284912,0.08432663232088089,0.08541759848594666,0.11614303290843964,0.061164700255089854,0.9772047996520996,0.15912873690934196,0.2835273455051185,0.2
236,n02690373/ILSVRC2012_val_00010597,supervised,resnet18_imagenet,gradcam,predicted,backbone.layer3,16,16,16,0.4085971713066101,0.3600706458091736,0.5903595163739367,0.3617298334587336,0.25057804584503174,0.25772780179977417,0.34715187549591064,0.46099069714546204,0.19585060586730793,0.9883658289909363,0.44906567347244514,0.5292862217641214,0.2
237,n02690373/ILSVRC2012_val_00016995,supervised,resnet18_imagenet,gradcam,predicted,backbone.layer3,16,16,16,0.5342407822608948,0.24168120324611664,0.45048899755473687,0.35450913241988896,0.242977112531662,0.17279261350631714,0.3853759169578552,0.6643949151039124,0.2729392538264762,0.9846340417861938,0.45519575189674566,0.5359289125528987,0.2
238,n02690373/ILSVRC2012_val_00018616,supervised,resnet18_imagenet,gradcam,predicted,backbone.layer3,16,16,16,0.6533706188201904,0.18173225224018097,0.7499753135175767,0.7071573066171782,0.3048750162124634,0.2527364492416382,0.37092649936676025,0.7842357754707336,0.15320073341833682,0.9888270497322083,0.6984880335685026,0.7412869290805866,0.2
239,n02690373/ILSVRC2012_val_00026189,supervised,resnet18_imagenet,gradcam,predicted,backbone.layer3,16,16,16,-0.12629884481430054,0.5279845595359802,0.17836862849877855,0.18097214783062335,0.129288911819458,0.13890255987644196,0.1686612367630005,0.1821919083595276,0.1515465561224188,0.9986950159072876,0.05728269497310035,0.19543485078343842,0.2
224,n02510455/ILSVRC2012_val_00021267,supervised,resnet18_imagenet,gradcam,predicted,backbone.layer4,15,4,4,-0.34647953510284424,0.39934301376342773,0.050722295432494416,0.26774464510701756,0.22820983827114105,0.481890469789505,0.4953477084636688,0.7500188946723938,0.6422193877549741,0.9533690214157104,-0.043051731879284114,0.10135425106123906,0.2
225,n02510455/ILSVRC2012_val_00021488,supervised,resnet18_imagenet,gradcam,predicted,backbone.layer4,15,15,15,0.5018395781517029,0.5434795022010803,0.21134879293471237,0.27820870535706527,0.3114226758480072,0.4217602610588074,0.7148165702819824,0.9102885723114014,0.7130102040814906,0.9987249374389648,0.3476030807482145,0.4478419675418851,0.2
226,n02510455/ILSVRC2012_val_00022314,supervised,resnet18_imagenet,gradcam,predicted,backbone.layer4,15,15,15,0.4572276473045349,0.6094884872436523,0.20060772044855354,0.20060772044855354,0.374553918838501,0.4687730669975281,0.9978387951850891,0.9981648325920105,0.9969507334181688,0.40442362427711487,0.3032556911909461,0.3209970804224312,0.2
227,n02510455/ILSVRC2012_val_00022427,supervised,resnet18_imagenet,gradcam,predicted,backbone.layer4,15,33,33,0.43142032623291016,0.6384953856468201,0.3355646728567136,0.2324809033542901,0.4799373149871826,0.4089011549949646,0.6316657066345215,0.6461360454559326,0.5396006058672395,0.9643798470497131,0.3429818033564652,0.43766548529172644,0.2
228,n02510455/ILSVRC2012_val_00023272,supervised,resnet18_imagenet,gradcam,predicted,backbone.layer4,15,15,15,0.48398250341415405,0.5068114399909973,0.20363036967049197,0.20183430881550277,0.36689892411231995,0.32867470383644104,0.9935647249221802,0.9962291121482849,0.9908920599487822,0.9926727414131165,0.31523240491146004,0.41966095702842005,0.2
229,n02510455/ILSVRC2012_val_00025542,supervised,resnet18_imagenet,gradcam,predicted,backbone.layer4,15,15,15,0.3232724070549011,0.5678638815879822,0.2173799989598478,0.27281624663559995,0.37122663855552673,0.456397145986557,0.7496232986450195,0.8558604717254639,0.7330795599488336,0.9899705052375793,0.27636783650059477,0.38418997965371426,0.2
230,n02510455/ILSVRC2012_val_00027510,supervised,resnet18_imagenet,gradcam,predicted,backbone.layer4,15,6,6,0.5481732487678528,0.4798448383808136,0.5171239356666558,0.6774261015053838,0.2870813012123108,0.529015839099884,0.40681982040405273,0.6772886514663696,0.2793566645407607,0.9929864406585693,0.577634310658753,0.6394461124605437,0.2
231,n02510455/ILSVRC2012_val_00034983,supervised,resnet18_imagenet,gradcam,predicted,backbone.layer4,15,15,15,0.2729196548461914,0.5250259637832642,0.22781603453804267,0.33685560001540854,0.29608219861984253,0.4245859682559967,0.521752655506134,0.6351680159568787,0.4858298788264338,0.9873851537704468,0.27856935230451196,0.38479756090009687,0.2
232,n02510455/ILSVRC2012_val_00042787,supervised,resnet18_imagenet,gradcam,predicted,backbone.layer4,15,15,15,0.22060510516166687,0.5887480974197388,0.20679164243201342,0.3799048447330128,0.2440917193889618,0.38638415932655334,0.32480916380882263,0.4762077033519745,0.33757174744891233,0.9214973449707031,0.2642509882141746,0.36211051034344544,0.2
233,n02510455/ILSVRC2012_val_00044876,supervised,resnet18_imagenet,gradcam,predicted,backbone.layer4,15,15,15,0.2626694440841675,0.5275437235832214,0.1997458410350625,0.3095012924783086,0.3217695653438568,0.5194511413574219,0.6125615239143372,0.8175162076950073,0.6278898278059973,0.9853848218917847,0.25784191768767833,0.36705381209156906,0.2
234,n02510455/ILSVRC2012_val_00045697,supervised,resnet18_imagenet,gradcam,predicted,backbone.layer4,15,15,15,0.22345536947250366,0.5361514091491699,0.2124601022342239,0.2478573369229017,0.3807002604007721,0.4576409161090851,0.8119833469390869,0.9081500768661499,0.8068997130100433,0.9539931416511536,0.2274773795361391,0.3363877103523307,0.2
235,n02690373/ILSVRC2012_val_00008292,supervised,resnet18_imagenet,gradcam,predicted,backbone.layer4,16,16,16,0.413723886013031,0.51149582862854,0.14196078431360176,0.29137115839214794,0.09637517482042313,0.13015693426132202,0.10466494411230087,0.13398444652557373,0.061164700255089854,0.972614049911499,0.2954891372169373,0.39902845326772307,0.2
236,n02690373/ILSVRC2012_val_00010597,supervised,resnet18_imagenet,gradcam,predicted,backbone.layer4,16,16,16,0.19346411526203156,0.5359374284744263,0.2675984427849463,0.35808547008522523,0.20796939730644226,0.2903929352760315,0.2483973652124405,0.3320504426956177,0.19585060586730793,0.9833789467811584,0.2650908199658641,0.37164026057642763,0.2
237,n02690373/ILSVRC2012_val_00016995,supervised,resnet18_imagenet,gradcam,predicted,backbone.layer4,16,16,16,-0.09595085680484772,0.5137421488761902,0.1468754530954778,0.5868663902630822,0.2519700229167938,0.4048689901828766,0.3168196678161621,0.44904839992523193,0.2729392538264762,0.9866085052490234,0.1817422102856289,0.29784393674529686,0.2
238,n02690373/ILSVRC2012_val_00018616,supervised,resnet18_imagenet,gradcam,predicted,backbone.layer4,16,16,16,0.14624640345573425,0.5391714572906494,0.3792969357595432,0.46281469252953955,0.19257692992687225,0.27162304520606995,0.21147693693637848,0.2886766195297241,0.15320073341833682,0.9855090975761414,0.31113204986901855,0.40954051291819893,0.2
239,n02690373/ILSVRC2012_val_00026189,supervised,resnet18_imagenet,gradcam,predicted,backbone.layer4,16,16,16,0.3451443910598755,0.5758993625640869,0.1704711347045982,0.19079746323020455,0.1521284282207489,0.18230804800987244,0.18702498078346252,0.2217392772436142,0.1515465561224188,0.9937692880630493,0.24643833580439103,0.3601830795641145,0.2
240,n02690373/ILSVRC2012_val_00028019,supervised,resnet18_imagenet,gradcam,predicted,backbone.layer1,16,16,16,-0.2078428417444229,0.35414838790893555,0.47145714725306087,0.03484471377554656,0.1679120510816574,0.02164803072810173,0.3765241801738739,0.05582159385085106,0.18118223852037207,0.9931374192237854,0.06875342161081306,0.20280108353017165,0.2
241,n02690373/ILSVRC2012_val_00030531,supervised,resnet18_imagenet,gradcam,predicted,backbone.layer1,16,16,16,-0.42381802201271057,0.2747803032398224,0.5656517602279054,0.0030478512648567267,0.2468947470188141,0.011548876762390137,0.41751086711883545,0.019129671156406403,0.19353874362241041,0.9965919256210327,0.0010826746427444098,0.14332738401189674,0.2
242,n02690373/ILSVRC2012_val_00032804,supervised,resnet18_imagenet,gradcam,predicted,backbone.layer1,16,16,16,0.07198610156774521,0.029553623870015144,0.21950958346706312,0.25396603954076574,0.17397485673427582,0.023484928533434868,0.3182264566421509,0.6924715042114258,0.25396603954076574,0.979303777217865,0.17083712752944674,0.2904596078833478,0.2
243,n02690373/ILSVRC2012_val_00033920,supervised,resnet18_imagenet,gradcam,predicted,backbone.layer1,16,16,16,0.15146765112876892,0.14456452429294586,0.33086545825866037,0.04568477007168864,0.1487015187740326,0.011094056069850922,0.36213263869285583,0.08913087844848633,0.21558115433669175,0.9612600207328796,0.17355212895061228,0.2913402380875883,0.2
244,n02690373/ILSVRC2012_val_00039213,supervised,resnet18_imagenet,gradcam,predicted,backbone.layer1,16,16,16,-0.34170523285865784,0.21210415661334991,0.4183403068337389,0.009179319241833293,0.19057637453079224,0.06064283102750778,0.3965742290019989,0.08292552083730698,0.20535714285710194,0.9718230366706848,-0.008426205320791481,0.13305653051896554,0.2
245,n02690373/ILSVRC2012_val_00043242,supervised,resnet18_imagenet,gradcam,predicted,backbone.layer1,16,16,16,0.00378187233582139,0.050645940005779266,0.18699704033456768,0.7671595982141328,0.19086667895317078,0.019782718271017075,0.7258497476577759,0.959902822971344,0.7671595982141328,0.9861400127410889,0.2877597404989387,0.38778381686587593,0.2
246,n02690373/ILSVRC2012_val_00044253,supervised,resnet18_imagenet,gradcam,predicted,backbone.layer1,16,16,16,0.14963896572589874,0.4069790840148926,0.4052422557582166,0.2182894918053861,0.2057475596666336,0.1331072449684143,0.3559391498565674,0.19998344779014587,0.15260283801017369,0.9889351725578308,0.2469151105594403,0.3565968507786399,0.2
247,n02690373/ILSVRC2012_val_00046234,supervised,resnet18_imagenet,gradcam,predicted,backbone.layer1,16,16,16,0.33846819400787354,0.1585262566804886,0.2914956011728651,0.21413533834575732,0.15208947658538818,0.06015212833881378,0.38151174783706665,0.518982470035553,0.2827447385203518,0.9862427711486816,0.2870765594587361,0.3928080184547136,0.2
248,n02690373/ILSVRC2012_val_00046971,supervised,resnet18_imagenet,gradcam,predicted,backbone.layer1,16,16,16,-0.07374674081802368,0.07893246412277222,0.28663039253770783,0.0926343583254895,0.1488342434167862,0.03053540177643299,0.26218920946121216,0.2850530743598938,0.1958705357142467,0.9873163104057312,0.08428072893174973,0.21710227499035073,0.2
249,n02690373/ILSVRC2012_val_00049062,supervised,resnet18_imagenet,gradcam,predicted,backbone.layer1,16,16,16,-0.04759811609983444,0.10593517869710922,0.351487710219695,0.19414756815442982,0.19205738604068756,0.08568036556243896,0.4086958169937134,0.4244920313358307,0.21641820790812014,0.9846213459968567,0.14465133707230365,0.2674426808581176,0.2
250,n02747177/ILSVRC2012_val_00004924,supervised,resnet18_imagenet,gradcam,predicted,backbone.layer1,17,33,33,0.3719354271888733,0.48594945669174194,0.1692991907567068,0.17960222016647095,0.1434275358915329,0.25028088688850403,0.7712223529815674,0.8125886917114258,0.8165457589284087,0.9721534252166748,0.25344459415250264,0.3632257660294013,0.2
251,n02747177/ILSVRC2012_val_00023490,supervised,resnet18_imagenet,gradcam,predicted,backbone.layer1,17,41,41,0.20935314893722534,0.4565718173980713,0.26875953094585436,0.21307189542472946,0.18384291231632233,0.16018904745578766,0.366422176361084,0.3303295373916626,0.2808713329081073,0.6104180216789246,0.2282906874860653,0.2852941619725135,0.2
252,n02747177/ILSVRC2012_val_00027314,supervised,resnet18_imagenet,gradcam,predicted,backbone.layer1,17,27,27,-0.0002731416025198996,0.2054251730442047,0.09095970844295861,0.0497272550165353,0.11997989565134048,0.031124385073781013,0.2044769674539566,0.11282932013273239,0.2295519770407706,0.9566841125488281,0.042096832396840214,0.17857875818631574,0.2
253,n02747177/ILSVRC2012_val_00028498,supervised,resnet18_imagenet,gradcam,predicted,backbone.layer1,17,17,17,0.14523421227931976,0.212955504655838,0.27413374679780433,0.20213070440445152,0.2563687860965729,0.07667818665504456,0.7122029066085815,0.6432299017906189,0.5533721301019305,0.9498844146728516,0.20097302027240466,0.31238074929925363,0.2
254,n02747177/ILSVRC2012_val_00030962,supervised,resnet18_imagenet,gradcam,predicted,backbone.layer1,17,17,17,-0.026794150471687317,0.0761074423789978,0.1022621629996549,0.4380181760203209,0.08392460644245148,0.028429092839360237,0.37625807523727417,0.7284849882125854,0.4380181760203209,0.9630886316299438,0.1513664415173178,0.270155426834395,0.2
255,n02747177/ILSVRC2012_val_00032347,supervised,resnet18_imagenet,gradcam,predicted,backbone.layer1,17,17,17,0.2123231142759323,0.30819231271743774,0.32285926239915064,0.09036512928018414,0.2156023234128952,0.05517178773880005,0.3876190185546875,0.21451839804649353,0.2975526147958591,0.9909704923629761,0.20889656321417338,0.3262647617708564,0.2
240,n02690373/ILSVRC2012_val_00028019,supervised,resnet18_imagenet,gradcam,predicted,backbone.layer2,16,16,16,0.48533517122268677,0.49554795026779175,0.5872199170119607,0.18039869160020958,0.2081402689218521,0.09330953657627106,0.30575716495513916,0.19236281514167786,0.18118223852037207,0.995919942855835,0.42441965107272583,0.5111599535093582,0.2
241,n02690373/ILSVRC2012_val_00030531,supervised,resnet18_imagenet,gradcam,predicted,backbone.layer2,16,16,16,-0.16365906596183777,0.357572078704834,0.7289204097708353,0.15195706702435283,0.28354400396347046,0.08890869468450546,0.405017614364624,0.2066449522972107,0.19353874362241041,0.9959427118301392,0.19879961665382131,0.3123301028866747,0.2
242,n02690373/ILSVRC2012_val_00032804,supervised,resnet18_imagenet,gradcam,predicted,backbone.layer2,16,16,16,0.2789652347564697,0.2727051377296448,0.30286564090813767,0.28348453259689893,0.1740356683731079,0.13632819056510925,0.3458167612552643,0.4739583730697632,0.25396603954076574,0.9915977716445923,0.28749114595409886,0.39296504128771237,0.2
243,n02690373/ILSVRC2012_val_00033920,supervised,resnet18_imagenet,gradcam,predicted,backbone.layer2,16,16,16,0.38444867730140686,0.2683100402355194,0.22875662934576974,0.17987891133357103,0.1135585829615593,0.15859772264957428,0.33537763357162476,0.22628818452358246,0.21558115433669175,0.8347403407096863,0.276370133124365,0.3619269733317805,0.2
244,n02690373/ILSVRC2012_val_00039213,supervised,resnet18_imagenet,gradcam,predicted,backbone.layer2,16,16,16,-0.2063664346933365,0.41784170269966125,0.5638166999841889,0.12594109831702505,0.2096937745809555,0.08412117511034012,0.4047725796699524,0.19179974496364594,0.20535714285710194,0.9907991886138916,0.12438076561302958,0.24883107572471946,0.2
245,n02690373/ILSVRC2012_val_00043242,supervised,resnet18_imagenet,gradcam,predicted,backbone.layer2,16,16,16,-0.33787044882774353,0.3149130940437317,0.056932526026907494,0.2529498334666668,0.2039279341697693,0.21710975468158722,0.6209647059440613,0.8827398419380188,0.7671595982141328,0.9760400652885437,-0.04218347168302515,0.1056219425769649,0.2
246,n02690373/ILSVRC2012_val_00044253,supervised,resnet18_imagenet,gradcam,predicted,backbone.layer2,16,16,16,-0.14714275300502777,0.29715925455093384,0.4252799484408078,0.1664798575854378,0.19014140963554382,0.11111918091773987,0.39551252126693726,0.17109744250774384,0.15260283801017369,0.9945730566978455,0.11867084060586257,0.2456259464594785,0.2
247,n02690373/ILSVRC2012_val_00046234,supervised,resnet18_imagenet,gradcam,predicted,backbone.layer2,16,16,16,0.06834861636161804,0.22399015724658966,0.30190808922316476,0.115861242916978,0.1789606362581253,0.0744301974773407,0.34023264050483704,0.26406848430633545,0.2827447385203518,0.9762343764305115,0.15267024618669003,0.2747995052261787,0.2
248,n02690373/ILSVRC2012_val_00046971,supervised,resnet18_imagenet,gradcam,predicted,backbone.layer2,16,16,16,-0.14102570712566376,0.3981824517250061,0.2838029989656904,0.14011020548723446,0.136174276471138,0.11216609179973602,0.2522430717945099,0.20930610597133636,0.1958705357142467,0.9784114956855774,0.07076367848561195,0.20338102797208552,0.2
249,n02690373/ILSVRC2012_val_00049062,supervised,resnet18_imagenet,gradcam,predicted,backbone.layer2,16,16,16,-0.15752851963043213,0.3260304927825928,0.016195710325365403,0.5146067415726606,0.10546797513961792,0.2828766107559204,0.14697037637233734,0.45044076442718506,0.21641820790812014,0.9593365788459778,0.09622932771723497,0.22146611793075194,0.2
250,n02747177/ILSVRC2012_val_00004924,supervised,resnet18_imagenet,gradcam,predicted,backbone.layer2,17,33,33,-0.04907631874084473,0.3861840069293976,0.21689132768693384,0.17641903268210984,0.2876396179199219,0.1820291429758072,0.8546276688575745,0.7879042029380798,0.8165457589284087,0.976176381111145,0.0983625806143752,0.227577335699637,0.2
251,n02747177/ILSVRC2012_val_00023490,supervised,resnet18_imagenet,gradcam,predicted,backbone.layer2,17,41,41,-0.04668540880084038,0.41869276762008667,0.20189290161882845,0.16819986443295817,0.13307854533195496,0.1525402069091797,0.3094111979007721,0.33301079273223877,0.2808713329081073,0.9680449962615967,0.09235366629519982,0.22139004787189204,0.2
252,n02747177/ILSVRC2012_val_00027314,supervised,resnet18_imagenet,gradcam,predicted,backbone.layer2,17,27,27,0.27039995789527893,0.5259273052215576,0.10341473403977708,0.05243628551896668,0.13789117336273193,0.12166736274957657,0.2164458930492401,0.1859174519777298,0.2295519770407706,0.7468224763870239,0.1549152890257347,0.24562611161108716,0.2
253,n02747177/ILSVRC2012_val_00028498,supervised,resnet18_imagenet,gradcam,predicted,backbone.layer2,17,17,17,-0.15605886280536652,0.29710501432418823,0.17736460182497824,0.17653832985770596,0.22556541860103607,0.12643656134605408,0.537718653678894,0.5389871001243591,0.5533721301019305,0.8845059871673584,0.04374733438265865,0.16653102901389652,0.2
254,n02747177/ILSVRC2012_val_00030962,supervised,resnet18_imagenet,gradcam,predicted,backbone.layer2,17,17,17,-0.03427037224173546,0.08748915046453476,0.19233491005244427,0.18179469196405382,0.17998552322387695,0.03382427245378494,0.47474196553230286,0.46957293152809143,0.4380181760203209,0.9155586957931519,0.09853073170825524,0.21887157458848988,0.2
255,n02747177/ILSVRC2012_val_00032347,supervised,resnet18_imagenet,gradcam,predicted,backbone.layer2,17,17,17,-0.1152428463101387,0.36113399267196655,0.2723612456040608,0.08303327404447397,0.2128206044435501,0.06558486819267273,0.4010812044143677,0.17758074402809143,0.2975526147958591,0.9899718761444092,0.06052121737050495,0.1970094151252465,0.2
240,n02690373/ILSVRC2012_val_00028019,supervised,resnet18_imagenet,gradcam,predicted,backbone.layer3,16,16,16,0.4762847125530243,0.23618200421333313,0.5800082610486741,0.25071933036865635,0.24009108543395996,0.1091531291604042,0.32394859194755554,0.31108084321022034,0.18118223852037207,0.9972485303878784,0.43973216244640884,0.5239688268060729,0.2
241,n02690373/ILSVRC2012_val_00030531,supervised,resnet18_imagenet,gradcam,predicted,backbone.layer3,16,16,16,-0.01934954896569252,0.13709864020347595,0.7679290894433092,0.15901889449585785,0.30843794345855713,0.07780726999044418,0.40730351209640503,0.27694788575172424,0.19353874362241041,0.9947783946990967,0.2703445755954731,0.37418141305166386,0.2
242,n02690373/ILSVRC2012_val_00032804,supervised,resnet18_imagenet,gradcam,predicted,backbone.layer3,16,16,16,0.4055272340774536,0.2817651927471161,0.47211271246657266,0.34153954885426613,0.26188406348228455,0.18715976178646088,0.3693748712539673,0.49333688616752625,0.25396603954076574,0.9766002893447876,0.4063065720272331,0.49183764065903657,0.2
243,n02690373/ILSVRC2012_val_00033920,supervised,resnet18_imagenet,gradcam,predicted,backbone.layer3,16,16,16,-0.006289678625762463,0.25027701258659363,0.5524121500889276,0.32635930047674,0.23648715019226074,0.19083617627620697,0.37519586086273193,0.45606622099876404,0.21558115433669175,0.9665993452072144,0.26111556371939526,0.3624813769034822,0.2
244,n02690373/ILSVRC2012_val_00039213,supervised,resnet18_imagenet,gradcam,predicted,backbone.layer3,16,16,16,0.43011048436164856,0.28045737743377686,0.7547234923641146,0.47694430324560527,0.2720138430595398,0.23230966925621033,0.41824808716773987,0.590613842010498,0.20535714285710194,0.9923797249794006,0.5415445324275754,0.6073125771759171,0.2
245,n02690373/ILSVRC2012_val_00043242,supervised,resnet18_imagenet,gradcam,predicted,backbone.layer3,16,16,16,-0.277438759803772,0.2838551104068756,0.07054930509594738,0.2606967500583845,0.19958434998989105,0.24788619577884674,0.5749220252037048,0.9025073051452637,0.7671595982141328,0.9894586801528931,-0.011601687375209224,0.13412674988019674,0.2
246,n02690373/ILSVRC2012_val_00044253,supervised,resnet18_imagenet,gradcam,predicted,backbone.layer3,16,16,16,0.3075510561466217,0.31857508420944214,0.542862126100512,0.22716237774833378,0.2260873019695282,0.18020421266555786,0.3083929419517517,0.34578847885131836,0.15260283801017369,0.9983129501342773,0.3540277736133024,0.4498959381336706,0.2
247,n02690373/ILSVRC2012_val_00046234,supervised,resnet18_imagenet,gradcam,predicted,backbone.layer3,16,16,16,0.5371279120445251,0.5801523923873901,0.2721638655460755,0.3136287217309433,0.19415481388568878,0.2748644948005676,0.3167871832847595,0.4041425287723541,0.2827447385203518,0.9839847087860107,0.3905889410009157,0.48204062235274014,0.2
248,n02690373/ILSVRC2012_val_00046971,supervised,resnet18_imagenet,gradcam,predicted,backbone.layer3,16,16,16,0.7061852216720581,0.512495219707489,0.3613186210675339,0.4177730192716504,0.19392460584640503,0.2361128181219101,0.2919890880584717,0.42511940002441406,0.1958705357142467,0.994677722454071,0.5162015807705784,0.591139396038127,0.2
249,n02690373/ILSVRC2012_val_00049062,supervised,resnet18_imagenet,gradcam,predicted,backbone.layer3,16,16,16,0.3423009216785431,0.439132958650589,0.5141676933107369,0.37987055871061953,0.26561596989631653,0.29875510931015015,0.3793712854385376,0.44033142924308777,0.21641820790812014,0.9531782865524292,0.40513184427782417,0.4862916285756935,0.2
250,n02747177/ILSVRC2012_val_00004924,supervised,resnet18_imagenet,gradcam,predicted,backbone.layer3,17,33,33,-0.23603509366512299,0.37571021914482117,0.19704294766482117,0.16327228772774346,0.3445226848125458,0.20719565451145172,0.8083633780479431,0.7977961301803589,0.8165457589284087,0.9208097457885742,0.01368053315172018,0.14558798793363426,0.2
251,n02747177/ILSVRC2012_val_00023490,supervised,resnet18_imagenet,gradcam,predicted,backbone.layer3,17,41,41,0.03336116671562195,0.45726391673088074,0.31123308515824616,0.27183596014955885,0.2320237010717392,0.23399458825588226,0.3900383412837982,0.3571068048477173,0.2808713329081073,0.9108460545539856,0.1882651802785903,0.29407057786051677,0.2
252,n02747177/ILSVRC2012_val_00027314,supervised,resnet18_imagenet,gradcam,predicted,backbone.layer3,17,27,27,-0.3496127724647522,0.2629801332950592,0.02035695687164685,0.15627682403425092,0.08337385207414627,0.11115903407335281,0.14000265300273895,0.26103001832962036,0.2295519770407706,0.9411551356315613,-0.08685497471413156,0.06296724520854535,0.2
253,n02747177/ILSVRC2012_val_00028498,supervised,resnet18_imagenet,gradcam,predicted,backbone.layer3,17,17,17,-0.04531339183449745,0.29971012473106384,0.11744708525478378,0.2830041403650706,0.1555664837360382,0.1909927874803543,0.4772350490093231,0.769723653793335,0.5533721301019305,0.9035558104515076,0.10201001095215732,0.21978649083061563,0.2
254,n02747177/ILSVRC2012_val_00030962,supervised,resnet18_imagenet,gradcam,predicted,backbone.layer3,17,17,17,-0.002681189216673374,0.20560109615325928,0.055942210640876094,0.13404654787624992,0.14737269282341003,0.07745662331581116,0.34407249093055725,0.4159001410007477,0.4380181760203209,0.9492976665496826,0.055924151868468455,0.1889534233858982,0.2
255,n02747177/ILSVRC2012_val_00032347,supervised,resnet18_imagenet,gradcam,predicted,backbone.layer3,17,17,17,0.38039374351501465,0.37440723180770874,0.34734740137063663,0.23101577909258825,0.21170596778392792,0.15949782729148865,0.39871856570243835,0.450483113527298,0.2975526147958591,0.9839934706687927,0.3256664515449733,0.4253276259463802,0.2
240,n02690373/ILSVRC2012_val_00028019,supervised,resnet18_imagenet,gradcam,predicted,backbone.layer4,16,16,16,0.2786302864551544,0.49972406029701233,0.25969834683510523,0.3543067449923177,0.20101113617420197,0.2666207551956177,0.24696758389472961,0.31696969270706177,0.18118223852037207,0.9989287853240967,0.29565364213028866,0.40086119101477424,0.2
241,n02690373/ILSVRC2012_val_00030531,supervised,resnet18_imagenet,gradcam,predicted,backbone.layer4,16,16,16,0.0829315334558487,0.5550433397293091,0.381865248722884,0.527264289581153,0.24081629514694214,0.3018960654735565,0.2689681053161621,0.3363999128341675,0.19353874362241041,0.9940919280052185,0.3059114748735506,0.4054222104863391,0.2
242,n02690373/ILSVRC2012_val_00032804,supervised,resnet18_imagenet,gradcam,predicted,backbone.layer4,16,16,16,-0.03552328050136566,0.5211538076400757,0.18401081193461688,0.43555807651072315,0.2197895050048828,0.3369368016719818,0.2870479226112366,0.3851527273654938,0.25396603954076574,0.9451212882995605,0.17166135433305574,0.2842272671807911,0.2
243,n02690373/ILSVRC2012_val_00033920,supervised,resnet18_imagenet,gradcam,predicted,backbone.layer4,16,16,16,0.2825220227241516,0.5188815593719482,0.24400429542999402,0.38634399308530926,0.20480185747146606,0.28644484281539917,0.27617618441581726,0.33918502926826477,0.21558115433669175,0.9715811014175415,0.30211329564425166,0.4022069452949101,0.2
244,n02690373/ILSVRC2012_val_00039213,supervised,resnet18_imagenet,gradcam,predicted,backbone.layer4,16,16,16,-0.028999008238315582,0.5725241303443909,0.29928452791599636,0.570094179403605,0.2422332912683487,0.3270840346813202,0.26703786849975586,0.3496371805667877,0.20535714285710194,0.9843699932098389,0.24921400890055415,0.3548505229279657,0.2
245,n02690373/ILSVRC2012_val_00043242,supervised,resnet18_imagenet,gradcam,predicted,backbone.layer4,16,16,16,0.07521175593137741,0.49825936555862427,0.14639389572650152,0.26074870755715046,0.2964828312397003,0.43882161378860474,0.6760561466217041,0.888524055480957,0.7671595982141328,0.9901774525642395,0.15222748335764658,0.276636383281531,0.2
246,n02690373/ILSVRC2012_val_00044253,supervised,resnet18_imagenet,gradcam,predicted,backbone.layer4,16,16,16,-0.11104297637939453,0.48178669810295105,0.11501859204631308,0.25395137855251687,0.15469515323638916,0.21930015087127686,0.17559756338596344,0.23822720348834991,0.15260283801017369,0.9638068079948425,0.06627380062789118,0.1979484721161458,0.2
247,n02690373/ILSVRC2012_val_00046234,supervised,resnet18_imagenet,gradcam,predicted,backbone.layer4,16,16,16,0.2518627643585205,0.549153745174408,0.24317388626552905,0.317128874388082,0.26739874482154846,0.320873886346817,0.3369068205356598,0.42498156428337097,0.2827447385203518,0.879093587398529,0.2688359339394915,0.3600916957986643,0.2
248,n02690373/ILSVRC2012_val_00046971,supervised,resnet18_imagenet,gradcam,predicted,backbone.layer4,16,16,16,0.1167040541768074,0.48745080828666687,0.24205852926448093,0.5242733338442179,0.21295370161533356,0.294878751039505,0.2664916515350342,0.3398539125919342,0.1958705357142467,0.9929769039154053,0.2765811806033326,0.3813759203263681,0.2
249,n02690373/ILSVRC2012_val_00049062,supervised,resnet18_imagenet,gradcam,predicted,backbone.layer4,16,16,16,0.08674934506416321,0.5253902077674866,0.0682550232629131,0.1900666400864669,0.13770993053913116,0.22106672823429108,0.18510523438453674,0.2797297239303589,0.21641820790812014,0.9838413596153259,0.11219623703047929,0.24251889055210102,0.2
250,n02747177/ILSVRC2012_val_00004924,supervised,resnet18_imagenet,gradcam,predicted,backbone.layer4,17,33,33,0.3792039453983307,0.5865437984466553,0.24492934026500576,0.21744319266750586,0.41549912095069885,0.40155521035194397,0.8638767004013062,0.8340350985527039,0.8165457589284087,0.985666811466217,0.29039333803908574,0.39616453584247624,0.2
251,n02747177/ILSVRC2012_val_00023490,supervised,resnet18_imagenet,gradcam,predicted,backbone.layer4,17,41,41,0.4689706861972809,0.510833203792572,0.4443048576211747,0.41554708125525636,0.2519404888153076,0.33575060963630676,0.4310466945171356,0.4607519209384918,0.2808713329081073,0.9719762206077576,0.44554385614184167,0.5248991579793197,0.2
252,n02747177/ILSVRC2012_val_00027314,supervised,resnet18_imagenet,gradcam,predicted,backbone.layer4,17,27,27,0.3504103422164917,0.5092358589172363,0.3347158598487466,0.38257745846405633,0.2613012492656708,0.29730355739593506,0.3233872056007385,0.39506447315216064,0.2295519770407706,0.28921031951904297,0.3553521323804375,0.34534849728182926,0.2
253,n02747177/ILSVRC2012_val_00028498,supervised,resnet18_imagenet,gradcam,predicted,backbone.layer4,17,17,17,0.18568749725818634,0.48211607336997986,0.3103508042150893,0.3526907113208986,0.31108835339546204,0.5444811582565308,0.527949869632721,0.8660494089126587,0.5533721301019305,0.9793025851249695,0.2731874535640709,0.37764639069310757,0.2
254,n02747177/ILSVRC2012_val_00030962,supervised,resnet18_imagenet,gradcam,predicted,backbone.layer4,17,17,17,0.26123812794685364,0.4610423445701599,0.15766824575989669,0.45619541484695403,0.2749301493167877,0.4253653287887573,0.4860939383506775,0.755544126033783,0.4380181760203209,0.9620669484138489,0.2886543493607967,0.3892093021951888,0.2
255,n02747177/ILSVRC2012_val_00032347,supervised,resnet18_imagenet,gradcam,predicted,backbone.layer4,17,17,17,0.3603512644767761,0.5179927945137024,0.43584732122301917,0.47373081463962585,0.29138755798339844,0.3865005671977997,0.4317828416824341,0.482820063829422,0.2975526147958591,0.9904667735099792,0.41701394654950397,0.5020874925590297,0.2
256,n02747177/ILSVRC2012_val_00042835,supervised,resnet18_imagenet,gradcam,predicted,backbone.layer1,17,39,39,0.2054031491279602,0.425066739320755,0.22764044380989618,0.17103471342901522,0.18805615603923798,0.24037815630435944,0.8328683376312256,0.7282319068908691,0.7768853635202534,0.9961000084877014,0.2017638068228575,0.3209748927776691,0.2
257,n02747177/ILSVRC2012_val_00043970,supervised,resnet18_imagenet,gradcam,predicted,backbone.layer1,17,17,17,-0.1665319800376892,0.15689422190189362,0.13299272333171647,0.10388173773124301,0.12465667724609375,0.035772934556007385,0.2500442564487457,0.17913006246089935,0.23754384566321798,0.9625425934791565,0.004449546303812162,0.1453138112744221,0.2
258,n02747177/ILSVRC2012_val_00044878,supervised,resnet18_imagenet,gradcam,predicted,backbone.layer1,17,37,37,0.31290486454963684,0.5219075083732605,0.25006978951468367,0.3471720818289126,0.17461924254894257,0.23678945004940033,0.3194396197795868,0.3700192868709564,0.24623325892852238,0.9810453057289124,0.3043345072229336,0.4059839662876088,0.2
259,n02747177/ILSVRC2012_val_00046138,supervised,resnet18_imagenet,gradcam,predicted,backbone.layer1,17,17,17,-0.02129768207669258,0.16321004927158356,0.18475582872995028,0.19124357871125944,0.17383746802806854,0.054647114127874374,0.7285053730010986,0.7373416423797607,0.7104591836733278,0.9571884274482727,0.10428074940168588,0.2301239272507009,0.2
260,n02747177/ILSVRC2012_val_00049441,supervised,resnet18_imagenet,gradcam,predicted,backbone.layer1,17,30,30,-0.0725797638297081,0.058487944304943085,0.26633747658768386,0.541115274234586,0.12377758324146271,0.03606060519814491,0.6700507402420044,0.9421873092651367,0.541115274234586,0.8769251108169556,0.21320391971479774,0.30799903698771297,0.2
261,n02747177/ILSVRC2012_val_00049737,supervised,resnet18_imagenet,gradcam,predicted,backbone.layer1,17,17,17,0.07234954088926315,0.03276998922228813,0.38173151249661524,0.4412468112244019,0.18775202333927155,0.016362721100449562,0.6037474274635315,0.9855759143829346,0.4412468112244019,0.9675498604774475,0.2758333134720104,0.3761993993131135,0.2
262,n02783161/ILSVRC2012_val_00000721,supervised,resnet18_imagenet,gradcam,predicted,backbone.layer1,18,41,41,0.19841411709785461,0.5438439846038818,0.12625516081343277,0.22626116876617666,0.1334366500377655,0.19153611361980438,0.24263113737106323,0.273029088973999,0.24037388392852355,0.9908513426780701,0.18512054571302466,0.30620172478086194,0.2
263,n02783161/ILSVRC2012_val_00001098,supervised,resnet18_imagenet,gradcam,predicted,backbone.layer1,18,22,22,-0.037030577659606934,0.06578411906957626,0.15826424676961814,0.10907605229589663,0.1254834085702896,0.011331228539347649,0.18272502720355988,0.06872548162937164,0.10907605229589663,0.982559084892273,0.06538985865581165,0.20125823531935721,0.2
264,n02783161/ILSVRC2012_val_00001412,supervised,resnet18_imagenet,gradcam,predicted,backbone.layer1,18,18,18,0.04289279133081436,0.01775340549647808,0.37361834292466095,0.09968909438773524,0.14863602817058563,0.015150605700910091,0.18555687367916107,0.26985815167427063,0.09968909438773524,0.976158082485199,0.1591493477260446,0.2797630486666639,0.2
265,n02783161/ILSVRC2012_val_00010497,supervised,resnet18_imagenet,gradcam,predicted,backbone.layer1,18,18,18,0.7157792448997498,0.3806437849998474,0.37454485269747223,0.41506219117361126,0.1418602019548416,0.21583479642868042,0.30763837695121765,0.45467275381088257,0.13103874362242288,0.9913175702095032,0.523193811121225,0.5966221322141088,0.2
266,n02783161/ILSVRC2012_val_00011215,supervised,resnet18_imagenet,gradcam,predicted,backbone.layer1,18,18,18,0.05121476203203201,0.001853655674494803,0.5972190735278491,0.22122130102036408,0.309970885515213,0.0024316497147083282,0.4411140978336334,1.0,0.22122130102036408,0.9843548536300659,0.26601801717727674,0.3701884883927744,0.2
267,n02783161/ILSVRC2012_val_00016206,supervised,resnet18_imagenet,gradcam,predicted,backbone.layer1,18,46,46,0.19429151713848114,0.0689900666475296,0.07484220018029074,0.10883689413263138,0.07146067917346954,0.005082536954432726,0.09926937520503998,0.03494495898485184,0.10883689413263138,0.9896909594535828,0.1328203351492691,0.2623754484947364,0.2
268,n02783161/ILSVRC2012_val_00016313,supervised,resnet18_imagenet,gradcam,predicted,backbone.layer1,18,18,18,0.4231480360031128,0.1943311095237732,0.20441530417445064,0.08785607196395212,0.18597185611724854,0.05667445808649063,0.3014427125453949,0.0641297847032547,0.08922592474488018,0.9965416193008423,0.25694062724276595,0.37065089953081654,0.2
269,n02783161/ILSVRC2012_val_00023743,supervised,resnet18_imagenet,gradcam,predicted,backbone.layer1,18,18,18,0.22761712968349457,0.44984495639801025,0.19588336192103056,0.3526307620672231,0.17675097286701202,0.2753031551837921,0.46802157163619995,0.7163804173469543,0.4947584502550035,0.986752986907959,0.25560108906987394,0.3648074744224803,0.2
270,n02783161/ILSVRC2012_val_00024607,supervised,resnet18_imagenet,gradcam,predicted,backbone.layer1,18,36,36,0.03559855744242668,0.4734601378440857,0.2542434485515014,0.14465784323476807,0.21279215812683105,0.1266954094171524,0.5518532991409302,0.41570624709129333,0.4877431441325559,0.9818240404129028,0.1339098105128515,0.2594584241133521,0.2
271,n02783161/ILSVRC2012_val_00027801,supervised,resnet18_imagenet,gradcam,predicted,backbone.layer1,18,18,18,-0.03240099176764488,0.043312918394804,0.38370147255657316,0.1296037946428313,0.21453821659088135,0.004165038466453552,0.34036725759506226,0.052464526146650314,0.1296037946428313,0.979816198348999,0.1410311834527634,0.2639583994335253,0.2
256,n02747177/ILSVRC2012_val_00042835,supervised,resnet18_imagenet,gradcam,predicted,backbone.layer2,17,39,39,0.1491442769765854,0.3496396243572235,0.21338218184513372,0.1453942141421355,0.322920024394989,0.1524549275636673,0.8270248770713806,0.6842134594917297,0.7768853635202534,0.9959860444068909,0.1672906295868149,0.2912925025996558,0.2
257,n02747177/ILSVRC2012_val_00043970,supervised,resnet18_imagenet,gradcam,predicted,backbone.layer2,17,17,17,-0.2681991159915924,0.1386471390724182,0.06904947409423984,0.136453048969802,0.1323046088218689,0.06955800205469131,0.18936093151569366,0.2785055935382843,0.23754384566321798,0.9654877781867981,-0.04562888947742441,0.10232910689697283,0.2
258,n02747177/ILSVRC2012_val_00044878,supervised,resnet18_imagenet,gradcam,predicted,backbone.layer2,17,37,37,-0.021346408873796463,0.34536752104759216,0.19451557831829144,0.1103947629438056,0.1535007208585739,0.10487616807222366,0.3014225959777832,0.2418483942747116,0.24623325892852238,0.9904230237007141,0.08293453882911052,0.21731979576480262,0.2
259,n02747177/ILSVRC2012_val_00046138,supervised,resnet18_imagenet,gradcam,predicted,backbone.layer2,17,17,17,-0.12759502232074738,0.15311990678310394,0.2130377057885786,0.1703086973228717,0.18971970677375793,0.056675005704164505,0.7139172554016113,0.6817643046379089,0.7104591836733278,0.5037901997566223,0.06396591200513613,0.12674687292909437,0.2
260,n02747177/ILSVRC2012_val_00049441,supervised,resnet18_imagenet,gradcam,predicted,backbone.layer2,17,30,30,0.5642202496528625,0.3219245672225952,0.2827181786822067,0.3310663278088803,0.2255689650774002,0.17275092005729675,0.5512209534645081,0.9193041920661926,0.541115274234586,0.9925196170806885,0.40982345180847113,0.499801156563377,0.2
261,n02747177/ILSVRC2012_val_00049737,supervised,resnet18_imagenet,gradcam,predicted,backbone.layer2,17,17,17,-0.14605025947093964,0.47625067830085754,0.31385520029388136,0.26176470588225026,0.23627565801143646,0.19429175555706024,0.48152104020118713,0.479398250579834,0.4412468112244019,0.9520584344863892,0.11426586806446362,0.2355961509021624,0.2
262,n02783161/ILSVRC2012_val_00000721,supervised,resnet18_imagenet,gradcam,predicted,backbone.layer2,18,41,41,0.5056114792823792,0.5728492140769958,0.31735527335579955,0.2317297508221017,0.19161729514598846,0.13670262694358826,0.3297349810600281,0.2776951491832733,0.24037388392852355,0.996597945690155,0.36697009896632204,0.4637249656468313,0.2
263,n02783161/ILSVRC2012_val_00001098,supervised,resnet18_imagenet,gradcam,predicted,backbone.layer2,18,22,22,-0.1811741143465042,0.42958420515060425,0.4381897431137548,0.0732179930795341,0.1943133920431137,0.06767147779464722,0.23025654256343842,0.0971890389919281,0.10907605229589663,0.9605485200881958,0.08095267511938498,0.20852327204027513,0.2
264,n02783161/ILSVRC2012_val_00001412,supervised,resnet18_imagenet,gradcam,predicted,backbone.layer2,18,18,18,0.01573948562145233,0.24608871340751648,0.36687573856888744,0.17293291731655777,0.14208415150642395,0.1082058846950531,0.1660376936197281,0.18772956728935242,0.09968909438773524,0.9809930324554443,0.16823839101421448,0.28760993880718627,0.2
265,n02783161/ILSVRC2012_val_00010497,supervised,resnet18_imagenet,gradcam,predicted,backbone.layer2,18,18,18,-0.08521585911512375,0.25115638971328735,0.4693913658877659,0.0,0.1972160041332245,0.0008128741174004972,0.2684262990951538,0.0011997176334261894,0.13103874362242288,0.9871695041656494,0.10673106612028027,0.23559771640649557,0.2
266,n02783161/ILSVRC2012_val_00011215,supervised,resnet18_imagenet,gradcam,predicted,backbone.layer2,18,18,18,-0.06899581104516983,0.2961612939834595,0.6674556213012485,0.06926034604873557,0.3104214370250702,0.05072114244103432,0.3981417417526245,0.1367070972919464,0.22122130102036408,0.9953964948654175,0.19341646578692726,0.3093399322014992,0.2
267,n02783161/ILSVRC2012_val_00016206,supervised,resnet18_imagenet,gradcam,predicted,backbone.layer2,18,46,46,0.08533384650945663,0.549183189868927,0.04209818426358971,0.013804383382392016,0.061686281114816666,0.03522442653775215,0.08168066293001175,0.04921378940343857,0.10883689413263138,0.9908129572868347,0.05090430889757717,0.19246443178283043,0.2
268,n02783161/ILSVRC2012_val_00016313,supervised,resnet18_imagenet,gradcam,predicted,backbone.layer2,18,18,18,-0.13230042159557343,0.15119978785514832,0.44613851519636655,0.07304990757850421,0.21883606910705566,0.05711500719189644,0.2614687383174896,0.12315686792135239,0.08922592474488018,0.9413230419158936,0.10283635819423184,0.22469041442265103,0.2
269,n02783161/ILSVRC2012_val_00023743,supervised,resnet18_imagenet,gradcam,predicted,backbone.layer2,18,18,18,0.10521956533193588,0.4450816214084625,0.14573062512320195,0.3207046789163399,0.24961425364017487,0.3234787881374359,0.4560084342956543,0.7620663642883301,0.4947584502550035,0.9832484722137451,0.18201841734463692,0.30092294470812475,0.2
270,n02783161/ILSVRC2012_val_00024607,supervised,resnet18_imagenet,gradcam,predicted,backbone.layer2,18,36,36,0.2248288244009018,0.35576099157333374,0.11129717892563722,0.19433772886159473,0.19693179428577423,0.1371733546257019,0.43696922063827515,0.5263223648071289,0.4877431441325559,0.9501930475234985,0.1816220020965303,0.29762777261564843,0.2
271,n02783161/ILSVRC2012_val_00027801,supervised,resnet18_imagenet,gradcam,predicted,backbone.layer2,18,18,18,-0.0325315035879612,0.238092839717865,0.515162620246894,0.07655253222231705,0.21904440224170685,0.06961067765951157,0.3026793897151947,0.13245955109596252,0.1296037946428313,0.9738110899925232,0.16450194430557882,0.2826144253603948,0.2
256,n02747177/ILSVRC2012_val_00042835,supervised,resnet18_imagenet,gradcam,predicted,backbone.layer3,17,39,39,-0.19573770463466644,0.2541322708129883,0.20370324893784444,0.11834630039468884,0.16855795681476593,0.13506466150283813,0.8217767477035522,0.6031540036201477,0.7768853635202534,0.9948530793190002,0.018319782945893405,0.1612321526088501,0.2
257,n02747177/ILSVRC2012_val_00043970,supervised,resnet18_imagenet,gradcam,predicted,backbone.layer3,17,17,17,-0.26481109857559204,0.2779425084590912,0.09611063957257171,0.22156688181603518,0.15212145447731018,0.18478983640670776,0.2107265442609787,0.34986355900764465,0.23754384566321798,0.9879220724105835,-0.010621183013654764,0.13492380670728205,0.2
258,n02747177/ILSVRC2012_val_00044878,supervised,resnet18_imagenet,gradcam,predicted,backbone.layer3,17,37,37,-0.07296991348266602,0.3200569152832031,0.5403137039071682,0.07820475777709804,0.29948943853378296,0.0933522954583168,0.4632026255130768,0.19544711709022522,0.24623325892852238,0.9334040284156799,0.15636757311221347,0.2691007499644854,0.2
259,n02747177/ILSVRC2012_val_00046138,supervised,resnet18_imagenet,gradcam,predicted,backbone.layer3,17,17,17,0.1577495038509369,0.3740916848182678,0.14070615261682465,0.20650221846603464,0.26358017325401306,0.18529193103313446,0.6352658867835999,0.755318820476532,0.7104591836733278,0.9370772242546082,0.16726231286523252,0.28257600275673395,0.2
260,n02747177/ILSVRC2012_val_00049441,supervised,resnet18_imagenet,gradcam,predicted,backbone.layer3,17,30,30,0.5843310952186584,0.22564007341861725,0.3289257379742946,0.36959964642172677,0.35602274537086487,0.18393802642822266,0.5797791481018066,0.9836371541023254,0.541115274234586,0.9927334785461426,0.4432900534062698,0.5280572512074572,0.2
261,n02747177/ILSVRC2012_val_00049737,supervised,resnet18_imagenet,gradcam,predicted,backbone.layer3,17,17,17,-0.5338815450668335,0.20563577115535736,0.34719256374812746,0.24636839047056114,0.21748964488506317,0.17766214907169342,0.49977409839630127,0.559829592704773,0.4412468112244019,0.9937745332717896,-0.03548433176112685,0.11059787777204888,0.2
262,n02783161/ILSVRC2012_val_00000721,supervised,resnet18_imagenet,gradcam,predicted,backbone.layer3,18,41,41,-0.029415838420391083,0.47748520970344543,0.417110241774888,0.11686211079654424,0.24242189526557922,0.13233715295791626,0.3346996009349823,0.23398689925670624,0.24037388392852355,0.9971745014190674,0.14842537040327322,0.2727737199085813,0.2
263,n02783161/ILSVRC2012_val_00001098,supervised,resnet18_imagenet,gradcam,predicted,backbone.layer3,18,22,22,0.4450159966945648,0.4914214313030243,0.4671712393562278,0.1094577192730652,0.1729254424571991,0.1143299862742424,0.19042809307575226,0.146415576338768,0.10907605229589663,0.9480505585670471,0.35099508626661385,0.442120422285478,0.2
264,n02783161/ILSVRC2012_val_00001412,supervised,resnet18_imagenet,gradcam,predicted,backbone.layer3,18,18,18,0.4388267397880554,0.48906901478767395,0.3832214147728974,0.15544797909931193,0.15612128376960754,0.12119648605585098,0.17559824883937836,0.1581762284040451,0.09968909438773524,0.9742898344993591,0.33713151407688496,0.43440018256877555,0.2
265,n02783161/ILSVRC2012_val_00010497,supervised,resnet18_imagenet,gradcam,predicted,backbone.layer3,18,18,18,0.13065554201602936,0.5679022073745728,0.5878979065093318,0.08711303095746638,0.23710860311985016,0.10206222534179688,0.2812649607658386,0.12827958166599274,0.13103874362242288,0.9953083395957947,0.2547654980464512,0.363778425011679,0.2
266,n02783161/ILSVRC2012_val_00011215,supervised,resnet18_imagenet,gradcam,predicted,backbone.layer3,18,18,18,0.573842465877533,0.3421221375465393,0.67911337093773,0.5171200918810444,0.2977181375026703,0.30083584785461426,0.42380520701408386,0.6466362476348877,0.22122130102036408,0.9987269639968872,0.5884070251966456,0.6497122733613632,0.2
267,n02783161/ILSVRC2012_val_00016206,supervised,resnet18_imagenet,gradcam,predicted,backbone.layer3,18,46,46,-0.2016577273607254,0.19321949779987335,0.11130235226612786,0.007476757037899046,0.07356058061122894,0.013273291289806366,0.09575068950653076,0.02585059404373169,0.10883689413263138,0.9912449717521667,-0.045029358153082094,0.10780131851257785,0.2
268,n02783161/ILSVRC2012_val_00016313,supervised,resnet18_imagenet,gradcam,predicted,backbone.layer3,18,18,18,0.5102682113647461,0.28614237904548645,0.4377848226664971,0.3463215511639796,0.19114957749843597,0.2207636535167694,0.2066410779953003,0.3205054700374603,0.08922592474488018,0.9947089552879333,0.43933919669504146,0.5238268107284703,0.2
269,n02783161/ILSVRC2012_val_00023743,supervised,resnet18_imagenet,gradcam,predicted,backbone.layer3,18,18,18,0.030789082869887352,0.40495404601097107,0.08529182879374776,0.3050460432730759,0.1896142214536667,0.2811835706233978,0.39856579899787903,0.7204796075820923,0.4947584502550035,0.9776414632797241,0.12941699476800203,0.2550068665131251,0.2
270,n02783161/ILSVRC2012_val_00024607,supervised,resnet18_imagenet,gradcam,predicted,backbone.layer3,18,36,36,0.3504641056060791,0.5413873791694641,0.08372589661450797,0.20111381830831843,0.18021537363529205,0.2044966071844101,0.4081066846847534,0.5204497575759888,0.4877431441325559,0.9216211438179016,0.22563755671927957,0.3321155372655195,0.2
271,n02783161/ILSVRC2012_val_00027801,supervised,resnet18_imagenet,gradcam,predicted,backbone.layer3,18,18,18,-0.16437558829784393,0.42362046241760254,0.42066832746291494,0.0,0.20537815988063812,0.0182084608823061,0.23628440499305725,0.02554386481642723,0.1296037946428313,0.9845874905586243,0.06045026291973689,0.19532374954527698,0.2
256,n02747177/ILSVRC2012_val_00042835,supervised,resnet18_imagenet,gradcam,predicted,backbone.layer4,17,39,39,0.34225979447364807,0.5309287309646606,0.2576383366254694,0.2574331084373779,0.36534905433654785,0.39495721459388733,0.8230191469192505,0.8690000772476196,0.7768853635202534,0.9964392185211182,0.29142535130831343,0.39802467210965636,0.2
257,n02747177/ILSVRC2012_val_00043970,supervised,resnet18_imagenet,gradcam,predicted,backbone.layer4,17,17,17,0.5164365768432617,0.549280047416687,0.42502920939865957,0.6248982310705167,0.2670898139476776,0.3673538565635681,0.3756239116191864,0.45299068093299866,0.23754384566321798,0.9942284226417542,0.5215528628780575,0.5923689254086988,0.2
258,n02747177/ILSVRC2012_val_00044878,supervised,resnet18_imagenet,gradcam,predicted,backbone.layer4,17,37,37,-0.17633412778377533,0.426398903131485,0.4435847840100299,0.0025971699802961683,0.29214799404144287,0.0640740841627121,0.36156442761421204,0.09632517397403717,0.24623325892852238,0.997369647026062,0.06332093508358767,0.19943399082716945,0.2
259,n02747177/ILSVRC2012_val_00046138,supervised,resnet18_imagenet,gradcam,predicted,backbone.layer4,17,17,17,-0.07784043997526169,0.5471544861793518,0.11740821368292019,0.20682094362545392,0.37886786460876465,0.4742409586906433,0.6699270606040955,0.7755197286605835,0.7104591836733278,0.9283407330513,0.06613257120240755,0.19306424529344693,0.2
260,n02747177/ILSVRC2012_val_00049441,supervised,resnet18_imagenet,gradcam,predicted,backbone.layer4,17,30,30,0.39711230993270874,0.46722379326820374,0.25947502116841337,0.36823901685173,0.30594584345817566,0.36382272839546204,0.5598607659339905,0.8252468705177307,0.541115274234586,0.987971842288971,0.3471591353791265,0.4441135943248295,0.2
261,n02747177/ILSVRC2012_val_00049737,supervised,resnet18_imagenet,gradcam,predicted,backbone.layer4,17,17,17,0.29204094409942627,0.509788453578949,0.2979718559734293,0.4249966783292329,0.29834285378456116,0.41329681873321533,0.5256079435348511,0.5956724286079407,0.4412468112244019,0.9008066058158875,0.33370693793056916,0.41807745488284787,0.2
262,n02783161/ILSVRC2012_val_00000721,supervised,resnet18_imagenet,gradcam,predicted,backbone.layer4,18,41,41,-0.0359945073723793,0.5042203068733215,0.1345620700276545,0.46379595892648967,0.17124269902706146,0.3070202171802521,0.22376979887485504,0.380042165517807,0.24037388392852355,0.9562275409698486,0.16510960573729153,0.2804255608036806,0.2
263,n02783161/ILSVRC2012_val_00001098,supervised,resnet18_imagenet,gradcam,predicted,backbone.layer4,18,22,22,0.5312426686286926,0.5757043361663818,0.0,0.009306866254468396,0.04383538290858269,0.07967064529657364,0.053700029850006104,0.09699354320764542,0.10907605229589663,0.8343116641044617,0.21528912732781758,0.31340840019932875,0.2
264,n02783161/ILSVRC2012_val_00001412,supervised,resnet18_imagenet,gradcam,predicted,backbone.layer4,18,18,18,0.07184603065252304,0.43136289715766907,0.11303447255502808,0.2012935164482583,0.09552029520273209,0.1574358195066452,0.10839258134365082,0.18134135007858276,0.09968909438773524,0.16907313466072083,0.12303680896199512,0.12908907817831278,0.2
265,n02783161/ILSVRC2012_val_00010497,supervised,resnet18_imagenet,gradcam,predicted,backbone.layer4,18,18,18,0.32679319381713867,0.5248448252677917,0.17684568513520132,0.20764868401904343,0.1327701061964035,0.19218897819519043,0.16165798902511597,0.2255273312330246,0.13103874362242288,0.9960829019546509,0.24606558827312888,0.35991364541775733,0.2
266,n02783161/ILSVRC2012_val_00011215,supervised,resnet18_imagenet,gradcam,predicted,backbone.layer4,18,18,18,0.5027002692222595,0.5047796368598938,0.3147744945565693,0.35960115792836306,0.2069401890039444,0.29305222630500793,0.30483677983283997,0.37637996673583984,0.22122130102036408,0.9993492960929871,0.40339280343438355,0.494441401762972,0.2
267,n02783161/ILSVRC2012_val_00016206,supervised,resnet18_imagenet,gradcam,predicted,backbone.layer4,18,46,46,0.6357256770133972,0.5636595487594604,0.14861759691635265,0.12338697984622053,0.10142657905817032,0.10116904973983765,0.13293834030628204,0.12985582649707794,0.10883689413263138,0.9846261143684387,0.33589164383413084,0.43819904830059814,0.2
268,n02783161/ILSVRC2012_val_00016313,supervised,resnet18_imagenet,gradcam,predicted,backbone.layer4,18,18,18,0.19404619932174683,0.5459529161453247,0.22194178024548042,0.27008576929785566,0.11600791662931442,0.15384314954280853,0.12323710322380066,0.15954793989658356,0.08922592474488018,0.9612242579460144,0.22522674459169956,0.3351066958403476,0.2
269,n02783161/ILSVRC2012_val_00023743,supervised,resnet18_imagenet,gradcam,predicted,backbone.layer4,18,18,18,0.23398436605930328,0.5916085839271545,0.14954657873037114,0.2768763048971551,0.29572275280952454,0.42426928877830505,0.48259127140045166,0.6208997964859009,0.4947584502550035,0.9712092876434326,0.2215206115119792,0.3341816421741526,0.2
270,n02783161/ILSVRC2012_val_00024607,supervised,resnet18_imagenet,gradcam,predicted,backbone.layer4,18,36,36,0.47959625720977783,0.5832875967025757,0.24451817657232958,0.21000035064335706,0.2997215688228607,0.35124289989471436,0.5741615295410156,0.5186244249343872,0.4877431441325559,0.9602426290512085,0.32819406104861715,0.4255247161850252,0.2
271,n02783161/ILSVRC2012_val_00027801,supervised,resnet18_imagenet,gradcam,predicted,backbone.layer4,18,18,18,0.3888343870639801,0.54632169008255,0.16292806413039665,0.2093601462521321,0.1390058845281601,0.16747517883777618,0.16922131180763245,0.20817385613918304,0.1296037946428313,0.7589382529258728,0.26722021794035067,0.34300482600690607,0.2
272,n02783161/ILSVRC2012_val_00036962,supervised,resnet18_imagenet,gradcam,predicted,backbone.layer1,18,18,18,0.4681220054626465,0.25189897418022156,0.42357166722316775,0.29624277456624865,0.18751385807991028,0.12491990625858307,0.31469088792800903,0.3959093987941742,0.13966836734691096,0.9879897832870483,0.4031931347218835,0.49199477985233764,0.2
273,n02783161/ILSVRC2012_val_00043329,supervised,resnet18_imagenet,gradcam,predicted,backbone.layer1,18,18,18,-0.19149160385131836,0.2865836024284363,0.35840570719584447,0.07380164276078877,0.20701481401920319,0.06503216177225113,0.47678953409194946,0.19030573964118958,0.32370057397952734,0.994810938835144,0.05306556344646261,0.19025141696646847,0.2
274,n02783161/ILSVRC2012_val_00044470,supervised,resnet18_imagenet,gradcam,predicted,backbone.layer1,18,18,18,-0.21406307816505432,0.2457457184791565,0.3495240419817247,0.12543252595149326,0.17936967313289642,0.0641036182641983,0.3743125796318054,0.18235594034194946,0.24077248086729897,0.9951056838035583,0.05686173911394366,0.1930829171960692,0.2
275,n02783161/ILSVRC2012_val_00046884,supervised,resnet18_imagenet,gradcam,predicted,backbone.layer1,18,18,18,0.1653187870979309,0.5579701066017151,0.24030679465450766,0.28995791328164333,0.1594635546207428,0.21946893632411957,0.31362512707710266,0.3766196370124817,0.3253348214285066,0.9984293580055237,0.22520692722001764,0.3401921561691421,0.2
276,n02783161/ILSVRC2012_val_00048616,supervised,resnet18_imagenet,gradcam,predicted,backbone.layer1,18,16,16,0.28432101011276245,0.10418061167001724,0.22278971468807432,0.0767498405612092,0.13052374124526978,0.003962746821343899,0.18925872445106506,0.021275311708450317,0.0767498405612092,0.9988452792167664,0.20359027061989005,0.3242240342343027,0.2
277,n02814533/ILSVRC2012_val_00005862,supervised,resnet18_imagenet,gradcam,predicted,backbone.layer1,19,19,19,-0.10412170737981796,0.13141252100467682,0.16119461540343744,0.1528274787604,0.17478826642036438,0.0410187728703022,0.7220259308815002,0.5809335708618164,0.7438217474488313,0.9220754504203796,0.052557945297224046,0.18037424352108003,0.2
278,n02814533/ILSVRC2012_val_00008088,supervised,resnet18_imagenet,gradcam,predicted,backbone.layer1,19,19,19,-0.07499609887599945,0.02030288800597191,0.2215281228555355,0.8288424744896308,0.2569052577018738,0.01060039084404707,0.8565108180046082,0.9913918972015381,0.8288424744896308,0.9848108887672424,0.2851127396531501,0.38406564804477816,0.2
279,n02814533/ILSVRC2012_val_00023221,supervised,resnet18_imagenet,gradcam,predicted,backbone.layer1,19,19,19,0.020156733691692352,0.10072800517082214,0.17436787047254,0.23163436888380198,0.15304459631443024,0.03525376319885254,0.673200249671936,0.8278422951698303,0.69046954719374,0.9779835939407349,0.12986336528357953,0.255252955722288,0.2
280,n02814533/ILSVRC2012_val_00023474,supervised,resnet18_imagenet,gradcam,predicted,backbone.layer1,19,19,19,-0.09217909723520279,0.12442626059055328,0.2332873744336288,0.13896467677975227,0.18383443355560303,0.04120254889130592,0.49789848923683167,0.4511556327342987,0.4239477040815482,0.990527331829071,0.0748039764699332,0.20937942854538494,0.2
281,n02814533/ILSVRC2012_val_00024318,supervised,resnet18_imagenet,gradcam,predicted,backbone.layer1,19,19,19,-0.09376081079244614,0.4224798381328583,0.16133890778774798,0.21573424672423866,0.16971465945243835,0.1949421763420105,0.6551276445388794,0.7143720388412476,0.6913066007651684,0.9942476749420166,0.07561762203661754,0.21058915609194298,0.2
282,n02814533/ILSVRC2012_val_00027049,supervised,resnet18_imagenet,gradcam,predicted,backbone.layer1,19,19,19,0.12409928441047668,0.23725877702236176,0.36699321778422483,0.032762279385108034,0.185335174202919,0.019303729757666588,0.29967546463012695,0.0733841210603714,0.1976841517856749,0.9611342549324036,0.16956636291499055,0.2875437620758606,0.2
283,n02814533/ILSVRC2012_val_00027293,supervised,resnet18_imagenet,gradcam,predicted,backbone.layer1,19,19,19,-0.21555009484291077,0.25964489579200745,0.27257897078441623,0.17110785083074445,0.21252378821372986,0.07965070754289627,0.5912497639656067,0.5096333026885986,0.4840760522958219,0.9951079487800598,0.04688600854738388,0.1847453645257804,0.2
284,n02814533/ILSVRC2012_val_00029094,supervised,resnet18_imagenet,gradcam,predicted,backbone.layer1,19,19,19,-0.04598875716328621,0.024133097380399704,0.19031801350463126,0.6712970344386417,0.16874821484088898,0.01312962081283331,0.6592744588851929,0.9854204058647156,0.6712970344386417,0.997838020324707,0.2400890115176674,0.34898340002737416,0.2
285,n02814533/ILSVRC2012_val_00031464,supervised,resnet18_imagenet,gradcam,predicted,backbone.layer1,19,19,19,0.06208183616399765,0.1448293775320053,0.255055029434267,0.2332746478872506,0.17135171592235565,0.04857276380062103,0.6721369624137878,0.7912802696228027,0.5818120216835575,0.9519056081771851,0.17133163766205434,0.2865969032143563,0.2
286,n02814533/ILSVRC2012_val_00037112,supervised,resnet18_imagenet,gradcam,predicted,backbone.layer1,19,19,19,-0.08075891435146332,0.13687677681446075,0.2324265920934815,0.1293497568503744,0.18167798221111298,0.03720478713512421,0.6123043298721313,0.5382885932922363,0.5729233099488654,0.9953597784042358,0.07622933894257143,0.21148243397358718,0.2
287,n02814533/ILSVRC2012_val_00037160,supervised,resnet18_imagenet,gradcam,predicted,backbone.layer1,19,19,19,-0.1669090837240219,0.19323711097240448,0.21724598930476277,0.194314403962233,0.21049299836158752,0.0690070390701294,0.8878114223480225,0.8667587637901306,0.8524792729590138,0.991920530796051,0.05670448449048996,0.19325999863274892,0.2
272,n02783161/ILSVRC2012_val_00036962,supervised,resnet18_imagenet,gradcam,predicted,backbone.layer2,18,18,18,0.6243852972984314,0.10065269470214844,0.6939668025040314,0.13966836734691096,0.20001037418842316,0.08435563743114471,0.32905831933021545,0.7664530873298645,0.13966836734691096,0.993291437625885,0.49984466987465526,0.5759373621610693,0.2
273,n02783161/ILSVRC2012_val_00043329,supervised,resnet18_imagenet,gradcam,predicted,backbone.layer2,18,18,18,0.1972573846578598,0.48221272230148315,0.43904709748059195,0.14601596231839764,0.2347620278596878,0.12254607677459717,0.4260639548301697,0.26704227924346924,0.32370057397952734,0.9906140565872192,0.2544218718028408,0.36389795806808123,0.2
274,n02783161/ILSVRC2012_val_00044470,supervised,resnet18_imagenet,gradcam,predicted,backbone.layer2,18,18,18,-0.1338162124156952,0.3454848825931549,0.4548085778184089,0.1812209581796821,0.21025285124778748,0.11189044266939163,0.33631449937820435,0.2511165142059326,0.24077248086729897,0.9948960542678833,0.1372823758331492,0.2614061177942119,0.2
275,n02783161/ILSVRC2012_val_00046884,supervised,resnet18_imagenet,gradcam,predicted,backbone.layer2,18,18,18,0.06621203571557999,0.3389677405357361,0.2329965384974118,0.25504665777934915,0.14817984402179718,0.16005933284759521,0.30121228098869324,0.45208024978637695,0.3253348214285066,0.9987999796867371,0.17289777316926028,0.29500500852265377,0.2
276,n02783161/ILSVRC2012_val_00048616,supervised,resnet18_imagenet,gradcam,predicted,backbone.layer2,18,16,16,0.17553816735744476,0.43401670455932617,0.38375685102104257,0.008131261797583758,0.15081532299518585,0.017348961904644966,0.17776134610176086,0.02583809196949005,0.0767498405612092,0.9937100410461426,0.18778170078856576,0.3084668929366836,0.2
277,n02814533/ILSVRC2012_val_00005862,supervised,resnet18_imagenet,gradcam,predicted,backbone.layer2,19,19,19,-0.08721563220024109,0.330864280462265,0.19694174143809,0.1497208060208425,0.1541702300310135,0.14130616188049316,0.7277421951293945,0.6559998393058777,0.7438217474488313,0.13005606830120087,0.06911251135758331,0.07564857583982888,0.2
278,n02814533/ILSVRC2012_val_00008088,supervised,resnet18_imagenet,gradcam,predicted,backbone.layer2,19,19,19,-0.20291635394096375,0.1818334311246872,0.2100747755560793,0.1891686438920575,0.30251190066337585,0.08619975298643112,0.8599078059196472,0.8237519860267639,0.8288424744896308,0.9979133605957031,0.03860648425805554,0.17847713507205235,0.2
279,n02814533/ILSVRC2012_val_00023221,supervised,resnet18_imagenet,gradcam,predicted,backbone.layer2,19,19,19,0.1437816619873047,0.40806373953819275,0.1813230395007717,0.25944300372075224,0.24217846989631653,0.19374342262744904,0.6841477155685425,0.833088755607605,0.69046954719374,0.9559359550476074,0.18974247776137904,0.30390548575807874,0.2
280,n02814533/ILSVRC2012_val_00023474,supervised,resnet18_imagenet,gradcam,predicted,backbone.layer2,19,19,19,0.08626063168048859,0.3805594742298126,0.3133232653744805,0.10621532808024231,0.24599489569664001,0.10980073362588882,0.5135319232940674,0.3820294737815857,0.4239477040815482,0.9834986925125122,0.16036583070861227,0.2826006733287285,0.2
281,n02814533/ILSVRC2012_val_00024318,supervised,resnet18_imagenet,gradcam,predicted,backbone.layer2,19,19,19,-0.029470248147845268,0.4186149537563324,0.1136788106680993,0.22997799779971675,0.21612143516540527,0.21408936381340027,0.5946670770645142,0.762283444404602,0.6913066007651684,0.9804131984710693,0.0913089432812067,0.22266159503586858,0.2
282,n02814533/ILSVRC2012_val_00027049,supervised,resnet18_imagenet,gradcam,predicted,backbone.layer2,19,19,19,0.368694931268692,0.5033460259437561,0.4343013225988827,0.3526301518435787,0.22472639381885529,0.20279167592525482,0.2995888590812683,0.3349798321723938,0.1976841517856749,0.9682179093360901,0.38355741484021527,0.47100878095507104,0.2
283,n02814533/ILSVRC2012_val_00027293,supervised,resnet18_imagenet,gradcam,predicted,backbone.layer2,19,19,19,0.3030523359775543,0.39631369709968567,0.2701772564111053,0.2790758337990389,0.2392226904630661,0.17021827399730682,0.5776471495628357,0.6508760452270508,0.4840760522958219,0.9882810115814209,0.28599686145406494,0.3916237418818932,0.2
284,n02814533/ILSVRC2012_val_00029094,supervised,resnet18_imagenet,gradcam,predicted,backbone.layer2,19,19,19,0.12265042215585709,0.45668086409568787,0.17048162128873975,0.275060518563807,0.22364135086536407,0.23024845123291016,0.6515597105026245,0.8205356597900391,0.6712970344386417,0.9931890368461609,0.18272281081810687,0.30329153824461075,0.2
285,n02814533/ILSVRC2012_val_00031464,supervised,resnet18_imagenet,gradcam,predicted,backbone.layer2,19,19,19,0.09647077322006226,0.36258649826049805,0.20298077217939742,0.2996720007950503,0.24136914312839508,0.18971173465251923,0.6094472408294678,0.800601065158844,0.5818120216835575,0.8971045017242432,0.1893841411803592,0.2939936391292702,0.2
286,n02814533/ILSVRC2012_val_00037112,supervised,resnet18_imagenet,gradcam,predicted,backbone.layer2,19,19,19,-0.15368437767028809,0.43358099460601807,0.16193786140151545,0.26746846199089236,0.2263539731502533,0.28405851125717163,0.5410236716270447,0.7440940737724304,0.5729233099488654,0.9846324920654297,0.06734814594960711,0.20125692247331556,0.2
287,n02814533/ILSVRC2012_val_00037160,supervised,resnet18_imagenet,gradcam,predicted,backbone.layer2,19,19,19,0.34906360507011414,0.5377160310745239,0.2294314848441986,0.21068800293445272,0.3053628206253052,0.26526394486427307,0.9153355956077576,0.8747614026069641,0.8524792729590138,0.9949467778205872,0.27166128836164105,0.38144415039229085,0.2
272,n02783161/ILSVRC2012_val_00036962,supervised,resnet18_imagenet,gradcam,predicted,backbone.layer3,18,18,18,0.13969023525714874,0.2944681942462921,0.5176313446121837,0.2032187477940261,0.24662378430366516,0.14366644620895386,0.34472328424453735,0.26512181758880615,0.13966836734691096,0.9869555234909058,0.2721311218247225,0.37714743396519035,0.2
273,n02783161/ILSVRC2012_val_00043329,supervised,resnet18_imagenet,gradcam,predicted,backbone.layer3,18,18,18,0.04149150103330612,0.5228720307350159,0.40631522611698884,0.11161866091438835,0.28059807419776917,0.14427624642848969,0.41414520144462585,0.24340248107910156,0.32370057397952734,0.9775635004043579,0.17197676652273558,0.29064002218015517,0.2
274,n02783161/ILSVRC2012_val_00044470,supervised,resnet18_imagenet,gradcam,predicted,backbone.layer3,18,18,18,-0.21904365718364716,0.4346906840801239,0.3046248230295513,0.13730330145009909,0.1983758807182312,0.15344180166721344,0.3509882986545563,0.22959835827350616,0.24077248086729897,0.995377242565155,0.04496097447043624,0.18312333749040935,0.2
275,n02783161/ILSVRC2012_val_00046884,supervised,resnet18_imagenet,gradcam,predicted,backbone.layer3,18,18,18,-0.05991925299167633,0.27730071544647217,0.1895929235489712,0.13925746639575604,0.22156597673892975,0.1026390790939331,0.33626651763916016,0.30855444073677063,0.3253348214285066,0.9959890842437744,0.07468741578674763,0.21063922157566126,0.2
276,n02783161/ILSVRC2012_val_00048616,supervised,resnet18_imagenet,gradcam,predicted,backbone.layer3,18,16,16,0.3232731521129608,0.22131502628326416,0.3744432346823968,0.22192889827505988,0.1764790564775467,0.13598574697971344,0.18677975237369537,0.21286755800247192,0.0767498405612092,0.9869577884674072,0.3082209007324213,0.4102823047490115,0.2
277,n02814533/ILSVRC2012_val_00005862,supervised,resnet18_imagenet,gradcam,predicted,backbone.layer3,19,19,19,0.3366711437702179,0.4462687075138092,0.2589589536366815,0.15943199902064895,0.2609003782272339,0.2005520761013031,0.8553129434585571,0.7172698974609375,0.7438217474488313,0.9822176694869995,0.26018574330528627,0.3697652889069588,0.2
278,n02814533/ILSVRC2012_val_00008088,supervised,resnet18_imagenet,gradcam,predicted,backbone.layer3,19,19,19,0.2022668421268463,0.3151590824127197,0.16974077766696055,0.1647788808663888,0.18939800560474396,0.14480727910995483,0.7888904213905334,0.7348894476890564,0.8288424744896308,0.9955989718437195,0.18126263441074333,0.3037631551542915,0.2
279,n02814533/ILSVRC2012_val_00023221,supervised,resnet18_imagenet,gradcam,predicted,backbone.layer3,19,19,19,-0.09250128269195557,0.3484312891960144,0.08864090443933322,0.22629339920399993,0.24909552931785583,0.21436750888824463,0.6084515452384949,0.8025824427604675,0.69046954719374,0.9796988368034363,0.05747977801621771,0.1933129524891643,0.2
280,n02814533/ILSVRC2012_val_00023474,supervised,resnet18_imagenet,gradcam,predicted,backbone.layer3,19,19,19,0.5822502374649048,0.3481041193008423,0.1708366057069558,0.44052822896036414,0.11286261677742004,0.17419709265232086,0.5132269859313965,0.8690298795700073,0.4239477040815482,0.9942789077758789,0.41630954538615794,0.5057706279459284,0.2
281,n02814533/ILSVRC2012_val_00024318,supervised,resnet18_imagenet,gradcam,predicted,backbone.layer3,19,19,19,-0.06958916783332825,0.3050902187824249,0.1965432363013173,0.22071186810781182,0.172756627202034,0.20963060855865479,0.7259669899940491,0.7960636615753174,0.6913066007651684,0.989372968673706,0.09734086418940743,0.22836351266167332,0.2
282,n02814533/ILSVRC2012_val_00027049,supervised,resnet18_imagenet,gradcam,predicted,backbone.layer3,19,19,19,0.4254608452320099,0.2059144377708435,0.47327229769604745,0.6444169756896214,0.23001819849014282,0.3174110949039459,0.3170461058616638,0.8511207103729248,0.1976841517856749,0.988122284412384,0.5054911201085046,0.5765519568394782,0.2
283,n02814533/ILSVRC2012_val_00027293,supervised,resnet18_imagenet,gradcam,predicted,backbone.layer3,19,19,19,0.6617993712425232,0.4571208655834198,0.17246797608875405,0.3087775489970606,0.12208695709705353,0.19043630361557007,0.5104716420173645,0.7435289621353149,0.4840760522958219,0.9949079751968384,0.40909340602275374,0.5011773574858625,0.2
284,n02814533/ILSVRC2012_val_00029094,supervised,resnet18_imagenet,gradcam,predicted,backbone.layer3,19,19,19,-0.1534556746482849,0.3175172209739685,0.06762069891815,0.29362331705864964,0.23490048944950104,0.25865066051483154,0.5237047672271729,0.9044259786605835,0.6712970344386417,0.9903389811515808,0.04699093493372592,0.1851523650400373,0.2
285,n02814533/ILSVRC2012_val_00031464,supervised,resnet18_imagenet,gradcam,predicted,backbone.layer3,19,19,19,-0.015124388039112091,0.3211617171764374,0.12846622943270958,0.30477299185088813,0.25875791907310486,0.22924509644508362,0.516004741191864,0.8518081307411194,0.5818120216835575,0.9528505802154541,0.12392201116943447,0.24594385653952833,0.2
286,n02814533/ILSVRC2012_val_00037112,supervised,resnet18_imagenet,gradcam,predicted,backbone.layer3,19,19,19,-0.029990090057253838,0.2615061402320862,0.12174240013880146,0.31424311227072615,0.21388685703277588,0.18215730786323547,0.4925253093242645,0.8863711953163147,0.5729233099488654,0.9894463419914246,0.11879961769995676,0.24691679788105675,0.2
287,n02814533/ILSVRC2012_val_00037160,supervised,resnet18_imagenet,gradcam,predicted,backbone.layer3,19,19,19,-0.21657751500606537,0.42175713181495667,0.16787562475116816,0.1879738150405624,0.24035529792308807,0.22637209296226501,0.8280390501022339,0.8656166195869446,0.8524792729590138,0.9891363978385925,0.020123825935093008,0.16153068937159865,0.2
272,n02783161/ILSVRC2012_val_00036962,supervised,resnet18_imagenet,gradcam,predicted,backbone.layer4,18,18,18,-0.04719036817550659,0.4180241823196411,0.2512846865363006,0.16780868850200917,0.16437524557113647,0.17159070074558258,0.19966968894004822,0.20842662453651428,0.13966836734691096,0.9716442823410034,0.10685186524129028,0.23400335724930063,0.2
273,n02783161/ILSVRC2012_val_00043329,supervised,resnet18_imagenet,gradcam,predicted,backbone.layer4,18,18,18,-0.40179243683815,0.37179410457611084,0.23679751482620878,0.3530199268830889,0.2873975336551666,0.31678643822669983,0.3825286328792572,0.4770360589027405,0.32370057397952734,0.9927868843078613,0.016228257777529273,0.15574504018015115,0.2
274,n02783161/ILSVRC2012_val_00044470,supervised,resnet18_imagenet,gradcam,predicted,backbone.layer4,18,18,18,0.3155266046524048,0.5900039076805115,0.19714192919768478,0.26739255014311325,0.19070477783679962,0.2351822704076767,0.26382458209991455,0.299686461687088,0.24077248086729897,0.9986862540245056,0.2655709856632013,0.376370869567217,0.2
275,n02783161/ILSVRC2012_val_00046884,supervised,resnet18_imagenet,gradcam,predicted,backbone.layer4,18,18,18,-0.3027644455432892,0.3497588336467743,0.3622926249416702,0.17632095680106374,0.21719308197498322,0.2136998474597931,0.42362546920776367,0.35909950733184814,0.3253348214285066,0.9977256655693054,0.04047829630550451,0.1783446893309281,0.2
276,n02783161/ILSVRC2012_val_00048616,supervised,resnet18_imagenet,gradcam,predicted,backbone.layer4,18,16,16,0.4914623200893402,0.5605258345603943,0.08918346536976297,0.09698309903641053,0.05504045635461807,0.08031661063432693,0.06507741659879684,0.0873202309012413,0.0767498405612092,0.979712963104248,0.2524348973575882,0.3655103975984496,0.2
277,n02814533/ILSVRC2012_val_00005862,supervised,resnet18_imagenet,gradcam,predicted,backbone.layer4,19,19,19,0.25845372676849365,0.5799852013587952,0.23008389828301254,0.2666363539102743,0.3781237304210663,0.4712810516357422,0.7517993450164795,0.8631677627563477,0.7438217474488313,0.9025101065635681,0.2523975663653835,0.3500153834018297,0.2
278,n02814533/ILSVRC2012_val_00008088,supervised,resnet18_imagenet,gradcam,predicted,backbone.layer4,19,19,19,0.004987404216080904,0.5210863351821899,0.1960252935862238,0.2034455427078974,0.4017554819583893,0.4417228102684021,0.8340537548065186,0.8499961495399475,0.8288424744896308,0.9937169551849365,0.12183621257466871,0.2506708438268991,0.2
279,n02814533/ILSVRC2012_val_00023221,supervised,resnet18_imagenet,gradcam,predicted,backbone.layer4,19,19,19,0.17127586901187897,0.5744779109954834,0.1416306819633233,0.2882020528196609,0.37456026673316956,0.5007906556129456,0.6880123019218445,0.8079827427864075,0.69046954719374,0.9332870244979858,0.19746016803964683,0.30739779152460156,0.2
280,n02814533/ILSVRC2012_val_00023474,supervised,resnet18_imagenet,gradcam,predicted,backbone.layer4,19,19,19,-0.0055723232217133045,0.4808472990989685,0.1894560923730669,0.4353766448120511,0.2723555564880371,0.49318742752075195,0.414289265871048,0.6410648226737976,0.4239477040815482,0.9940590262413025,0.18522089186685006,0.30336672510487517,0.2
281,n02814533/ILSVRC2012_val_00024318,supervised,resnet18_imagenet,gradcam,predicted,backbone.layer4,19,19,19,-0.03042476251721382,0.5657659769058228,0.22294839891705465,0.28926429889290556,0.3976477384567261,0.5820886492729187,0.6818045973777771,0.8075718879699707,0.6913066007651684,0.8867906928062439,0.14149390433610254,0.2504231114924018,0.2
282,n02814533/ILSVRC2012_val_00027049,supervised,resnet18_imagenet,gradcam,predicted,backbone.layer4,19,19,19,-0.0431327149271965,0.4605567753314972,0.3629781420762548,0.6099725673708165,0.22509640455245972,0.3589138984680176,0.2515591084957123,0.3991023004055023,0.1976841517856749,0.9900479316711426,0.2746321268632428,0.3766484168879204,0.2
283,n02814533/ILSVRC2012_val_00027293,supervised,resnet18_imagenet,gradcam,predicted,backbone.layer4,19,19,19,0.10632601380348206,0.5199317932128906,0.23672263457511106,0.2659142878216914,0.4000929594039917,0.23201343417167664,0.5776904225349426,0.40854620933532715,0.4840760522958219,0.97813880443573,0.19332148224043355,0.3095941560957788,0.2
284,n02814533/ILSVRC2012_val_00029094,supervised,resnet18_imagenet,gradcam,predicted,backbone.layer4,19,19,19,0.16900953650474548,0.5161763429641724,0.12172217375683232,0.29792476917130367,0.2707064151763916,0.4867146909236908,0.6007406115531921,0.8368348479270935,0.6712970344386417,0.9836645722389221,0.193497897480339,0.3116147593445332,0.2
285,n02814533/ILSVRC2012_val_00031464,supervised,resnet18_imagenet,gradcam,predicted,backbone.layer4,19,19,19,0.24793505668640137,0.5356992483139038,0.21008636644040404,0.32076361065273196,0.37985870242118835,0.46035146713256836,0.6569200158119202,0.735068142414093,0.5818120216835575,0.9907415509223938,0.2584290158025013,0.36810099675188357,0.2
286,n02814533/ILSVRC2012_val_00037112,supervised,resnet18_imagenet,gradcam,predicted,backbone.layer4,19,19,19,0.13058829307556152,0.5485666990280151,0.2062830482114444,0.33074837868430473,0.33281105756759644,0.5219804644584656,0.5665452480316162,0.73309326171875,0.5729233099488654,0.9908713102340698,0.21334474529894934,0.3285944558354943,0.2
287,n02814533/ILSVRC2012_val_00037160,supervised,resnet18_imagenet,gradcam,predicted,backbone.layer4,19,19,19,0.3690420389175415,0.6004384160041809,0.17006335563329714,0.23460513395982735,0.3732262849807739,0.39203375577926636,0.8426878452301025,0.9276207685470581,0.8524792729590138,0.9843257069587708,0.269017362444954,0.37798069206323626,0.2
288,n02814533/ILSVRC2012_val_00041846,supervised,resnet18_imagenet,gradcam,predicted,backbone.layer1,19,19,19,-0.12514783442020416,0.285100519657135,0.21778902296607414,0.18209543344483914,0.17027966678142548,0.09434433281421661,0.7115169167518616,0.668342649936676,0.6729113520406823,0.9623818397521973,0.0699062031551923,0.20052664801848644,0.2
289,n02814533/ILSVRC2012_val_00045148,supervised,resnet18_imagenet,gradcam,predicted,backbone.layer1,19,19,19,0.22256554663181305,0.41465529799461365,0.23380188886439937,0.16804130856661767,0.20130938291549683,0.14131557941436768,0.5604450702667236,0.49763762950897217,0.47173947704072233,0.9865414500236511,0.20957917788203034,0.3263399581824365,0.2
290,n02859443/ILSVRC2012_val_00002527,supervised,resnet18_imagenet,gradcam,predicted,backbone.layer1,20,29,29,-0.11537721753120422,0.268014132976532,0.04198177234822379,0.04879476920069406,0.021320976316928864,0.041651271283626556,0.021734029054641724,0.04351508617401123,0.014190051020405336,0.9156087636947632,-0.018917924547806338,0.11965342380552246,0.2
291,n02859443/ILSVRC2012_val_00009743,supervised,resnet18_imagenet,gradcam,predicted,backbone.layer1,20,20,20,0.2597288489341736,0.2845170795917511,0.19472931562811246,0.03474876150034156,0.1584806740283966,0.02473026141524315,0.4086160957813263,0.14175550639629364,0.3827726403060462,0.9865923523902893,0.17273496271220565,0.29626346926761765,0.2
292,n02859443/ILSVRC2012_val_00011660,supervised,resnet18_imagenet,gradcam,predicted,backbone.layer1,20,20,20,0.07551737129688263,0.013196629472076893,0.06741472971763521,0.038883131377543276,0.04755318537354469,0.04570837691426277,0.05594061315059662,0.483683705329895,0.038883131377543276,0.9838234186172485,0.06209630684730659,0.2005790580202908,0.2
293,n02859443/ILSVRC2012_val_00012812,supervised,resnet18_imagenet,gradcam,predicted,backbone.layer1,20,25,25,0.007548087276518345,0.410960853099823,0.05187267615847295,0.03093058394806601,0.03747124224901199,0.02530531957745552,0.04023365303874016,0.028922034427523613,0.03117028061223869,0.9906001091003418,0.027860212942569025,0.17193266193846743,0.2
294,n02859443/ILSVRC2012_val_00021541,supervised,resnet18_imagenet,gradcam,predicted,backbone.layer1,20,20,20,0.030231714248657227,0.248014897108078,0.038711500423821196,0.0450604122245593,0.050018858164548874,0.029591180384159088,0.07340355962514877,0.06642458587884903,0.09305245535712432,0.22602413594722748,0.03722425949397704,0.06542769854120928,0.2
295,n02859443/ILSVRC2012_val_00025453,supervised,resnet18_imagenet,gradcam,predicted,backbone.layer1,20,20,20,0.24678900837898254,0.03462378308176994,0.11145774248432255,0.11242426658161025,0.08379416912794113,0.0,0.12692490220069885,0.0,0.11242426658161025,0.06714598834514618,0.16588020607137285,0.15241855345089902,0.2
296,n02859443/ILSVRC2012_val_00031457,supervised,resnet18_imagenet,gradcam,predicted,backbone.layer1,20,20,20,0.13071630895137787,0.15468989312648773,0.1901737967913167,0.08646570661454328,0.12777602672576904,0.03736085072159767,0.20117640495300293,0.1436198204755783,0.15485491071425486,0.9841073155403137,0.13527837460230915,0.2625266813154943,0.2
297,n02859443/ILSVRC2012_val_00034537,supervised,resnet18_imagenet,gradcam,predicted,backbone.layer1,20,20,20,0.07687518745660782,0.29084891080856323,0.3589391530565407,0.0,0.16540750861167908,0.0008708367240615189,0.26449263095855713,0.001563972793519497,0.1747847576530264,0.9981422424316406,0.13843182089960535,0.266362440238694,0.2
298,n02859443/ILSVRC2012_val_00041484,supervised,resnet18_imagenet,gradcam,predicted,backbone.layer1,20,20,20,-0.0128442058339715,0.4114806354045868,0.24718764061790732,0.22858127908975584,0.2042022943496704,0.1806161105632782,0.8448888063430786,0.7994116544723511,0.7942841198978009,0.9886849522590637,0.13759299357871033,0.2627495007238853,0.2
299,n02859443/ILSVRC2012_val_00042363,supervised,resnet18_imagenet,gradcam,predicted,backbone.layer1,20,20,20,0.2512347102165222,0.437937468290329,0.2749283211212302,0.2669234421989833,0.15336920320987701,0.18790724873542786,0.37758779525756836,0.3312385082244873,0.2785594706632098,0.3536502420902252,0.26304941308267293,0.2764426257193699,0.2
300,n02859443/ILSVRC2012_val_00045293,supervised,resnet18_imagenet,gradcam,predicted,backbone.layer1,20,20,20,0.18780577182769775,0.391917884349823,0.1529457666795529,0.19596891694981708,0.08978165686130524,0.13184908032417297,0.12182985246181488,0.1876688003540039,0.09446747448977709,0.9954944252967834,0.1797967138198901,0.3022848548415542,0.2
301,n02859443/ILSVRC2012_val_00048193,supervised,resnet18_imagenet,gradcam,predicted,backbone.layer1,20,25,25,0.07428989559412003,0.35097503662109375,0.08543951676992097,0.061562378546395985,0.06861945241689682,0.049199528992176056,0.079400435090065,0.07287857681512833,0.07218590561223051,0.9908136129379272,0.0738165268325431,0.21137397922771034,0.2
302,n02917067/ILSVRC2012_val_00000562,supervised,resnet18_imagenet,gradcam,predicted,backbone.layer1,21,21,21,-0.06310778856277466,0.21219873428344727,0.2064660204028795,0.15163993992531774,0.15855783224105835,0.08704374730587006,0.33579617738723755,0.3430097699165344,0.2737563775509659,0.9484124779701233,0.08218867267334931,0.20970063578059667,0.2
303,n02917067/ILSVRC2012_val_00001805,supervised,resnet18_imagenet,gradcam,predicted,backbone.layer1,21,21,21,0.015752660110592842,0.12147171795368195,0.08436201954011328,0.11521569099325238,0.09939709305763245,0.05183611810207367,0.16431300342082977,0.24146868288516998,0.1694036989795581,0.9709169864654541,0.06617437720424683,0.20104540664186704,0.2
288,n02814533/ILSVRC2012_val_00041846,supervised,resnet18_imagenet,gradcam,predicted,backbone.layer2,19,19,19,0.28120890259742737,0.5141856074333191,0.20978344934255616,0.263529886914302,0.2883693277835846,0.2543836534023285,0.7352423071861267,0.7560756802558899,0.6729113520406823,0.9845022559165955,0.2544775619160284,0.36442678836080344,0.2
289,n02814533/ILSVRC2012_val_00045148,supervised,resnet18_imagenet,gradcam,predicted,backbone.layer2,19,19,19,0.48022550344467163,0.5110409259796143,0.2391088562919602,0.30230671148707455,0.22731655836105347,0.18079528212547302,0.538224995136261,0.607711672782898,0.47173947704072233,0.996364414691925,0.3545148717115791,0.45288748035418247,0.2
290,n02859443/ILSVRC2012_val_00002527,supervised,resnet18_imagenet,gradcam,predicted,backbone.layer2,20,29,29,-0.18722744286060333,0.2968611717224121,0.05218327785387489,0.015017000377771988,0.024303777143359184,0.013847321271896362,0.024713242426514626,0.014725138433277607,0.014190051020405336,0.9025716185569763,-0.054730893674747275,0.08665620734024701,0.2
291,n02859443/ILSVRC2012_val_00009743,supervised,resnet18_imagenet,gradcam,predicted,backbone.layer2,20,20,20,-0.08973169326782227,0.37215644121170044,0.31734018110541184,0.11820267686419954,0.26766207814216614,0.14805538952350616,0.4787585139274597,0.35486358404159546,0.3827726403060462,0.9781022667884827,0.09477018008375451,0.22419496186693744,0.2
292,n02859443/ILSVRC2012_val_00011660,supervised,resnet18_imagenet,gradcam,predicted,backbone.layer2,20,20,20,-0.24170264601707458,0.15959204733371735,0.1459986614397686,0.02989690721646916,0.08392735570669174,0.02024827152490616,0.09196001291275024,0.030197612941265106,0.038883131377543276,0.9685240983963013,-0.0439123878099585,0.10465658081752852,0.2
293,n02859443/ILSVRC2012_val_00012812,supervised,resnet18_imagenet,gradcam,predicted,backbone.layer2,20,25,25,-0.26440975069999695,0.303527295589447,0.024465642112679327,0.01969230769229038,0.027823960408568382,0.022776788100600243,0.030167944729328156,0.026411069557070732,0.03117028061223869,0.9279177784919739,-0.09251651533850787,0.05768374148003956,0.2
294,n02859443/ILSVRC2012_val_00021541,supervised,resnet18_imagenet,gradcam,predicted,backbone.layer2,20,20,20,0.19133561849594116,0.4139169752597809,0.019058839836427293,0.036361073920064574,0.039497483521699905,0.038243696093559265,0.05300593376159668,0.05481257662177086,0.09305245535712432,0.9537684917449951,0.09316022152532404,0.22388771867445165,0.2
295,n02859443/ILSVRC2012_val_00025453,supervised,resnet18_imagenet,gradcam,predicted,backbone.layer2,20,20,20,-0.05998483672738075,0.18425895273685455,0.00953116950025146,0.15465056336979552,0.06024198606610298,0.12345781922340393,0.07845555990934372,0.25516006350517273,0.11242426658161025,0.9599947333335876,0.025260585170061786,0.16404995036296663,0.2
296,n02859443/ILSVRC2012_val_00031457,supervised,resnet18_imagenet,gradcam,predicted,backbone.layer2,20,20,20,0.661329448223114,0.3723486363887787,0.1470076660438401,0.08819215254853428,0.12965238094329834,0.0476967990398407,0.1896439790725708,0.1177227646112442,0.15485491071425486,0.9677944779396057,0.3350917248669579,0.43543443321712433,0.2
297,n02859443/ILSVRC2012_val_00034537,supervised,resnet18_imagenet,gradcam,predicted,backbone.layer2,20,20,20,0.00040696136420592666,0.26131677627563477,0.38251727687076714,0.14441333982464433,0.21007920801639557,0.1167968288064003,0.2553000748157501,0.24128282070159912,0.1747847576530264,0.9966487288475037,0.1582419695543058,0.2813723999784505,0.2
298,n02859443/ILSVRC2012_val_00041484,supervised,resnet18_imagenet,gradcam,predicted,backbone.layer2,20,20,20,0.10719336569309235,0.247080996632576,0.2507897507896879,0.24368051054488618,0.23042936623096466,0.10108564794063568,0.815250039100647,0.9503276944160461,0.7942841198978009,0.9950900673866272,0.19121842467760916,0.3103987534342199,0.2
299,n02859443/ILSVRC2012_val_00042363,supervised,resnet18_imagenet,gradcam,predicted,backbone.layer2,20,20,20,0.02341059036552906,0.4176129698753357,0.19999999999990004,0.04395461066908223,0.1831190288066864,0.079155333340168,0.3209381699562073,0.16149936616420746,0.2785594706632098,0.8163818717002869,0.0825506193469063,0.19163964005022377,0.2
300,n02859443/ILSVRC2012_val_00045293,supervised,resnet18_imagenet,gradcam,predicted,backbone.layer2,20,20,20,-0.09707034379243851,0.3440132439136505,0.0,0.1843687374748021,0.05608642101287842,0.14587466418743134,0.06506050378084183,0.19058182835578918,0.09446747448977709,0.9931950569152832,0.016482483725465222,0.1610968225786395,0.2
301,n02859443/ILSVRC2012_val_00048193,supervised,resnet18_imagenet,gradcam,predicted,backbone.layer2,20,25,25,0.15264146029949188,0.358140766620636,0.03360326950727798,0.009088222255054611,0.07030528038740158,0.02187001332640648,0.07686775922775269,0.03060784935951233,0.07218590561223051,0.9869488477706909,0.07386403164849653,0.21213971121100894,0.2
302,n02917067/ILSVRC2012_val_00000562,supervised,resnet18_imagenet,gradcam,predicted,backbone.layer2,21,21,21,0.15602396428585052,0.2736476957798004,0.1763163103720426,0.17075453112678746,0.17255498468875885,0.11207396537065506,0.30292394757270813,0.3664005994796753,0.2737563775509659,0.9308604598045349,0.16653083816398923,0.2810051668454354,0.2
303,n02917067/ILSVRC2012_val_00001805,supervised,resnet18_imagenet,gradcam,predicted,backbone.layer2,21,21,21,0.0443759448826313,0.36403292417526245,0.09350480797587546,0.20014245014232054,0.09514989703893661,0.13483984768390656,0.15961970388889313,0.2537280321121216,0.1694036989795581,0.6807424426078796,0.10584455538851131,0.1910547616296519,0.2
288,n02814533/ILSVRC2012_val_00041846,supervised,resnet18_imagenet,gradcam,predicted,backbone.layer3,19,19,19,0.35651007294654846,0.43150368332862854,0.1984294196513535,0.2951769819912189,0.21697531640529633,0.2627490758895874,0.6980734467506409,0.9165378212928772,0.6729113520406823,0.9888343214988708,0.2906859496713911,0.3965052741667657,0.2
289,n02814533/ILSVRC2012_val_00045148,supervised,resnet18_imagenet,gradcam,predicted,backbone.layer3,19,19,19,0.028674593195319176,0.24170275032520294,0.10716983610861261,0.39006887449977723,0.15351560711860657,0.2722189426422119,0.45963746309280396,0.9006893038749695,0.47173947704072233,0.9923009872436523,0.16064145046064462,0.283190933357007,0.2
290,n02859443/ILSVRC2012_val_00002527,supervised,resnet18_imagenet,gradcam,predicted,backbone.layer3,20,29,29,0.4653031826019287,0.3029513359069824,0.05218327785387489,0.0,0.020989198237657547,0.002922594780102372,0.021346181631088257,0.0032253707759082317,0.014190051020405336,0.9707589149475098,0.20177625639693397,0.32151577061627024,0.2
291,n02859443/ILSVRC2012_val_00009743,supervised,resnet18_imagenet,gradcam,predicted,backbone.layer3,20,20,20,0.5319316983222961,0.6357775926589966,0.016406548715625704,0.08255590108097047,0.1462133675813675,0.19958524405956268,0.2784009575843811,0.35344788432121277,0.3827726403060462,0.9445174932479858,0.24246141426789733,0.3525943308491506,0.2
292,n02859443/ILSVRC2012_val_00011660,supervised,resnet18_imagenet,gradcam,predicted,backbone.layer3,20,20,20,-0.2094772905111313,0.2593075633049011,0.05843410715856789,0.14830427284906272,0.040644314140081406,0.10229196399450302,0.043157339096069336,0.11570324748754501,0.038883131377543276,0.9645480513572693,-0.021769402202163335,0.1230497510266021,0.2
293,n02859443/ILSVRC2012_val_00012812,supervised,resnet18_imagenet,gradcam,predicted,backbone.layer3,20,25,25,-0.32610002160072327,0.314549058675766,0.0,0.052731893265517575,0.009253439493477345,0.05061537027359009,0.01022546086460352,0.05482790246605873,0.03117028061223869,0.9927391409873962,-0.11462044066063404,0.047958836904235705,0.2
294,n02859443/ILSVRC2012_val_00021541,supervised,resnet18_imagenet,gradcam,predicted,backbone.layer3,20,20,20,0.240574911236763,0.5047562122344971,0.0,0.06081812279051957,0.029927067458629608,0.07801944017410278,0.03695476055145264,0.09416215121746063,0.09305245535712432,0.6208754777908325,0.11447540133186107,0.19253707129912181,0.2
295,n02859443/ILSVRC2012_val_00025453,supervised,resnet18_imagenet,gradcam,predicted,backbone.layer3,20,20,20,0.2798548638820648,0.3624986708164215,0.11628569393995848,0.3226459669251412,0.09909667074680328,0.2259778380393982,0.12896156311035156,0.3136824071407318,0.11242426658161025,0.966716468334198,0.24362144381235584,0.35268958782512727,0.2
296,n02859443/ILSVRC2012_val_00031457,supervised,resnet18_imagenet,gradcam,predicted,backbone.layer3,20,20,20,-0.05471343919634819,0.37628376483917236,0.17022674991773235,0.08580314672515806,0.1457488089799881,0.11133319139480591,0.17983226478099823,0.16120341420173645,0.15485491071425486,0.961590051651001,0.05492359331432784,0.18909627818965088,0.2
297,n02859443/ILSVRC2012_val_00034537,supervised,resnet18_imagenet,gradcam,predicted,backbone.layer3,20,20,20,0.14007653295993805,0.2195897400379181,0.12295473545914071,0.4723614155962477,0.0855901837348938,0.3015238344669342,0.13616199791431427,0.5421881675720215,0.1747847576530264,0.9990586042404175,0.23462545850059174,0.347714614935888,0.2
298,n02859443/ILSVRC2012_val_00041484,supervised,resnet18_imagenet,gradcam,predicted,backbone.layer3,20,20,20,-0.3503018319606781,0.41625261306762695,0.16429788326444858,0.17632218056632093,0.2521339952945709,0.3169357478618622,0.7635157108306885,0.7549538016319275,0.7942841198978009,0.982199490070343,-0.037934713635040404,0.10987929828200647,0.2
299,n02859443/ILSVRC2012_val_00042363,supervised,resnet18_imagenet,gradcam,predicted,backbone.layer3,20,20,20,-0.3342861831188202,0.3054817020893097,0.4299666507858325,0.08347622055767373,0.3081255257129669,0.08970098942518234,0.4198996424674988,0.2007206827402115,0.2785594706632098,0.9866620302200317,0.020318388155523785,0.15935985827729426,0.2
300,n02859443/ILSVRC2012_val_00045293,supervised,resnet18_imagenet,gradcam,predicted,backbone.layer3,20,20,20,0.3592790365219116,0.39336737990379333,0.2286902286900385,0.21956252579428842,0.1358644813299179,0.17796385288238525,0.15910100936889648,0.22183138132095337,0.09446747448977709,0.9975004196166992,0.2781874409540627,0.3874359143462557,0.2
301,n02859443/ILSVRC2012_val_00048193,supervised,resnet18_imagenet,gradcam,predicted,backbone.layer3,20,25,25,0.6058468818664551,0.5749081969261169,0.2877887788776164,0.315799614643241,0.1407128870487213,0.15474309027194977,0.1533651500940323,0.17473022639751434,0.07218590561223051,0.9931736588478088,0.42341527080283925,0.511919555860645,0.2
302,n02917067/ILSVRC2012_val_00000562,supervised,resnet18_imagenet,gradcam,predicted,backbone.layer3,21,21,21,0.1278594434261322,0.33195528388023376,0.28131737818009844,0.44664151861739676,0.24822989106178284,0.24674944579601288,0.3924781084060669,0.5545157790184021,0.2737563775509659,0.7778463959693909,0.26953144640970145,0.3434174887939287,0.2
303,n02917067/ILSVRC2012_val_00001805,supervised,resnet18_imagenet,gradcam,predicted,backbone.layer3,21,21,21,0.21095317602157593,0.4152376353740692,0.22691467531592843,0.14583333333324316,0.1594291478395462,0.13321419060230255,0.21732701361179352,0.21880629658699036,0.1694036989795581,0.8782901167869568,0.19620567300338185,0.2987641312878879,0.2
288,n02814533/ILSVRC2012_val_00041846,supervised,resnet18_imagenet,gradcam,predicted,backbone.layer4,19,19,19,0.0440661795437336,0.49944981932640076,0.16082266571250145,0.29261598394513855,0.3087444603443146,0.469929963350296,0.6578699350357056,0.8046228885650635,0.6729113520406823,0.9939283728599548,0.15365806671478544,0.27787208118371,0.2
289,n02814533/ILSVRC2012_val_00045148,supervised,resnet18_imagenet,gradcam,predicted,backbone.layer4,19,19,19,0.06867718696594238,0.5260790586471558,0.20835125448021205,0.3857254450518498,0.30872175097465515,0.4978729784488678,0.48793846368789673,0.6567984223365784,0.47173947704072233,0.9940065145492554,0.2056938846459955,0.3216571675034836,0.2
290,n02859443/ILSVRC2012_val_00002527,supervised,resnet18_imagenet,gradcam,predicted,backbone.layer4,20,29,29,0.122368223965168,0.4937010705471039,0.06532513877868226,0.014059256463470409,0.029253557324409485,0.02142973244190216,0.029409591108560562,0.02168106660246849,0.014190051020405336,0.6430473923683167,0.072762608158713,0.15913208605359447,0.2
291,n02859443/ILSVRC2012_val_00009743,supervised,resnet18_imagenet,gradcam,predicted,backbone.layer4,20,20,20,-0.03826427832245827,0.590294361114502,0.11679333918950587,0.11867324687244397,0.27210304141044617,0.31984660029411316,0.3707408010959625,0.3955201804637909,0.3827726403060462,0.9540356993675232,0.055334264489601645,0.18857950400775553,0.2
292,n02859443/ILSVRC2012_val_00011660,supervised,resnet18_imagenet,gradcam,predicted,backbone.layer4,20,20,20,0.36052706837654114,0.5312285423278809,0.07497757847526908,0.17289262663781252,0.051924046128988266,0.07596351951360703,0.05495857074856758,0.07851458340883255,0.038883131377543276,0.9875679016113281,0.21857188888454093,0.336287210451759,0.2
293,n02859443/ILSVRC2012_val_00012812,supervised,resnet18_imagenet,gradcam,predicted,backbone.layer4,20,25,25,-0.0008125431486405432,0.4793715178966522,0.11044176706816748,0.1503520777544874,0.04565375670790672,0.05898551270365715,0.04713376611471176,0.06041305139660835,0.03117028061223869,0.9922692179679871,0.07791313618734025,0.2137544537988376,0.2
294,n02859443/ILSVRC2012_val_00021541,supervised,resnet18_imagenet,gradcam,predicted,backbone.layer4,20,20,20,0.5858038663864136,0.5624170899391174,0.3635606551305972,0.41180988958193776,0.16942431032657623,0.2166633903980255,0.18396905064582825,0.22996577620506287,0.09305245535712432,0.9937426447868347,0.4669327099683259,0.5479353861314037,0.2
295,n02859443/ILSVRC2012_val_00025453,supervised,resnet18_imagenet,gradcam,predicted,backbone.layer4,20,20,20,0.588603675365448,0.5457988381385803,0.2128433268857154,0.2455108851102451,0.12933525443077087,0.17571300268173218,0.16022805869579315,0.1989871710538864,0.11242426658161025,0.9924442768096924,0.37294773374496737,0.4694664808983507,0.2
296,n02859443/ILSVRC2012_val_00031457,supervised,resnet18_imagenet,gradcam,predicted,backbone.layer4,20,20,20,0.6182454228401184,0.5489072203636169,0.2385423186589898,0.2725128644938018,0.1530984789133072,0.22162601351737976,0.20186546444892883,0.28449419140815735,0.15485491071425486,0.9944756627082825,0.40061472408188487,0.4933210431884817,0.2
297,n02859443/ILSVRC2012_val_00034537,supervised,resnet18_imagenet,gradcam,predicted,backbone.layer4,20,20,20,0.39356622099876404,0.5483696460723877,0.2718111727307779,0.3486087205964224,0.17142881453037262,0.2691252827644348,0.21252307295799255,0.3181784451007843,0.1747847576530264,0.9954574108123779,0.3435524563976657,0.4421717623032242,0.2
298,n02859443/ILSVRC2012_val_00041484,supervised,resnet18_imagenet,gradcam,predicted,backbone.layer4,20,20,20,-0.19827352464199066,0.43496063351631165,0.24887976568947637,0.2516998268810368,0.36455804109573364,0.45755451917648315,0.8531414270401001,0.8446744084358215,0.7942841198978009,0.9302171468734741,0.07086446791435767,0.1952817365489527,0.2
299,n02859443/ILSVRC2012_val_00042363,supervised,resnet18_imagenet,gradcam,predicted,backbone.layer4,20,20,20,0.07664909213781357,0.5105847716331482,0.06332477194222685,0.2383702939658389,0.1523333191871643,0.3267086446285248,0.21917738020420074,0.39623039960861206,0.2785594706632098,0.985359787940979,0.12116815662754514,0.25005491691639803,0.2
300,n02859443/ILSVRC2012_val_00045293,supervised,resnet18_imagenet,gradcam,predicted,backbone.layer4,20,20,20,0.09185409545898438,0.5518054962158203,0.18332532436314006,0.27966395288387347,0.12103847414255142,0.1730145514011383,0.1272936314344406,0.17961449921131134,0.09446747448977709,0.990231454372406,0.1756384213576978,0.2964309708782588,0.2
301,n02859443/ILSVRC2012_val_00048193,supervised,resnet18_imagenet,gradcam,predicted,backbone.layer4,20,25,25,0.3409639000892639,0.5632990002632141,0.23581576327912784,0.33761018609173593,0.12016981840133667,0.13930606842041016,0.12834171950817108,0.14344456791877747,0.07218590561223051,0.9874770641326904,0.3084133448469647,0.41081541199386185,0.2
302,n02917067/ILSVRC2012_val_00000562,supervised,resnet18_imagenet,gradcam,predicted,backbone.layer4,21,21,21,-0.18951134383678436,0.47513115406036377,0.06649019695811095,0.47912388774781955,0.14327538013458252,0.35984474420547485,0.1984734833240509,0.4431290328502655,0.2737563775509659,0.9782394766807556,0.08787968787706539,0.21681047233572145,0.2
303,n02917067/ILSVRC2012_val_00001805,supervised,resnet18_imagenet,gradcam,predicted,backbone.layer4,21,21,21,0.504039466381073,0.5136269330978394,0.562552689259347,0.6152505446617732,0.2682090103626251,0.3273412585258484,0.3310478925704956,0.3665677011013031,0.1694036989795581,0.9888898730278015,0.5549567567287652,0.6191981026678258,0.2
304,n02917067/ILSVRC2012_val_00002410,supervised,resnet18_imagenet,gradcam,predicted,backbone.layer1,21,21,21,0.06905916333198547,0.10097157955169678,0.23407316966806171,0.3219824364721964,0.19185809791088104,0.06609898060560226,0.43485549092292786,0.7802074551582336,0.3640385841836009,0.9987525343894958,0.1944403471748716,0.3129974888596838,0.2
305,n02917067/ILSVRC2012_val_00002700,supervised,resnet18_imagenet,gradcam,predicted,backbone.layer1,21,21,21,0.13012221455574036,0.2017434984445572,0.1897626709572658,0.21599259982516264,0.15353989601135254,0.08476967364549637,0.31231868267059326,0.3781094253063202,0.2715840242346398,0.9545643925666809,0.17377546705702468,0.29016625167511834,0.2
306,n02917067/ILSVRC2012_val_00004203,supervised,resnet18_imagenet,gradcam,predicted,backbone.layer1,21,21,21,0.13330809772014618,0.033552996814250946,0.12649724317122346,0.1542570153060917,0.0901992991566658,0.03337836265563965,0.17665225267410278,0.7501799464225769,0.1542570153060917,0.9952867031097412,0.13754951663125303,0.2661394042878411,0.2
307,n02917067/ILSVRC2012_val_00010671,supervised,resnet18_imagenet,gradcam,predicted,backbone.layer1,21,18,18,0.07606662064790726,0.440138578414917,0.18461459980605793,0.18257261410779027,0.16320817172527313,0.14791236817836761,0.28397074341773987,0.29310858249664307,0.2600845025509686,0.9751941561698914,0.14058281243331736,0.2646992441307133,0.2
308,n02917067/ILSVRC2012_val_00012612,supervised,resnet18_imagenet,gradcam,predicted,backbone.layer1,21,21,21,0.30096518993377686,0.23912979662418365,0.2159583378854962,0.26344269118694386,0.15351742506027222,0.09666981548070908,0.5049578547477722,0.7709161043167114,0.46544164540807054,0.9874840974807739,0.26420638469524277,0.373310688367048,0.2
309,n02917067/ILSVRC2012_val_00014818,supervised,resnet18_imagenet,gradcam,predicted,backbone.layer1,21,21,21,-0.1713518500328064,0.10439010709524155,0.14346718903030617,0.19014027075510107,0.18222296237945557,0.05036238580942154,0.3593769669532776,0.44188737869262695,0.3816964285713525,0.9982781410217285,0.031541497922499606,0.17317043858812883,0.2
310,n02917067/ILSVRC2012_val_00015394,supervised,resnet18_imagenet,gradcam,predicted,backbone.layer1,21,21,21,0.001788233988918364,0.22220507264137268,0.14453876096227333,0.16960605770144271,0.1390426605939865,0.09504841268062592,0.28299346566200256,0.35704994201660156,0.286391900510147,0.9907160401344299,0.09495873919468216,0.2277694925822149,0.2
311,n02917067/ILSVRC2012_val_00017843,supervised,resnet18_imagenet,gradcam,predicted,backbone.layer1,21,21,21,0.036873023957014084,0.3206254541873932,0.23534437922570942,0.30963727304938377,0.17551150918006897,0.19666408002376556,0.5319856405258179,0.671459436416626,0.46273118622439763,0.8715389966964722,0.1782437052653336,0.279881820958199,0.2
312,n02917067/ILSVRC2012_val_00020919,supervised,resnet18_imagenet,gradcam,predicted,backbone.layer1,21,21,21,-0.006443876773118973,0.35036998987197876,0.026276453465481648,0.012496119217624575,0.040932703763246536,0.028146827593445778,0.050658244639635086,0.038896095007658005,0.05998883928570233,0.9681487083435059,0.009054221095684278,0.15266009255171079,0.2
313,n02917067/ILSVRC2012_val_00027463,supervised,resnet18_imagenet,gradcam,predicted,backbone.layer1,21,21,21,0.23816530406475067,0.3165934979915619,0.2600310726829708,0.22780977455974072,0.2111300379037857,0.12177788466215134,0.6358125805854797,0.6859602928161621,0.5435267857141775,0.9448235034942627,0.24161837579871373,0.34704159375748,0.2
314,n02917067/ILSVRC2012_val_00029080,supervised,resnet18_imagenet,gradcam,predicted,backbone.layer1,21,21,21,0.05282124876976013,0.0518345832824707,0.1089566020313272,0.15904017857139688,0.08446106314659119,0.06331870704889297,0.16786549985408783,0.7093692421913147,0.15904017857139688,0.9015717506408691,0.10152753368872128,0.22072239481622744,0.2
315,n02917067/ILSVRC2012_val_00041806,supervised,resnet18_imagenet,gradcam,predicted,backbone.layer1,21,21,21,0.15473879873752594,0.028900140896439552,0.15105590062104296,0.26167889030607033,0.15266424417495728,0.01660068705677986,0.2763763666152954,0.5846632719039917,0.26167889030607033,0.9743688702583313,0.18571595677314434,0.3034976078286621,0.2
316,n02917067/ILSVRC2012_val_00048010,supervised,resnet18_imagenet,gradcam,predicted,backbone.layer1,21,21,21,0.06218656152486801,0.37859609723091125,0.08307418924916984,0.07522681451608164,0.08753952383995056,0.06892204284667969,0.1346818506717682,0.11902038753032684,0.1401267538265027,0.10909310728311539,0.07236492573952265,0.07770451356748398,0.2
317,n02992529/ILSVRC2012_val_00000089,supervised,resnet18_imagenet,gradcam,predicted,backbone.layer1,22,22,22,0.03782455995678902,0.03016427345573902,0.16803298336445469,0.7711455676018871,0.17577393352985382,0.003647909965366125,0.7165019512176514,0.36356425285339355,0.7711455676018871,0.9671148657798767,0.29688338927261815,0.3931004635934431,0.2
318,n02992529/ILSVRC2012_val_00003469,supervised,resnet18_imagenet,gradcam,predicted,backbone.layer1,22,22,22,-0.030135713517665863,0.19881302118301392,0.27124445383466245,0.03310439560438423,0.18778105080127716,0.01659216359257698,0.4514602720737457,0.13022340834140778,0.39957350127543056,0.9957101345062256,0.07925036942464764,0.21489623280451248,0.2
319,n02992529/ILSVRC2012_val_00004117,supervised,resnet18_imagenet,gradcam,predicted,backbone.layer1,22,19,19,0.2556018531322479,0.2643877863883972,0.2629432238415644,0.2255851386652702,0.21157026290893555,0.11655157804489136,0.8052363991737366,0.8783797025680542,0.7256656568876105,0.9692384600639343,0.24879925000494954,0.35697850823258553,0.2
304,n02917067/ILSVRC2012_val_00002410,supervised,resnet18_imagenet,gradcam,predicted,backbone.layer2,21,21,21,0.10499263554811478,0.29871970415115356,0.11045279761433317,0.28314290895888505,0.16201575100421906,0.17563679814338684,0.3337160050868988,0.5452141761779785,0.3640385841836009,0.9989482164382935,0.1600757661912114,0.28498858155088874,0.2
305,n02917067/ILSVRC2012_val_00002700,supervised,resnet18_imagenet,gradcam,predicted,backbone.layer2,21,21,21,0.040998902171850204,0.4616469740867615,0.12961283238643737,0.2504359773818895,0.14566797018051147,0.22469617426395416,0.28532421588897705,0.3338533937931061,0.2715840242346398,0.9855976104736328,0.13041420379923813,0.25720145977327424,0.2
306,n02917067/ILSVRC2012_val_00004203,supervised,resnet18_imagenet,gradcam,predicted,backbone.layer2,21,21,21,0.2392505407333374,0.22086885571479797,0.18373734682992557,0.13789130017275597,0.1413470357656479,0.08984240144491196,0.202936589717865,0.261846661567688,0.1542570153060917,0.9654821753501892,0.19218881039413943,0.30896717730986684,0.2
307,n02917067/ILSVRC2012_val_00010671,supervised,resnet18_imagenet,gradcam,predicted,backbone.layer2,21,18,18,-0.13755151629447937,0.2703280746936798,0.2883692376379683,0.05986869289745197,0.16805815696716309,0.04731914401054382,0.35192418098449707,0.1807350516319275,0.2600845025509686,0.9748671054840088,0.04945077264283432,0.1851465177533886,0.2
308,n02917067/ILSVRC2012_val_00012612,supervised,resnet18_imagenet,gradcam,predicted,backbone.layer2,21,21,21,0.03135387599468231,0.36826199293136597,0.18036553894008542,0.23823474874828918,0.15601979196071625,0.1799287647008896,0.4645611345767975,0.5692243576049805,0.46544164540807054,0.991381049156189,0.1381216367043853,0.26433108589366083,0.2
309,n02917067/ILSVRC2012_val_00014818,supervised,resnet18_imagenet,gradcam,predicted,backbone.layer2,21,21,21,-0.12438006699085236,0.09231192618608475,0.19555155040339345,0.16426007179889737,0.19883646070957184,0.03425799682736397,0.41639378666877747,0.3588980436325073,0.3816964285713525,0.9895537495613098,0.0581914598643463,0.19485294453797083,0.2
310,n02917067/ILSVRC2012_val_00015394,supervised,resnet18_imagenet,gradcam,predicted,backbone.layer2,21,21,21,-0.09089639037847519,0.33524012565612793,0.02164266577360112,0.15982321072133834,0.14120426774024963,0.17603479325771332,0.20586055517196655,0.3667975962162018,0.286391900510147,0.9668653011322021,0.018081206797091763,0.15858252766109884,0.2
311,n02917067/ILSVRC2012_val_00017843,supervised,resnet18_imagenet,gradcam,predicted,backbone.layer2,21,21,21,0.09151933342218399,0.38463425636291504,0.23847299813771378,0.3283134936485067,0.22740048170089722,0.25383859872817993,0.4829447269439697,0.6626317501068115,0.46273118622439763,0.9045219421386719,0.20664368090473972,0.3094066809651203,0.2
312,n02917067/ILSVRC2012_val_00020919,supervised,resnet18_imagenet,gradcam,predicted,backbone.layer2,21,21,21,-0.12315874546766281,0.1392441987991333,0.017312641347565067,0.08006292432515312,0.033726781606674194,0.051797352731227875,0.03904047980904579,0.09601328521966934,0.05998883928570233,0.9742984771728516,-0.02005082848524967,0.1273831020804253,0.2
313,n02917067/ILSVRC2012_val_00027463,supervised,resnet18_imagenet,gradcam,predicted,backbone.layer2,21,21,21,0.0194482933729887,0.3170223832130432,0.20566848721836742,0.15608924697856955,0.20443077385425568,0.1080055758357048,0.558189332485199,0.5203602313995361,0.5435267857141775,0.9786652326583862,0.11630663760827657,0.2440461211285382,0.2
314,n02917067/ILSVRC2012_val_00029080,supervised,resnet18_imagenet,gradcam,predicted,backbone.layer2,21,21,21,-0.03965982049703598,0.32242077589035034,0.041931752458043994,0.2421567951456649,0.08968159556388855,0.162603497505188,0.13158538937568665,0.29075971245765686,0.15904017857139688,0.9689423441886902,0.06936263608229828,0.20248255135526816,0.2
315,n02917067/ILSVRC2012_val_00041806,supervised,resnet18_imagenet,gradcam,predicted,backbone.layer2,21,21,21,-0.030022796243429184,0.20692896842956543,0.11288308194825973,0.17036325973820524,0.12474347651004791,0.08704108744859695,0.24005872011184692,0.33025965094566345,0.26167889030607033,0.9857221245765686,0.0729647840085678,0.2081619254229013,0.2
316,n02917067/ILSVRC2012_val_00048010,supervised,resnet18_imagenet,gradcam,predicted,backbone.layer2,21,21,21,0.07018599659204483,0.27369236946105957,0.051250461993315725,0.07951167056734802,0.08329612016677856,0.06457048654556274,0.11159484088420868,0.12138016521930695,0.1401267538265027,0.9764644503593445,0.06730303840501706,0.20372529950128332,0.2
317,n02992529/ILSVRC2012_val_00000089,supervised,resnet18_imagenet,gradcam,predicted,backbone.layer2,22,22,22,0.05250006169080734,0.3442734479904175,0.16013523165559734,0.2385745513699765,0.2039775550365448,0.19182565808296204,0.734875500202179,0.9034571051597595,0.7711455676018871,0.9744799137115479,0.14061295958399508,0.2642244544049082,0.2
318,n02992529/ILSVRC2012_val_00003469,supervised,resnet18_imagenet,gradcam,predicted,backbone.layer2,22,22,22,-0.13412736356258392,0.32030826807022095,0.3234207284883321,0.1097421520527833,0.26730555295944214,0.11724474281072617,0.5171607136726379,0.3262590765953064,0.39957350127543056,0.9829034209251404,0.07629791873730105,0.20878165602714552,0.2
319,n02992529/ILSVRC2012_val_00004117,supervised,resnet18_imagenet,gradcam,predicted,backbone.layer2,22,19,19,0.21485209465026855,0.2812727093696594,0.23208743401325516,0.2133545808406141,0.3114924728870392,0.13113006949424744,0.7906606793403625,0.8231790065765381,0.7256656568876105,0.9876088500022888,0.21957344231626819,0.33470006434140465,0.2
304,n02917067/ILSVRC2012_val_00002410,supervised,resnet18_imagenet,gradcam,predicted,backbone.layer3,21,21,21,-0.0868942067027092,0.2927205264568329,0.1671959417659227,0.3314358298831711,0.25402718782424927,0.23309962451457977,0.3895917534828186,0.6296782493591309,0.3640385841836009,0.9911109805107117,0.11483184881364446,0.24291161764293195,0.2
305,n02917067/ILSVRC2012_val_00002700,supervised,resnet18_imagenet,gradcam,predicted,backbone.layer3,21,21,21,-0.1342678815126419,0.34828636050224304,0.11945876898324291,0.3163106364039184,0.15312224626541138,0.2918652296066284,0.2846657335758209,0.42008334398269653,0.2715840242346398,0.9900282621383667,0.07702366901109162,0.21045283213812066,0.2
306,n02917067/ILSVRC2012_val_00004203,supervised,resnet18_imagenet,gradcam,predicted,backbone.layer3,21,21,21,0.1198502629995346,0.3998747169971466,0.15669942083675623,0.25476493011417845,0.12833687663078308,0.2144075334072113,0.16862855851650238,0.29142022132873535,0.1542570153060917,0.9794069528579712,0.17137941048509425,0.2917247227162665,0.2
307,n02917067/ILSVRC2012_val_00010671,supervised,resnet18_imagenet,gradcam,predicted,backbone.layer3,21,18,18,-0.14914681017398834,0.44218337535858154,0.3287095660179989,0.007814546407051507,0.26480424404144287,0.07959557324647903,0.3717572093009949,0.1341353803873062,0.2600845025509686,0.9920815825462341,0.041298509657919785,0.18074188192730178,0.2
308,n02917067/ILSVRC2012_val_00012612,supervised,resnet18_imagenet,gradcam,predicted,backbone.layer3,21,21,21,0.05045827850699425,0.29876360297203064,0.21697769354125346,0.3109148017274005,0.17127078771591187,0.2861841320991516,0.5405364036560059,0.7178743481636047,0.46544164540807054,0.9964902400970459,0.17855105998339388,0.2991070573091683,0.2
309,n02917067/ILSVRC2012_val_00014818,supervised,resnet18_imagenet,gradcam,predicted,backbone.layer3,21,21,21,0.023262422531843185,0.139267697930336,0.02916078984484162,0.3060813532016351,0.19640275835990906,0.1395270824432373,0.31414833664894104,0.7423039674758911,0.3816964285713525,0.9948315024375916,0.10987761192668029,0.241177109013403,0.2
310,n02917067/ILSVRC2012_val_00015394,supervised,resnet18_imagenet,gradcam,predicted,backbone.layer3,21,21,21,-0.13976126909255981,0.3203216791152954,0.03000759685995188,0.2571472724461664,0.11713093519210815,0.21990174055099487,0.19431258738040924,0.4517907202243805,0.286391900510147,0.9250343441963196,0.030241953154811554,0.16162742477358158,0.2
311,n02917067/ILSVRC2012_val_00017843,supervised,resnet18_imagenet,gradcam,predicted,backbone.layer3,21,21,21,-0.34747108817100525,0.15276886522769928,0.0866638345151836,0.2669257438944386,0.19898781180381775,0.1721370369195938,0.34695565700531006,0.7272089719772339,0.46273118622439763,0.9863499402999878,-0.03291156174551543,0.1147350047875519,0.2
312,n02917067/ILSVRC2012_val_00020919,supervised,resnet18_imagenet,gradcam,predicted,backbone.layer3,21,21,21,0.14975808560848236,0.40688109397888184,0.08581654736134026,0.02765085867336722,0.05267025902867317,0.044024281203746796,0.05716082826256752,0.053137507289648056,0.05998883928570233,0.9799969792366028,0.09394345605380519,0.22778172835713612,0.2
313,n02917067/ILSVRC2012_val_00027463,supervised,resnet18_imagenet,gradcam,predicted,backbone.layer3,21,21,21,0.36394691467285156,0.32384297251701355,0.24564273789641214,0.3429929083119108,0.22479206323623657,0.19428396224975586,0.6490229964256287,0.8925424814224243,0.5435267857141775,0.987078070640564,0.32216945973163746,0.4226020422836634,0.2
314,n02917067/ILSVRC2012_val_00029080,supervised,resnet18_imagenet,gradcam,predicted,backbone.layer3,21,21,21,-0.2959529161453247,0.23557956516742706,0.17560689115102088,0.09327588299545256,0.13337521255016327,0.08385295420885086,0.19651678204536438,0.15172751247882843,0.15904017857139688,0.9810069799423218,-0.03771633421418785,0.11078821987710298,0.2
315,n02917067/ILSVRC2012_val_00041806,supervised,resnet18_imagenet,gradcam,predicted,backbone.layer3,21,21,21,-0.28830260038375854,0.25687870383262634,0.11697767491194513,0.140122059257732,0.1536502093076706,0.17942175269126892,0.2515229284763336,0.3576219379901886,0.26167889030607033,0.9947512149810791,-0.03819111990260028,0.11258170565526565,0.2
316,n02917067/ILSVRC2012_val_00048010,supervised,resnet18_imagenet,gradcam,predicted,backbone.layer3,21,21,21,0.11860420554876328,0.39870116114616394,0.0571110009910449,0.1773715074162281,0.07565024495124817,0.15773718059062958,0.09642469137907028,0.22239810228347778,0.1401267538265027,0.9907793998718262,0.11778643474168721,0.24874900902465932,0.2
317,n02992529/ILSVRC2012_val_00000089,supervised,resnet18_imagenet,gradcam,predicted,backbone.layer3,22,22,22,0.4937030076980591,0.4756554365158081,0.2398035773350025,0.25934923629590384,0.23671595752239227,0.20837925374507904,0.7760576009750366,0.9518393874168396,0.7711455676018871,0.9725229740142822,0.3472270471684955,0.4434627022041896,0.2
318,n02992529/ILSVRC2012_val_00003469,supervised,resnet18_imagenet,gradcam,predicted,backbone.layer3,22,22,22,-0.03319580480456352,0.4930230379104614,0.32173454593369283,0.2723735408559159,0.2673635184764862,0.2745957672595978,0.45390555262565613,0.44975733757019043,0.39957350127543056,0.996758759021759,0.1649541041150572,0.2864223038690688,0.2
319,n02992529/ILSVRC2012_val_00004117,supervised,resnet18_imagenet,gradcam,predicted,backbone.layer3,22,19,19,0.1348242163658142,0.39387083053588867,0.2372732358346687,0.17549099007891894,0.34173569083213806,0.21393246948719025,0.791554868221283,0.722760021686554,0.7256656568876105,0.5704366564750671,0.17775895432040198,0.23594503067769196,0.2
304,n02917067/ILSVRC2012_val_00002410,supervised,resnet18_imagenet,gradcam,predicted,backbone.layer4,21,21,21,0.46454375982284546,0.5685304999351501,0.355282061105088,0.5200880867974432,0.3044331669807434,0.4371793270111084,0.4902721047401428,0.5803055167198181,0.3640385841836009,0.9994984865188599,0.44842854829989753,0.5313576258914576,0.2
305,n02917067/ILSVRC2012_val_00002700,supervised,resnet18_imagenet,gradcam,predicted,backbone.layer4,21,21,21,0.25064101815223694,0.5441822409629822,0.36577200577179464,0.6186892871797656,0.2804078161716461,0.3680952489376068,0.38526225090026855,0.4163129925727844,0.2715840242346398,0.9891526103019714,0.39559479514636287,0.4822125711364687,0.2
306,n02917067/ILSVRC2012_val_00004203,supervised,resnet18_imagenet,gradcam,predicted,backbone.layer4,21,21,21,0.3869698941707611,0.5725417137145996,0.49349340945303205,0.5241811010113838,0.2449747920036316,0.2681679129600525,0.27632206678390503,0.29089128971099854,0.1542570153060917,0.9976412653923035,0.4600903108076292,0.5395042803847159,0.2
307,n02917067/ILSVRC2012_val_00010671,supervised,resnet18_imagenet,gradcam,predicted,backbone.layer4,21,18,18,0.35555362701416016,0.5509288311004639,0.27969624743623983,0.4043679279715267,0.23068322241306305,0.34167397022247314,0.297298789024353,0.438485711812973,0.2600845025509686,0.9885873198509216,0.34744070342799405,0.44374791128453595,0.2
308,n02917067/ILSVRC2012_val_00012612,supervised,resnet18_imagenet,gradcam,predicted,backbone.layer4,21,21,21,0.311023086309433,0.5804610252380371,0.24650937056662192,0.4257835852761014,0.31087031960487366,0.46533438563346863,0.5124093294143677,0.6431664824485779,0.46544164540807054,0.9924384951591492,0.3260971212765902,0.42579709344285477,0.2
309,n02917067/ILSVRC2012_val_00014818,supervised,resnet18_imagenet,gradcam,predicted,backbone.layer4,21,21,21,0.42569106817245483,0.5411009788513184,0.2567061356295988,0.4152645104977863,0.24680684506893158,0.39883995056152344,0.44088083505630493,0.5576198101043701,0.3816964285713525,0.9958423972129822,0.3718676211071975,0.4663608949741528,0.2
310,n02917067/ILSVRC2012_val_00015394,supervised,resnet18_imagenet,gradcam,predicted,backbone.layer4,21,21,21,0.030032362788915634,0.5115642547607422,0.21840227533545312,0.5036042141577822,0.23625953495502472,0.38884806632995605,0.31845059990882874,0.4441697895526886,0.286391900510147,0.9530165791511536,0.22861489196353685,0.33396543622210234,0.2
311,n02917067/ILSVRC2012_val_00017843,supervised,resnet18_imagenet,gradcam,predicted,backbone.layer4,21,21,21,0.12219732999801636,0.48776742815971375,0.2550669937723136,0.42882309972911575,0.271117627620697,0.498727023601532,0.49605607986450195,0.6893310546875,0.46273118622439763,0.9770385026931763,0.2540459600496353,0.36029736427863945,0.2
312,n02917067/ILSVRC2012_val_00020919,supervised,resnet18_imagenet,gradcam,predicted,backbone.layer4,21,21,21,0.2718610167503357,0.5258961915969849,0.157325292656831,0.2215563254984347,0.08584196865558624,0.1008933037519455,0.09322668612003326,0.10561031848192215,0.05998883928570233,0.9611074328422546,0.222408892146714,0.33403787532777207,0.2
313,n02917067/ILSVRC2012_val_00027463,supervised,resnet18_imagenet,gradcam,predicted,backbone.layer4,21,21,21,0.15506306290626526,0.5263538956642151,0.18887826641166702,0.36795981226152535,0.3183266818523407,0.5197310447692871,0.5524397492408752,0.7252382636070251,0.5435267857141775,0.9889987707138062,0.22907664876446382,0.3418314072925619,0.2
314,n02917067/ILSVRC2012_val_00029080,supervised,resnet18_imagenet,gradcam,predicted,backbone.layer4,21,21,21,0.14152437448501587,0.489381343126297,0.10604479901803864,0.22467709041453113,0.10838866978883743,0.20463927090168,0.14020322263240814,0.22394396364688873,0.15904017857139688,0.9716329574584961,0.15582631662377727,0.2779589470466724,0.2
315,n02917067/ILSVRC2012_val_00041806,supervised,resnet18_imagenet,gradcam,predicted,backbone.layer4,21,21,21,0.23131024837493896,0.4871876537799835,0.3438134462553838,0.6142857142852862,0.2865047752857208,0.40695470571517944,0.3805871903896332,0.4804243743419647,0.26167889030607033,0.9651190042495728,0.37995384751217653,0.46525122770383204,0.2
316,n02917067/ILSVRC2012_val_00048010,supervised,resnet18_imagenet,gradcam,predicted,backbone.layer4,21,21,21,0.45518943667411804,0.5738375782966614,0.43255267354954036,0.5018921059574919,0.22056004405021667,0.25814729928970337,0.24947327375411987,0.27422791719436646,0.1401267538265027,0.9884667992591858,0.4624092085217568,0.5411975176015772,0.2
317,n02992529/ILSVRC2012_val_00000089,supervised,resnet18_imagenet,gradcam,predicted,backbone.layer4,22,22,22,0.11929670721292496,0.5023696422576904,0.23737938039607992,0.2405446678543547,0.3407285511493683,0.43764376640319824,0.8096342086791992,0.8106898069381714,0.7711455676018871,0.9350520372390747,0.19109589736030036,0.30149266517299356,0.2
318,n02992529/ILSVRC2012_val_00003469,supervised,resnet18_imagenet,gradcam,predicted,backbone.layer4,22,22,22,0.45697301626205444,0.540789783000946,0.2565891149073737,0.28454312553361033,0.24470530450344086,0.3181074559688568,0.4428090751171112,0.5314944982528687,0.39957350127543056,0.9917713403701782,0.34512887863711694,0.44398931685749177,0.2
319,n02992529/ILSVRC2012_val_00004117,supervised,resnet18_imagenet,gradcam,predicted,backbone.layer4,22,19,19,0.14591005444526672,0.5874857902526855,0.20473114932684755,0.2310098065199494,0.41216519474983215,0.5464048385620117,0.723380446434021,0.768252968788147,0.7256656568876105,0.9581090807914734,0.18908630853214575,0.3037201201362636,0.2
320,n02992529/ILSVRC2012_val_00008314,supervised,resnet18_imagenet,gradcam,predicted,backbone.layer1,22,22,22,0.004668405279517174,0.002175174653530121,0.22280488861912853,0.3623246173468666,0.16178952157497406,0.001430491916835308,0.39511093497276306,0.6857126951217651,0.3623246173468666,0.959693193435669,0.1774062139016054,0.2918702973546802,0.2
321,n02992529/ILSVRC2012_val_00008541,supervised,resnet18_imagenet,gradcam,predicted,backbone.layer1,22,22,22,0.06068767234683037,0.12289146333932877,0.22837264030274293,0.022310214161015748,0.15039841830730438,0.0022797759156674147,0.3204861581325531,0.015918882563710213,0.278539540816271,0.9530540108680725,0.09947992527785975,0.22686950056754115,0.2
322,n02992529/ILSVRC2012_val_00009609,supervised,resnet18_imagenet,gradcam,predicted,backbone.layer1,22,18,18,0.37191617488861084,0.2875576913356781,0.2271440541702953,0.21174918377382448,0.33587563037872314,0.11075370013713837,0.9577731490135193,0.9336245656013489,0.879942602040641,0.9866430759429932,0.2804344413386803,0.3878904320884927,0.2
323,n02992529/ILSVRC2012_val_00010543,supervised,resnet18_imagenet,gradcam,predicted,backbone.layer1,22,22,22,0.6711186766624451,0.49427300691604614,0.1450869336142831,0.14433328945631685,0.1451752781867981,0.12466028332710266,0.4264557957649231,0.43332380056381226,0.4930444834182691,0.9978417754173279,0.35527353758615804,0.4569228589121049,0.2
324,n02992529/ILSVRC2012_val_00011346,supervised,resnet18_imagenet,gradcam,predicted,backbone.layer1,22,30,30,-0.05356578901410103,0.456208735704422,0.04479274996282514,0.0025661130515342743,0.0438070110976696,0.013548409566283226,0.05508824810385704,0.018307354301214218,0.0803172831632493,0.9929736256599426,-0.0072186567013325905,0.14203773344764586,0.2
325,n02992529/ILSVRC2012_val_00013031,supervised,resnet18_imagenet,gradcam,predicted,backbone.layer1,22,22,22,0.009290490299463272,0.02172827534377575,0.24683460391108822,0.5497050382651966,0.23738034069538116,0.006773520261049271,0.6239629983901978,0.49842697381973267,0.5497050382651966,0.9952050447463989,0.24267808877267072,0.35166733886084317,0.2
326,n02992529/ILSVRC2012_val_00021818,supervised,resnet18_imagenet,gradcam,predicted,backbone.layer1,22,22,22,-0.1088862195611,0.1644938737154007,0.20088352330201628,0.08026694979521302,0.13255299627780914,0.04327858239412308,0.560133159160614,0.264944463968277,0.5097257653060209,0.9900761246681213,0.04079065410472878,0.1806888601281405,0.2
327,n02992529/ILSVRC2012_val_00023929,supervised,resnet18_imagenet,gradcam,predicted,backbone.layer1,22,22,22,-0.04340466484427452,0.271323025226593,0.17672085628550838,0.2043084679729107,0.1891345977783203,0.09310241788625717,0.8148087859153748,0.8459608554840088,0.847317442601872,0.9991949796676636,0.09694693133981591,0.22994494531925821,0.2
328,n02992529/ILSVRC2012_val_00032046,supervised,resnet18_imagenet,gradcam,predicted,backbone.layer1,22,22,22,0.20603014528751373,0.31815120577812195,0.20977118662654723,0.20728156402561307,0.2701379358768463,0.14445294439792633,0.9027824401855469,0.931763768196106,0.8990353954079842,0.9811090230941772,0.20752788331065358,0.32354009197779643,0.2
329,n02992529/ILSVRC2012_val_00032888,supervised,resnet18_imagenet,gradcam,predicted,backbone.layer1,22,22,22,-0.17275457084178925,0.09714406728744507,0.19501796913529876,0.3660491341118139,0.18891631066799164,0.11759062111377716,0.44752511382102966,0.8958054780960083,0.4759646045917419,0.9115814566612244,0.09921830263741808,0.2165398945163356,0.2
330,n02992529/ILSVRC2012_val_00034755,supervised,resnet18_imagenet,gradcam,predicted,backbone.layer1,22,22,22,0.20146384835243225,0.16258400678634644,0.234716739571025,0.1831317089793208,0.17252309620380402,0.04845356196165085,0.5645322799682617,0.5573834776878357,0.49194834183663666,0.9591209292411804,0.20594007390607663,0.3188425984471148,0.2
331,n02992529/ILSVRC2012_val_00035427,supervised,resnet18_imagenet,gradcam,predicted,backbone.layer1,22,22,22,-0.04398791491985321,0.13608300685882568,0.4946161641750097,0.01101066792339188,0.19188304245471954,0.002121187746524811,0.40595850348472595,0.016370758414268494,0.2702885841836196,0.9916581511497498,0.13409288366157918,0.25975966047511423,0.2
332,n02992529/ILSVRC2012_val_00039932,supervised,resnet18_imagenet,gradcam,predicted,backbone.layer1,22,39,39,-0.10981934517621994,0.3199078142642975,0.16947903618004828,0.17606520933674794,0.18567609786987305,0.12807807326316833,0.7333195209503174,0.7516224980354309,0.7489237882651569,0.9828906655311584,0.059735535584550886,0.19538289039719586,0.2
333,n02992529/ILSVRC2012_val_00041044,supervised,resnet18_imagenet,gradcam,predicted,backbone.layer1,22,1,1,-0.054547205567359924,0.008927433751523495,0.3483807005946144,0.20659279336730577,0.21740823984146118,4.0630478906678036e-05,0.37304896116256714,0.0018062309827655554,0.20659279336730577,0.9951779842376709,0.14467316596163207,0.2689285491775547,0.2
334,n02992529/ILSVRC2012_val_00047946,supervised,resnet18_imagenet,gradcam,predicted,backbone.layer1,22,19,19,0.4057614505290985,0.3407329320907593,0.15318700151594938,0.10601845998223161,0.1056165099143982,0.09106019884347916,0.16546161472797394,0.19254504144191742,0.1486766581632357,0.9471884965896606,0.2400662186610937,0.34889614754817877,0.2
335,n02992529/ILSVRC2012_val_00049503,supervised,resnet18_imagenet,gradcam,predicted,backbone.layer1,22,22,22,-0.00481577729806304,0.23668316006660461,0.17062488200861972,0.26997910949073445,0.16418425738811493,0.16476576030254364,0.40788358449935913,0.6376236081123352,0.4179089604591004,0.9933419227600098,0.13025488653058104,0.2574667642345179,0.2
320,n02992529/ILSVRC2012_val_00008314,supervised,resnet18_imagenet,gradcam,predicted,backbone.layer2,22,22,22,0.29186081886291504,0.5119251608848572,0.23425196850383453,0.29551402727384385,0.18885907530784607,0.2573474943637848,0.38738906383514404,0.4651646018028259,0.3623246173468666,0.9750351309776306,0.27567412627846954,0.38084805519308446,0.2
321,n02992529/ILSVRC2012_val_00008541,supervised,resnet18_imagenet,gradcam,predicted,backbone.layer2,22,22,22,0.4517289102077484,0.2926349341869354,0.15944758317631974,0.13931198102009998,0.1471259593963623,0.08619017899036407,0.2617170512676239,0.3023129403591156,0.278539540816271,0.9903053641319275,0.2703194333420253,0.381340814241606,0.2
322,n02992529/ILSVRC2012_val_00009609,supervised,resnet18_imagenet,gradcam,predicted,backbone.layer2,22,18,18,0.3808642327785492,0.13769389688968658,0.18464834612269418,0.21979110390774811,0.1999383419752121,0.0391344353556633,0.8461328744888306,0.9913151860237122,0.879942602040641,0.9927453994750977,0.27367752812055235,0.3833241539013674,0.2
323,n02992529/ILSVRC2012_val_00010543,supervised,resnet18_imagenet,gradcam,predicted,backbone.layer2,22,22,22,0.31172317266464233,0.47045204043388367,0.2075563426745121,0.27437974126863546,0.2608993351459503,0.2609555423259735,0.5656797885894775,0.645523726940155,0.4930444834182691,0.9989830255508423,0.2692700942488012,0.379434585251038,0.2
324,n02992529/ILSVRC2012_val_00011346,supervised,resnet18_imagenet,gradcam,predicted,backbone.layer2,22,30,30,-0.07764299213886261,0.2862270772457123,0.084927491514899,0.02104804761212001,0.06297054886817932,0.022698817774653435,0.0773841068148613,0.036615706980228424,0.0803172831632493,0.9930029511451721,0.0007354648825606573,0.14826928020492866,0.2
325,n02992529/ILSVRC2012_val_00013031,supervised,resnet18_imagenet,gradcam,predicted,backbone.layer2,22,22,22,-0.2234397679567337,0.24318572878837585,0.2318498870222249,0.1912407372220561,0.2651143968105316,0.10760075598955154,0.6112346053123474,0.5761013031005859,0.5497050382651966,0.9920024275779724,0.0375512800905908,0.17636910141290932,0.2
326,n02992529/ILSVRC2012_val_00021818,supervised,resnet18_imagenet,gradcam,predicted,backbone.layer2,22,22,22,-0.14822989702224731,0.10210895538330078,0.2509133061682412,0.01806798364732609,0.25547415018081665,0.003926550038158894,0.5898368954658508,0.044134557247161865,0.5097257653060209,0.9947624206542969,0.02140242813577126,0.1645792215942498,0.2
327,n02992529/ILSVRC2012_val_00023929,supervised,resnet18_imagenet,gradcam,predicted,backbone.layer2,22,22,22,0.0424773208796978,0.37676888704299927,0.21886162267471848,0.2146357248520214,0.22061313688755035,0.17405417561531067,0.8626108765602112,0.9208820462226868,0.847317442601872,0.9945977926254272,0.14704013260990106,0.27243106808339324,0.2
328,n02992529/ILSVRC2012_val_00032046,supervised,resnet18_imagenet,gradcam,predicted,backbone.layer2,22,22,22,-0.31909748911857605,0.10980385541915894,0.1947140381282074,0.18864914965615748,0.23662111163139343,0.05128670856356621,0.912964940071106,0.8822565078735352,0.8990353954079842,0.9721612930297852,-0.012630039312120964,0.12998086970905737,0.2
329,n02992529/ILSVRC2012_val_00032888,supervised,resnet18_imagenet,gradcam,predicted,backbone.layer2,22,22,22,0.2902635633945465,0.29842811822891235,0.16289515188913017,0.33721021920819383,0.2602546811103821,0.22781434655189514,0.43845686316490173,0.8393902778625488,0.4759646045917419,0.9248670935630798,0.2661370366870158,0.36534865399688427,0.2
330,n02992529/ILSVRC2012_val_00034755,supervised,resnet18_imagenet,gradcam,predicted,backbone.layer2,22,22,22,-0.05671972408890724,0.43029990792274475,0.2668393782382446,0.09364959364956414,0.2914513647556305,0.16218705475330353,0.5646341443061829,0.4224891662597656,0.49194834183663666,0.9949306845664978,0.08545880193077972,0.21950994222580933,0.2
331,n02992529/ILSVRC2012_val_00035427,supervised,resnet18_imagenet,gradcam,predicted,backbone.layer2,22,22,22,0.24648043513298035,0.40662917494773865,0.4672926252950707,0.23979404192705311,0.23380693793296814,0.14689266681671143,0.3519226014614105,0.33794930577278137,0.2702885841836196,0.9969882369041443,0.3107181742198293,0.4125880546376957,0.2
332,n02992529/ILSVRC2012_val_00039932,supervised,resnet18_imagenet,gradcam,predicted,backbone.layer2,22,39,39,0.16340488195419312,0.33390435576438904,0.21819112191372186,0.19211316975458387,0.25675106048583984,0.14838944375514984,0.7894144654273987,0.740114152431488,0.7489237882651569,0.9836152195930481,0.18845324028216895,0.3073100645400012,0.2
333,n02992529/ILSVRC2012_val_00041044,supervised,resnet18_imagenet,gradcam,predicted,backbone.layer2,22,1,1,0.037598300725221634,0.4313531517982483,0.05830782798150214,0.08228116710870967,0.07093831896781921,0.07084716111421585,0.1378786414861679,0.13806845247745514,0.20659279336730577,0.9405822157859802,0.0572160188171522,0.18939398639427757,0.2
334,n02992529/ILSVRC2012_val_00047946,supervised,resnet18_imagenet,gradcam,predicted,backbone.layer2,22,19,19,0.16122961044311523,0.2705085873603821,0.0501830842187105,0.1628447989364155,0.06090032681822777,0.12425025552511215,0.10996990650892258,0.24370841681957245,0.1486766581632357,0.9963460564613342,0.12840020912378391,0.25913924291307194,0.2
335,n02992529/ILSVRC2012_val_00049503,supervised,resnet18_imagenet,gradcam,predicted,backbone.layer2,22,22,22,-0.13557864725589752,0.44175583124160767,0.22342356562219895,0.18944218522205575,0.23293821513652802,0.1733844131231308,0.44020992517471313,0.399151474237442,0.4179089604591004,0.9926508069038391,0.0696282663509174,0.2046615322070754,0.2
320,n02992529/ILSVRC2012_val_00008314,supervised,resnet18_imagenet,gradcam,predicted,backbone.layer3,22,22,22,0.141801118850708,0.29639148712158203,0.28641772671304133,0.5082589405032831,0.27566513419151306,0.29556453227996826,0.4306681752204895,0.7888911962509155,0.3623246173468666,0.8134596943855286,0.2951234477051805,0.3703185125596582,0.2
321,n02992529/ILSVRC2012_val_00008541,supervised,resnet18_imagenet,gradcam,predicted,backbone.layer3,22,22,22,0.39018604159355164,0.4749520719051361,0.2172877059567973,0.2830501229024885,0.16739818453788757,0.25596126914024353,0.3072040379047394,0.3999379277229309,0.278539540816271,0.9484179615974426,0.3061757652952064,0.4039122660121809,0.2
322,n02992529/ILSVRC2012_val_00009609,supervised,resnet18_imagenet,gradcam,predicted,backbone.layer3,22,18,18,0.19490352272987366,0.5041167736053467,0.22513621668055775,0.22130815001798115,0.30800893902778625,0.3096112310886383,0.8746445775032043,0.899792492389679,0.879942602040641,0.9874271750450134,0.21189471910151114,0.32794140088684254,0.2
323,n02992529/ILSVRC2012_val_00010543,supervised,resnet18_imagenet,gradcam,predicted,backbone.layer3,22,22,22,-0.08814416080713272,0.04356646537780762,0.18226634481345586,0.24978435882682223,0.2716503441333771,0.035106778144836426,0.5185981392860413,0.8325625061988831,0.4930444834182691,0.9985325932502747,0.09435754676923033,0.22694210861511427,0.2
324,n02992529/ILSVRC2012_val_00011346,supervised,resnet18_imagenet,gradcam,predicted,backbone.layer3,22,30,30,0.045062124729156494,0.3156995475292206,0.08350666358517563,0.22442761382412776,0.06728819012641907,0.15301896631717682,0.08087080717086792,0.19078488647937775,0.0803172831632493,0.9588194489479065,0.1104051331144536,0.2365782303497166,0.2
325,n02992529/ILSVRC2012_val_00013031,supervised,resnet18_imagenet,gradcam,predicted,backbone.layer3,22,22,22,0.3071178197860718,0.21267066895961761,0.11352199396124756,0.15467493400449547,0.13493669033050537,0.05358856916427612,0.4496346414089203,0.4530641734600067,0.5497050382651966,0.9944217801094055,0.20330620630415164,0.32370373593297175,0.2
326,n02992529/ILSVRC2012_val_00021818,supervised,resnet18_imagenet,gradcam,predicted,backbone.layer3,22,22,22,0.24705643951892853,0.26640474796295166,0.2129500323579778,0.14926095656097937,0.1805189698934555,0.1014445424079895,0.5956451296806335,0.48920902609825134,0.5097257653060209,0.9952477216720581,0.20748587248325856,0.326309659312173,0.2
327,n02992529/ILSVRC2012_val_00023929,supervised,resnet18_imagenet,gradcam,predicted,backbone.layer3,22,22,22,0.564378023147583,0.4369177222251892,0.19908727895032538,0.23603434082083125,0.27102211117744446,0.18366597592830658,0.8095386624336243,0.9708280563354492,0.847317442601872,0.9981492161750793,0.35628769519038017,0.4560350954707051,0.2
328,n02992529/ILSVRC2012_val_00032046,supervised,resnet18_imagenet,gradcam,predicted,backbone.layer3,22,22,22,0.22954107820987701,0.2571792006492615,0.22191446931083053,0.22245621813340227,0.3931303024291992,0.11888647824525833,0.9214798808097839,0.985157310962677,0.8990353954079842,0.8580583333969116,0.22512763751722065,0.32014079924405187,0.2
329,n02992529/ILSVRC2012_val_00032888,supervised,resnet18_imagenet,gradcam,predicted,backbone.layer3,22,22,22,0.1021423190832138,0.2684289515018463,0.23343515892056388,0.4194007365247659,0.23000800609588623,0.31330618262290955,0.4719769358634949,0.9708310961723328,0.4759646045917419,0.9010470509529114,0.23670769626688443,0.33411584318339393,0.2
330,n02992529/ILSVRC2012_val_00034755,supervised,resnet18_imagenet,gradcam,predicted,backbone.layer3,22,22,22,0.642510712146759,0.3163013160228729,0.17025077524599896,0.2229736869913618,0.18793326616287231,0.11004702746868134,0.4656378924846649,0.62755286693573,0.49194834183663666,0.997488260269165,0.37497162352991187,0.47280810385108063,0.2
331,n02992529/ILSVRC2012_val_00035427,supervised,resnet18_imagenet,gradcam,predicted,backbone.layer3,22,22,22,0.24195638298988342,0.20501874387264252,0.5657222480256349,0.3160124888490655,0.31172606348991394,0.17403890192508698,0.4396337866783142,0.5667837858200073,0.2702885841836196,0.995550274848938,0.36130297425836344,0.454450959492475,0.2
332,n02992529/ILSVRC2012_val_00039932,supervised,resnet18_imagenet,gradcam,predicted,backbone.layer3,22,39,39,0.2863143980503082,0.3913274109363556,0.2185028790786389,0.24166797058357023,0.24217692017555237,0.19806918501853943,0.8035328388214111,0.8950821757316589,0.7489237882651569,0.8551827669143677,0.252577014118786,0.34353016677031534,0.2
333,n02992529/ILSVRC2012_val_00041044,supervised,resnet18_imagenet,gradcam,predicted,backbone.layer3,22,1,1,-0.4680936336517334,0.1402774304151535,0.11933501591126998,0.1780908933417,0.11698660999536514,0.15527519583702087,0.16815820336341858,0.318974107503891,0.20659279336730577,0.9857236742973328,-0.0980096806848024,0.05838225667973573,0.2
334,n02992529/ILSVRC2012_val_00047946,supervised,resnet18_imagenet,gradcam,predicted,backbone.layer3,22,19,19,-0.3269331157207489,0.15879115462303162,0.03057257304427982,0.24095616399472197,0.06258997321128845,0.1733546108007431,0.1003556102514267,0.3639715313911438,0.1486766581632357,0.987474799156189,-0.04931462517659903,0.10157681363091667,0.2
335,n02992529/ILSVRC2012_val_00049503,supervised,resnet18_imagenet,gradcam,predicted,backbone.layer3,22,22,22,-0.05757397413253784,0.3686119318008423,0.2121354288841144,0.3523510424843617,0.24040323495864868,0.26964351534843445,0.44897809624671936,0.6535400152206421,0.4179089604591004,0.9876864552497864,0.1463163517575277,0.2691236951831988,0.2
320,n02992529/ILSVRC2012_val_00008314,supervised,resnet18_imagenet,gradcam,predicted,backbone.layer4,22,22,22,0.31686291098594666,0.5100802779197693,0.3695272303658045,0.551553478141022,0.30804890394210815,0.48376473784446716,0.44450661540031433,0.6655462384223938,0.3623246173468666,0.9815124869346619,0.4030693769464266,0.4883990690119872,0.2
321,n02992529/ILSVRC2012_val_00008541,supervised,resnet18_imagenet,gradcam,predicted,backbone.layer4,22,22,22,0.5724689364433289,0.5725338459014893,0.3857563340449092,0.4623020706452726,0.26789209246635437,0.3876085877418518,0.37879854440689087,0.520268440246582,0.278539540816271,0.9789857864379883,0.4834050959843861,0.5592265968934088,0.2
322,n02992529/ILSVRC2012_val_00009609,supervised,resnet18_imagenet,gradcam,predicted,backbone.layer4,22,18,18,-0.0659736767411232,0.501926064491272,0.13231637237485483,0.18602258798805246,0.309540718793869,0.4285920560359955,0.8066871166229248,0.8529143333435059,0.879942602040641,0.9224421381950378,0.0691122174124229,0.19486027396058936,0.2
323,n02992529/ILSVRC2012_val_00010543,supervised,resnet18_imagenet,gradcam,predicted,backbone.layer4,22,22,22,0.22268593311309814,0.5227102637290955,0.3074406887993731,0.39458592340068394,0.33554863929748535,0.4928651452064514,0.6152818202972412,0.6589881777763367,0.4930444834182691,0.9979463219642639,0.29968235690525635,0.4031386779342382,0.2
324,n02992529/ILSVRC2012_val_00011346,supervised,resnet18_imagenet,gradcam,predicted,backbone.layer4,22,30,30,-0.2744753956794739,0.4394022822380066,0.32876712328736063,0.0,0.15004156529903412,0.014488608576357365,0.15992112457752228,0.01706690713763237,0.0803172831632493,0.9610036611557007,-0.01116002128558137,0.13027594150737942,0.2
325,n02992529/ILSVRC2012_val_00013031,supervised,resnet18_imagenet,gradcam,predicted,backbone.layer4,22,22,22,0.06351801007986069,0.48605549335479736,0.23512608353026165,0.3638242331954304,0.2765848934650421,0.4880851209163666,0.5755041837692261,0.7257521152496338,0.5497050382651966,0.9957872033119202,0.20509229904965187,0.3213369632061623,0.2
326,n02992529/ILSVRC2012_val_00021818,supervised,resnet18_imagenet,gradcam,predicted,backbone.layer4,22,22,22,-0.13368616998195648,0.4964812397956848,0.19588286654570625,0.2746438542485952,0.34542107582092285,0.41214776039123535,0.5248473882675171,0.6479329466819763,0.5097257653060209,0.9761538505554199,0.08768354824550784,0.2172645982882036,0.2
327,n02992529/ILSVRC2012_val_00023929,supervised,resnet18_imagenet,gradcam,predicted,backbone.layer4,22,22,22,0.33853763341903687,0.551499605178833,0.22386009035437945,0.23603434082083125,0.32938793301582336,0.4281497001647949,0.879750669002533,0.9475235342979431,0.847317442601872,0.9991389513015747,0.2733833827201779,0.3833326221857018,0.2
328,n02992529/ILSVRC2012_val_00032046,supervised,resnet18_imagenet,gradcam,predicted,backbone.layer4,22,22,22,0.18235145509243011,0.5306103825569153,0.22245621813340227,0.22245621813340227,0.39961522817611694,0.44687122106552124,0.9001520872116089,0.9559946656227112,0.8990353954079842,0.9698436856269836,0.2064143129170134,0.3205276711930992,0.2
329,n02992529/ILSVRC2012_val_00032888,supervised,resnet18_imagenet,gradcam,predicted,backbone.layer4,22,22,22,0.17231528460979462,0.5832043886184692,0.19970995012549972,0.41462295628945,0.36470118165016174,0.5499119162559509,0.5176480412483215,0.7439035773277283,0.4759646045917419,0.9384087920188904,0.2532259857684027,0.3546548950199991,0.2
330,n02992529/ILSVRC2012_val_00034755,supervised,resnet18_imagenet,gradcam,predicted,backbone.layer4,22,22,22,-0.17754538357257843,0.5039931535720825,0.08676871067703172,0.2606753812635219,0.27181655168533325,0.4312905967235565,0.4395769238471985,0.6189826130867004,0.49194834183663666,0.9929957389831543,0.033215074153134704,0.17366949958220912,0.2
331,n02992529/ILSVRC2012_val_00035427,supervised,resnet18_imagenet,gradcam,predicted,backbone.layer4,22,22,22,0.3853265047073364,0.49586930871009827,0.496511922881471,0.6065495642697395,0.2808438837528229,0.446806401014328,0.3856777846813202,0.5338951945304871,0.2702885841836196,0.999569833278656,0.48504904802829774,0.5605651234271687,0.2
332,n02992529/ILSVRC2012_val_00039932,supervised,resnet18_imagenet,gradcam,predicted,backbone.layer4,22,39,39,0.04278887063264847,0.4746168851852417,0.18312133558576393,0.26704454734145855,0.31477782130241394,0.5529221296310425,0.6895655989646912,0.9491547346115112,0.7489237882651569,0.9829964637756348,0.1521653131312261,0.2749670450195778,0.2
333,n02992529/ILSVRC2012_val_00041044,supervised,resnet18_imagenet,gradcam,predicted,backbone.layer4,22,1,1,0.43594205379486084,0.5188149213790894,0.1551441028253467,0.5042766553601944,0.20535506308078766,0.34773731231689453,0.2729180157184601,0.40501877665519714,0.20659279336730577,-0.14157329499721527,0.3722030489736067,0.29619891412500426,0.2
334,n02992529/ILSVRC2012_val_00047946,supervised,resnet18_imagenet,gradcam,predicted,backbone.layer4,22,19,19,0.5810569524765015,0.49323874711990356,0.559130202298762,0.5706077744855277,0.23998233675956726,0.33713236451148987,0.28261661529541016,0.37943562865257263,0.1486766581632357,0.9994080662727356,0.5713441740258874,0.6357156375037583,0.2
335,n02992529/ILSVRC2012_val_00049503,supervised,resnet18_imagenet,gradcam,predicted,backbone.layer4,22,22,22,0.3591536283493042,0.5452053546905518,0.16872738238835616,0.3065868768172672,0.2512182891368866,0.37019437551498413,0.3995005190372467,0.600610613822937,0.4179089604591004,0.9971992373466492,0.28625572910140873,0.3941122203256597,0.2
336,n03014705/ILSVRC2012_val_00003062,supervised,resnet18_imagenet,gradcam,predicted,backbone.layer1,23,17,17,0.3879905939102173,0.14032243192195892,0.18293779986288064,0.18989141675280294,0.17496433854103088,0.031553398817777634,0.8892329335212708,0.8654428720474243,0.9007095025508409,0.9980782270431519,0.267045002548792,0.37871574607896974,0.2
337,n03014705/ILSVRC2012_val_00003447,supervised,resnet18_imagenet,gradcam,predicted,backbone.layer1,23,10,10,-0.06631927192211151,0.06674824655056,0.06968675169816994,0.22778385350937222,0.16535180807113647,0.025759505107998848,0.5270593762397766,0.7574931979179382,0.672492825254968,0.984791100025177,0.06271347279341805,0.19887457113292306,0.2
338,n03014705/ILSVRC2012_val_00009792,supervised,resnet18_imagenet,gradcam,predicted,backbone.layer1,23,29,29,-0.12763841450214386,0.34461984038352966,0.12257375418948746,0.12249106912675486,0.13972632586956024,0.13827982544898987,0.40026652812957764,0.37717390060424805,0.4074457908162453,0.987520158290863,0.022464081194015148,0.1647207844969397,0.2
339,n03014705/ILSVRC2012_val_00012144,supervised,resnet18_imagenet,gradcam,predicted,backbone.layer1,23,23,23,-0.19659437239170074,0.28943386673927307,0.23123434923342354,0.14663557249299056,0.14823445677757263,0.11533147096633911,0.6840816140174866,0.5110691785812378,0.6035355548468185,0.9978907108306885,0.03472322756124393,0.17534305671911152,0.2
340,n03014705/ILSVRC2012_val_00017258,supervised,resnet18_imagenet,gradcam,predicted,backbone.layer1,23,23,23,0.2779446840286255,0.026001563295722008,0.18060122621291544,0.9090999681120637,0.23313792049884796,0.0041119116358459,0.8883572220802307,0.5299559235572815,0.9090999681120637,0.9574383497238159,0.43808823190894397,0.5133216904498361,0.2
341,n03014705/ILSVRC2012_val_00017308,supervised,resnet18_imagenet,gradcam,predicted,backbone.layer1,23,23,23,-0.037932492792606354,0.16654682159423828,0.17000167749043352,0.21929474052239667,0.20526091754436493,0.0832982137799263,0.7147840261459351,0.8894795179367065,0.7730389030610705,0.9859336018562317,0.10161592828680652,0.23193777230423007,0.2
342,n03014705/ILSVRC2012_val_00020860,supervised,resnet18_imagenet,gradcam,predicted,backbone.layer1,23,23,23,0.09423643350601196,0.24178186058998108,0.176708136851566,0.07119534193399447,0.1906614899635315,0.042849164456129074,0.7000811696052551,0.36099597811698914,0.7349728954080168,0.9860546588897705,0.11206561703807291,0.24286682025695988,0.2
343,n03014705/ILSVRC2012_val_00029640,supervised,resnet18_imagenet,gradcam,predicted,backbone.layer1,23,23,23,-0.38234975934028625,0.2678041160106659,0.19966901282072866,0.20017154711557486,0.18888796865940094,0.2659029960632324,0.9990301728248596,0.9995033740997314,0.9991230867344948,0.9984301328659058,-0.03298773575522347,0.11590224414486155,0.2
344,n03014705/ILSVRC2012_val_00032497,supervised,resnet18_imagenet,gradcam,predicted,backbone.layer1,23,23,23,0.2394522875547409,0.477518230676651,0.20530854685980435,0.25952473704706935,0.3379809558391571,0.30944302678108215,0.8089276552200317,0.9603118896484375,0.7665617028059697,0.9291337728500366,0.23523090019395848,0.3393866875483832,0.2
345,n03014705/ILSVRC2012_val_00041074,supervised,resnet18_imagenet,gradcam,predicted,backbone.layer1,23,23,23,0.10410784184932709,0.2924991846084595,0.14803009605582343,0.1929611103600124,0.15400777757167816,0.13668246567249298,0.8060742616653442,0.8864641785621643,0.8552096619896256,0.9454523324966431,0.14394049866448158,0.2635033961257199,0.2
346,n03014705/ILSVRC2012_val_00042636,supervised,resnet18_imagenet,gradcam,predicted,backbone.layer1,23,23,23,-0.1138652041554451,0.21397587656974792,0.04588148725272781,0.2549600083098954,0.1852661371231079,0.12218225747346878,0.5630028247833252,0.9696270227432251,0.763133769132501,0.9517403244972229,0.04470636700660892,0.17811860111083344,0.2
347,n03014705/ILSVRC2012_val_00043327,supervised,resnet18_imagenet,gradcam,predicted,backbone.layer1,23,23,23,-0.07785439491271973,0.04644729569554329,0.1857420284407305,0.9317004145406307,0.16572529077529907,0.01537515688687563,0.916916012763977,0.9773167371749878,0.9317004145406307,0.9787623882293701,0.30409097492932047,0.3989259307602939,0.2
348,n03014705/ILSVRC2012_val_00049658,supervised,resnet18_imagenet,gradcam,predicted,backbone.layer1,23,23,23,0.16515007615089417,0.539021909236908,0.19317276603716013,0.19693052552406767,0.19993987679481506,0.28830528259277344,0.8350936770439148,0.8437954187393188,0.8149713010202458,0.9899202585220337,0.183091017928726,0.303816388321425,0.2
349,n03047690/ILSVRC2012_val_00002040,supervised,resnet18_imagenet,gradcam,predicted,backbone.layer1,24,24,24,0.5392983555793762,0.3071666955947876,0.19726682191438985,0.2857518920696658,0.15195678174495697,0.12299872934818268,0.5967467427253723,0.864013671875,0.5787428252549868,0.9580420851707458,0.3606249564269672,0.4532154157244075,0.2
350,n03047690/ILSVRC2012_val_00009402,supervised,resnet18_imagenet,gradcam,predicted,backbone.layer1,24,24,24,-0.01521456427872181,0.07597991824150085,0.34975873665723556,0.39546485260751046,0.23625117540359497,0.07049953192472458,0.4161461889743805,0.8485621213912964,0.3519212372448278,0.9528539180755615,0.2174812510679351,0.32390888752996805,0.2
351,n03047690/ILSVRC2012_val_00019530,supervised,resnet18_imagenet,gradcam,predicted,backbone.layer1,24,24,24,0.2990849018096924,0.37168052792549133,0.17255885220778033,0.08306528396076193,0.15993918478488922,0.05054279789328575,0.5960718989372253,0.3490328788757324,0.6388313137753829,0.9942280650138855,0.1963212015744396,0.3177199594276108,0.2
336,n03014705/ILSVRC2012_val_00003062,supervised,resnet18_imagenet,gradcam,predicted,backbone.layer2,23,17,17,0.34236791729927063,0.16961507499217987,0.18657213449346083,0.18601155324582086,0.2586568593978882,0.05023258179426193,0.9132853746414185,0.8584449291229248,0.9007095025508409,0.9974327087402344,0.24872227324149276,0.3625895993006003,0.2
337,n03014705/ILSVRC2012_val_00003447,supervised,resnet18_imagenet,gradcam,predicted,backbone.layer2,23,10,10,-0.2677425742149353,0.18756824731826782,0.04546974256100553,0.22117771764896618,0.19580218195915222,0.12947465479373932,0.49063804745674133,0.7676118612289429,0.672492825254968,0.9795902371406555,-0.02710279162298261,0.1198904996483639,0.2
338,n03014705/ILSVRC2012_val_00009792,supervised,resnet18_imagenet,gradcam,predicted,backbone.layer2,23,29,29,0.07933017611503601,0.21422503888607025,0.11775707789345835,0.1414073325094029,0.19717112183570862,0.07163147628307343,0.39206260442733765,0.37077853083610535,0.4074457908162453,0.9526469707489014,0.10948139356687278,0.23545370985331313,0.2
339,n03014705/ILSVRC2012_val_00012144,supervised,resnet18_imagenet,gradcam,predicted,backbone.layer2,23,23,23,-0.12289586663246155,0.3455420732498169,0.20033344249599563,0.13068596107461702,0.26432281732559204,0.11539535969495773,0.6290885806083679,0.4901679456233978,0.6035355548468185,0.9645221829414368,0.05014747441819917,0.18441962501250714,0.2
340,n03014705/ILSVRC2012_val_00017258,supervised,resnet18_imagenet,gradcam,predicted,backbone.layer2,23,23,23,0.3469517230987549,0.21909497678279877,0.1753152125704502,0.15305720738450718,0.2669767141342163,0.05603114515542984,0.8919118642807007,0.7176164388656616,0.9090999681120637,0.979762077331543,0.23729241522598915,0.350490519673035,0.2
341,n03014705/ILSVRC2012_val_00017308,supervised,resnet18_imagenet,gradcam,predicted,backbone.layer2,23,23,23,-0.19067631661891937,0.15967626869678497,0.10274653295385493,0.22695516686765507,0.21622730791568756,0.08904525637626648,0.6501361727714539,0.8965092897415161,0.7730389030610705,0.8956076502799988,0.02263998329888524,0.15002986168075552,0.2
342,n03014705/ILSVRC2012_val_00020860,supervised,resnet18_imagenet,gradcam,predicted,backbone.layer2,23,23,23,0.17947395145893097,0.3199097216129303,0.15432691124722464,0.06010891916930827,0.20443850755691528,0.07608065009117126,0.6633134484291077,0.3859252333641052,0.7349728954080168,0.9852730631828308,0.13612032970853227,0.2642158000921837,0.2
343,n03014705/ILSVRC2012_val_00029640,supervised,resnet18_imagenet,gradcam,predicted,backbone.layer2,23,23,23,-0.3756011128425598,0.5100283026695251,0.20023138913264976,0.20017154711557486,0.37687718868255615,0.3278280794620514,0.9994668960571289,0.9996132254600525,0.9991230867344948,0.9970304369926453,-0.03011956426255656,0.11819491011605704,0.2
344,n03014705/ILSVRC2012_val_00032497,supervised,resnet18_imagenet,gradcam,predicted,backbone.layer2,23,23,23,-0.034701135009527206,0.27159687876701355,0.22457327542666788,0.2456144856812006,0.25017037987709045,0.11019911617040634,0.8070807456970215,0.9341128468513489,0.7665617028059697,0.9932560324668884,0.12717587432854965,0.25438994789366587,0.2
345,n03014705/ILSVRC2012_val_00041074,supervised,resnet18_imagenet,gradcam,predicted,backbone.layer2,23,23,23,-0.045693933963775635,0.3165822923183441,0.10712418710659995,0.2338561208081299,0.23563247919082642,0.17450085282325745,0.7525437474250793,0.969666063785553,0.8552096619896256,0.9767411947250366,0.0840165187889087,0.21576337930011646,0.2
346,n03014705/ILSVRC2012_val_00042636,supervised,resnet18_imagenet,gradcam,predicted,backbone.layer2,23,23,23,-0.07873594015836716,0.2786719501018524,0.16481874276895372,0.21786245306312396,0.22835662961006165,0.1339939832687378,0.7270473837852478,0.8430715203285217,0.763133769132501,0.9583441019058228,0.08330998268627644,0.21186433518846431,0.2
347,n03014705/ILSVRC2012_val_00043327,supervised,resnet18_imagenet,gradcam,predicted,backbone.layer2,23,23,23,0.004399235360324383,0.4000821113586426,0.19848037146471117,0.19825275907906936,0.21637274324893951,0.24178224802017212,0.9304102063179016,0.9471098184585571,0.9317004145406307,0.9795925617218018,0.1207796333072639,0.24766189927032892,0.2
348,n03014705/ILSVRC2012_val_00049658,supervised,resnet18_imagenet,gradcam,predicted,backbone.layer2,23,23,23,-0.14940056204795837,0.4609107971191406,0.21225898595567433,0.1761391191888926,0.24989856779575348,0.20076769590377808,0.8522213101387024,0.791602373123169,0.8149713010202458,0.9884084463119507,0.05675920672418672,0.19307059651614888,0.2
349,n03047690/ILSVRC2012_val_00002040,supervised,resnet18_imagenet,gradcam,predicted,backbone.layer2,24,24,24,-0.011896920390427113,0.10647641122341156,0.11569870367194458,0.22239949945245663,0.2702745199203491,0.06172681227326393,0.5434103012084961,0.8176096677780151,0.5787428252549868,0.9886873960494995,0.09667069278114952,0.22866373805187573,0.2
350,n03047690/ILSVRC2012_val_00009402,supervised,resnet18_imagenet,gradcam,predicted,backbone.layer2,24,24,24,0.02011040598154068,0.35641050338745117,0.462143611404191,0.12085643744682849,0.27796515822410583,0.095821313560009,0.44771096110343933,0.31580817699432373,0.3519212372448278,0.9361447095870972,0.18294417704792212,0.2932103607443587,0.2
351,n03047690/ILSVRC2012_val_00019530,supervised,resnet18_imagenet,gradcam,predicted,backbone.layer2,24,24,24,0.0008028071606531739,0.10622268170118332,0.054624270214724845,0.2161638927415002,0.21165472269058228,0.05556084215641022,0.5083160400390625,0.7825628519058228,0.6388313137753829,0.9656994938850403,0.08155757175112878,0.21283294732804092,0.2
336,n03014705/ILSVRC2012_val_00003062,supervised,resnet18_imagenet,gradcam,predicted,backbone.layer3,23,17,17,0.10513214021921158,0.4347130060195923,0.20568908682074669,0.22098910087762896,0.24433010816574097,0.20068642497062683,0.93413245677948,0.94012051820755,0.9007095025508409,0.9969848990440369,0.17005631239719732,0.2930135308579235,0.2
337,n03014705/ILSVRC2012_val_00003447,supervised,resnet18_imagenet,gradcam,predicted,backbone.layer3,23,10,10,-0.20874682068824768,0.06331558525562286,0.12882264968280935,0.24101372037639163,0.25410714745521545,0.03553103655576706,0.5823108553886414,0.6543191075325012,0.672492825254968,0.9164353609085083,0.027452182742461202,0.15686300941018982,0.2
338,n03014705/ILSVRC2012_val_00009792,supervised,resnet18_imagenet,gradcam,predicted,backbone.layer3,23,29,29,-0.058551326394081116,0.20575018227100372,0.018717203115071118,0.19310263837775263,0.13567255437374115,0.1497006118297577,0.2734944820404053,0.5223532915115356,0.4074457908162453,0.9756696820259094,0.040125421890214674,0.17881244843916394,0.2
339,n03014705/ILSVRC2012_val_00012144,supervised,resnet18_imagenet,gradcam,predicted,backbone.layer3,23,23,23,-0.09045104682445526,0.29720160365104675,0.25480065979886873,0.15763334673016088,0.2635629177093506,0.11675040423870087,0.7021222114562988,0.5240030884742737,0.6035355548468185,0.9611523747444153,0.08754978322892677,0.21562349145536036,0.2
340,n03014705/ILSVRC2012_val_00017258,supervised,resnet18_imagenet,gradcam,predicted,backbone.layer3,23,23,23,-0.09293519705533981,0.16144898533821106,0.1632525083611699,0.2133435081216149,0.22635941207408905,0.09738954901695251,0.8520454168319702,0.9736197590827942,0.9090999681120637,0.9867408871650696,0.0758047261226995,0.2096328182260877,0.2
341,n03014705/ILSVRC2012_val_00017308,supervised,resnet18_imagenet,gradcam,predicted,backbone.layer3,23,23,23,-0.08617445081472397,0.22461441159248352,0.15853542783917268,0.199641260012728,0.21910899877548218,0.11504461616277695,0.6582229137420654,0.8159372210502625,0.7730389030610705,0.8991608619689941,0.0729832260296806,0.19425724347317092,0.2
342,n03014705/ILSVRC2012_val_00020860,supervised,resnet18_imagenet,gradcam,predicted,backbone.layer3,23,23,23,0.13816863298416138,0.32012131810188293,0.12560583521279198,0.14174109859082926,0.2653912603855133,0.12311659753322601,0.6767188906669617,0.6203947067260742,0.7349728954080168,0.6557814478874207,0.13547153333475093,0.21356297217847492,0.2
343,n03014705/ILSVRC2012_val_00029640,supervised,resnet18_imagenet,gradcam,predicted,backbone.layer3,23,23,23,-0.09761027246713638,0.40662881731987,0.1993342236928261,0.1999561237310385,0.3854420781135559,0.2808712124824524,0.9985416531562805,0.9992647171020508,0.9991230867344948,0.9991617798805237,0.08074299524030482,0.21553325847454696,0.2
344,n03014705/ILSVRC2012_val_00032497,supervised,resnet18_imagenet,gradcam,predicted,backbone.layer3,23,23,23,0.1926509290933609,0.3058887720108032,0.2538586830062169,0.23454841665812176,0.3227986693382263,0.15796025097370148,0.8702676892280579,0.8919376134872437,0.7665617028059697,0.9945168495178223,0.22358250153664594,0.3387071275264343,0.2
345,n03014705/ILSVRC2012_val_00041074,supervised,resnet18_imagenet,gradcam,predicted,backbone.layer3,23,23,23,-0.1832241415977478,0.4424425959587097,0.16891489126831463,0.20526303808413457,0.2876618206501007,0.2539381682872772,0.8432503342628479,0.9101163148880005,0.8552096619896256,0.9767032861709595,0.03896372216663563,0.1759215257045445,0.2
346,n03014705/ILSVRC2012_val_00042636,supervised,resnet18_imagenet,gradcam,predicted,backbone.layer3,23,23,23,-0.06282230466604233,0.3948918282985687,0.10966704936851673,0.25021989962222535,0.2556147277355194,0.2698400020599365,0.6768487691879272,0.8466855883598328,0.763133769132501,0.988074779510498,0.08283716283080568,0.21619514754114544,0.2
347,n03014705/ILSVRC2012_val_00043327,supervised,resnet18_imagenet,gradcam,predicted,backbone.layer3,23,23,23,0.04492252692580223,0.2995426654815674,0.1800498753116833,0.20997229916893034,0.2397586852312088,0.1681608110666275,0.9109930396080017,0.9848595261573792,0.9317004145406307,0.9269422292709351,0.13497566311450498,0.25226976243482446,0.2
348,n03014705/ILSVRC2012_val_00049658,supervised,resnet18_imagenet,gradcam,predicted,backbone.layer3,23,23,23,0.09769672900438309,0.37049737572669983,0.208146513889828,0.24540252372096122,0.18632376194000244,0.24868686497211456,0.8393959999084473,0.9528627395629883,0.8149713010202458,0.9939159750938416,0.17514340288498997,0.2966685108183076,0.2
349,n03047690/ILSVRC2012_val_00002040,supervised,resnet18_imagenet,gradcam,predicted,backbone.layer3,24,24,24,0.34969210624694824,0.5074955224990845,0.2146098849859451,0.31230898404691443,0.22631536424160004,0.2928639054298401,0.5967365503311157,0.800059974193573,0.5787428252549868,0.9963580369949341,0.29795250320863714,0.4035756599938869,0.2
350,n03047690/ILSVRC2012_val_00009402,supervised,resnet18_imagenet,gradcam,predicted,backbone.layer3,24,24,24,0.17796052992343903,0.3775382936000824,0.5449372384934198,0.4136294027562973,0.2951979637145996,0.29378774762153625,0.4936307966709137,0.6643556356430054,0.3519212372448278,0.9661951661109924,0.35875420434429073,0.4468571207022818,0.2
351,n03047690/ILSVRC2012_val_00019530,supervised,resnet18_imagenet,gradcam,predicted,backbone.layer3,24,24,24,0.6577137112617493,0.5095662474632263,0.20031370312271488,0.27840719254008495,0.16601459681987762,0.2630324363708496,0.6846017241477966,0.7750176787376404,0.6388313137753829,0.9937485456466675,0.40670175320353963,0.4989423047043122,0.2
336,n03014705/ILSVRC2012_val_00003062,supervised,resnet18_imagenet,gradcam,predicted,backbone.layer4,23,17,17,0.12800733745098114,0.5429921746253967,0.22204274903743373,0.15898457988038206,0.32737115025520325,0.4016430377960205,0.958838939666748,0.8727339506149292,0.9007095025508409,0.9940908551216125,0.1655111336557372,0.28917302860553923,0.2
337,n03014705/ILSVRC2012_val_00003447,supervised,resnet18_imagenet,gradcam,predicted,backbone.layer4,23,10,10,0.16918103396892548,0.509247899055481,0.2809573970036631,0.27960949374480315,0.4895085394382477,0.38412901759147644,0.7702158689498901,0.7704398036003113,0.672492825254968,0.9776707291603088,0.23584248081211007,0.3460056939502868,0.2
338,n03014705/ILSVRC2012_val_00009792,supervised,resnet18_imagenet,gradcam,predicted,backbone.layer4,23,29,29,0.47360068559646606,0.5882183313369751,0.12713086565834888,0.2092921758450209,0.24806839227676392,0.30861690640449524,0.3837265074253082,0.5021523833274841,0.4074457908162453,0.9812195897102356,0.2903671866895974,0.3970489387911409,0.2
339,n03014705/ILSVRC2012_val_00012144,supervised,resnet18_imagenet,gradcam,predicted,backbone.layer4,23,23,23,0.2716062366962433,0.5323197245597839,0.2394478772786623,0.313247125500696,0.35972779989242554,0.44860848784446716,0.6610202789306641,0.7430474758148193,0.6035355548468185,0.9543524384498596,0.2744509955123048,0.37638879930600366,0.2
340,n03014705/ILSVRC2012_val_00017258,supervised,resnet18_imagenet,gradcam,predicted,backbone.layer4,23,23,23,0.30165088176727295,0.5743255019187927,0.20350346020756846,0.21999342321599913,0.4025093913078308,0.5004224181175232,0.9134648442268372,0.9720402359962463,0.9090999681120637,0.9734154939651489,0.24770941773397948,0.35746435356920975,0.2
341,n03014705/ILSVRC2012_val_00017308,supervised,resnet18_imagenet,gradcam,predicted,backbone.layer4,23,23,23,0.2536681592464447,0.5602284669876099,0.1679025930532562,0.2587140352685731,0.3124333620071411,0.4613848626613617,0.7406783699989319,0.8826702833175659,0.7730389030610705,0.9831370711326599,0.22945225219512666,0.34290857348661197,0.2
342,n03014705/ILSVRC2012_val_00020860,supervised,resnet18_imagenet,gradcam,predicted,backbone.layer4,23,23,23,0.22734637558460236,0.5119296908378601,0.1529181451119166,0.27211345517645424,0.26459816098213196,0.45388492941856384,0.7004004120826721,0.8771195411682129,0.7349728954080168,0.9451502561569214,0.2184480303203522,0.32760166995024176,0.2
343,n03014705/ILSVRC2012_val_00029640,supervised,resnet18_imagenet,gradcam,predicted,backbone.layer4,23,23,23,0.39911502599716187,0.5225315690040588,0.1999561237310385,0.20017154711557486,0.30810490250587463,0.34822285175323486,0.9990071654319763,0.9997205138206482,0.9991230867344948,0.9951349496841431,0.27968431165284874,0.38899241926328143,0.2
344,n03014705/ILSVRC2012_val_00032497,supervised,resnet18_imagenet,gradcam,predicted,backbone.layer4,23,23,23,0.10153905302286148,0.553743839263916,0.1594272190480363,0.23135124155785525,0.35642898082733154,0.4494699239730835,0.7342032790184021,0.845418393611908,0.7665617028059697,0.9941236972808838,0.15784915939091204,0.2823518383016069,0.2
345,n03014705/ILSVRC2012_val_00041074,supervised,resnet18_imagenet,gradcam,predicted,backbone.layer4,23,23,23,0.40664342045783997,0.516599714756012,0.19457605703709344,0.23305153822859567,0.294898122549057,0.32676875591278076,0.8660404682159424,0.905868649482727,0.8552096619896256,0.9612466096878052,0.29094564676284274,0.393419087429837,0.2
346,n03014705/ILSVRC2012_val_00042636,supervised,resnet18_imagenet,gradcam,predicted,backbone.layer4,23,23,23,-0.028898347169160843,0.49180683493614197,0.25947354704189224,0.2350746268656116,0.4035525321960449,0.4190891683101654,0.8043984174728394,0.8310617804527283,0.763133769132501,0.9874407052993774,0.1368051133045868,0.26163872776257624,0.2
347,n03014705/ILSVRC2012_val_00043327,supervised,resnet18_imagenet,gradcam,predicted,backbone.layer4,23,23,23,0.10662046074867249,0.43423810601234436,0.13633634835505157,0.21465699801060673,0.26131486892700195,0.3420507609844208,0.841041088104248,0.9820440411567688,0.9317004145406307,0.6243368983268738,0.1479461882091665,0.21871603260248101,0.2
348,n03014705/ILSVRC2012_val_00049658,supervised,resnet18_imagenet,gradcam,predicted,backbone.layer4,23,23,23,0.22795481979846954,0.5258512496948242,0.15890679046055006,0.24540252372096122,0.3236091732978821,0.5079618692398071,0.7675712704658508,0.9359849095344543,0.8149713010202458,0.9878146648406982,0.21247472217384122,0.3290337152009469,0.2
349,n03047690/ILSVRC2012_val_00002040,supervised,resnet18_imagenet,gradcam,predicted,backbone.layer4,24,24,24,-0.5405800342559814,0.3698609173297882,0.14505919587382926,0.21219829993168324,0.24821504950523376,0.38819897174835205,0.5404038429260254,0.6078355312347412,0.5787428252549868,0.9950659275054932,-0.10905476496073885,0.04937125108760859,0.2
350,n03047690/ILSVRC2012_val_00009402,supervised,resnet18_imagenet,gradcam,predicted,backbone.layer4,24,24,24,0.3839929699897766,0.5253040194511414,0.3313302245082778,0.5098135426886328,0.28490328788757324,0.40956783294677734,0.4572722613811493,0.5878245234489441,0.3519212372448278,0.9859955906867981,0.40594031815498377,0.49258281989866914,0.2
351,n03047690/ILSVRC2012_val_00019530,supervised,resnet18_imagenet,gradcam,predicted,backbone.layer4,24,24,24,0.455155611038208,0.510269045829773,0.187378339492711,0.17419444831910333,0.318819522857666,0.26395970582962036,0.636635422706604,0.6476388573646545,0.6388313137753829,0.9837096929550171,0.2905340807588275,0.39725411475957895,0.2
352,n03047690/ILSVRC2012_val_00023354,supervised,resnet18_imagenet,gradcam,predicted,backbone.layer1,24,24,24,0.03104657679796219,0.392448753118515,0.11658632387069573,0.10498604190957102,0.15585222840309143,0.11532248556613922,0.38428348302841187,0.3349539637565613,0.4232102997448136,0.9738546013832092,0.0788903404532649,0.21233758353183485,0.2
353,n03047690/ILSVRC2012_val_00023903,supervised,resnet18_imagenet,gradcam,predicted,backbone.layer1,24,32,32,-0.28654417395591736,0.35061541199684143,0.10757778047493322,0.07605833104041662,0.18245510756969452,0.16147516667842865,0.3684080243110657,0.3327960669994354,0.34560347576523726,0.9691665172576904,-0.059526836127761995,0.09099354458291994,0.2
354,n03047690/ILSVRC2012_val_00027854,supervised,resnet18_imagenet,gradcam,predicted,backbone.layer1,24,24,24,-0.014990202151238918,0.02211194671690464,0.20526205888488344,0.6052495216835528,0.1519145965576172,0.000635098316706717,0.627249538898468,0.05246305838227272,0.6052495216835528,0.9571235775947571,0.23715739331003532,0.340949861028389,0.2
355,n03047690/ILSVRC2012_val_00029828,supervised,resnet18_imagenet,gradcam,predicted,backbone.layer1,24,24,24,0.6760711073875427,0.3804014325141907,0.19534939686544678,0.2958421653349761,0.14705942571163177,0.16196765005588531,0.5864729285240173,0.9106858372688293,0.5919563137753923,0.9831130504608154,0.417785911615144,0.506889735704868,0.2
356,n03047690/ILSVRC2012_val_00030355,supervised,resnet18_imagenet,gradcam,predicted,backbone.layer1,24,24,24,-0.03315579146146774,0.004332197364419699,0.03479611203771933,0.5171595982141827,0.270660936832428,0.004885503090918064,0.4721321165561676,1.0000001192092896,0.5171595982141827,0.9561429619789124,0.1523243964909835,0.2698058448482986,0.2
357,n03047690/ILSVRC2012_val_00037434,supervised,resnet18_imagenet,gradcam,predicted,backbone.layer1,24,24,24,-0.17206525802612305,0.1924159824848175,0.3710170457487327,0.018200007695556505,0.2568008601665497,0.013037128373980522,0.46118950843811035,0.06198093667626381,0.3273875956632001,0.9670155048370361,0.04793901282283753,0.18213374877748462,0.2
358,n03047690/ILSVRC2012_val_00044185,supervised,resnet18_imagenet,gradcam,predicted,backbone.layer1,24,24,24,-0.01900654286146164,0.004158622119575739,0.2043657449561019,0.8017378826529015,0.17285533249378204,0.0014434348559007049,0.8197651505470276,0.7782012224197388,0.8017378826529015,0.9674206972122192,0.29422847113811634,0.3899867214825722,0.2
359,n03047690/ILSVRC2012_val_00045240,supervised,resnet18_imagenet,gradcam,predicted,backbone.layer1,24,24,24,-0.2878419756889343,0.2673855721950531,0.16853747111252276,0.2795069226040995,0.1543610692024231,0.25078511238098145,0.46272361278533936,0.7362362146377563,0.5054209183672462,0.9698887467384338,0.01927652783941293,0.1567497189487936,0.2
360,n03047690/ILSVRC2012_val_00048597,supervised,resnet18_imagenet,gradcam,predicted,backbone.layer1,24,24,24,0.08711010962724686,0.07113153487443924,0.13200020994065711,0.6596978635202767,0.10188513994216919,0.015058647841215134,0.5634280443191528,0.7789837121963501,0.6596978635202767,0.991898775100708,0.27235346588917886,0.37719787299987606,0.2
361,n03095699/ILSVRC2012_val_00000403,supervised,resnet18_imagenet,gradcam,predicted,backbone.layer1,25,25,25,0.13607951998710632,0.2844373285770416,0.19675490319065078,0.13993228440544117,0.19375255703926086,0.08720482140779495,0.40581339597702026,0.3584003150463104,0.37035634566319153,0.9927625060081482,0.15543796427367013,0.2807140047957324,0.2
362,n03095699/ILSVRC2012_val_00003200,supervised,resnet18_imagenet,gradcam,predicted,backbone.layer1,25,25,25,0.2535672187805176,0.1336076259613037,0.1303831032274569,0.04320310522315146,0.0603300966322422,0.020152971148490906,0.07411162555217743,0.05552963539958,0.04639668367346014,0.9945834279060364,0.15350275004738956,0.28133259287173873,0.2
363,n03095699/ILSVRC2012_val_00005740,supervised,resnet18_imagenet,gradcam,predicted,backbone.layer1,25,25,25,0.23757852613925934,0.5028780102729797,0.3081531268262672,0.12258630778227761,0.21815858781337738,0.2233532816171646,0.41810041666030884,0.3325052261352539,0.3352997448978924,0.9919503331184387,0.22425324083826717,0.33962989276864275,0.2
364,n03095699/ILSVRC2012_val_00010195,supervised,resnet18_imagenet,gradcam,predicted,backbone.layer1,25,25,25,-0.2421264797449112,0.04786981642246246,0.03141698912840297,0.013305575669792446,0.022659284994006157,0.005613736342638731,0.023536555469036102,0.009637336246669292,0.023118622448974984,0.9469707608222961,-0.08343382245850586,0.06848198741217434,0.2
365,n03095699/ILSVRC2012_val_00014019,supervised,resnet18_imagenet,gradcam,predicted,backbone.layer1,25,25,25,0.14865487813949585,0.31826984882354736,0.26946030098581375,0.05818103168592074,0.15808767080307007,0.04014920815825462,0.28700295090675354,0.11806230992078781,0.19003109056118664,0.9858794212341309,0.1577543510573187,0.2818214537018768,0.2
366,n03095699/ILSVRC2012_val_00019229,supervised,resnet18_imagenet,gradcam,predicted,backbone.layer1,25,25,25,0.39101001620292664,0.3331924080848694,0.30699988605708267,0.35065546746198656,0.16695564985275269,0.21075984835624695,0.5557935833930969,0.813334584236145,0.4858298788264338,0.9920117855072021,0.35370061253689145,0.45006911187687193,0.2
367,n03095699/ILSVRC2012_val_00020075,supervised,resnet18_imagenet,gradcam,predicted,backbone.layer1,25,25,25,-0.16200368106365204,0.18704019486904144,0.2915083258479296,0.09856009403461735,0.15091268718242645,0.06703351438045502,0.2547745406627655,0.21671044826507568,0.17253268494894522,0.9812086224555969,0.052219053539303256,0.18799710996669805,0.2
352,n03047690/ILSVRC2012_val_00023354,supervised,resnet18_imagenet,gradcam,predicted,backbone.layer2,24,24,24,-0.15524592995643616,0.3405609130859375,0.0841827889882518,0.14454082939857818,0.18023844063282013,0.13736949861049652,0.3677305281162262,0.4379066526889801,0.4232102997448136,0.9825937747955322,0.006518713533474517,0.15023389533128467,0.2
353,n03047690/ILSVRC2012_val_00023903,supervised,resnet18_imagenet,gradcam,predicted,backbone.layer2,24,32,32,-0.2142944633960724,0.42373770475387573,0.16692242114229883,0.06335210720525797,0.18395017087459564,0.10548833757638931,0.36297160387039185,0.21566063165664673,0.34560347576523726,0.939441978931427,-0.01663542685416192,0.12348186673797791,0.2
354,n03047690/ILSVRC2012_val_00027854,supervised,resnet18_imagenet,gradcam,predicted,backbone.layer2,24,24,24,-0.10366559028625488,0.21712565422058105,0.16053425247733435,0.14647295840186528,0.1596856266260147,0.058380771428346634,0.5718275308609009,0.5553474426269531,0.6052495216835528,0.994648277759552,0.05063592714925793,0.1896660877835435,0.2
355,n03047690/ILSVRC2012_val_00029828,supervised,resnet18_imagenet,gradcam,predicted,backbone.layer2,24,24,24,-0.25627389550209045,0.13436590135097504,0.2643820796740918,0.32580408381144876,0.26598095893859863,0.0957331657409668,0.6255970597267151,0.9456779956817627,0.5919563137753923,0.9827837944030762,0.07454629084482597,0.2052682466061149,0.2
356,n03047690/ILSVRC2012_val_00030355,supervised,resnet18_imagenet,gradcam,predicted,backbone.layer2,24,24,24,0.08839425444602966,0.21811896562576294,0.13185707096120663,0.2099122423589624,0.282856285572052,0.10983221977949142,0.5081585645675659,0.606583297252655,0.5171595982141827,0.9368332028388977,0.13788849577446255,0.2569052978119873,0.2
357,n03047690/ILSVRC2012_val_00037434,supervised,resnet18_imagenet,gradcam,predicted,backbone.layer2,24,24,24,-0.09389890730381012,0.17875143885612488,0.31435950926324224,0.04024999017332642,0.2335011512041092,0.02069433219730854,0.4125911295413971,0.1037481278181076,0.3273875956632001,0.7630262970924377,0.06882328690944656,0.17024170186667428,0.2
358,n03047690/ILSVRC2012_val_00044185,supervised,resnet18_imagenet,gradcam,predicted,backbone.layer2,24,24,24,-0.021655350923538208,0.25791826844215393,0.23499348878345047,0.2059839723594688,0.2583727538585663,0.11426407843828201,0.8598619103431702,0.8307437896728516,0.8017378826529015,0.6058244109153748,0.1236310979734605,0.19353865409979765,0.2
359,n03047690/ILSVRC2012_val_00045240,supervised,resnet18_imagenet,gradcam,predicted,backbone.layer2,24,24,24,-0.16292503476142883,0.2040197104215622,0.09905294208970686,0.22895038366715428,0.22237567603588104,0.13495932519435883,0.44024744629859924,0.6297088265419006,0.5054209183672462,0.9709236025810242,0.0332309838224868,0.17061560965986883,0.2
360,n03047690/ILSVRC2012_val_00048597,supervised,resnet18_imagenet,gradcam,predicted,backbone.layer2,24,24,24,-0.09865551441907883,0.30086302757263184,0.14461603778587684,0.20917194595497868,0.18846340477466583,0.11738483607769012,0.6466037034988403,0.7262692451477051,0.6596978635202767,0.9598655104637146,0.06667418935462513,0.19789739245809349,0.2
361,n03095699/ILSVRC2012_val_00000403,supervised,resnet18_imagenet,gradcam,predicted,backbone.layer2,25,25,25,0.11004438996315002,0.25284597277641296,0.15749878660404565,0.15223255626679863,0.19974227249622345,0.0859854593873024,0.38642215728759766,0.3989638090133667,0.37035634566319153,0.9607137441635132,0.1369371588465133,0.26005543382934054,0.2
362,n03095699/ILSVRC2012_val_00003200,supervised,resnet18_imagenet,gradcam,predicted,backbone.layer2,25,25,25,-0.198776513338089,0.3559128940105438,0.06752439340292934,0.0028390655418536344,0.04062354937195778,0.014941735193133354,0.04640644043684006,0.018908880650997162,0.04639668367346014,0.996583878993988,-0.05840156765180071,0.0975066669169628,0.2
363,n03095699/ILSVRC2012_val_00005740,supervised,resnet18_imagenet,gradcam,predicted,backbone.layer2,25,25,25,0.15332196652889252,0.24386557936668396,0.32545400710603756,0.059398911414349054,0.2584761381149292,0.04064462333917618,0.4325598478317261,0.18552950024604797,0.3352997448978924,0.992030680179596,0.176784662167673,0.2986805199421484,0.2
364,n03095699/ILSVRC2012_val_00010195,supervised,resnet18_imagenet,gradcam,predicted,backbone.layer2,25,25,25,-0.23035262525081635,0.31511372327804565,0.04323921349357633,0.021255245393157037,0.031652338802814484,0.019917592406272888,0.03220714256167412,0.021806759759783745,0.023118622448974984,0.9207119345664978,-0.07279271243430653,0.07360698606887228,0.2
365,n03095699/ILSVRC2012_val_00014019,supervised,resnet18_imagenet,gradcam,predicted,backbone.layer2,25,25,25,-0.08967624604701996,0.42576879262924194,0.08445084783326806,0.24888321633679075,0.16543912887573242,0.20560893416404724,0.22129902243614197,0.3050723969936371,0.19003109056118664,0.9755412936210632,0.06412972083220965,0.19827802396921718,0.2
366,n03095699/ILSVRC2012_val_00019229,supervised,resnet18_imagenet,gradcam,predicted,backbone.layer2,25,25,25,-0.3230173587799072,0.1283392459154129,0.06515615810812976,0.17768651608481256,0.22250309586524963,0.07996679842472076,0.410336971282959,0.5265827775001526,0.4858298788264338,0.9921053647994995,-0.05635414125408022,0.09647039769519297,0.2
367,n03095699/ILSVRC2012_val_00020075,supervised,resnet18_imagenet,gradcam,predicted,backbone.layer2,25,25,25,-0.21257761120796204,0.2940928637981415,0.29949944382626564,0.10977854301483715,0.15663184225559235,0.0923214852809906,0.21489164233207703,0.18406853079795837,0.17253268494894522,0.9706082940101624,0.037752351569146005,0.17350857688901336,0.2
352,n03047690/ILSVRC2012_val_00023354,supervised,resnet18_imagenet,gradcam,predicted,backbone.layer3,24,24,24,-0.14536036550998688,0.4420545697212219,0.11360398860394814,0.2515008404705629,0.20468176901340485,0.292796790599823,0.38551419973373413,0.562427282333374,0.4232102997448136,0.9763160943984985,0.05138730251835857,0.18684749349990715,0.2
353,n03047690/ILSVRC2012_val_00023903,supervised,resnet18_imagenet,gradcam,predicted,backbone.layer3,24,32,32,-0.31923508644104004,0.3123835325241089,0.05170956588549684,0.15436835891374837,0.08946749567985535,0.21510623395442963,0.28116339445114136,0.3990335464477539,0.34560347576523726,0.9859880805015564,-0.06587065713664245,0.08768541302068075,0.2
354,n03047690/ILSVRC2012_val_00027854,supervised,resnet18_imagenet,gradcam,predicted,backbone.layer3,24,24,24,-0.2200106382369995,0.3996037542819977,0.14194478198204372,0.27000691519448355,0.26179584860801697,0.3290654718875885,0.5565810203552246,0.7595028281211853,0.6052495216835528,0.8876933455467224,0.03558125385815836,0.15913820274319035,0.2
355,n03047690/ILSVRC2012_val_00029828,supervised,resnet18_imagenet,gradcam,predicted,backbone.layer3,24,24,24,0.2539583444595337,0.3646949529647827,0.2704862998368544,0.3177145510013537,0.32498931884765625,0.2754729092121124,0.6474122405052185,0.885849118232727,0.5919563137753923,0.9401729106903076,0.2780435930352759,0.3769615698739349,0.2
356,n03047690/ILSVRC2012_val_00030355,supervised,resnet18_imagenet,gradcam,predicted,backbone.layer3,24,24,24,-0.1450428068637848,0.44116783142089844,0.266417962975904,0.17529477087886622,0.248831108212471,0.26261430978775024,0.5408039093017578,0.5452495813369751,0.5171595982141827,0.964907705783844,0.07449669741091713,0.20439935692894448,0.2
357,n03047690/ILSVRC2012_val_00037434,supervised,resnet18_imagenet,gradcam,predicted,backbone.layer3,24,24,24,0.28281718492507935,0.4856843650341034,0.2510992388065571,0.18668998609794757,0.18618519604206085,0.2691206932067871,0.34706151485443115,0.417766809463501,0.3273875956632001,0.9777547121047974,0.24446364144138313,0.35509652776562356,0.2
358,n03047690/ILSVRC2012_val_00044185,supervised,resnet18_imagenet,gradcam,predicted,backbone.layer3,24,24,24,0.18588419258594513,0.4068298637866974,0.19038935202723797,0.217876959608389,0.17277248203754425,0.19876202940940857,0.7968029975891113,0.8042224049568176,0.8017378826529015,0.9755154252052307,0.19683357052506611,0.3134533590947721,0.2
359,n03047690/ILSVRC2012_val_00045240,supervised,resnet18_imagenet,gradcam,predicted,backbone.layer3,24,24,24,0.4260209798812866,0.5717935562133789,0.17865823206253414,0.2574412161681262,0.21690213680267334,0.3389553725719452,0.5030850768089294,0.5722204446792603,0.5054209183672462,0.93621826171875,0.3012382264217128,0.39856494427392786,0.2
360,n03047690/ILSVRC2012_val_00048597,supervised,resnet18_imagenet,gradcam,predicted,backbone.layer3,24,24,24,0.09028859436511993,0.33130303025245667,0.23932655289311058,0.19397697077053977,0.37503981590270996,0.16480308771133423,0.7166876792907715,0.7153461575508118,0.6596978635202767,0.961712121963501,0.16610649484514306,0.2841837072382297,0.2
361,n03095699/ILSVRC2012_val_00000403,supervised,resnet18_imagenet,gradcam,predicted,backbone.layer3,25,25,25,0.07610446214675903,0.4376758337020874,0.15074992963120723,0.07756608178323761,0.2492390125989914,0.15693454444408417,0.39912259578704834,0.32865530252456665,0.37035634566319153,0.9516391754150391,0.09893658828303706,0.22646144091723272,0.2
362,n03095699/ILSVRC2012_val_00003200,supervised,resnet18_imagenet,gradcam,predicted,backbone.layer3,25,25,25,0.1415451467037201,0.4545646607875824,0.0,0.049490662139177,0.007394827902317047,0.04598790407180786,0.00874848198145628,0.049241457134485245,0.04639668367346014,0.9980233907699585,0.07146525732324113,0.21161697549659006,0.2
363,n03095699/ILSVRC2012_val_00005740,supervised,resnet18_imagenet,gradcam,predicted,backbone.layer3,25,25,25,0.6554064750671387,0.47729524970054626,0.45588075880734097,0.4785887274325855,0.2642902135848999,0.3358214199542999,0.47996729612350464,0.674830973148346,0.3352997448978924,0.9988638758659363,0.5425034358988334,0.6128392192133706,0.2
364,n03095699/ILSVRC2012_val_00010195,supervised,resnet18_imagenet,gradcam,predicted,backbone.layer3,25,25,25,0.2428988367319107,0.38909921050071716,0.11456156066476106,0.10819639675301108,0.05384727939963341,0.07395563274621964,0.055110055953264236,0.07618008553981781,0.023118622448974984,0.9672282934188843,0.16398692191809594,0.2857883262234444,0.2
365,n03095699/ILSVRC2012_val_00014019,supervised,resnet18_imagenet,gradcam,predicted,backbone.layer3,25,25,25,-0.1631917953491211,0.21643684804439545,0.0660202636452413,0.6760877012669783,0.09462472796440125,0.31825417280197144,0.14263451099395752,0.6117739677429199,0.19003109056118664,0.9786047339439392,0.1573556713340174,0.27520057294745337,0.2
366,n03095699/ILSVRC2012_val_00019229,supervised,resnet18_imagenet,gradcam,predicted,backbone.layer3,25,25,25,-0.22558556497097015,0.15522508323192596,0.032835104147898184,0.31223306894435926,0.08279597759246826,0.18906763195991516,0.2145153135061264,0.8117709159851074,0.4858298788264338,0.9868813753128052,0.013286225939289159,0.15534430183014558,0.2
367,n03095699/ILSVRC2012_val_00020075,supervised,resnet18_imagenet,gradcam,predicted,backbone.layer3,25,25,25,0.5529180765151978,0.3947369456291199,0.6384992987371682,0.624120253713942,0.2993364632129669,0.3838537335395813,0.38693031668663025,0.5573633313179016,0.17253268494894522,0.9876976013183594,0.5999530963414121,0.6573308550908507,0.2
352,n03047690/ILSVRC2012_val_00023354,supervised,resnet18_imagenet,gradcam,predicted,backbone.layer4,24,24,24,0.45679453015327454,0.6280062198638916,0.29277519634841365,0.3621711099493108,0.3127053678035736,0.3840557634830475,0.504336416721344,0.5265890955924988,0.4232102997448136,0.8916612863540649,0.37920170395062713,0.45736385508118693,0.2
353,n03047690/ILSVRC2012_val_00023903,supervised,resnet18_imagenet,gradcam,predicted,backbone.layer4,24,32,32,0.31467100977897644,0.46677735447883606,0.29363954257617725,0.4224254390520511,0.31785911321640015,0.43137067556381226,0.4164639115333557,0.6612470746040344,0.34560347576523726,0.9135345220565796,0.3406878984000591,0.42618127713818577,0.2
354,n03047690/ILSVRC2012_val_00027854,supervised,resnet18_imagenet,gradcam,predicted,backbone.layer4,24,24,24,0.45517605543136597,0.6273488998413086,0.27472562129422395,0.27674903621302005,0.38731643557548523,0.41226089000701904,0.7114623188972473,0.690221905708313,0.6052495216835528,0.9917243719100952,0.3475128194247196,0.4459389395643033,0.2
355,n03047690/ILSVRC2012_val_00029828,supervised,resnet18_imagenet,gradcam,predicted,backbone.layer4,24,24,24,0.38345953822135925,0.4966132640838623,0.22857407865439383,0.3375408125482724,0.312965452671051,0.4518742263317108,0.5715610384941101,0.9077618718147278,0.5919563137753923,0.9896984100341797,0.3232182826493436,0.4241943226832692,0.2
356,n03047690/ILSVRC2012_val_00030355,supervised,resnet18_imagenet,gradcam,predicted,backbone.layer4,24,24,24,0.33405041694641113,0.5664873123168945,0.25787394693597443,0.2868433286842303,0.30095282196998596,0.4783206284046173,0.5686136484146118,0.6464611887931824,0.5171595982141827,0.913737416267395,0.2970353494646259,0.3901575772764043,0.2
357,n03047690/ILSVRC2012_val_00037434,supervised,resnet18_imagenet,gradcam,predicted,backbone.layer4,24,24,24,0.23376677930355072,0.5426502227783203,0.3217352236420119,0.5902644230765683,0.3204362690448761,0.49394792318344116,0.41215968132019043,0.5969291925430298,0.3273875956632001,0.9870072603225708,0.3671066057369944,0.4578693734842735,0.2
358,n03047690/ILSVRC2012_val_00044185,supervised,resnet18_imagenet,gradcam,predicted,backbone.layer4,24,24,24,0.14270401000976562,0.506568193435669,0.2010274790919472,0.2445033178171129,0.3864825665950775,0.4670661389827728,0.8103349804878235,0.9130023121833801,0.8017378826529015,0.9587302207946777,0.19074084307662428,0.30513863584988465,0.2
359,n03047690/ILSVRC2012_val_00045240,supervised,resnet18_imagenet,gradcam,predicted,backbone.layer4,24,24,24,0.07540283352136612,0.47615793347358704,0.18437343148730653,0.21193140979559436,0.26303839683532715,0.38182079792022705,0.48768356442451477,0.6043816208839417,0.5054209183672462,0.9113429188728333,0.1490525857934167,0.2621686398841283,0.2
360,n03047690/ILSVRC2012_val_00048597,supervised,resnet18_imagenet,gradcam,predicted,backbone.layer4,24,24,24,0.05789255350828171,0.46505191922187805,0.16864891224833556,0.2052528639284143,0.3087123930454254,0.36453673243522644,0.6302486062049866,0.6981476545333862,0.6596978635202767,0.9216741323471069,0.13532755425633763,0.2519889576241521,0.2
361,n03095699/ILSVRC2012_val_00000403,supervised,resnet18_imagenet,gradcam,predicted,backbone.layer4,25,25,25,0.028296083211898804,0.4529908001422882,0.2726464179302385,0.24632000696792686,0.28799840807914734,0.3817993104457855,0.46249493956565857,0.4621471166610718,0.37035634566319153,0.9374803304672241,0.16700836075420913,0.28026728491878955,0.2
362,n03095699/ILSVRC2012_val_00003200,supervised,resnet18_imagenet,gradcam,predicted,backbone.layer4,25,25,25,0.16126397252082825,0.4837366044521332,0.09115778326853939,0.1957636135020836,0.0696551501750946,0.09658477455377579,0.07379133999347687,0.10060079395771027,0.04639668367346014,0.9970743656158447,0.15058200803951818,0.2777338944173223,0.2
363,n03095699/ILSVRC2012_val_00005740,supervised,resnet18_imagenet,gradcam,predicted,backbone.layer4,25,25,25,-0.10996358841657639,0.5284509658813477,0.2692181571179701,0.5475339940075205,0.3138945698738098,0.4588168263435364,0.39247459173202515,0.5294140577316284,0.3352997448978924,0.9892005324363708,0.2010402099710166,0.31408086170102656,0.2
364,n03095699/ILSVRC2012_val_00010195,supervised,resnet18_imagenet,gradcam,predicted,backbone.layer4,25,25,25,0.5083283185958862,0.5763559341430664,0.11558389796720248,0.11559541604373133,0.052401695400476456,0.0594133660197258,0.053220875561237335,0.06034088507294655,0.023118622448974984,0.9940745830535889,0.2726851216416346,0.38482092746933194,0.2
365,n03095699/ILSVRC2012_val_00014019,supervised,resnet18_imagenet,gradcam,predicted,backbone.layer4,25,25,25,-0.08902892470359802,0.4630981385707855,0.2480239673634319,0.5182311869662387,0.20189712941646576,0.3136560320854187,0.23636265099048615,0.344245970249176,0.19003109056118664,0.9450897574424744,0.194264976417462,0.3021671285525295,0.2
366,n03095699/ILSVRC2012_val_00019229,supervised,resnet18_imagenet,gradcam,predicted,backbone.layer4,25,25,25,0.0026433838065713644,0.5324081182479858,0.15655037978081718,0.4114848236257541,0.3066007196903229,0.5266640186309814,0.4896101653575897,0.7066604495048523,0.4858298788264338,0.9965944290161133,0.17146791454459992,0.2924231495363598,0.2
367,n03095699/ILSVRC2012_val_00020075,supervised,resnet18_imagenet,gradcam,predicted,backbone.layer4,25,25,25,-0.04727562889456749,0.49405214190483093,0.2915083258479296,0.6612157838600593,0.23498757183551788,0.291408896446228,0.25943273305892944,0.3096030354499817,0.17253268494894522,0.9881601929664612,0.26690698135456964,0.36985858625886775,0.2
368,n03095699/ILSVRC2012_val_00022271,supervised,resnet18_imagenet,gradcam,predicted,backbone.layer1,25,25,25,0.19992752373218536,0.17618095874786377,0.26316181953756035,0.34543288324053,0.15451020002365112,0.08643143624067307,0.5416215658187866,0.8478106260299683,0.4751873405611298,0.9863426089286804,0.26254942032630124,0.3700747003400895,0.2
369,n03095699/ILSVRC2012_val_00023417,supervised,resnet18_imagenet,gradcam,predicted,backbone.layer1,25,25,25,0.18011221289634705,0.4832540452480316,0.43448332377248666,0.16273663234794902,0.19852861762046814,0.11835489422082901,0.29228970408439636,0.22124522924423218,0.1488759566326234,0.9767877459526062,0.2512108719946695,0.3588624254367213,0.2
370,n03095699/ILSVRC2012_val_00027211,supervised,resnet18_imagenet,gradcam,predicted,backbone.layer1,25,25,25,0.19109976291656494,0.3527001738548279,0.23955053200297008,0.2632930207417528,0.1854517161846161,0.1636427640914917,0.603471577167511,0.7156679034233093,0.5453005420917281,0.9760825037956238,0.2272929709900428,0.339008180776322,0.2
371,n03095699/ILSVRC2012_val_00029800,supervised,resnet18_imagenet,gradcam,predicted,backbone.layer1,25,25,25,0.08135245740413666,0.3750426173210144,0.32079094872310526,0.13937141833804648,0.18000952899456024,0.09123461693525314,0.42549729347229004,0.28171318769454956,0.3071986607142245,0.9889875054359436,0.1705896930800002,0.2918620776721273,0.2
372,n03095699/ILSVRC2012_val_00035961,supervised,resnet18_imagenet,gradcam,predicted,backbone.layer1,25,25,25,0.3503674566745758,0.07548265159130096,0.29378380182927566,0.18618463010200373,0.14739841222763062,0.030472973361611366,0.22932037711143494,0.30772295594215393,0.18618463010200373,0.9895029664039612,0.28413751224921413,0.39104616277951554,0.2
373,n03095699/ILSVRC2012_val_00036884,supervised,resnet18_imagenet,gradcam,predicted,backbone.layer1,25,25,25,0.12426788359880447,0.3350785970687866,0.11305511956418775,0.16904652233989453,0.1611587554216385,0.08471034467220306,0.6701597571372986,0.6810315251350403,0.7610610650508688,0.9778150320053101,0.13433764601074646,0.26069142453639865,0.2
374,n03095699/ILSVRC2012_val_00039908,supervised,resnet18_imagenet,gradcam,predicted,backbone.layer1,25,25,25,0.3361682593822479,0.48381099104881287,0.20300398967373257,0.19459333488692235,0.20708926022052765,0.1557346135377884,0.7249594926834106,0.6867155432701111,0.7194475446427138,0.9898102879524231,0.25374650112109565,0.36552976511681395,0.2
375,n03197337/ILSVRC2012_val_00006034,supervised,resnet18_imagenet,gradcam,predicted,backbone.layer1,26,26,26,0.30800285935401917,0.04792224243283272,0.20299145299133575,0.21516262755097754,0.13683055341243744,0.0493156723678112,0.2626905143260956,0.9828340411186218,0.21516262755097754,0.9158654808998108,0.24864736790430164,0.3497193430444566,0.2
376,n03197337/ILSVRC2012_val_00009243,supervised,resnet18_imagenet,gradcam,predicted,backbone.layer1,26,22,22,0.08864586800336838,0.09622465819120407,0.0,0.0,0.0,0.0,0.0,0.0,0.0,0.9743843674659729,0.03545834720134735,0.17718370892107485,0.2
377,n03197337/ILSVRC2012_val_00010958,supervised,resnet18_imagenet,gradcam,predicted,backbone.layer1,26,18,18,-0.10891377925872803,0.13183927536010742,0.27823321238172366,0.450488003253126,0.23049424588680267,0.18590226769447327,0.39640405774116516,0.9177080392837524,0.3686822385203347,0.9974323511123657,0.17505085298696368,0.29367533383501243,0.2
378,n03197337/ILSVRC2012_val_00011103,supervised,resnet18_imagenet,gradcam,predicted,backbone.layer1,26,26,26,0.07791382819414139,0.4154985845088959,0.36273823735217436,0.17966717742216454,0.2734661102294922,0.14722460508346558,0.6443731188774109,0.47920650243759155,0.4597815688774594,0.9701090455055237,0.19388715570995824,0.30838755038736276,0.2
379,n03197337/ILSVRC2012_val_00011172,supervised,resnet18_imagenet,gradcam,predicted,backbone.layer1,26,26,26,-0.08713756501674652,0.30645039677619934,0.1377974989914918,0.24018760076205772,0.1615425944328308,0.13419827818870544,0.5471487641334534,0.7212942838668823,0.6432158801019127,0.9907369017601013,0.07854050391936625,0.21260866244654128,0.2
380,n03197337/ILSVRC2012_val_00011421,supervised,resnet18_imagenet,gradcam,predicted,backbone.layer1,26,26,26,0.10142642259597778,0.16483786702156067,0.13913790326902187,0.09465593727427285,0.09563252329826355,0.02567794919013977,0.23112159967422485,0.19070693850517273,0.22293526785709844,0.9809587597846985,0.11070872120137952,0.24109152201212064,0.2
381,n03197337/ILSVRC2012_val_00012194,supervised,resnet18_imagenet,gradcam,predicted,backbone.layer1,26,26,26,0.09826976805925369,0.30697664618492126,0.23296330558118009,0.26414796079662844,0.26147812604904175,0.18569150567054749,0.6031976938247681,0.834529459476471,0.5968989158162076,0.9404032826423645,0.18844128713704406,0.2997327278115456,0.2
382,n03197337/ILSVRC2012_val_00016242,supervised,resnet18_imagenet,gradcam,predicted,backbone.layer1,26,26,26,0.09890563040971756,0.3794102072715759,0.21145288686166108,0.236347638510378,0.14960643649101257,0.2341328114271164,0.6583719253540039,0.8062731027603149,0.668128188775377,0.9444416761398315,0.17390240977549876,0.28823335340738565,0.2
383,n03197337/ILSVRC2012_val_00017149,supervised,resnet18_imagenet,gradcam,predicted,backbone.layer1,26,26,26,0.41995102167129517,0.5948466062545776,0.10011396011390307,0.09611672533206761,0.09751006215810776,0.08586790412664413,0.1631193459033966,0.14227138459682465,0.1847895408162897,0.981864333152771,0.2268496143023093,0.3433201789193616,0.2
368,n03095699/ILSVRC2012_val_00022271,supervised,resnet18_imagenet,gradcam,predicted,backbone.layer2,25,25,25,0.023971807211637497,0.29043805599212646,0.1559301214684878,0.29930198665325636,0.23717528581619263,0.20060721039772034,0.48071321845054626,0.7204379439353943,0.4751873405611298,0.962668776512146,0.14615835532117824,0.266598476031331,0.2
369,n03095699/ILSVRC2012_val_00023417,supervised,resnet18_imagenet,gradcam,predicted,backbone.layer2,25,25,25,-0.07202088832855225,0.2816242277622223,0.35792413311584986,0.18235850330934597,0.17279279232025146,0.1271280199289322,0.2478126883506775,0.2681289613246918,0.1488759566326234,0.9631374478340149,0.13327643559613783,0.2543339653664079,0.2
370,n03095699/ILSVRC2012_val_00027211,supervised,resnet18_imagenet,gradcam,predicted,backbone.layer2,25,25,25,-0.15457235276699066,0.30275052785873413,0.2029078744209332,0.2498663101603443,0.18135586380958557,0.14524713158607483,0.5771706700325012,0.6420160531997681,0.5453005420917281,0.9836214780807495,0.07400331426758697,0.20663644438898507,0.2
371,n03095699/ILSVRC2012_val_00029800,supervised,resnet18_imagenet,gradcam,predicted,backbone.layer2,25,25,25,-0.17762230336666107,0.24342334270477295,0.24719431511872228,0.20863411854093433,0.18958646059036255,0.13515685498714447,0.3784450888633728,0.42379868030548096,0.3071986607142245,0.9874937534332275,0.06569960875123254,0.19991336525156692,0.2
372,n03095699/ILSVRC2012_val_00035961,supervised,resnet18_imagenet,gradcam,predicted,backbone.layer2,25,25,25,-0.08031418174505234,0.2029283493757248,0.1450774140171699,0.015992030201333895,0.07899313420057297,0.011108417995274067,0.15539313852787018,0.04225432127714157,0.18618463010200373,0.9967901706695557,0.0161951605675302,0.161675923044291,0.2
373,n03095699/ILSVRC2012_val_00036884,supervised,resnet18_imagenet,gradcam,predicted,backbone.layer2,25,25,25,0.044710151851177216,0.3791889250278473,0.18417562988060898,0.16052175587212156,0.22781705856323242,0.1314813643693924,0.7649428844451904,0.6998308897018433,0.7610610650508688,0.9827014207839966,0.12129327646629005,0.24922811270369416,0.2
374,n03095699/ILSVRC2012_val_00039908,supervised,resnet18_imagenet,gradcam,predicted,backbone.layer2,25,25,25,0.20291756093502045,0.47286340594291687,0.13253958512332575,0.17308719200544842,0.27159982919692993,0.21229921281337738,0.646029531955719,0.7329634428024292,0.7194475446427138,0.9442553520202637,0.17285505751264044,0.28906614341249026,0.2
375,n03197337/ILSVRC2012_val_00006034,supervised,resnet18_imagenet,gradcam,predicted,backbone.layer2,26,26,26,-0.25990888476371765,0.08707372844219208,0.036368159203962004,0.40342248871494746,0.07867250591516495,0.18283376097679138,0.1359643042087555,0.7770141959190369,0.21516262755097754,0.976570188999176,0.027973640470185773,0.1654650806623026,0.2
376,n03197337/ILSVRC2012_val_00009243,supervised,resnet18_imagenet,gradcam,predicted,backbone.layer2,26,22,22,0.2016720026731491,0.4015641510486603,0.0,0.0,0.0,0.0,0.0,0.0,0.0,0.9924169778823853,0.08066880106925965,0.21944774761796,0.2
377,n03197337/ILSVRC2012_val_00010958,supervised,resnet18_imagenet,gradcam,predicted,backbone.layer2,26,18,18,0.6172232031822205,0.28735804557800293,0.35843846703148846,0.4113864569419739,0.24461627006530762,0.19011645019054413,0.4262141287326813,0.7706020474433899,0.3686822385203347,0.9956232309341431,0.4778367584649269,0.5578278367472642,0.2
378,n03197337/ILSVRC2012_val_00011103,supervised,resnet18_imagenet,gradcam,predicted,backbone.layer2,26,26,26,-0.4504055380821228,0.1616959422826767,0.30165532968965453,0.040318018980566805,0.3227408528327942,0.035025704652071,0.6110226511955261,0.18225672841072083,0.4597815688774594,0.9721872806549072,-0.07757021063178274,0.07367949093704845,0.2
379,n03197337/ILSVRC2012_val_00011172,supervised,resnet18_imagenet,gradcam,predicted,backbone.layer2,26,26,26,0.13343989849090576,0.4027482867240906,0.027615855435726318,0.1724166597389164,0.2039455771446228,0.14565253257751465,0.4941307008266449,0.5749172568321228,0.6432158801019127,0.9884273409843445,0.11338571394875513,0.24497619441312937,0.2
380,n03197337/ILSVRC2012_val_00011421,supervised,resnet18_imagenet,gradcam,predicted,backbone.layer2,26,26,26,0.1854027956724167,0.40402618050575256,0.08909417500636946,0.040398097759454625,0.11244772374629974,0.05506300926208496,0.20475201308727264,0.1211993396282196,0.22293526785709844,0.7595106959342957,0.1130088000987139,0.2111906510669462,0.2
381,n03197337/ILSVRC2012_val_00012194,supervised,resnet18_imagenet,gradcam,predicted,backbone.layer2,26,26,26,-0.3939524292945862,0.17151318490505219,0.12065582959637874,0.2608394033991546,0.19979573786258698,0.1542568802833557,0.5247349739074707,0.8147926926612854,0.5968989158162076,0.8982221484184265,-0.043132401819174465,0.09222378025854215,0.2
382,n03197337/ILSVRC2012_val_00016242,supervised,resnet18_imagenet,gradcam,predicted,backbone.layer2,26,26,26,-0.05142620950937271,0.2086772918701172,0.08550139553426897,0.14976903787774853,0.2082131952047348,0.06509464979171753,0.5653913021087646,0.5517115592956543,0.668128188775377,0.9280736446380615,0.05001064621985616,0.18002948172043315,0.2
383,n03197337/ILSVRC2012_val_00017149,supervised,resnet18_imagenet,gradcam,predicted,backbone.layer2,26,26,26,0.2971232831478119,0.4749763011932373,0.20638590352399,0.08502866134647351,0.14435313642024994,0.07950662076473236,0.21519224345684052,0.13894695043563843,0.1847895408162897,0.9887117743492126,0.2062736827202638,0.32515355647173194,0.2
368,n03095699/ILSVRC2012_val_00022271,supervised,resnet18_imagenet,gradcam,predicted,backbone.layer3,25,25,25,0.20757557451725006,0.30140119791030884,0.33921018302552114,0.41299632966282407,0.29322656989097595,0.36706724762916565,0.5540184378623962,0.9009897708892822,0.4751873405611298,0.8659809827804565,0.30869218361340356,0.3906002266701923,0.2
369,n03095699/ILSVRC2012_val_00023417,supervised,resnet18_imagenet,gradcam,predicted,backbone.layer3,25,25,25,0.5506802201271057,0.5315093398094177,0.43166762083877347,0.5573843416365147,0.22554144263267517,0.28800734877586365,0.2766720652580261,0.3692658245563507,0.1488759566326234,0.9873346090316772,0.5169876767934287,0.5881012590180607,0.2
370,n03095699/ILSVRC2012_val_00027211,supervised,resnet18_imagenet,gradcam,predicted,backbone.layer3,25,25,25,-0.005797289311885834,0.3641812205314636,0.10901542111503293,0.3221141948027852,0.22833485901355743,0.3343827426433563,0.5043817758560181,0.7746981382369995,0.5453005420917281,0.942709743976593,0.1270199690505911,0.24715981431678344,0.2
371,n03095699/ILSVRC2012_val_00029800,supervised,resnet18_imagenet,gradcam,predicted,backbone.layer3,25,25,25,0.47799500823020935,0.3919207751750946,0.2888179884532114,0.5287439178227136,0.22886887192726135,0.26843494176864624,0.38853123784065247,0.6401305794715881,0.3071986607142245,0.9946368932723999,0.4364665751748612,0.5208842634404145,0.2
372,n03095699/ILSVRC2012_val_00035961,supervised,resnet18_imagenet,gradcam,predicted,backbone.layer3,25,25,25,0.27026084065437317,0.3819796144962311,0.03709055876683949,0.3622750281212301,0.08700715750455856,0.25657474994659424,0.14364361763000488,0.38929831981658936,0.18618463010200373,0.9982578158378601,0.22791401232817016,0.344171363326727,0.2
373,n03095699/ILSVRC2012_val_00036884,supervised,resnet18_imagenet,gradcam,predicted,backbone.layer3,25,25,25,-0.2446562647819519,0.40961456298828125,0.2280482835896333,0.2519341606520972,0.37962806224823,0.26457226276397705,0.8027191758155823,0.8479495644569397,0.7610610650508688,0.972205638885498,0.04613222735973839,0.1801967642195742,0.2
374,n03095699/ILSVRC2012_val_00039908,supervised,resnet18_imagenet,gradcam,predicted,backbone.layer3,25,25,25,0.363387793302536,0.5132152438163757,0.08555495423419715,0.21716878594412042,0.2075015902519226,0.36024826765060425,0.5430219173431396,0.7723610997200012,0.7194475446427138,0.9830207824707031,0.23617223937450968,0.35031978007107245,0.2
375,n03197337/ILSVRC2012_val_00006034,supervised,resnet18_imagenet,gradcam,predicted,backbone.layer3,26,26,26,0.38281872868537903,0.16407611966133118,0.39711602951012936,0.21516262755097754,0.265342652797699,0.19169679284095764,0.4097606837749481,0.8075929284095764,0.21516262755097754,0.9605519771575928,0.33681108859248365,0.4311390158787983,0.2
376,n03197337/ILSVRC2012_val_00009243,supervised,resnet18_imagenet,gradcam,predicted,backbone.layer3,26,22,22,0.17594791948795319,0.44428059458732605,0.0,0.0,0.0,0.0,0.0,0.0,0.0,0.984928548336029,0.07037916779518127,0.20932105407118798,0.2
377,n03197337/ILSVRC2012_val_00010958,supervised,resnet18_imagenet,gradcam,predicted,backbone.layer3,26,18,18,-0.20794402062892914,0.39696764945983887,0.19910909396528864,0.2211760677907125,0.16054360568523407,0.2694949507713318,0.3765603005886078,0.4720602333545685,0.3686822385203347,0.9981356859207153,0.04290794027522867,0.1820112361069824,0.2
378,n03197337/ILSVRC2012_val_00011103,supervised,resnet18_imagenet,gradcam,predicted,backbone.layer3,26,26,26,-0.10463424026966095,0.12664920091629028,0.22217299811709595,0.19882680957374124,0.22394996881484985,0.06709252297878265,0.4890928268432617,0.4986594319343567,0.4597815688774594,0.9724822044372559,0.08444624619938677,0.21450029849391636,0.2
379,n03197337/ILSVRC2012_val_00011172,supervised,resnet18_imagenet,gradcam,predicted,backbone.layer3,26,26,26,-0.11907435208559036,0.40425416827201843,0.19069597275766453,0.3063574891159087,0.24944119155406952,0.4155963957309723,0.575367271900177,0.9157254099845886,0.6432158801019127,0.9898753762245178,0.10148629772783582,0.23106864867211435,0.2
380,n03197337/ILSVRC2012_val_00011421,supervised,resnet18_imagenet,gradcam,predicted,backbone.layer3,26,26,26,0.26718395948410034,0.4822837710380554,0.15734075043621437,0.3331448674454497,0.16674506664276123,0.26129958033561707,0.249394491314888,0.37586137652397156,0.22293526785709844,0.9861202836036682,0.2540192691581393,0.3640538328304013,0.2
381,n03197337/ILSVRC2012_val_00012194,supervised,resnet18_imagenet,gradcam,predicted,backbone.layer3,26,26,26,-0.28185608983039856,0.1144784465432167,0.1860409930886643,0.259727166755849,0.22228007018566132,0.14006736874580383,0.5663535594940186,0.8842402100563049,0.5968989158162076,0.9871839284896851,0.02098801202119456,0.1608699977939416,0.2
382,n03197337/ILSVRC2012_val_00016242,supervised,resnet18_imagenet,gradcam,predicted,backbone.layer3,26,26,26,-0.35309872031211853,0.14467208087444305,0.07545120114557553,0.25801420897583954,0.16814647614955902,0.1324206441640854,0.5286198258399963,0.8683487772941589,0.668128188775377,0.9693362712860107,-0.04119986508842288,0.1051822411140139,0.2
383,n03197337/ILSVRC2012_val_00017149,supervised,resnet18_imagenet,gradcam,predicted,backbone.layer3,26,26,26,0.3361589014530182,0.33100226521492004,0.35659078133757965,0.42908956328613684,0.20493458211421967,0.24442502856254578,0.3176002502441406,0.47075751423835754,0.1847895408162897,0.9672025442123413,0.37016766396832224,0.4591560832963367,0.2
368,n03095699/ILSVRC2012_val_00022271,supervised,resnet18_imagenet,gradcam,predicted,backbone.layer4,25,25,25,0.014655125327408314,0.48613160848617554,0.20311778701033234,0.4016549441454689,0.30674025416374207,0.5290142893791199,0.49747782945632935,0.6905142664909363,0.4751873405611298,0.9476388096809387,0.18729386947770368,0.298468298105684,0.2
369,n03095699/ILSVRC2012_val_00023417,supervised,resnet18_imagenet,gradcam,predicted,backbone.layer4,25,25,25,-0.007715175859630108,0.5257658958435059,0.18431372549007144,0.3187434081661001,0.14502479135990143,0.22357404232025146,0.16653454303741455,0.2487282007932663,0.1488759566326234,0.9855237007141113,0.14783106975299942,0.27089252697028904,0.2
370,n03095699/ILSVRC2012_val_00027211,supervised,resnet18_imagenet,gradcam,predicted,backbone.layer4,25,25,25,0.06777279824018478,0.5787681937217712,0.20820036746922985,0.36656312808318414,0.34199509024620056,0.5285314917564392,0.5447365641593933,0.7202390432357788,0.5453005420917281,0.7311139106750488,0.19953816796179813,0.2770784398734255,0.2
371,n03095699/ILSVRC2012_val_00029800,supervised,resnet18_imagenet,gradcam,predicted,backbone.layer4,25,25,25,0.02604561857879162,0.5726826786994934,0.3507961783437628,0.5093410829722381,0.3010905683040619,0.4233074486255646,0.37228700518608093,0.4820287227630615,0.3071986607142245,0.9010011553764343,0.2684594258263169,0.35930045513804243,0.2
372,n03095699/ILSVRC2012_val_00035961,supervised,resnet18_imagenet,gradcam,predicted,backbone.layer4,25,25,25,0.27581438422203064,0.5407943725585938,0.25200154958661414,0.4027073982912967,0.22117355465888977,0.30459409952163696,0.2652992606163025,0.3729436993598938,0.18618463010200373,0.9984474778175354,0.3067384380521855,0.4099793931198188,0.2
373,n03095699/ILSVRC2012_val_00036884,supervised,resnet18_imagenet,gradcam,predicted,backbone.layer4,25,25,25,0.14828255772590637,0.5139212012290955,0.16334949699641424,0.26278576478899557,0.37606915831565857,0.4982070028781891,0.6998502612113953,0.9731541275978088,0.7610610650508688,0.9417663216590881,0.1871536016259855,0.2996976588992829,0.2
374,n03095699/ILSVRC2012_val_00039908,supervised,resnet18_imagenet,gradcam,predicted,backbone.layer4,25,25,25,0.03205707669258118,0.517745852470398,0.15554553651934788,0.2779855397655675,0.3561697006225586,0.5259668231010437,0.6861088275909424,0.8368963599205017,0.7194475446427138,0.8243581652641296,0.14288215356250708,0.2432564707032517,0.2
375,n03197337/ILSVRC2012_val_00006034,supervised,resnet18_imagenet,gradcam,predicted,backbone.layer4,26,26,26,0.7906356453895569,0.5147190093994141,0.6481525437133886,0.6246295429725279,0.3096926808357239,0.44384849071502686,0.40533164143562317,0.5939944386482239,0.21516262755097754,0.9894227981567383,0.6980888841615978,0.7433314172813348,0.2
376,n03197337/ILSVRC2012_val_00009243,supervised,resnet18_imagenet,gradcam,predicted,backbone.layer4,26,22,22,0.2648123800754547,0.48384714126586914,0.0,0.0,0.0,0.0,0.0,0.0,0.0,0.9553772211074829,0.10592495203018189,0.2359909161925316,0.2
377,n03197337/ILSVRC2012_val_00010958,supervised,resnet18_imagenet,gradcam,predicted,backbone.layer4,26,18,18,0.3310583829879761,0.5657727718353271,0.20554311546740228,0.244558817115085,0.2613268196582794,0.2747228443622589,0.4052921533584595,0.4280575215816498,0.3686822385203347,0.9989499449729919,0.26745393296993664,0.37823840893736227,0.2
378,n03197337/ILSVRC2012_val_00011103,supervised,resnet18_imagenet,gradcam,predicted,backbone.layer4,26,26,26,0.02826104685664177,0.44715309143066406,0.1915988769706315,0.4155299952963546,0.32419008016586304,0.46068137884140015,0.5219547152519226,0.635267972946167,0.4597815688774594,0.9919301867485046,0.19344308042275254,0.31046311247884684,0.2
379,n03197337/ILSVRC2012_val_00011172,supervised,resnet18_imagenet,gradcam,predicted,backbone.layer4,26,26,26,0.11498862504959106,0.49151694774627686,0.12338696829692439,0.31036298315153915,0.2536557912826538,0.46025270223617554,0.5750471949577332,0.8157593607902527,0.6432158801019127,0.9901904463768005,0.1761204354543755,0.2972120735859929,0.2
380,n03197337/ILSVRC2012_val_00011421,supervised,resnet18_imagenet,gradcam,predicted,backbone.layer4,26,26,26,0.6574360132217407,0.5415247678756714,0.5490911745378866,0.6356559272386035,0.27543172240257263,0.4135649502277374,0.3773866295814514,0.5338765382766724,0.22293526785709844,0.9670194983482361,0.6183985358216433,0.6713423048239672,0.2
381,n03197337/ILSVRC2012_val_00012194,supervised,resnet18_imagenet,gradcam,predicted,backbone.layer4,26,26,26,0.4542126953601837,0.5372535586357117,0.22054334554327823,0.3350584307177512,0.27765801548957825,0.47975921630859375,0.6036943197250366,0.8295828104019165,0.5968989158162076,0.9888958930969238,0.34836561102238234,0.4462092714058602,0.2
382,n03197337/ILSVRC2012_val_00016242,supervised,resnet18_imagenet,gradcam,predicted,backbone.layer4,26,26,26,0.6750758290290833,0.5424721240997314,0.23173959565235352,0.2993377878533888,0.24465051293373108,0.3331314027309418,0.7022078037261963,0.8865476250648499,0.668128188775377,0.9919840693473816,0.429353546663356,0.517843496438722,0.2
383,n03197337/ILSVRC2012_val_00017149,supervised,resnet18_imagenet,gradcam,predicted,backbone.layer4,26,26,26,-0.020693108439445496,0.3836204409599304,0.06774693064922699,0.5689094750523574,0.12248852103948593,0.3622383177280426,0.1708173006772995,0.4176088273525238,0.1847895408162897,0.9956557154655457,0.18271967833469713,0.30126987079142203,0.2
384,n03197337/ILSVRC2012_val_00017686,supervised,resnet18_imagenet,gradcam,predicted,backbone.layer1,26,26,26,-0.10364329069852829,0.06301645934581757,0.2068873890630263,0.705217633928431,0.17879708111286163,0.026161115616559982,0.7191464304924011,0.708128809928894,0.705217633928431,0.9923525452613831,0.23217419061802586,0.3406039857925869,0.2
385,n03197337/ILSVRC2012_val_00034426,supervised,resnet18_imagenet,gradcam,predicted,backbone.layer1,26,26,26,-0.0005837612552568316,0.04856186732649803,0.3852412218096023,0.18466996173465708,0.17976593971252441,0.017353421077132225,0.32341283559799194,0.2530115246772766,0.18466996173465708,0.9958137273788452,0.17073985056117508,0.2916455385535517,0.2
386,n03197337/ILSVRC2012_val_00039517,supervised,resnet18_imagenet,gradcam,predicted,backbone.layer1,26,22,22,-0.014332085847854614,0.0006723465630784631,0.21982956910332763,0.909777582907982,0.32011929154396057,0.00045779667561873794,0.9187366366386414,0.9999998807907104,0.909777582907982,0.9195159077644348,0.33314931126425107,0.41531294412074354,0.2
387,n03197337/ILSVRC2012_val_00044536,supervised,resnet18_imagenet,gradcam,predicted,backbone.layer1,26,26,26,0.3716158866882324,0.44430723786354065,0.25710399766830666,0.12049183876688725,0.16688552498817444,0.12143251299858093,0.3842368423938751,0.3010925054550171,0.31578842474483504,0.9552527666091919,0.26192510560585114,0.36775243444105865,0.2
388,n03197337/ILSVRC2012_val_00046789,supervised,resnet18_imagenet,gradcam,predicted,backbone.layer1,26,26,26,-0.017659487202763557,0.406725138425827,0.20325237771734816,0.20946609192945043,0.1757051944732666,0.27052047848701477,0.9370907545089722,0.9557589888572693,0.929587850765121,0.6002943515777588,0.11675174601293414,0.1870429496273962,0.2
389,n03197337/ILSVRC2012_val_00049993,supervised,resnet18_imagenet,gradcam,predicted,backbone.layer1,26,26,26,0.019193878397345543,0.478853702545166,0.18756122470243491,0.20813366693520036,0.29558780789375305,0.29473263025283813,0.9294499158859253,0.9656688570976257,0.9355668048467524,-0.018846236169338226,0.1263860188502288,0.10281464492307903,0.2
390,n03201208/ILSVRC2012_val_00002189,supervised,resnet18_imagenet,gradcam,predicted,backbone.layer1,27,27,27,-0.21974509954452515,0.2969370186328888,0.041677680852901855,0.006470287757528971,0.03496522083878517,0.010176105424761772,0.04008488729596138,0.012692943215370178,0.03561463647958474,0.9775141477584839,-0.07345364923468083,0.08175332947579649,0.2
391,n03201208/ILSVRC2012_val_00009758,supervised,resnet18_imagenet,gradcam,predicted,backbone.layer1,27,23,23,-0.03481937572360039,0.27307209372520447,0.19403243692812794,0.08189154394445886,0.18347308039665222,0.06231709197163582,0.5099233984947205,0.27399349212646484,0.486686862244801,0.9450768232345581,0.06884944397233589,0.19855573720007025,0.2
392,n03201208/ILSVRC2012_val_00012505,supervised,resnet18_imagenet,gradcam,predicted,backbone.layer1,27,37,37,0.3032378554344177,0.44039884209632874,0.028086642599257697,0.09245051404013162,0.04471653327345848,0.08594037592411041,0.06350447982549667,0.10012678802013397,0.08378507653059555,0.9144805669784546,0.15745628916558388,0.2734396236086617,0.2
393,n03201208/ILSVRC2012_val_00015035,supervised,resnet18_imagenet,gradcam,predicted,backbone.layer1,27,27,27,0.026831092312932014,0.08185599744319916,0.09231746652326639,0.09762805087654194,0.14375869929790497,0.028044667094945908,0.23826000094413757,0.23050354421138763,0.24545599489791028,0.9794856309890747,0.0677160921451153,0.20380010630783948,0.2
394,n03201208/ILSVRC2012_val_00018336,supervised,resnet18_imagenet,gradcam,predicted,backbone.layer1,27,29,29,-0.1913873851299286,0.4667811095714569,0.07311843327848394,0.09256294571380252,0.06982291489839554,0.08118441700935364,0.09484127908945084,0.09907250106334686,0.09923070790814349,0.9916291832923889,-0.026850540354285492,0.12317913744645494,0.2
395,n03201208/ILSVRC2012_val_00019001,supervised,resnet18_imagenet,gradcam,predicted,backbone.layer1,27,27,27,0.151729017496109,0.3506773114204407,0.07735069130988866,0.1474621729668805,0.11667489260435104,0.10083586722612381,0.20801298320293427,0.2698913812637329,0.2519132653060723,0.9879959225654602,0.12813546628147435,0.25750776057764946,0.2
396,n03201208/ILSVRC2012_val_00021888,supervised,resnet18_imagenet,gradcam,predicted,backbone.layer1,27,27,27,0.1438283622264862,0.22284811735153198,0.09732835071666164,0.10138274645910464,0.11783506721258163,0.05671370029449463,0.18904420733451843,0.16405220329761505,0.19210379464281888,0.9381565451622009,0.11714467404332436,0.24074118284754187,0.2
397,n03201208/ILSVRC2012_val_00026442,supervised,resnet18_imagenet,gradcam,predicted,backbone.layer1,27,27,27,-0.03620127961039543,0.44004544615745544,0.13450730610711423,0.3143787303308684,0.15518605709075928,0.2558460831642151,0.4921319782733917,0.6509050726890564,0.5241749043366303,0.9882334470748901,0.1201852990872366,0.24778607830709076,0.2
398,n03201208/ILSVRC2012_val_00026491,supervised,resnet18_imagenet,gradcam,predicted,backbone.layer1,27,27,27,0.07273812592029572,0.38629478216171265,0.07175910838814328,0.07730607966451958,0.08785616606473923,0.08459284901618958,0.12629611790180206,0.13426193594932556,0.12773038903058678,0.9547848701477051,0.07381480678391714,0.20594237160742496,0.2
399,n03201208/ILSVRC2012_val_00035775,supervised,resnet18_imagenet,gradcam,predicted,backbone.layer1,27,27,27,0.5079187154769897,0.32360154390335083,0.06647992131033946,0.11161878440722321,0.09794158488512039,0.04373348131775856,0.5551364421844482,0.4450272023677826,0.7940051020406581,0.991097092628479,0.2565970979060647,0.3709607907406089,0.2
384,n03197337/ILSVRC2012_val_00017686,supervised,resnet18_imagenet,gradcam,predicted,backbone.layer2,26,26,26,-0.45820319652557373,0.315458208322525,0.21284379172223958,0.08999280057593233,0.2810503840446472,0.16715064644813538,0.7373226284980774,0.5171653032302856,0.705217633928431,0.9902040958404541,-0.09243030092077792,0.06386864366666027,0.2
385,n03197337/ILSVRC2012_val_00034426,supervised,resnet18_imagenet,gradcam,predicted,backbone.layer2,26,26,26,0.2800912857055664,0.32181936502456665,0.45976402964720936,0.24925566343025937,0.21851851046085358,0.16088859736919403,0.27980583906173706,0.32915547490119934,0.18466996173465708,0.9980865716934204,0.3247424222054672,0.42499985902032844,0.2
386,n03197337/ILSVRC2012_val_00039517,supervised,resnet18_imagenet,gradcam,predicted,backbone.layer2,26,22,22,0.07596281170845032,0.2951412498950958,0.21503851273206595,0.1975826397401558,0.2770479917526245,0.10389064252376556,0.9233388304710388,0.9229944348335266,0.909777582907982,0.9546697735786438,0.15417147042504664,0.27294273825280957,0.2
387,n03197337/ILSVRC2012_val_00044536,supervised,resnet18_imagenet,gradcam,predicted,backbone.layer2,26,26,26,0.4652206003665924,0.482583612203598,0.11149287064073549,0.04989858012168361,0.17779237031936646,0.1141694188117981,0.32028064131736755,0.2539077699184418,0.31578842474483504,0.9840710759162903,0.2345056753753627,0.3507857342063556,0.2
388,n03197337/ILSVRC2012_val_00046789,supervised,resnet18_imagenet,gradcam,predicted,backbone.layer2,26,26,26,0.23010091483592987,0.4402298331260681,0.21236363636359096,0.20964678262720957,0.293716698884964,0.18964523077011108,0.9577539563179016,0.9667216539382935,0.929587850765121,0.9523981809616089,0.21864349163161212,0.32889765208451693,0.2
389,n03197337/ILSVRC2012_val_00049993,supervised,resnet18_imagenet,gradcam,predicted,backbone.layer2,26,26,26,0.09749267995357513,0.14466677606105804,0.19797317185984653,0.200948366701749,0.39587655663490295,0.07045210897922516,0.9354212880134583,0.948311984539032,0.9355668048467524,0.9722129702568054,0.1586735335499087,0.27968476816267096,0.2
390,n03201208/ILSVRC2012_val_00002189,supervised,resnet18_imagenet,gradcam,predicted,backbone.layer2,27,27,27,0.4513624310493469,0.6079520583152771,0.012764499271812932,0.03357230285011927,0.024669449776411057,0.03340945020318031,0.027479592710733414,0.03614899143576622,0.03561463647958474,0.9957897663116455,0.19444601305631842,0.3189295163445013,0.2
391,n03201208/ILSVRC2012_val_00009758,supervised,resnet18_imagenet,gradcam,predicted,backbone.layer2,27,23,23,-0.32276856899261475,0.379367858171463,0.17867405582916712,0.1554713437740516,0.18592622876167297,0.15944445133209229,0.49783873558044434,0.41688430309295654,0.486686862244801,0.8242121934890747,-0.028863807716080304,0.09419917977675074,0.2
392,n03201208/ILSVRC2012_val_00012505,supervised,resnet18_imagenet,gradcam,predicted,backbone.layer2,27,37,37,0.028326939791440964,0.36484405398368835,0.0025346757727222878,0.09152932157907893,0.050847239792346954,0.09383762627840042,0.060830455273389816,0.12382890284061432,0.08378507653059555,0.9560978412628174,0.03954997512211675,0.17684510445437723,0.2
393,n03201208/ILSVRC2012_val_00015035,supervised,resnet18_imagenet,gradcam,predicted,backbone.layer2,27,27,27,0.31607741117477417,0.3522779941558838,0.10560941828249623,0.11587618572136002,0.17615848779678345,0.09432795643806458,0.2606242299079895,0.22346748411655426,0.24545599489791028,0.9906781315803528,0.19287664567106655,0.31460021464918797,0.2
394,n03201208/ILSVRC2012_val_00018336,supervised,resnet18_imagenet,gradcam,predicted,backbone.layer2,27,29,29,-0.21905042231082916,0.4111406207084656,0.11744566835358927,0.07480850454572638,0.09127210825681686,0.0666888877749443,0.10793314129114151,0.09018613398075104,0.09923070790814349,0.9898294806480408,-0.029943917054536976,0.11987031751324481,0.2
395,n03201208/ILSVRC2012_val_00019001,supervised,resnet18_imagenet,gradcam,predicted,backbone.layer2,27,27,27,0.3754093647003174,0.5663669109344482,0.0732711695933766,0.11081173761813021,0.13929836452007294,0.15230828523635864,0.22790829837322235,0.2521730959415436,0.2519132653060723,0.9882078170776367,0.205388618043579,0.3256451770096333,0.2
396,n03201208/ILSVRC2012_val_00021888,supervised,resnet18_imagenet,gradcam,predicted,backbone.layer2,27,27,27,0.6138105988502502,0.6389366984367371,0.09525134999716348,0.10833192496191293,0.12739448249340057,0.14032112061977386,0.19061917066574097,0.20442241430282593,0.19210379464281888,0.9661131501197815,0.3065992220278231,0.41064650085532395,0.2
397,n03201208/ILSVRC2012_val_00026442,supervised,resnet18_imagenet,gradcam,predicted,backbone.layer2,27,27,27,0.10403192043304443,0.1981821060180664,0.12324955949175453,0.20210407913448172,0.19701191782951355,0.08301669359207153,0.44988176226615906,0.5888976454734802,0.5241749043366303,0.9341667294502258,0.13921885976108864,0.2578745912256585,0.2
398,n03201208/ILSVRC2012_val_00026491,supervised,resnet18_imagenet,gradcam,predicted,backbone.layer2,27,27,27,0.49306777119636536,0.6123741865158081,0.056337123402032285,0.061793762510452765,0.08977402001619339,0.0772368311882019,0.122796431183815,0.10931014269590378,0.12773038903058678,0.9868895411491394,0.23266637425229167,0.3501398725692201,0.2
399,n03201208/ILSVRC2012_val_00035775,supervised,resnet18_imagenet,gradcam,predicted,backbone.layer2,27,27,27,0.6521591544151306,0.5792720913887024,0.051305832507735655,0.07076150196438938,0.15160807967185974,0.15498989820480347,0.591067910194397,0.5867567658424377,0.7940051020406581,0.9922803044319153,0.2974838621076898,0.4076145833281143,0.2
384,n03197337/ILSVRC2012_val_00017686,supervised,resnet18_imagenet,gradcam,predicted,backbone.layer3,26,26,26,-0.32011678814888,0.12439601868391037,0.17701935784804557,0.19071962249306837,0.20803721249103546,0.08206793665885925,0.6788933277130127,0.7773133516311646,0.705217633928431,0.9843457341194153,-0.017725021157217816,0.12754572935108277,0.2
385,n03197337/ILSVRC2012_val_00034426,supervised,resnet18_imagenet,gradcam,predicted,backbone.layer3,26,26,26,0.6057149767875671,0.3168230354785919,0.5035444418473914,0.2973717819450848,0.1908458173274994,0.17964553833007812,0.4402097761631012,0.6276868581771851,0.18466996173465708,0.9994519948959351,0.48256085785276975,0.5621470970581577,0.2
386,n03197337/ILSVRC2012_val_00039517,supervised,resnet18_imagenet,gradcam,predicted,backbone.layer3,26,22,22,-0.03180106356739998,0.3063714802265167,0.21982956910332763,0.21131172503802234,0.1815059781074524,0.15144088864326477,0.93534916639328,0.9186956286430359,0.909777582907982,0.6951712965965271,0.116621962815445,0.20093064577622655,0.2
387,n03197337/ILSVRC2012_val_00044536,supervised,resnet18_imagenet,gradcam,predicted,backbone.layer3,26,26,26,0.15415352582931519,0.37194398045539856,0.30614716866846364,0.06964248811735084,0.23909783363342285,0.0753341093659401,0.43752190470695496,0.19446773827075958,0.31578842474483504,0.9585203528404236,0.17439830736747042,0.29167920116277746,0.2
388,n03197337/ILSVRC2012_val_00046789,supervised,resnet18_imagenet,gradcam,predicted,backbone.layer3,26,26,26,-0.042459312826395035,0.2353379726409912,0.21514482344613017,0.2024610162299348,0.2116839587688446,0.12853652238845825,0.9704791903495789,0.9585314393043518,0.929587850765121,0.9863129258155823,0.10829802677226147,0.2374876393021153,0.2
389,n03197337/ILSVRC2012_val_00049993,supervised,resnet18_imagenet,gradcam,predicted,backbone.layer3,26,26,26,0.4177188277244568,0.33571162819862366,0.2019914351411932,0.19014099216706212,0.3955848217010498,0.1575324684381485,0.9341909289360046,0.9006262421607971,0.9355668048467524,0.9917811155319214,0.28472725928225934,0.3930018638604119,0.2
390,n03201208/ILSVRC2012_val_00002189,supervised,resnet18_imagenet,gradcam,predicted,backbone.layer3,27,27,27,0.07388478517532349,0.4102848768234253,0.0,0.004162065743647191,0.0204714797437191,0.03208579123020172,0.022372718900442123,0.03625888004899025,0.03561463647958474,0.971470296382904,0.030802533793223553,0.17262073570471062,0.2
391,n03201208/ILSVRC2012_val_00009758,supervised,resnet18_imagenet,gradcam,predicted,backbone.layer3,27,23,23,-0.3038167953491211,0.3293443024158478,0.14992158563844307,0.1602572737068426,0.21664170920848846,0.19806738197803497,0.45589718222618103,0.5280216932296753,0.486686862244801,0.9230916500091553,-0.028473060336062735,0.10967258396550231,0.2
392,n03201208/ILSVRC2012_val_00012505,supervised,resnet18_imagenet,gradcam,predicted,backbone.layer3,27,37,37,0.31097105145454407,0.47007638216018677,0.0195474724330377,0.04521764662699462,0.05496668815612793,0.09139370173215866,0.07007481157779694,0.10964716970920563,0.08378507653059555,0.9667285680770874,0.14381795629982733,0.2700404329856616,0.2
393,n03201208/ILSVRC2012_val_00015035,supervised,resnet18_imagenet,gradcam,predicted,backbone.layer3,27,27,27,0.23706452548503876,0.4331805408000946,0.140267807138058,0.11099512874037627,0.14206571877002716,0.12538108229637146,0.2745342552661896,0.21534913778305054,0.24545599489791028,0.9577749371528625,0.17020469095754578,0.2894545584623015,0.2
394,n03201208/ILSVRC2012_val_00018336,supervised,resnet18_imagenet,gradcam,predicted,backbone.layer3,27,29,29,-0.457278847694397,0.28324446082115173,0.06603237716553108,0.03345264317178314,0.07849887758493423,0.06266734004020691,0.09819655120372772,0.08660057932138443,0.09923070790814349,0.9862939119338989,-0.15306603297656454,0.012767745181374468,0.2
395,n03201208/ILSVRC2012_val_00019001,supervised,resnet18_imagenet,gradcam,predicted,backbone.layer3,27,27,27,0.061924900859594345,0.4690118432044983,0.09710663828135421,0.07663453777119954,0.14746730029582977,0.14461219310760498,0.2384757697582245,0.24046377837657928,0.2519132653060723,0.991002082824707,0.07689231315960386,0.2137593217377025,0.2
396,n03201208/ILSVRC2012_val_00021888,supervised,resnet18_imagenet,gradcam,predicted,backbone.layer3,27,27,27,0.15848354995250702,0.5357450842857361,0.041999894073384884,0.09586141591929155,0.11535192281007767,0.13296571373939514,0.16451309621334076,0.177016481757164,0.19210379464281888,0.9220430850982666,0.10475181297880574,0.22824103274628654,0.2
397,n03201208/ILSVRC2012_val_00026442,supervised,resnet18_imagenet,gradcam,predicted,backbone.layer3,27,27,27,-0.05456358566880226,0.3904489576816559,0.2228579120952336,0.10723100831882647,0.21917535364627838,0.16831624507904053,0.5558610558509827,0.41491711139678955,0.5241749043366303,0.9866335391998291,0.0772012418566971,0.21142000599940858,0.2
398,n03201208/ILSVRC2012_val_00026491,supervised,resnet18_imagenet,gradcam,predicted,backbone.layer3,27,27,27,0.12057949602603912,0.4869588017463684,0.0006693033160932952,0.1453646304937345,0.06362497806549072,0.13327889144420624,0.09041674435138702,0.1568966805934906,0.12773038903058678,0.9566290378570557,0.09204197855336399,0.22220566274012898,0.2
399,n03201208/ILSVRC2012_val_00035775,supervised,resnet18_imagenet,gradcam,predicted,backbone.layer3,27,27,27,0.4368044435977936,0.31982871890068054,0.06434058898846258,0.15158162087274266,0.1998804211616516,0.10755051672458649,0.6533742547035217,0.6490990519523621,0.7940051020406581,0.9963131546974182,0.239498440397479,0.3563090809291418,0.2
384,n03197337/ILSVRC2012_val_00017686,supervised,resnet18_imagenet,gradcam,predicted,backbone.layer4,26,26,26,0.2776813805103302,0.5626626014709473,0.22165738723466968,0.2835947435353162,0.3694336712360382,0.4752785861492157,0.72578364610672,0.843784749507904,0.705217633928431,0.9966729879379272,0.26264819143512785,0.3730024640618011,0.2
385,n03197337/ILSVRC2012_val_00034426,supervised,resnet18_imagenet,gradcam,predicted,backbone.layer4,26,26,26,0.5913956165313721,0.5395855903625488,0.49504260263323385,0.5141601945551784,0.2598068118095398,0.3268401622772217,0.3381432890892029,0.408859521150589,0.18466996173465708,0.9991787075996399,0.5393190857690725,0.6091659712230293,0.2
386,n03197337/ILSVRC2012_val_00039517,supervised,resnet18_imagenet,gradcam,predicted,backbone.layer4,26,22,22,-0.1340796798467636,0.4974214732646942,0.14653983157284853,0.21982956910332763,0.38772597908973694,0.5204170942306519,0.8512059450149536,0.9711431264877319,0.909777582907982,0.9819714426994324,0.056278948264147394,0.19196017862759163,0.2
387,n03197337/ILSVRC2012_val_00044536,supervised,resnet18_imagenet,gradcam,predicted,backbone.layer4,26,26,26,0.3539600372314453,0.46033066511154175,0.3803785657156063,0.49578083458531047,0.2887764275074005,0.43180587887763977,0.3968577980995178,0.6278079152107239,0.31578842474483504,0.9699549674987793,0.4044318349828531,0.48841910823105195,0.2
388,n03197337/ILSVRC2012_val_00046789,supervised,resnet18_imagenet,gradcam,predicted,backbone.layer4,26,26,26,0.12253362685441971,0.4498256742954254,0.2129603869282828,0.21514482344613017,0.32825979590415955,0.46469804644584656,0.9564736485481262,0.9828391075134277,0.929587850765121,0.8677772283554077,0.17744501385409178,0.2800796562459613,0.2
389,n03197337/ILSVRC2012_val_00049993,supervised,resnet18_imagenet,gradcam,predicted,backbone.layer4,26,26,26,-0.12133175134658813,0.525829017162323,0.16985935735547278,0.2137440354464439,0.4575279951095581,0.43101173639297485,0.914208173751831,0.9710625410079956,0.9355668048467524,0.9817319512367249,0.06654831730193975,0.20069452791468206,0.2
390,n03201208/ILSVRC2012_val_00002189,supervised,resnet18_imagenet,gradcam,predicted,backbone.layer4,27,27,27,0.23952974379062653,0.5522414445877075,0.10995402945857026,0.1601570166828654,0.06040685251355171,0.07329143583774567,0.06224975362420082,0.07487168163061142,0.03561463647958474,0.8202704787254333,0.1768452113586813,0.27440374367089315,0.2
391,n03201208/ILSVRC2012_val_00009758,supervised,resnet18_imagenet,gradcam,predicted,backbone.layer4,27,23,23,0.044053081423044205,0.45081496238708496,0.11272926892272257,0.3061031084153502,0.22462774813175201,0.4578344523906708,0.47933343052864075,0.6576710939407349,0.486686862244801,0.8635566234588623,0.1432709457706395,0.249660166351413,0.2
392,n03201208/ILSVRC2012_val_00012505,supervised,resnet18_imagenet,gradcam,predicted,backbone.layer4,27,37,37,0.11338669061660767,0.5726488828659058,0.18362427265155143,0.15006865358198038,0.10401010513305664,0.08692943304777145,0.11280471831560135,0.09463731199502945,0.08378507653059555,0.9537389278411865,0.1454625541167026,0.2661694124503736,0.2
393,n03201208/ILSVRC2012_val_00015035,supervised,resnet18_imagenet,gradcam,predicted,backbone.layer4,27,27,27,0.20586661994457245,0.5214160084724426,0.066975367576825,0.1393689147167562,0.175433948636055,0.20577917993068695,0.23911035060882568,0.2816767692565918,0.24545599489791028,0.9900652170181274,0.14424993266590333,0.27214917010671474,0.2
394,n03201208/ILSVRC2012_val_00018336,supervised,resnet18_imagenet,gradcam,predicted,backbone.layer4,27,29,29,-0.34541428089141846,0.4418680667877197,0.12338196782631995,0.1319360675511671,0.09859258681535721,0.13027112185955048,0.11199359595775604,0.14353440701961517,0.09923070790814349,0.9895243048667908,-0.06157030174332128,0.09136315626239391,0.2
395,n03201208/ILSVRC2012_val_00019001,supervised,resnet18_imagenet,gradcam,predicted,backbone.layer4,27,27,27,0.26351627707481384,0.555056631565094,0.13979197025268086,0.24594757953720206,0.16887398064136505,0.2850903570652008,0.24063317477703094,0.35740453004837036,0.2519132653060723,0.957148551940918,0.22112837576689043,0.33223786721479326,0.2
396,n03201208/ILSVRC2012_val_00021888,supervised,resnet18_imagenet,gradcam,predicted,backbone.layer4,27,27,27,0.3366248309612274,0.5430099964141846,0.045964185132022974,0.3023101873301765,0.12069115042686462,0.21023307740688324,0.17625732719898224,0.2532575726509094,0.19210379464281888,0.9860315918922424,0.23913224412315082,0.35279202273581584,0.2
397,n03201208/ILSVRC2012_val_00026442,supervised,resnet18_imagenet,gradcam,predicted,backbone.layer4,27,27,27,0.277292937040329,0.5704236626625061,0.1793956311466846,0.30883942079089804,0.34957167506217957,0.42272666096687317,0.6110984086990356,0.6256566047668457,0.5241749043366303,0.9734110236167908,0.2573876903974064,0.3651229444910294,0.2
398,n03201208/ILSVRC2012_val_00026491,supervised,resnet18_imagenet,gradcam,predicted,backbone.layer4,27,27,27,0.39689451456069946,0.5365278720855713,0.3114087538863817,0.4162432176380878,0.17460989952087402,0.24149583280086517,0.19889532029628754,0.26511910557746887,0.12773038903058678,0.9827281832695007,0.37705339728162063,0.4682353004677873,0.2
399,n03201208/ILSVRC2012_val_00035775,supervised,resnet18_imagenet,gradcam,predicted,backbone.layer4,27,27,27,0.05692574754357338,0.5024244785308838,0.21556492288194354,0.18467933491682076,0.4174993336200714,0.3625235855579376,0.8545641899108887,0.7773927450180054,0.7940051020406581,0.988116979598999,0.14284357635705863,0.2682026230297916,0.2
400,n03201208/ILSVRC2012_val_00040827,supervised,resnet18_imagenet,gradcam,predicted,backbone.layer1,27,27,27,0.25705868005752563,0.3624062240123749,0.07934702615904238,0.03635896447611205,0.07117609679698944,0.04593311622738838,0.11694081127643585,0.07940846681594849,0.12153220663262884,0.9257794618606567,0.1375352692135566,0.25776395495802107,0.2
401,n03201208/ILSVRC2012_val_00041816,supervised,resnet18_imagenet,gradcam,predicted,backbone.layer1,27,27,27,0.055856987833976746,0.36330583691596985,0.14484015703863112,0.07007426823937524,0.13481144607067108,0.06643824279308319,0.34097689390182495,0.19196361303329468,0.2881656568876977,0.9956923127174377,0.0868171227169926,0.2226323989690091,0.2
402,n03201208/ILSVRC2012_val_00043733,supervised,resnet18_imagenet,gradcam,predicted,backbone.layer1,27,27,27,0.2660704255104065,0.5266551971435547,0.09601277804064362,0.05814152721454215,0.10006722062826157,0.09640157222747803,0.15404187142848969,0.13846276700496674,0.16924426020404792,0.9673857092857361,0.15267446178071833,0.2767710816352991,0.2
403,n03201208/ILSVRC2012_val_00046343,supervised,resnet18_imagenet,gradcam,predicted,backbone.layer1,27,27,27,0.4520968496799469,0.24985408782958984,0.09473942066260545,0.13532051824876465,0.08963415026664734,0.032816968858242035,0.6171696186065674,0.5330473184585571,0.8688018176018677,0.9944612383842468,0.2498567215453898,0.3649180678734609,0.2
404,n03201208/ILSVRC2012_val_00048871,supervised,resnet18_imagenet,gradcam,predicted,backbone.layer1,27,27,27,0.2400265485048294,0.5294212698936462,0.11256072172094894,0.07151450340858741,0.0887715294957161,0.08736639469861984,0.1284557580947876,0.11393716186285019,0.11951929209181292,0.9758361577987671,0.15123318694079269,0.27640352192888945,0.2
405,n03445777/ILSVRC2012_val_00007755,supervised,resnet18_imagenet,gradcam,predicted,backbone.layer1,28,28,28,-0.3021312355995178,0.38002705574035645,0.6055623578794773,0.03729234941799226,0.2682378888130188,0.02356487326323986,0.3619929552078247,0.047667913138866425,0.16587611607139552,0.9345438480377197,0.07200391794943373,0.19514932157019413,0.2
406,n03445777/ILSVRC2012_val_00011431,supervised,resnet18_imagenet,gradcam,predicted,backbone.layer1,28,28,28,0.0037995853926986456,0.08797629177570343,0.18302250064651773,0.19594457194312062,0.17180135846138,0.029334984719753265,0.6038077473640442,0.7899608612060547,0.6204759247447743,0.8345299363136292,0.11520995593397096,0.2212511134818985,0.2
407,n03445777/ILSVRC2012_val_00011581,supervised,resnet18_imagenet,gradcam,predicted,backbone.layer1,28,28,28,-0.318671852350235,0.13526184856891632,0.04326881157902972,0.21505458238126046,0.18329481780529022,0.08281426131725311,0.5525928735733032,0.8675203323364258,0.7538663903059722,0.9969984292984009,-0.04997172275200694,0.10259546456225042,0.2
408,n03445777/ILSVRC2012_val_00012634,supervised,resnet18_imagenet,gradcam,predicted,backbone.layer1,28,28,28,-0.2500223219394684,0.2860928773880005,0.2870533894849293,0.0995183659257822,0.15680378675460815,0.09375477582216263,0.3422418534755707,0.1408717781305313,0.17763472576527073,0.9581313729286194,0.015962597847426083,0.15285483211315684,0.2
409,n03445777/ILSVRC2012_val_00019268,supervised,resnet18_imagenet,gradcam,predicted,backbone.layer1,28,28,28,0.28494322299957275,0.21471364796161652,0.19390882746316487,0.18581352226491413,0.1673547923564911,0.05763683095574379,0.657121479511261,0.6677201986312866,0.6539381377549718,0.959685206413269,0.2278939941182528,0.3386134964438605,0.2
410,n03445777/ILSVRC2012_val_00023215,supervised,resnet18_imagenet,gradcam,predicted,backbone.layer1,28,28,28,0.05038768798112869,0.21665501594543457,0.2143919672739799,0.06842255940449535,0.22480042278766632,0.046849388629198074,0.3523814082145691,0.21093767881393433,0.32065130739789527,0.9873181581497192,0.10499943319599406,0.23643704618547173,0.2
411,n03445777/ILSVRC2012_val_00023845,supervised,resnet18_imagenet,gradcam,predicted,backbone.layer1,28,28,28,0.0,0.0,0.11060537096029985,0.04314811862244038,0.06515778601169586,0.0,0.07572461664676666,0.0,0.04314811862244038,0.9789813160896301,0.046126046874822066,0.18528556980912958,0.2
412,n03445777/ILSVRC2012_val_00025591,supervised,resnet18_imagenet,gradcam,predicted,backbone.layer1,28,28,28,0.10316942632198334,0.1693754345178604,0.08498677248671628,0.21105861508916945,0.07500459253787994,0.10362808406352997,0.11397692561149597,0.30473053455352783,0.12695312499997471,0.952775239944458,0.13008138680155906,0.2530369320983343,0.2
413,n03445777/ILSVRC2012_val_00035519,supervised,resnet18_imagenet,gradcam,predicted,backbone.layer1,28,28,28,0.7008998990058899,0.43081358075141907,0.11110616117961816,0.17857480389368746,0.1523294448852539,0.18563617765903473,0.26351988315582275,0.4470859467983246,0.2970742984693286,0.8533986806869507,0.36726424912434763,0.4457450080234304,0.2
414,n03445777/ILSVRC2012_val_00036171,supervised,resnet18_imagenet,gradcam,predicted,backbone.layer1,28,28,28,-0.1098799929022789,0.27905476093292236,0.26340278136780054,0.07203018073343041,0.12712913751602173,0.07671572268009186,0.367139607667923,0.18750302493572235,0.28704958545912646,0.9384182095527649,0.056677891469457724,0.18616297444242486,0.2
415,n03445777/ILSVRC2012_val_00036187,supervised,resnet18_imagenet,gradcam,predicted,backbone.layer1,28,28,28,-0.022314781323075294,0.22773368656635284,0.7815030915259239,0.07160817181766808,0.29163700342178345,0.04561292752623558,0.3995298743247986,0.15010429918766022,0.207708864795877,0.17450912296772003,0.24700746647384747,0.23164401081797964,0.2
400,n03201208/ILSVRC2012_val_00040827,supervised,resnet18_imagenet,gradcam,predicted,backbone.layer2,27,27,27,0.2297450453042984,0.4695158302783966,0.07927481937377624,0.03429926913704686,0.09410901367664337,0.06231173127889633,0.12162348628044128,0.09069893509149551,0.12153220663262884,0.9476032257080078,0.12597024467496631,0.25094477184041136,0.2
401,n03201208/ILSVRC2012_val_00041816,supervised,resnet18_imagenet,gradcam,predicted,backbone.layer2,27,27,27,0.16885516047477722,0.43116769194602966,0.15838259635840227,0.14987795719106745,0.1829676777124405,0.12613743543624878,0.318921834230423,0.27067580819129944,0.2881656568876977,0.9934319853782654,0.16002023025475182,0.28517924236027925,0.2
402,n03201208/ILSVRC2012_val_00043733,supervised,resnet18_imagenet,gradcam,predicted,backbone.layer2,27,27,27,0.14935241639614105,0.18677698075771332,0.06820802583021897,0.03439227290489956,0.11008695513010025,0.020761776715517044,0.1580854207277298,0.0706561729311943,0.16924426020404792,0.995926558971405,0.09052105617899198,0.22731240426813976,0.2
403,n03201208/ILSVRC2012_val_00046343,supervised,resnet18_imagenet,gradcam,predicted,backbone.layer2,27,27,27,0.7354747653007507,0.4627806544303894,0.08064321121990879,0.09780962128964221,0.1455353945493698,0.07716179639101028,0.6764507293701172,0.5554915070533752,0.8688018176018677,0.9932850003242493,0.3477257558731656,0.45102212603128783,0.2
404,n03201208/ILSVRC2012_val_00048871,supervised,resnet18_imagenet,gradcam,predicted,backbone.layer2,27,27,27,0.3164265751838684,0.45517393946647644,0.10856036509465594,0.0631299734747592,0.10381761938333511,0.06717762351036072,0.13808706402778625,0.10534968227148056,0.11951929209181292,0.9794793128967285,0.1780777316443719,0.30059378289121697,0.2
405,n03445777/ILSVRC2012_val_00007755,supervised,resnet18_imagenet,gradcam,predicted,backbone.layer2,28,28,28,-0.045932210981845856,0.1512463539838791,0.2212613092068778,0.05095030913667795,0.1348729133605957,0.02488388493657112,0.19114358723163605,0.10500090569257736,0.16587611607139552,0.9305227398872375,0.06329060111032837,0.19155504172532853,0.2
406,n03445777/ILSVRC2012_val_00011431,supervised,resnet18_imagenet,gradcam,predicted,backbone.layer2,28,28,28,0.08711213618516922,0.16240204870700836,0.1670588235293644,0.3100299115381181,0.18632839620113373,0.08722499012947083,0.6605122685432434,0.9797695279121399,0.6204759247447743,0.9304736256599426,0.17797147499431243,0.28933247528067124,0.2
407,n03445777/ILSVRC2012_val_00011581,supervised,resnet18_imagenet,gradcam,predicted,backbone.layer2,28,28,28,-0.3591066300868988,0.3851962983608246,0.050527886915856246,0.25546928282874576,0.19234319031238556,0.2893224060535431,0.5780634880065918,0.907021701335907,0.7538663903059722,0.9984283447265625,-0.051843501111378934,0.1005762236147203,0.2
408,n03445777/ILSVRC2012_val_00012634,supervised,resnet18_imagenet,gradcam,predicted,backbone.layer2,28,28,28,0.43556180596351624,0.11055589467287064,0.5064398155505593,0.6706048315987739,0.2329270839691162,0.18707318603992462,0.29149553179740906,0.899556577205658,0.17763472576527073,0.9861961007118225,0.5273381165302065,0.5946372089813373,0.2
409,n03445777/ILSVRC2012_val_00019268,supervised,resnet18_imagenet,gradcam,predicted,backbone.layer2,28,28,28,0.3210351765155792,0.237740159034729,0.1595940460080759,0.3002063482429143,0.21861758828163147,0.1328240931034088,0.5860230326652527,0.985509991645813,0.6539381377549718,0.985016942024231,0.26635418888152873,0.3750649516468349,0.2
410,n03445777/ILSVRC2012_val_00023215,supervised,resnet18_imagenet,gradcam,predicted,backbone.layer2,28,28,28,-0.17025500535964966,0.21290719509124756,0.18750852311460178,0.3720588235292163,0.1937267780303955,0.19666539132595062,0.3056092858314514,0.6239804029464722,0.32065130739789527,0.9840103387832642,0.09976820184928556,0.22790413560256678,0.2
411,n03445777/ILSVRC2012_val_00023845,supervised,resnet18_imagenet,gradcam,predicted,backbone.layer2,28,28,28,0.05579058825969696,0.10060454159975052,0.2157448928747227,0.04314811862244038,0.16854359209537506,0.018375210464000702,0.1930093765258789,0.05288512259721756,0.04314811862244038,0.9812662601470947,0.09998413875302771,0.2314398977872489,0.2
412,n03445777/ILSVRC2012_val_00025591,supervised,resnet18_imagenet,gradcam,predicted,backbone.layer2,28,28,28,0.11769898235797882,0.10940603911876678,0.08333883642601642,0.29061442844757246,0.08366403728723526,0.1450253427028656,0.10832113772630692,0.46619805693626404,0.12695312499997471,0.9530697464942932,0.15926557240526817,0.27764342201783376,0.2
413,n03445777/ILSVRC2012_val_00035519,supervised,resnet18_imagenet,gradcam,predicted,backbone.layer2,28,28,28,-0.04554697498679161,0.23416239023208618,0.0876902280556021,0.2508024072215392,0.13533544540405273,0.1521916389465332,0.21637585759162903,0.46315112709999084,0.2970742984693286,0.9611454606056213,0.08332900058842574,0.21285353666475146,0.2
414,n03445777/ILSVRC2012_val_00036171,supervised,resnet18_imagenet,gradcam,predicted,backbone.layer2,28,28,28,0.03980744630098343,0.3391965329647064,0.2004126142056192,0.3274307441606043,0.15878398716449738,0.21499694883823395,0.3347991406917572,0.5052443742752075,0.28704958545912646,0.8904567956924438,0.1742759860302604,0.2794619651507666,0.2
415,n03445777/ILSVRC2012_val_00036187,supervised,resnet18_imagenet,gradcam,predicted,backbone.layer2,28,28,28,-0.16014635562896729,0.0536876916885376,0.05074734192816747,0.11202913518502362,0.10419420897960663,0.04579005017876625,0.15723037719726562,0.36237290501594543,0.207708864795877,0.9410573244094849,-0.015225599117629593,0.12580149346958194,0.2
400,n03201208/ILSVRC2012_val_00040827,supervised,resnet18_imagenet,gradcam,predicted,backbone.layer3,27,27,27,-0.1402866393327713,0.3406538963317871,0.06791553584426563,0.0706085340765342,0.0801967903971672,0.07879237085580826,0.12736783921718597,0.10390308499336243,0.12153220663262884,0.9378889203071594,-0.014557434756868583,0.12621403175980392,0.2
401,n03201208/ILSVRC2012_val_00041816,supervised,resnet18_imagenet,gradcam,predicted,backbone.layer3,27,27,27,-0.28181764483451843,0.250349223613739,0.14308381556834837,0.019224367509978683,0.14665210247039795,0.038154590874910355,0.29098159074783325,0.09734390676021576,0.2881656568876977,0.9942088723182678,-0.06403460301030926,0.09107220092524049,0.2
402,n03201208/ILSVRC2012_val_00043733,supervised,resnet18_imagenet,gradcam,predicted,backbone.layer3,27,27,27,0.49168702960014343,0.42420637607574463,0.004064600043353531,0.039382889200538916,0.06859607249498367,0.054881732910871506,0.11251717805862427,0.10323768854141235,0.16924426020404792,0.9972688555717468,0.2097090586132251,0.3325426610067853,0.2
403,n03201208/ILSVRC2012_val_00046343,supervised,resnet18_imagenet,gradcam,predicted,backbone.layer3,27,27,27,0.1909070461988449,0.1906498223543167,0.08668693009116785,0.15980016868873467,0.2454616278409958,0.07369762659072876,0.7409412860870361,0.7241271734237671,0.8688018176018677,0.9896475672721863,0.15030894811350873,0.2768863759553993,0.2
404,n03201208/ILSVRC2012_val_00048871,supervised,resnet18_imagenet,gradcam,predicted,backbone.layer3,27,27,27,0.1635034829378128,0.32181882858276367,0.15955446260656764,0.06468322486381678,0.10706733912229538,0.06304004043340683,0.13875296711921692,0.11100246757268906,0.11951929209181292,0.9644017815589905,0.13267269941624044,0.25794590812967916,0.2
405,n03445777/ILSVRC2012_val_00007755,supervised,resnet18_imagenet,gradcam,predicted,backbone.layer3,28,28,28,0.4940301775932312,0.3859657943248749,0.5415232177340318,0.45076655602935767,0.2448672354221344,0.319520503282547,0.299250066280365,0.4461533725261688,0.16587611607139552,0.9813883900642395,0.49529900316630937,0.5681912641081142,0.2
406,n03445777/ILSVRC2012_val_00011431,supervised,resnet18_imagenet,gradcam,predicted,backbone.layer3,28,28,28,0.5067453980445862,0.3801972270011902,0.18091850491948572,0.3223267915073002,0.2006424367427826,0.19270092248916626,0.5944319367408752,0.964981734752655,0.6204759247447743,0.9354354739189148,0.35367174814587027,0.4434875345101388,0.2
407,n03445777/ILSVRC2012_val_00011581,supervised,resnet18_imagenet,gradcam,predicted,backbone.layer3,28,28,28,0.28213077783584595,0.3720225393772125,0.22641896220365756,0.24159489467670398,0.12897688150405884,0.2293330579996109,0.756037175655365,0.8662521839141846,0.7538663903059722,0.8972357511520386,0.2532564681984468,0.3503345991354422,0.2
408,n03445777/ILSVRC2012_val_00012634,supervised,resnet18_imagenet,gradcam,predicted,backbone.layer3,28,28,28,0.8376849889755249,0.34056952595710754,0.6257400257394888,0.7313596491221387,0.2680528461933136,0.44586607813835144,0.3126954734325409,0.7305355668067932,0.17763472576527073,0.9510878324508667,0.7422038980486982,0.7751278397244705,0.2
409,n03445777/ILSVRC2012_val_00019268,supervised,resnet18_imagenet,gradcam,predicted,backbone.layer3,28,28,28,0.6024211645126343,0.34132492542266846,0.2428786911874912,0.30583323174439053,0.23503631353378296,0.1655202955007553,0.6652477383613586,0.9979075193405151,0.6539381377549718,0.9823221564292908,0.4055820426846182,0.495373711776786,0.2
410,n03445777/ILSVRC2012_val_00023215,supervised,resnet18_imagenet,gradcam,predicted,backbone.layer3,28,28,28,0.6422035098075867,0.39872267842292786,0.5634949132252761,0.4702009116998873,0.24652065336704254,0.26259058713912964,0.5112478733062744,0.7463288903236389,0.32065130739789527,0.9903294444084167,0.5669901514005837,0.6317446013252087,0.2
411,n03445777/ILSVRC2012_val_00023845,supervised,resnet18_imagenet,gradcam,predicted,backbone.layer3,28,28,28,0.5432528853416443,0.44498953223228455,0.2157448928747227,0.10667634252530235,0.12915074825286865,0.08979928493499756,0.1398199498653412,0.10899811238050461,0.04314811862244038,0.9952430129051208,0.31402752475666523,0.42003027065534987,0.2
412,n03445777/ILSVRC2012_val_00025591,supervised,resnet18_imagenet,gradcam,predicted,backbone.layer3,28,28,28,0.51130610704422,0.38585615158081055,0.4370182200416634,0.3813573593799416,0.2234855741262436,0.24723854660987854,0.283657968044281,0.3763708770275116,0.12695312499997471,0.9782383441925049,0.4500351166441695,0.5302867839497539,0.2
413,n03445777/ILSVRC2012_val_00035519,supervised,resnet18_imagenet,gradcam,predicted,backbone.layer3,28,28,28,0.3723530173301697,0.1451750546693802,0.24630221866867563,0.3826708797603067,0.25289320945739746,0.11936872452497482,0.43860796093940735,0.8563438057899475,0.2970742984693286,0.9716403484344482,0.33763313646076254,0.4333128829379722,0.2
414,n03445777/ILSVRC2012_val_00036171,supervised,resnet18_imagenet,gradcam,predicted,backbone.layer3,28,28,28,0.6979926228523254,0.37433379888534546,0.41415427347930434,0.6531150646007893,0.27593010663986206,0.3116687834262848,0.4537792503833771,0.8570781946182251,0.28704958545912646,0.9451334476470947,0.5993778505649583,0.6528847696654014,0.2
415,n03445777/ILSVRC2012_val_00036187,supervised,resnet18_imagenet,gradcam,predicted,backbone.layer3,28,28,28,0.03447337448596954,0.33983418345451355,0.61613209037714,0.20555129942824824,0.24675080180168152,0.19685061275959015,0.4245891869068146,0.2944592237472534,0.207708864795877,0.948110044002533,0.26029436673600426,0.35970303512181634,0.2
400,n03201208/ILSVRC2012_val_00040827,supervised,resnet18_imagenet,gradcam,predicted,backbone.layer4,27,27,27,0.23440594971179962,0.47200706601142883,0.29384874488708485,0.33584499461759054,0.16762426495552063,0.200947105884552,0.19571150839328766,0.2174634039402008,0.12153220663262884,0.9307897686958313,0.28267050173612246,0.37908398257967335,0.2
401,n03201208/ILSVRC2012_val_00041816,supervised,resnet18_imagenet,gradcam,predicted,backbone.layer4,27,27,27,0.2548947036266327,0.5234857201576233,0.04778200795651804,0.10437801523959403,0.15792915225028992,0.2234863042831421,0.24443206191062927,0.31558650732040405,0.2881656568876977,0.9961048364639282,0.1476058884094867,0.2766688775379387,0.2
402,n03201208/ILSVRC2012_val_00043733,supervised,resnet18_imagenet,gradcam,predicted,backbone.layer4,27,27,27,0.2802874445915222,0.582818865776062,0.18390951498486555,0.23901558215726676,0.1712668091058731,0.2412061244249344,0.19592532515525818,0.26876649260520935,0.16924426020404792,0.94735187292099,0.2389925069792486,0.34593466083071434,0.2
403,n03201208/ILSVRC2012_val_00046343,supervised,resnet18_imagenet,gradcam,predicted,backbone.layer4,27,27,27,-0.11687470227479935,0.4714992940425873,0.2153929834103401,0.2007254326847277,0.40466004610061646,0.3487453758716583,0.9017233848571777,0.8591232895851135,0.8688018176018677,0.9922019839286804,0.0780856439186006,0.21195375581688924,0.2
404,n03201208/ILSVRC2012_val_00048871,supervised,resnet18_imagenet,gradcam,predicted,backbone.layer4,27,27,27,0.16825275123119354,0.521673858165741,0.2169424624258259,0.3203755559213306,0.1444978564977646,0.1983294039964676,0.16297250986099243,0.21562524139881134,0.11951929209181292,0.9741605520248413,0.22849650599662436,0.33934205032143305,0.2
405,n03445777/ILSVRC2012_val_00007755,supervised,resnet18_imagenet,gradcam,predicted,backbone.layer4,28,28,28,0.7388039827346802,0.5250933170318604,0.8129567450120353,0.825892413243685,0.3051263689994812,0.44642403721809387,0.35421136021614075,0.517705500125885,0.16587611607139552,0.9889522790908813,0.7871763405705883,0.8166365253847003,0.2
406,n03445777/ILSVRC2012_val_00011431,supervised,resnet18_imagenet,gradcam,predicted,backbone.layer4,28,28,28,0.45664161443710327,0.4780767261981964,0.3223267915073002,0.3197832847112109,0.3699919283390045,0.3625499904155731,0.7290744185447693,0.7754939794540405,0.6204759247447743,0.9176802635192871,0.37528966864039465,0.458004123635507,0.2
407,n03445777/ILSVRC2012_val_00011581,supervised,resnet18_imagenet,gradcam,predicted,backbone.layer4,28,28,28,0.33440709114074707,0.5010585188865662,0.21576447278171673,0.22892648984511546,0.3489222228527069,0.47171521186828613,0.7163026332855225,0.9248085618019104,0.7538663903059722,0.9839431643486023,0.26717012524434847,0.3758066972082599,0.2
408,n03445777/ILSVRC2012_val_00012634,supervised,resnet18_imagenet,gradcam,predicted,backbone.layer4,28,28,28,0.6752500534057617,0.5322039127349854,0.3886405276655268,0.5146282973616989,0.21116243302822113,0.35293298959732056,0.2538115382194519,0.45619601011276245,0.17763472576527073,0.5376954078674316,0.5410806688704723,0.5428090361289378,0.2
409,n03445777/ILSVRC2012_val_00019268,supervised,resnet18_imagenet,gradcam,predicted,backbone.layer4,28,28,28,0.2999054789543152,0.544046938419342,0.19726218745629356,0.30583323174439053,0.34610411524772644,0.4409935176372528,0.6881063580513,0.7904017567634583,0.6539381377549718,0.9976963996887207,0.2708908173419313,0.3803952323874894,0.2
410,n03445777/ILSVRC2012_val_00023215,supervised,resnet18_imagenet,gradcam,predicted,backbone.layer4,28,28,28,0.578989565372467,0.53163743019104,0.5358927626547498,0.5303145685662642,0.3047856390476227,0.49078577756881714,0.43513062596321106,0.6582463383674622,0.32065130739789527,0.9977646470069885,0.5514580255152911,0.6188628777366653,0.2
411,n03445777/ILSVRC2012_val_00023845,supervised,resnet18_imagenet,gradcam,predicted,backbone.layer4,28,28,28,0.5685363411903381,0.5166062712669373,0.15412254160348512,0.17195004803057448,0.07951214909553528,0.10603584349155426,0.08382893353700638,0.11017098277807236,0.04314811862244038,0.9943060874938965,0.32523631336635317,0.42965177994921766,0.2
412,n03445777/ILSVRC2012_val_00025591,supervised,resnet18_imagenet,gradcam,predicted,backbone.layer4,28,28,28,0.7620168924331665,0.5350925922393799,0.6024657800207722,0.6338014142011414,0.25869420170783997,0.3943327069282532,0.28761258721351624,0.4446028470993042,0.12695312499997471,0.994389533996582,0.6756869152398407,0.724931141006574,0.2
413,n03445777/ILSVRC2012_val_00035519,supervised,resnet18_imagenet,gradcam,predicted,backbone.layer4,28,28,28,0.3788990080356598,0.5192897319793701,0.38384286744693785,0.5651710072164636,0.28290101885795593,0.42219507694244385,0.4028451144695282,0.5344055891036987,0.2970742984693286,0.9805797338485718,0.43626376561328434,0.516955081555617,0.2
414,n03445777/ILSVRC2012_val_00036171,supervised,resnet18_imagenet,gradcam,predicted,backbone.layer4,28,28,28,0.5987457633018494,0.5165910720825195,0.5248939356123503,0.5809289688183588,0.28706300258636475,0.4513944387435913,0.42127376794815063,0.6299177408218384,0.28704958545912646,0.9974392652511597,0.5712451766499524,0.6356326330509985,0.2
415,n03445777/ILSVRC2012_val_00036187,supervised,resnet18_imagenet,gradcam,predicted,backbone.layer4,28,28,28,0.11089956760406494,0.42192545533180237,0.4088781830692299,0.48551303463765483,0.26423799991607666,0.3467435836791992,0.32406044006347656,0.4011222720146179,0.207708864795877,0.9644168019294739,0.3126771923536914,0.40707517337756494,0.2
416,n03445777/ILSVRC2012_val_00036755,supervised,resnet18_imagenet,gradcam,predicted,backbone.layer1,28,28,28,-0.6499233245849609,0.3031248450279236,0.6336680560812489,0.01908757830042602,0.31832799315452576,0.02145891636610031,0.3899666666984558,0.030200336128473282,0.1436941964285428,0.9621695280075073,-0.06414263951948196,0.08004117419180849,0.2
417,n03445777/ILSVRC2012_val_00037369,supervised,resnet18_imagenet,gradcam,predicted,backbone.layer1,28,28,28,0.19071443378925323,0.5446200370788574,0.07027148642562601,0.08203806202131925,0.06573790311813354,0.08282113075256348,0.0824887603521347,0.09751658141613007,0.08442283163263624,0.9954214096069336,0.12197863804978488,0.254140650379015,0.2
418,n03445777/ILSVRC2012_val_00038447,supervised,resnet18_imagenet,gradcam,predicted,backbone.layer1,28,24,24,0.20810817182064056,0.15243901312351227,0.10064847338550348,0.1265989075571274,0.08977512270212173,0.024816075339913368,0.14064417779445648,0.0791897103190422,0.12474091198977107,0.9907544255256653,0.1514174830110455,0.2782628692017317,0.2
419,n03445777/ILSVRC2012_val_00046468,supervised,resnet18_imagenet,gradcam,predicted,backbone.layer1,28,28,28,0.2647954523563385,0.41024482250213623,0.08040058843494376,0.1950807360118944,0.09401869773864746,0.16400103271007538,0.15265071392059326,0.27046480774879456,0.18056441326527015,0.9424384832382202,0.18856257827658685,0.302914511922161,0.2
420,n03452741/ILSVRC2012_val_00002690,supervised,resnet18_imagenet,gradcam,predicted,backbone.layer1,29,29,29,-0.2539615035057068,0.34935253858566284,0.16362637362632867,0.239748280403852,0.17693951725959778,0.3967634439468384,0.6220077276229858,0.7063573002815247,0.6441525829080349,0.9713417887687683,0.01942779480677148,0.15765840559586303,0.2
421,n03452741/ILSVRC2012_val_00007427,supervised,resnet18_imagenet,gradcam,predicted,backbone.layer1,29,35,35,-0.024499427527189255,0.2531715929508209,0.18845057034213067,0.12605546590605846,0.18380308151245117,0.07193057984113693,0.4149288833141327,0.35173460841178894,0.39801897321420643,0.9934103488922119,0.08455203986358104,0.21906326176136282,0.2
422,n03452741/ILSVRC2012_val_00016899,supervised,resnet18_imagenet,gradcam,predicted,backbone.layer1,29,29,29,-0.1478675752878189,0.2691548466682434,0.24041991739323074,0.19345402362286307,0.1702558547258377,0.3216288685798645,0.7663877606391907,0.7456690669059753,0.6618901466835416,0.964144766330719,0.07101515218970057,0.20133654885289468,0.2
423,n03452741/ILSVRC2012_val_00018721,supervised,resnet18_imagenet,gradcam,predicted,backbone.layer1,29,29,29,-0.1001168042421341,0.3310762941837311,0.20962346455422978,0.11349247407185636,0.16773256659507751,0.15636689960956573,0.7288269996643066,0.5327435731887817,0.7008330676019012,0.9967733025550842,0.05688805989097221,0.19525409855503723,0.2
424,n03452741/ILSVRC2012_val_00019981,supervised,resnet18_imagenet,gradcam,predicted,backbone.layer1,29,29,29,0.23361258208751678,0.35758092999458313,0.08458019632131679,0.40821629647936136,0.09565452486276627,0.2601243257522583,0.22731377184391022,0.5088080763816833,0.25362723214280664,0.9773553013801575,0.24128398067521015,0.35156682213782403,0.2
425,n03452741/ILSVRC2012_val_00022718,supervised,resnet18_imagenet,gradcam,predicted,backbone.layer1,29,30,30,0.04072025418281555,0.5569037199020386,0.17097457627109588,0.08277010480944129,0.16067105531692505,0.1335509568452835,0.25716888904571533,0.19268488883972168,0.2406130420917888,0.9866636395454407,0.09241150599728737,0.22568780516593584,0.2
426,n03452741/ILSVRC2012_val_00025572,supervised,resnet18_imagenet,gradcam,predicted,backbone.layer1,29,29,29,-0.00805975403636694,0.2506691515445709,0.21203957933994405,0.14204822805815143,0.18001602590084076,0.0581677071750164,0.7520356774330139,0.6174684166908264,0.7325613839284255,0.9846784472465515,0.10300244060488187,0.23340280502377814,0.2
427,n03452741/ILSVRC2012_val_00028864,supervised,resnet18_imagenet,gradcam,predicted,backbone.layer1,29,29,29,-0.14052344858646393,0.42384567856788635,0.10394298841947398,0.31219349086028075,0.12293606251478195,0.24439288675785065,0.23417441546916962,0.4023783504962921,0.26927216198974224,0.9950709342956543,0.06863156434934085,0.20411155295902444,0.2
428,n03452741/ILSVRC2012_val_00032753,supervised,resnet18_imagenet,gradcam,predicted,backbone.layer1,29,29,29,0.3567136228084564,0.4850775897502899,0.19327672117334785,0.21078117211414554,0.1683446168899536,0.26961639523506165,0.5282935500144958,0.5302625298500061,0.47773836096929256,0.9868135452270508,0.2639028171096306,0.37388627308889066,0.2
429,n03452741/ILSVRC2012_val_00035907,supervised,resnet18_imagenet,gradcam,predicted,backbone.layer1,29,29,29,0.04520845785737038,0.4635883569717407,0.04084904450427033,0.106784861916054,0.06661505997180939,0.12953582406044006,0.09200352430343628,0.1622471809387207,0.12348533163262845,0.9061494469642639,0.06237355506904545,0.1886538538998003,0.2
430,n03452741/ILSVRC2012_val_00041692,supervised,resnet18_imagenet,gradcam,predicted,backbone.layer1,29,29,29,0.014776018448174,0.16823235154151917,0.20819186906929216,0.2702851128093587,0.11855147778987885,0.11882120370864868,0.4154648184776306,0.6531534790992737,0.3531967474489092,0.9608209729194641,0.14945350194286483,0.26891399786444325,0.2
431,n03452741/ILSVRC2012_val_00047672,supervised,resnet18_imagenet,gradcam,predicted,backbone.layer1,29,29,29,-0.23206612467765808,0.348277747631073,0.24493871367563355,0.12187403040637798,0.13128408789634705,0.09582653641700745,0.22269891202449799,0.1684802770614624,0.16031568877547825,0.9802493453025818,0.01721737335354022,0.15751744417870983,0.2
416,n03445777/ILSVRC2012_val_00036755,supervised,resnet18_imagenet,gradcam,predicted,backbone.layer2,28,28,28,-0.20328494906425476,0.17446324229240417,0.6882036221236532,0.03904320057839426,0.3449409306049347,0.023579556494951248,0.40228015184402466,0.06281768530607224,0.1436941964285428,0.9518507122993469,0.1368600671849123,0.25343958034792474,0.2
417,n03445777/ILSVRC2012_val_00037369,supervised,resnet18_imagenet,gradcam,predicted,backbone.layer2,28,28,28,0.03498326241970062,0.1523265838623047,0.041526784411004575,0.15742092457408155,0.07062530517578125,0.06474122405052185,0.08871325105428696,0.16125062108039856,0.08442283163263624,0.9948891997337341,0.07367761766340608,0.21121444905322687,0.2
418,n03445777/ILSVRC2012_val_00038447,supervised,resnet18_imagenet,gradcam,predicted,backbone.layer2,28,24,24,-0.04103606194257736,0.36858975887298584,0.04825012866697873,0.18812891935234932,0.07598341256380081,0.12026297301054001,0.10648991912603378,0.20377682149410248,0.12474091198977107,0.9921696782112122,0.05449928962876747,0.19355759205661177,0.2
419,n03445777/ILSVRC2012_val_00046468,supervised,resnet18_imagenet,gradcam,predicted,backbone.layer2,28,28,28,-0.16744069755077362,0.11540234088897705,0.043043644507541896,0.38099370796240617,0.09630195051431656,0.16410259902477264,0.15457674860954285,0.6337371468544006,0.18056441326527015,0.9549698829650879,0.06023492672067496,0.19065057641947944,0.2
420,n03452741/ILSVRC2012_val_00002690,supervised,resnet18_imagenet,gradcam,predicted,backbone.layer2,29,29,29,0.06202714145183563,0.26278001070022583,0.18547958241199433,0.1563515247481077,0.25407880544662476,0.09093303233385086,0.6457654237747192,0.5734023451805115,0.6441525829080349,0.9813034534454346,0.12736018872876487,0.25436279431498315,0.2
421,n03452741/ILSVRC2012_val_00007427,supervised,resnet18_imagenet,gradcam,predicted,backbone.layer2,29,35,35,-0.23916198313236237,0.30003198981285095,0.2199048664470383,0.1266050912367175,0.22386886179447174,0.10079430043697357,0.4501948356628418,0.3398393392562866,0.39801897321420643,0.996330738067627,0.008288194052181792,0.15237040603475616,0.2
422,n03452741/ILSVRC2012_val_00016899,supervised,resnet18_imagenet,gradcam,predicted,backbone.layer2,29,29,29,0.16610537469387054,0.35297513008117676,0.26936511197855256,0.22150039543548147,0.18301676213741302,0.2408241480588913,0.8045380115509033,0.8046687841415405,0.6618901466835416,0.9952556490898132,0.21370180210175843,0.33014160535983517,0.2
423,n03452741/ILSVRC2012_val_00018721,supervised,resnet18_imagenet,gradcam,predicted,backbone.layer2,29,29,29,0.14604370296001434,0.4713119864463806,0.17907917047080238,0.16076014381095,0.1876170039176941,0.21616950631141663,0.6824010610580444,0.6441835165023804,0.7008330676019012,0.9976208209991455,0.16036927546853144,0.28571824775631494,0.2
424,n03452741/ILSVRC2012_val_00019981,supervised,resnet18_imagenet,gradcam,predicted,backbone.layer2,29,29,29,0.25873252749443054,0.37339380383491516,0.1697502312672578,0.4109223902799337,0.2000190168619156,0.28012901544570923,0.2913716435432434,0.5500540733337402,0.25362723214280664,0.9710714221000671,0.2776947974619297,0.3813852533248586,0.2
425,n03452741/ILSVRC2012_val_00022718,supervised,resnet18_imagenet,gradcam,predicted,backbone.layer2,29,30,30,-0.4085390865802765,0.16278234124183655,0.10435086667660505,0.08060022483988435,0.17640399932861328,0.054659634828567505,0.23958906531333923,0.18440724909305573,0.2406130420917888,0.9928171038627625,-0.10793030717716381,0.05217165815543995,0.2
426,n03452741/ILSVRC2012_val_00025572,supervised,resnet18_imagenet,gradcam,predicted,backbone.layer2,29,29,29,-0.3143669068813324,0.2601296007633209,0.16787300953422657,0.23062356994444663,0.14442063868045807,0.1840287446975708,0.7380724549293518,0.8355140089988708,0.7325613839284255,0.9641552567481995,-0.0061977889089310095,0.1342190159734319,0.2
427,n03452741/ILSVRC2012_val_00028864,supervised,resnet18_imagenet,gradcam,predicted,backbone.layer2,29,29,29,-0.092415452003479,0.31094595789909363,0.03868719396531003,0.2762059620594709,0.14160104095935822,0.22155016660690308,0.21219691634178162,0.46286505460739136,0.26927216198974224,0.9894482493400574,0.057501766006042676,0.19479511820598616,0.2
428,n03452741/ILSVRC2012_val_00032753,supervised,resnet18_imagenet,gradcam,predicted,backbone.layer2,29,29,29,0.034385789185762405,0.41264352202415466,0.19806933483645783,0.23806749918074852,0.23435567319393158,0.1768224984407425,0.4998886287212372,0.5512605905532837,0.47773836096929256,0.9929627180099487,0.14459536587946686,0.2700136424208107,0.2
429,n03452741/ILSVRC2012_val_00035907,supervised,resnet18_imagenet,gradcam,predicted,backbone.layer2,29,29,29,-0.2498488873243332,0.23805418610572815,0.015516486266648616,0.1455995483095874,0.06179678067564964,0.10538265854120255,0.09036179631948471,0.1966528445482254,0.12348533163262845,0.9657067656517029,-0.051604744556862474,0.09768791292829782,0.2
430,n03452741/ILSVRC2012_val_00041692,supervised,resnet18_imagenet,gradcam,predicted,backbone.layer2,29,29,29,-0.008968431502580643,0.4067404866218567,0.0884671189364776,0.2006142134174486,0.17688928544521332,0.18747581541538239,0.30602705478668213,0.4108143150806427,0.3531967474489092,0.8687791228294373,0.08313702710514559,0.1994482504869939,0.2
431,n03452741/ILSVRC2012_val_00047672,supervised,resnet18_imagenet,gradcam,predicted,backbone.layer2,29,29,29,0.02710535377264023,0.4259299337863922,0.23727073638089427,0.05435353122992106,0.15207400918006897,0.05515335127711296,0.22139433026313782,0.09514735639095306,0.16031568877547825,0.9482072591781616,0.09832942179230068,0.22462402959985212,0.2
416,n03445777/ILSVRC2012_val_00036755,supervised,resnet18_imagenet,gradcam,predicted,backbone.layer3,28,28,28,0.7053356766700745,0.17949828505516052,0.7077639136455657,0.1436941964285428,0.28121283650398254,0.18183854222297668,0.4353386461734772,0.8820200562477112,0.1436941964285428,0.9754423499107361,0.5375717036902623,0.6060483668396636,0.2
417,n03445777/ILSVRC2012_val_00037369,supervised,resnet18_imagenet,gradcam,predicted,backbone.layer3,28,28,28,0.6669126152992249,0.3317861557006836,0.3152995391702163,0.33211985438221586,0.2149929255247116,0.28430747985839844,0.3027920424938202,0.443306565284729,0.08442283163263624,0.9971705079078674,0.46099086418541957,0.5448498399290169,0.2
418,n03445777/ILSVRC2012_val_00038447,supervised,resnet18_imagenet,gradcam,predicted,backbone.layer3,28,24,24,0.5354799628257751,0.44088977575302124,0.21144981412623684,0.24154221273983423,0.17343750596046448,0.18491125106811523,0.20988675951957703,0.26744508743286133,0.12474091198977107,0.9934340715408325,0.3500895931901314,0.44968110443666387,0.2
419,n03445777/ILSVRC2012_val_00046468,supervised,resnet18_imagenet,gradcam,predicted,backbone.layer3,28,28,28,0.7807781100273132,0.3625212013721466,0.4766839378234655,0.6154822335020174,0.25623586773872375,0.3362981975078583,0.41966158151626587,0.807386040687561,0.18056441326527015,0.9861605167388916,0.6399610954085702,0.694237958851764,0.2
420,n03452741/ILSVRC2012_val_00002690,supervised,resnet18_imagenet,gradcam,predicted,backbone.layer3,29,29,29,-0.16794653236865997,0.275433748960495,0.1339990897164376,0.16724997933139493,0.149855375289917,0.15820416808128357,0.6250658631324768,0.6357905268669128,0.6441525829080349,0.9930059313774109,0.023196107766885757,0.1654818706395388,0.2
421,n03452741/ILSVRC2012_val_00007427,supervised,resnet18_imagenet,gradcam,predicted,backbone.layer3,29,35,35,0.27898162603378296,0.4789978265762329,0.25832424725309977,0.1670036550275422,0.272406667470932,0.17987531423568726,0.46401941776275635,0.39863136410713196,0.39801897321420643,0.8884117603302002,0.2391910210977058,0.3372373087315146,0.2
422,n03452741/ILSVRC2012_val_00016899,supervised,resnet18_imagenet,gradcam,predicted,backbone.layer3,29,29,29,0.09293825179338455,0.37569549679756165,0.2369783473012108,0.27633326446882617,0.23517578840255737,0.406706303358078,0.8020038604736328,0.8190730810165405,0.6618901466835416,0.9964722990989685,0.19116878424836492,0.31032713593503913,0.2
423,n03452741/ILSVRC2012_val_00018721,supervised,resnet18_imagenet,gradcam,predicted,backbone.layer3,29,29,29,-0.2644459009170532,0.2797076404094696,0.152532000611925,0.19085256612915197,0.21143463253974915,0.1686946004629135,0.6583868265151978,0.713607668876648,0.7008330676019012,0.9949874877929688,-0.0027629903444982076,0.14253819953324592,0.2
424,n03452741/ILSVRC2012_val_00019981,supervised,resnet18_imagenet,gradcam,predicted,backbone.layer3,29,29,29,0.2504882216453552,0.4579258859157562,0.36236308134293266,0.45131671236341814,0.2565201222896576,0.3566553294658661,0.3851829469203949,0.4641648828983307,0.25362723214280664,0.6456491351127625,0.3442992267700473,0.38793819626937637,0.2
425,n03452741/ILSVRC2012_val_00022718,supervised,resnet18_imagenet,gradcam,predicted,backbone.layer3,29,30,30,-0.09031383693218231,0.18887367844581604,0.15821458507954828,0.15730513531897747,0.17230664193630219,0.11085329949855804,0.23585672676563263,0.32224005460739136,0.2406130420917888,0.9712851047515869,0.0585303813466848,0.19296285288610565,0.2
426,n03452741/ILSVRC2012_val_00025572,supervised,resnet18_imagenet,gradcam,predicted,backbone.layer3,29,29,29,-0.026690402999520302,0.3701893985271454,0.21304505625545367,0.25363697253844514,0.27229544520378113,0.30139076709747314,0.7366212010383606,0.8824788928031921,0.7325613839284255,0.9843798279762268,0.12932844743836153,0.2549858403450766,0.2
427,n03452741/ILSVRC2012_val_00028864,supervised,resnet18_imagenet,gradcam,predicted,backbone.layer3,29,29,29,-0.42777132987976074,0.24988757073879242,0.03172377530451682,0.35962582284307676,0.07830671966075897,0.21848879754543304,0.15253372490406036,0.47635602951049805,0.26927216198974224,0.9876413941383362,-0.05370365250762625,0.09626364319973257,0.2
428,n03452741/ILSVRC2012_val_00032753,supervised,resnet18_imagenet,gradcam,predicted,backbone.layer3,29,29,29,-0.1514890193939209,0.21861614286899567,0.21423980575583296,0.33845003345521374,0.30948391556739807,0.1981147676706314,0.4964476227760315,0.785315990447998,0.47773836096929256,0.984064519405365,0.10521134400574564,0.23276098092569408,0.2
429,n03452741/ILSVRC2012_val_00035907,supervised,resnet18_imagenet,gradcam,predicted,backbone.layer3,29,29,29,-0.17080233991146088,0.19382484257221222,0.024878449201221897,0.18560993425844732,0.06780083477497101,0.12351638078689575,0.10534490644931793,0.22573569416999817,0.12348533163262845,0.9947167634963989,-0.00517442092668359,0.14204879142036583,0.2
430,n03452741/ILSVRC2012_val_00041692,supervised,resnet18_imagenet,gradcam,predicted,backbone.layer3,29,29,29,-0.39308393001556396,0.20827792584896088,0.05124223602482531,0.22299083538939768,0.1932404637336731,0.1327812522649765,0.3167366087436676,0.46697840094566345,0.3531967474489092,0.9359607100486755,-0.07496365058195871,0.0713729988554097,0.2
431,n03452741/ILSVRC2012_val_00047672,supervised,resnet18_imagenet,gradcam,predicted,backbone.layer3,29,29,29,-0.16376185417175293,0.2773441672325134,0.23439847057200983,0.4724710864957872,0.1392619013786316,0.30079424381256104,0.1816277801990509,0.44088608026504517,0.16031568877547825,0.961955726146698,0.14655612545163793,0.26369409922884046,0.2
416,n03445777/ILSVRC2012_val_00036755,supervised,resnet18_imagenet,gradcam,predicted,backbone.layer4,28,28,28,0.6529706716537476,0.5584675669670105,0.7010553308997918,0.7167745146832087,0.27566537261009216,0.35827308893203735,0.306372731924057,0.39964625239372253,0.1436941964285428,0.99271559715271,0.6865372223363991,0.7319045360474682,0.2
417,n03445777/ILSVRC2012_val_00037369,supervised,resnet18_imagenet,gradcam,predicted,backbone.layer4,28,28,28,0.7869024872779846,0.5748237371444702,0.42048731974100395,0.4221225710010741,0.19657105207443237,0.27197933197021484,0.2124476283788681,0.2938053607940674,0.08442283163263624,0.9987082481384277,0.5675439621338173,0.6358745804535783,0.2
418,n03445777/ILSVRC2012_val_00038447,supervised,resnet18_imagenet,gradcam,predicted,backbone.layer4,28,24,24,0.8106094002723694,0.6114193201065063,0.5991755815088828,0.5387666446307122,0.26933902502059937,0.33446237444877625,0.30945098400115967,0.3898354172706604,0.12474091198977107,0.9989155530929565,0.6656264279508263,0.7180361795941714,0.2
419,n03445777/ILSVRC2012_val_00046468,supervised,resnet18_imagenet,gradcam,predicted,backbone.layer4,28,28,28,0.5597206354141235,0.5058025121688843,0.4584542538563781,0.45065714502738685,0.22976461052894592,0.3216608166694641,0.2823750078678131,0.382328599691391,0.18056441326527015,0.9566043019294739,0.4966216738307789,0.5666707174053056,0.2
420,n03452741/ILSVRC2012_val_00002690,supervised,resnet18_imagenet,gradcam,predicted,backbone.layer4,29,29,29,0.07165698707103729,0.522987961769104,0.15543617572464472,0.28890511837371774,0.3033888339996338,0.4593510627746582,0.6465080976486206,0.7435688376426697,0.6441525829080349,0.9750118255615234,0.16196518305792365,0.2824170428336822,0.2
421,n03452741/ILSVRC2012_val_00007427,supervised,resnet18_imagenet,gradcam,predicted,backbone.layer4,29,35,35,0.2506333887577057,0.5455430150032043,0.2612332394601903,0.3621135775566925,0.32071489095687866,0.36689701676368713,0.4900611639022827,0.5381876230239868,0.39801897321420643,0.9951698780059814,0.2872574006081471,0.3928338720203149,0.2
422,n03452741/ILSVRC2012_val_00016899,supervised,resnet18_imagenet,gradcam,predicted,backbone.layer4,29,29,29,0.17174139618873596,0.5445027351379395,0.2006107717933924,0.2945966172727752,0.3554682731628418,0.5258234739303589,0.6518319845199585,0.7881501317024231,0.6618901466835416,0.8746466636657715,0.21725877519534464,0.3151083354824652,0.2
423,n03452741/ILSVRC2012_val_00018721,supervised,resnet18_imagenet,gradcam,predicted,backbone.layer4,29,29,29,0.32968273758888245,0.5497390031814575,0.09342493589431192,0.21606715273474777,0.2682400643825531,0.3365919888019562,0.6072692275047302,0.7248578667640686,0.7008330676019012,0.9901366233825684,0.22472072162427087,0.34128247382075905,0.2
424,n03452741/ILSVRC2012_val_00019981,supervised,resnet18_imagenet,gradcam,predicted,backbone.layer4,29,29,29,0.08685588091611862,0.488261342048645,0.22547286074038178,0.4816430152320781,0.21311086416244507,0.3242317736148834,0.30683302879333496,0.39903348684310913,0.25362723214280664,0.781611442565918,0.2468771151581854,0.32442024369864414,0.2
425,n03452741/ILSVRC2012_val_00022718,supervised,resnet18_imagenet,gradcam,predicted,backbone.layer4,29,30,30,0.4948759078979492,0.560316264629364,0.45754219409252533,0.6404244268007416,0.28034207224845886,0.3797481060028076,0.37148046493530273,0.4908573031425476,0.2406130420917888,0.9889171719551086,0.5273403494271598,0.5960357987808653,0.2
426,n03452741/ILSVRC2012_val_00025572,supervised,resnet18_imagenet,gradcam,predicted,backbone.layer4,29,29,29,0.3167348802089691,0.5184310078620911,0.2577402709094126,0.2730092227330106,0.3632397949695587,0.40698277950286865,0.811529278755188,0.8601863384246826,0.7325613839284255,0.9743340611457825,0.2859188001763146,0.38969469065561235,0.2
427,n03452741/ILSVRC2012_val_00028864,supervised,resnet18_imagenet,gradcam,predicted,backbone.layer4,29,29,29,0.2393767535686493,0.5279081463813782,0.09342930113763945,0.16992944449956776,0.15158498287200928,0.24491667747497559,0.2240588217973709,0.33146432042121887,0.26927216198974224,0.9685001969337463,0.17475832511862188,0.294896579698391,0.2
428,n03452741/ILSVRC2012_val_00032753,supervised,resnet18_imagenet,gradcam,predicted,backbone.layer4,29,29,29,0.25685688853263855,0.5588575005531311,0.16995802656018372,0.3705465097531958,0.3066960275173187,0.4278748631477356,0.5223807096481323,0.6828989386558533,0.47773836096929256,0.9721640348434448,0.26489411630706927,0.37085065029128506,0.2
429,n03452741/ILSVRC2012_val_00035907,supervised,resnet18_imagenet,gradcam,predicted,backbone.layer4,29,29,29,0.5908994078636169,0.5335854887962341,0.5280549802292147,0.5376089427808473,0.22642546892166138,0.28621798753738403,0.24879637360572815,0.30715152621269226,0.12348533163262845,0.9302295446395874,0.5560589400484653,0.6127652052007195,0.2
430,n03452741/ILSVRC2012_val_00041692,supervised,resnet18_imagenet,gradcam,predicted,backbone.layer4,29,29,29,0.07014894485473633,0.5094466805458069,0.19942096620853883,0.5562345817444739,0.26899823546409607,0.47261008620262146,0.39025193452835083,0.5992178916931152,0.3531967474489092,0.825005829334259,0.25475624232779837,0.3372168920875498,0.2
431,n03452741/ILSVRC2012_val_00047672,supervised,resnet18_imagenet,gradcam,predicted,backbone.layer4,29,29,29,0.3988470137119293,0.5190063118934631,0.4421757856113876,0.628939312082992,0.24590083956718445,0.32013028860092163,0.2822202742099762,0.3603406250476837,0.16031568877547825,0.9731817841529846,0.4808733347930856,0.5533524968457179,0.2
432,n03584829/ILSVRC2012_val_00004286,supervised,resnet18_imagenet,gradcam,predicted,backbone.layer1,30,29,29,-0.05288049578666687,0.3753158152103424,0.013047445255462546,0.049333711369389154,0.01711432635784149,0.041581518948078156,0.018520737066864967,0.044252704828977585,0.021285076530608005,0.9977979063987732,-0.0024378513272112386,0.14675680159069548,0.2
433,n03584829/ILSVRC2012_val_00007158,supervised,resnet18_imagenet,gradcam,predicted,backbone.layer1,30,30,30,0.03868081420660019,0.022480303421616554,0.029157810839513045,0.10881696428569261,0.05605339631438255,0.0,0.07916904240846634,0.0,0.10881696428569261,0.9127082824707031,0.05686475822020177,0.18493822112421696,0.2
434,n03584829/ILSVRC2012_val_00008489,supervised,resnet18_imagenet,gradcam,predicted,backbone.layer1,30,30,30,0.027193207293748856,0.04105032980442047,0.22992235836460334,0.6082190688774298,0.217116579413414,0.017929641529917717,0.659553587436676,0.8523108959197998,0.6082190688774298,0.9949223399162292,0.2623197110901095,0.3682913303507548,0.2
435,n03584829/ILSVRC2012_val_00008710,supervised,resnet18_imagenet,gradcam,predicted,backbone.layer1,30,30,30,-0.1268630474805832,0.3361095190048218,0.17500292568749562,0.18759462528383147,0.21620842814445496,0.17016929388046265,0.7887349128723145,0.7984616756439209,0.8005221619896364,0.9970295429229736,0.05803404629916485,0.1958017525630737,0.2
436,n03584829/ILSVRC2012_val_00009455,supervised,resnet18_imagenet,gradcam,predicted,backbone.layer1,30,30,30,-0.05434434488415718,0.10932139307260513,0.3230628284872351,0.11043664764675228,0.18079963326454163,0.017298050224781036,0.417131245136261,0.1877828687429428,0.3468590561223799,0.9897744059562683,0.10831210488653334,0.2378205092174821,0.2
437,n03584829/ILSVRC2012_val_00009661,supervised,resnet18_imagenet,gradcam,predicted,backbone.layer1,30,30,30,0.46535763144493103,0.44900795817375183,0.25838218053917217,0.15035901832595636,0.16094407439231873,0.11015749722719193,0.4834004342556,0.37081488966941833,0.4417849170917487,0.9697689414024353,0.30876541223751097,0.41052581193237325,0.2
438,n03584829/ILSVRC2012_val_00017587,supervised,resnet18_imagenet,gradcam,predicted,backbone.layer1,30,30,30,-0.027570029720664024,0.2171122282743454,0.1720087864795033,0.20158102766789154,0.14984692633152008,0.12471888959407806,0.341748982667923,0.47092413902282715,0.32104990433667074,0.9729791879653931,0.10104893235595283,0.22969482132942526,0.2
439,n03584829/ILSVRC2012_val_00018010,supervised,resnet18_imagenet,gradcam,predicted,backbone.layer1,30,30,30,0.12872804701328278,0.37563565373420715,0.2034225696434964,0.08013002844370036,0.16984950006008148,0.061658188700675964,0.5948947072029114,0.34297633171081543,0.5946667729590652,0.9941539764404297,0.13655699823147213,0.26506606244251263,0.2
440,n03584829/ILSVRC2012_val_00025030,supervised,resnet18_imagenet,gradcam,predicted,backbone.layer1,30,30,30,0.043148137629032135,0.2602388560771942,0.2848596780020537,0.2622071468011902,0.1649414300918579,0.10438075661659241,0.4806568920612335,0.5739796757698059,0.4377989477039944,0.4666307866573334,0.18137930249258605,0.22186317236957226,0.2
441,n03584829/ILSVRC2012_val_00029840,supervised,resnet18_imagenet,gradcam,predicted,backbone.layer1,30,30,30,0.025114772841334343,0.19732072949409485,0.18894849501858066,0.16457432764730553,0.16378195583820343,0.05454152822494507,0.682598352432251,0.6769192814826965,0.696667729591698,0.9929406046867371,0.1161027559362996,0.24611196686394912,0.2
442,n03584829/ILSVRC2012_val_00037566,supervised,resnet18_imagenet,gradcam,predicted,backbone.layer1,30,30,30,0.14327402412891388,0.011755319312214851,0.13313080168771876,0.4690290178570494,0.15630212426185608,0.0,0.43337517976760864,0.0,0.4690290178570494,0.8105769157409668,0.237957555514996,0.3222724006924569,0.2
443,n03584829/ILSVRC2012_val_00041463,supervised,resnet18_imagenet,gradcam,predicted,backbone.layer1,30,40,40,0.0317583791911602,0.03234619274735451,0.2671955340090298,0.6595583545917053,0.2314973622560501,0.008582241833209991,0.738569974899292,0.5587348341941833,0.6595583545917053,0.8990222811698914,0.2907295182566846,0.37765724704257353,0.2
444,n03584829/ILSVRC2012_val_00044167,supervised,resnet18_imagenet,gradcam,predicted,backbone.layer1,30,30,30,-0.2617734372615814,0.3227698802947998,0.3424402590633729,0.2029618758546403,0.19260871410369873,0.2664852738380432,0.6304013133049011,0.47634485363960266,0.5187938456631619,0.9839993119239807,0.05891126557077138,0.19232972747654692,0.2
445,n03584829/ILSVRC2012_val_00044371,supervised,resnet18_imagenet,gradcam,predicted,backbone.layer1,30,39,39,-0.023833492770791054,0.19762516021728516,0.1285133970702357,0.14200888593607855,0.15170884132385254,0.06436612457036972,0.3175627887248993,0.36314302682876587,0.3481345663264612,0.9949897527694702,0.07162328779357785,0.2085373111972222,0.2
446,n03584829/ILSVRC2012_val_00047027,supervised,resnet18_imagenet,gradcam,predicted,backbone.layer1,30,36,36,-0.00012711221643257886,0.14725017547607422,0.20950645909232796,0.17971084726589948,0.1590457409620285,0.07591492682695389,0.3849638104438782,0.45335254073143005,0.3821946747448218,0.9592764973640442,0.1167143470208952,0.2411513119184121,0.2
447,n03630383/ILSVRC2012_val_00004537,supervised,resnet18_imagenet,gradcam,predicted,backbone.layer1,31,31,31,0.029416685923933983,0.1960892379283905,0.16217055138547262,0.15148041490755404,0.13748964667320251,0.05048997700214386,0.6327627301216125,0.5975161790847778,0.6208147321427334,0.9731245636940002,0.1058619642574816,0.2346772662007336,0.2
432,n03584829/ILSVRC2012_val_00004286,supervised,resnet18_imagenet,gradcam,predicted,backbone.layer2,30,29,29,-0.09625449031591415,0.41592708230018616,0.012214018776764,0.053215708594144165,0.019641181454062462,0.03716239333152771,0.02121102809906006,0.0394471138715744,0.021285076530608005,0.9951107501983643,-0.018872877915093216,0.1319349727619117,0.2
433,n03584829/ILSVRC2012_val_00007158,supervised,resnet18_imagenet,gradcam,predicted,backbone.layer2,30,30,30,-0.10110024362802505,0.09604397416114807,0.002199081560052908,0.017333070711038453,0.04576072469353676,0.003045884193852544,0.0646347776055336,0.011507686227560043,0.10881696428569261,0.11999177187681198,-0.034580451769882614,-0.012503281420514132,0.2
434,n03584829/ILSVRC2012_val_00008489,supervised,resnet18_imagenet,gradcam,predicted,backbone.layer2,30,30,30,-0.22792620956897736,0.06997229158878326,0.2047473337095735,0.23925930452843633,0.21779881417751312,0.0380406454205513,0.619954526424408,0.7678646445274353,0.6082190688774298,0.9939040541648865,0.042031507643811986,0.18031309433509335,0.2
435,n03584829/ILSVRC2012_val_00008710,supervised,resnet18_imagenet,gradcam,predicted,backbone.layer2,30,30,30,-0.18617887794971466,0.049490876495838165,0.14331913730666987,0.24476235340781874,0.27673855423927307,0.028658771887421608,0.7711493372917175,0.9978244304656982,0.8005221619896364,0.9972323179244995,0.041952896034460715,0.18144261308489695,0.2
436,n03584829/ILSVRC2012_val_00009455,supervised,resnet18_imagenet,gradcam,predicted,backbone.layer2,30,30,30,0.10601254552602768,0.5181704163551331,0.40519227815023545,0.21277348066288937,0.24850113689899445,0.15229187905788422,0.40927958488464355,0.35279086232185364,0.3468590561223799,0.970081627368927,0.2277947458543485,0.33710807474272997,0.2
437,n03584829/ILSVRC2012_val_00009661,supervised,resnet18_imagenet,gradcam,predicted,backbone.layer2,30,30,30,0.021384192630648613,0.3666241466999054,0.19977645305506714,0.2635668040022509,0.18534502387046814,0.20656739175319672,0.3904237449169159,0.6051169633865356,0.4417849170917487,0.9836528897285461,0.14755665416945485,0.27086821514433845,0.2
438,n03584829/ILSVRC2012_val_00017587,supervised,resnet18_imagenet,gradcam,predicted,backbone.layer2,30,30,30,0.06279552727937698,0.3744216561317444,0.1825048622731998,0.15222565006604133,0.16327467560768127,0.13990779221057892,0.3590184450149536,0.3678305149078369,0.32104990433667074,0.968723475933075,0.12553736461352313,0.2509695840225534,0.2
439,n03584829/ILSVRC2012_val_00018010,supervised,resnet18_imagenet,gradcam,predicted,backbone.layer2,30,30,30,0.21914085745811462,0.5266948938369751,0.10813740203432047,0.16102262469785372,0.262472003698349,0.20193900167942047,0.5333885550498962,0.5406754612922668,0.5946667729590652,0.9873787760734558,0.1684043510028981,0.29209612320440204,0.2
440,n03584829/ILSVRC2012_val_00025030,supervised,resnet18_imagenet,gradcam,predicted,backbone.layer2,30,30,30,0.10817920416593552,0.28457510471343994,0.2298055491506303,0.17086199326790177,0.2212112843990326,0.08452882617712021,0.48092520236968994,0.4586840271949768,0.4377989477039944,0.9771784543991089,0.16347194439193383,0.2846063752225768,0.2
441,n03584829/ILSVRC2012_val_00029840,supervised,resnet18_imagenet,gradcam,predicted,backbone.layer2,30,30,30,-0.03491920977830887,0.33179202675819397,0.044941471571895916,0.17938030827299484,0.2242906242609024,0.1570461243391037,0.5253603458404541,0.5938282608985901,0.696667729591698,0.9926809072494507,0.05332885004214368,0.19276085762623218,0.2
442,n03584829/ILSVRC2012_val_00037566,supervised,resnet18_imagenet,gradcam,predicted,backbone.layer2,30,30,30,0.400077760219574,0.22864538431167603,0.13103099730453807,0.05047565402426759,0.1670064926147461,0.018980681896209717,0.4459245204925537,0.13363419473171234,0.4690290178570494,0.8495720624923706,0.21448309948647132,0.31283968828290787,0.2
443,n03584829/ILSVRC2012_val_00041463,supervised,resnet18_imagenet,gradcam,predicted,backbone.layer2,30,40,40,0.09540987014770508,0.306552529335022,0.15154994259467827,0.225046867011241,0.21972496807575226,0.15138401091098785,0.5790143013000488,0.7289307713508606,0.6595583545917053,0.9689549803733826,0.1511429909408578,0.272885904009184,0.2
444,n03584829/ILSVRC2012_val_00044167,supervised,resnet18_imagenet,gradcam,predicted,backbone.layer2,30,30,30,-0.3059792220592499,0.1833309829235077,0.29630162096096885,0.21022079055089918,0.18136180937290192,0.08735036849975586,0.5475901961326599,0.60044264793396,0.5187938456631619,0.9825018048286438,0.029565034629860446,0.16691314588152611,0.2
445,n03584829/ILSVRC2012_val_00044371,supervised,resnet18_imagenet,gradcam,predicted,backbone.layer2,30,39,39,-0.05129137635231018,0.3560470640659332,0.0997240993242034,0.2684715432154467,0.1935528814792633,0.1732586771249771,0.32095029950141907,0.453276664018631,0.3481345663264612,0.9899280071258545,0.08994214222097095,0.22258612998048213,0.2
446,n03584829/ILSVRC2012_val_00047027,supervised,resnet18_imagenet,gradcam,predicted,backbone.layer2,30,36,36,-0.11178136616945267,0.15297582745552063,0.27892824307154723,0.37448830753287793,0.2301822453737259,0.12414026260375977,0.4223715364933014,0.7577922344207764,0.3821946747448218,0.9843727350234985,0.15131241871354648,0.27188656974532266,0.2
447,n03630383/ILSVRC2012_val_00004537,supervised,resnet18_imagenet,gradcam,predicted,backbone.layer2,31,31,31,-0.07057813555002213,0.4539881646633148,0.20893507103434047,0.0893197206940094,0.19196242094039917,0.17852772772312164,0.6473337411880493,0.49155527353286743,0.6208147321427334,0.948784589767456,0.0612451832984961,0.19217903895469812,0.2
432,n03584829/ILSVRC2012_val_00004286,supervised,resnet18_imagenet,gradcam,predicted,backbone.layer3,30,29,29,-0.00045006745494902134,0.39346325397491455,0.007257552390449734,0.0,0.012101374566555023,0.020843924954533577,0.012888246215879917,0.022402023896574974,0.021285076530608005,0.8618109822273254,0.0019972387351553113,0.1309285118224791,0.2
433,n03584829/ILSVRC2012_val_00007158,supervised,resnet18_imagenet,gradcam,predicted,backbone.layer3,30,30,30,0.29683902859687805,0.3317999243736267,0.04639384116690546,0.038051852348068564,0.07054734230041504,0.05550146847963333,0.0933871865272522,0.09039878100156784,0.10881696428569261,0.9741244912147522,0.14406931949324342,0.27112375706986364,0.2
434,n03584829/ILSVRC2012_val_00008489,supervised,resnet18_imagenet,gradcam,predicted,backbone.layer3,30,30,30,0.17307281494140625,0.334573358297348,0.19294581396711394,0.1959714521646231,0.23437903821468353,0.15725228190422058,0.6215882897377014,0.6698054075241089,0.6082190688774298,0.7273725867271423,0.1859043058160836,0.2669106897714978,0.2
435,n03584829/ILSVRC2012_val_00008710,supervised,resnet18_imagenet,gradcam,predicted,backbone.layer3,30,30,30,-0.0647188127040863,0.27839213609695435,0.2235517754002331,0.23833251110008924,0.35208192467689514,0.16269637644290924,0.8203105926513672,0.9240890741348267,0.8005221619896364,0.9962033033370972,0.11267776086846217,0.24224998267921494,0.2
436,n03584829/ILSVRC2012_val_00009455,supervised,resnet18_imagenet,gradcam,predicted,backbone.layer3,30,30,30,0.2796567976474762,0.3392470180988312,0.3123057056768318,0.35200788371502734,0.23648202419281006,0.28490471839904785,0.4247339367866516,0.6882839202880859,0.3468590561223799,0.9634608030319214,0.3111567958765482,0.4084773969793697,0.2
437,n03584829/ILSVRC2012_val_00009661,supervised,resnet18_imagenet,gradcam,predicted,backbone.layer3,30,30,30,0.08812876045703888,0.07532244175672531,0.18241903502967524,0.4417849170917487,0.21974962949752808,0.07539425045251846,0.4546697437763214,0.99820876121521,0.4417849170917487,0.9775771498680115,0.22251268981924274,0.3335326266705213,0.2
438,n03584829/ILSVRC2012_val_00017587,supervised,resnet18_imagenet,gradcam,predicted,backbone.layer3,30,30,30,-0.008675872348248959,0.3643050193786621,0.1704194458121803,0.21278471030281912,0.1728699505329132,0.18686577677726746,0.3380206823348999,0.41947734355926514,0.32104990433667074,0.986353874206543,0.11149089789520022,0.24071756483784415,0.2
439,n03584829/ILSVRC2012_val_00018010,supervised,resnet18_imagenet,gradcam,predicted,backbone.layer3,30,30,30,0.23004837334156036,0.29596319794654846,0.18415894511755046,0.15765177249363946,0.21770796179771423,0.11589377373456955,0.5854341387748718,0.5455597043037415,0.5946667729590652,0.9930508732795715,0.19456256461998112,0.3149272410642794,0.2
440,n03584829/ILSVRC2012_val_00025030,supervised,resnet18_imagenet,gradcam,predicted,backbone.layer3,30,30,30,-0.0064402371644973755,0.05929143354296684,0.15322522522517001,0.4377989477039944,0.19420897960662842,0.06022818759083748,0.36635535955429077,0.9565966725349426,0.4377989477039944,0.9519776105880737,0.1747311570129504,0.2882986018129281,0.2
441,n03584829/ILSVRC2012_val_00029840,supervised,resnet18_imagenet,gradcam,predicted,backbone.layer3,30,30,30,-0.24094998836517334,0.09120655059814453,0.0788432486871259,0.2661319825523382,0.24320462346076965,0.08495629578828812,0.5702164173126221,0.9493650794029236,0.696667729591698,0.9899036884307861,0.007112574025769897,0.15039686514667328,0.2
442,n03584829/ILSVRC2012_val_00037566,supervised,resnet18_imagenet,gradcam,predicted,backbone.layer3,30,30,30,0.2528814673423767,0.25080209970474243,0.12387425089553587,0.014843702763161364,0.15231305360794067,0.020262954756617546,0.4372858703136444,0.10230894386768341,0.4690290178570494,0.906734824180603,0.14276797303455988,0.2591982256115966,0.2
443,n03584829/ILSVRC2012_val_00041463,supervised,resnet18_imagenet,gradcam,predicted,backbone.layer3,30,40,40,0.20353196561336517,0.3328757584095001,0.15339769475566192,0.2036447867827072,0.217728391289711,0.1538892388343811,0.5826376080513,0.7182070016860962,0.6595583545917053,0.9489967226982117,0.1885255307068568,0.30284631675400187,0.2
444,n03584829/ILSVRC2012_val_00044167,supervised,resnet18_imagenet,gradcam,predicted,backbone.layer3,30,30,30,-0.024213412776589394,0.3303041160106659,0.2955206724378406,0.27077974701375185,0.216710165143013,0.2182953655719757,0.5557185411453247,0.7472736239433289,0.5187938456631619,0.9708297252655029,0.16020476072484197,0.27872486918091727,0.2
445,n03584829/ILSVRC2012_val_00044371,supervised,resnet18_imagenet,gradcam,predicted,backbone.layer3,30,39,39,0.09375490993261337,0.17677193880081177,0.31659806643040267,0.2433544303796368,0.23706679046154022,0.09321613609790802,0.4455931782722473,0.5128864049911499,0.3481345663264612,0.9984857439994812,0.2054877130160572,0.32257520427884673,0.2
446,n03584829/ILSVRC2012_val_00047027,supervised,resnet18_imagenet,gradcam,predicted,backbone.layer3,30,36,36,0.3666401505470276,0.07656495273113251,0.3001023632559081,0.3567216159738302,0.22848333418369293,0.05476465821266174,0.4413086473941803,0.9054229259490967,0.3821946747448218,0.9931961297988892,0.3437032539877325,0.4415094669687276,0.2
447,n03630383/ILSVRC2012_val_00004537,supervised,resnet18_imagenet,gradcam,predicted,backbone.layer3,31,31,31,0.27512556314468384,0.1973889321088791,0.10724271427032282,0.17205953498956372,0.311736136674881,0.07866687327623367,0.6025606989860535,0.5624121427536011,0.6208147321427334,0.9032208323478699,0.1938409000358395,0.30160263426779144,0.2
432,n03584829/ILSVRC2012_val_00004286,supervised,resnet18_imagenet,gradcam,predicted,backbone.layer4,30,29,29,0.5667220950126648,0.6393899321556091,0.0,0.0,0.007833483628928661,0.01072418037801981,0.0081896698102355,0.011193875223398209,0.021285076530608005,0.9788280129432678,0.22668883800506592,0.34517693519592285,0.2
433,n03584829/ILSVRC2012_val_00007158,supervised,resnet18_imagenet,gradcam,predicted,backbone.layer4,30,30,30,0.3670303523540497,0.5729993581771851,0.1863563279992448,0.20134904636362122,0.1185988262295723,0.15631049871444702,0.13493099808692932,0.16909192502498627,0.10881696428569261,-0.2220613807439804,0.26312375325047965,0.19207775980303682,0.2
434,n03584829/ILSVRC2012_val_00008489,supervised,resnet18_imagenet,gradcam,predicted,backbone.layer4,30,30,30,0.2490983009338379,0.5127436518669128,0.054255706338050685,0.1974900339583058,0.2551547884941101,0.3119417130947113,0.5137871503829956,0.6713740229606628,0.6082190688774298,0.9981699585914612,0.1751630424624421,0.29984633418965156,0.2
435,n03584829/ILSVRC2012_val_00008710,supervised,resnet18_imagenet,gradcam,predicted,backbone.layer4,30,30,30,0.5302489995956421,0.5278239250183105,0.17999341888774975,0.20051653633684854,0.2872658371925354,0.33920931816101074,0.7732285261154175,0.8634330630302429,0.8005221619896364,0.9993122816085815,0.3262525864056363,0.4306114809059115,0.2
436,n03584829/ILSVRC2012_val_00009455,supervised,resnet18_imagenet,gradcam,predicted,backbone.layer4,30,30,30,0.17626450955867767,0.5552417039871216,0.2627196614222731,0.46154255885774925,0.2893911600112915,0.4056117534637451,0.4105992913246155,0.524709165096283,0.3468590561223799,0.9792226552963257,0.28778446990747775,0.3896415317099916,0.2
437,n03584829/ILSVRC2012_val_00009661,supervised,resnet18_imagenet,gradcam,predicted,backbone.layer4,30,30,30,0.6292147636413574,0.5767632126808167,0.15131908200466457,0.24673816253039346,0.21749155223369598,0.310284823179245,0.39868491888046265,0.5958073139190674,0.4417849170917487,0.9869344830513,0.37110307881706034,0.46777965086593454,0.2
438,n03584829/ILSVRC2012_val_00017587,supervised,resnet18_imagenet,gradcam,predicted,backbone.layer4,30,30,30,0.47499024868011475,0.5591539740562439,0.3707352864103712,0.5534165181220716,0.27890968322753906,0.4034785330295563,0.44081124663352966,0.5262477397918701,0.32104990433667074,0.8907188773155212,0.46724164083177866,0.530892369768479,0.2
439,n03584829/ILSVRC2012_val_00018010,supervised,resnet18_imagenet,gradcam,predicted,backbone.layer4,30,30,30,-0.23262609541416168,0.4477820098400116,0.22060395102432884,0.28955368693392963,0.2966718375682831,0.3811177611351013,0.5975833535194397,0.7641518115997314,0.5946667729590652,0.9181298017501831,0.05999685322181286,0.1838397463571355,0.2
440,n03584829/ILSVRC2012_val_00025030,supervised,resnet18_imagenet,gradcam,predicted,backbone.layer4,30,30,30,0.3814191222190857,0.5301898717880249,0.2286196837094163,0.3884333376717478,0.2589910328388214,0.44475600123405457,0.46626046299934387,0.7001993656158447,0.4377989477039944,0.993261456489563,0.3376835553019835,0.43674916659540547,0.2
441,n03584829/ILSVRC2012_val_00029840,supervised,resnet18_imagenet,gradcam,predicted,backbone.layer4,30,30,30,0.5995867252349854,0.5471624135971069,0.16016960041111136,0.2156115749371226,0.25092849135398865,0.31811755895614624,0.6313452124595642,0.8353970646858215,0.696667729591698,0.9973987936973572,0.35256904269846434,0.45341046672390695,0.2
442,n03584829/ILSVRC2012_val_00037566,supervised,resnet18_imagenet,gradcam,predicted,backbone.layer4,30,30,30,0.2855502665042877,0.511227011680603,0.20129544803886298,0.3717870131991452,0.2686784863471985,0.4195701479911804,0.46347829699516296,0.6962924003601074,0.4690290178570494,0.6275541186332703,0.28614484497311754,0.33734632638099327,0.2
443,n03584829/ILSVRC2012_val_00041463,supervised,resnet18_imagenet,gradcam,predicted,backbone.layer4,30,40,40,0.5066083073616028,0.5886643528938293,0.22969698697293986,0.24037272439669832,0.3012891411781311,0.2999650239944458,0.6843835115432739,0.742943286895752,0.6595583545917053,0.9969825148582458,0.34366423635553256,0.4443777126477074,0.2
444,n03584829/ILSVRC2012_val_00044167,supervised,resnet18_imagenet,gradcam,predicted,backbone.layer4,30,30,30,0.3304115831851959,0.56290602684021,0.22510954855795878,0.3770904925542661,0.3217757046222687,0.5112982988357544,0.5388393998146057,0.795166552066803,0.5187938456631619,0.997368335723877,0.3128246456077458,0.41579931475145626,0.2
445,n03584829/ILSVRC2012_val_00044371,supervised,resnet18_imagenet,gradcam,predicted,backbone.layer4,30,39,39,0.10760456323623657,0.4442795217037201,0.20934834227411425,0.24639717211989196,0.22265474498271942,0.29004377126693726,0.3608006238937378,0.4635217487812042,0.3481345663264612,0.9528380036354065,0.17976547961269648,0.29452367627649534,0.2
446,n03584829/ILSVRC2012_val_00047027,supervised,resnet18_imagenet,gradcam,predicted,backbone.layer4,30,36,36,0.3376833498477936,0.5554625988006592,0.10954117289573476,0.1469179426776023,0.19663456082344055,0.25972115993499756,0.34938278794288635,0.4087543487548828,0.3821946747448218,0.9797205328941345,0.21201107461111854,0.3292620312741822,0.2
447,n03630383/ILSVRC2012_val_00004537,supervised,resnet18_imagenet,gradcam,predicted,backbone.layer4,31,31,31,0.297598659992218,0.5174097418785095,0.16335435198734283,0.261022657685162,0.25141939520835876,0.4163890779018402,0.5960873961448669,0.7500181198120117,0.6208147321427334,0.8494225740432739,0.24635256689863866,0.3376671695218936,0.2
448,n03630383/ILSVRC2012_val_00007703,supervised,resnet18_imagenet,gradcam,predicted,backbone.layer1,31,31,31,-0.00831062626093626,0.17018207907676697,0.0841905308053173,0.17782190554056074,0.15069976449012756,0.06484879553318024,0.3533709943294525,0.41218411922454834,0.40288185586726666,0.9693007469177246,0.0752794803993889,0.2079895019328005,0.2
449,n03630383/ILSVRC2012_val_00016305,supervised,resnet18_imagenet,gradcam,predicted,backbone.layer1,31,31,31,0.07404854148626328,0.24358773231506348,0.08041805289509009,0.24385808797916822,0.11519253253936768,0.08568631112575531,0.36136993765830994,0.6180257797241211,0.4407485650509326,0.9961534738540649,0.1269022588567828,0.25640904581686647,0.2
450,n03630383/ILSVRC2012_val_00016356,supervised,resnet18_imagenet,gradcam,predicted,backbone.layer1,31,31,31,-0.04742133989930153,0.18432335555553436,0.11500949968330747,0.08537788188876667,0.13435421884059906,0.03332618251442909,0.45476439595222473,0.2790733575820923,0.501773756377451,0.26552140712738037,0.041147678511901625,0.07332758749737006,0.2
451,n03630383/ILSVRC2012_val_00022317,supervised,resnet18_imagenet,gradcam,predicted,backbone.layer1,31,31,31,0.3707881569862366,0.08057330548763275,0.11781840718930343,0.5189134247447945,0.10692200809717178,0.011254750192165375,0.45493650436401367,0.30774015188217163,0.5189134247447945,0.3588998019695282,0.33933481237472407,0.3427937832241365,0.2
452,n03630383/ILSVRC2012_val_00024199,supervised,resnet18_imagenet,gradcam,predicted,backbone.layer1,31,31,31,0.0667773187160492,0.017991071566939354,0.09151438393338465,0.4011678890305323,0.11909666657447815,0.0018490938236936927,0.3686178922653198,0.17377552390098572,0.4011678890305323,0.9826062917709351,0.17451560937559477,0.2939335735572367,0.2
453,n03630383/ILSVRC2012_val_00029815,supervised,resnet18_imagenet,gradcam,predicted,backbone.layer1,31,31,31,0.002717267256230116,0.05941830575466156,0.09329904628748857,0.672751913265172,0.12407225370407104,0.01407612394541502,0.5511547327041626,0.5663292407989502,0.672751913265172,0.8605974912643433,0.23090219476829024,0.3215534071174972,0.2
454,n03630383/ILSVRC2012_val_00030376,supervised,resnet18_imagenet,gradcam,predicted,backbone.layer1,31,31,31,0.01883234828710556,0.15824009478092194,0.03979112271539085,0.14841587203931544,0.08938217908143997,0.03716869652271271,0.2837221622467041,0.34852853417396545,0.3952686543366559,0.9869477152824402,0.06399503774125412,0.20168522788152954,0.2
455,n03630383/ILSVRC2012_val_00034841,supervised,resnet18_imagenet,gradcam,predicted,backbone.layer1,31,31,31,0.03563736379146576,0.3079834580421448,0.03253554918366637,0.08825706179839135,0.07700817286968231,0.07968840003013611,0.12988102436065674,0.17867927253246307,0.15166613520405142,0.9527451395988464,0.05049272881120362,0.18558300101235442,0.2
456,n03630383/ILSVRC2012_val_00041526,supervised,resnet18_imagenet,gradcam,predicted,backbone.layer1,31,31,31,0.06985568255186081,0.07382908463478088,0.09955383540283849,0.12942410689628986,0.09984435886144638,0.03718837723135948,0.18623097240924835,0.4239634573459625,0.20766900510199943,0.9900224208831787,0.09663565571048283,0.23019733760041017,0.2
457,n03630383/ILSVRC2012_val_00048565,supervised,resnet18_imagenet,gradcam,predicted,backbone.layer1,31,31,31,0.04453164339065552,0.27199119329452515,0.11305169577539706,0.13757825076010102,0.13234655559062958,0.0904027670621872,0.39780300855636597,0.4232601821422577,0.43379304846930133,0.982178807258606,0.09300164131691163,0.22557038290939485,0.2
458,n03775546/ILSVRC2012_val_00008385,supervised,resnet18_imagenet,gradcam,predicted,backbone.layer1,32,48,48,0.2265695184469223,0.3772388994693756,0.1999960140305724,0.1999960140305724,0.0,0.0,1.0,1.0,0.9999999999998007,0.9929065108299255,0.21062541579711236,0.3282333150961978,0.2
459,n03775546/ILSVRC2012_val_00009249,supervised,resnet18_imagenet,gradcam,predicted,backbone.layer1,32,24,24,0.5880795121192932,0.12274743616580963,0.1555446649785849,0.6458665497447693,0.18044552206993103,0.01938844472169876,0.6155999898910522,0.4603310823440552,0.6458665497447693,0.9959773421287537,0.47565516926472357,0.5555772342419042,0.2
460,n03775546/ILSVRC2012_val_00013468,supervised,resnet18_imagenet,gradcam,predicted,backbone.layer1,32,32,32,-0.04879024252295494,0.005110613536089659,0.22494008177068062,0.4926458864794937,0.19692236185073853,0.0022724398877471685,0.5269242525100708,0.41901272535324097,0.4926458864794937,0.9741818904876709,0.1957596934658703,0.30844719075265997,0.2
461,n03775546/ILSVRC2012_val_00016381,supervised,resnet18_imagenet,gradcam,predicted,backbone.layer1,32,32,32,0.19377490878105164,0.025401078164577484,0.20108143081606383,0.31796077806116113,0.17851902544498444,0.016349224373698235,0.367832213640213,0.8575305938720703,0.31796077806116113,0.989981472492218,0.23322262617558814,0.346078991166507,0.2
462,n03775546/ILSVRC2012_val_00017644,supervised,resnet18_imagenet,gradcam,predicted,backbone.layer1,32,32,32,-0.04843968152999878,0.005136766470968723,0.2344716817187829,0.7343949298467924,0.24252255260944366,0.002629712224006653,0.7929232716560364,0.7833831310272217,0.7343949298467924,0.8722347617149353,0.27128411085767307,0.3560979786131345,0.2
463,n03775546/ILSVRC2012_val_00020168,supervised,resnet18_imagenet,gradcam,predicted,backbone.layer1,32,18,18,0.0062549663707613945,0.009977078065276146,0.20779879530799794,0.9389349489794048,0.19643324613571167,0.001849662745371461,0.9486927390098572,0.5184180736541748,0.9389349489794048,0.9957334995269775,0.34652210983452536,0.43823269923066377,0.2
448,n03630383/ILSVRC2012_val_00007703,supervised,resnet18_imagenet,gradcam,predicted,backbone.layer2,31,31,31,0.4533979892730713,0.5963685512542725,0.14539946989771094,0.13661982415265025,0.20914004743099213,0.20215937495231628,0.39845845103263855,0.4145362079143524,0.40288185586726666,0.9802325367927551,0.2659649839243369,0.3762290002770785,0.2
449,n03630383/ILSVRC2012_val_00016305,supervised,resnet18_imagenet,gradcam,predicted,backbone.layer2,31,31,31,0.04239142686128616,0.459903746843338,0.10431765877782972,0.12763494791479513,0.1278085559606552,0.1765565723180771,0.4010552763938904,0.4180266261100769,0.4407485650509326,0.9932180643081665,0.08654235275230192,0.22180786072083136,0.2
450,n03630383/ILSVRC2012_val_00016356,supervised,resnet18_imagenet,gradcam,predicted,backbone.layer2,31,31,31,0.18656504154205322,0.37506604194641113,0.07896430212959124,0.11550402331618972,0.19379568099975586,0.09853170812129974,0.4685518443584442,0.4122670590877533,0.501773756377451,0.8581550717353821,0.13296651425055558,0.24263810666147115,0.2
451,n03630383/ILSVRC2012_val_00022317,supervised,resnet18_imagenet,gradcam,predicted,backbone.layer2,31,31,31,0.3710685968399048,0.40729832649230957,0.10463941203487838,0.09140419351907919,0.20386876165866852,0.08832941204309464,0.49521204829216003,0.3628520667552948,0.5189134247447945,0.4621090292930603,0.2072405204021492,0.24820126467641512,0.2
452,n03630383/ILSVRC2012_val_00024199,supervised,resnet18_imagenet,gradcam,predicted,backbone.layer2,31,31,31,-0.07194025069475174,0.45618852972984314,0.14543935596561652,0.159395779682454,0.20909260213375092,0.18308162689208984,0.41077810525894165,0.44184610247612,0.4011678890305323,0.9228984117507935,0.06267444041652045,0.18946445793147354,0.2
453,n03630383/ILSVRC2012_val_00029815,supervised,resnet18_imagenet,gradcam,predicted,backbone.layer2,31,31,31,-0.16917699575424194,0.27175194025039673,0.08554784333165952,0.24611575892087928,0.1945754885673523,0.14759854972362518,0.5834336280822754,0.8278782963752747,0.672751913265172,0.6085267663002014,0.031828282374064855,0.11498296699418023,0.2
454,n03630383/ILSVRC2012_val_00030376,supervised,resnet18_imagenet,gradcam,predicted,backbone.layer2,31,31,31,0.016433414071798325,0.5000432729721069,0.07928019079277326,0.1407837445572757,0.1263190507888794,0.15816010534763336,0.35699301958084106,0.39406898617744446,0.3952686543366559,0.9628961682319641,0.07259254623373401,0.20520210399743627,0.2
455,n03630383/ILSVRC2012_val_00034841,supervised,resnet18_imagenet,gradcam,predicted,backbone.layer2,31,31,31,-0.14184242486953735,0.4070301353931427,0.10592290817918776,0.12145671793560349,0.10871478170156479,0.11675629019737244,0.16948840022087097,0.16571559011936188,0.15166613520405142,0.9418572783470154,0.011476917886622431,0.14847864957641202,0.2
456,n03630383/ILSVRC2012_val_00041526,supervised,resnet18_imagenet,gradcam,predicted,backbone.layer2,31,31,31,-0.15611128509044647,0.1668260246515274,0.061770049312192175,0.312881073101654,0.08738162368535995,0.15153354406356812,0.1497231274843216,0.5135424137115479,0.20766900510199943,0.9907669425010681,0.04995082268797525,0.18763887219696548,0.2
457,n03630383/ILSVRC2012_val_00048565,supervised,resnet18_imagenet,gradcam,predicted,backbone.layer2,31,31,31,0.10616350173950195,0.42559510469436646,0.07745214297812046,0.18430656934299705,0.174026221036911,0.16486461460590363,0.40225648880004883,0.46882164478302,0.43379304846930133,0.9599661231040955,0.12099301439213603,0.24659182215471936,0.2
458,n03775546/ILSVRC2012_val_00008385,supervised,resnet18_imagenet,gradcam,predicted,backbone.layer2,32,48,48,0.03516579791903496,0.4095970094203949,0.1999960140305724,0.1999960140305724,0.0,0.0,1.0,1.0,0.9999999999998007,0.9817269444465637,0.13406392758595742,0.259565077953933,0.2
459,n03775546/ILSVRC2012_val_00009249,supervised,resnet18_imagenet,gradcam,predicted,backbone.layer2,32,24,24,-0.37791845202445984,0.26939257979393005,0.1918896908084496,0.19578508438278092,0.23907585442066193,0.15264634788036346,0.6700894832611084,0.6558529138565063,0.6458665497447693,0.8744524121284485,-0.0348649482524148,0.09581509740851396,0.2
460,n03775546/ILSVRC2012_val_00013468,supervised,resnet18_imagenet,gradcam,predicted,backbone.layer2,32,32,32,-0.4292795658111572,0.27728328108787537,0.23394283685416867,0.06958421813927013,0.28254303336143494,0.1143869161605835,0.571042001247406,0.34943050146102905,0.4926458864794937,0.933661162853241,-0.08065370982643129,0.06568309014244084,0.2
461,n03775546/ILSVRC2012_val_00016381,supervised,resnet18_imagenet,gradcam,predicted,backbone.layer2,32,32,32,-0.37310725450515747,0.13887222111225128,0.0017345050878809225,0.37464297048536194,0.10886672139167786,0.20135971903800964,0.17706210911273956,0.6782006621360779,0.31796077806116113,0.9776856899261475,-0.03632965913009012,0.11015968330542773,0.2
462,n03775546/ILSVRC2012_val_00017644,supervised,resnet18_imagenet,gradcam,predicted,backbone.layer2,32,32,32,0.20366425812244415,0.49341481924057007,0.07495127822994957,0.096984019279792,0.17086440324783325,0.13476788997650146,0.6058214902877808,0.6058170795440674,0.7343949298467924,0.8897361755371094,0.13304629250190014,0.24772674105085724,0.2
463,n03775546/ILSVRC2012_val_00020168,supervised,resnet18_imagenet,gradcam,predicted,backbone.layer2,32,18,18,0.38346022367477417,0.4516794979572296,0.19077782176563443,0.20294278617433525,0.31727734208106995,0.21844284236431122,0.930304229259491,0.9593149423599243,0.9389349489794048,0.9893243312835693,0.27150027185190057,0.38103987996369876,0.2
448,n03630383/ILSVRC2012_val_00007703,supervised,resnet18_imagenet,gradcam,predicted,backbone.layer3,31,31,31,0.34974685311317444,0.2115788459777832,0.23726941797200815,0.29428375834319087,0.23007424175739288,0.13494938611984253,0.4372311532497406,0.7037923336029053,0.40288185586726666,0.9584640264511108,0.29936469413982947,0.3990692966360774,0.2
449,n03630383/ILSVRC2012_val_00016305,supervised,resnet18_imagenet,gradcam,predicted,backbone.layer3,31,31,31,-0.22753436863422394,0.2897081971168518,0.1783030969396451,0.09517645455780924,0.1783275455236435,0.1506265103816986,0.4770236909389496,0.3607454001903534,0.4407485650509326,0.9920945763587952,-0.008969882004453276,0.13754704530620449,0.2
450,n03630383/ILSVRC2012_val_00016356,supervised,resnet18_imagenet,gradcam,predicted,backbone.layer3,31,31,31,-0.09697189182043076,0.1943066418170929,0.1263875115958778,0.19989095617794592,0.2237481325864792,0.10269331187009811,0.47376057505607605,0.6080330610275269,0.501773756377451,0.8828515410423279,0.059094783603974806,0.18005718596265435,0.2
451,n03630383/ILSVRC2012_val_00022317,supervised,resnet18_imagenet,gradcam,predicted,backbone.layer3,31,31,31,-0.05318131297826767,0.2704465687274933,0.14007585335014536,0.1571181112465012,0.2522658407688141,0.10970059037208557,0.5036048293113708,0.481529176235199,0.5189134247447945,0.7324036955833435,0.0678856641876869,0.1655455859442695,0.2
452,n03630383/ILSVRC2012_val_00024199,supervised,resnet18_imagenet,gradcam,predicted,backbone.layer3,31,31,31,-0.0887288823723793,0.37361940741539,0.1627924906518011,0.26061517886983426,0.18041783571243286,0.2680775821208954,0.4157608151435852,0.5463014841079712,0.4011678890305323,0.9914820194244385,0.09153074790753887,0.22351911146374184,0.2
453,n03630383/ILSVRC2012_val_00029815,supervised,resnet18_imagenet,gradcam,predicted,backbone.layer3,31,31,31,0.006430421955883503,0.27933305501937866,0.061315496098089936,0.23846828247398444,0.22730273008346558,0.19182713329792023,0.5213348865509033,0.8471346497535706,0.672751913265172,0.42066335678100586,0.09250730235397572,0.14029609584472869,0.2
454,n03630383/ILSVRC2012_val_00030376,supervised,resnet18_imagenet,gradcam,predicted,backbone.layer3,31,31,31,-0.014911653473973274,0.352904736995697,0.1943855720397511,0.20639793198149833,0.2832498252391815,0.21079902350902557,0.4667798578739166,0.499262273311615,0.3952686543366559,0.9848306775093079,0.11427038981678553,0.24270139891581788,0.2
455,n03630383/ILSVRC2012_val_00034841,supervised,resnet18_imagenet,gradcam,predicted,backbone.layer3,31,31,31,0.23306545615196228,0.39449965953826904,0.07147194559140668,0.5036552193127306,0.13185422122478485,0.29928719997406006,0.17228777706623077,0.4071556627750397,0.15166613520405142,0.4078308939933777,0.2657643319320261,0.28652933497822775,0.2
456,n03630383/ILSVRC2012_val_00041526,supervised,resnet18_imagenet,gradcam,predicted,backbone.layer3,31,31,31,-0.32344961166381836,0.17871573567390442,0.00972455326290368,0.5264139680640751,0.040166158229112625,0.25652679800987244,0.08299100399017334,0.5944750905036926,0.20766900510199943,0.9943825006484985,0.03146171173256629,0.16998464134668306,0.2
457,n03630383/ILSVRC2012_val_00048565,supervised,resnet18_imagenet,gradcam,predicted,backbone.layer3,31,31,31,-0.18138086795806885,0.24901005625724792,0.03367463026165003,0.3001758044072529,0.14553698897361755,0.13314057886600494,0.35613271594047546,0.7030699253082275,0.43379304846930133,0.9749007821083069,0.02760278321744332,0.16621442219814767,0.2
458,n03775546/ILSVRC2012_val_00008385,supervised,resnet18_imagenet,gradcam,predicted,backbone.layer3,32,48,48,-0.1497310996055603,0.22785016894340515,0.1999960140305724,0.1999960140305724,0.0,0.0,1.0,1.0,0.9999999999998007,0.9445740580558777,0.06010516857611931,0.18927823086172174,0.2
459,n03775546/ILSVRC2012_val_00009249,supervised,resnet18_imagenet,gradcam,predicted,backbone.layer3,32,24,24,0.34599336981773376,0.5583426356315613,0.1351467009012985,0.2344249898201866,0.2423284649848938,0.27735787630081177,0.581940770149231,0.6871687173843384,0.6458665497447693,0.9886763691902161,0.24926885514353903,0.3617920574951105,0.2
460,n03775546/ILSVRC2012_val_00013468,supervised,resnet18_imagenet,gradcam,predicted,backbone.layer3,32,32,32,-0.11438190191984177,0.325772225856781,0.3562007336297681,0.2696916557064629,0.27293381094932556,0.2887965440750122,0.6102776527404785,0.6960101127624512,0.4926458864794937,0.987893283367157,0.1420149560329326,0.2646234241671867,0.2
461,n03775546/ILSVRC2012_val_00016381,supervised,resnet18_imagenet,gradcam,predicted,backbone.layer3,32,32,32,-0.5024105906486511,0.11263901740312576,0.003978984779415908,0.5238346525942399,0.1465427428483963,0.24997085332870483,0.21686652302742004,0.8644649386405945,0.31796077806116113,0.9490141272544861,-0.04262014504736372,0.098461821704559,0.2
462,n03775546/ILSVRC2012_val_00017644,supervised,resnet18_imagenet,gradcam,predicted,backbone.layer3,32,32,32,-0.12415221333503723,0.3462205231189728,0.021615967924688048,0.22627049930682233,0.1789625883102417,0.1688593477010727,0.5721078515052795,0.801973819732666,0.7343949298467924,0.9673705697059631,0.024705054835438216,0.16362392759650904,0.2
463,n03775546/ILSVRC2012_val_00020168,supervised,resnet18_imagenet,gradcam,predicted,backbone.layer3,32,18,18,0.4786962568759918,0.5549407005310059,0.15940353012778263,0.17460741593353316,0.22491633892059326,0.283280611038208,0.876570463180542,0.9166494607925415,0.9389349489794048,0.9957303404808044,0.29168178656879146,0.4004059774940467,0.2
448,n03630383/ILSVRC2012_val_00007703,supervised,resnet18_imagenet,gradcam,predicted,backbone.layer4,31,31,31,-0.049225468188524246,0.3817199766635895,0.08746450012579089,0.44304522037757915,0.20274189114570618,0.36037707328796387,0.36569470167160034,0.6804623007774353,0.40288185586726666,0.9631007313728333,0.1394627288756013,0.25986362596578405,0.2
449,n03630383/ILSVRC2012_val_00016305,supervised,resnet18_imagenet,gradcam,predicted,backbone.layer4,31,31,31,0.4735674560070038,0.5257687568664551,0.11453133666108065,0.16186621372550256,0.18852762877941132,0.2622043490409851,0.381920725107193,0.47020918130874634,0.4407485650509326,0.9924312829971313,0.2723462475187765,0.3837126896486668,0.2
450,n03630383/ILSVRC2012_val_00016356,supervised,resnet18_imagenet,gradcam,predicted,backbone.layer4,31,31,31,0.11015326529741287,0.5159229636192322,0.13605420229064816,0.2792733878291447,0.24974675476551056,0.43005672097206116,0.4459593892097473,0.6429169178009033,0.501773756377451,0.8032720685005188,0.16865958315490298,0.2628763506591205,0.2
451,n03630383/ILSVRC2012_val_00022317,supervised,resnet18_imagenet,gradcam,predicted,backbone.layer4,31,31,31,0.3172033727169037,0.5311106443405151,0.1172298448291519,0.21967878275563155,0.20197013020515442,0.3514854907989502,0.4152964651584625,0.636547327041626,0.5189134247447945,0.9563907384872437,0.22795393736219652,0.33870694812019875,0.2
452,n03630383/ILSVRC2012_val_00024199,supervised,resnet18_imagenet,gradcam,predicted,backbone.layer4,31,31,31,-0.058277253061532974,0.5102151036262512,0.13783477932850327,0.3300996560541802,0.2603681981563568,0.42541152238845825,0.37889644503593445,0.5256803035736084,0.4011678890305323,0.996788740158081,0.11706942939019185,0.24610488129784647,0.2
453,n03630383/ILSVRC2012_val_00029815,supervised,resnet18_imagenet,gradcam,predicted,backbone.layer4,31,31,31,-0.3996042013168335,0.4956320524215698,0.10896981361423497,0.29627656425729704,0.3417149484157562,0.5141233205795288,0.6361646056175232,0.8044694662094116,0.672751913265172,0.16049131751060486,-0.03826776716527383,-0.014476178366417972,0.2
454,n03630383/ILSVRC2012_val_00030376,supervised,resnet18_imagenet,gradcam,predicted,backbone.layer4,31,31,31,-0.04476619511842728,0.5066829919815063,0.103157894736804,0.24093231958110392,0.21467646956443787,0.3453886806964874,0.38836124539375305,0.492866575717926,0.3952686543366559,0.9627603888511658,0.08532058624800146,0.2147684436157023,0.2
455,n03630383/ILSVRC2012_val_00034841,supervised,resnet18_imagenet,gradcam,predicted,backbone.layer4,31,31,31,0.7948039174079895,0.6458104252815247,0.6255181943798935,0.6459945910653305,0.2695278525352478,0.3394523859024048,0.3193555772304535,0.39003822207450867,0.15166613520405142,0.9322907328605652,0.699375402596763,0.735903177383187,0.2
456,n03630383/ILSVRC2012_val_00041526,supervised,resnet18_imagenet,gradcam,predicted,backbone.layer4,31,31,31,-0.040163230150938034,0.4509371221065521,0.08198889182751548,0.2375219311511661,0.15978029370307922,0.3031957149505615,0.20004113018512726,0.3521605134010315,0.20766900510199943,0.9749898910522461,0.07978795483322926,0.212069058849679,0.2
457,n03630383/ILSVRC2012_val_00048565,supervised,resnet18_imagenet,gradcam,predicted,backbone.layer4,31,31,31,0.4264032542705536,0.5080518126487732,0.1661105203328935,0.22883418988360105,0.20312629640102386,0.304739385843277,0.41868412494659424,0.5394486784934998,0.43379304846930133,0.9452868700027466,0.28904471477316984,0.38977034704922936,0.2
458,n03775546/ILSVRC2012_val_00008385,supervised,resnet18_imagenet,gradcam,predicted,backbone.layer4,32,48,48,0.05578825622797012,0.5623428821563721,0.20017538265302134,0.1999960140305724,0.0,0.0,1.0,1.0,0.9999999999998007,0.9679989814758301,0.14236672149626617,0.26476858607206244,0.2
459,n03775546/ILSVRC2012_val_00009249,supervised,resnet18_imagenet,gradcam,predicted,backbone.layer4,32,24,24,0.36240267753601074,0.5547925233840942,0.2070760217285609,0.2681367276203334,0.3397309184074402,0.2995683252811432,0.682206392288208,0.7433289885520935,0.6458665497447693,0.9965201020240784,0.2875248958190726,0.395122139778439,0.2
460,n03775546/ILSVRC2012_val_00013468,supervised,resnet18_imagenet,gradcam,predicted,backbone.layer4,32,32,32,-0.0587921217083931,0.5265222787857056,0.14938651321224017,0.3975390059512636,0.28406378626823425,0.5133357644081116,0.4786785840988159,0.6781589388847351,0.4926458864794937,0.9587454199790955,0.1405608070656939,0.2599659501898027,0.2
461,n03775546/ILSVRC2012_val_00016381,supervised,resnet18_imagenet,gradcam,predicted,backbone.layer4,32,32,32,0.2369331270456314,0.5354183912277222,0.29108517506814446,0.593830491843129,0.2894982695579529,0.4539433419704437,0.38951370120048523,0.5983612537384033,0.31796077806116113,0.9878792762756348,0.3602479508916346,0.45233740263513456,0.2
462,n03775546/ILSVRC2012_val_00017644,supervised,resnet18_imagenet,gradcam,predicted,backbone.layer4,32,32,32,0.3704391419887543,0.5345892906188965,0.18850131819098853,0.25616911823801514,0.2969983220100403,0.4271355867385864,0.7322050333023071,0.8400507569313049,0.7343949298467924,0.9574933052062988,0.2815767877242028,0.38444530458425974,0.2
463,n03775546/ILSVRC2012_val_00020168,supervised,resnet18_imagenet,gradcam,predicted,backbone.layer4,32,18,18,0.7999879717826843,0.7896087169647217,0.2130030565460577,0.2130030565460577,0.5319116115570068,0.5421727895736694,0.9487190842628479,0.9695998430252075,0.9389349489794048,0.9743970036506653,0.4477970226407083,0.5326568689445681,0.2
464,n03775546/ILSVRC2012_val_00022647,supervised,resnet18_imagenet,gradcam,predicted,backbone.layer1,32,32,32,0.1957930028438568,0.4569284915924072,0.33578449486352235,0.3080402373714329,0.24350260198116302,0.26786163449287415,0.6868236660957336,0.6668152809143066,0.52044802295908,0.8832489252090454,0.2714646208080293,0.3619710728354455,0.2
465,n03775546/ILSVRC2012_val_00028446,supervised,resnet18_imagenet,gradcam,predicted,backbone.layer1,32,32,32,-0.11163010448217392,0.26683181524276733,0.2383979503044962,0.12488199003224694,0.2763645648956299,0.11202190071344376,0.89606773853302,0.618343710899353,0.8211096938773874,0.9977647066116333,0.06433194030815337,0.20141415450716993,0.2
466,n03775546/ILSVRC2012_val_00028647,supervised,resnet18_imagenet,gradcam,predicted,backbone.layer1,32,32,32,0.034384846687316895,0.10246437042951584,0.2427128209003495,0.17066166698306184,0.3344622850418091,0.04399466514587402,0.800305962562561,0.7669393420219421,0.7830835459182113,0.950056254863739,0.13776628503995017,0.2578867565409746,0.2
467,n03775546/ILSVRC2012_val_00030172,supervised,resnet18_imagenet,gradcam,predicted,backbone.layer1,32,42,42,0.37679535150527954,0.3174166679382324,0.046983746279194175,0.07268857782261778,0.14061777293682098,0.045947492122650146,0.6035418510437012,0.3630870580673218,0.7743941326529069,0.9941734075546265,0.18661983783265543,0.31092246518549477,0.2
468,n03775546/ILSVRC2012_val_00035190,supervised,resnet18_imagenet,gradcam,predicted,backbone.layer1,32,24,24,0.3505048155784607,0.22889003157615662,0.27393253512649013,0.21071911046445738,0.3310493230819702,0.08711845427751541,0.8179378509521484,0.8158289790153503,0.7287946428569977,0.9745156764984131,0.2855974199086685,0.39001694832496003,0.2
469,n03775546/ILSVRC2012_val_00036518,supervised,resnet18_imagenet,gradcam,predicted,backbone.layer1,32,32,32,0.6653820872306824,0.4416263997554779,0.3309862417194001,0.3318499976821342,0.19463486969470978,0.23772457242012024,0.5038087964057922,0.6513766050338745,0.3726283482142115,0.9859408736228943,0.4650037067127332,0.5464839214245565,0.2
470,n03775546/ILSVRC2012_val_00038806,supervised,resnet18_imagenet,gradcam,predicted,backbone.layer1,32,36,36,-0.011274954304099083,0.35575613379478455,0.1999960140305724,0.1999960140305724,0.0,0.0,1.0,1.0,0.9999999999998007,0.9817575216293335,0.1154876266967038,0.24331540125325152,0.2
471,n03775546/ILSVRC2012_val_00039920,supervised,resnet18_imagenet,gradcam,predicted,backbone.layer1,32,32,32,-0.17714789509773254,0.053579822182655334,0.13294827364904815,0.1074753456625662,0.24932146072387695,0.007530743721872568,0.6580027341842651,0.1907249242067337,0.6795878507651707,0.9464271664619446,0.0012679277543912737,0.14006821651298887,0.2
472,n03775546/ILSVRC2012_val_00041822,supervised,resnet18_imagenet,gradcam,predicted,backbone.layer1,32,32,32,0.4904087483882904,0.4148838222026825,0.1969634676376727,0.08879390944301088,0.15069089829921722,0.08341190963983536,0.6319187879562378,0.439297080039978,0.6123246173468168,0.9922918081283569,0.28189071247952124,0.3919261774253261,0.2
473,n03775546/ILSVRC2012_val_00043996,supervised,resnet18_imagenet,gradcam,predicted,backbone.layer1,32,32,32,-0.07061469554901123,0.4793233573436737,0.1830290159506514,0.20212042314634154,0.2713398039340973,0.26218098402023315,0.8095726370811462,0.8156503438949585,0.821408641581469,0.970856785774231,0.08729895350949339,0.21720073419822894,0.2
474,n03775546/ILSVRC2012_val_00046834,supervised,resnet18_imagenet,gradcam,predicted,backbone.layer1,32,32,32,0.0489601232111454,0.347188264131546,0.21704784165205568,0.2180208456709055,0.16113576292991638,0.19177158176898956,0.6808760762214661,0.7163395881652832,0.6198182397957949,0.9545990228652954,0.1501046554813465,0.2690930683844355,0.2
475,n03791053/ILSVRC2012_val_00004465,supervised,resnet18_imagenet,gradcam,predicted,backbone.layer1,33,33,33,0.5825802087783813,0.44241324067115784,0.15307095192693582,0.22014602747611675,0.13419604301452637,0.14548584818840027,0.3155078589916229,0.4191860258579254,0.30624202806116346,0.9959664940834045,0.3449971773322683,0.4466022920357073,0.2
476,n03791053/ILSVRC2012_val_00004619,supervised,resnet18_imagenet,gradcam,predicted,backbone.layer1,33,33,33,-0.019852928817272186,0.16520829498767853,0.18059493488385767,0.08243743390902254,0.15912504494190216,0.032632313668727875,0.3198997676372528,0.16848869621753693,0.289620535714228,0.9951437711715698,0.07096853911095519,0.20808113278791024,0.2
477,n03791053/ILSVRC2012_val_00005644,supervised,resnet18_imagenet,gradcam,predicted,backbone.layer1,33,22,22,0.21609999239444733,0.03235530108213425,0.3698032104235544,0.20647321428567314,0.17868132889270782,0.029757434502243996,0.33832189440727234,0.9598237872123718,0.20647321428567314,0.9950252771377563,0.25932292437054716,0.36895789508602694,0.2
478,n03791053/ILSVRC2012_val_00008959,supervised,resnet18_imagenet,gradcam,predicted,backbone.layer1,33,33,33,0.14755599200725555,0.4180396795272827,0.1744411527066592,0.15009494672429843,0.16258962452411652,0.1361977607011795,0.6422631740570068,0.577730119228363,0.6690848214284382,0.9825205206871033,0.1563832266321895,0.2801567001633444,0.2
479,n03791053/ILSVRC2012_val_00010227,supervised,resnet18_imagenet,gradcam,predicted,backbone.layer1,33,33,33,-0.2857513129711151,0.4099275469779968,0.22207801571842883,0.2253027290799836,0.1608736217021942,0.14049014449119568,0.4672531485557556,0.4788944721221924,0.47558593749990524,0.9902475476264954,0.01991369825107768,0.16036935880368713,0.2
464,n03775546/ILSVRC2012_val_00022647,supervised,resnet18_imagenet,gradcam,predicted,backbone.layer2,32,32,32,0.00121407606638968,0.5103734135627747,0.32316983894570894,0.26999016301283374,0.3785099387168884,0.2900628447532654,0.7025290727615356,0.5585941076278687,0.52044802295908,0.9868283271789551,0.1784336310141187,0.2967391761897153,0.2
465,n03775546/ILSVRC2012_val_00028446,supervised,resnet18_imagenet,gradcam,predicted,backbone.layer2,32,32,32,-0.3225943446159363,0.09534406661987305,0.2327366344256213,0.08931646646112697,0.356204092502594,0.025704680010676384,0.8893954753875732,0.4440511167049408,0.8211096938773874,0.9979487061500549,-0.03242180758035003,0.11729756052861762,0.2
466,n03775546/ILSVRC2012_val_00028647,supervised,resnet18_imagenet,gradcam,predicted,backbone.layer2,32,32,32,0.28679409623146057,0.45171964168548584,0.2268872030841371,0.22024045121704428,0.18720535933971405,0.28188762068748474,0.836811900138855,0.8468528389930725,0.7830835459182113,0.77961266040802,0.24885593478293863,0.32910174631750955,0.2
467,n03775546/ILSVRC2012_val_00030172,supervised,resnet18_imagenet,gradcam,predicted,backbone.layer2,32,42,42,0.21968618035316467,0.32237640023231506,0.0953266421722163,0.12670246353095507,0.20965488255023956,0.09357818216085434,0.6991356015205383,0.552024245262146,0.7743941326529069,0.9952554106712341,0.15448320385221728,0.2816857511500856,0.2
468,n03775546/ILSVRC2012_val_00035190,supervised,resnet18_imagenet,gradcam,predicted,backbone.layer2,32,24,24,0.19813579320907593,0.4188537001609802,0.11599894633489405,0.1760712663402372,0.15081949532032013,0.16617462038993835,0.6202706098556519,0.6982899308204651,0.7287946428569977,0.647969663143158,0.16687538108616976,0.2395605302634331,0.2
469,n03775546/ILSVRC2012_val_00036518,supervised,resnet18_imagenet,gradcam,predicted,backbone.layer2,32,32,32,0.4777706563472748,0.5048173069953918,0.31592928460185216,0.3701478302334906,0.2077779471874237,0.2426586002111435,0.4370209872722626,0.6036694645881653,0.3726283482142115,0.9829318523406982,0.39693139698951274,0.4861787862814866,0.2
470,n03775546/ILSVRC2012_val_00038806,supervised,resnet18_imagenet,gradcam,predicted,backbone.layer2,32,36,36,-0.23600418865680695,0.16312861442565918,0.1999960140305724,0.20005580357138872,0.0,0.0,1.0,1.0,0.9999999999998007,0.9753143191337585,0.02561386981786555,0.16370863624067164,0.2
471,n03775546/ILSVRC2012_val_00039920,supervised,resnet18_imagenet,gradcam,predicted,backbone.layer2,32,32,32,-0.5217865705490112,0.22470484673976898,0.1445539419086762,0.16864821925058424,0.22319293022155762,0.15635298192501068,0.6640592813491821,0.6525479555130005,0.6795878507651707,0.9661931991577148,-0.1147539798718264,0.040604220471318425,0.2
472,n03775546/ILSVRC2012_val_00041822,supervised,resnet18_imagenet,gradcam,predicted,backbone.layer2,32,32,32,0.11962312459945679,0.37858039140701294,0.20560222432554262,0.10028614620448649,0.14605338871479034,0.20327790081501007,0.6428707838058472,0.5222392678260803,0.6123246173468168,0.9979169368743896,0.13961576099879144,0.2680277267734756,0.2
473,n03775546/ILSVRC2012_val_00043996,supervised,resnet18_imagenet,gradcam,predicted,backbone.layer2,32,32,32,-0.1611439734697342,0.225197434425354,0.15303275737937522,0.229813068413546,0.2365095168352127,0.11291052401065826,0.7726330161094666,0.9253218770027161,0.821408641581469,0.9833534955978394,0.05039615834998268,0.18681409007349925,0.2
474,n03775546/ILSVRC2012_val_00046834,supervised,resnet18_imagenet,gradcam,predicted,backbone.layer2,32,32,32,-0.10810785740613937,0.40409958362579346,0.17394406392689102,0.1898012900239523,0.25686752796173096,0.16403067111968994,0.6440894603729248,0.6043169498443604,0.6198182397957949,0.8978023529052734,0.06588046322279724,0.18776894133135308,0.2
475,n03791053/ILSVRC2012_val_00004465,supervised,resnet18_imagenet,gradcam,predicted,backbone.layer2,33,33,33,0.10832516849040985,0.4780057966709137,0.13600178890870482,0.1206653136856434,0.15425468981266022,0.1661711037158966,0.30871307849884033,0.30756598711013794,0.30624202806116346,0.9924871921539307,0.12033019817446841,0.2509536634433201,0.2
476,n03791053/ILSVRC2012_val_00004619,supervised,resnet18_imagenet,gradcam,predicted,backbone.layer2,33,33,33,-0.06150491163134575,0.43566691875457764,0.07627267151490569,0.1416422696221285,0.15094995498657227,0.14704379439353943,0.2582678496837616,0.3036268949508667,0.289620535714228,0.9963415861129761,0.04077251768857196,0.18240325413023395,0.2
477,n03791053/ILSVRC2012_val_00005644,supervised,resnet18_imagenet,gradcam,predicted,backbone.layer2,33,22,22,0.5973035097122192,0.3292873203754425,0.4271219648726981,0.47277585210826634,0.200468048453331,0.2290526181459427,0.34171804785728455,0.6130375862121582,0.20647321428567314,0.9963080883026123,0.508890748979177,0.5834768958899097,0.2
478,n03791053/ILSVRC2012_val_00008959,supervised,resnet18_imagenet,gradcam,predicted,backbone.layer2,33,33,33,-0.08404496312141418,0.22325648367404938,0.05049264050491425,0.26426417720043366,0.1859378218650818,0.11711842566728592,0.5164794921875,0.8697987198829651,0.6690848214284382,0.969063401222229,0.0608090600630387,0.19463297751717634,0.2
479,n03791053/ILSVRC2012_val_00010227,supervised,resnet18_imagenet,gradcam,predicted,backbone.layer2,33,33,33,-0.33645710349082947,0.10712701082229614,0.13344701909247553,0.28183021365086713,0.1724366694688797,0.10236940532922745,0.3920571804046631,0.7894268035888672,0.47558593749990524,0.9889853000640869,-0.009999671573328983,0.1344071169736584,0.2
464,n03775546/ILSVRC2012_val_00022647,supervised,resnet18_imagenet,gradcam,predicted,backbone.layer3,32,32,32,-0.21898815035820007,0.13577936589717865,0.3062913309000447,0.22609639453236574,0.2970975637435913,0.08361508697271347,0.5861430764198303,0.559540867805481,0.52044802295908,0.10304796695709229,0.07212105748644308,0.07190827377629642,0.2
465,n03775546/ILSVRC2012_val_00028446,supervised,resnet18_imagenet,gradcam,predicted,backbone.layer3,32,32,32,0.10200490802526474,0.46993550658226013,0.23950647151318752,0.18511750555140058,0.33464282751083374,0.24193863570690155,0.8776761293411255,0.7768023014068604,0.8211096938773874,0.9245559573173523,0.16818915632948234,0.2805411056725925,0.2
466,n03775546/ILSVRC2012_val_00028647,supervised,resnet18_imagenet,gradcam,predicted,backbone.layer3,32,32,32,0.4055749773979187,0.6004121899604797,0.18355447848929063,0.24164925617332253,0.2831711769104004,0.35641923546791077,0.7744025588035583,0.8641854524612427,0.7830835459182113,0.8012208342552185,0.28979111135795144,0.36843530089320764,0.2
467,n03775546/ILSVRC2012_val_00030172,supervised,resnet18_imagenet,gradcam,predicted,backbone.layer3,32,42,42,0.03890790790319443,0.3497900366783142,0.09236544004287768,0.22598360039112667,0.2804124355316162,0.20112092792987823,0.7104599475860596,0.8571140766143799,0.7743941326529069,0.9699288010597229,0.11106787529147907,0.23869434803357759,0.2
468,n03775546/ILSVRC2012_val_00035190,supervised,resnet18_imagenet,gradcam,predicted,backbone.layer3,32,24,24,0.1095837950706482,0.40972471237182617,0.09060489060486941,0.18251712763253428,0.1693602353334427,0.23767712712287903,0.5670139789581299,0.7482396364212036,0.7287946428569977,0.7202517986297607,0.12577012349948039,0.2146726026285419,0.2
469,n03775546/ILSVRC2012_val_00036518,supervised,resnet18_imagenet,gradcam,predicted,backbone.layer3,32,32,32,0.07028236985206604,0.37331047654151917,0.14247087359332677,0.35874397049070333,0.19196361303329468,0.3306562006473541,0.3530733585357666,0.6669429540634155,0.3726283482142115,0.9612920880317688,0.17847740116603544,0.29409635367399595,0.2
470,n03775546/ILSVRC2012_val_00038806,supervised,resnet18_imagenet,gradcam,predicted,backbone.layer3,32,36,36,0.03953537344932556,0.4600289463996887,0.1999960140305724,0.1999960140305724,0.0,0.0,1.0,1.0,0.9999999999998007,0.9147704839706421,0.13581175779807367,0.25105096031814644,0.2
471,n03775546/ILSVRC2012_val_00039920,supervised,resnet18_imagenet,gradcam,predicted,backbone.layer3,32,32,32,0.42015141248703003,0.479350745677948,0.2110419010508984,0.24422767894893177,0.31376227736473083,0.23781539499759674,0.7233949303627014,0.8033212423324585,0.6795878507651707,0.9729453325271606,0.3046414389947611,0.40681218924949214,0.2
472,n03775546/ILSVRC2012_val_00041822,supervised,resnet18_imagenet,gradcam,predicted,backbone.layer3,32,32,32,0.17618227005004883,0.3622604012489319,0.16178776045373494,0.22734800807003303,0.21666745841503143,0.198429673910141,0.6015418767929077,0.7168045043945312,0.6123246173468168,0.9828560948371887,0.1872136385771499,0.30637615087403736,0.2
473,n03775546/ILSVRC2012_val_00043996,supervised,resnet18_imagenet,gradcam,predicted,backbone.layer3,32,32,32,0.14571434259414673,0.4923851490020752,0.19114024078459743,0.14063786695151664,0.33492764830589294,0.21099889278411865,0.8568629026412964,0.7436653971672058,0.821408641581469,0.9118938446044922,0.1578191693584929,0.2707286235326537,0.2
474,n03775546/ILSVRC2012_val_00046834,supervised,resnet18_imagenet,gradcam,predicted,backbone.layer3,32,32,32,0.3752087652683258,0.45907196402549744,0.2136830304460073,0.2506080505897329,0.28764015436172485,0.2554648220539093,0.6504204869270325,0.7759372591972351,0.6198182397957949,0.9064968228340149,0.2893708304180524,0.3833703615279513,0.2
475,n03791053/ILSVRC2012_val_00004465,supervised,resnet18_imagenet,gradcam,predicted,backbone.layer3,33,33,33,0.09091952443122864,0.28081008791923523,0.14136149179953209,0.16875948668406754,0.11641651391983032,0.178019180893898,0.34942200779914856,0.4069514870643616,0.30624202806116346,0.9993594288825989,0.12940410331757135,0.25925599250421977,0.2
476,n03791053/ILSVRC2012_val_00004619,supervised,resnet18_imagenet,gradcam,predicted,backbone.layer3,33,33,33,-0.0023046000860631466,0.3965606689453125,0.14281062473826914,0.17720063251704576,0.15383218228816986,0.2452022135257721,0.2875862717628479,0.3592708110809326,0.289620535714228,0.995002031326294,0.0950815371421692,0.22844650898265073,0.2
477,n03791053/ILSVRC2012_val_00005644,supervised,resnet18_imagenet,gradcam,predicted,backbone.layer3,33,22,22,0.2761062681674957,0.2803339660167694,0.5659551597047251,0.24587660354291638,0.2647559344768524,0.15563103556632996,0.3491983711719513,0.3922463059425354,0.20647321428567314,0.9977588057518005,0.3539920362412907,0.4492589555333039,0.2
478,n03791053/ILSVRC2012_val_00008959,supervised,resnet18_imagenet,gradcam,predicted,backbone.layer3,33,33,33,-0.12275286018848419,0.4968148171901703,0.055263858307712445,0.2141047414872584,0.23297357559204102,0.337300181388855,0.5610474348068237,0.720646858215332,0.6690848214284382,0.9159922003746033,0.03170943586309756,0.16177747893896374,0.2
479,n03791053/ILSVRC2012_val_00010227,supervised,resnet18_imagenet,gradcam,predicted,backbone.layer3,33,33,33,-0.010046025738120079,0.28514912724494934,0.18708638257635524,0.3168874558096745,0.17712192237377167,0.2124156504869461,0.4539758861064911,0.7326681613922119,0.47558593749990524,0.9831555485725403,0.14717374122056087,0.26995068287404644,0.2
464,n03775546/ILSVRC2012_val_00022647,supervised,resnet18_imagenet,gradcam,predicted,backbone.layer4,32,32,32,0.047657959163188934,0.4889053702354431,0.1581763424323471,0.32220190197501014,0.3446194529533386,0.4660525619983673,0.5260012745857239,0.7397990822792053,0.52044802295908,0.9966920614242554,0.16317665698748274,0.2862786560225937,0.2
465,n03775546/ILSVRC2012_val_00028446,supervised,resnet18_imagenet,gradcam,predicted,backbone.layer4,32,32,32,-0.1278262883424759,0.5068684816360474,0.17303422227305185,0.24269324989685837,0.41104260087013245,0.48960551619529724,0.8184911608695984,0.8869143724441528,0.8211096938773874,0.9988572001457214,0.07358772631398271,0.20902124714446918,0.2
466,n03775546/ILSVRC2012_val_00028647,supervised,resnet18_imagenet,gradcam,predicted,backbone.layer4,32,32,32,0.07005953043699265,0.5463690161705017,0.1987702926022653,0.23148356174636625,0.3632432520389557,0.417072057723999,0.7517522573471069,0.7876931428909302,0.7830835459182113,0.7074082493782043,0.1570999684793865,0.23819553664683596,0.2
467,n03775546/ILSVRC2012_val_00030172,supervised,resnet18_imagenet,gradcam,predicted,backbone.layer4,32,42,42,0.3858102262020111,0.5950531959533691,0.21260447927770715,0.23406027563222928,0.3259981870651245,0.44457951188087463,0.8035316467285156,0.8258283734321594,0.7743941326529069,0.8976780772209167,0.2883235169537854,0.38135147948132553,0.2
468,n03775546/ILSVRC2012_val_00035190,supervised,resnet18_imagenet,gradcam,predicted,backbone.layer4,32,24,24,0.2283892035484314,0.56825190782547,0.15114096611672648,0.23608827117918518,0.29183173179626465,0.33235615491867065,0.6709271669387817,0.8068913817405701,0.7287946428569977,0.6362960338592529,0.20752445260814606,0.2721879356448168,0.2
469,n03775546/ILSVRC2012_val_00036518,supervised,resnet18_imagenet,gradcam,predicted,backbone.layer4,32,32,32,0.47756436467170715,0.5580549836158752,0.34505196142667116,0.4891676168754591,0.275767058134079,0.4203229248523712,0.4471851587295532,0.6181992888450623,0.3726283482142115,0.9894472360610962,0.44129161935932193,0.5241195076197944,0.2
470,n03775546/ILSVRC2012_val_00038806,supervised,resnet18_imagenet,gradcam,predicted,backbone.layer4,32,36,36,0.4873426854610443,0.5512053370475769,0.20029496173465397,0.1999960140305724,0.0,0.0,1.0,1.0,0.9999999999998007,0.9656250476837158,0.3150243669139856,0.41548644100522947,0.2
471,n03775546/ILSVRC2012_val_00039920,supervised,resnet18_imagenet,gradcam,predicted,backbone.layer4,32,32,32,-0.05250655859708786,0.5574670433998108,0.1538300653594369,0.26462076277249647,0.3723980486392975,0.48847299814224243,0.6807197332382202,0.7860972881317139,0.6795878507651707,0.5177868604660034,0.10453262500074487,0.1639034405939031,0.2
472,n03775546/ILSVRC2012_val_00041822,supervised,resnet18_imagenet,gradcam,predicted,backbone.layer4,32,32,32,0.08436030894517899,0.539680540561676,0.1493711578590747,0.32661762791292587,0.34666338562965393,0.571890652179718,0.5745849013328552,0.8589012622833252,0.6123246173468168,0.9980787634849548,0.17654075930967178,0.298235119096556,0.2
473,n03775546/ILSVRC2012_val_00043996,supervised,resnet18_imagenet,gradcam,predicted,backbone.layer4,32,32,32,0.18041369318962097,0.5419217944145203,0.22645798932676994,0.2374145882125124,0.48889991641044617,0.4034724831581116,0.8450384140014648,0.8838891983032227,0.821408641581469,0.9308739304542542,0.21132725053763313,0.318744026569326,0.2
474,n03775546/ILSVRC2012_val_00046834,supervised,resnet18_imagenet,gradcam,predicted,backbone.layer4,32,32,32,0.05298792943358421,0.5019974112510681,0.17759015455060745,0.3226688102892853,0.3465930223464966,0.5770055651664734,0.5816212892532349,0.8432657122612,0.6198182397957949,0.9744226336479187,0.1712728612254015,0.28977391155891546,0.2
475,n03791053/ILSVRC2012_val_00004465,supervised,resnet18_imagenet,gradcam,predicted,backbone.layer4,33,33,33,0.10786790400743484,0.5018624067306519,0.17012161415138652,0.3892474294462977,0.21958383917808533,0.36938098073005676,0.3214572072029114,0.4520227611064911,0.30624202806116346,0.9933322072029114,0.2109578746822792,0.32659585838245997,0.2
476,n03791053/ILSVRC2012_val_00004619,supervised,resnet18_imagenet,gradcam,predicted,backbone.layer4,33,33,33,0.1112314984202385,0.5034914612770081,0.08420495167479403,0.2746847921961943,0.17859800159931183,0.32489004731178284,0.26085415482521057,0.4016847610473633,0.289620535714228,0.9931449890136719,0.1521595225293919,0.27762520876688135,0.2
477,n03791053/ILSVRC2012_val_00005644,supervised,resnet18_imagenet,gradcam,predicted,backbone.layer4,33,22,22,0.7418965697288513,0.49019908905029297,0.5077570921982064,0.4951982992445603,0.2511095702648163,0.35190922021865845,0.3394133150577545,0.5203896760940552,0.20647321428567314,0.9920238852500916,0.5976452453243706,0.6592062300533034,0.2
478,n03791053/ILSVRC2012_val_00008959,supervised,resnet18_imagenet,gradcam,predicted,backbone.layer4,33,33,33,0.24978305399417877,0.5464670062065125,0.1863913374686619,0.28626629697354544,0.3262242376804352,0.5354555249214172,0.679253876209259,0.8030586242675781,0.6690848214284382,0.965130090713501,0.24171051193033372,0.35035799111553956,0.2
479,n03791053/ILSVRC2012_val_00010227,supervised,resnet18_imagenet,gradcam,predicted,backbone.layer4,33,33,33,0.30465391278266907,0.5401245355606079,0.23627215051402453,0.36368023162282304,0.2604010999202728,0.4276655614376068,0.49835601449012756,0.669858455657959,0.47558593749990524,0.936241090297699,0.3018472797541219,0.39705312855280095,0.2
480,n03791053/ILSVRC2012_val_00011514,supervised,resnet18_imagenet,gradcam,predicted,backbone.layer1,33,33,33,-0.20934785902500153,0.41381388902664185,0.26069739302597417,0.31796246648781384,0.19138400256633759,0.1828991174697876,0.49931177496910095,0.5933329463005066,0.48525191326520944,0.9917994737625122,0.08985881424413578,0.22016313528407333,0.2
481,n03791053/ILSVRC2012_val_00015934,supervised,resnet18_imagenet,gradcam,predicted,backbone.layer1,33,33,33,0.3078165054321289,0.20671512186527252,0.210105996805474,0.21204188481665112,0.17520356178283691,0.08993472158908844,0.31872865557670593,0.42814716696739197,0.2982900191325936,0.9816975593566895,0.2497709666594891,0.36052738121027983,0.2
482,n03791053/ILSVRC2012_val_00020789,supervised,resnet18_imagenet,gradcam,predicted,backbone.layer1,33,20,20,0.26101160049438477,0.2629002034664154,0.17015800386060614,0.08888297518455932,0.11998109519481659,0.06249627098441124,0.15955227613449097,0.13840533792972565,0.1261957908163014,0.9727591872215271,0.18211693391130357,0.3020281830175551,0.2
483,n03791053/ILSVRC2012_val_00021251,supervised,resnet18_imagenet,gradcam,predicted,backbone.layer1,33,33,33,0.34221896529197693,0.4422822594642639,0.20272459941174895,0.0830631214872011,0.1357535570859909,0.07725034654140472,0.2432176023721695,0.16634677350521088,0.19941804846934802,0.9844424724578857,0.22262390238647578,0.33888993894561226,0.2
484,n03791053/ILSVRC2012_val_00022401,supervised,resnet18_imagenet,gradcam,predicted,backbone.layer1,33,33,33,0.1511731892824173,0.4459081292152405,0.14785008047815754,0.25711407705845957,0.09178830683231354,0.14542391896247864,0.1310560256242752,0.18106776475906372,0.09847337372447018,0.9858648180961609,0.18195852297395204,0.30203137834742444,0.2
485,n03791053/ILSVRC2012_val_00022929,supervised,resnet18_imagenet,gradcam,predicted,backbone.layer1,33,33,33,0.2180594801902771,0.19734148681163788,0.28511400175376894,0.27685605373015904,0.2078930288553238,0.08514215052127838,0.6311265826225281,0.8022826910018921,0.5009566326529614,0.9672054648399353,0.25581480872128926,0.36189415166356925,0.2
486,n03791053/ILSVRC2012_val_00030997,supervised,resnet18_imagenet,gradcam,predicted,backbone.layer1,33,33,33,-0.04085690900683403,0.23144875466823578,0.22766390661049882,0.21630490330557137,0.21378982067108154,0.10253363102674484,0.7315117716789246,0.7909944653511047,0.7012515943876154,0.9891221523284912,0.11684787937208743,0.2450606071758993,0.2
487,n03791053/ILSVRC2012_val_00033956,supervised,resnet18_imagenet,gradcam,predicted,backbone.layer1,33,33,33,0.1305132359266281,0.3911781311035156,0.16068559185853928,0.16974953217209957,0.1866193562746048,0.14979888498783112,0.455254465341568,0.4578285217285156,0.4478236607141965,0.9428439140319824,0.1513358315798429,0.2697150006867769,0.2
488,n03791053/ILSVRC2012_val_00036806,supervised,resnet18_imagenet,gradcam,predicted,backbone.layer1,33,33,33,-0.04018872603774071,0.32078036665916443,0.20747257521446563,0.2071316886726444,0.24543553590774536,0.16710004210472107,0.9337987303733826,0.9258885979652405,0.9078244579079824,0.9423092007637024,0.10830578875103672,0.23093139197312362,0.2
489,n03791053/ILSVRC2012_val_00037060,supervised,resnet18_imagenet,gradcam,predicted,backbone.layer1,33,33,33,0.3075529634952545,0.4743664562702179,0.19965823650027353,0.2470069984723269,0.15249980986118317,0.22204722464084625,0.5497349500656128,0.6084237098693848,0.49958147321418617,0.9449816942214966,0.25702075588988194,0.36105710009971365,0.2
490,n03791053/ILSVRC2012_val_00038689,supervised,resnet18_imagenet,gradcam,predicted,backbone.layer1,33,33,33,-0.07273545861244202,0.020334629341959953,0.19135151890880614,0.5659677933672341,0.19099591672420502,0.016130050644278526,0.5830371379852295,0.995685875415802,0.5659677933672341,0.8685962557792664,0.19810161023783526,0.2941618559215453,0.2
491,n03791053/ILSVRC2012_val_00042747,supervised,resnet18_imagenet,gradcam,predicted,backbone.layer1,33,33,33,-0.09323375672101974,0.09649787843227386,0.2427284604276137,0.22828598613557555,0.19499365985393524,0.042685993015766144,0.5825294852256775,0.7413133382797241,0.5203882334182637,0.9719459414482117,0.10401083128054886,0.23091368800567214,0.2
492,n03791053/ILSVRC2012_val_00043594,supervised,resnet18_imagenet,gradcam,predicted,backbone.layer1,33,33,33,0.26335608959198,0.22373132407665253,0.3400938652361492,0.27248129874249427,0.19237816333770752,0.1428738385438919,0.35276904702186584,0.5586608648300171,0.278021364795863,0.9940467476844788,0.289114985030385,0.39442543450452566,0.2
493,n03874599/ILSVRC2012_val_00002908,supervised,resnet18_imagenet,gradcam,predicted,backbone.layer1,34,34,34,0.20394082367420197,0.10681574791669846,0.10161066584459709,0.1338991789949098,0.12250074744224548,0.02714083157479763,0.29937544465065,0.344058096408844,0.3697783801019671,0.9820183515548706,0.15222928292153287,0.277559502229078,0.2
494,n03874599/ILSVRC2012_val_00009432,supervised,resnet18_imagenet,gradcam,predicted,backbone.layer1,34,35,35,0.2449912428855896,0.5204740762710571,0.24597890003448375,0.34589696884762694,0.19581440091133118,0.2178497016429901,0.4552905559539795,0.4945365786552429,0.37432238520400707,0.9686983823776245,0.27555925781886903,0.3790206595871277,0.2
495,n03874599/ILSVRC2012_val_00014197,supervised,resnet18_imagenet,gradcam,predicted,backbone.layer1,34,38,38,-0.21165895462036133,0.2176394760608673,0.23858000522046524,0.08221833662761052,0.10767049342393875,0.20236614346504211,0.4047848582267761,0.3028436303138733,0.3674067283162533,0.8647499084472656,0.011575920706278178,0.13583143761198233,0.2
480,n03791053/ILSVRC2012_val_00011514,supervised,resnet18_imagenet,gradcam,predicted,backbone.layer2,33,33,33,-0.3090701997280121,0.21083344519138336,0.1340787650900013,0.3488289984699114,0.21721196174621582,0.19807612895965576,0.42381587624549866,0.8578431010246277,0.48525191326520944,0.984276533126831,0.02124424917676898,0.16019385095419858,0.2
481,n03791053/ILSVRC2012_val_00015934,supervised,resnet18_imagenet,gradcam,predicted,backbone.layer2,33,33,33,0.029798660427331924,0.46876442432403564,0.1652684563757619,0.13940664448792808,0.17514675855636597,0.15157076716423035,0.2921156883239746,0.2921292185783386,0.2982900191325936,0.9910401701927185,0.10332199443003975,0.23525433189439643,0.2
482,n03791053/ILSVRC2012_val_00020789,supervised,resnet18_imagenet,gradcam,predicted,backbone.layer2,33,20,20,-0.07772532850503922,0.19545751810073853,0.0717700216095398,0.05213087356170718,0.08715381473302841,0.031765200197696686,0.12254873663187027,0.07626103609800339,0.1261957908163014,0.962502121925354,0.006080137149358407,0.1481466771048511,0.2
483,n03791053/ILSVRC2012_val_00021251,supervised,resnet18_imagenet,gradcam,predicted,backbone.layer2,33,33,33,-0.09146533906459808,0.30483606457710266,0.13921100500219463,0.2241768981734627,0.14254866540431976,0.15360842645168304,0.2133902609348297,0.32027968764305115,0.19941804846934802,0.9878556728363037,0.07243023532685797,0.20701245804675056,0.2
484,n03791053/ILSVRC2012_val_00022401,supervised,resnet18_imagenet,gradcam,predicted,backbone.layer2,33,33,33,0.03729645907878876,0.4097537696361542,0.2049239681388648,0.20424573817931468,0.13273483514785767,0.15002383291721344,0.15414857864379883,0.1817784458398819,0.09847337372447018,0.9877880215644836,0.13766949552696933,0.2635143904917935,0.2
485,n03791053/ILSVRC2012_val_00022929,supervised,resnet18_imagenet,gradcam,predicted,backbone.layer2,33,33,33,-0.08884084969758987,0.334266722202301,0.10885533242958643,0.3218956704749241,0.1391584575176239,0.25955188274383545,0.4196358621120453,0.7500037550926208,0.5009566326529614,0.9937875866889954,0.09368896099231722,0.2256615913353205,0.2
486,n03791053/ILSVRC2012_val_00030997,supervised,resnet18_imagenet,gradcam,predicted,backbone.layer2,33,33,33,-0.08992297947406769,0.28291505575180054,0.27609560628713603,0.1824647647935093,0.28770437836647034,0.11535506695508957,0.8033726215362549,0.6950193047523499,0.7012515943876154,0.9866750836372375,0.10159891953456651,0.23116831249982328,0.2
487,n03791053/ILSVRC2012_val_00033956,supervised,resnet18_imagenet,gradcam,predicted,backbone.layer2,33,33,33,0.02750207670032978,0.42017805576324463,0.15532255198146247,0.18861301056781782,0.20102834701538086,0.15650898218154907,0.4468344449996948,0.4415690302848816,0.4478236607141965,0.45913565158843994,0.11418149944491598,0.16447996522070146,0.2
488,n03791053/ILSVRC2012_val_00036806,supervised,resnet18_imagenet,gradcam,predicted,backbone.layer2,33,33,33,-0.062210481613874435,0.44607749581336975,0.21105034968077496,0.21260907504358365,0.2672216594219208,0.2696152627468109,0.9242579936981201,0.9408507347106934,0.9078244579079824,0.8424712419509888,0.10221363477175781,0.2105118739088819,0.2
489,n03791053/ILSVRC2012_val_00037060,supervised,resnet18_imagenet,gradcam,predicted,backbone.layer2,33,33,33,0.013435835018754005,0.3330700099468231,0.22781489384020853,0.23537692686695452,0.1834217756986618,0.1816381961107254,0.5892881155014038,0.6299965381622314,0.49958147321418617,0.956806480884552,0.14433188021965052,0.26402146956603745,0.2
490,n03791053/ILSVRC2012_val_00038689,supervised,resnet18_imagenet,gradcam,predicted,backbone.layer2,33,33,33,0.13019251823425293,0.4346631169319153,0.30613423959207947,0.24133587416419322,0.2459348887205124,0.23430593311786652,0.651806652545929,0.659903883934021,0.5659677933672341,0.9862693548202515,0.21631804142058297,0.3303753130440944,0.2
491,n03791053/ILSVRC2012_val_00042747,supervised,resnet18_imagenet,gradcam,predicted,backbone.layer2,33,33,33,0.058975398540496826,0.3872908651828766,0.2754860792546401,0.26650315346872233,0.25876909494400024,0.18983407318592072,0.6133823394775391,0.6662343740463257,0.5203882334182637,0.9357380270957947,0.18618692923320745,0.2964994017343837,0.2
492,n03791053/ILSVRC2012_val_00043594,supervised,resnet18_imagenet,gradcam,predicted,backbone.layer2,33,33,33,-0.05318044498562813,0.46583616733551025,0.37497133684913153,0.1380782918148811,0.20522518455982208,0.1471199244260788,0.3785606622695923,0.2504240870475769,0.278021364795863,0.9876757860183716,0.13264271060495253,0.25780061932378906,0.2
493,n03874599/ILSVRC2012_val_00002908,supervised,resnet18_imagenet,gradcam,predicted,backbone.layer2,34,34,34,0.15296661853790283,0.22595708072185516,0.037750916548681346,0.1636681862584811,0.1682322770357132,0.09754323214292526,0.2788269519805908,0.43991973996162415,0.3697783801019671,0.9375591278076172,0.12161237825730986,0.24452696136119917,0.2
494,n03874599/ILSVRC2012_val_00009432,supervised,resnet18_imagenet,gradcam,predicted,backbone.layer2,34,35,35,0.05940594524145126,0.5225916504859924,0.26053103538766437,0.08216605955909641,0.2244361788034439,0.13008901476860046,0.409413605928421,0.2621828317642212,0.37432238520400707,0.9689195156097412,0.12657150658060873,0.2518042819126593,0.2
495,n03874599/ILSVRC2012_val_00014197,supervised,resnet18_imagenet,gradcam,predicted,backbone.layer2,34,38,38,-0.14014030992984772,0.39104321599006653,0.23310810810800714,0.10182282596071758,0.15624842047691345,0.18310745060443878,0.3838913142681122,0.2999565005302429,0.3674067283162533,0.8396608829498291,0.044423156248678326,0.16063275748420885,0.2
480,n03791053/ILSVRC2012_val_00011514,supervised,resnet18_imagenet,gradcam,predicted,backbone.layer3,33,33,33,-0.12348508089780807,0.162553608417511,0.07689175645199295,0.3090189210795641,0.2522015869617462,0.1428419053554535,0.41540729999542236,0.7786981463432312,0.48525191326520944,0.9790701866149902,0.06637917090034387,0.20011841906090497,0.2
481,n03791053/ILSVRC2012_val_00015934,supervised,resnet18_imagenet,gradcam,predicted,backbone.layer3,33,33,33,-0.29604631662368774,0.2562268078327179,0.1453046266604923,0.17778405879019324,0.13213743269443512,0.2108486294746399,0.2750304341316223,0.37129637598991394,0.2982900191325936,0.984542965888977,-0.02149192101426945,0.12483740542772723,0.2
482,n03791053/ILSVRC2012_val_00020789,supervised,resnet18_imagenet,gradcam,predicted,backbone.layer3,33,20,20,0.3092309832572937,0.40415599942207336,0.12743679823646245,0.004048831360036777,0.0780765488743782,0.026760689914226532,0.11999617516994476,0.04286031052470207,0.1261957908163014,0.9789760708808899,0.16313808218186723,0.2879486621713111,0.2
483,n03791053/ILSVRC2012_val_00021251,supervised,resnet18_imagenet,gradcam,predicted,backbone.layer3,33,33,33,0.3719950318336487,0.30135416984558105,0.2797573435502683,0.2888931764098727,0.15064962208271027,0.14942795038223267,0.3570633828639984,0.4230359196662903,0.19941804846934802,0.9964192509651184,0.31939316872150175,0.42182377877658006,0.2
484,n03791053/ILSVRC2012_val_00022401,supervised,resnet18_imagenet,gradcam,predicted,backbone.layer3,33,33,33,0.21664509177207947,0.18188481032848358,0.3998878295004675,0.1810725552049045,0.20984531939029694,0.10776762664318085,0.26644447445869446,0.26199817657470703,0.09847337372447018,0.9955424666404724,0.26094615212044336,0.37039724829264165,0.2
485,n03791053/ILSVRC2012_val_00022929,supervised,resnet18_imagenet,gradcam,predicted,backbone.layer3,33,33,33,0.10414385050535202,0.4081604778766632,0.18198010485274163,0.35267874312512876,0.2202235907316208,0.34537237882614136,0.48730865120887756,0.7792679667472839,0.5009566326529614,0.987104594707489,0.20205519459550192,0.31818074887746417,0.2
486,n03791053/ILSVRC2012_val_00030997,supervised,resnet18_imagenet,gradcam,predicted,backbone.layer3,33,33,33,-0.034566473215818405,0.32677724957466125,0.25238174365784527,0.19518448038899588,0.2322886884212494,0.18448679149150848,0.753844141960144,0.7410644292831421,0.7012515943876154,0.9915454387664795,0.12044327792772497,0.24852510620114576,0.2
487,n03791053/ILSVRC2012_val_00033956,supervised,resnet18_imagenet,gradcam,predicted,backbone.layer3,33,33,33,0.0472060851752758,0.4424339532852173,0.08821560093736584,0.228968959128803,0.17290258407592773,0.23711219429969788,0.36989378929138184,0.49729862809181213,0.4478236607141965,0.9485718011856079,0.11403780208996098,0.23810404000572993,0.2
488,n03791053/ILSVRC2012_val_00036806,supervised,resnet18_imagenet,gradcam,predicted,backbone.layer3,33,33,33,-0.07684659957885742,0.42012301087379456,0.15361945874145908,0.2153600629617823,0.2567691504955292,0.3948313295841217,0.8708354830741882,0.9788736701011658,0.9078244579079824,0.9450574517250061,0.07995521667942945,0.20710718833196115,0.2
489,n03791053/ILSVRC2012_val_00037060,supervised,resnet18_imagenet,gradcam,predicted,backbone.layer3,33,33,33,-0.3179329037666321,0.28969287872314453,0.18471767525053673,0.3034533976976222,0.2008751481771469,0.2923847734928131,0.49668270349502563,0.7472922205924988,0.49958147321418617,0.9243448376655579,0.01927816037779484,0.14941797756855218,0.2
490,n03791053/ILSVRC2012_val_00038689,supervised,resnet18_imagenet,gradcam,predicted,backbone.layer3,33,33,33,0.17464157938957214,0.42726144194602966,0.25372696134390677,0.16132833746293548,0.2678983211517334,0.16839316487312317,0.6425962448120117,0.57648766040802,0.5659677933672341,0.9868465662002563,0.19437322139788152,0.31291536241809925,0.2
491,n03791053/ILSVRC2012_val_00042747,supervised,resnet18_imagenet,gradcam,predicted,backbone.layer3,33,33,33,-0.3378136456012726,0.22566698491573334,0.1894435486524106,0.26234546343498555,0.27015629410743713,0.17859847843647003,0.5095425844192505,0.7291068434715271,0.5203882334182637,0.975680947303772,0.00041124538570981584,0.14106461915696944,0.2
492,n03791053/ILSVRC2012_val_00043594,supervised,resnet18_imagenet,gradcam,predicted,backbone.layer3,33,33,33,0.020843053236603737,0.24222798645496368,0.39837919776096176,0.24235988811755807,0.21421094238758087,0.15588881075382233,0.3787072002887726,0.44827044010162354,0.278021364795863,0.9891285300254822,0.20055894705819743,0.3158491196062636,0.2
493,n03874599/ILSVRC2012_val_00002908,supervised,resnet18_imagenet,gradcam,predicted,backbone.layer3,34,34,34,0.3298235237598419,0.402843177318573,0.19639270170731654,0.28628633132354614,0.13752731680870056,0.2840079367160797,0.40290001034736633,0.5873173475265503,0.3697783801019671,0.988974392414093,0.27673311941319556,0.3844541504357743,0.2
494,n03874599/ILSVRC2012_val_00009432,supervised,resnet18_imagenet,gradcam,predicted,backbone.layer3,34,35,35,0.19044211506843567,0.5340510010719299,0.12931034482753553,0.263515587319567,0.2440069615840912,0.24514168500900269,0.3711351752281189,0.43954938650131226,0.37432238520400707,0.9917086958885193,0.19402462567150502,0.31361752769400597,0.2
495,n03874599/ILSVRC2012_val_00014197,supervised,resnet18_imagenet,gradcam,predicted,backbone.layer3,34,38,38,-0.0800398662686348,0.2594337463378906,0.20629607660359023,0.1115883179759052,0.15789544582366943,0.07027015835046768,0.3496030867099762,0.2566545903682709,0.3674067283162533,0.8760512471199036,0.0633493718663947,0.1828648325188372,0.2
480,n03791053/ILSVRC2012_val_00011514,supervised,resnet18_imagenet,gradcam,predicted,backbone.layer4,33,33,33,-0.12066075950860977,0.5011077523231506,0.0687907988809236,0.2194136207323645,0.2084229588508606,0.3784816265106201,0.39120855927467346,0.5859622359275818,0.48525191326520944,0.9718195199966431,0.03819702208054252,0.17559276707480506,0.2
481,n03791053/ILSVRC2012_val_00015934,supervised,resnet18_imagenet,gradcam,predicted,backbone.layer4,33,33,33,0.28430303931236267,0.5305837988853455,0.10024643548666597,0.32699962846965286,0.18372498452663422,0.3052658438682556,0.31109973788261414,0.3878728151321411,0.2982900191325936,0.9761084914207458,0.24189503491184072,0.35273385346151853,0.2
482,n03791053/ILSVRC2012_val_00020789,supervised,resnet18_imagenet,gradcam,predicted,backbone.layer4,33,20,20,0.14980334043502808,0.45143166184425354,0.29927760577891616,0.0,0.18491767346858978,0.11931922286748886,0.2216195911169052,0.13332246243953705,0.1261957908163014,0.9955044388771057,0.14970461790768608,0.27657623642855467,0.2
483,n03791053/ILSVRC2012_val_00021251,supervised,resnet18_imagenet,gradcam,predicted,backbone.layer4,33,33,33,0.3954220116138458,0.4852476119995117,0.4256651017211369,0.4767518974279885,0.2554634213447571,0.33728262782096863,0.305780827999115,0.4004146158695221,0.19941804846934802,0.9937906265258789,0.4288939043902759,0.5130705478310092,0.2
484,n03791053/ILSVRC2012_val_00022401,supervised,resnet18_imagenet,gradcam,predicted,backbone.layer4,33,33,33,0.46353742480278015,0.4980638921260834,0.34285970256195764,0.4292803970219228,0.15694808959960938,0.21240384876728058,0.17464010417461395,0.22611722350120544,0.09847337372447018,0.9969796538352966,0.4170569997962762,0.5048200716522376,0.2
485,n03791053/ILSVRC2012_val_00022929,supervised,resnet18_imagenet,gradcam,predicted,backbone.layer4,33,33,33,-0.042561981827020645,0.44461020827293396,0.16901548893167287,0.3755328718368432,0.2750629186630249,0.43043896555900574,0.5149238109588623,0.6876742243766785,0.5009566326529614,0.9790869355201721,0.14633971549974656,0.2681034368806976,0.2
486,n03791053/ILSVRC2012_val_00030997,supervised,resnet18_imagenet,gradcam,predicted,backbone.layer4,33,33,33,0.0833444595336914,0.5050010681152344,0.23327335187299383,0.19065297525008146,0.4009234309196472,0.37108930945396423,0.7631047368049622,0.7309413552284241,0.7012515943876154,0.7460422515869141,0.16051568195039917,0.2470584803555979,0.2
487,n03791053/ILSVRC2012_val_00033956,supervised,resnet18_imagenet,gradcam,predicted,backbone.layer4,33,33,33,0.06401925534009933,0.5295692682266235,0.21746132813954924,0.26611615315690956,0.3109974265098572,0.3310474455356598,0.48642876744270325,0.5157159566879272,0.4478236607141965,0.6605828404426575,0.17068094652497737,0.24238853575954808,0.2
488,n03791053/ILSVRC2012_val_00036806,supervised,resnet18_imagenet,gradcam,predicted,backbone.layer4,33,33,33,0.22997424006462097,0.5919140577316284,0.1857468910645708,0.2143044390072933,0.3872871994972229,0.48802798986434937,0.8706671595573425,0.9190869927406311,0.9078244579079824,0.4564043879508972,0.2120050950474076,0.24896447473321792,0.2
489,n03791053/ILSVRC2012_val_00037060,supervised,resnet18_imagenet,gradcam,predicted,backbone.layer4,33,33,33,-0.34102243185043335,0.35236555337905884,0.33650624428863213,0.30248608534311594,0.25095751881599426,0.4405059218406677,0.5532825589179993,0.6926576495170593,0.49958147321418617,0.8045777082443237,0.055288726149351056,0.16107688749693388,0.2
490,n03791053/ILSVRC2012_val_00038689,supervised,resnet18_imagenet,gradcam,predicted,backbone.layer4,33,33,33,0.006099754478782415,0.569622814655304,0.17571660191496352,0.17986737889108495,0.275013267993927,0.40680694580078125,0.5386343598365784,0.6112201809883118,0.5659677933672341,0.9718850255012512,0.1091150960333275,0.23681366309427365,0.2
491,n03791053/ILSVRC2012_val_00042747,supervised,resnet18_imagenet,gradcam,predicted,backbone.layer4,33,33,33,0.42608946561813354,0.5424127578735352,0.20410406742389683,0.2878010545816275,0.2437174916267395,0.3404097259044647,0.5544061660766602,0.6158908605575562,0.5203882334182637,0.9951855540275574,0.3180073228489107,0.4213854265718614,0.2
492,n03791053/ILSVRC2012_val_00043594,supervised,resnet18_imagenet,gradcam,predicted,backbone.layer4,33,33,33,0.4382297992706299,0.598609983921051,0.4809212151145462,0.35363169479070283,0.3052053451538086,0.3406746983528137,0.4142293632030487,0.39623433351516724,0.278021364795863,-0.24621562659740448,0.42565779267982673,0.325086313231422,0.2
493,n03874599/ILSVRC2012_val_00002908,supervised,resnet18_imagenet,gradcam,predicted,backbone.layer4,34,34,34,0.1471111923456192,0.49537014961242676,0.12937504937973873,0.3454280201419618,0.23518842458724976,0.4125559628009796,0.36100155115127563,0.5753657221794128,0.3697783801019671,0.9060328006744385,0.20128539779475785,0.30609460480255757,0.2
494,n03874599/ILSVRC2012_val_00009432,supervised,resnet18_imagenet,gradcam,predicted,backbone.layer4,34,35,35,0.07017113268375397,0.4924321472644806,0.3836538002765477,0.245817301456813,0.2842141091823578,0.33313214778900146,0.47469228506088257,0.4365832209587097,0.37432238520400707,0.995026707649231,0.2169097835935098,0.33118167802003873,0.2
495,n03874599/ILSVRC2012_val_00014197,supervised,resnet18_imagenet,gradcam,predicted,backbone.layer4,34,38,38,0.377177894115448,0.5357324481010437,0.3280156731036813,0.5222156873226101,0.30944791436195374,0.4221658706665039,0.45632171630859375,0.6487609148025513,0.3674067283162533,0.9302800297737122,0.4059405657740667,0.48411210751303646,0.2
496,n03874599/ILSVRC2012_val_00014725,supervised,resnet18_imagenet,gradcam,predicted,backbone.layer1,34,34,34,0.21367408335208893,0.48832979798316956,0.05356866387981609,0.06879220983189195,0.05229342728853226,0.06570993363857269,0.06868676096200943,0.08543108403682709,0.07124920280610825,0.9083595275878906,0.12217789545434798,0.24163007673934173,0.2
497,n03874599/ILSVRC2012_val_00023222,supervised,resnet18_imagenet,gradcam,predicted,backbone.layer1,34,17,17,-0.00226706825196743,0.03730922192335129,0.2085085156416274,0.47598453443868066,0.1543917953968048,0.016466647386550903,0.5012436509132385,0.7625983953475952,0.47598453443868066,0.9731457233428955,0.20444108772330544,0.31630164713332276,0.2
498,n03874599/ILSVRC2012_val_00030933,supervised,resnet18_imagenet,gradcam,predicted,backbone.layer1,34,34,34,0.03900808468461037,0.0782870352268219,0.1561341792825692,0.5336017219386692,0.15961070358753204,0.02244912087917328,0.583471953868866,0.5183910131454468,0.5336017219386692,0.9643498659133911,0.22252400424021565,0.3307392848319319,0.2
499,n03874599/ILSVRC2012_val_00035057,supervised,resnet18_imagenet,gradcam,predicted,backbone.layer1,34,34,34,0.40799078345298767,0.1707618087530136,0.3086912334850345,0.17285116718385748,0.2174580991268158,0.054326899349689484,0.6070325374603271,0.6070353984832764,0.4929249043366365,0.9898408651351929,0.3076590335818627,0.41165850414604765,0.2
496,n03874599/ILSVRC2012_val_00014725,supervised,resnet18_imagenet,gradcam,predicted,backbone.layer2,34,34,34,-0.018465286120772362,0.3867231607437134,0.05856731741459238,0.02092866251592459,0.05547386780381203,0.0287527646869421,0.07403820753097534,0.03745117411017418,0.07124920280610825,0.9757466912269592,0.016462679530846146,0.15977314852440277,0.2
497,n03874599/ILSVRC2012_val_00023222,supervised,resnet18_imagenet,gradcam,predicted,backbone.layer2,34,17,17,0.025851361453533173,0.3576403558254242,0.2631931771627637,0.3436596284117008,0.2504897117614746,0.28537386655807495,0.5844021439552307,0.7075437307357788,0.47598453443868066,0.9961559176445007,0.1923963862537526,0.31018456554902785,0.2
498,n03874599/ILSVRC2012_val_00030933,supervised,resnet18_imagenet,gradcam,predicted,backbone.layer2,34,34,34,-0.09522043168544769,0.20621471107006073,0.17803878896493053,0.13984454835408916,0.22154192626476288,0.07775848358869553,0.5741540789604187,0.47989970445632935,0.5336017219386692,0.9650995135307312,0.05727682852152683,0.19090861026945788,0.2
499,n03874599/ILSVRC2012_val_00035057,supervised,resnet18_imagenet,gradcam,predicted,backbone.layer2,34,34,34,0.13899533450603485,0.4167731702327728,0.2603494526208003,0.07444605828360751,0.19799770414829254,0.06156327575445175,0.523338794708252,0.27825823426246643,0.4929249043366365,0.9863795638084412,0.15603678707373628,0.28030417937448027,0.2
496,n03874599/ILSVRC2012_val_00014725,supervised,resnet18_imagenet,gradcam,predicted,backbone.layer3,34,34,34,0.017718173563480377,0.4630209505558014,0.05275371287124632,0.170349987101066,0.05181027203798294,0.09544260054826736,0.06310669332742691,0.10219431668519974,0.07124920280610825,0.9898675084114075,0.07401837941708585,0.21045741200200732,0.2
497,n03874599/ILSVRC2012_val_00023222,supervised,resnet18_imagenet,gradcam,predicted,backbone.layer3,34,17,17,0.12856179475784302,0.32577404379844666,0.26086310076933394,0.14553007531488887,0.1881253719329834,0.1539166122674942,0.5578876733779907,0.4462178945541382,0.47598453443868066,0.9934737682342529,0.17334267072840406,0.2956159874214387,0.2
498,n03874599/ILSVRC2012_val_00030933,supervised,resnet18_imagenet,gradcam,predicted,backbone.layer3,34,34,34,0.46635860204696655,0.48840218782424927,0.17330740787958265,0.18231458580921134,0.170616015791893,0.2308758944272995,0.5351414084434509,0.5933499932289124,0.5336017219386692,0.9934523701667786,0.2932300389254248,0.40114886466365357,0.2
499,n03874599/ILSVRC2012_val_00035057,supervised,resnet18_imagenet,gradcam,predicted,backbone.layer3,34,34,34,0.1445610672235489,0.345784991979599,0.21745220253511538,0.18021657218500958,0.15502256155014038,0.13026130199432373,0.5227896571159363,0.5520992875099182,0.4929249043366365,0.9852709174156189,0.17712505930545702,0.2978042048206162,0.2
496,n03874599/ILSVRC2012_val_00014725,supervised,resnet18_imagenet,gradcam,predicted,backbone.layer4,34,34,34,0.4895837604999542,0.5460265278816223,0.23975223173598126,0.309787315946194,0.12613356113433838,0.1669197678565979,0.13554130494594574,0.17414197325706482,0.07124920280610825,0.9969092011451721,0.36069536850463424,0.45827558326730367,0.2
497,n03874599/ILSVRC2012_val_00023222,supervised,resnet18_imagenet,gradcam,predicted,backbone.layer4,34,17,17,0.16355152428150177,0.5499693751335144,0.23279904045351912,0.3079592781118664,0.3078576922416687,0.4214809536933899,0.50240558385849,0.6197828650474548,0.47598453443868066,0.9922937750816345,0.22764810528221635,0.34127667940211714,0.2
498,n03874599/ILSVRC2012_val_00030933,supervised,resnet18_imagenet,gradcam,predicted,backbone.layer4,34,34,34,0.5372388958930969,0.5795255303382874,0.25080702708204466,0.2559798000476828,0.31875020265579224,0.34242355823516846,0.5829883217811584,0.6285006999969482,0.5336017219386692,0.9489570260047913,0.366931606496157,0.4570738742457344,0.2
499,n03874599/ILSVRC2012_val_00035057,supervised,resnet18_imagenet,gradcam,predicted,backbone.layer4,34,34,34,0.03418748453259468,0.5110666751861572,0.19708029197073507,0.3079035473797886,0.3393658399581909,0.48967576026916504,0.5511127710342407,0.6586912870407104,0.4929249043366365,0.9741372466087341,0.16517014561819499,0.2843321664153492,0.2
