sample_idx,mode,xai_method,gradcam_target,layer,true_label,pred_label,target_label,corr_pca_xai,soft_iou_pca_xai,lsas
0,supervised,gradcam,predicted,backbone.layer1,0,0,0,0.12879036366939545,0.21554319560527802,0.17216677963733673
1,supervised,gradcam,predicted,backbone.layer1,0,0,0,0.5410890579223633,0.06674350798130035,0.3039162829518318
2,supervised,gradcam,predicted,backbone.layer1,0,41,41,0.06029060110449791,0.44896015524864197,0.25462537817656994
3,supervised,gradcam,predicted,backbone.layer1,0,0,0,0.1037360355257988,0.3935007154941559,0.24861837550997734
4,supervised,gradcam,predicted,backbone.layer1,0,0,0,0.2621258795261383,0.509749174118042,0.38593752682209015
5,supervised,gradcam,predicted,backbone.layer1,0,0,0,-0.07823194563388824,0.3183625042438507,0.12006527930498123
6,supervised,gradcam,predicted,backbone.layer1,0,0,0,0.33604830503463745,0.2042386680841446,0.270143486559391
7,supervised,gradcam,predicted,backbone.layer1,0,32,32,0.14300134778022766,0.06279396265745163,0.10289765521883965
8,supervised,gradcam,predicted,backbone.layer1,0,0,0,-0.06664727628231049,0.10306616872549057,0.018209446221590042
9,supervised,gradcam,predicted,backbone.layer1,0,0,0,0.27525824308395386,0.4095207452774048,0.3423894941806793
10,supervised,gradcam,predicted,backbone.layer1,0,0,0,0.4878697097301483,0.3047778606414795,0.3963237851858139
11,supervised,gradcam,predicted,backbone.layer1,0,0,0,-0.1413073092699051,0.1654697060585022,0.012081198394298553
12,supervised,gradcam,predicted,backbone.layer1,0,0,0,0.1566542536020279,0.4515201151371002,0.30408718436956406
13,supervised,gradcam,predicted,backbone.layer1,0,0,0,-0.05033669248223305,0.09606204181909561,0.022862674668431282
14,supervised,gradcam,predicted,backbone.layer1,0,0,0,-0.09502142667770386,0.1195824071764946,0.01228049024939537
15,supervised,gradcam,predicted,backbone.layer1,1,1,1,0.32682210206985474,0.35127705335617065,0.3390495777130127
16,supervised,gradcam,predicted,backbone.layer1,1,1,1,-0.02282223477959633,0.4785517454147339,0.22786475531756878
17,supervised,gradcam,predicted,backbone.layer1,1,1,1,-0.05294119566679001,0.28474289178848267,0.11590084806084633
18,supervised,gradcam,predicted,backbone.layer1,1,1,1,0.013415520079433918,0.01948554441332817,0.016450532246381044
19,supervised,gradcam,predicted,backbone.layer1,1,1,1,0.04614829644560814,0.005398300476372242,0.02577329846099019
20,supervised,gradcam,predicted,backbone.layer1,1,1,1,-0.12097032368183136,0.2206445187330246,0.04983709752559662
21,supervised,gradcam,predicted,backbone.layer1,1,1,1,-0.0966619998216629,0.2637141942977905,0.08352609723806381
22,supervised,gradcam,predicted,backbone.layer1,1,1,1,0.18737894296646118,0.006902709603309631,0.0971408262848854
23,supervised,gradcam,predicted,backbone.layer1,1,1,1,-0.0030419370159506798,0.004451592918485403,0.0007048279512673616
24,supervised,gradcam,predicted,backbone.layer1,1,1,1,-0.13836421072483063,0.02117934450507164,-0.058592433109879494
25,supervised,gradcam,predicted,backbone.layer1,2,2,2,0.43907880783081055,0.469016969203949,0.45404788851737976
26,supervised,gradcam,predicted,backbone.layer1,2,2,2,0.15253634750843048,0.4963192343711853,0.3244277909398079
27,supervised,gradcam,predicted,backbone.layer1,2,2,2,0.3633805811405182,0.5441914200782776,0.4537860006093979
28,supervised,gradcam,predicted,backbone.layer1,2,2,2,0.07390373200178146,0.3251449763774872,0.19952435418963432
29,supervised,gradcam,predicted,backbone.layer1,2,42,42,0.31594279408454895,0.06187063455581665,0.1889067143201828
30,supervised,gradcam,predicted,backbone.layer1,2,2,2,0.20715156197547913,0.45919063687324524,0.3331710994243622
31,supervised,gradcam,predicted,backbone.layer1,2,2,2,0.406911164522171,0.4076399803161621,0.40727557241916656
0,supervised,gradcam,predicted,backbone.layer2,0,0,0,0.21175919473171234,0.2454177439212799,0.22858846932649612
1,supervised,gradcam,predicted,backbone.layer2,0,0,0,0.6975778341293335,0.30689433217048645,0.50223608314991
2,supervised,gradcam,predicted,backbone.layer2,0,41,41,-0.012625846080482006,0.4450366199016571,0.21620538691058755
3,supervised,gradcam,predicted,backbone.layer2,0,0,0,0.2186449021100998,0.4805738627910614,0.3496093824505806
4,supervised,gradcam,predicted,backbone.layer2,0,0,0,0.1438320130109787,0.399361252784729,0.27159663289785385
5,supervised,gradcam,predicted,backbone.layer2,0,0,0,0.18245182931423187,0.4762459695339203,0.3293488994240761
6,supervised,gradcam,predicted,backbone.layer2,0,0,0,0.7719938158988953,0.44954147934913635,0.6107676476240158
7,supervised,gradcam,predicted,backbone.layer2,0,32,32,0.028781868517398834,0.3917534351348877,0.21026765182614326
8,supervised,gradcam,predicted,backbone.layer2,0,0,0,0.008836232125759125,0.14585700631141663,0.07734661921858788
9,supervised,gradcam,predicted,backbone.layer2,0,0,0,0.3478131890296936,0.3931864798069,0.3704998344182968
10,supervised,gradcam,predicted,backbone.layer2,0,0,0,0.2845515012741089,0.294676810503006,0.28961415588855743
11,supervised,gradcam,predicted,backbone.layer2,0,0,0,0.37731215357780457,0.5258119106292725,0.4515620321035385
12,supervised,gradcam,predicted,backbone.layer2,0,0,0,0.19840574264526367,0.3822716176509857,0.2903386801481247
13,supervised,gradcam,predicted,backbone.layer2,0,0,0,0.6294299364089966,0.33198434114456177,0.4807071387767792
14,supervised,gradcam,predicted,backbone.layer2,0,0,0,0.02318457141518593,0.3639746308326721,0.19357960112392902
15,supervised,gradcam,predicted,backbone.layer2,1,1,1,0.1267106980085373,0.41438010334968567,0.2705454006791115
16,supervised,gradcam,predicted,backbone.layer2,1,1,1,-0.2388988435268402,0.23264093697071075,-0.003128953278064728
17,supervised,gradcam,predicted,backbone.layer2,1,1,1,-0.07009007781744003,0.18413475155830383,0.0570223368704319
18,supervised,gradcam,predicted,backbone.layer2,1,1,1,-0.022723695263266563,0.1373223513364792,0.05729932803660631
19,supervised,gradcam,predicted,backbone.layer2,1,1,1,0.07124895602464676,0.37169983983039856,0.22147439792752266
20,supervised,gradcam,predicted,backbone.layer2,1,1,1,0.14273011684417725,0.3151445686817169,0.22893734276294708
21,supervised,gradcam,predicted,backbone.layer2,1,1,1,0.19156600534915924,0.4560832679271698,0.3238246366381645
22,supervised,gradcam,predicted,backbone.layer2,1,1,1,0.10210944712162018,0.11560891568660736,0.10885918140411377
23,supervised,gradcam,predicted,backbone.layer2,1,1,1,0.12921395897865295,0.11605755984783173,0.12263575941324234
24,supervised,gradcam,predicted,backbone.layer2,1,1,1,-0.13824626803398132,0.08650432527065277,-0.025870971381664276
25,supervised,gradcam,predicted,backbone.layer2,2,2,2,0.05030512437224388,0.3901459872722626,0.22022555582225323
26,supervised,gradcam,predicted,backbone.layer2,2,2,2,-0.1275743693113327,0.26242509484291077,0.06742536276578903
27,supervised,gradcam,predicted,backbone.layer2,2,2,2,0.09309226274490356,0.48708537220954895,0.29008881747722626
28,supervised,gradcam,predicted,backbone.layer2,2,2,2,0.06644442677497864,0.4085937440395355,0.23751908540725708
29,supervised,gradcam,predicted,backbone.layer2,2,42,42,0.1859034150838852,0.41020286083221436,0.2980531379580498
30,supervised,gradcam,predicted,backbone.layer2,2,2,2,0.08799463510513306,0.44336673617362976,0.2656806856393814
31,supervised,gradcam,predicted,backbone.layer2,2,2,2,0.2369731366634369,0.42151209712028503,0.32924261689186096
0,supervised,gradcam,predicted,backbone.layer3,0,0,0,0.7739071846008301,0.4429253935813904,0.6084162890911102
1,supervised,gradcam,predicted,backbone.layer3,0,0,0,0.10434675216674805,0.06025388464331627,0.08230031840503216
2,supervised,gradcam,predicted,backbone.layer3,0,41,41,-0.04420734569430351,0.4020882546901703,0.1789404544979334
3,supervised,gradcam,predicted,backbone.layer3,0,0,0,0.44739988446235657,0.5814334154129028,0.5144166499376297
4,supervised,gradcam,predicted,backbone.layer3,0,0,0,0.38605350255966187,0.21791274845600128,0.3019831255078316
5,supervised,gradcam,predicted,backbone.layer3,0,0,0,0.4219418466091156,0.42584383487701416,0.4238928407430649
6,supervised,gradcam,predicted,backbone.layer3,0,0,0,0.3382798433303833,0.4246426224708557,0.3814612329006195
7,supervised,gradcam,predicted,backbone.layer3,0,32,32,-0.24456872045993805,0.38401782512664795,0.06972455233335495
8,supervised,gradcam,predicted,backbone.layer3,0,0,0,0.12043780833482742,0.3814782500267029,0.25095802918076515
9,supervised,gradcam,predicted,backbone.layer3,0,0,0,0.6096956729888916,0.5104520916938782,0.5600738823413849
10,supervised,gradcam,predicted,backbone.layer3,0,0,0,0.10123986005783081,0.30913281440734863,0.20518633723258972
11,supervised,gradcam,predicted,backbone.layer3,0,0,0,0.46912580728530884,0.2790302336215973,0.37407802045345306
12,supervised,gradcam,predicted,backbone.layer3,0,0,0,0.5415943264961243,0.41401734948158264,0.47780583798885345
13,supervised,gradcam,predicted,backbone.layer3,0,0,0,0.7361699342727661,0.4221053123474121,0.5791376233100891
14,supervised,gradcam,predicted,backbone.layer3,0,0,0,-0.011621515266597271,0.4126824736595154,0.20053047919645905
15,supervised,gradcam,predicted,backbone.layer3,1,1,1,-0.22561979293823242,0.1911345273256302,-0.017242632806301117
16,supervised,gradcam,predicted,backbone.layer3,1,1,1,0.14960022270679474,0.2245195209980011,0.18705987185239792
17,supervised,gradcam,predicted,backbone.layer3,1,1,1,0.234800323843956,0.34359604120254517,0.2891981825232506
18,supervised,gradcam,predicted,backbone.layer3,1,1,1,0.18394377827644348,0.11058241128921509,0.14726309478282928
19,supervised,gradcam,predicted,backbone.layer3,1,1,1,-0.2292369157075882,0.2130710929632187,-0.008082911372184753
20,supervised,gradcam,predicted,backbone.layer3,1,1,1,-0.32600632309913635,0.2916756868362427,-0.01716531813144684
21,supervised,gradcam,predicted,backbone.layer3,1,1,1,0.32226595282554626,0.3147982358932495,0.3185320943593979
22,supervised,gradcam,predicted,backbone.layer3,1,1,1,0.3467869758605957,0.2040187418460846,0.27540285885334015
23,supervised,gradcam,predicted,backbone.layer3,1,1,1,0.3050677478313446,0.17151883244514465,0.23829329013824463
24,supervised,gradcam,predicted,backbone.layer3,1,1,1,0.4546080231666565,0.14196310937404633,0.2982855662703514
25,supervised,gradcam,predicted,backbone.layer3,2,2,2,-0.055076759308576584,0.20798654854297638,0.0764548946171999
26,supervised,gradcam,predicted,backbone.layer3,2,2,2,0.05132089555263519,0.4511733055114746,0.2512471005320549
27,supervised,gradcam,predicted,backbone.layer3,2,2,2,-0.09359338879585266,0.12853889167308807,0.017472751438617706
28,supervised,gradcam,predicted,backbone.layer3,2,2,2,-0.03224916756153107,0.16735003888607025,0.06755043566226959
29,supervised,gradcam,predicted,backbone.layer3,2,42,42,-0.10769741237163544,0.1851847916841507,0.03874368965625763
30,supervised,gradcam,predicted,backbone.layer3,2,2,2,0.22404560446739197,0.1687418520450592,0.19639372825622559
31,supervised,gradcam,predicted,backbone.layer3,2,2,2,-0.08547591418027878,0.2623231112957001,0.08842359855771065
0,supervised,gradcam,predicted,backbone.layer4,0,0,0,0.06504908949136734,0.47940343618392944,0.2722262628376484
1,supervised,gradcam,predicted,backbone.layer4,0,0,0,0.17647692561149597,0.5353626012802124,0.3559197634458542
2,supervised,gradcam,predicted,backbone.layer4,0,41,41,0.4501798748970032,0.635036826133728,0.5426083505153656
3,supervised,gradcam,predicted,backbone.layer4,0,0,0,0.17339207231998444,0.46083876490592957,0.317115418612957
4,supervised,gradcam,predicted,backbone.layer4,0,0,0,0.7504854202270508,0.4920444190502167,0.6212649196386337
5,supervised,gradcam,predicted,backbone.layer4,0,0,0,0.298845499753952,0.4831470549106598,0.3909962773323059
6,supervised,gradcam,predicted,backbone.layer4,0,0,0,-0.13551990687847137,0.5248879790306091,0.19468403607606888
7,supervised,gradcam,predicted,backbone.layer4,0,32,32,0.3150428831577301,0.5047687292098999,0.409905806183815
8,supervised,gradcam,predicted,backbone.layer4,0,0,0,0.359424352645874,0.5233971476554871,0.44141075015068054
9,supervised,gradcam,predicted,backbone.layer4,0,0,0,0.3446314036846161,0.5566481351852417,0.4506397694349289
10,supervised,gradcam,predicted,backbone.layer4,0,0,0,0.38963866233825684,0.5039273500442505,0.44678300619125366
11,supervised,gradcam,predicted,backbone.layer4,0,0,0,0.36911246180534363,0.4524577856063843,0.41078512370586395
12,supervised,gradcam,predicted,backbone.layer4,0,0,0,0.3780888617038727,0.5598652958869934,0.46897707879543304
13,supervised,gradcam,predicted,backbone.layer4,0,0,0,0.08728548139333725,0.4694262742996216,0.2783558778464794
14,supervised,gradcam,predicted,backbone.layer4,0,0,0,0.16791506111621857,0.5480152368545532,0.3579651489853859
15,supervised,gradcam,predicted,backbone.layer4,1,1,1,0.4417458772659302,0.5324487686157227,0.4870973229408264
16,supervised,gradcam,predicted,backbone.layer4,1,1,1,0.3086017668247223,0.5201915502548218,0.41439665853977203
17,supervised,gradcam,predicted,backbone.layer4,1,1,1,0.40839827060699463,0.6126043200492859,0.5105012953281403
18,supervised,gradcam,predicted,backbone.layer4,1,1,1,0.23494155704975128,0.4741063714027405,0.3545239642262459
19,supervised,gradcam,predicted,backbone.layer4,1,1,1,0.6081017255783081,0.5397117733955383,0.5739067494869232
20,supervised,gradcam,predicted,backbone.layer4,1,1,1,0.3890817165374756,0.5344141721725464,0.461747944355011
21,supervised,gradcam,predicted,backbone.layer4,1,1,1,0.49693775177001953,0.5308142304420471,0.5138759911060333
22,supervised,gradcam,predicted,backbone.layer4,1,1,1,0.4252317547798157,0.5477712154388428,0.4865014851093292
23,supervised,gradcam,predicted,backbone.layer4,1,1,1,0.16185186803340912,0.49300897121429443,0.3274304196238518
24,supervised,gradcam,predicted,backbone.layer4,1,1,1,0.46875178813934326,0.5828372836112976,0.5257945358753204
25,supervised,gradcam,predicted,backbone.layer4,2,2,2,0.44021156430244446,0.5171809196472168,0.4786962419748306
26,supervised,gradcam,predicted,backbone.layer4,2,2,2,0.372122585773468,0.5140742659568787,0.44309842586517334
27,supervised,gradcam,predicted,backbone.layer4,2,2,2,0.6726431250572205,0.5181073546409607,0.5953752398490906
28,supervised,gradcam,predicted,backbone.layer4,2,2,2,0.3884975016117096,0.530344545841217,0.4594210237264633
29,supervised,gradcam,predicted,backbone.layer4,2,42,42,0.6790034174919128,0.5507972240447998,0.6149003207683563
30,supervised,gradcam,predicted,backbone.layer4,2,2,2,0.7235676646232605,0.4824411869049072,0.6030044257640839
31,supervised,gradcam,predicted,backbone.layer4,2,2,2,0.5521153211593628,0.5439262986183167,0.5480208098888397
32,supervised,gradcam,predicted,backbone.layer1,2,2,2,0.12679100036621094,0.46592679619789124,0.2963588982820511
33,supervised,gradcam,predicted,backbone.layer1,2,2,2,-0.08468910306692123,0.37766239047050476,0.14648664370179176
34,supervised,gradcam,predicted,backbone.layer1,2,2,2,0.4288235902786255,0.41591677069664,0.42237018048763275
35,supervised,gradcam,predicted,backbone.layer1,2,2,2,0.146510049700737,0.5297189354896545,0.33811449259519577
36,supervised,gradcam,predicted,backbone.layer1,2,2,2,0.08400074392557144,0.32836875319480896,0.2061847485601902
37,supervised,gradcam,predicted,backbone.layer1,2,2,2,0.08758220076560974,0.0060489890165627,0.04681559489108622
38,supervised,gradcam,predicted,backbone.layer1,2,2,2,-0.08950167894363403,0.4378720223903656,0.17418517172336578
39,supervised,gradcam,predicted,backbone.layer1,2,2,2,0.5528042912483215,0.5722644925117493,0.5625343918800354
40,supervised,gradcam,predicted,backbone.layer1,3,3,3,-0.34249603748321533,0.16846686601638794,-0.0870145857334137
41,supervised,gradcam,predicted,backbone.layer1,3,3,3,-0.12122682482004166,0.5134388208389282,0.19610599800944328
42,supervised,gradcam,predicted,backbone.layer1,3,3,3,0.06668658554553986,0.3640737533569336,0.21538016945123672
43,supervised,gradcam,predicted,backbone.layer1,3,3,3,0.14924247562885284,0.4475207030773163,0.29838158935308456
44,supervised,gradcam,predicted,backbone.layer1,3,3,3,0.47953835129737854,0.3792452812194824,0.4293918162584305
45,supervised,gradcam,predicted,backbone.layer1,3,3,3,0.33938997983932495,0.3382398188114166,0.3388148993253708
46,supervised,gradcam,predicted,backbone.layer1,3,3,3,0.19994957745075226,0.3048243522644043,0.2523869648575783
47,supervised,gradcam,predicted,backbone.layer1,3,3,3,0.1116236001253128,0.05903850868344307,0.08533105440437794
48,supervised,gradcam,predicted,backbone.layer1,3,3,3,0.2215273231267929,0.5418501496315002,0.3816887363791466
49,supervised,gradcam,predicted,backbone.layer1,3,3,3,0.19236516952514648,0.044943179935216904,0.1186541747301817
50,supervised,gradcam,predicted,backbone.layer1,3,0,0,0.17289914190769196,0.4675293266773224,0.32021423429250717
51,supervised,gradcam,predicted,backbone.layer1,3,3,3,0.38091716170310974,0.4631043076515198,0.42201073467731476
52,supervised,gradcam,predicted,backbone.layer1,3,3,3,0.18407337367534637,0.5690228343009949,0.3765481039881706
53,supervised,gradcam,predicted,backbone.layer1,3,3,3,0.3843601644039154,0.44528958201408386,0.41482487320899963
54,supervised,gradcam,predicted,backbone.layer1,3,3,3,0.03679000586271286,0.400861531496048,0.21882576867938042
55,supervised,gradcam,predicted,backbone.layer1,3,8,8,-0.1585673987865448,0.2629595398902893,0.05219607055187225
56,supervised,gradcam,predicted,backbone.layer1,4,4,4,0.12296401709318161,0.4037453532218933,0.26335468515753746
57,supervised,gradcam,predicted,backbone.layer1,4,4,4,0.2595783770084381,0.29878607392311096,0.27918222546577454
58,supervised,gradcam,predicted,backbone.layer1,4,4,4,0.3356107473373413,0.3905719816684723,0.3630913645029068
59,supervised,gradcam,predicted,backbone.layer1,4,4,4,0.36941659450531006,0.3496835231781006,0.3595500588417053
60,supervised,gradcam,predicted,backbone.layer1,4,4,4,0.08200117200613022,0.3748999834060669,0.22845057770609856
61,supervised,gradcam,predicted,backbone.layer1,4,10,10,0.03229309991002083,0.5143975019454956,0.2733453009277582
62,supervised,gradcam,predicted,backbone.layer1,4,4,4,0.07680943608283997,0.4295763373374939,0.25319288671016693
63,supervised,gradcam,predicted,backbone.layer1,4,4,4,0.13074365258216858,0.19007650017738342,0.160410076379776
32,supervised,gradcam,predicted,backbone.layer2,2,2,2,0.02598503977060318,0.47157227993011475,0.24877865985035896
33,supervised,gradcam,predicted,backbone.layer2,2,2,2,-0.16708701848983765,0.48365065455436707,0.1582818180322647
34,supervised,gradcam,predicted,backbone.layer2,2,2,2,0.19891203939914703,0.41476359963417053,0.3068378195166588
35,supervised,gradcam,predicted,backbone.layer2,2,2,2,0.2370007485151291,0.48154133558273315,0.3592710420489311
36,supervised,gradcam,predicted,backbone.layer2,2,2,2,-0.05809511989355087,0.4439237415790558,0.19291431084275246
37,supervised,gradcam,predicted,backbone.layer2,2,2,2,0.02758387103676796,0.3601256310939789,0.19385475106537342
38,supervised,gradcam,predicted,backbone.layer2,2,2,2,0.22094649076461792,0.3350444734096527,0.2779954820871353
39,supervised,gradcam,predicted,backbone.layer2,2,2,2,0.10456535965204239,0.21057753264904022,0.1575714461505413
40,supervised,gradcam,predicted,backbone.layer2,3,3,3,-0.053136881440877914,0.21504651010036469,0.08095481432974339
41,supervised,gradcam,predicted,backbone.layer2,3,3,3,0.16534723341464996,0.39492711424827576,0.28013717383146286
42,supervised,gradcam,predicted,backbone.layer2,3,3,3,0.14768069982528687,0.33317747712135315,0.24042908847332
43,supervised,gradcam,predicted,backbone.layer2,3,3,3,-0.04917658865451813,0.3066478967666626,0.12873565405607224
44,supervised,gradcam,predicted,backbone.layer2,3,3,3,0.4197922945022583,0.39603790640830994,0.4079151004552841
45,supervised,gradcam,predicted,backbone.layer2,3,3,3,0.24968759715557098,0.34620651602745056,0.2979470565915108
46,supervised,gradcam,predicted,backbone.layer2,3,3,3,-0.203556090593338,0.24587544798851013,0.02115967869758606
47,supervised,gradcam,predicted,backbone.layer2,3,3,3,0.18689262866973877,0.4526596665382385,0.31977614760398865
48,supervised,gradcam,predicted,backbone.layer2,3,3,3,-0.06428322196006775,0.3068971633911133,0.12130697071552277
49,supervised,gradcam,predicted,backbone.layer2,3,3,3,0.2484404295682907,0.09964717924594879,0.17404380440711975
50,supervised,gradcam,predicted,backbone.layer2,3,0,0,0.4018709063529968,0.3337686061859131,0.36781975626945496
51,supervised,gradcam,predicted,backbone.layer2,3,3,3,0.2078624814748764,0.3858000636100769,0.29683127254247665
52,supervised,gradcam,predicted,backbone.layer2,3,3,3,-0.1710072159767151,0.3047301769256592,0.06686148047447205
53,supervised,gradcam,predicted,backbone.layer2,3,3,3,0.26613888144493103,0.4678698480129242,0.3670043647289276
54,supervised,gradcam,predicted,backbone.layer2,3,3,3,0.02181882970035076,0.22640582919120789,0.12411232944577932
55,supervised,gradcam,predicted,backbone.layer2,3,8,8,0.07842371612787247,0.3097386360168457,0.19408117607235909
56,supervised,gradcam,predicted,backbone.layer2,4,4,4,0.06269609928131104,0.3740904629230499,0.21839328110218048
57,supervised,gradcam,predicted,backbone.layer2,4,4,4,-0.08382885903120041,0.3724542260169983,0.14431268349289894
58,supervised,gradcam,predicted,backbone.layer2,4,4,4,-0.20722819864749908,0.2743317484855652,0.03355177491903305
59,supervised,gradcam,predicted,backbone.layer2,4,4,4,-0.09493889659643173,0.35162249207496643,0.12834179773926735
60,supervised,gradcam,predicted,backbone.layer2,4,4,4,0.028299668803811073,0.363364577293396,0.19583212304860353
61,supervised,gradcam,predicted,backbone.layer2,4,10,10,0.029599172994494438,0.5077153444290161,0.2686572587117553
62,supervised,gradcam,predicted,backbone.layer2,4,4,4,-0.22067886590957642,0.2034682184457779,-0.008605323731899261
63,supervised,gradcam,predicted,backbone.layer2,4,4,4,-0.08909453451633453,0.2309991717338562,0.07095231860876083
32,supervised,gradcam,predicted,backbone.layer3,2,2,2,0.13051526248455048,0.2291398048400879,0.17982753366231918
33,supervised,gradcam,predicted,backbone.layer3,2,2,2,0.2620795667171478,0.36774951219558716,0.3149145394563675
34,supervised,gradcam,predicted,backbone.layer3,2,2,2,-0.3120654225349426,0.2682993710041046,-0.021883025765419006
35,supervised,gradcam,predicted,backbone.layer3,2,2,2,0.28307870030403137,0.2711927890777588,0.2771357446908951
36,supervised,gradcam,predicted,backbone.layer3,2,2,2,0.2570389211177826,0.37342166900634766,0.3152302950620651
37,supervised,gradcam,predicted,backbone.layer3,2,2,2,-0.08093827962875366,0.28562402725219727,0.1023428738117218
38,supervised,gradcam,predicted,backbone.layer3,2,2,2,0.26852256059646606,0.1702425628900528,0.21938256174325943
39,supervised,gradcam,predicted,backbone.layer3,2,2,2,-0.3038334548473358,0.21978040039539337,-0.04202652722597122
40,supervised,gradcam,predicted,backbone.layer3,3,3,3,0.4936000406742096,0.3775637447834015,0.43558189272880554
41,supervised,gradcam,predicted,backbone.layer3,3,3,3,0.426943838596344,0.32012733817100525,0.3735355883836746
42,supervised,gradcam,predicted,backbone.layer3,3,3,3,-0.18886218965053558,0.16559725999832153,-0.011632464826107025
43,supervised,gradcam,predicted,backbone.layer3,3,3,3,-0.054887671023607254,0.1424422562122345,0.04377729259431362
44,supervised,gradcam,predicted,backbone.layer3,3,3,3,0.20372743904590607,0.07699503004550934,0.1403612345457077
45,supervised,gradcam,predicted,backbone.layer3,3,3,3,-0.14359638094902039,0.12496913969516754,-0.009313620626926422
46,supervised,gradcam,predicted,backbone.layer3,3,3,3,0.09182095527648926,0.21468226611614227,0.15325161069631577
47,supervised,gradcam,predicted,backbone.layer3,3,3,3,0.14711488783359528,0.25072187185287476,0.19891837984323502
48,supervised,gradcam,predicted,backbone.layer3,3,3,3,0.0009396665845997632,0.3221832811832428,0.16156147388392128
49,supervised,gradcam,predicted,backbone.layer3,3,3,3,0.2312132716178894,0.22104008495807648,0.22612667828798294
50,supervised,gradcam,predicted,backbone.layer3,3,0,0,0.288072407245636,0.33071044087409973,0.30939142405986786
51,supervised,gradcam,predicted,backbone.layer3,3,3,3,0.11731850355863571,0.33882778882980347,0.2280731461942196
52,supervised,gradcam,predicted,backbone.layer3,3,3,3,0.11322645843029022,0.25598832964897156,0.1846073940396309
53,supervised,gradcam,predicted,backbone.layer3,3,3,3,-0.01564887724816799,0.17952434718608856,0.08193773496896029
54,supervised,gradcam,predicted,backbone.layer3,3,3,3,-0.16843244433403015,0.1593429446220398,-0.004544749855995178
55,supervised,gradcam,predicted,backbone.layer3,3,8,8,0.032254330813884735,0.4303925335407257,0.23132343217730522
56,supervised,gradcam,predicted,backbone.layer3,4,4,4,-0.09112891554832458,0.39705905318260193,0.15296506881713867
57,supervised,gradcam,predicted,backbone.layer3,4,4,4,0.2202482521533966,0.30510252714157104,0.2626753896474838
58,supervised,gradcam,predicted,backbone.layer3,4,4,4,-0.10142578184604645,0.22677582502365112,0.06267502158880234
59,supervised,gradcam,predicted,backbone.layer3,4,4,4,-0.11017026007175446,0.2712327539920807,0.08053124696016312
60,supervised,gradcam,predicted,backbone.layer3,4,4,4,0.7294298410415649,0.36178234219551086,0.5456060916185379
61,supervised,gradcam,predicted,backbone.layer3,4,10,10,0.10283952951431274,0.38491180539131165,0.2438756674528122
62,supervised,gradcam,predicted,backbone.layer3,4,4,4,-0.20100821554660797,0.16761313378810883,-0.016697540879249573
63,supervised,gradcam,predicted,backbone.layer3,4,4,4,0.1583268791437149,0.17116154730319977,0.16474421322345734
32,supervised,gradcam,predicted,backbone.layer4,2,2,2,0.3854930102825165,0.5087717771530151,0.4471323937177658
33,supervised,gradcam,predicted,backbone.layer4,2,2,2,0.4318617284297943,0.5297717452049255,0.4808167368173599
34,supervised,gradcam,predicted,backbone.layer4,2,2,2,0.4207872748374939,0.544970691204071,0.48287898302078247
35,supervised,gradcam,predicted,backbone.layer4,2,2,2,0.12141118943691254,0.4738730490207672,0.2976421192288399
36,supervised,gradcam,predicted,backbone.layer4,2,2,2,0.5977747440338135,0.5090709328651428,0.5534228384494781
37,supervised,gradcam,predicted,backbone.layer4,2,2,2,0.3378053605556488,0.5264165997505188,0.4321109801530838
38,supervised,gradcam,predicted,backbone.layer4,2,2,2,0.5942257046699524,0.5435478687286377,0.568886786699295
39,supervised,gradcam,predicted,backbone.layer4,2,2,2,0.4704221785068512,0.5514522194862366,0.5109371989965439
40,supervised,gradcam,predicted,backbone.layer4,3,3,3,0.37296977639198303,0.5477588772773743,0.46036432683467865
41,supervised,gradcam,predicted,backbone.layer4,3,3,3,0.2041468769311905,0.5380437970161438,0.37109533697366714
42,supervised,gradcam,predicted,backbone.layer4,3,3,3,0.016375921666622162,0.5269180536270142,0.27164698764681816
43,supervised,gradcam,predicted,backbone.layer4,3,3,3,0.057831183075904846,0.5208028554916382,0.2893170192837715
44,supervised,gradcam,predicted,backbone.layer4,3,3,3,0.6491824984550476,0.5499758720397949,0.5995791852474213
45,supervised,gradcam,predicted,backbone.layer4,3,3,3,0.28893738985061646,0.5172975063323975,0.40311744809150696
46,supervised,gradcam,predicted,backbone.layer4,3,3,3,0.6711030006408691,0.5645676851272583,0.6178353428840637
47,supervised,gradcam,predicted,backbone.layer4,3,3,3,0.24336709082126617,0.6057559847831726,0.4245615378022194
48,supervised,gradcam,predicted,backbone.layer4,3,3,3,0.29571184515953064,0.5658850073814392,0.4307984262704849
49,supervised,gradcam,predicted,backbone.layer4,3,3,3,0.28631848096847534,0.4929853081703186,0.389651894569397
50,supervised,gradcam,predicted,backbone.layer4,3,0,0,0.13021302223205566,0.46905526518821716,0.2996341437101364
51,supervised,gradcam,predicted,backbone.layer4,3,3,3,0.5037351250648499,0.548589825630188,0.5261624753475189
52,supervised,gradcam,predicted,backbone.layer4,3,3,3,0.18803322315216064,0.5582035779953003,0.37311840057373047
53,supervised,gradcam,predicted,backbone.layer4,3,3,3,0.5304479598999023,0.61129230260849,0.5708701312541962
54,supervised,gradcam,predicted,backbone.layer4,3,3,3,0.18006347119808197,0.4627988636493683,0.32143116742372513
55,supervised,gradcam,predicted,backbone.layer4,3,8,8,0.5903860926628113,0.5741459727287292,0.5822660326957703
56,supervised,gradcam,predicted,backbone.layer4,4,4,4,0.2233821004629135,0.5210168361663818,0.3721994683146477
57,supervised,gradcam,predicted,backbone.layer4,4,4,4,0.28364866971969604,0.5198801159858704,0.4017643928527832
58,supervised,gradcam,predicted,backbone.layer4,4,4,4,0.21745990216732025,0.5048530697822571,0.36115648597478867
59,supervised,gradcam,predicted,backbone.layer4,4,4,4,-0.08882050216197968,0.5109744668006897,0.211076982319355
60,supervised,gradcam,predicted,backbone.layer4,4,4,4,-0.09024733304977417,0.4744727313518524,0.19211269915103912
61,supervised,gradcam,predicted,backbone.layer4,4,10,10,0.7876259088516235,0.5264286994934082,0.6570273041725159
62,supervised,gradcam,predicted,backbone.layer4,4,4,4,0.5347003936767578,0.5567228198051453,0.5457116067409515
63,supervised,gradcam,predicted,backbone.layer4,4,4,4,0.16774997115135193,0.5924602746963501,0.380105122923851
64,supervised,gradcam,predicted,backbone.layer1,4,4,4,-0.012421919032931328,0.0007086631376296282,-0.00585662794765085
65,supervised,gradcam,predicted,backbone.layer1,4,14,14,-0.24841521680355072,0.381086140871048,0.06633546203374863
66,supervised,gradcam,predicted,backbone.layer1,4,4,4,-0.030667684972286224,0.20108258724212646,0.08520745113492012
67,supervised,gradcam,predicted,backbone.layer1,4,4,4,0.6754379868507385,0.3865223526954651,0.5309801697731018
68,supervised,gradcam,predicted,backbone.layer1,4,4,4,0.25855836272239685,0.3693809509277344,0.3139696568250656
69,supervised,gradcam,predicted,backbone.layer1,4,4,4,0.54674232006073,0.41941896080970764,0.4830806404352188
70,supervised,gradcam,predicted,backbone.layer1,5,5,5,0.08363636583089828,0.0806846022605896,0.08216048404574394
71,supervised,gradcam,predicted,backbone.layer1,5,5,5,-0.027062762528657913,0.02353641204535961,-0.0017631752416491508
72,supervised,gradcam,predicted,backbone.layer1,5,5,5,0.14407594501972198,0.44821709394454956,0.2961465194821358
73,supervised,gradcam,predicted,backbone.layer1,5,5,5,-0.07090690732002258,0.24710895121097565,0.08810102194547653
74,supervised,gradcam,predicted,backbone.layer1,5,5,5,0.02050395868718624,0.02770319953560829,0.024103579111397266
75,supervised,gradcam,predicted,backbone.layer1,5,5,5,0.3435440957546234,0.21781371533870697,0.2806789055466652
76,supervised,gradcam,predicted,backbone.layer1,5,5,5,-0.013282460160553455,0.35753268003463745,0.172125109937042
77,supervised,gradcam,predicted,backbone.layer1,5,5,5,0.1806810349225998,0.5486128330230713,0.36464693397283554
78,supervised,gradcam,predicted,backbone.layer1,5,5,5,0.09142608195543289,0.48410263657569885,0.28776435926556587
79,supervised,gradcam,predicted,backbone.layer1,5,5,5,0.1650306135416031,0.15257441997528076,0.15880251675844193
80,supervised,gradcam,predicted,backbone.layer1,5,5,5,-0.03479559347033501,0.4215729236602783,0.19338866509497166
81,supervised,gradcam,predicted,backbone.layer1,5,5,5,0.25783246755599976,0.07212267816066742,0.1649775728583336
82,supervised,gradcam,predicted,backbone.layer1,5,10,10,0.14329726994037628,0.029781343415379524,0.0865393066778779
83,supervised,gradcam,predicted,backbone.layer1,5,5,5,0.024219868704676628,0.43630629777908325,0.23026308324187994
84,supervised,gradcam,predicted,backbone.layer1,5,5,5,0.12868432700634003,0.35384395718574524,0.24126414209604263
85,supervised,gradcam,predicted,backbone.layer1,6,28,28,0.2711370289325714,0.06191570311784744,0.16652636602520943
86,supervised,gradcam,predicted,backbone.layer1,6,6,6,0.1814882606267929,0.11242396384477615,0.14695611223578453
87,supervised,gradcam,predicted,backbone.layer1,6,6,6,0.0,0.0,0.0
88,supervised,gradcam,predicted,backbone.layer1,6,6,6,0.042536597698926926,0.001941406517289579,0.022239002108108252
89,supervised,gradcam,predicted,backbone.layer1,6,6,6,0.30784064531326294,0.19909046590328217,0.25346555560827255
90,supervised,gradcam,predicted,backbone.layer1,6,6,6,-0.0071581401862204075,0.3848147988319397,0.18882832932285964
91,supervised,gradcam,predicted,backbone.layer1,6,6,6,0.40417101979255676,0.504275381565094,0.4542232006788254
92,supervised,gradcam,predicted,backbone.layer1,6,6,6,0.2719894349575043,0.08804922550916672,0.1800193302333355
93,supervised,gradcam,predicted,backbone.layer1,6,14,14,0.17263661324977875,0.4360901713371277,0.3043633922934532
94,supervised,gradcam,predicted,backbone.layer1,6,6,6,0.00397848803550005,0.028256971389055252,0.01611772971227765
95,supervised,gradcam,predicted,backbone.layer1,6,6,6,0.16328786313533783,0.45287415385246277,0.3080810084939003
64,supervised,gradcam,predicted,backbone.layer2,4,4,4,0.18338744342327118,0.35156381130218506,0.2674756273627281
65,supervised,gradcam,predicted,backbone.layer2,4,14,14,-0.404746413230896,0.2987011671066284,-0.05302262306213379
66,supervised,gradcam,predicted,backbone.layer2,4,4,4,-0.2240741103887558,0.10178535431623459,-0.061144378036260605
67,supervised,gradcam,predicted,backbone.layer2,4,4,4,0.629382312297821,0.3379272520542145,0.48365478217601776
68,supervised,gradcam,predicted,backbone.layer2,4,4,4,0.2348158061504364,0.33361464738845825,0.2842152267694473
69,supervised,gradcam,predicted,backbone.layer2,4,4,4,0.037346772849559784,0.24547307193279266,0.14140992239117622
70,supervised,gradcam,predicted,backbone.layer2,5,5,5,-0.07274625450372696,0.3530171513557434,0.14013544842600822
71,supervised,gradcam,predicted,backbone.layer2,5,5,5,-0.17843547463417053,0.33097589015960693,0.0762702077627182
72,supervised,gradcam,predicted,backbone.layer2,5,5,5,-0.025442223995923996,0.5305959582328796,0.2525768671184778
73,supervised,gradcam,predicted,backbone.layer2,5,5,5,-0.25411921739578247,0.3373315632343292,0.041606172919273376
74,supervised,gradcam,predicted,backbone.layer2,5,5,5,-0.10043191909790039,0.3626655340194702,0.1311168074607849
75,supervised,gradcam,predicted,backbone.layer2,5,5,5,0.5976428985595703,0.3452337682247162,0.47143833339214325
76,supervised,gradcam,predicted,backbone.layer2,5,5,5,-0.07701633870601654,0.518889307975769,0.22093648463487625
77,supervised,gradcam,predicted,backbone.layer2,5,5,5,-0.07542324811220169,0.30612194538116455,0.11534934863448143
78,supervised,gradcam,predicted,backbone.layer2,5,5,5,-0.18717066943645477,0.41093358397483826,0.11188145726919174
79,supervised,gradcam,predicted,backbone.layer2,5,5,5,-0.1878349781036377,0.29478633403778076,0.05347567796707153
80,supervised,gradcam,predicted,backbone.layer2,5,5,5,-0.28183698654174805,0.434621125459671,0.07639206945896149
81,supervised,gradcam,predicted,backbone.layer2,5,5,5,-0.10443536192178726,0.34400513768196106,0.1197848878800869
82,supervised,gradcam,predicted,backbone.layer2,5,10,10,-0.2811187505722046,0.3299643397331238,0.024422794580459595
83,supervised,gradcam,predicted,backbone.layer2,5,5,5,0.06845033168792725,0.37236592173576355,0.2204081267118454
84,supervised,gradcam,predicted,backbone.layer2,5,5,5,-0.004534549079835415,0.42689353227615356,0.21117949159815907
85,supervised,gradcam,predicted,backbone.layer2,6,28,28,0.07770539075136185,0.34633922576904297,0.2120223082602024
86,supervised,gradcam,predicted,backbone.layer2,6,6,6,0.07961200922727585,0.41763198375701904,0.24862199649214745
87,supervised,gradcam,predicted,backbone.layer2,6,6,6,0.5675167441368103,0.34232890605926514,0.4549228250980377
88,supervised,gradcam,predicted,backbone.layer2,6,6,6,0.07939472794532776,0.33435508608818054,0.20687490701675415
89,supervised,gradcam,predicted,backbone.layer2,6,6,6,0.08665650337934494,0.39172062277793884,0.2391885630786419
90,supervised,gradcam,predicted,backbone.layer2,6,6,6,0.2937426269054413,0.3985113501548767,0.346126988530159
91,supervised,gradcam,predicted,backbone.layer2,6,6,6,-0.012506211176514626,0.4129837155342102,0.2002387521788478
92,supervised,gradcam,predicted,backbone.layer2,6,6,6,0.009958767332136631,0.43735432624816895,0.2236565467901528
93,supervised,gradcam,predicted,backbone.layer2,6,14,14,-0.22406567633152008,0.2937900424003601,0.03486218303442001
94,supervised,gradcam,predicted,backbone.layer2,6,6,6,0.3439859449863434,0.4101089835166931,0.37704746425151825
95,supervised,gradcam,predicted,backbone.layer2,6,6,6,0.07924636453390121,0.30779990553855896,0.1935231350362301
64,supervised,gradcam,predicted,backbone.layer3,4,4,4,0.15423992276191711,0.22315408289432526,0.18869700282812119
65,supervised,gradcam,predicted,backbone.layer3,4,14,14,0.18106424808502197,0.4030146300792694,0.2920394390821457
66,supervised,gradcam,predicted,backbone.layer3,4,4,4,-0.03471037745475769,0.15162427723407745,0.05845694988965988
67,supervised,gradcam,predicted,backbone.layer3,4,4,4,0.4924357533454895,0.34083953499794006,0.4166376441717148
68,supervised,gradcam,predicted,backbone.layer3,4,4,4,0.18048273026943207,0.24700412154197693,0.2137434259057045
69,supervised,gradcam,predicted,backbone.layer3,4,4,4,0.18307217955589294,0.22179540991783142,0.20243379473686218
70,supervised,gradcam,predicted,backbone.layer3,5,5,5,-0.14801083505153656,0.2486608624458313,0.05032501369714737
71,supervised,gradcam,predicted,backbone.layer3,5,5,5,0.16990281641483307,0.2069498598575592,0.18842633813619614
72,supervised,gradcam,predicted,backbone.layer3,5,5,5,0.25529593229293823,0.43937140703201294,0.3473336696624756
73,supervised,gradcam,predicted,backbone.layer3,5,5,5,0.07075057178735733,0.3019770681858063,0.1863638199865818
74,supervised,gradcam,predicted,backbone.layer3,5,5,5,0.10303350538015366,0.41559919714927673,0.2593163512647152
75,supervised,gradcam,predicted,backbone.layer3,5,5,5,0.13411937654018402,0.30530422925949097,0.2197118028998375
76,supervised,gradcam,predicted,backbone.layer3,5,5,5,-0.10976380109786987,0.21065643429756165,0.050446316599845886
77,supervised,gradcam,predicted,backbone.layer3,5,5,5,-0.03154907748103142,0.3334469795227051,0.15094895102083683
78,supervised,gradcam,predicted,backbone.layer3,5,5,5,0.5485823154449463,0.29850006103515625,0.42354118824005127
79,supervised,gradcam,predicted,backbone.layer3,5,5,5,0.39565008878707886,0.4821077287197113,0.4388789087533951
80,supervised,gradcam,predicted,backbone.layer3,5,5,5,0.1806536614894867,0.3470706045627594,0.26386213302612305
81,supervised,gradcam,predicted,backbone.layer3,5,5,5,0.06455311179161072,0.3541750907897949,0.20936410129070282
82,supervised,gradcam,predicted,backbone.layer3,5,10,10,-0.180568665266037,0.32080528140068054,0.07011830806732178
83,supervised,gradcam,predicted,backbone.layer3,5,5,5,0.20536580681800842,0.3411117196083069,0.27323876321315765
84,supervised,gradcam,predicted,backbone.layer3,5,5,5,0.12903736531734467,0.4674941897392273,0.298265777528286
85,supervised,gradcam,predicted,backbone.layer3,6,28,28,-0.026541700586676598,0.45664915442466736,0.21505372691899538
86,supervised,gradcam,predicted,backbone.layer3,6,6,6,-0.23682115972042084,0.06773293018341064,-0.0845441147685051
87,supervised,gradcam,predicted,backbone.layer3,6,6,6,0.21675144135951996,0.12278863787651062,0.1697700396180153
88,supervised,gradcam,predicted,backbone.layer3,6,6,6,0.26009389758110046,0.3125239908695221,0.2863089442253113
89,supervised,gradcam,predicted,backbone.layer3,6,6,6,-0.09193165600299835,0.22522981464862823,0.06664907932281494
90,supervised,gradcam,predicted,backbone.layer3,6,6,6,-0.27704131603240967,0.18323048949241638,-0.04690541326999664
91,supervised,gradcam,predicted,backbone.layer3,6,6,6,-0.25520405173301697,0.2714320719242096,0.008114010095596313
92,supervised,gradcam,predicted,backbone.layer3,6,6,6,0.19339187443256378,0.2846510410308838,0.23902145773172379
93,supervised,gradcam,predicted,backbone.layer3,6,14,14,0.07700329273939133,0.46153533458709717,0.26926931366324425
94,supervised,gradcam,predicted,backbone.layer3,6,6,6,-0.07576034218072891,0.10796116292476654,0.016100410372018814
95,supervised,gradcam,predicted,backbone.layer3,6,6,6,0.23584528267383575,0.34956663846969604,0.2927059605717659
64,supervised,gradcam,predicted,backbone.layer4,4,4,4,0.5244852304458618,0.5458908081054688,0.5351880192756653
65,supervised,gradcam,predicted,backbone.layer4,4,14,14,0.35678887367248535,0.5566343665122986,0.45671162009239197
66,supervised,gradcam,predicted,backbone.layer4,4,4,4,0.45296287536621094,0.5411562323570251,0.49705955386161804
67,supervised,gradcam,predicted,backbone.layer4,4,4,4,0.3830428421497345,0.5105711817741394,0.44680701196193695
68,supervised,gradcam,predicted,backbone.layer4,4,4,4,-0.08749950677156448,0.5460115671157837,0.2292560301721096
69,supervised,gradcam,predicted,backbone.layer4,4,4,4,0.6131042838096619,0.547396719455719,0.5802505016326904
70,supervised,gradcam,predicted,backbone.layer4,5,5,5,0.07521409541368484,0.5510547757148743,0.31313443556427956
71,supervised,gradcam,predicted,backbone.layer4,5,5,5,0.4571707546710968,0.5736910104751587,0.5154308825731277
72,supervised,gradcam,predicted,backbone.layer4,5,5,5,0.5037242770195007,0.516331136226654,0.5100277066230774
73,supervised,gradcam,predicted,backbone.layer4,5,5,5,0.3685249090194702,0.5021790862083435,0.43535199761390686
74,supervised,gradcam,predicted,backbone.layer4,5,5,5,-0.07039784640073776,0.5381250977516174,0.23386362567543983
75,supervised,gradcam,predicted,backbone.layer4,5,5,5,0.11698183417320251,0.5068773627281189,0.3119295984506607
76,supervised,gradcam,predicted,backbone.layer4,5,5,5,0.6264083385467529,0.5701830983161926,0.5982957184314728
77,supervised,gradcam,predicted,backbone.layer4,5,5,5,0.4207178056240082,0.4588901698589325,0.43980398774147034
78,supervised,gradcam,predicted,backbone.layer4,5,5,5,0.4669229984283447,0.5155109763145447,0.4912169873714447
79,supervised,gradcam,predicted,backbone.layer4,5,5,5,0.44770488142967224,0.5429770350456238,0.495340958237648
80,supervised,gradcam,predicted,backbone.layer4,5,5,5,0.5179582834243774,0.5150114297866821,0.5164848566055298
81,supervised,gradcam,predicted,backbone.layer4,5,5,5,0.3775250017642975,0.48931050300598145,0.43341775238513947
82,supervised,gradcam,predicted,backbone.layer4,5,10,10,-0.011702820658683777,0.487591952085495,0.2379445657134056
83,supervised,gradcam,predicted,backbone.layer4,5,5,5,0.6888079047203064,0.5589105486869812,0.6238592267036438
84,supervised,gradcam,predicted,backbone.layer4,5,5,5,0.40866389870643616,0.5487606525421143,0.4787122756242752
85,supervised,gradcam,predicted,backbone.layer4,6,28,28,-0.028114568442106247,0.48577940464019775,0.22883241809904575
86,supervised,gradcam,predicted,backbone.layer4,6,6,6,0.28912338614463806,0.547693133354187,0.41840825974941254
87,supervised,gradcam,predicted,backbone.layer4,6,6,6,0.6770783066749573,0.5545040369033813,0.6157911717891693
88,supervised,gradcam,predicted,backbone.layer4,6,6,6,0.42533767223358154,0.5189769864082336,0.4721573293209076
89,supervised,gradcam,predicted,backbone.layer4,6,6,6,0.1774076223373413,0.5205299258232117,0.3489687740802765
90,supervised,gradcam,predicted,backbone.layer4,6,6,6,0.34729254245758057,0.5408946871757507,0.44409361481666565
91,supervised,gradcam,predicted,backbone.layer4,6,6,6,0.27672716975212097,0.550879716873169,0.41380344331264496
92,supervised,gradcam,predicted,backbone.layer4,6,6,6,0.06430727988481522,0.44781213998794556,0.2560597099363804
93,supervised,gradcam,predicted,backbone.layer4,6,14,14,0.11458957940340042,0.5019280314445496,0.308258805423975
94,supervised,gradcam,predicted,backbone.layer4,6,6,6,0.5819399952888489,0.6326712965965271,0.607305645942688
95,supervised,gradcam,predicted,backbone.layer4,6,6,6,0.2946779131889343,0.5235621929168701,0.4091200530529022
96,supervised,gradcam,predicted,backbone.layer1,6,6,6,0.14414328336715698,0.04420863091945648,0.09417595714330673
97,supervised,gradcam,predicted,backbone.layer1,6,6,6,0.11548688262701035,0.036576010286808014,0.07603144645690918
98,supervised,gradcam,predicted,backbone.layer1,6,6,6,0.1610693484544754,0.2531156837940216,0.2070925161242485
99,supervised,gradcam,predicted,backbone.layer1,6,6,6,0.2752196788787842,0.3629548251628876,0.3190872520208359
100,supervised,gradcam,predicted,backbone.layer1,7,17,17,0.13562734425067902,0.0806451290845871,0.10813623666763306
101,supervised,gradcam,predicted,backbone.layer1,7,7,7,0.5100962519645691,0.44713693857192993,0.4786165952682495
102,supervised,gradcam,predicted,backbone.layer1,7,7,7,0.34743183851242065,0.14324995875358582,0.24534089863300323
103,supervised,gradcam,predicted,backbone.layer1,7,7,7,0.0,0.0,0.0
104,supervised,gradcam,predicted,backbone.layer1,7,7,7,0.08758292347192764,0.013112080283463001,0.05034750187769532
105,supervised,gradcam,predicted,backbone.layer1,7,7,7,0.07640732824802399,0.262384295463562,0.169395811855793
106,supervised,gradcam,predicted,backbone.layer1,7,7,7,-0.06095978245139122,0.26338499784469604,0.10121260769665241
107,supervised,gradcam,predicted,backbone.layer1,7,7,7,-0.09486237913370132,0.02366214618086815,-0.03560011647641659
108,supervised,gradcam,predicted,backbone.layer1,7,7,7,0.5054510831832886,0.578533411026001,0.5419922471046448
109,supervised,gradcam,predicted,backbone.layer1,7,7,7,0.280964732170105,0.4910733997821808,0.3860190659761429
110,supervised,gradcam,predicted,backbone.layer1,7,7,7,0.5090135335922241,0.21011415123939514,0.35956384241580963
111,supervised,gradcam,predicted,backbone.layer1,7,7,7,-0.2198534607887268,0.3796604871749878,0.0799035131931305
112,supervised,gradcam,predicted,backbone.layer1,7,7,7,-0.01795961894094944,0.036664657294750214,0.009352519176900387
113,supervised,gradcam,predicted,backbone.layer1,8,8,8,0.2589344382286072,0.22213652729988098,0.24053548276424408
114,supervised,gradcam,predicted,backbone.layer1,8,8,8,0.19774159789085388,0.40332022309303284,0.30053091049194336
115,supervised,gradcam,predicted,backbone.layer1,8,8,8,-0.04599279537796974,0.5118566155433655,0.23293191008269787
116,supervised,gradcam,predicted,backbone.layer1,8,8,8,0.3024105131626129,0.5381145477294922,0.42026253044605255
117,supervised,gradcam,predicted,backbone.layer1,8,8,8,0.3624819815158844,0.4924423396587372,0.4274621605873108
118,supervised,gradcam,predicted,backbone.layer1,8,8,8,0.19152168929576874,0.5642535090446472,0.377887599170208
119,supervised,gradcam,predicted,backbone.layer1,8,8,8,0.2119336575269699,0.4623055160045624,0.33711958676576614
120,supervised,gradcam,predicted,backbone.layer1,8,8,8,-0.4983691871166229,0.274944007396698,-0.11171258985996246
121,supervised,gradcam,predicted,backbone.layer1,8,8,8,-0.07595757395029068,0.3585686981678009,0.1413055621087551
122,supervised,gradcam,predicted,backbone.layer1,8,3,3,0.1566167175769806,0.3829026520252228,0.2697596848011017
123,supervised,gradcam,predicted,backbone.layer1,8,8,8,0.6390285491943359,0.2948046922683716,0.46691662073135376
124,supervised,gradcam,predicted,backbone.layer1,8,8,8,0.06656398624181747,0.5291126370429993,0.29783831164240837
125,supervised,gradcam,predicted,backbone.layer1,8,8,8,0.28729960322380066,0.5140646696090698,0.40068213641643524
126,supervised,gradcam,predicted,backbone.layer1,8,8,8,-0.3137262761592865,0.14138545095920563,-0.08617041260004044
127,supervised,gradcam,predicted,backbone.layer1,8,8,8,-0.026680711656808853,0.34974241256713867,0.1615308504551649
96,supervised,gradcam,predicted,backbone.layer2,6,6,6,-0.1829262375831604,0.2788722515106201,0.04797300696372986
97,supervised,gradcam,predicted,backbone.layer2,6,6,6,0.03847252577543259,0.2540856897830963,0.14627910777926445
98,supervised,gradcam,predicted,backbone.layer2,6,6,6,-0.06829299032688141,0.3290538787841797,0.13038044422864914
99,supervised,gradcam,predicted,backbone.layer2,6,6,6,-0.15274696052074432,0.43239957094192505,0.13982630521059036
100,supervised,gradcam,predicted,backbone.layer2,7,17,17,-0.07623794674873352,0.26151078939437866,0.09263642132282257
101,supervised,gradcam,predicted,backbone.layer2,7,7,7,0.06504470109939575,0.2953672707080841,0.18020598590373993
102,supervised,gradcam,predicted,backbone.layer2,7,7,7,-0.052474092692136765,0.37427690625190735,0.1609014067798853
103,supervised,gradcam,predicted,backbone.layer2,7,7,7,0.13479012250900269,0.21450869739055634,0.1746494099497795
104,supervised,gradcam,predicted,backbone.layer2,7,7,7,-0.18757760524749756,0.29960232973098755,0.056012362241744995
105,supervised,gradcam,predicted,backbone.layer2,7,7,7,0.20029780268669128,0.30938413739204407,0.2548409700393677
106,supervised,gradcam,predicted,backbone.layer2,7,7,7,-0.14857184886932373,0.3522207736968994,0.10182446241378784
107,supervised,gradcam,predicted,backbone.layer2,7,7,7,-0.05532673001289368,0.3593076765537262,0.15199047327041626
108,supervised,gradcam,predicted,backbone.layer2,7,7,7,-0.06745157390832901,0.3919115960597992,0.1622300110757351
109,supervised,gradcam,predicted,backbone.layer2,7,7,7,-0.007104157004505396,0.34844228625297546,0.17066906462423503
110,supervised,gradcam,predicted,backbone.layer2,7,7,7,0.6226324439048767,0.27953973412513733,0.451086089015007
111,supervised,gradcam,predicted,backbone.layer2,7,7,7,-0.05115339532494545,0.4646250307559967,0.20673581771552563
112,supervised,gradcam,predicted,backbone.layer2,7,7,7,-0.161773681640625,0.35804039239883423,0.09813335537910461
113,supervised,gradcam,predicted,backbone.layer2,8,8,8,0.6251935958862305,0.10870575904846191,0.3669496774673462
114,supervised,gradcam,predicted,backbone.layer2,8,8,8,-0.0212420467287302,0.18066126108169556,0.07970960717648268
115,supervised,gradcam,predicted,backbone.layer2,8,8,8,0.1941630244255066,0.1355421543121338,0.1648525893688202
116,supervised,gradcam,predicted,backbone.layer2,8,8,8,0.32194384932518005,0.4972212314605713,0.40958254039287567
117,supervised,gradcam,predicted,backbone.layer2,8,8,8,0.2942337989807129,0.12977713346481323,0.21200546622276306
118,supervised,gradcam,predicted,backbone.layer2,8,8,8,0.2181423008441925,0.3082917630672455,0.263217031955719
119,supervised,gradcam,predicted,backbone.layer2,8,8,8,0.2974027097225189,0.33880487084388733,0.3181037902832031
120,supervised,gradcam,predicted,backbone.layer2,8,8,8,0.14787998795509338,0.36354273557662964,0.2557113617658615
121,supervised,gradcam,predicted,backbone.layer2,8,8,8,-0.07688851654529572,0.4561983048915863,0.1896548941731453
122,supervised,gradcam,predicted,backbone.layer2,8,3,3,0.10889970511198044,0.26663732528686523,0.18776851519942284
123,supervised,gradcam,predicted,backbone.layer2,8,8,8,0.7273979187011719,0.3594294786453247,0.5434136986732483
124,supervised,gradcam,predicted,backbone.layer2,8,8,8,0.41458842158317566,0.3141596019268036,0.3643740117549896
125,supervised,gradcam,predicted,backbone.layer2,8,8,8,0.2234725058078766,0.4086093008518219,0.31604090332984924
126,supervised,gradcam,predicted,backbone.layer2,8,8,8,0.1446632593870163,0.4477430284023285,0.2962031438946724
127,supervised,gradcam,predicted,backbone.layer2,8,8,8,0.413388729095459,0.38864871859550476,0.4010187238454819
96,supervised,gradcam,predicted,backbone.layer3,6,6,6,0.31853142380714417,0.3497583270072937,0.33414487540721893
97,supervised,gradcam,predicted,backbone.layer3,6,6,6,-0.09448586404323578,0.1846458911895752,0.04508001357316971
98,supervised,gradcam,predicted,backbone.layer3,6,6,6,0.22760775685310364,0.3441222906112671,0.28586502373218536
99,supervised,gradcam,predicted,backbone.layer3,6,6,6,0.35687097907066345,0.42526841163635254,0.391069695353508
100,supervised,gradcam,predicted,backbone.layer3,7,17,17,0.26961231231689453,0.3063606917858124,0.28798650205135345
101,supervised,gradcam,predicted,backbone.layer3,7,7,7,0.48686403036117554,0.44546595215797424,0.4661649912595749
102,supervised,gradcam,predicted,backbone.layer3,7,7,7,0.05657629668712616,0.28138598799705505,0.1689811423420906
103,supervised,gradcam,predicted,backbone.layer3,7,7,7,0.3767901659011841,0.33106642961502075,0.3539282977581024
104,supervised,gradcam,predicted,backbone.layer3,7,7,7,-0.2466326504945755,0.13963906466960907,-0.053496792912483215
105,supervised,gradcam,predicted,backbone.layer3,7,7,7,0.16028444468975067,0.32442334294319153,0.2423538938164711
106,supervised,gradcam,predicted,backbone.layer3,7,7,7,-0.27218639850616455,0.4184165894985199,0.07311509549617767
107,supervised,gradcam,predicted,backbone.layer3,7,7,7,-0.13294824957847595,0.25841304659843445,0.06273239850997925
108,supervised,gradcam,predicted,backbone.layer3,7,7,7,0.6700285077095032,0.4437487721443176,0.5568886399269104
109,supervised,gradcam,predicted,backbone.layer3,7,7,7,0.4504355490207672,0.40040329098701477,0.425419420003891
110,supervised,gradcam,predicted,backbone.layer3,7,7,7,0.5197087526321411,0.1610943078994751,0.3404015302658081
111,supervised,gradcam,predicted,backbone.layer3,7,7,7,-0.09004299342632294,0.30205070972442627,0.10600385814905167
112,supervised,gradcam,predicted,backbone.layer3,7,7,7,0.0881834477186203,0.2894580066204071,0.1888207271695137
113,supervised,gradcam,predicted,backbone.layer3,8,8,8,0.49611854553222656,0.3224601447582245,0.4092893451452255
114,supervised,gradcam,predicted,backbone.layer3,8,8,8,0.12495292723178864,0.2181694358587265,0.17156118154525757
115,supervised,gradcam,predicted,backbone.layer3,8,8,8,0.4062296450138092,0.3990454375743866,0.4026375412940979
116,supervised,gradcam,predicted,backbone.layer3,8,8,8,-0.00807336624711752,0.28733891248703003,0.13963277311995625
117,supervised,gradcam,predicted,backbone.layer3,8,8,8,-0.057448435574769974,0.21931718289852142,0.08093437366187572
118,supervised,gradcam,predicted,backbone.layer3,8,8,8,0.017085697501897812,0.36352935433387756,0.1903075259178877
119,supervised,gradcam,predicted,backbone.layer3,8,8,8,0.5147745013237,0.3140958547592163,0.41443517804145813
120,supervised,gradcam,predicted,backbone.layer3,8,8,8,0.39008769392967224,0.2958475351333618,0.34296761453151703
121,supervised,gradcam,predicted,backbone.layer3,8,8,8,0.005231615621596575,0.24179311096668243,0.1235123632941395
122,supervised,gradcam,predicted,backbone.layer3,8,3,3,-0.14207732677459717,0.1172783151268959,-0.012399505823850632
123,supervised,gradcam,predicted,backbone.layer3,8,8,8,0.6212056279182434,0.23261035978794098,0.4269079938530922
124,supervised,gradcam,predicted,backbone.layer3,8,8,8,0.03847026079893112,0.3144790530204773,0.1764746569097042
125,supervised,gradcam,predicted,backbone.layer3,8,8,8,0.14007113873958588,0.2628985643386841,0.20148485153913498
126,supervised,gradcam,predicted,backbone.layer3,8,8,8,0.2175215482711792,0.2983296811580658,0.2579256147146225
127,supervised,gradcam,predicted,backbone.layer3,8,8,8,0.13260667026042938,0.31244218349456787,0.22252442687749863
96,supervised,gradcam,predicted,backbone.layer4,6,6,6,0.32525527477264404,0.5273579359054565,0.4263066053390503
97,supervised,gradcam,predicted,backbone.layer4,6,6,6,0.34421247243881226,0.5239148736000061,0.4340636730194092
98,supervised,gradcam,predicted,backbone.layer4,6,6,6,-0.03667020425200462,0.5454270839691162,0.2543784398585558
99,supervised,gradcam,predicted,backbone.layer4,6,6,6,0.32501718401908875,0.5623855590820312,0.44370137155056
100,supervised,gradcam,predicted,backbone.layer4,7,17,17,0.26264920830726624,0.6242446303367615,0.44344691932201385
101,supervised,gradcam,predicted,backbone.layer4,7,7,7,0.28646162152290344,0.5476668477058411,0.41706423461437225
102,supervised,gradcam,predicted,backbone.layer4,7,7,7,-0.2634522616863251,0.45663580298423767,0.0965917706489563
103,supervised,gradcam,predicted,backbone.layer4,7,7,7,0.09653061628341675,0.5139986872673035,0.3052646517753601
104,supervised,gradcam,predicted,backbone.layer4,7,7,7,0.41951534152030945,0.5364243388175964,0.47796984016895294
105,supervised,gradcam,predicted,backbone.layer4,7,7,7,0.2211052030324936,0.516846239566803,0.3689757212996483
106,supervised,gradcam,predicted,backbone.layer4,7,7,7,0.3371402621269226,0.5365819931030273,0.436861127614975
107,supervised,gradcam,predicted,backbone.layer4,7,7,7,-0.10642746835947037,0.5303992033004761,0.21198586747050285
108,supervised,gradcam,predicted,backbone.layer4,7,7,7,0.4968529939651489,0.5901767015457153,0.5435148477554321
109,supervised,gradcam,predicted,backbone.layer4,7,7,7,-0.0711393654346466,0.4289344847202301,0.17889755964279175
110,supervised,gradcam,predicted,backbone.layer4,7,7,7,0.2586219906806946,0.5485386848449707,0.40358033776283264
111,supervised,gradcam,predicted,backbone.layer4,7,7,7,0.4847877025604248,0.540549635887146,0.5126686692237854
112,supervised,gradcam,predicted,backbone.layer4,7,7,7,0.4158302843570709,0.543666422367096,0.47974835336208344
113,supervised,gradcam,predicted,backbone.layer4,8,8,8,0.689513087272644,0.5347211360931396,0.6121171116828918
114,supervised,gradcam,predicted,backbone.layer4,8,8,8,0.5335954427719116,0.5802261829376221,0.5569108128547668
115,supervised,gradcam,predicted,backbone.layer4,8,8,8,0.6082584261894226,0.5068255662918091,0.5575419962406158
116,supervised,gradcam,predicted,backbone.layer4,8,8,8,0.12438271939754486,0.5478891730308533,0.33613594621419907
117,supervised,gradcam,predicted,backbone.layer4,8,8,8,0.5713971257209778,0.557385265827179,0.5643911957740784
118,supervised,gradcam,predicted,backbone.layer4,8,8,8,0.6465556621551514,0.5696782469749451,0.6081169545650482
119,supervised,gradcam,predicted,backbone.layer4,8,8,8,0.5150073170661926,0.5314374566078186,0.5232223868370056
120,supervised,gradcam,predicted,backbone.layer4,8,8,8,0.588599443435669,0.5260708928108215,0.5573351681232452
121,supervised,gradcam,predicted,backbone.layer4,8,8,8,0.6480220556259155,0.5613516569137573,0.6046868562698364
122,supervised,gradcam,predicted,backbone.layer4,8,3,3,0.3095020651817322,0.5315127968788147,0.42050743103027344
123,supervised,gradcam,predicted,backbone.layer4,8,8,8,0.5740218758583069,0.5685535073280334,0.5712876915931702
124,supervised,gradcam,predicted,backbone.layer4,8,8,8,0.6982132196426392,0.5314854979515076,0.6148493587970734
125,supervised,gradcam,predicted,backbone.layer4,8,8,8,0.585350513458252,0.5589180588722229,0.5721342861652374
126,supervised,gradcam,predicted,backbone.layer4,8,8,8,0.5979011058807373,0.5259097814559937,0.5619054436683655
127,supervised,gradcam,predicted,backbone.layer4,8,8,8,0.5114543437957764,0.5245691537857056,0.518011748790741
128,supervised,gradcam,predicted,backbone.layer1,8,8,8,0.38819777965545654,0.6253706812858582,0.5067842304706573
129,supervised,gradcam,predicted,backbone.layer1,8,8,8,0.1153179183602333,0.5707793831825256,0.34304865077137947
130,supervised,gradcam,predicted,backbone.layer1,8,9,9,-0.040154796093702316,0.23400479555130005,0.09692499972879887
131,supervised,gradcam,predicted,backbone.layer1,9,9,9,0.15683500468730927,0.01221988070756197,0.08452744269743562
132,supervised,gradcam,predicted,backbone.layer1,9,9,9,-0.03668174892663956,0.24052584171295166,0.10192204639315605
133,supervised,gradcam,predicted,backbone.layer1,9,9,9,-0.19865038990974426,0.36680227518081665,0.0840759426355362
134,supervised,gradcam,predicted,backbone.layer1,9,9,9,-0.02204420045018196,0.3147163987159729,0.14633609913289547
135,supervised,gradcam,predicted,backbone.layer1,9,9,9,0.011029659770429134,0.36673998832702637,0.18888482404872775
136,supervised,gradcam,predicted,backbone.layer1,9,9,9,0.08909623324871063,0.40817850828170776,0.2486373707652092
137,supervised,gradcam,predicted,backbone.layer1,9,9,9,0.14812837541103363,0.1655251532793045,0.15682676434516907
138,supervised,gradcam,predicted,backbone.layer1,9,9,9,0.2697563171386719,0.3711162209510803,0.3204362690448761
139,supervised,gradcam,predicted,backbone.layer1,9,9,9,-0.1145775094628334,0.3523526191711426,0.11888755485415459
140,supervised,gradcam,predicted,backbone.layer1,9,9,9,-0.022672265768051147,0.19446000456809998,0.08589386940002441
141,supervised,gradcam,predicted,backbone.layer1,9,9,9,0.09009413421154022,0.46290719509124756,0.2765006646513939
142,supervised,gradcam,predicted,backbone.layer1,9,9,9,0.5382556915283203,0.5366026163101196,0.53742915391922
143,supervised,gradcam,predicted,backbone.layer1,9,9,9,0.2562134563922882,0.2594272494316101,0.25782035291194916
144,supervised,gradcam,predicted,backbone.layer1,9,9,9,-0.01597076840698719,0.500443696975708,0.2422364642843604
145,supervised,gradcam,predicted,backbone.layer1,9,9,9,0.12126487493515015,0.3765273690223694,0.24889612197875977
146,supervised,gradcam,predicted,backbone.layer1,9,0,0,0.06889981031417847,0.022287076339125633,0.04559344332665205
147,supervised,gradcam,predicted,backbone.layer1,10,10,10,0.06492774188518524,0.45799553394317627,0.26146163791418076
148,supervised,gradcam,predicted,backbone.layer1,10,10,10,0.48652383685112,0.28300464153289795,0.38476423919200897
149,supervised,gradcam,predicted,backbone.layer1,10,10,10,0.22027002274990082,0.4102861285209656,0.3152780756354332
150,supervised,gradcam,predicted,backbone.layer1,10,10,10,0.10874659568071365,0.3850657641887665,0.24690617993474007
151,supervised,gradcam,predicted,backbone.layer1,10,10,10,0.1217503696680069,0.1294998675584793,0.1256251186132431
152,supervised,gradcam,predicted,backbone.layer1,10,10,10,-0.17545296251773834,0.46280819177627563,0.14367761462926865
153,supervised,gradcam,predicted,backbone.layer1,10,12,12,0.016153736039996147,0.17721068859100342,0.09668221231549978
154,supervised,gradcam,predicted,backbone.layer1,10,10,10,0.37596794962882996,0.28279393911361694,0.32938094437122345
155,supervised,gradcam,predicted,backbone.layer1,10,10,10,0.08721106499433517,0.4609047472476959,0.27405790612101555
156,supervised,gradcam,predicted,backbone.layer1,10,10,10,0.03603129833936691,0.32822558283805847,0.1821284405887127
157,supervised,gradcam,predicted,backbone.layer1,10,11,11,0.48183685541152954,0.4441991150379181,0.4630179852247238
158,supervised,gradcam,predicted,backbone.layer1,10,10,10,0.05266653001308441,0.3093723654747009,0.18101944774389267
159,supervised,gradcam,predicted,backbone.layer1,10,10,10,0.15715144574642181,0.09351886808872223,0.12533515691757202
128,supervised,gradcam,predicted,backbone.layer2,8,8,8,0.2176896631717682,0.41056081652641296,0.3141252398490906
129,supervised,gradcam,predicted,backbone.layer2,8,8,8,0.7071955800056458,0.5819686651229858,0.6445821225643158
130,supervised,gradcam,predicted,backbone.layer2,8,9,9,0.32548192143440247,0.41717034578323364,0.37132613360881805
131,supervised,gradcam,predicted,backbone.layer2,9,9,9,0.12397266179323196,0.28184330463409424,0.2029079832136631
132,supervised,gradcam,predicted,backbone.layer2,9,9,9,0.005190083757042885,0.44573482871055603,0.22546245623379946
133,supervised,gradcam,predicted,backbone.layer2,9,9,9,-0.15164150297641754,0.15915799140930176,0.003758244216442108
134,supervised,gradcam,predicted,backbone.layer2,9,9,9,-0.2676244378089905,0.35932794213294983,0.045851752161979675
135,supervised,gradcam,predicted,backbone.layer2,9,9,9,-0.12931698560714722,0.4297250807285309,0.15020404756069183
136,supervised,gradcam,predicted,backbone.layer2,9,9,9,0.01275400910526514,0.36410096287727356,0.18842748599126935
137,supervised,gradcam,predicted,backbone.layer2,9,9,9,0.08447129279375076,0.3878888785839081,0.23618008568882942
138,supervised,gradcam,predicted,backbone.layer2,9,9,9,0.3773612380027771,0.39664363861083984,0.38700243830680847
139,supervised,gradcam,predicted,backbone.layer2,9,9,9,-0.09306137263774872,0.2999877333641052,0.10346318036317825
140,supervised,gradcam,predicted,backbone.layer2,9,9,9,0.3774930238723755,0.40241068601608276,0.3899518549442291
141,supervised,gradcam,predicted,backbone.layer2,9,9,9,-0.008615660481154919,0.24496802687644958,0.11817618319764733
142,supervised,gradcam,predicted,backbone.layer2,9,9,9,0.34248653054237366,0.4978828728199005,0.4201847016811371
143,supervised,gradcam,predicted,backbone.layer2,9,9,9,-0.17193415760993958,0.3343394696712494,0.08120265603065491
144,supervised,gradcam,predicted,backbone.layer2,9,9,9,0.2202240228652954,0.41556021571159363,0.3178921192884445
145,supervised,gradcam,predicted,backbone.layer2,9,9,9,-0.19607678055763245,0.18859273195266724,-0.003742024302482605
146,supervised,gradcam,predicted,backbone.layer2,9,0,0,0.29188618063926697,0.17981888353824615,0.23585253208875656
147,supervised,gradcam,predicted,backbone.layer2,10,10,10,-0.38423553109169006,0.3509184420108795,-0.016658544540405273
148,supervised,gradcam,predicted,backbone.layer2,10,10,10,0.2251734435558319,0.5607823729515076,0.39297790825366974
149,supervised,gradcam,predicted,backbone.layer2,10,10,10,0.011099331080913544,0.5295179486274719,0.27030863985419273
150,supervised,gradcam,predicted,backbone.layer2,10,10,10,-0.04212676361203194,0.3448575735092163,0.15136540494859219
151,supervised,gradcam,predicted,backbone.layer2,10,10,10,-0.2744181454181671,0.42578235268592834,0.07568210363388062
152,supervised,gradcam,predicted,backbone.layer2,10,10,10,-0.42800891399383545,0.25280067324638367,-0.08760412037372589
153,supervised,gradcam,predicted,backbone.layer2,10,12,12,-0.19713011384010315,0.40636011958122253,0.10461500287055969
154,supervised,gradcam,predicted,backbone.layer2,10,10,10,0.13011370599269867,0.4875462055206299,0.3088299557566643
155,supervised,gradcam,predicted,backbone.layer2,10,10,10,0.12902376055717468,0.4713188707828522,0.3001713156700134
156,supervised,gradcam,predicted,backbone.layer2,10,10,10,0.16849063336849213,0.4844299256801605,0.3264602795243263
157,supervised,gradcam,predicted,backbone.layer2,10,11,11,0.4292282164096832,0.39017540216445923,0.40970180928707123
158,supervised,gradcam,predicted,backbone.layer2,10,10,10,-0.020425936207175255,0.4285866618156433,0.20408036280423403
159,supervised,gradcam,predicted,backbone.layer2,10,10,10,0.21373121440410614,0.39287275075912476,0.30330198258161545
128,supervised,gradcam,predicted,backbone.layer3,8,8,8,0.2401369959115982,0.19600751996040344,0.21807225793600082
129,supervised,gradcam,predicted,backbone.layer3,8,8,8,0.1501491516828537,0.2138834446668625,0.1820162981748581
130,supervised,gradcam,predicted,backbone.layer3,8,9,9,0.1318882405757904,0.36086565256118774,0.24637694656848907
131,supervised,gradcam,predicted,backbone.layer3,9,9,9,0.06918253004550934,0.4533860981464386,0.26128431409597397
132,supervised,gradcam,predicted,backbone.layer3,9,9,9,-0.24985094368457794,0.2941063344478607,0.022127695381641388
133,supervised,gradcam,predicted,backbone.layer3,9,9,9,-0.1208941861987114,0.12636607885360718,0.0027359463274478912
134,supervised,gradcam,predicted,backbone.layer3,9,9,9,0.21426331996917725,0.24214838445186615,0.2282058522105217
135,supervised,gradcam,predicted,backbone.layer3,9,9,9,0.018492259085178375,0.24233825504779816,0.13041525706648827
136,supervised,gradcam,predicted,backbone.layer3,9,9,9,-0.03410881757736206,0.1996021568775177,0.08274666965007782
137,supervised,gradcam,predicted,backbone.layer3,9,9,9,0.3094840943813324,0.36483830213546753,0.33716119825839996
138,supervised,gradcam,predicted,backbone.layer3,9,9,9,0.1130761206150055,0.3086390793323517,0.2108575999736786
139,supervised,gradcam,predicted,backbone.layer3,9,9,9,0.45502978563308716,0.37916508316993713,0.41709743440151215
140,supervised,gradcam,predicted,backbone.layer3,9,9,9,0.03450992330908775,0.2696042060852051,0.15205706469714642
141,supervised,gradcam,predicted,backbone.layer3,9,9,9,0.21994562447071075,0.36083686351776123,0.290391243994236
142,supervised,gradcam,predicted,backbone.layer3,9,9,9,0.6547618508338928,0.5185012221336365,0.5866315364837646
143,supervised,gradcam,predicted,backbone.layer3,9,9,9,-0.1843259632587433,0.35458850860595703,0.08513127267360687
144,supervised,gradcam,predicted,backbone.layer3,9,9,9,0.08676066249608994,0.24987539649009705,0.1683180294930935
145,supervised,gradcam,predicted,backbone.layer3,9,9,9,-0.12177760154008865,0.10468365997076035,-0.008546970784664154
146,supervised,gradcam,predicted,backbone.layer3,9,0,0,0.28564515709877014,0.3150884211063385,0.3003667891025543
147,supervised,gradcam,predicted,backbone.layer3,10,10,10,-0.11600837111473083,0.4351472854614258,0.15956945717334747
148,supervised,gradcam,predicted,backbone.layer3,10,10,10,-0.27082589268684387,0.13125766813755035,-0.06978411227464676
149,supervised,gradcam,predicted,backbone.layer3,10,10,10,0.10013856738805771,0.3240956664085388,0.21211711689829826
150,supervised,gradcam,predicted,backbone.layer3,10,10,10,-0.02724774368107319,0.20091421902179718,0.086833237670362
151,supervised,gradcam,predicted,backbone.layer3,10,10,10,-0.10142065584659576,0.12534694373607635,0.011963143944740295
152,supervised,gradcam,predicted,backbone.layer3,10,10,10,-0.13764707744121552,0.14751777052879333,0.00493534654378891
153,supervised,gradcam,predicted,backbone.layer3,10,12,12,0.36206579208374023,0.26799407601356506,0.31502993404865265
154,supervised,gradcam,predicted,backbone.layer3,10,10,10,0.497902512550354,0.33702847361564636,0.4174654930830002
155,supervised,gradcam,predicted,backbone.layer3,10,10,10,0.5507110357284546,0.4779261350631714,0.514318585395813
156,supervised,gradcam,predicted,backbone.layer3,10,10,10,0.04349670186638832,0.2863108515739441,0.1649037767201662
157,supervised,gradcam,predicted,backbone.layer3,10,11,11,0.15930651128292084,0.3278751075267792,0.24359080940485
158,supervised,gradcam,predicted,backbone.layer3,10,10,10,-0.13286684453487396,0.2179996371269226,0.04256639629602432
159,supervised,gradcam,predicted,backbone.layer3,10,10,10,0.5295407772064209,0.2775631844997406,0.40355198085308075
128,supervised,gradcam,predicted,backbone.layer4,8,8,8,0.44962525367736816,0.5282933712005615,0.48895931243896484
129,supervised,gradcam,predicted,backbone.layer4,8,8,8,0.5494368672370911,0.5655053853988647,0.5574711263179779
130,supervised,gradcam,predicted,backbone.layer4,8,9,9,-0.20001105964183807,0.45223790407180786,0.1261134222149849
131,supervised,gradcam,predicted,backbone.layer4,9,9,9,0.46291789412498474,0.5832465887069702,0.5230822414159775
132,supervised,gradcam,predicted,backbone.layer4,9,9,9,0.0900542363524437,0.534211277961731,0.3121327571570873
133,supervised,gradcam,predicted,backbone.layer4,9,9,9,-0.12072256952524185,0.4935568869113922,0.18641715869307518
134,supervised,gradcam,predicted,backbone.layer4,9,9,9,0.2882150411605835,0.5252973437309265,0.406756192445755
135,supervised,gradcam,predicted,backbone.layer4,9,9,9,0.611691415309906,0.5345491170883179,0.5731202661991119
136,supervised,gradcam,predicted,backbone.layer4,9,9,9,0.435779869556427,0.5341008305549622,0.4849403500556946
137,supervised,gradcam,predicted,backbone.layer4,9,9,9,-0.0439484529197216,0.46206387877464294,0.20905771292746067
138,supervised,gradcam,predicted,backbone.layer4,9,9,9,0.06776496767997742,0.5305272340774536,0.2991461008787155
139,supervised,gradcam,predicted,backbone.layer4,9,9,9,0.14135412871837616,0.4925786256790161,0.31696637719869614
140,supervised,gradcam,predicted,backbone.layer4,9,9,9,0.12120427936315536,0.5497114062309265,0.33545784279704094
141,supervised,gradcam,predicted,backbone.layer4,9,9,9,0.4006953835487366,0.6028614640235901,0.5017784237861633
142,supervised,gradcam,predicted,backbone.layer4,9,9,9,0.1073489785194397,0.494209349155426,0.30077916383743286
143,supervised,gradcam,predicted,backbone.layer4,9,9,9,0.33094990253448486,0.5363063216209412,0.433628112077713
144,supervised,gradcam,predicted,backbone.layer4,9,9,9,0.5705992579460144,0.5498230457305908,0.5602111518383026
145,supervised,gradcam,predicted,backbone.layer4,9,9,9,0.4608954191207886,0.488511860370636,0.4747036397457123
146,supervised,gradcam,predicted,backbone.layer4,9,0,0,0.13384392857551575,0.4571353495121002,0.295489639043808
147,supervised,gradcam,predicted,backbone.layer4,10,10,10,0.45123693346977234,0.5240679383277893,0.4876524358987808
148,supervised,gradcam,predicted,backbone.layer4,10,10,10,0.13954387605190277,0.5361903309822083,0.3378671035170555
149,supervised,gradcam,predicted,backbone.layer4,10,10,10,0.40825721621513367,0.5369816422462463,0.47261942923069
150,supervised,gradcam,predicted,backbone.layer4,10,10,10,-0.045356106013059616,0.5002220869064331,0.22743299044668674
151,supervised,gradcam,predicted,backbone.layer4,10,10,10,0.5320104956626892,0.5590238571166992,0.5455171763896942
152,supervised,gradcam,predicted,backbone.layer4,10,10,10,0.6239011287689209,0.5697510242462158,0.5968260765075684
153,supervised,gradcam,predicted,backbone.layer4,10,12,12,0.22962483763694763,0.4974479079246521,0.36353637278079987
154,supervised,gradcam,predicted,backbone.layer4,10,10,10,0.5516214370727539,0.5596632361412048,0.5556423366069794
155,supervised,gradcam,predicted,backbone.layer4,10,10,10,0.7022997736930847,0.5704194903373718,0.6363596320152283
156,supervised,gradcam,predicted,backbone.layer4,10,10,10,0.4231107831001282,0.522437334060669,0.47277405858039856
157,supervised,gradcam,predicted,backbone.layer4,10,11,11,0.40706127882003784,0.5837981700897217,0.49542972445487976
158,supervised,gradcam,predicted,backbone.layer4,10,10,10,0.4737289547920227,0.5455136299133301,0.5096212923526764
159,supervised,gradcam,predicted,backbone.layer4,10,10,10,0.25440019369125366,0.45007017254829407,0.35223518311977386
160,supervised,gradcam,predicted,backbone.layer1,10,10,10,-0.1433519572019577,0.4932589530944824,0.17495349794626236
161,supervised,gradcam,predicted,backbone.layer1,10,10,10,-0.024353818967938423,0.28580746054649353,0.13072682078927755
162,supervised,gradcam,predicted,backbone.layer1,11,11,11,0.09636122733354568,0.41650494933128357,0.2564330883324146
163,supervised,gradcam,predicted,backbone.layer1,11,11,11,-0.1319357454776764,0.16113577783107758,0.014600016176700592
164,supervised,gradcam,predicted,backbone.layer1,11,11,11,-0.5912952423095703,0.2582351267337799,-0.1665300577878952
165,supervised,gradcam,predicted,backbone.layer1,11,11,11,0.20677267014980316,0.6350530385971069,0.42091285437345505
166,supervised,gradcam,predicted,backbone.layer1,11,11,11,0.019650699570775032,0.347144216299057,0.18339745793491602
167,supervised,gradcam,predicted,backbone.layer1,11,11,11,-0.06905249506235123,0.4423002004623413,0.18662385269999504
168,supervised,gradcam,predicted,backbone.layer1,11,11,11,0.29442813992500305,0.4122218191623688,0.3533249795436859
169,supervised,gradcam,predicted,backbone.layer1,11,11,11,0.06002717837691307,0.44448909163475037,0.2522581350058317
170,supervised,gradcam,predicted,backbone.layer1,11,47,47,0.08483658730983734,0.20958389341831207,0.1472102403640747
171,supervised,gradcam,predicted,backbone.layer1,11,11,11,-0.002955000614747405,0.4275137484073639,0.21227937389630824
172,supervised,gradcam,predicted,backbone.layer1,11,11,11,-0.0452660396695137,0.41166070103645325,0.18319733068346977
173,supervised,gradcam,predicted,backbone.layer1,11,11,11,-0.28096845746040344,0.39982056617736816,0.05942605435848236
174,supervised,gradcam,predicted,backbone.layer1,11,11,11,0.38364332914352417,0.3559735417366028,0.3698084354400635
175,supervised,gradcam,predicted,backbone.layer1,11,11,11,-0.06366664171218872,0.428368479013443,0.18235091865062714
176,supervised,gradcam,predicted,backbone.layer1,11,11,11,0.039183832705020905,0.19674380123615265,0.11796381697058678
177,supervised,gradcam,predicted,backbone.layer1,11,11,11,0.040970008820295334,0.23154525458812714,0.13625763170421124
178,supervised,gradcam,predicted,backbone.layer1,11,11,11,-0.07138345390558243,0.32165512442588806,0.12513583526015282
179,supervised,gradcam,predicted,backbone.layer1,12,12,12,-0.10503964871168137,0.030423089861869812,-0.03730827942490578
180,supervised,gradcam,predicted,backbone.layer1,12,12,12,0.00021810464386362582,0.27856892347335815,0.1393935140586109
181,supervised,gradcam,predicted,backbone.layer1,12,12,12,0.046919409185647964,0.009691107086837292,0.028305258136242628
182,supervised,gradcam,predicted,backbone.layer1,12,12,12,-0.3468489348888397,0.29228344559669495,-0.027282744646072388
183,supervised,gradcam,predicted,backbone.layer1,12,12,12,0.21370218694210052,0.45487794280052185,0.3342900648713112
184,supervised,gradcam,predicted,backbone.layer1,12,12,12,0.017462247982621193,0.24947094917297363,0.1334665985777974
185,supervised,gradcam,predicted,backbone.layer1,12,12,12,0.11349711567163467,0.28069841861724854,0.1970977671444416
186,supervised,gradcam,predicted,backbone.layer1,12,12,12,0.5734937787055969,0.4450185298919678,0.5092561542987823
187,supervised,gradcam,predicted,backbone.layer1,12,12,12,0.09183137863874435,0.4328688979148865,0.2623501382768154
188,supervised,gradcam,predicted,backbone.layer1,12,12,12,0.19375188648700714,0.18904267251491547,0.1913972795009613
189,supervised,gradcam,predicted,backbone.layer1,12,12,12,0.18557628989219666,0.3769628405570984,0.2812695652246475
190,supervised,gradcam,predicted,backbone.layer1,12,12,12,-0.08544225990772247,0.006894941441714764,-0.039273659233003855
191,supervised,gradcam,predicted,backbone.layer1,12,7,7,0.22206896543502808,0.48605239391326904,0.35406067967414856
160,supervised,gradcam,predicted,backbone.layer2,10,10,10,-0.007176937535405159,0.5328922271728516,0.2628576448187232
161,supervised,gradcam,predicted,backbone.layer2,10,10,10,0.13390661776065826,0.5065929889678955,0.3202498033642769
162,supervised,gradcam,predicted,backbone.layer2,11,11,11,0.6035516858100891,0.5368661284446716,0.5702089071273804
163,supervised,gradcam,predicted,backbone.layer2,11,11,11,-0.014990485273301601,0.40164482593536377,0.19332717033103108
164,supervised,gradcam,predicted,backbone.layer2,11,11,11,-0.3874185085296631,0.2454349249601364,-0.07099179178476334
165,supervised,gradcam,predicted,backbone.layer2,11,11,11,0.26604393124580383,0.5891716480255127,0.42760778963565826
166,supervised,gradcam,predicted,backbone.layer2,11,11,11,-0.325476735830307,0.31841346621513367,-0.00353163480758667
167,supervised,gradcam,predicted,backbone.layer2,11,11,11,-0.05771102011203766,0.39195695519447327,0.1671229675412178
168,supervised,gradcam,predicted,backbone.layer2,11,11,11,0.1495574712753296,0.36105912923812866,0.2553083002567291
169,supervised,gradcam,predicted,backbone.layer2,11,11,11,0.10630912333726883,0.3440316915512085,0.22517040744423866
170,supervised,gradcam,predicted,backbone.layer2,11,47,47,0.08650599420070648,0.17872434854507446,0.13261517137289047
171,supervised,gradcam,predicted,backbone.layer2,11,11,11,0.3604564368724823,0.343948096036911,0.35220226645469666
172,supervised,gradcam,predicted,backbone.layer2,11,11,11,0.05798480287194252,0.29250413179397583,0.17524446733295918
173,supervised,gradcam,predicted,backbone.layer2,11,11,11,-0.307937890291214,0.4212275743484497,0.05664484202861786
174,supervised,gradcam,predicted,backbone.layer2,11,11,11,0.22104282677173615,0.40313783288002014,0.31209032982587814
175,supervised,gradcam,predicted,backbone.layer2,11,11,11,0.047270435839891434,0.4812621772289276,0.2642663065344095
176,supervised,gradcam,predicted,backbone.layer2,11,11,11,0.5765876770019531,0.34998461604118347,0.4632861465215683
177,supervised,gradcam,predicted,backbone.layer2,11,11,11,-0.10534641146659851,0.3594924509525299,0.1270730197429657
178,supervised,gradcam,predicted,backbone.layer2,11,11,11,0.05501534417271614,0.35401788353919983,0.20451661385595798
179,supervised,gradcam,predicted,backbone.layer2,12,12,12,-0.1720198094844818,0.3355971872806549,0.08178868889808655
180,supervised,gradcam,predicted,backbone.layer2,12,12,12,0.12765879929065704,0.5031519532203674,0.31540537625551224
181,supervised,gradcam,predicted,backbone.layer2,12,12,12,0.09624715149402618,0.279385507106781,0.1878163293004036
182,supervised,gradcam,predicted,backbone.layer2,12,12,12,-0.20333664119243622,0.3941108286380768,0.09538709372282028
183,supervised,gradcam,predicted,backbone.layer2,12,12,12,0.14262755215168,0.3175254762172699,0.23007651418447495
184,supervised,gradcam,predicted,backbone.layer2,12,12,12,-0.21716490387916565,0.3636252284049988,0.07323016226291656
185,supervised,gradcam,predicted,backbone.layer2,12,12,12,0.03163258731365204,0.3788474202156067,0.20524000376462936
186,supervised,gradcam,predicted,backbone.layer2,12,12,12,-0.023232966661453247,0.37769103050231934,0.17722903192043304
187,supervised,gradcam,predicted,backbone.layer2,12,12,12,-0.0331910103559494,0.4226352870464325,0.19472213834524155
188,supervised,gradcam,predicted,backbone.layer2,12,12,12,-0.114323690533638,0.2785562574863434,0.08211628347635269
189,supervised,gradcam,predicted,backbone.layer2,12,12,12,0.035352058708667755,0.4128837585449219,0.22411790862679482
190,supervised,gradcam,predicted,backbone.layer2,12,12,12,0.33086979389190674,0.1875755935907364,0.25922269374132156
191,supervised,gradcam,predicted,backbone.layer2,12,7,7,0.11359080672264099,0.44101202487945557,0.2773014158010483
160,supervised,gradcam,predicted,backbone.layer3,10,10,10,-0.04773976653814316,0.4397793114185333,0.19601977244019508
161,supervised,gradcam,predicted,backbone.layer3,10,10,10,-0.005493105389177799,0.16670608520507812,0.08060648990795016
162,supervised,gradcam,predicted,backbone.layer3,11,11,11,0.5272936224937439,0.436781108379364,0.48203736543655396
163,supervised,gradcam,predicted,backbone.layer3,11,11,11,-0.06592395156621933,0.33164161443710327,0.13285883143544197
164,supervised,gradcam,predicted,backbone.layer3,11,11,11,-0.33556264638900757,0.19904285669326782,-0.06825989484786987
165,supervised,gradcam,predicted,backbone.layer3,11,11,11,-0.17242729663848877,0.21304766833782196,0.020310185849666595
166,supervised,gradcam,predicted,backbone.layer3,11,11,11,-0.08929353207349777,0.228847935795784,0.06977720186114311
167,supervised,gradcam,predicted,backbone.layer3,11,11,11,0.16962318122386932,0.2898305654525757,0.2297268733382225
168,supervised,gradcam,predicted,backbone.layer3,11,11,11,-0.021835317835211754,0.14514949917793274,0.06165709067136049
169,supervised,gradcam,predicted,backbone.layer3,11,11,11,-0.11760988086462021,0.148021399974823,0.015205759555101395
170,supervised,gradcam,predicted,backbone.layer3,11,47,47,-0.03771335631608963,0.31953611969947815,0.14091138169169426
171,supervised,gradcam,predicted,backbone.layer3,11,11,11,0.2954927980899811,0.3117707669734955,0.3036317825317383
172,supervised,gradcam,predicted,backbone.layer3,11,11,11,-0.05598442628979683,0.1801358312368393,0.06207570247352123
173,supervised,gradcam,predicted,backbone.layer3,11,11,11,0.19686691462993622,0.3148890733718872,0.2558779940009117
174,supervised,gradcam,predicted,backbone.layer3,11,11,11,0.21035166084766388,0.24056188762187958,0.22545677423477173
175,supervised,gradcam,predicted,backbone.layer3,11,11,11,0.179035946726799,0.2981928586959839,0.23861440271139145
176,supervised,gradcam,predicted,backbone.layer3,11,11,11,0.12959058582782745,0.2600451707839966,0.19481787830591202
177,supervised,gradcam,predicted,backbone.layer3,11,11,11,-0.19110436737537384,0.19909514486789703,0.003995388746261597
178,supervised,gradcam,predicted,backbone.layer3,11,11,11,0.31395354866981506,0.35534441471099854,0.3346489816904068
179,supervised,gradcam,predicted,backbone.layer3,12,12,12,-0.030473269522190094,0.13403305411338806,0.051779892295598984
180,supervised,gradcam,predicted,backbone.layer3,12,12,12,-0.13887926936149597,0.11148408055305481,-0.013697594404220581
181,supervised,gradcam,predicted,backbone.layer3,12,12,12,-0.22066180408000946,0.10782738029956818,-0.05641721189022064
182,supervised,gradcam,predicted,backbone.layer3,12,12,12,0.1480828821659088,0.11493061482906342,0.13150674849748611
183,supervised,gradcam,predicted,backbone.layer3,12,12,12,-0.07410571724176407,0.21242859959602356,0.06916144117712975
184,supervised,gradcam,predicted,backbone.layer3,12,12,12,-0.07031171768903732,0.23933836817741394,0.08451332524418831
185,supervised,gradcam,predicted,backbone.layer3,12,12,12,-0.26638010144233704,0.34109795093536377,0.03735892474651337
186,supervised,gradcam,predicted,backbone.layer3,12,12,12,-0.23231752216815948,0.25984588265419006,0.01376418024301529
187,supervised,gradcam,predicted,backbone.layer3,12,12,12,0.38592004776000977,0.12509599328041077,0.25550802052021027
188,supervised,gradcam,predicted,backbone.layer3,12,12,12,0.022800397127866745,0.12548686563968658,0.07414363138377666
189,supervised,gradcam,predicted,backbone.layer3,12,12,12,-0.2430090308189392,0.32258081436157227,0.03978589177131653
190,supervised,gradcam,predicted,backbone.layer3,12,12,12,-0.014873381704092026,0.13583077490329742,0.0604786965996027
191,supervised,gradcam,predicted,backbone.layer3,12,7,7,0.1679050773382187,0.30957821011543274,0.23874164372682571
160,supervised,gradcam,predicted,backbone.layer4,10,10,10,0.6870393753051758,0.5573363900184631,0.6221878826618195
161,supervised,gradcam,predicted,backbone.layer4,10,10,10,0.5897706747055054,0.5561739206314087,0.572972297668457
162,supervised,gradcam,predicted,backbone.layer4,11,11,11,0.4295741617679596,0.5769826173782349,0.5032783895730972
163,supervised,gradcam,predicted,backbone.layer4,11,11,11,0.2503294050693512,0.5714548826217651,0.41089214384555817
164,supervised,gradcam,predicted,backbone.layer4,11,11,11,0.1917831003665924,0.4773446023464203,0.33456385135650635
165,supervised,gradcam,predicted,backbone.layer4,11,11,11,0.34864678978919983,0.5342168807983398,0.44143183529376984
166,supervised,gradcam,predicted,backbone.layer4,11,11,11,0.4129769504070282,0.5385416150093079,0.47575928270816803
167,supervised,gradcam,predicted,backbone.layer4,11,11,11,0.4002106487751007,0.5477402806282043,0.4739754647016525
168,supervised,gradcam,predicted,backbone.layer4,11,11,11,-0.08119010180234909,0.5366936922073364,0.22775179520249367
169,supervised,gradcam,predicted,backbone.layer4,11,11,11,0.3799728751182556,0.49678587913513184,0.4383793771266937
170,supervised,gradcam,predicted,backbone.layer4,11,47,47,0.1582932025194168,0.48281803727149963,0.3205556198954582
171,supervised,gradcam,predicted,backbone.layer4,11,11,11,0.5338100790977478,0.6060672998428345,0.5699386894702911
172,supervised,gradcam,predicted,backbone.layer4,11,11,11,0.38951340317726135,0.5558626651763916,0.4726880341768265
173,supervised,gradcam,predicted,backbone.layer4,11,11,11,0.5373884439468384,0.5565336346626282,0.5469610393047333
174,supervised,gradcam,predicted,backbone.layer4,11,11,11,-0.28923141956329346,0.4322359263896942,0.07150225341320038
175,supervised,gradcam,predicted,backbone.layer4,11,11,11,0.08702632039785385,0.6012461185455322,0.34413621947169304
176,supervised,gradcam,predicted,backbone.layer4,11,11,11,0.5602775812149048,0.5530063509941101,0.5566419661045074
177,supervised,gradcam,predicted,backbone.layer4,11,11,11,0.2009241133928299,0.5637668967247009,0.3823455050587654
178,supervised,gradcam,predicted,backbone.layer4,11,11,11,0.5187534093856812,0.5492237210273743,0.5339885652065277
179,supervised,gradcam,predicted,backbone.layer4,12,12,12,0.4454566538333893,0.551945686340332,0.49870117008686066
180,supervised,gradcam,predicted,backbone.layer4,12,12,12,0.5360950231552124,0.5618932247161865,0.5489941239356995
181,supervised,gradcam,predicted,backbone.layer4,12,12,12,0.31323689222335815,0.5464333891868591,0.42983514070510864
182,supervised,gradcam,predicted,backbone.layer4,12,12,12,0.38744938373565674,0.4985714852809906,0.44301043450832367
183,supervised,gradcam,predicted,backbone.layer4,12,12,12,-0.1981363594532013,0.4569018483161926,0.12938274443149567
184,supervised,gradcam,predicted,backbone.layer4,12,12,12,0.37769103050231934,0.5709917545318604,0.47434139251708984
185,supervised,gradcam,predicted,backbone.layer4,12,12,12,0.06722699850797653,0.46576616168022156,0.26649658009409904
186,supervised,gradcam,predicted,backbone.layer4,12,12,12,0.5091243386268616,0.4933457374572754,0.5012350380420685
187,supervised,gradcam,predicted,backbone.layer4,12,12,12,-0.0212087519466877,0.4956933557987213,0.2372423019260168
188,supervised,gradcam,predicted,backbone.layer4,12,12,12,0.16928750276565552,0.5662859678268433,0.3677867352962494
189,supervised,gradcam,predicted,backbone.layer4,12,12,12,-0.033680260181427,0.5218541622161865,0.24408695101737976
190,supervised,gradcam,predicted,backbone.layer4,12,12,12,0.37185415625572205,0.46796780824661255,0.4199109822511673
191,supervised,gradcam,predicted,backbone.layer4,12,7,7,-0.07618971168994904,0.535803496837616,0.22980689257383347
192,supervised,gradcam,predicted,backbone.layer1,12,12,12,0.08219533413648605,0.41994431614875793,0.251069825142622
193,supervised,gradcam,predicted,backbone.layer1,12,12,12,0.2758632302284241,0.3353060781955719,0.305584654211998
194,supervised,gradcam,predicted,backbone.layer1,13,13,13,0.0,0.0,0.0
195,supervised,gradcam,predicted,backbone.layer1,13,13,13,0.38453927636146545,0.553641676902771,0.4690904766321182
196,supervised,gradcam,predicted,backbone.layer1,13,13,13,0.23121722042560577,0.363519549369812,0.2973683848977089
197,supervised,gradcam,predicted,backbone.layer1,13,13,13,0.44342952966690063,0.5273005366325378,0.48536503314971924
198,supervised,gradcam,predicted,backbone.layer1,13,13,13,0.3306197226047516,0.31933411955833435,0.32497692108154297
199,supervised,gradcam,predicted,backbone.layer1,13,13,13,0.2121812105178833,0.29640910029411316,0.25429515540599823
200,supervised,gradcam,predicted,backbone.layer1,13,13,13,-0.10367605835199356,0.2270207703113556,0.061672355979681015
201,supervised,gradcam,predicted,backbone.layer1,13,13,13,-0.08012659847736359,0.19711285829544067,0.058493129909038544
202,supervised,gradcam,predicted,backbone.layer1,13,13,13,0.1701892465353012,0.47026702761650085,0.32022813707590103
203,supervised,gradcam,predicted,backbone.layer1,13,13,13,0.4749586582183838,0.2419900745153427,0.35847436636686325
204,supervised,gradcam,predicted,backbone.layer1,13,13,13,-0.019926825538277626,0.0037556542083621025,-0.008085585664957762
205,supervised,gradcam,predicted,backbone.layer1,13,13,13,0.153419628739357,0.40782150626182556,0.2806205675005913
206,supervised,gradcam,predicted,backbone.layer1,13,1,1,-0.09729908406734467,0.5694667100906372,0.23608381301164627
207,supervised,gradcam,predicted,backbone.layer1,14,14,14,-0.17426744103431702,0.26932790875434875,0.04753023386001587
208,supervised,gradcam,predicted,backbone.layer1,14,14,14,-0.025806302204728127,0.006500639021396637,-0.009652831591665745
209,supervised,gradcam,predicted,backbone.layer1,14,14,14,-0.13420815765857697,0.15824562311172485,0.012018732726573944
210,supervised,gradcam,predicted,backbone.layer1,14,14,14,-0.17373213171958923,0.285658061504364,0.05596296489238739
211,supervised,gradcam,predicted,backbone.layer1,14,14,14,-0.020455991849303246,0.0005978370900265872,-0.00992907737963833
212,supervised,gradcam,predicted,backbone.layer1,14,14,14,0.356616348028183,0.21798023581504822,0.2872982919216156
213,supervised,gradcam,predicted,backbone.layer1,14,14,14,0.008107836358249187,0.0010757643030956388,0.004591800330672413
214,supervised,gradcam,predicted,backbone.layer1,14,14,14,0.2135666012763977,0.3028876483440399,0.2582271248102188
215,supervised,gradcam,predicted,backbone.layer1,14,14,14,0.22268369793891907,0.029587801545858383,0.12613574974238873
216,supervised,gradcam,predicted,backbone.layer1,14,14,14,0.19633746147155762,0.3514784872531891,0.27390797436237335
217,supervised,gradcam,predicted,backbone.layer1,14,14,14,-0.0709277093410492,0.03418273851275444,-0.018372485414147377
218,supervised,gradcam,predicted,backbone.layer1,14,14,14,0.3745156526565552,0.13537128269672394,0.25494346767663956
219,supervised,gradcam,predicted,backbone.layer1,15,15,15,0.14550499618053436,0.015651725232601166,0.08057836070656776
220,supervised,gradcam,predicted,backbone.layer1,15,15,15,0.0748198851943016,0.15377213060855865,0.11429600790143013
221,supervised,gradcam,predicted,backbone.layer1,15,15,15,0.014704263769090176,0.1723705381155014,0.09353740094229579
222,supervised,gradcam,predicted,backbone.layer1,15,15,15,0.12912899255752563,0.2693710923194885,0.19925004243850708
223,supervised,gradcam,predicted,backbone.layer1,15,15,15,0.1716824769973755,0.25807085633277893,0.2148766666650772
192,supervised,gradcam,predicted,backbone.layer2,12,12,12,0.22476521134376526,0.4662816822528839,0.3455234467983246
193,supervised,gradcam,predicted,backbone.layer2,12,12,12,0.10428624600172043,0.49908411502838135,0.3016851805150509
194,supervised,gradcam,predicted,backbone.layer2,13,13,13,0.2086387276649475,0.3733496367931366,0.29099418222904205
195,supervised,gradcam,predicted,backbone.layer2,13,13,13,0.1160082221031189,0.4874376058578491,0.301722913980484
196,supervised,gradcam,predicted,backbone.layer2,13,13,13,0.055418360978364944,0.4354212284088135,0.2454197946935892
197,supervised,gradcam,predicted,backbone.layer2,13,13,13,0.41210705041885376,0.5894473195075989,0.5007771849632263
198,supervised,gradcam,predicted,backbone.layer2,13,13,13,0.22112886607646942,0.5095446109771729,0.36533673852682114
199,supervised,gradcam,predicted,backbone.layer2,13,13,13,0.3242540955543518,0.5673101544380188,0.4457821249961853
200,supervised,gradcam,predicted,backbone.layer2,13,13,13,-0.20733368396759033,0.34803032875061035,0.07034832239151001
201,supervised,gradcam,predicted,backbone.layer2,13,13,13,0.11357614398002625,0.521022379398346,0.3172992616891861
202,supervised,gradcam,predicted,backbone.layer2,13,13,13,0.07724357396364212,0.50087970495224,0.28906163945794106
203,supervised,gradcam,predicted,backbone.layer2,13,13,13,-0.27536460757255554,0.3511781692504883,0.03790678083896637
204,supervised,gradcam,predicted,backbone.layer2,13,13,13,0.3061476945877075,0.254104882478714,0.28012628853321075
205,supervised,gradcam,predicted,backbone.layer2,13,13,13,0.004274350591003895,0.44894278049468994,0.22660856554284692
206,supervised,gradcam,predicted,backbone.layer2,13,1,1,0.36611321568489075,0.5630526542663574,0.4645829349756241
207,supervised,gradcam,predicted,backbone.layer2,14,14,14,-0.07235302031040192,0.3450120687484741,0.1363295242190361
208,supervised,gradcam,predicted,backbone.layer2,14,14,14,0.11497573554515839,0.4733993411064148,0.2941875383257866
209,supervised,gradcam,predicted,backbone.layer2,14,14,14,-0.0769883319735527,0.47170013189315796,0.19735589995980263
210,supervised,gradcam,predicted,backbone.layer2,14,14,14,-0.2254793792963028,0.5017916560173035,0.13815613836050034
211,supervised,gradcam,predicted,backbone.layer2,14,14,14,0.1988101601600647,0.2893558442592621,0.2440830022096634
212,supervised,gradcam,predicted,backbone.layer2,14,14,14,0.26861464977264404,0.509050726890564,0.388832688331604
213,supervised,gradcam,predicted,backbone.layer2,14,14,14,-0.18978770077228546,0.20519018173217773,0.0077012404799461365
214,supervised,gradcam,predicted,backbone.layer2,14,14,14,-0.01963592693209648,0.3555014431476593,0.1679327581077814
215,supervised,gradcam,predicted,backbone.layer2,14,14,14,-0.06942419707775116,0.4099922776222229,0.17028404027223587
216,supervised,gradcam,predicted,backbone.layer2,14,14,14,0.19753850996494293,0.4611424505710602,0.32934048026800156
217,supervised,gradcam,predicted,backbone.layer2,14,14,14,-0.16041423380374908,0.4307198226451874,0.13515279442071915
218,supervised,gradcam,predicted,backbone.layer2,14,14,14,0.4589810371398926,0.52350914478302,0.4912450909614563
219,supervised,gradcam,predicted,backbone.layer2,15,15,15,0.17764270305633545,0.21388226747512817,0.1957624852657318
220,supervised,gradcam,predicted,backbone.layer2,15,15,15,-0.04361291974782944,0.3660866320133209,0.16123685613274574
221,supervised,gradcam,predicted,backbone.layer2,15,15,15,-0.22421924769878387,0.20313875377178192,-0.010540246963500977
222,supervised,gradcam,predicted,backbone.layer2,15,15,15,-0.08484088629484177,0.36235108971595764,0.13875510171055794
223,supervised,gradcam,predicted,backbone.layer2,15,15,15,0.027394620701670647,0.37852567434310913,0.2029601475223899
192,supervised,gradcam,predicted,backbone.layer3,12,12,12,0.19881489872932434,0.29788270592689514,0.24834880232810974
193,supervised,gradcam,predicted,backbone.layer3,12,12,12,0.01698484644293785,0.11569838970899582,0.06634161807596684
194,supervised,gradcam,predicted,backbone.layer3,13,13,13,0.31991708278656006,0.38925638794898987,0.35458673536777496
195,supervised,gradcam,predicted,backbone.layer3,13,13,13,0.3397133946418762,0.2829132676124573,0.31131333112716675
196,supervised,gradcam,predicted,backbone.layer3,13,13,13,-0.1912582963705063,0.1945352405309677,0.0016384720802307129
197,supervised,gradcam,predicted,backbone.layer3,13,13,13,0.015059432946145535,0.4016574025154114,0.20835841773077846
198,supervised,gradcam,predicted,backbone.layer3,13,13,13,0.10253853350877762,0.4191320836544037,0.26083530858159065
199,supervised,gradcam,predicted,backbone.layer3,13,13,13,0.4752838611602783,0.523693859577179,0.49948886036872864
200,supervised,gradcam,predicted,backbone.layer3,13,13,13,-0.13164310157299042,0.4496954083442688,0.1590261533856392
201,supervised,gradcam,predicted,backbone.layer3,13,13,13,0.24058136343955994,0.5099565386772156,0.37526895105838776
202,supervised,gradcam,predicted,backbone.layer3,13,13,13,0.47090429067611694,0.5259836316108704,0.49844396114349365
203,supervised,gradcam,predicted,backbone.layer3,13,13,13,0.1715843826532364,0.3476460576057434,0.2596152201294899
204,supervised,gradcam,predicted,backbone.layer3,13,13,13,0.4299211800098419,0.1805984228849411,0.3052598014473915
205,supervised,gradcam,predicted,backbone.layer3,13,13,13,0.6667856574058533,0.5205281376838684,0.5936568975448608
206,supervised,gradcam,predicted,backbone.layer3,13,1,1,0.435636043548584,0.41663968563079834,0.42613786458969116
207,supervised,gradcam,predicted,backbone.layer3,14,14,14,0.1043543592095375,0.13637231290340424,0.12036333605647087
208,supervised,gradcam,predicted,backbone.layer3,14,14,14,0.2687323987483978,0.3249915838241577,0.29686199128627777
209,supervised,gradcam,predicted,backbone.layer3,14,14,14,-0.18354913592338562,0.3030049502849579,0.05972790718078613
210,supervised,gradcam,predicted,backbone.layer3,14,14,14,-0.22653283178806305,0.32556653022766113,0.04951684921979904
211,supervised,gradcam,predicted,backbone.layer3,14,14,14,0.3393988013267517,0.25624504685401917,0.29782192409038544
212,supervised,gradcam,predicted,backbone.layer3,14,14,14,0.22811882197856903,0.41913512349128723,0.32362697273492813
213,supervised,gradcam,predicted,backbone.layer3,14,14,14,0.2325311005115509,0.26447179913520813,0.24850144982337952
214,supervised,gradcam,predicted,backbone.layer3,14,14,14,0.15130619704723358,0.4168380796909332,0.2840721383690834
215,supervised,gradcam,predicted,backbone.layer3,14,14,14,-0.08887043595314026,0.2781014144420624,0.09461548924446106
216,supervised,gradcam,predicted,backbone.layer3,14,14,14,-0.19990085065364838,0.18614867329597473,-0.0068760886788368225
217,supervised,gradcam,predicted,backbone.layer3,14,14,14,-0.04904749244451523,0.24862128496170044,0.0997868962585926
218,supervised,gradcam,predicted,backbone.layer3,14,14,14,0.17314238846302032,0.3308895528316498,0.25201597064733505
219,supervised,gradcam,predicted,backbone.layer3,15,15,15,0.05299924686551094,0.061605848371982574,0.05730254761874676
220,supervised,gradcam,predicted,backbone.layer3,15,15,15,-0.003638156224042177,0.21267524361610413,0.10451854369603097
221,supervised,gradcam,predicted,backbone.layer3,15,15,15,-0.01575070060789585,0.12903551757335663,0.05664240848273039
222,supervised,gradcam,predicted,backbone.layer3,15,15,15,-0.06817130744457245,0.26280471682548523,0.09731670469045639
223,supervised,gradcam,predicted,backbone.layer3,15,15,15,-0.07076869904994965,0.2421225607395172,0.08567693084478378
192,supervised,gradcam,predicted,backbone.layer4,12,12,12,0.06699608266353607,0.5012168884277344,0.2841064855456352
193,supervised,gradcam,predicted,backbone.layer4,12,12,12,0.005261582788079977,0.5531582832336426,0.2792099330108613
194,supervised,gradcam,predicted,backbone.layer4,13,13,13,-0.10563221573829651,0.5178516507148743,0.20610971748828888
195,supervised,gradcam,predicted,backbone.layer4,13,13,13,0.7125101089477539,0.5372177362442017,0.6248639225959778
196,supervised,gradcam,predicted,backbone.layer4,13,13,13,0.2512802481651306,0.5070040822029114,0.379142165184021
197,supervised,gradcam,predicted,backbone.layer4,13,13,13,0.44388529658317566,0.5229910612106323,0.483438178896904
198,supervised,gradcam,predicted,backbone.layer4,13,13,13,0.5117005705833435,0.5291985273361206,0.5204495489597321
199,supervised,gradcam,predicted,backbone.layer4,13,13,13,0.22947955131530762,0.5070258975028992,0.3682527244091034
200,supervised,gradcam,predicted,backbone.layer4,13,13,13,0.151402086019516,0.4820687174797058,0.3167354017496109
201,supervised,gradcam,predicted,backbone.layer4,13,13,13,0.5163883566856384,0.5631762742996216,0.53978231549263
202,supervised,gradcam,predicted,backbone.layer4,13,13,13,0.6330643892288208,0.583297073841095,0.6081807315349579
203,supervised,gradcam,predicted,backbone.layer4,13,13,13,0.11570435762405396,0.5280032753944397,0.3218538165092468
204,supervised,gradcam,predicted,backbone.layer4,13,13,13,-0.3006875813007355,0.4034738540649414,0.051393136382102966
205,supervised,gradcam,predicted,backbone.layer4,13,13,13,0.2086900770664215,0.5429884195327759,0.3758392482995987
206,supervised,gradcam,predicted,backbone.layer4,13,1,1,0.34882470965385437,0.4646543264389038,0.4067395180463791
207,supervised,gradcam,predicted,backbone.layer4,14,14,14,0.38940879702568054,0.47602927684783936,0.43271903693675995
208,supervised,gradcam,predicted,backbone.layer4,14,14,14,0.566813051700592,0.5632498264312744,0.5650314390659332
209,supervised,gradcam,predicted,backbone.layer4,14,14,14,0.3975350260734558,0.5599417090415955,0.47873836755752563
210,supervised,gradcam,predicted,backbone.layer4,14,14,14,0.24564558267593384,0.5357336401939392,0.3906896114349365
211,supervised,gradcam,predicted,backbone.layer4,14,14,14,0.5899807810783386,0.5230346918106079,0.5565077364444733
212,supervised,gradcam,predicted,backbone.layer4,14,14,14,0.49732840061187744,0.510688304901123,0.5040083527565002
213,supervised,gradcam,predicted,backbone.layer4,14,14,14,0.47150108218193054,0.5359330773353577,0.5037170797586441
214,supervised,gradcam,predicted,backbone.layer4,14,14,14,0.14041008055210114,0.5215712189674377,0.33099064975976944
215,supervised,gradcam,predicted,backbone.layer4,14,14,14,0.4563106298446655,0.5153353810310364,0.48582300543785095
216,supervised,gradcam,predicted,backbone.layer4,14,14,14,0.3153056502342224,0.5115891695022583,0.41344740986824036
217,supervised,gradcam,predicted,backbone.layer4,14,14,14,0.472177118062973,0.560953676700592,0.5165653973817825
218,supervised,gradcam,predicted,backbone.layer4,14,14,14,0.29839420318603516,0.5188729166984558,0.4086335599422455
219,supervised,gradcam,predicted,backbone.layer4,15,15,15,0.3381735682487488,0.5305823683738708,0.4343779683113098
220,supervised,gradcam,predicted,backbone.layer4,15,15,15,0.33956941962242126,0.547545313835144,0.44355736672878265
221,supervised,gradcam,predicted,backbone.layer4,15,15,15,0.5242761969566345,0.549619197845459,0.5369476974010468
222,supervised,gradcam,predicted,backbone.layer4,15,15,15,0.19337162375450134,0.4964466691017151,0.3449091464281082
223,supervised,gradcam,predicted,backbone.layer4,15,15,15,-0.012864809483289719,0.5117184519767761,0.2494268212467432
224,supervised,gradcam,predicted,backbone.layer1,15,4,4,0.3018524646759033,0.2018308788537979,0.2518416717648506
225,supervised,gradcam,predicted,backbone.layer1,15,15,15,0.1074250116944313,0.006813670974224806,0.057119341334328055
226,supervised,gradcam,predicted,backbone.layer1,15,15,15,-0.09991088509559631,0.30769407749176025,0.10389159619808197
227,supervised,gradcam,predicted,backbone.layer1,15,33,33,0.0543648824095726,0.08350878953933716,0.06893683597445488
228,supervised,gradcam,predicted,backbone.layer1,15,15,15,0.07635065168142319,0.0018290053121745586,0.03908982849679887
229,supervised,gradcam,predicted,backbone.layer1,15,15,15,0.21656617522239685,0.18163233995437622,0.19909925758838654
230,supervised,gradcam,predicted,backbone.layer1,15,6,6,0.2786983847618103,0.3749377131462097,0.32681804895401
231,supervised,gradcam,predicted,backbone.layer1,15,15,15,0.1390196532011032,0.024899054318666458,0.08195935375988483
232,supervised,gradcam,predicted,backbone.layer1,15,15,15,0.28640836477279663,0.2269209623336792,0.2566646635532379
233,supervised,gradcam,predicted,backbone.layer1,15,15,15,0.47970882058143616,0.2923835217952728,0.3860461711883545
234,supervised,gradcam,predicted,backbone.layer1,15,15,15,0.07942333817481995,0.046178948134183884,0.06280114315450191
235,supervised,gradcam,predicted,backbone.layer1,16,16,16,0.19781765341758728,0.06360775977373123,0.13071270659565926
236,supervised,gradcam,predicted,backbone.layer1,16,16,16,0.03107783943414688,0.011547112837433815,0.021312476135790348
237,supervised,gradcam,predicted,backbone.layer1,16,16,16,0.2712046802043915,0.20091044902801514,0.2360575646162033
238,supervised,gradcam,predicted,backbone.layer1,16,16,16,0.6579475998878479,0.20322470366954803,0.43058615177869797
239,supervised,gradcam,predicted,backbone.layer1,16,16,16,0.08571931719779968,0.02150864526629448,0.05361398123204708
240,supervised,gradcam,predicted,backbone.layer1,16,16,16,-0.051091212779283524,0.33584317564964294,0.1423759814351797
241,supervised,gradcam,predicted,backbone.layer1,16,16,16,-0.38087284564971924,0.3076137900352478,-0.03662952780723572
242,supervised,gradcam,predicted,backbone.layer1,16,16,16,0.10012135654687881,0.035626690834760666,0.06787402369081974
243,supervised,gradcam,predicted,backbone.layer1,16,16,16,0.15539120137691498,0.23075947165489197,0.19307533651590347
244,supervised,gradcam,predicted,backbone.layer1,16,16,16,-0.3799434006214142,0.2117878496646881,-0.08407777547836304
245,supervised,gradcam,predicted,backbone.layer1,16,16,16,-0.012800851836800575,0.024522846564650536,0.00586099736392498
246,supervised,gradcam,predicted,backbone.layer1,16,16,16,0.15185324847698212,0.3938415050506592,0.27284737676382065
247,supervised,gradcam,predicted,backbone.layer1,16,16,16,0.3549075126647949,0.19097179174423218,0.27293965220451355
248,supervised,gradcam,predicted,backbone.layer1,16,16,16,-0.15361735224723816,0.10682135820388794,-0.02339799702167511
249,supervised,gradcam,predicted,backbone.layer1,16,16,16,-0.09843848645687103,0.08750750869512558,-0.0054654888808727264
250,supervised,gradcam,predicted,backbone.layer1,17,33,33,0.27933642268180847,0.4518190324306488,0.36557772755622864
251,supervised,gradcam,predicted,backbone.layer1,17,41,41,0.14758652448654175,0.4574834406375885,0.3025349825620651
252,supervised,gradcam,predicted,backbone.layer1,17,27,27,-0.017300162464380264,0.1581108421087265,0.07040533982217312
253,supervised,gradcam,predicted,backbone.layer1,17,17,17,0.14229273796081543,0.19409100711345673,0.16819187253713608
254,supervised,gradcam,predicted,backbone.layer1,17,17,17,0.015651885420084,0.04376888647675514,0.02971038594841957
255,supervised,gradcam,predicted,backbone.layer1,17,17,17,0.15095241367816925,0.27703651785850525,0.21399446576833725
224,supervised,gradcam,predicted,backbone.layer2,15,4,4,-0.029887456446886063,0.27247142791748047,0.1212919857352972
225,supervised,gradcam,predicted,backbone.layer2,15,15,15,0.24428017437458038,0.4563906490802765,0.35033541172742844
226,supervised,gradcam,predicted,backbone.layer2,15,15,15,-0.10677772760391235,0.4221355617046356,0.15767891705036163
227,supervised,gradcam,predicted,backbone.layer2,15,33,33,-0.016677020117640495,0.44199442863464355,0.21265870425850153
228,supervised,gradcam,predicted,backbone.layer2,15,15,15,0.22015005350112915,0.3562069535255432,0.2881785035133362
229,supervised,gradcam,predicted,backbone.layer2,15,15,15,-0.19564791023731232,0.3246814012527466,0.06451674550771713
230,supervised,gradcam,predicted,backbone.layer2,15,6,6,-0.11566947400569916,0.31583261489868164,0.10008157044649124
231,supervised,gradcam,predicted,backbone.layer2,15,15,15,-0.004301370121538639,0.4680088758468628,0.23185375286266208
232,supervised,gradcam,predicted,backbone.layer2,15,15,15,0.011688257567584515,0.3729518949985504,0.19232007628306746
233,supervised,gradcam,predicted,backbone.layer2,15,15,15,-0.05375675857067108,0.24407434463500977,0.09515879303216934
234,supervised,gradcam,predicted,backbone.layer2,15,15,15,-0.08488751947879791,0.40015870332717896,0.15763559192419052
235,supervised,gradcam,predicted,backbone.layer2,16,16,16,0.030722375959157944,0.3317629098892212,0.18124264292418957
236,supervised,gradcam,predicted,backbone.layer2,16,16,16,0.3046138286590576,0.3868935704231262,0.3457536995410919
237,supervised,gradcam,predicted,backbone.layer2,16,16,16,0.19293305277824402,0.4090266823768616,0.3009798675775528
238,supervised,gradcam,predicted,backbone.layer2,16,16,16,0.353581041097641,0.47240978479385376,0.4129954129457474
239,supervised,gradcam,predicted,backbone.layer2,16,16,16,-0.21266748011112213,0.3685438930988312,0.07793820649385452
240,supervised,gradcam,predicted,backbone.layer2,16,16,16,0.5442720055580139,0.4662463963031769,0.5052592009305954
241,supervised,gradcam,predicted,backbone.layer2,16,16,16,-0.14363527297973633,0.3657642602920532,0.11106449365615845
242,supervised,gradcam,predicted,backbone.layer2,16,16,16,0.3405213952064514,0.3044198751449585,0.32247063517570496
243,supervised,gradcam,predicted,backbone.layer2,16,16,16,0.4581335186958313,0.2894045114517212,0.37376901507377625
244,supervised,gradcam,predicted,backbone.layer2,16,16,16,-0.2551499903202057,0.4531450867652893,0.09899754822254181
245,supervised,gradcam,predicted,backbone.layer2,16,16,16,-0.3670955300331116,0.31347137689590454,-0.026812076568603516
246,supervised,gradcam,predicted,backbone.layer2,16,16,16,-0.051057565957307816,0.2921789884567261,0.12056071124970913
247,supervised,gradcam,predicted,backbone.layer2,16,16,16,0.1002127006649971,0.24449200928211212,0.1723523549735546
248,supervised,gradcam,predicted,backbone.layer2,16,16,16,-0.1947305053472519,0.3961982727050781,0.10073388367891312
249,supervised,gradcam,predicted,backbone.layer2,16,16,16,-0.1585841029882431,0.3216523230075836,0.08153411000967026
250,supervised,gradcam,predicted,backbone.layer2,17,33,33,-0.11073429882526398,0.36992835998535156,0.1295970305800438
251,supervised,gradcam,predicted,backbone.layer2,17,41,41,-0.06880588084459305,0.39750978350639343,0.1643519513309002
252,supervised,gradcam,predicted,backbone.layer2,17,27,27,0.2569499611854553,0.5196595788002014,0.38830476999282837
253,supervised,gradcam,predicted,backbone.layer2,17,17,17,-0.13972212374210358,0.263412207365036,0.06184504181146622
254,supervised,gradcam,predicted,backbone.layer2,17,17,17,-0.04769137129187584,0.07537811249494553,0.013843370601534843
255,supervised,gradcam,predicted,backbone.layer2,17,17,17,-0.10339848697185516,0.3487734794616699,0.12268749624490738
224,supervised,gradcam,predicted,backbone.layer3,15,4,4,-0.022874897345900536,0.26371678709983826,0.12042094487696886
225,supervised,gradcam,predicted,backbone.layer3,15,15,15,0.3630537986755371,0.24025513231754303,0.30165446549654007
226,supervised,gradcam,predicted,backbone.layer3,15,15,15,0.10227207839488983,0.3041490614414215,0.20321056991815567
227,supervised,gradcam,predicted,backbone.layer3,15,33,33,0.17983227968215942,0.3474188446998596,0.2636255621910095
228,supervised,gradcam,predicted,backbone.layer3,15,15,15,-0.1953546106815338,0.24409715831279755,0.024371273815631866
229,supervised,gradcam,predicted,backbone.layer3,15,15,15,0.2025865912437439,0.1873491257429123,0.1949678584933281
230,supervised,gradcam,predicted,backbone.layer3,15,6,6,-0.02597556822001934,0.13775599002838135,0.055890210904181004
231,supervised,gradcam,predicted,backbone.layer3,15,15,15,0.22364799678325653,0.22097457945346832,0.22231128811836243
232,supervised,gradcam,predicted,backbone.layer3,15,15,15,0.07243736833333969,0.35289445519447327,0.21266591176390648
233,supervised,gradcam,predicted,backbone.layer3,15,15,15,-0.11335514485836029,0.08071234822273254,-0.016321398317813873
234,supervised,gradcam,predicted,backbone.layer3,15,15,15,0.09847455471754074,0.23060216009616852,0.16453835740685463
235,supervised,gradcam,predicted,backbone.layer3,16,16,16,0.23963327705860138,0.30536043643951416,0.27249685674905777
236,supervised,gradcam,predicted,backbone.layer3,16,16,16,0.4288889467716217,0.3946129381656647,0.4117509424686432
237,supervised,gradcam,predicted,backbone.layer3,16,16,16,0.55552738904953,0.2619105875492096,0.4087189882993698
238,supervised,gradcam,predicted,backbone.layer3,16,16,16,0.5752127766609192,0.17628976702690125,0.3757512718439102
239,supervised,gradcam,predicted,backbone.layer3,16,16,16,-0.09242694824934006,0.540656328201294,0.22411468997597694
240,supervised,gradcam,predicted,backbone.layer3,16,16,16,0.48987290263175964,0.2443724423646927,0.36712267249822617
241,supervised,gradcam,predicted,backbone.layer3,16,16,16,-0.024557705968618393,0.13302160799503326,0.054231951013207436
242,supervised,gradcam,predicted,backbone.layer3,16,16,16,0.46219730377197266,0.2908155024051666,0.37650640308856964
243,supervised,gradcam,predicted,backbone.layer3,16,16,16,-0.014865175820887089,0.22501438856124878,0.10507460637018085
244,supervised,gradcam,predicted,backbone.layer3,16,16,16,0.44655314087867737,0.3078244626522064,0.3771888017654419
245,supervised,gradcam,predicted,backbone.layer3,16,16,16,-0.2901098430156708,0.2751253545284271,-0.007492244243621826
246,supervised,gradcam,predicted,backbone.layer3,16,16,16,0.29365044832229614,0.32743334770202637,0.31054189801216125
247,supervised,gradcam,predicted,backbone.layer3,16,16,16,0.5390507578849792,0.538272500038147,0.5386616289615631
248,supervised,gradcam,predicted,backbone.layer3,16,16,16,0.7202181220054626,0.5096806883811951,0.6149494051933289
249,supervised,gradcam,predicted,backbone.layer3,16,16,16,0.32593709230422974,0.41356387734413147,0.3697504848241806
250,supervised,gradcam,predicted,backbone.layer3,17,33,33,-0.23934687674045563,0.3774384558200836,0.069045789539814
251,supervised,gradcam,predicted,backbone.layer3,17,41,41,0.070700503885746,0.45469921827316284,0.2626998610794544
252,supervised,gradcam,predicted,backbone.layer3,17,27,27,-0.28612950444221497,0.27638545632362366,-0.004872024059295654
253,supervised,gradcam,predicted,backbone.layer3,17,17,17,-0.024849778041243553,0.29895392060279846,0.13705207128077745
254,supervised,gradcam,predicted,backbone.layer3,17,17,17,0.06290829181671143,0.25825175642967224,0.16058002412319183
255,supervised,gradcam,predicted,backbone.layer3,17,17,17,0.3412681818008423,0.36793532967567444,0.35460175573825836
224,supervised,gradcam,predicted,backbone.layer4,15,4,4,-0.26032957434654236,0.4416467547416687,0.09065859019756317
225,supervised,gradcam,predicted,backbone.layer4,15,15,15,0.5017306208610535,0.5403515100479126,0.521041065454483
226,supervised,gradcam,predicted,backbone.layer4,15,15,15,0.3354887366294861,0.6263259649276733,0.4809073507785797
227,supervised,gradcam,predicted,backbone.layer4,15,33,33,0.43522951006889343,0.6363261938095093,0.5357778519392014
228,supervised,gradcam,predicted,backbone.layer4,15,15,15,0.4858049154281616,0.5166434645652771,0.5012241899967194
229,supervised,gradcam,predicted,backbone.layer4,15,15,15,0.32130223512649536,0.5575777888298035,0.4394400119781494
230,supervised,gradcam,predicted,backbone.layer4,15,6,6,0.5666478276252747,0.48259493708610535,0.52462138235569
231,supervised,gradcam,predicted,backbone.layer4,15,15,15,0.27035874128341675,0.51021409034729,0.3902864158153534
232,supervised,gradcam,predicted,backbone.layer4,15,15,15,0.1982927769422531,0.5904437303543091,0.3943682536482811
233,supervised,gradcam,predicted,backbone.layer4,15,15,15,0.25842127203941345,0.5214429497718811,0.3899321109056473
234,supervised,gradcam,predicted,backbone.layer4,15,15,15,0.2311403602361679,0.5383506417274475,0.3847455009818077
235,supervised,gradcam,predicted,backbone.layer4,16,16,16,0.5032942295074463,0.5642267465591431,0.5337604880332947
236,supervised,gradcam,predicted,backbone.layer4,16,16,16,0.20178495347499847,0.532371461391449,0.3670782074332237
237,supervised,gradcam,predicted,backbone.layer4,16,16,16,-0.09041614085435867,0.4946422874927521,0.2021130733191967
238,supervised,gradcam,predicted,backbone.layer4,16,16,16,0.13427144289016724,0.5424739718437195,0.33837270736694336
239,supervised,gradcam,predicted,backbone.layer4,16,16,16,0.31049323081970215,0.5754426121711731,0.4429679214954376
240,supervised,gradcam,predicted,backbone.layer4,16,16,16,0.27254098653793335,0.5009733438491821,0.38675716519355774
241,supervised,gradcam,predicted,backbone.layer4,16,16,16,0.09317494928836823,0.5525468587875366,0.3228609040379524
242,supervised,gradcam,predicted,backbone.layer4,16,16,16,-0.008028365671634674,0.5205247402191162,0.25624818727374077
243,supervised,gradcam,predicted,backbone.layer4,16,16,16,0.293695330619812,0.5247274041175842,0.4092113673686981
244,supervised,gradcam,predicted,backbone.layer4,16,16,16,-0.01642967388033867,0.5622036457061768,0.27288698591291904
245,supervised,gradcam,predicted,backbone.layer4,16,16,16,0.08709849417209625,0.5076231360435486,0.2973608151078224
246,supervised,gradcam,predicted,backbone.layer4,16,16,16,-0.12311286479234695,0.4810720384120941,0.17897958680987358
247,supervised,gradcam,predicted,backbone.layer4,16,16,16,0.2549935579299927,0.5448637008666992,0.39992862939834595
248,supervised,gradcam,predicted,backbone.layer4,16,16,16,0.10550595074892044,0.5016231536865234,0.30356455221772194
249,supervised,gradcam,predicted,backbone.layer4,16,16,16,0.08096714317798615,0.5181852579116821,0.29957620054483414
250,supervised,gradcam,predicted,backbone.layer4,17,33,33,0.2796874940395355,0.558047354221344,0.41886742413043976
251,supervised,gradcam,predicted,backbone.layer4,17,41,41,0.49959734082221985,0.5239040851593018,0.5117507129907608
252,supervised,gradcam,predicted,backbone.layer4,17,27,27,0.39926329255104065,0.5283503532409668,0.4638068228960037
253,supervised,gradcam,predicted,backbone.layer4,17,17,17,0.158854678273201,0.48246702551841736,0.3206608518958092
254,supervised,gradcam,predicted,backbone.layer4,17,17,17,0.23861157894134521,0.4614509642124176,0.3500312715768814
255,supervised,gradcam,predicted,backbone.layer4,17,17,17,0.3550785779953003,0.5329120755195618,0.44399532675743103
256,supervised,gradcam,predicted,backbone.layer1,17,39,39,0.14463001489639282,0.4259072542190552,0.285268634557724
257,supervised,gradcam,predicted,backbone.layer1,17,17,17,-0.21091514825820923,0.2084268033504486,-0.00124417245388031
258,supervised,gradcam,predicted,backbone.layer1,17,37,37,0.3374718725681305,0.5170704126358032,0.42727114260196686
259,supervised,gradcam,predicted,backbone.layer1,17,17,17,-0.04952551797032356,0.1020248755812645,0.026249678805470467
260,supervised,gradcam,predicted,backbone.layer1,17,30,30,-0.12732486426830292,0.03919744864106178,-0.04406370781362057
261,supervised,gradcam,predicted,backbone.layer1,17,17,17,0.08032810688018799,0.038338929414749146,0.05933351814746857
262,supervised,gradcam,predicted,backbone.layer1,18,18,18,-0.03768981620669365,0.0014233830152079463,-0.01813321659574285
263,supervised,gradcam,predicted,backbone.layer1,18,22,22,0.5485431551933289,0.372354120016098,0.46044863760471344
264,supervised,gradcam,predicted,backbone.layer1,18,18,18,-0.020100748166441917,0.004790521692484617,-0.00765511323697865
265,supervised,gradcam,predicted,backbone.layer1,18,18,18,0.6752322912216187,0.39019984006881714,0.5327160656452179
266,supervised,gradcam,predicted,backbone.layer1,18,18,18,0.21376584470272064,0.01240611169487238,0.11308597819879651
267,supervised,gradcam,predicted,backbone.layer1,18,43,43,0.01717236079275608,0.38465574383735657,0.20091405231505632
268,supervised,gradcam,predicted,backbone.layer1,18,18,18,0.4142804443836212,0.2164444774389267,0.31536246091127396
269,supervised,gradcam,predicted,backbone.layer1,18,18,18,0.21663856506347656,0.437053382396698,0.3268459737300873
270,supervised,gradcam,predicted,backbone.layer1,18,36,36,-0.004612258169800043,0.4865403175354004,0.24096402968280017
271,supervised,gradcam,predicted,backbone.layer1,18,18,18,-0.05387125164270401,0.08604253828525543,0.01608564332127571
272,supervised,gradcam,predicted,backbone.layer1,18,18,18,0.5363218784332275,0.27851545810699463,0.4074186682701111
273,supervised,gradcam,predicted,backbone.layer1,18,18,18,-0.19230058789253235,0.29391297698020935,0.0508061945438385
274,supervised,gradcam,predicted,backbone.layer1,18,18,18,-0.19539469480514526,0.18795008957386017,-0.0037223026156425476
275,supervised,gradcam,predicted,backbone.layer1,18,18,18,0.24139215052127838,0.4899645447731018,0.3656783476471901
276,supervised,gradcam,predicted,backbone.layer1,18,18,18,0.40155652165412903,0.44910386204719543,0.42533019185066223
277,supervised,gradcam,predicted,backbone.layer1,19,19,19,-0.11576715856790543,0.2133355736732483,0.04878420755267143
278,supervised,gradcam,predicted,backbone.layer1,19,19,19,-0.05058855190873146,0.006087420508265495,-0.022250565700232983
279,supervised,gradcam,predicted,backbone.layer1,19,19,19,-0.04261157289147377,0.14021483063697815,0.04880162887275219
280,supervised,gradcam,predicted,backbone.layer1,19,19,19,-0.10986863076686859,0.18573646247386932,0.037933915853500366
281,supervised,gradcam,predicted,backbone.layer1,19,19,19,-0.1736481785774231,0.38766732811927795,0.10700957477092743
282,supervised,gradcam,predicted,backbone.layer1,19,19,19,0.0572429820895195,0.3312388062477112,0.19424089416861534
283,supervised,gradcam,predicted,backbone.layer1,19,19,19,-0.23560819029808044,0.3537082374095917,0.059050023555755615
284,supervised,gradcam,predicted,backbone.layer1,19,19,19,0.03143627196550369,0.07629425078630447,0.05386526137590408
285,supervised,gradcam,predicted,backbone.layer1,19,19,19,0.11943428218364716,0.17974554002285004,0.1495899111032486
286,supervised,gradcam,predicted,backbone.layer1,19,19,19,-0.07686616480350494,0.210775688290596,0.06695476174354553
287,supervised,gradcam,predicted,backbone.layer1,19,19,19,-0.1302780956029892,0.2691164016723633,0.06941915303468704
256,supervised,gradcam,predicted,backbone.layer2,17,39,39,0.15916724503040314,0.32696017622947693,0.24306371062994003
257,supervised,gradcam,predicted,backbone.layer2,17,17,17,-0.26003721356391907,0.12128107994794846,-0.0693780668079853
258,supervised,gradcam,predicted,backbone.layer2,17,37,37,-0.03691580146551132,0.3591615557670593,0.161122877150774
259,supervised,gradcam,predicted,backbone.layer2,17,17,17,-0.12529318034648895,0.16737772524356842,0.021042272448539734
260,supervised,gradcam,predicted,backbone.layer2,17,30,30,0.5303542017936707,0.296709269285202,0.41353173553943634
261,supervised,gradcam,predicted,backbone.layer2,17,17,17,-0.1356542706489563,0.4847519099712372,0.17454881966114044
262,supervised,gradcam,predicted,backbone.layer2,18,18,18,0.18689502775669098,0.07669991254806519,0.13179747015237808
263,supervised,gradcam,predicted,backbone.layer2,18,22,22,-0.02230585366487503,0.4409880042076111,0.20934107527136803
264,supervised,gradcam,predicted,backbone.layer2,18,18,18,0.06498023122549057,0.3099434971809387,0.18746186420321465
265,supervised,gradcam,predicted,backbone.layer2,18,18,18,-0.07075407356023788,0.25903916358947754,0.09414254501461983
266,supervised,gradcam,predicted,backbone.layer2,18,18,18,-0.08396942168474197,0.28282469511032104,0.09942763671278954
267,supervised,gradcam,predicted,backbone.layer2,18,43,43,0.1089920848608017,0.1958165168762207,0.1524043008685112
268,supervised,gradcam,predicted,backbone.layer2,18,18,18,-0.11538346111774445,0.13289406895637512,0.008755303919315338
269,supervised,gradcam,predicted,backbone.layer2,18,18,18,0.09567689895629883,0.4530973732471466,0.2743871361017227
270,supervised,gradcam,predicted,backbone.layer2,18,36,36,0.24327845871448517,0.3839454650878906,0.3136119619011879
271,supervised,gradcam,predicted,backbone.layer2,18,18,18,0.025548502802848816,0.2745600640773773,0.15005428344011307
272,supervised,gradcam,predicted,backbone.layer2,18,18,18,0.6371986269950867,0.08853805065155029,0.3628683388233185
273,supervised,gradcam,predicted,backbone.layer2,18,18,18,0.32208117842674255,0.5041513442993164,0.4131162613630295
274,supervised,gradcam,predicted,backbone.layer2,18,18,18,-0.06603047251701355,0.35338670015335083,0.14367811381816864
275,supervised,gradcam,predicted,backbone.layer2,18,18,18,0.24154610931873322,0.38877058029174805,0.31515834480524063
276,supervised,gradcam,predicted,backbone.layer2,18,18,18,-0.31072691082954407,0.31642693281173706,0.0028500109910964966
277,supervised,gradcam,predicted,backbone.layer2,19,19,19,-0.11359871178865433,0.31484952569007874,0.1006254069507122
278,supervised,gradcam,predicted,backbone.layer2,19,19,19,-0.17819948494434357,0.16388697922229767,-0.007156252861022949
279,supervised,gradcam,predicted,backbone.layer2,19,19,19,0.14996357262134552,0.4164602756500244,0.28321192413568497
280,supervised,gradcam,predicted,backbone.layer2,19,19,19,0.08571086078882217,0.35225871205329895,0.21898478642106056
281,supervised,gradcam,predicted,backbone.layer2,19,19,19,-0.06033152714371681,0.40525245666503906,0.17246046476066113
282,supervised,gradcam,predicted,backbone.layer2,19,19,19,0.3653695583343506,0.529628336429596,0.44749894738197327
283,supervised,gradcam,predicted,backbone.layer2,19,19,19,0.319985032081604,0.4171184301376343,0.36855173110961914
284,supervised,gradcam,predicted,backbone.layer2,19,19,19,0.10249325633049011,0.4657803475856781,0.2841368019580841
285,supervised,gradcam,predicted,backbone.layer2,19,19,19,0.07863995432853699,0.3594696521759033,0.21905480325222015
286,supervised,gradcam,predicted,backbone.layer2,19,19,19,-0.11859865486621857,0.43563005328178406,0.15851569920778275
287,supervised,gradcam,predicted,backbone.layer2,19,19,19,0.31989431381225586,0.522199273109436,0.42104679346084595
256,supervised,gradcam,predicted,backbone.layer3,17,39,39,-0.19245153665542603,0.24924810230731964,0.028398282825946808
257,supervised,gradcam,predicted,backbone.layer3,17,17,17,-0.21100997924804688,0.29064568877220154,0.03981785476207733
258,supervised,gradcam,predicted,backbone.layer3,17,37,37,-0.08697187900543213,0.28274884819984436,0.09788848459720612
259,supervised,gradcam,predicted,backbone.layer3,17,17,17,0.1499413102865219,0.3426094055175781,0.24627535790205002
260,supervised,gradcam,predicted,backbone.layer3,17,30,30,0.5678196549415588,0.21558469533920288,0.39170217514038086
261,supervised,gradcam,predicted,backbone.layer3,17,17,17,-0.5504685044288635,0.2048483043909073,-0.17281010001897812
262,supervised,gradcam,predicted,backbone.layer3,18,18,18,0.422939270734787,0.32847392559051514,0.37570659816265106
263,supervised,gradcam,predicted,backbone.layer3,18,22,22,0.459031343460083,0.4843502938747406,0.4716908186674118
264,supervised,gradcam,predicted,backbone.layer3,18,18,18,0.4766908586025238,0.5430499911308289,0.5098704248666763
265,supervised,gradcam,predicted,backbone.layer3,18,18,18,0.13228324055671692,0.5565696954727173,0.3444264680147171
266,supervised,gradcam,predicted,backbone.layer3,18,18,18,0.5912625789642334,0.3530438542366028,0.4721532166004181
267,supervised,gradcam,predicted,backbone.layer3,18,43,43,0.08024805039167404,0.2935464680194855,0.18689725920557976
268,supervised,gradcam,predicted,backbone.layer3,18,18,18,0.4305644929409027,0.2806812822818756,0.35562288761138916
269,supervised,gradcam,predicted,backbone.layer3,18,18,18,0.006474032066762447,0.3963281512260437,0.20140109164640307
270,supervised,gradcam,predicted,backbone.layer3,18,36,36,0.39049071073532104,0.5513023138046265,0.47089651226997375
271,supervised,gradcam,predicted,backbone.layer3,18,18,18,-0.1863519251346588,0.42508018016815186,0.11936412751674652
272,supervised,gradcam,predicted,backbone.layer3,18,18,18,0.11676798015832901,0.28934916853904724,0.20305857434868813
273,supervised,gradcam,predicted,backbone.layer3,18,18,18,-0.034649670124053955,0.5303922891616821,0.2478713095188141
274,supervised,gradcam,predicted,backbone.layer3,18,18,18,-0.21480783820152283,0.43032845854759216,0.10776031017303467
275,supervised,gradcam,predicted,backbone.layer3,18,18,18,-0.04177388548851013,0.2939441204071045,0.12608511745929718
276,supervised,gradcam,predicted,backbone.layer3,18,18,18,0.42711347341537476,0.5730295181274414,0.5000714957714081
277,supervised,gradcam,predicted,backbone.layer3,19,19,19,0.2974682152271271,0.44040659070014954,0.3689374029636383
278,supervised,gradcam,predicted,backbone.layer3,19,19,19,0.3058921992778778,0.36628982424736023,0.336091011762619
279,supervised,gradcam,predicted,backbone.layer3,19,19,19,-0.10929400473833084,0.3341769576072693,0.11244147643446922
280,supervised,gradcam,predicted,backbone.layer3,19,19,19,0.5808016061782837,0.348086416721344,0.46444401144981384
281,supervised,gradcam,predicted,backbone.layer3,19,19,19,-0.09028444439172745,0.29681020975112915,0.10326288267970085
282,supervised,gradcam,predicted,backbone.layer3,19,19,19,0.39091506600379944,0.2073478251695633,0.29913144558668137
283,supervised,gradcam,predicted,backbone.layer3,19,19,19,0.6450003385543823,0.45757704973220825,0.5512886941432953
284,supervised,gradcam,predicted,backbone.layer3,19,19,19,-0.13629403710365295,0.34637683629989624,0.10504139959812164
285,supervised,gradcam,predicted,backbone.layer3,19,19,19,0.04083186015486717,0.34361299872398376,0.19222242943942547
286,supervised,gradcam,predicted,backbone.layer3,19,19,19,-0.08029539883136749,0.26644062995910645,0.09307261556386948
287,supervised,gradcam,predicted,backbone.layer3,19,19,19,-0.18695703148841858,0.44499722123146057,0.129020094871521
256,supervised,gradcam,predicted,backbone.layer4,17,39,39,0.3660104274749756,0.5238955616950989,0.44495299458503723
257,supervised,gradcam,predicted,backbone.layer4,17,17,17,0.5187054872512817,0.5605231523513794,0.5396143198013306
258,supervised,gradcam,predicted,backbone.layer4,17,37,37,-0.18480364978313446,0.4086917042732239,0.11194402724504471
259,supervised,gradcam,predicted,backbone.layer4,17,17,17,-0.10376451164484024,0.5364512801170349,0.21634338423609734
260,supervised,gradcam,predicted,backbone.layer4,17,30,30,0.4125917851924896,0.4658885598182678,0.4392401725053787
261,supervised,gradcam,predicted,backbone.layer4,17,17,17,0.2699480354785919,0.5068650841712952,0.38840655982494354
262,supervised,gradcam,predicted,backbone.layer4,18,18,18,0.32984140515327454,0.4868212044239044,0.4083313047885895
263,supervised,gradcam,predicted,backbone.layer4,18,22,22,0.5319139361381531,0.5783082842826843,0.5551111102104187
264,supervised,gradcam,predicted,backbone.layer4,18,18,18,0.09176837652921677,0.4354032874107361,0.2635858319699764
265,supervised,gradcam,predicted,backbone.layer4,18,18,18,0.3191705644130707,0.5195192098617554,0.419344887137413
266,supervised,gradcam,predicted,backbone.layer4,18,18,18,0.5088614821434021,0.5099446773529053,0.5094030797481537
267,supervised,gradcam,predicted,backbone.layer4,18,43,43,0.8068182468414307,0.6473143100738525,0.7270662784576416
268,supervised,gradcam,predicted,backbone.layer4,18,18,18,0.1779671311378479,0.5455501675605774,0.36175864934921265
269,supervised,gradcam,predicted,backbone.layer4,18,18,18,0.23274962604045868,0.5779812932014465,0.4053654596209526
270,supervised,gradcam,predicted,backbone.layer4,18,36,36,0.4184184670448303,0.5620558261871338,0.49023714661598206
271,supervised,gradcam,predicted,backbone.layer4,18,18,18,0.2647830843925476,0.5339963436126709,0.39938971400260925
272,supervised,gradcam,predicted,backbone.layer4,18,18,18,-0.029894625768065453,0.4168568253517151,0.19348109979182482
273,supervised,gradcam,predicted,backbone.layer4,18,18,18,-0.335409015417099,0.38847821950912476,0.02653460204601288
274,supervised,gradcam,predicted,backbone.layer4,18,18,18,0.3339032828807831,0.5894936919212341,0.4616984874010086
275,supervised,gradcam,predicted,backbone.layer4,18,18,18,-0.296151340007782,0.34833917021751404,0.026093915104866028
276,supervised,gradcam,predicted,backbone.layer4,18,18,18,0.22476670145988464,0.4855463206768036,0.3551565110683441
277,supervised,gradcam,predicted,backbone.layer4,19,19,19,0.2075885385274887,0.5650542378425598,0.38632138818502426
278,supervised,gradcam,predicted,backbone.layer4,19,19,19,0.05899066850543022,0.5249024033546448,0.2919465359300375
279,supervised,gradcam,predicted,backbone.layer4,19,19,19,0.16290079057216644,0.5789194703102112,0.3709101304411888
280,supervised,gradcam,predicted,backbone.layer4,19,19,19,-0.047645412385463715,0.48642051219940186,0.21938754990696907
281,supervised,gradcam,predicted,backbone.layer4,19,19,19,-0.09111568331718445,0.5464127063751221,0.2276485115289688
282,supervised,gradcam,predicted,backbone.layer4,19,19,19,-0.03804439306259155,0.46236947178840637,0.2121625393629074
283,supervised,gradcam,predicted,backbone.layer4,19,19,19,0.05797784402966499,0.5208265781402588,0.2894022110849619
284,supervised,gradcam,predicted,backbone.layer4,19,19,19,0.1452135294675827,0.5220670700073242,0.33364029973745346
285,supervised,gradcam,predicted,backbone.layer4,19,19,19,0.23279298841953278,0.5487070679664612,0.390750028192997
286,supervised,gradcam,predicted,backbone.layer4,19,19,19,0.12683382630348206,0.5473092198371887,0.3370715230703354
287,supervised,gradcam,predicted,backbone.layer4,19,19,19,0.3005536198616028,0.5622164011001587,0.43138501048088074
288,supervised,gradcam,predicted,backbone.layer1,19,19,19,-0.048372358083724976,0.3582674264907837,0.15494753420352936
289,supervised,gradcam,predicted,backbone.layer1,19,19,19,0.28336969017982483,0.4470854103565216,0.3652275502681732
290,supervised,gradcam,predicted,backbone.layer1,20,29,29,-0.12686342000961304,0.23788487911224365,0.05551072955131531
291,supervised,gradcam,predicted,backbone.layer1,20,20,20,0.2911979556083679,0.32648658752441406,0.308842271566391
292,supervised,gradcam,predicted,backbone.layer1,20,20,20,0.05960419774055481,0.009379648603498936,0.03449192317202687
293,supervised,gradcam,predicted,backbone.layer1,20,25,25,0.08842234313488007,0.4785037636756897,0.2834630534052849
294,supervised,gradcam,predicted,backbone.layer1,20,20,20,0.014494163915514946,0.25022265315055847,0.1323584085330367
295,supervised,gradcam,predicted,backbone.layer1,20,20,20,0.1571417599916458,0.020550495013594627,0.08884612750262022
296,supervised,gradcam,predicted,backbone.layer1,20,20,20,0.23715977370738983,0.19982339441776276,0.2184915840625763
297,supervised,gradcam,predicted,backbone.layer1,20,20,20,0.10138039290904999,0.3290397524833679,0.21521007269620895
298,supervised,gradcam,predicted,backbone.layer1,20,20,20,0.006012138444930315,0.406419962644577,0.20621605054475367
299,supervised,gradcam,predicted,backbone.layer1,20,20,20,0.250933974981308,0.433721661567688,0.342327818274498
300,supervised,gradcam,predicted,backbone.layer1,20,20,20,0.12719592452049255,0.3692266345024109,0.24821127951145172
301,supervised,gradcam,predicted,backbone.layer1,20,25,25,0.09681741148233414,0.34902939200401306,0.2229234017431736
302,supervised,gradcam,predicted,backbone.layer1,21,21,21,-0.03757840394973755,0.23518355190753937,0.09880257397890091
303,supervised,gradcam,predicted,backbone.layer1,21,21,21,-0.10278870910406113,0.20296943187713623,0.05009036138653755
304,supervised,gradcam,predicted,backbone.layer1,21,21,21,0.04384184628725052,0.11156249046325684,0.07770216837525368
305,supervised,gradcam,predicted,backbone.layer1,21,21,21,0.028258472681045532,0.11792213469743729,0.07309030368924141
306,supervised,gradcam,predicted,backbone.layer1,21,21,21,0.11535743623971939,0.027955379337072372,0.07165640778839588
307,supervised,gradcam,predicted,backbone.layer1,21,18,18,0.09916989505290985,0.44733867049217224,0.27325428277254105
308,supervised,gradcam,predicted,backbone.layer1,21,21,21,0.37452438473701477,0.20906507968902588,0.2917947322130203
309,supervised,gradcam,predicted,backbone.layer1,21,21,21,-0.1922864466905594,0.11301534622907639,-0.0396355502307415
310,supervised,gradcam,predicted,backbone.layer1,21,21,21,0.019781751558184624,0.22380122542381287,0.12179148849099874
311,supervised,gradcam,predicted,backbone.layer1,21,21,21,0.06138719990849495,0.3117864429950714,0.18658682145178318
312,supervised,gradcam,predicted,backbone.layer1,21,21,21,-0.0934348925948143,0.3010219633579254,0.10379353538155556
313,supervised,gradcam,predicted,backbone.layer1,21,21,21,0.21485158801078796,0.27835679054260254,0.24660418927669525
314,supervised,gradcam,predicted,backbone.layer1,21,21,21,-0.07899777591228485,0.06000668928027153,-0.00949554331600666
315,supervised,gradcam,predicted,backbone.layer1,21,21,21,0.13712330162525177,0.0266607403755188,0.08189202100038528
316,supervised,gradcam,predicted,backbone.layer1,21,21,21,-0.09362825751304626,0.36044466495513916,0.13340820372104645
317,supervised,gradcam,predicted,backbone.layer1,22,22,22,0.027990197762846947,0.03135174140334129,0.02967096958309412
318,supervised,gradcam,predicted,backbone.layer1,22,22,22,-0.020448623225092888,0.22443121671676636,0.10199129674583673
319,supervised,gradcam,predicted,backbone.layer1,22,19,19,0.31630513072013855,0.3592027723789215,0.33775395154953003
288,supervised,gradcam,predicted,backbone.layer2,19,19,19,0.25826287269592285,0.4864421486854553,0.3723525106906891
289,supervised,gradcam,predicted,backbone.layer2,19,19,19,0.4819343090057373,0.5153713226318359,0.4986528158187866
290,supervised,gradcam,predicted,backbone.layer2,20,29,29,-0.15358997881412506,0.3057020604610443,0.07605604082345963
291,supervised,gradcam,predicted,backbone.layer2,20,20,20,0.024435635656118393,0.4113081693649292,0.2178719025105238
292,supervised,gradcam,predicted,backbone.layer2,20,20,20,-0.21394796669483185,0.16057240962982178,-0.026687778532505035
293,supervised,gradcam,predicted,backbone.layer2,20,25,25,-0.2514749765396118,0.27338340878486633,0.010954216122627258
294,supervised,gradcam,predicted,backbone.layer2,20,20,20,0.23812097311019897,0.4428105652332306,0.3404657691717148
295,supervised,gradcam,predicted,backbone.layer2,20,20,20,-0.0748208537697792,0.18627509474754333,0.055727120488882065
296,supervised,gradcam,predicted,backbone.layer2,20,20,20,0.6431738138198853,0.416420042514801,0.5297969281673431
297,supervised,gradcam,predicted,backbone.layer2,20,20,20,0.026060229167342186,0.2662365436553955,0.14614838641136885
298,supervised,gradcam,predicted,backbone.layer2,20,20,20,0.15575066208839417,0.2687778174877167,0.21226423978805542
299,supervised,gradcam,predicted,backbone.layer2,20,20,20,0.12921039760112762,0.4518442153930664,0.290527306497097
300,supervised,gradcam,predicted,backbone.layer2,20,20,20,-0.12888416647911072,0.3529440760612488,0.11202995479106903
301,supervised,gradcam,predicted,backbone.layer2,20,25,25,0.22824165225028992,0.3823898732662201,0.305315762758255
302,supervised,gradcam,predicted,backbone.layer2,21,21,21,0.07710013538599014,0.2907862663269043,0.18394320085644722
303,supervised,gradcam,predicted,backbone.layer2,21,21,21,-0.06043470278382301,0.3706153631210327,0.15509033016860485
304,supervised,gradcam,predicted,backbone.layer2,21,21,21,0.05072205513715744,0.28751829266548157,0.1691201739013195
305,supervised,gradcam,predicted,backbone.layer2,21,21,21,-0.0034910552203655243,0.45995786786079407,0.22823340632021427
306,supervised,gradcam,predicted,backbone.layer2,21,21,21,0.26430490612983704,0.242292121052742,0.2532985135912895
307,supervised,gradcam,predicted,backbone.layer2,21,18,18,-0.15255676209926605,0.2846510708332062,0.06604715436697006
308,supervised,gradcam,predicted,backbone.layer2,21,21,21,0.15517652034759521,0.4060940742492676,0.2806352972984314
309,supervised,gradcam,predicted,backbone.layer2,21,21,21,-0.12002194672822952,0.08832976222038269,-0.015846092253923416
310,supervised,gradcam,predicted,backbone.layer2,21,21,21,-0.10021617263555527,0.33433789014816284,0.11706085875630379
311,supervised,gradcam,predicted,backbone.layer2,21,21,21,0.11034820973873138,0.40726402401924133,0.25880611687898636
312,supervised,gradcam,predicted,backbone.layer2,21,21,21,-0.13081148266792297,0.1458837389945984,0.0075361281633377075
313,supervised,gradcam,predicted,backbone.layer2,21,21,21,-0.036557286977767944,0.3021756112575531,0.13280916213989258
314,supervised,gradcam,predicted,backbone.layer2,21,21,21,-0.008584471419453621,0.32898569107055664,0.1602006098255515
315,supervised,gradcam,predicted,backbone.layer2,21,21,21,-0.04542015120387077,0.20470286905765533,0.07964135892689228
316,supervised,gradcam,predicted,backbone.layer2,21,21,21,0.056126296520233154,0.27736932039260864,0.1667478084564209
317,supervised,gradcam,predicted,backbone.layer2,22,22,22,-0.02164292335510254,0.33209943771362305,0.15522825717926025
318,supervised,gradcam,predicted,backbone.layer2,22,22,22,-0.07436996698379517,0.33837008476257324,0.13200005888938904
319,supervised,gradcam,predicted,backbone.layer2,22,19,19,0.27386701107025146,0.25415122509002686,0.26400911808013916
288,supervised,gradcam,predicted,backbone.layer3,19,19,19,0.332670658826828,0.42785438895225525,0.3802625238895416
289,supervised,gradcam,predicted,backbone.layer3,19,19,19,0.022119533270597458,0.24204637110233307,0.13208295218646526
290,supervised,gradcam,predicted,backbone.layer3,20,29,29,0.43552279472351074,0.36276009678840637,0.39914144575595856
291,supervised,gradcam,predicted,backbone.layer3,20,20,20,0.508777916431427,0.6310621500015259,0.5699200332164764
292,supervised,gradcam,predicted,backbone.layer3,20,20,20,-0.1534653604030609,0.29471516609191895,0.07062490284442902
293,supervised,gradcam,predicted,backbone.layer3,20,25,25,-0.32973870635032654,0.2641970217227936,-0.03277084231376648
294,supervised,gradcam,predicted,backbone.layer3,20,20,20,0.27237623929977417,0.5249316096305847,0.39865392446517944
295,supervised,gradcam,predicted,backbone.layer3,20,20,20,0.30444687604904175,0.36621642112731934,0.33533164858818054
296,supervised,gradcam,predicted,backbone.layer3,20,20,20,-0.03723869472742081,0.36459800601005554,0.16367965564131737
297,supervised,gradcam,predicted,backbone.layer3,20,20,20,0.2539578080177307,0.2587498724460602,0.25635384023189545
298,supervised,gradcam,predicted,backbone.layer3,20,20,20,-0.2877769470214844,0.42829471826553345,0.07025888562202454
299,supervised,gradcam,predicted,backbone.layer3,20,20,20,-0.29192739725112915,0.3632129728794098,0.03564278781414032
300,supervised,gradcam,predicted,backbone.layer3,20,20,20,0.4082464575767517,0.4078989028930664,0.40807268023490906
301,supervised,gradcam,predicted,backbone.layer3,20,25,25,0.5379880666732788,0.5452675223350525,0.5416277945041656
302,supervised,gradcam,predicted,backbone.layer3,21,21,21,0.16682614386081696,0.32320404052734375,0.24501509219408035
303,supervised,gradcam,predicted,backbone.layer3,21,21,21,0.18201586604118347,0.4080364406108856,0.29502615332603455
304,supervised,gradcam,predicted,backbone.layer3,21,21,21,-0.12104305624961853,0.2989991009235382,0.08897802233695984
305,supervised,gradcam,predicted,backbone.layer3,21,21,21,-0.16120392084121704,0.3302673399448395,0.08453170955181122
306,supervised,gradcam,predicted,backbone.layer3,21,21,21,0.10197678953409195,0.38561007380485535,0.24379343166947365
307,supervised,gradcam,predicted,backbone.layer3,21,18,18,-0.16582119464874268,0.4395514726638794,0.13686513900756836
308,supervised,gradcam,predicted,backbone.layer3,21,21,21,0.03696620091795921,0.30736953020095825,0.17216786555945873
309,supervised,gradcam,predicted,backbone.layer3,21,21,21,-0.007116712164133787,0.1269960105419159,0.05993964918889105
310,supervised,gradcam,predicted,backbone.layer3,21,21,21,-0.09562794119119644,0.3322538435459137,0.11831295117735863
311,supervised,gradcam,predicted,backbone.layer3,21,21,21,-0.3651224374771118,0.13462746143341064,-0.11524748802185059
312,supervised,gradcam,predicted,backbone.layer3,21,21,21,0.16138359904289246,0.41344013810157776,0.2874118685722351
313,supervised,gradcam,predicted,backbone.layer3,21,21,21,0.1613394021987915,0.2988538146018982,0.23009660840034485
314,supervised,gradcam,predicted,backbone.layer3,21,21,21,-0.2946455478668213,0.2563614845275879,-0.0191420316696167
315,supervised,gradcam,predicted,backbone.layer3,21,21,21,-0.33237123489379883,0.24211736023426056,-0.045126937329769135
316,supervised,gradcam,predicted,backbone.layer3,21,21,21,0.11415155977010727,0.38147157430648804,0.24781156703829765
317,supervised,gradcam,predicted,backbone.layer3,22,22,22,0.48634952306747437,0.4708549976348877,0.47860226035118103
318,supervised,gradcam,predicted,backbone.layer3,22,22,22,-0.01604982651770115,0.4725416898727417,0.22824593167752028
319,supervised,gradcam,predicted,backbone.layer3,22,19,19,0.12116619944572449,0.4105929732322693,0.2658795863389969
288,supervised,gradcam,predicted,backbone.layer4,19,19,19,0.0674234926700592,0.47987106442451477,0.273647278547287
289,supervised,gradcam,predicted,backbone.layer4,19,19,19,0.06900203227996826,0.5273526906967163,0.2981773614883423
290,supervised,gradcam,predicted,backbone.layer4,20,29,29,0.14580301940441132,0.4931510388851166,0.31947702914476395
291,supervised,gradcam,predicted,backbone.layer4,20,20,20,-0.022955015301704407,0.5829446911811829,0.2799948379397392
292,supervised,gradcam,predicted,backbone.layer4,20,20,20,0.30429983139038086,0.5437808632850647,0.4240403473377228
293,supervised,gradcam,predicted,backbone.layer4,20,25,25,0.00031368935015052557,0.47582653164863586,0.2380701104993932
294,supervised,gradcam,predicted,backbone.layer4,20,20,20,0.5946662425994873,0.5538422465324402,0.5742542445659637
295,supervised,gradcam,predicted,backbone.layer4,20,20,20,0.563834011554718,0.5537501573562622,0.5587920844554901
296,supervised,gradcam,predicted,backbone.layer4,20,20,20,0.599396824836731,0.5510074496269226,0.5752021372318268
297,supervised,gradcam,predicted,backbone.layer4,20,20,20,0.3722991347312927,0.5425862073898315,0.45744267106056213
298,supervised,gradcam,predicted,backbone.layer4,20,20,20,-0.21201111376285553,0.42644354701042175,0.10721621662378311
299,supervised,gradcam,predicted,backbone.layer4,20,20,20,0.08450648188591003,0.4985397160053253,0.2915230989456177
300,supervised,gradcam,predicted,backbone.layer4,20,20,20,0.0930170938372612,0.5384799838066101,0.31574853882193565
301,supervised,gradcam,predicted,backbone.layer4,20,25,25,0.332955002784729,0.5625916123390198,0.4477733075618744
302,supervised,gradcam,predicted,backbone.layer4,21,21,21,-0.1661018431186676,0.47819432616233826,0.15604624152183533
303,supervised,gradcam,predicted,backbone.layer4,21,21,21,0.49953415989875793,0.5044966340065002,0.5020153969526291
304,supervised,gradcam,predicted,backbone.layer4,21,21,21,0.47557052969932556,0.5864207148551941,0.5309956222772598
305,supervised,gradcam,predicted,backbone.layer4,21,21,21,0.23520688712596893,0.5408430099487305,0.3880249485373497
306,supervised,gradcam,predicted,backbone.layer4,21,21,21,0.43025919795036316,0.5713866353034973,0.5008229166269302
307,supervised,gradcam,predicted,backbone.layer4,21,18,18,0.35485345125198364,0.5458541512489319,0.45035380125045776
308,supervised,gradcam,predicted,backbone.layer4,21,21,21,0.3113049268722534,0.5838118195533752,0.44755837321281433
309,supervised,gradcam,predicted,backbone.layer4,21,21,21,0.44897544384002686,0.5319339632987976,0.49045470356941223
310,supervised,gradcam,predicted,backbone.layer4,21,21,21,0.06053132191300392,0.5155081748962402,0.2880197484046221
311,supervised,gradcam,predicted,backbone.layer4,21,21,21,0.09566155076026917,0.4774339199066162,0.2865477353334427
312,supervised,gradcam,predicted,backbone.layer4,21,21,21,0.2508593499660492,0.5290126800537109,0.38993601500988007
313,supervised,gradcam,predicted,backbone.layer4,21,21,21,0.15923289954662323,0.5240986943244934,0.3416657969355583
314,supervised,gradcam,predicted,backbone.layer4,21,21,21,0.13493956625461578,0.4819183349609375,0.30842895060777664
315,supervised,gradcam,predicted,backbone.layer4,21,21,21,0.25375106930732727,0.507091224193573,0.38042114675045013
316,supervised,gradcam,predicted,backbone.layer4,21,21,21,0.47891706228256226,0.5760537385940552,0.5274854004383087
317,supervised,gradcam,predicted,backbone.layer4,22,22,22,0.11859377473592758,0.5144781470298767,0.31653596088290215
318,supervised,gradcam,predicted,backbone.layer4,22,22,22,0.4729320704936981,0.5455490350723267,0.5092405527830124
319,supervised,gradcam,predicted,backbone.layer4,22,19,19,0.15711219608783722,0.5991710424423218,0.3781416192650795
320,supervised,gradcam,predicted,backbone.layer1,22,22,22,0.012975674122571945,0.0023150984197854996,0.007645386271178722
321,supervised,gradcam,predicted,backbone.layer1,22,22,22,0.04491178318858147,0.11060091108083725,0.07775634713470936
322,supervised,gradcam,predicted,backbone.layer1,22,18,18,0.36134424805641174,0.27321961522102356,0.31728193163871765
323,supervised,gradcam,predicted,backbone.layer1,22,22,22,0.669430136680603,0.5129086375236511,0.5911693871021271
324,supervised,gradcam,predicted,backbone.layer1,22,30,30,-0.05768168345093727,0.4553163945674896,0.19881735555827618
325,supervised,gradcam,predicted,backbone.layer1,22,22,22,0.0061154053546488285,0.02734886109828949,0.01673213322646916
326,supervised,gradcam,predicted,backbone.layer1,22,22,22,-0.12590844929218292,0.16378828883171082,0.018939919769763947
327,supervised,gradcam,predicted,backbone.layer1,22,22,22,-0.023562880232930183,0.31412678956985474,0.14528195466846228
328,supervised,gradcam,predicted,backbone.layer1,22,22,22,0.1514500081539154,0.37935546040534973,0.26540273427963257
329,supervised,gradcam,predicted,backbone.layer1,22,22,22,-0.07146161049604416,0.1255655288696289,0.027051959186792374
330,supervised,gradcam,predicted,backbone.layer1,22,22,22,0.1136232390999794,0.08818735182285309,0.10090529546141624
331,supervised,gradcam,predicted,backbone.layer1,22,22,22,-0.0377974659204483,0.05947776511311531,0.010840149596333504
332,supervised,gradcam,predicted,backbone.layer1,22,39,39,-0.1286097913980484,0.28224748373031616,0.07681884616613388
333,supervised,gradcam,predicted,backbone.layer1,22,1,1,-0.03655467554926872,0.009623157791793346,-0.013465758878737688
334,supervised,gradcam,predicted,backbone.layer1,22,22,22,-0.13014326989650726,0.12119773030281067,-0.004472769796848297
335,supervised,gradcam,predicted,backbone.layer1,22,22,22,-0.05681663751602173,0.3509252965450287,0.14705432951450348
336,supervised,gradcam,predicted,backbone.layer1,23,17,17,0.3430928587913513,0.1487649530172348,0.24592890590429306
337,supervised,gradcam,predicted,backbone.layer1,23,10,10,-0.12533670663833618,0.061732035130262375,-0.0318023357540369
338,supervised,gradcam,predicted,backbone.layer1,23,29,29,-0.13262584805488586,0.3516213893890381,0.10949777066707611
339,supervised,gradcam,predicted,backbone.layer1,23,23,23,-0.2965514361858368,0.3176582157611847,0.01055338978767395
340,supervised,gradcam,predicted,backbone.layer1,23,23,23,0.44710370898246765,0.04905930906534195,0.2480815090239048
341,supervised,gradcam,predicted,backbone.layer1,23,23,23,-0.04353062063455582,0.180635005235672,0.06855219230055809
342,supervised,gradcam,predicted,backbone.layer1,23,23,23,0.10852440446615219,0.26127609610557556,0.18490025028586388
343,supervised,gradcam,predicted,backbone.layer1,23,23,23,-0.3560195565223694,0.31032758951187134,-0.022845983505249023
344,supervised,gradcam,predicted,backbone.layer1,23,23,23,0.2880215644836426,0.4602782130241394,0.374149888753891
345,supervised,gradcam,predicted,backbone.layer1,23,23,23,0.1620718389749527,0.34043169021606445,0.2512517645955086
346,supervised,gradcam,predicted,backbone.layer1,23,23,23,-0.15611140429973602,0.20955826342105865,0.026723429560661316
347,supervised,gradcam,predicted,backbone.layer1,23,23,23,-0.015943918377161026,0.0776844248175621,0.03087025322020054
348,supervised,gradcam,predicted,backbone.layer1,23,23,23,0.1994377076625824,0.5196009874343872,0.3595193475484848
349,supervised,gradcam,predicted,backbone.layer1,24,24,24,0.6013745069503784,0.32353630661964417,0.4624554067850113
350,supervised,gradcam,predicted,backbone.layer1,24,24,24,-0.0934915617108345,0.08309955894947052,-0.005196001380681992
351,supervised,gradcam,predicted,backbone.layer1,24,24,24,0.3977217972278595,0.40882864594459534,0.4032752215862274
320,supervised,gradcam,predicted,backbone.layer2,22,22,22,0.2818247377872467,0.5238605737686157,0.4028426557779312
321,supervised,gradcam,predicted,backbone.layer2,22,22,22,0.43197742104530334,0.2953658998012543,0.3636716604232788
322,supervised,gradcam,predicted,backbone.layer2,22,18,18,0.4013769328594208,0.13505379855632782,0.2682153657078743
323,supervised,gradcam,predicted,backbone.layer2,22,22,22,0.2780701220035553,0.4201359450817108,0.34910303354263306
324,supervised,gradcam,predicted,backbone.layer2,22,30,30,-0.10542924702167511,0.21410124003887177,0.05433599650859833
325,supervised,gradcam,predicted,backbone.layer2,22,22,22,-0.30310043692588806,0.26767870783805847,-0.017710864543914795
326,supervised,gradcam,predicted,backbone.layer2,22,22,22,-0.13910187780857086,0.10979975759983063,-0.014651060104370117
327,supervised,gradcam,predicted,backbone.layer2,22,22,22,0.01370178535580635,0.3708725869655609,0.19228718616068363
328,supervised,gradcam,predicted,backbone.layer2,22,22,22,-0.3400498330593109,0.11233264207839966,-0.11385859549045563
329,supervised,gradcam,predicted,backbone.layer2,22,22,22,0.3507682681083679,0.3613523542881012,0.35606031119823456
330,supervised,gradcam,predicted,backbone.layer2,22,22,22,-0.10139978677034378,0.4305546283721924,0.1645774208009243
331,supervised,gradcam,predicted,backbone.layer2,22,22,22,0.32553815841674805,0.41066309809684753,0.3681006282567978
332,supervised,gradcam,predicted,backbone.layer2,22,39,39,0.11712166666984558,0.3250468969345093,0.22108428180217743
333,supervised,gradcam,predicted,backbone.layer2,22,1,1,-0.058070771396160126,0.3763806223869324,0.15915492549538612
334,supervised,gradcam,predicted,backbone.layer2,22,22,22,0.149658665060997,0.19516047835350037,0.1724095717072487
335,supervised,gradcam,predicted,backbone.layer2,22,22,22,-0.16526402533054352,0.4336468577384949,0.13419141620397568
336,supervised,gradcam,predicted,backbone.layer2,23,17,17,0.29183676838874817,0.16178303956985474,0.22680990397930145
337,supervised,gradcam,predicted,backbone.layer2,23,10,10,-0.2787524163722992,0.1967412382364273,-0.041005589067935944
338,supervised,gradcam,predicted,backbone.layer2,23,29,29,0.09940928965806961,0.201070174574852,0.1502397321164608
339,supervised,gradcam,predicted,backbone.layer2,23,23,23,-0.12087007611989975,0.3389020562171936,0.10901599004864693
340,supervised,gradcam,predicted,backbone.layer2,23,23,23,0.4020617604255676,0.23751738667488098,0.3197895735502243
341,supervised,gradcam,predicted,backbone.layer2,23,23,23,-0.12869636714458466,0.19125905632972717,0.03128134459257126
342,supervised,gradcam,predicted,backbone.layer2,23,23,23,0.1470205932855606,0.32632455229759216,0.23667257279157639
343,supervised,gradcam,predicted,backbone.layer2,23,23,23,-0.2715114951133728,0.5171676874160767,0.12282809615135193
344,supervised,gradcam,predicted,backbone.layer2,23,23,23,-0.004684048239141703,0.3240945041179657,0.159705227939412
345,supervised,gradcam,predicted,backbone.layer2,23,23,23,0.020349424332380295,0.33943650126457214,0.17989296279847622
346,supervised,gradcam,predicted,backbone.layer2,23,23,23,-0.09074006974697113,0.26993879675865173,0.0895993635058403
347,supervised,gradcam,predicted,backbone.layer2,23,23,23,0.02663387730717659,0.40140458941459656,0.21401923336088657
348,supervised,gradcam,predicted,backbone.layer2,23,23,23,-0.15060432255268097,0.4404154121875763,0.14490554481744766
349,supervised,gradcam,predicted,backbone.layer2,24,24,24,-0.0176909901201725,0.11719395965337753,0.049751484766602516
350,supervised,gradcam,predicted,backbone.layer2,24,24,24,-0.013590313494205475,0.41602393984794617,0.20121681317687035
351,supervised,gradcam,predicted,backbone.layer2,24,24,24,0.09682650119066238,0.1287315934896469,0.11277904734015465
320,supervised,gradcam,predicted,backbone.layer3,22,22,22,0.16062518954277039,0.2812386155128479,0.22093190252780914
321,supervised,gradcam,predicted,backbone.layer3,22,22,22,0.36844906210899353,0.4775434732437134,0.42299626767635345
322,supervised,gradcam,predicted,backbone.layer3,22,18,18,0.2089054435491562,0.5007186532020569,0.35481204837560654
323,supervised,gradcam,predicted,backbone.layer3,22,22,22,-0.0639173686504364,0.0529654361307621,-0.005475966259837151
324,supervised,gradcam,predicted,backbone.layer3,22,30,30,0.0720474123954773,0.3288125991821289,0.2004300057888031
325,supervised,gradcam,predicted,backbone.layer3,22,22,22,0.2696860730648041,0.17141486704349518,0.22055047005414963
326,supervised,gradcam,predicted,backbone.layer3,22,22,22,0.32882633805274963,0.31498467922210693,0.3219055086374283
327,supervised,gradcam,predicted,backbone.layer3,22,22,22,0.5205760598182678,0.4207614064216614,0.4706687331199646
328,supervised,gradcam,predicted,backbone.layer3,22,22,22,0.13901571929454803,0.2270544320344925,0.18303507566452026
329,supervised,gradcam,predicted,backbone.layer3,22,22,22,0.31062477827072144,0.35098594427108765,0.33080536127090454
330,supervised,gradcam,predicted,backbone.layer3,22,22,22,0.5999653339385986,0.29690974950790405,0.44843754172325134
331,supervised,gradcam,predicted,backbone.layer3,22,22,22,0.2671911418437958,0.21412895619869232,0.24066004902124405
332,supervised,gradcam,predicted,backbone.layer3,22,39,39,0.3655581772327423,0.41901707649230957,0.39228762686252594
333,supervised,gradcam,predicted,backbone.layer3,22,1,1,-0.48081788420677185,0.12816789746284485,-0.1763249933719635
334,supervised,gradcam,predicted,backbone.layer3,22,22,22,0.4427182674407959,0.5083653330802917,0.4755418002605438
335,supervised,gradcam,predicted,backbone.layer3,22,22,22,-0.011121618561446667,0.36873844265937805,0.1788084120489657
336,supervised,gradcam,predicted,backbone.layer3,23,17,17,0.08952157944440842,0.43446028232574463,0.2619909308850765
337,supervised,gradcam,predicted,backbone.layer3,23,10,10,-0.21885518729686737,0.07123652845621109,-0.07380932942032814
338,supervised,gradcam,predicted,backbone.layer3,23,29,29,-0.09496064484119415,0.19485098123550415,0.049945168197155
339,supervised,gradcam,predicted,backbone.layer3,23,23,23,-0.07297850400209427,0.2758188545703888,0.10142017528414726
340,supervised,gradcam,predicted,backbone.layer3,23,23,23,-0.08688955754041672,0.13876141607761383,0.025935929268598557
341,supervised,gradcam,predicted,backbone.layer3,23,23,23,-0.1339215338230133,0.2011660784482956,0.033622272312641144
342,supervised,gradcam,predicted,backbone.layer3,23,23,23,0.1057833731174469,0.34348806738853455,0.22463572025299072
343,supervised,gradcam,predicted,backbone.layer3,23,23,23,-0.09172579646110535,0.410467267036438,0.15937073528766632
344,supervised,gradcam,predicted,backbone.layer3,23,23,23,0.15980784595012665,0.33063408732414246,0.24522096663713455
345,supervised,gradcam,predicted,backbone.layer3,23,23,23,-0.15045130252838135,0.4133632481098175,0.13145597279071808
346,supervised,gradcam,predicted,backbone.layer3,23,23,23,-0.050232041627168655,0.3918364346027374,0.17080219648778439
347,supervised,gradcam,predicted,backbone.layer3,23,23,23,0.3024488687515259,0.40298008918762207,0.352714478969574
348,supervised,gradcam,predicted,backbone.layer3,23,23,23,0.0926053375005722,0.37492483854293823,0.23376508802175522
349,supervised,gradcam,predicted,backbone.layer3,24,24,24,0.3435620665550232,0.5118637084960938,0.42771288752555847
350,supervised,gradcam,predicted,backbone.layer3,24,24,24,0.16005773842334747,0.3940122425556183,0.2770349904894829
351,supervised,gradcam,predicted,backbone.layer3,24,24,24,0.6967902779579163,0.5356429219245911,0.6162165999412537
320,supervised,gradcam,predicted,backbone.layer4,22,22,22,0.31480634212493896,0.5121811032295227,0.41349372267723083
321,supervised,gradcam,predicted,backbone.layer4,22,22,22,0.572047770023346,0.5706096291542053,0.5713286995887756
322,supervised,gradcam,predicted,backbone.layer4,22,18,18,-0.06776086241006851,0.49837324023246765,0.21530618891119957
323,supervised,gradcam,predicted,backbone.layer4,22,22,22,0.19740799069404602,0.5193889737129211,0.3583984822034836
324,supervised,gradcam,predicted,backbone.layer4,22,30,30,-0.25313520431518555,0.44846466183662415,0.0976647287607193
325,supervised,gradcam,predicted,backbone.layer4,22,22,22,0.033404260873794556,0.4784593880176544,0.2559318244457245
326,supervised,gradcam,predicted,backbone.layer4,22,22,22,-0.08626143634319305,0.4938066601753235,0.20377261191606522
327,supervised,gradcam,predicted,backbone.layer4,22,22,22,0.35499003529548645,0.5578006505966187,0.45639534294605255
328,supervised,gradcam,predicted,backbone.layer4,22,22,22,0.21637001633644104,0.5362359881401062,0.3763030022382736
329,supervised,gradcam,predicted,backbone.layer4,22,22,22,0.16826368868350983,0.5790867209434509,0.3736752048134804
330,supervised,gradcam,predicted,backbone.layer4,22,22,22,-0.17841055989265442,0.5088310241699219,0.16521023213863373
331,supervised,gradcam,predicted,backbone.layer4,22,22,22,0.39534565806388855,0.4821217656135559,0.43873371183872223
332,supervised,gradcam,predicted,backbone.layer4,22,39,39,0.040667351335287094,0.47240397334098816,0.2565356623381376
333,supervised,gradcam,predicted,backbone.layer4,22,1,1,0.4682695269584656,0.5211465954780579,0.4947080612182617
334,supervised,gradcam,predicted,backbone.layer4,22,22,22,0.6580031514167786,0.5378838777542114,0.597943514585495
335,supervised,gradcam,predicted,backbone.layer4,22,22,22,0.3733574151992798,0.5390008687973022,0.456179141998291
336,supervised,gradcam,predicted,backbone.layer4,23,17,17,0.03166355565190315,0.5347864627838135,0.2832250092178583
337,supervised,gradcam,predicted,backbone.layer4,23,10,10,0.16320528090000153,0.5054911971092224,0.33434823900461197
338,supervised,gradcam,predicted,backbone.layer4,23,29,29,0.49057653546333313,0.5957985520362854,0.5431875437498093
339,supervised,gradcam,predicted,backbone.layer4,23,23,23,0.2702334523200989,0.529707670211792,0.39997056126594543
340,supervised,gradcam,predicted,backbone.layer4,23,23,23,0.36497336626052856,0.5971596837043762,0.4810665249824524
341,supervised,gradcam,predicted,backbone.layer4,23,23,23,0.2818291485309601,0.5546740293502808,0.4182515889406204
342,supervised,gradcam,predicted,backbone.layer4,23,23,23,0.26150038838386536,0.5119078159332275,0.38670410215854645
343,supervised,gradcam,predicted,backbone.layer4,23,23,23,0.38986286520957947,0.5313162803649902,0.46058957278728485
344,supervised,gradcam,predicted,backbone.layer4,23,23,23,0.12093275785446167,0.5468021631240845,0.33386746048927307
345,supervised,gradcam,predicted,backbone.layer4,23,23,23,0.3659398853778839,0.5159990191459656,0.44096945226192474
346,supervised,gradcam,predicted,backbone.layer4,23,23,23,-0.03136594966053963,0.4923211634159088,0.2304776068776846
347,supervised,gradcam,predicted,backbone.layer4,23,23,23,0.09230948984622955,0.4403165876865387,0.2663130387663841
348,supervised,gradcam,predicted,backbone.layer4,23,23,23,0.2478087842464447,0.5246478915214539,0.3862283378839493
349,supervised,gradcam,predicted,backbone.layer4,24,24,24,-0.5311883091926575,0.3839492201805115,-0.073619544506073
350,supervised,gradcam,predicted,backbone.layer4,24,24,24,0.3833962380886078,0.5241264700889587,0.45376135408878326
351,supervised,gradcam,predicted,backbone.layer4,24,24,24,0.45010682940483093,0.5173618197441101,0.4837343245744705
352,supervised,gradcam,predicted,backbone.layer1,24,24,24,0.005722164176404476,0.3834834396839142,0.19460280193015933
353,supervised,gradcam,predicted,backbone.layer1,24,32,32,-0.2870727777481079,0.34845787286758423,0.03069254755973816
354,supervised,gradcam,predicted,backbone.layer1,24,24,24,0.051470328122377396,0.05254295468330383,0.052006641402840614
355,supervised,gradcam,predicted,backbone.layer1,24,24,24,0.6809126734733582,0.3532369136810303,0.5170747935771942
356,supervised,gradcam,predicted,backbone.layer1,24,24,24,-0.06971888244152069,0.01931547373533249,-0.0252017043530941
357,supervised,gradcam,predicted,backbone.layer1,24,24,24,-0.13307026028633118,0.21010980010032654,0.03851976990699768
358,supervised,gradcam,predicted,backbone.layer1,24,30,30,-0.020925059914588928,0.14008678495883942,0.059580862522125244
359,supervised,gradcam,predicted,backbone.layer1,24,24,24,-0.019476918503642082,0.3469471037387848,0.16373509261757135
360,supervised,gradcam,predicted,backbone.layer1,24,24,24,0.07568313926458359,0.04755157604813576,0.06161735765635967
361,supervised,gradcam,predicted,backbone.layer1,25,25,25,0.16463784873485565,0.3259347975254059,0.24528632313013077
362,supervised,gradcam,predicted,backbone.layer1,25,25,25,0.15859797596931458,0.19138409197330475,0.17499103397130966
363,supervised,gradcam,predicted,backbone.layer1,25,25,25,0.2352299988269806,0.48061856627464294,0.35792428255081177
364,supervised,gradcam,predicted,backbone.layer1,25,25,25,-0.26950952410697937,0.07166501879692078,-0.0989222526550293
365,supervised,gradcam,predicted,backbone.layer1,25,25,25,0.10732215642929077,0.30603861808776855,0.20668038725852966
366,supervised,gradcam,predicted,backbone.layer1,25,25,25,0.3816594183444977,0.34415191411972046,0.36290566623210907
367,supervised,gradcam,predicted,backbone.layer1,25,25,25,-0.1718660444021225,0.15263883769512177,-0.009613603353500366
368,supervised,gradcam,predicted,backbone.layer1,25,25,25,0.29091575741767883,0.22509506344795227,0.25800541043281555
369,supervised,gradcam,predicted,backbone.layer1,25,25,25,0.17801523208618164,0.4930174946784973,0.3355163633823395
370,supervised,gradcam,predicted,backbone.layer1,25,25,25,0.19810809195041656,0.28477048873901367,0.24143929034471512
371,supervised,gradcam,predicted,backbone.layer1,25,25,25,0.07446062564849854,0.4116031229496002,0.24303187429904938
372,supervised,gradcam,predicted,backbone.layer1,25,25,25,0.291004478931427,0.0901656374335289,0.19058505818247795
373,supervised,gradcam,predicted,backbone.layer1,25,25,25,0.11666511744260788,0.3644663989543915,0.24056575819849968
374,supervised,gradcam,predicted,backbone.layer1,25,25,25,0.357017457485199,0.4745897054672241,0.41580358147621155
375,supervised,gradcam,predicted,backbone.layer1,26,26,26,0.35293954610824585,0.06652893126010895,0.2097342386841774
376,supervised,gradcam,predicted,backbone.layer1,26,22,22,0.008136086165904999,0.010281167924404144,0.009208627045154572
377,supervised,gradcam,predicted,backbone.layer1,26,18,18,-0.11468315124511719,0.09619854390621185,-0.009242303669452667
378,supervised,gradcam,predicted,backbone.layer1,26,26,26,0.05260234326124191,0.44865429401397705,0.2506283186376095
379,supervised,gradcam,predicted,backbone.layer1,26,26,26,-0.11963675171136856,0.34244459867477417,0.1114039234817028
380,supervised,gradcam,predicted,backbone.layer1,26,26,26,0.09427104890346527,0.24936935305595398,0.17182020097970963
381,supervised,gradcam,predicted,backbone.layer1,26,26,26,0.0975133404135704,0.30304190516471863,0.20027762278914452
382,supervised,gradcam,predicted,backbone.layer1,26,26,26,0.10422584414482117,0.3553498387336731,0.22978784143924713
383,supervised,gradcam,predicted,backbone.layer1,26,26,26,0.42298007011413574,0.5911442041397095,0.5070621371269226
352,supervised,gradcam,predicted,backbone.layer2,24,24,24,-0.12246841192245483,0.3633434772491455,0.12043753266334534
353,supervised,gradcam,predicted,backbone.layer2,24,32,32,-0.1647954136133194,0.4453553259372711,0.14027995616197586
354,supervised,gradcam,predicted,backbone.layer2,24,24,24,-0.10098731517791748,0.20571179687976837,0.052362240850925446
355,supervised,gradcam,predicted,backbone.layer2,24,24,24,-0.2545083463191986,0.14781531691551208,-0.05334651470184326
356,supervised,gradcam,predicted,backbone.layer2,24,24,24,0.11201024055480957,0.40319061279296875,0.25760042667388916
357,supervised,gradcam,predicted,backbone.layer2,24,24,24,-0.119146928191185,0.2065284103155136,0.04369074106216431
358,supervised,gradcam,predicted,backbone.layer2,24,30,30,-0.23749221861362457,0.11947211623191833,-0.05901005119085312
359,supervised,gradcam,predicted,backbone.layer2,24,24,24,0.020201945677399635,0.32196930050849915,0.1710856230929494
360,supervised,gradcam,predicted,backbone.layer2,24,24,24,-0.11514552682638168,0.3684261441230774,0.12664030864834785
361,supervised,gradcam,predicted,backbone.layer2,25,25,25,0.29187119007110596,0.33927032351493835,0.31557075679302216
362,supervised,gradcam,predicted,backbone.layer2,25,25,25,-0.19266104698181152,0.3664223551750183,0.0868806540966034
363,supervised,gradcam,predicted,backbone.layer2,25,25,25,0.12316389381885529,0.21397589147090912,0.1685698926448822
364,supervised,gradcam,predicted,backbone.layer2,25,25,25,-0.33337369561195374,0.35172274708747864,0.009174525737762451
365,supervised,gradcam,predicted,backbone.layer2,25,25,25,-0.1016412228345871,0.43606632947921753,0.16721255332231522
366,supervised,gradcam,predicted,backbone.layer2,25,25,25,-0.31500664353370667,0.13385897874832153,-0.09057383239269257
367,supervised,gradcam,predicted,backbone.layer2,25,25,25,-0.24348074197769165,0.29364579916000366,0.025082528591156006
368,supervised,gradcam,predicted,backbone.layer2,25,25,25,0.053120724856853485,0.28903329372406006,0.17107700929045677
369,supervised,gradcam,predicted,backbone.layer2,25,25,25,-0.09275325387716293,0.2836824059486389,0.09546457603573799
370,supervised,gradcam,predicted,backbone.layer2,25,25,25,-0.19368304312229156,0.28652331233024597,0.0464201346039772
371,supervised,gradcam,predicted,backbone.layer2,25,25,25,0.03456839174032211,0.3038215935230255,0.1691949926316738
372,supervised,gradcam,predicted,backbone.layer2,25,25,25,-0.03746536746621132,0.22265948355197906,0.09259705804288387
373,supervised,gradcam,predicted,backbone.layer2,25,25,25,0.06266158819198608,0.38997355103492737,0.22631756961345673
374,supervised,gradcam,predicted,backbone.layer2,25,25,25,0.22981426119804382,0.45765846967697144,0.34373636543750763
375,supervised,gradcam,predicted,backbone.layer2,26,26,26,-0.2603406310081482,0.10483314096927643,-0.07775374501943588
376,supervised,gradcam,predicted,backbone.layer2,26,22,22,0.15882843732833862,0.3952270746231079,0.27702775597572327
377,supervised,gradcam,predicted,backbone.layer2,26,18,18,0.5762917399406433,0.34377285838127136,0.46003229916095734
378,supervised,gradcam,predicted,backbone.layer2,26,26,26,-0.4087657630443573,0.20101666450500488,-0.10387454926967621
379,supervised,gradcam,predicted,backbone.layer2,26,26,26,0.13996441662311554,0.4065396189689636,0.2732520177960396
380,supervised,gradcam,predicted,backbone.layer2,26,26,26,0.22713789343833923,0.3806566596031189,0.30389727652072906
381,supervised,gradcam,predicted,backbone.layer2,26,26,26,-0.3951372802257538,0.18986497819423676,-0.10263615101575851
382,supervised,gradcam,predicted,backbone.layer2,26,26,26,-0.08781807869672775,0.1794867217540741,0.04583432152867317
383,supervised,gradcam,predicted,backbone.layer2,26,26,26,0.24803109467029572,0.45878544449806213,0.3534082695841789
352,supervised,gradcam,predicted,backbone.layer3,24,24,24,-0.19589169323444366,0.44525063037872314,0.12467946857213974
353,supervised,gradcam,predicted,backbone.layer3,24,32,32,-0.254263311624527,0.32895249128341675,0.037344589829444885
354,supervised,gradcam,predicted,backbone.layer3,24,24,24,-0.2125827819108963,0.3967776894569397,0.0920974537730217
355,supervised,gradcam,predicted,backbone.layer3,24,24,24,0.31360089778900146,0.38942620158195496,0.3515135496854782
356,supervised,gradcam,predicted,backbone.layer3,24,24,24,-0.17993377149105072,0.4485875368118286,0.13432688266038895
357,supervised,gradcam,predicted,backbone.layer3,24,24,24,0.28434765338897705,0.4926051199436188,0.3884763866662979
358,supervised,gradcam,predicted,backbone.layer3,24,30,30,0.3236686885356903,0.39344313740730286,0.3585559129714966
359,supervised,gradcam,predicted,backbone.layer3,24,24,24,0.42732229828834534,0.613156795501709,0.5202395468950272
360,supervised,gradcam,predicted,backbone.layer3,24,24,24,0.16114865243434906,0.3929164707660675,0.2770325616002083
361,supervised,gradcam,predicted,backbone.layer3,25,25,25,0.09526482969522476,0.47085097432136536,0.28305790200829506
362,supervised,gradcam,predicted,backbone.layer3,25,25,25,0.16474346816539764,0.45711830258369446,0.31093088537454605
363,supervised,gradcam,predicted,backbone.layer3,25,25,25,0.6639377474784851,0.4894873797893524,0.5767125636339188
364,supervised,gradcam,predicted,backbone.layer3,25,25,25,0.26109835505485535,0.40951627492904663,0.335307314991951
365,supervised,gradcam,predicted,backbone.layer3,25,25,25,-0.14972952008247375,0.22779019176959991,0.03903033584356308
366,supervised,gradcam,predicted,backbone.layer3,25,25,25,-0.280116468667984,0.1516706496477127,-0.06422290951013565
367,supervised,gradcam,predicted,backbone.layer3,25,25,25,0.5378485918045044,0.4125884175300598,0.4752185046672821
368,supervised,gradcam,predicted,backbone.layer3,25,25,25,0.20562969148159027,0.3002205193042755,0.2529251053929329
369,supervised,gradcam,predicted,backbone.layer3,25,25,25,0.5778529644012451,0.5222039222717285,0.5500284433364868
370,supervised,gradcam,predicted,backbone.layer3,25,25,25,0.021642351523041725,0.37136366963386536,0.19650301057845354
371,supervised,gradcam,predicted,backbone.layer3,25,25,25,0.5432953238487244,0.42771050333976746,0.4855029135942459
372,supervised,gradcam,predicted,backbone.layer3,25,25,25,0.3256016671657562,0.39014342427253723,0.35787254571914673
373,supervised,gradcam,predicted,backbone.layer3,25,25,25,-0.1722102016210556,0.40988630056381226,0.11883804947137833
374,supervised,gradcam,predicted,backbone.layer3,25,25,25,0.3549768924713135,0.5073878169059753,0.4311823546886444
375,supervised,gradcam,predicted,backbone.layer3,26,26,26,0.40346759557724,0.16547708213329315,0.28447233885526657
376,supervised,gradcam,predicted,backbone.layer3,26,22,22,0.24281489849090576,0.454849511384964,0.3488322049379349
377,supervised,gradcam,predicted,backbone.layer3,26,18,18,-0.20350071787834167,0.4000333845615387,0.09826633334159851
378,supervised,gradcam,predicted,backbone.layer3,26,26,26,-0.09260030835866928,0.13512273132801056,0.02126121148467064
379,supervised,gradcam,predicted,backbone.layer3,26,26,26,-0.06149188056588173,0.4197143316268921,0.17911122553050518
380,supervised,gradcam,predicted,backbone.layer3,26,26,26,0.23753052949905396,0.4638822078704834,0.3507063686847687
381,supervised,gradcam,predicted,backbone.layer3,26,26,26,-0.22132332623004913,0.14338713884353638,-0.03896809369325638
382,supervised,gradcam,predicted,backbone.layer3,26,26,26,-0.35531413555145264,0.15507768094539642,-0.1001182273030281
383,supervised,gradcam,predicted,backbone.layer3,26,26,26,0.3239766061306,0.35265377163887024,0.3383151888847351
352,supervised,gradcam,predicted,backbone.layer4,24,24,24,0.4608922004699707,0.6264414191246033,0.543666809797287
353,supervised,gradcam,predicted,backbone.layer4,24,32,32,0.3090102970600128,0.4661611318588257,0.38758571445941925
354,supervised,gradcam,predicted,backbone.layer4,24,24,24,0.5102314949035645,0.6509894728660583,0.5806104838848114
355,supervised,gradcam,predicted,backbone.layer4,24,24,24,0.311172217130661,0.470623642206192,0.3908979296684265
356,supervised,gradcam,predicted,backbone.layer4,24,24,24,0.31978991627693176,0.5850411057472229,0.45241551101207733
357,supervised,gradcam,predicted,backbone.layer4,24,24,24,0.23888087272644043,0.5445122718811035,0.391696572303772
358,supervised,gradcam,predicted,backbone.layer4,24,30,30,0.25804784893989563,0.550991415977478,0.40451963245868683
359,supervised,gradcam,predicted,backbone.layer4,24,24,24,0.025958295911550522,0.47246038913726807,0.2492093425244093
360,supervised,gradcam,predicted,backbone.layer4,24,24,24,0.1394207626581192,0.4845687448978424,0.3119947537779808
361,supervised,gradcam,predicted,backbone.layer4,25,25,25,0.21232524514198303,0.5082879066467285,0.3603065758943558
362,supervised,gradcam,predicted,backbone.layer4,25,25,25,0.1490071713924408,0.48323267698287964,0.3161199241876602
363,supervised,gradcam,predicted,backbone.layer4,25,25,25,-0.11111103743314743,0.5316569209098816,0.21027294173836708
364,supervised,gradcam,predicted,backbone.layer4,25,25,25,0.5082377791404724,0.5737853050231934,0.5410115420818329
365,supervised,gradcam,predicted,backbone.layer4,25,25,25,-0.09368085116147995,0.4269247055053711,0.16662192717194557
366,supervised,gradcam,predicted,backbone.layer4,25,25,25,0.015969907864928246,0.5406373739242554,0.2783036408945918
367,supervised,gradcam,predicted,backbone.layer4,25,25,25,-0.06640932708978653,0.48792898654937744,0.21075982972979546
368,supervised,gradcam,predicted,backbone.layer4,25,25,25,0.01693858951330185,0.4909099042415619,0.25392424687743187
369,supervised,gradcam,predicted,backbone.layer4,25,25,25,0.028336910530924797,0.5278681516647339,0.27810253109782934
370,supervised,gradcam,predicted,backbone.layer4,25,25,25,0.093898244202137,0.5691580176353455,0.3315281309187412
371,supervised,gradcam,predicted,backbone.layer4,25,25,25,0.02881360426545143,0.5703073740005493,0.2995604891330004
372,supervised,gradcam,predicted,backbone.layer4,25,25,25,0.23837491869926453,0.5276027917861938,0.3829888552427292
373,supervised,gradcam,predicted,backbone.layer4,25,25,25,0.12387654930353165,0.5201030373573303,0.321989793330431
374,supervised,gradcam,predicted,backbone.layer4,25,25,25,0.001715458813123405,0.5306433439254761,0.26617940136929974
375,supervised,gradcam,predicted,backbone.layer4,26,26,26,0.7944990992546082,0.514708399772644,0.6546037495136261
376,supervised,gradcam,predicted,backbone.layer4,26,22,22,0.2693481743335724,0.47511860728263855,0.37223339080810547
377,supervised,gradcam,predicted,backbone.layer4,26,18,18,0.34084975719451904,0.571431577205658,0.4561406672000885
378,supervised,gradcam,predicted,backbone.layer4,26,26,26,0.0242309607565403,0.4484012722969055,0.2363161165267229
379,supervised,gradcam,predicted,backbone.layer4,26,26,26,0.12479286640882492,0.4939332902431488,0.30936307832598686
380,supervised,gradcam,predicted,backbone.layer4,26,26,26,0.6582001447677612,0.5449628829956055,0.6015815138816833
381,supervised,gradcam,predicted,backbone.layer4,26,26,26,0.4684547781944275,0.5449519753456116,0.5067033767700195
382,supervised,gradcam,predicted,backbone.layer4,26,26,26,0.6741804480552673,0.5362844467163086,0.605232447385788
383,supervised,gradcam,predicted,backbone.layer4,26,26,26,-0.039277222007513046,0.3721643388271332,0.16644355840981007
384,supervised,gradcam,predicted,backbone.layer1,26,26,26,-0.07307162135839462,0.05473722517490387,-0.009167198091745377
385,supervised,gradcam,predicted,backbone.layer1,26,26,26,0.005283696576952934,0.0616333894431591,0.03345854301005602
386,supervised,gradcam,predicted,backbone.layer1,26,22,22,-0.024304430931806564,0.0020590645726770163,-0.011122683179564774
387,supervised,gradcam,predicted,backbone.layer1,26,26,26,0.35172680020332336,0.42620009183883667,0.38896344602108
388,supervised,gradcam,predicted,backbone.layer1,26,26,26,-0.011033500544726849,0.3850937783718109,0.18703013891354203
389,supervised,gradcam,predicted,backbone.layer1,26,26,26,0.04640532284975052,0.480744868516922,0.26357509568333626
390,supervised,gradcam,predicted,backbone.layer1,27,27,27,-0.10885389894247055,0.12071844935417175,0.005932275205850601
391,supervised,gradcam,predicted,backbone.layer1,27,23,23,-0.01432658452540636,0.20266322791576385,0.09416832169517875
392,supervised,gradcam,predicted,backbone.layer1,27,21,21,0.15322642028331757,0.04931752011179924,0.1012719701975584
393,supervised,gradcam,predicted,backbone.layer1,27,27,27,0.03143644332885742,0.0995730459690094,0.06550474464893341
394,supervised,gradcam,predicted,backbone.layer1,27,29,29,-0.12997446954250336,0.47470325231552124,0.17236439138650894
395,supervised,gradcam,predicted,backbone.layer1,27,27,27,0.11577794700860977,0.2926110029220581,0.20419447496533394
396,supervised,gradcam,predicted,backbone.layer1,27,27,27,0.2155657857656479,0.26622533798217773,0.2408955618739128
397,supervised,gradcam,predicted,backbone.layer1,27,27,27,-0.18976230919361115,0.4256936311721802,0.11796566098928452
398,supervised,gradcam,predicted,backbone.layer1,27,27,27,0.0564003624022007,0.39793840050697327,0.22716938145458698
399,supervised,gradcam,predicted,backbone.layer1,27,27,27,0.4189673662185669,0.33254274725914,0.37575505673885345
400,supervised,gradcam,predicted,backbone.layer1,27,27,27,0.2719133496284485,0.3749750852584839,0.3234442174434662
401,supervised,gradcam,predicted,backbone.layer1,27,27,27,0.0009125423966906965,0.3557823598384857,0.1783474511175882
402,supervised,gradcam,predicted,backbone.layer1,27,27,27,0.3302527070045471,0.5456886887550354,0.43797069787979126
403,supervised,gradcam,predicted,backbone.layer1,27,27,27,0.433920681476593,0.3167748749256134,0.3753477782011032
404,supervised,gradcam,predicted,backbone.layer1,27,27,27,0.2755648195743561,0.5129929184913635,0.3942788690328598
405,supervised,gradcam,predicted,backbone.layer1,28,28,28,-0.24906934797763824,0.3171430230140686,0.03403683751821518
406,supervised,gradcam,predicted,backbone.layer1,28,28,28,-0.005024803802371025,0.07552038133144379,0.03524778876453638
407,supervised,gradcam,predicted,backbone.layer1,28,28,28,-0.3050238788127899,0.10919471085071564,-0.09791458398103714
408,supervised,gradcam,predicted,backbone.layer1,28,28,28,-0.30309346318244934,0.3016611635684967,-0.0007161498069763184
409,supervised,gradcam,predicted,backbone.layer1,28,28,28,0.2697395384311676,0.21955657005310059,0.2446480542421341
410,supervised,gradcam,predicted,backbone.layer1,28,28,28,0.002916245721280575,0.4755670726299286,0.23924165917560458
411,supervised,gradcam,predicted,backbone.layer1,28,28,28,0.0,0.0,0.0
412,supervised,gradcam,predicted,backbone.layer1,28,28,28,0.2755098044872284,0.24802756309509277,0.2617686837911606
413,supervised,gradcam,predicted,backbone.layer1,28,28,28,0.6385063529014587,0.43521934747695923,0.536862850189209
414,supervised,gradcam,predicted,backbone.layer1,28,28,28,-0.13808540999889374,0.2890131175518036,0.07546385377645493
415,supervised,gradcam,predicted,backbone.layer1,28,28,28,-0.032764192670583725,0.26901108026504517,0.11812344379723072
384,supervised,gradcam,predicted,backbone.layer2,26,26,26,-0.42076030373573303,0.3465210199356079,-0.03711964190006256
385,supervised,gradcam,predicted,backbone.layer2,26,26,26,0.26462557911872864,0.3412042558193207,0.30291491746902466
386,supervised,gradcam,predicted,backbone.layer2,26,22,22,0.14590665698051453,0.37990638613700867,0.2629065215587616
387,supervised,gradcam,predicted,backbone.layer2,26,26,26,0.47365307807922363,0.4865286350250244,0.480090856552124
388,supervised,gradcam,predicted,backbone.layer2,26,26,26,0.21521340310573578,0.42428115010261536,0.31974727660417557
389,supervised,gradcam,predicted,backbone.layer2,26,26,26,0.09686925262212753,0.13732236623764038,0.11709580942988396
390,supervised,gradcam,predicted,backbone.layer2,27,27,27,0.4615820050239563,0.6044027209281921,0.5329923629760742
391,supervised,gradcam,predicted,backbone.layer2,27,23,23,-0.30019429326057434,0.3676697611808777,0.03373773396015167
392,supervised,gradcam,predicted,backbone.layer2,27,21,21,-0.07360085844993591,0.34670060873031616,0.13654987514019012
393,supervised,gradcam,predicted,backbone.layer2,27,27,27,0.3147434592247009,0.3508588969707489,0.3328011780977249
394,supervised,gradcam,predicted,backbone.layer2,27,29,29,-0.21654780209064484,0.43199607729911804,0.1077241376042366
395,supervised,gradcam,predicted,backbone.layer2,27,27,27,0.3482099771499634,0.5491048097610474,0.44865739345550537
396,supervised,gradcam,predicted,backbone.layer2,27,27,27,0.5840611457824707,0.6090765595436096,0.5965688526630402
397,supervised,gradcam,predicted,backbone.layer2,27,27,27,0.014539197087287903,0.193538635969162,0.10403891652822495
398,supervised,gradcam,predicted,backbone.layer2,27,27,27,0.5655880570411682,0.6308934092521667,0.5982407331466675
399,supervised,gradcam,predicted,backbone.layer2,27,27,27,0.6291611790657043,0.5838654041290283,0.6065132915973663
400,supervised,gradcam,predicted,backbone.layer2,27,27,27,0.2901463806629181,0.4794987440109253,0.3848225623369217
401,supervised,gradcam,predicted,backbone.layer2,27,27,27,0.15219829976558685,0.41576752066612244,0.28398291021585464
402,supervised,gradcam,predicted,backbone.layer2,27,27,27,0.2536010146141052,0.30625206232070923,0.2799265384674072
403,supervised,gradcam,predicted,backbone.layer2,27,27,27,0.7032952904701233,0.4884628653526306,0.595879077911377
404,supervised,gradcam,predicted,backbone.layer2,27,27,27,0.3148441016674042,0.486266553401947,0.4005553275346756
405,supervised,gradcam,predicted,backbone.layer2,28,28,28,-0.01654430665075779,0.1327490508556366,0.058102372102439404
406,supervised,gradcam,predicted,backbone.layer2,28,28,28,0.08980777114629745,0.17296558618545532,0.1313866786658764
407,supervised,gradcam,predicted,backbone.layer2,28,28,28,-0.31966373324394226,0.40428516268730164,0.04231071472167969
408,supervised,gradcam,predicted,backbone.layer2,28,28,28,0.4632076919078827,0.12927399575710297,0.29624084383249283
409,supervised,gradcam,predicted,backbone.layer2,28,28,28,0.3473720848560333,0.25148439407348633,0.2994282394647598
410,supervised,gradcam,predicted,backbone.layer2,28,28,28,-0.18487273156642914,0.23644651472568512,0.02578689157962799
411,supervised,gradcam,predicted,backbone.layer2,28,28,28,0.27808117866516113,0.09429255872964859,0.18618686869740486
412,supervised,gradcam,predicted,backbone.layer2,28,28,28,0.08957920223474503,0.11678730696439743,0.10318325459957123
413,supervised,gradcam,predicted,backbone.layer2,28,28,28,-0.04820695519447327,0.2503734529018402,0.10108324885368347
414,supervised,gradcam,predicted,backbone.layer2,28,28,28,0.03687874600291252,0.3028413951396942,0.16986007057130337
415,supervised,gradcam,predicted,backbone.layer2,28,28,28,-0.16092941164970398,0.045804206281900406,-0.05756260268390179
384,supervised,gradcam,predicted,backbone.layer3,26,26,26,-0.319002240896225,0.12910015881061554,-0.09495104104280472
385,supervised,gradcam,predicted,backbone.layer3,26,26,26,0.5913495421409607,0.328998863697052,0.46017420291900635
386,supervised,gradcam,predicted,backbone.layer3,26,22,22,-0.013624049723148346,0.31199222803115845,0.14918408915400505
387,supervised,gradcam,predicted,backbone.layer3,26,26,26,0.12823550403118134,0.3629280924797058,0.24558179825544357
388,supervised,gradcam,predicted,backbone.layer3,26,26,26,-0.0657108798623085,0.2239864617586136,0.07913779094815254
389,supervised,gradcam,predicted,backbone.layer3,26,26,26,0.40086156129837036,0.31926944851875305,0.3600655049085617
390,supervised,gradcam,predicted,backbone.layer3,27,27,27,0.07929427921772003,0.4063228368759155,0.24280855804681778
391,supervised,gradcam,predicted,backbone.layer3,27,23,23,-0.31673547625541687,0.31455954909324646,-0.001087963581085205
392,supervised,gradcam,predicted,backbone.layer3,27,21,21,-0.0442991778254509,0.410727322101593,0.18321407213807106
393,supervised,gradcam,predicted,backbone.layer3,27,27,27,0.1634572595357895,0.4371485114097595,0.3003028854727745
394,supervised,gradcam,predicted,backbone.layer3,27,29,29,-0.42602992057800293,0.30071723461151123,-0.06265634298324585
395,supervised,gradcam,predicted,backbone.layer3,27,27,27,0.055324144661426544,0.4662974774837494,0.26081081107258797
396,supervised,gradcam,predicted,backbone.layer3,27,27,27,0.2224041223526001,0.5557791590690613,0.3890916407108307
397,supervised,gradcam,predicted,backbone.layer3,27,27,27,-0.0913802906870842,0.37314674258232117,0.14088322594761848
398,supervised,gradcam,predicted,backbone.layer3,27,27,27,0.13753575086593628,0.5024781823158264,0.32000696659088135
399,supervised,gradcam,predicted,backbone.layer3,27,27,27,0.46728697419166565,0.3524339497089386,0.4098604619503021
400,supervised,gradcam,predicted,backbone.layer3,27,27,27,-0.14985783398151398,0.32717224955558777,0.0886572077870369
401,supervised,gradcam,predicted,backbone.layer3,27,27,27,-0.27673983573913574,0.25454503297805786,-0.01109740138053894
402,supervised,gradcam,predicted,backbone.layer3,27,27,27,0.4782334268093109,0.43251076340675354,0.4553720951080322
403,supervised,gradcam,predicted,backbone.layer3,27,27,27,0.2288011908531189,0.20759139955043793,0.2181962952017784
404,supervised,gradcam,predicted,backbone.layer3,27,27,27,0.2336747646331787,0.3731269836425781,0.3034008741378784
405,supervised,gradcam,predicted,backbone.layer3,28,28,28,0.400646835565567,0.3409561514854431,0.37080149352550507
406,supervised,gradcam,predicted,backbone.layer3,28,28,28,0.5340119004249573,0.3851407766342163,0.4595763385295868
407,supervised,gradcam,predicted,backbone.layer3,28,28,28,0.18624746799468994,0.33921393752098083,0.2627307027578354
408,supervised,gradcam,predicted,backbone.layer3,28,28,28,0.8217304348945618,0.3079557418823242,0.564843088388443
409,supervised,gradcam,predicted,backbone.layer3,28,28,28,0.5903016328811646,0.3405689597129822,0.46543529629707336
410,supervised,gradcam,predicted,backbone.layer3,28,28,28,0.6524908542633057,0.3837167024612427,0.5181037783622742
411,supervised,gradcam,predicted,backbone.layer3,28,28,28,0.7243296504020691,0.39996424317359924,0.5621469467878342
412,supervised,gradcam,predicted,backbone.layer3,28,28,28,0.5082402229309082,0.38685041666030884,0.4475453197956085
413,supervised,gradcam,predicted,backbone.layer3,28,28,28,0.3386833965778351,0.13331107795238495,0.23599723726511002
414,supervised,gradcam,predicted,backbone.layer3,28,28,28,0.7195838689804077,0.35935866832733154,0.5394712686538696
415,supervised,gradcam,predicted,backbone.layer3,28,28,28,0.009172326885163784,0.3393089175224304,0.1742406222037971
384,supervised,gradcam,predicted,backbone.layer4,26,26,26,0.280900776386261,0.5553222894668579,0.41811153292655945
385,supervised,gradcam,predicted,backbone.layer4,26,26,26,0.589558482170105,0.5387453436851501,0.5641519129276276
386,supervised,gradcam,predicted,backbone.layer4,26,22,22,-0.12900696694850922,0.5061851739883423,0.18858910351991653
387,supervised,gradcam,predicted,backbone.layer4,26,26,26,0.35030728578567505,0.4636559784412384,0.4069816321134567
388,supervised,gradcam,predicted,backbone.layer4,26,26,26,0.15502560138702393,0.45372533798217773,0.30437546968460083
389,supervised,gradcam,predicted,backbone.layer4,26,26,26,-0.09262152761220932,0.5201982855796814,0.21378837898373604
390,supervised,gradcam,predicted,backbone.layer4,27,27,27,0.3112677335739136,0.5495892763137817,0.43042850494384766
391,supervised,gradcam,predicted,backbone.layer4,27,23,23,-0.008630934171378613,0.4325132369995117,0.21194115141406655
392,supervised,gradcam,predicted,backbone.layer4,27,21,21,-0.1871020495891571,0.4511135518550873,0.1320057511329651
393,supervised,gradcam,predicted,backbone.layer4,27,27,27,0.20982269942760468,0.522412121295929,0.3661174103617668
394,supervised,gradcam,predicted,backbone.layer4,27,29,29,-0.3407966196537018,0.435637891292572,0.04742063581943512
395,supervised,gradcam,predicted,backbone.layer4,27,27,27,0.27141350507736206,0.5544555187225342,0.4129345118999481
396,supervised,gradcam,predicted,backbone.layer4,27,27,27,0.29218608140945435,0.5453236699104309,0.4187548756599426
397,supervised,gradcam,predicted,backbone.layer4,27,27,27,0.3326622247695923,0.6047079563140869,0.4686850905418396
398,supervised,gradcam,predicted,backbone.layer4,27,27,27,0.3736221194267273,0.5336748361587524,0.45364847779273987
399,supervised,gradcam,predicted,backbone.layer4,27,27,27,0.04769003763794899,0.5125102400779724,0.2801001388579607
400,supervised,gradcam,predicted,backbone.layer4,27,27,27,0.2359955757856369,0.46689003705978394,0.3514428064227104
401,supervised,gradcam,predicted,backbone.layer4,27,27,27,0.2719106078147888,0.5259944200515747,0.39895251393318176
402,supervised,gradcam,predicted,backbone.layer4,27,27,27,0.2813754379749298,0.5828536152839661,0.43211452662944794
403,supervised,gradcam,predicted,backbone.layer4,27,27,27,-0.12527938187122345,0.47493037581443787,0.1748254969716072
404,supervised,gradcam,predicted,backbone.layer4,27,27,27,0.17614977061748505,0.5288820266723633,0.35251589864492416
405,supervised,gradcam,predicted,backbone.layer4,28,28,28,0.7334470748901367,0.5249030590057373,0.629175066947937
406,supervised,gradcam,predicted,backbone.layer4,28,28,28,0.46538567543029785,0.47943323850631714,0.4724094569683075
407,supervised,gradcam,predicted,backbone.layer4,28,28,28,0.3040085732936859,0.49603530764579773,0.4000219404697418
408,supervised,gradcam,predicted,backbone.layer4,28,28,28,0.7461785078048706,0.5656177997589111,0.6558981537818909
409,supervised,gradcam,predicted,backbone.layer4,28,28,28,0.3012484908103943,0.552620530128479,0.42693451046943665
410,supervised,gradcam,predicted,backbone.layer4,28,28,28,0.6040427684783936,0.5256357789039612,0.5648392736911774
411,supervised,gradcam,predicted,backbone.layer4,28,28,28,0.5398094058036804,0.5045242309570312,0.5221668183803558
412,supervised,gradcam,predicted,backbone.layer4,28,28,28,0.7631570100784302,0.5363110899925232,0.6497340500354767
413,supervised,gradcam,predicted,backbone.layer4,28,28,28,0.3886398673057556,0.5135513544082642,0.4510956108570099
414,supervised,gradcam,predicted,backbone.layer4,28,28,28,0.600350022315979,0.5198343396186829,0.5600921809673309
415,supervised,gradcam,predicted,backbone.layer4,28,28,28,0.1104641705751419,0.4164612889289856,0.26346272975206375
416,supervised,gradcam,predicted,backbone.layer1,28,28,28,-0.6479335427284241,0.31127262115478516,-0.16833046078681946
417,supervised,gradcam,predicted,backbone.layer1,28,28,28,0.18802930414676666,0.53947514295578,0.36375222355127335
418,supervised,gradcam,predicted,backbone.layer1,28,24,24,0.19290569424629211,0.18012812733650208,0.1865169107913971
419,supervised,gradcam,predicted,backbone.layer1,28,28,28,0.25004199147224426,0.40368741750717163,0.32686470448970795
420,supervised,gradcam,predicted,backbone.layer1,29,29,29,-0.23157809674739838,0.36189088225364685,0.06515639275312424
421,supervised,gradcam,predicted,backbone.layer1,29,35,35,-0.027332130819559097,0.2290571630001068,0.10086251609027386
422,supervised,gradcam,predicted,backbone.layer1,29,29,29,-0.14367957413196564,0.2884894013404846,0.07240491360425949
423,supervised,gradcam,predicted,backbone.layer1,29,29,29,-0.07889923453330994,0.33503174781799316,0.1280662566423416
424,supervised,gradcam,predicted,backbone.layer1,29,29,29,0.2651929557323456,0.36275652050971985,0.3139747381210327
425,supervised,gradcam,predicted,backbone.layer1,29,30,30,0.028328843414783478,0.46539074182510376,0.24685979261994362
426,supervised,gradcam,predicted,backbone.layer1,29,29,29,-0.06541583687067032,0.2494296133518219,0.09200688824057579
427,supervised,gradcam,predicted,backbone.layer1,29,29,29,-0.10920659452676773,0.4521409571170807,0.17146718129515648
428,supervised,gradcam,predicted,backbone.layer1,29,29,29,0.3490148186683655,0.509915292263031,0.42946505546569824
429,supervised,gradcam,predicted,backbone.layer1,29,29,29,-0.08352459222078323,0.4170984625816345,0.16678693518042564
430,supervised,gradcam,predicted,backbone.layer1,29,29,29,-0.0406062938272953,0.2156064808368683,0.08750009350478649
431,supervised,gradcam,predicted,backbone.layer1,29,29,29,-0.24142302572727203,0.34467601776123047,0.05162649601697922
432,supervised,gradcam,predicted,backbone.layer1,30,29,29,0.00971995573490858,0.37425389885902405,0.19198692729696631
433,supervised,gradcam,predicted,backbone.layer1,30,30,30,0.03370421752333641,0.01515518594533205,0.02442970173433423
434,supervised,gradcam,predicted,backbone.layer1,30,30,30,0.01627342402935028,0.06594207882881165,0.04110775142908096
435,supervised,gradcam,predicted,backbone.layer1,30,30,30,-0.0034450991079211235,0.4242897629737854,0.21042233193293214
436,supervised,gradcam,predicted,backbone.layer1,30,30,30,-0.07345501333475113,0.1260853111743927,0.026315148919820786
437,supervised,gradcam,predicted,backbone.layer1,30,30,30,0.4742352366447449,0.4520125687122345,0.4631239026784897
438,supervised,gradcam,predicted,backbone.layer1,30,30,30,-0.04255906865000725,0.23015980422496796,0.09380036778748035
439,supervised,gradcam,predicted,backbone.layer1,30,30,30,0.14351627230644226,0.3950151801109314,0.26926572620868683
440,supervised,gradcam,predicted,backbone.layer1,30,30,30,0.22905848920345306,0.32343196868896484,0.27624522894620895
441,supervised,gradcam,predicted,backbone.layer1,30,30,30,0.03251011669635773,0.17345476150512695,0.10298243910074234
442,supervised,gradcam,predicted,backbone.layer1,30,30,30,0.09371383488178253,0.0084464643150568,0.051080149598419666
443,supervised,gradcam,predicted,backbone.layer1,30,40,40,-0.030822107568383217,0.013512465171515942,-0.008654821198433638
444,supervised,gradcam,predicted,backbone.layer1,30,30,30,-0.20008817315101624,0.3259791433811188,0.06294548511505127
445,supervised,gradcam,predicted,backbone.layer1,30,39,39,0.005283523816615343,0.17886221408843994,0.09207286895252764
446,supervised,gradcam,predicted,backbone.layer1,30,36,36,0.01966891810297966,0.12154370546340942,0.07060631178319454
447,supervised,gradcam,predicted,backbone.layer1,31,31,31,0.04077308252453804,0.19282874464988708,0.11680091358721256
416,supervised,gradcam,predicted,backbone.layer2,28,28,28,-0.1767127811908722,0.15041379630565643,-0.01314949244260788
417,supervised,gradcam,predicted,backbone.layer2,28,28,28,0.00456785224378109,0.12038670480251312,0.062477278523147106
418,supervised,gradcam,predicted,backbone.layer2,28,24,24,-0.07831896841526031,0.38721367716789246,0.15444735437631607
419,supervised,gradcam,predicted,backbone.layer2,28,28,28,-0.17090237140655518,0.11370138823986053,-0.02860049158334732
420,supervised,gradcam,predicted,backbone.layer2,29,29,29,0.07887725532054901,0.2867370843887329,0.18280716985464096
421,supervised,gradcam,predicted,backbone.layer2,29,35,35,-0.23435579240322113,0.2893376350402832,0.027490921318531036
422,supervised,gradcam,predicted,backbone.layer2,29,29,29,0.17911574244499207,0.3453346788883209,0.2622252106666565
423,supervised,gradcam,predicted,backbone.layer2,29,29,29,0.15867742896080017,0.483614057302475,0.3211457431316376
424,supervised,gradcam,predicted,backbone.layer2,29,29,29,0.22579661011695862,0.35933542251586914,0.2925660163164139
425,supervised,gradcam,predicted,backbone.layer2,29,30,30,-0.33940237760543823,0.18132010102272034,-0.07904113829135895
426,supervised,gradcam,predicted,backbone.layer2,29,29,29,-0.3255597651004791,0.20925836265087128,-0.058150701224803925
427,supervised,gradcam,predicted,backbone.layer2,29,29,29,-0.08764743059873581,0.3229939639568329,0.11767326667904854
428,supervised,gradcam,predicted,backbone.layer2,29,29,29,0.039351608604192734,0.40661051869392395,0.22298106364905834
429,supervised,gradcam,predicted,backbone.layer2,29,29,29,-0.2941416800022125,0.19576917588710785,-0.04918625205755234
430,supervised,gradcam,predicted,backbone.layer2,29,29,29,0.0005696156295016408,0.42025724053382874,0.2104134280816652
431,supervised,gradcam,predicted,backbone.layer2,29,29,29,0.05330788344144821,0.4332810640335083,0.24329447373747826
432,supervised,gradcam,predicted,backbone.layer2,30,29,29,-0.08100501447916031,0.40498265624046326,0.16198882088065147
433,supervised,gradcam,predicted,backbone.layer2,30,30,30,-0.0803195983171463,0.08265642821788788,0.0011684149503707886
434,supervised,gradcam,predicted,backbone.layer2,30,30,30,-0.22481809556484222,0.07424449920654297,-0.07528679817914963
435,supervised,gradcam,predicted,backbone.layer2,30,30,30,-0.2026781588792801,0.05791272968053818,-0.07238271459937096
436,supervised,gradcam,predicted,backbone.layer2,30,30,30,0.031622808426618576,0.524676501750946,0.2781496550887823
437,supervised,gradcam,predicted,backbone.layer2,30,30,30,0.013481132686138153,0.3575021028518677,0.18549161776900291
438,supervised,gradcam,predicted,backbone.layer2,30,30,30,0.01917199417948723,0.36093053221702576,0.1900512631982565
439,supervised,gradcam,predicted,backbone.layer2,30,30,30,0.23176518082618713,0.5519485473632812,0.3918568640947342
440,supervised,gradcam,predicted,backbone.layer2,30,30,30,0.2034153789281845,0.280549019575119,0.24198219925165176
441,supervised,gradcam,predicted,backbone.layer2,30,30,30,-0.12704172730445862,0.2996506989002228,0.08630448579788208
442,supervised,gradcam,predicted,backbone.layer2,30,30,30,0.32915687561035156,0.26679569482803345,0.2979762852191925
443,supervised,gradcam,predicted,backbone.layer2,30,40,40,0.15555664896965027,0.32135456800460815,0.2384556084871292
444,supervised,gradcam,predicted,backbone.layer2,30,30,30,-0.2835959792137146,0.18452343344688416,-0.04953627288341522
445,supervised,gradcam,predicted,backbone.layer2,30,39,39,-0.04515489563345909,0.367983877658844,0.16141449101269245
446,supervised,gradcam,predicted,backbone.layer2,30,36,36,-0.13275180757045746,0.1639714241027832,0.015609808266162872
447,supervised,gradcam,predicted,backbone.layer2,31,31,31,0.012185933999717236,0.4738385081291199,0.24301222106441855
416,supervised,gradcam,predicted,backbone.layer3,28,28,28,0.7383661270141602,0.22431622445583344,0.4813411757349968
417,supervised,gradcam,predicted,backbone.layer3,28,28,28,0.7098187804222107,0.3490781784057617,0.5294484794139862
418,supervised,gradcam,predicted,backbone.layer3,28,24,24,0.523861825466156,0.4131828546524048,0.4685223400592804
419,supervised,gradcam,predicted,backbone.layer3,28,28,28,0.7815073728561401,0.3566293716430664,0.5690683722496033
420,supervised,gradcam,predicted,backbone.layer3,29,29,29,-0.17745420336723328,0.3085571825504303,0.06555148959159851
421,supervised,gradcam,predicted,backbone.layer3,29,35,35,0.30564427375793457,0.48333680629730225,0.3944905400276184
422,supervised,gradcam,predicted,backbone.layer3,29,29,29,0.1391867846250534,0.3948010206222534,0.2669939026236534
423,supervised,gradcam,predicted,backbone.layer3,29,29,29,-0.2928069233894348,0.30871760845184326,0.007955342531204224
424,supervised,gradcam,predicted,backbone.layer3,29,29,29,0.22564317286014557,0.4330546259880066,0.3293488994240761
425,supervised,gradcam,predicted,backbone.layer3,29,30,30,-0.08208175003528595,0.1763499528169632,0.04713410139083862
426,supervised,gradcam,predicted,backbone.layer3,29,29,29,-0.0977126806974411,0.3577266335487366,0.13000697642564774
427,supervised,gradcam,predicted,backbone.layer3,29,29,29,-0.4411252439022064,0.248937726020813,-0.09609375894069672
428,supervised,gradcam,predicted,backbone.layer3,29,29,29,-0.15230363607406616,0.222037672996521,0.03486701846122742
429,supervised,gradcam,predicted,backbone.layer3,29,29,29,-0.22740311920642853,0.20213554799556732,-0.012633785605430603
430,supervised,gradcam,predicted,backbone.layer3,29,29,29,-0.3697868883609772,0.25949496030807495,-0.05514596402645111
431,supervised,gradcam,predicted,backbone.layer3,29,29,29,-0.18009352684020996,0.28046268224716187,0.05018457770347595
432,supervised,gradcam,predicted,backbone.layer3,30,29,29,0.036352019757032394,0.41457247734069824,0.22546224854886532
433,supervised,gradcam,predicted,backbone.layer3,30,30,30,0.29175060987472534,0.30367934703826904,0.2977149784564972
434,supervised,gradcam,predicted,backbone.layer3,30,30,30,0.21848337352275848,0.34189772605895996,0.2801905497908592
435,supervised,gradcam,predicted,backbone.layer3,30,30,30,-0.06450451910495758,0.29984599351882935,0.11767073720693588
436,supervised,gradcam,predicted,backbone.layer3,30,30,30,0.27355217933654785,0.35000038146972656,0.3117762804031372
437,supervised,gradcam,predicted,backbone.layer3,30,30,30,0.07831379026174545,0.07974013686180115,0.0790269635617733
438,supervised,gradcam,predicted,backbone.layer3,30,30,30,-0.10907429456710815,0.31532013416290283,0.10312291979789734
439,supervised,gradcam,predicted,backbone.layer3,30,30,30,0.2078908383846283,0.2844858169555664,0.24618832767009735
440,supervised,gradcam,predicted,backbone.layer3,30,30,30,0.07269318401813507,0.06997402012348175,0.07133360207080841
441,supervised,gradcam,predicted,backbone.layer3,30,30,30,-0.3028114438056946,0.10693668574094772,-0.09793737903237343
442,supervised,gradcam,predicted,backbone.layer3,30,30,30,0.2786397337913513,0.2577386200428009,0.2681891769170761
443,supervised,gradcam,predicted,backbone.layer3,30,40,40,0.2564493715763092,0.3609158396720886,0.3086826056241989
444,supervised,gradcam,predicted,backbone.layer3,30,30,30,0.002349549438804388,0.3354093134403229,0.16887943143956363
445,supervised,gradcam,predicted,backbone.layer3,30,39,39,0.1223602294921875,0.1839529573917389,0.1531565934419632
446,supervised,gradcam,predicted,backbone.layer3,30,36,36,0.3961219787597656,0.054129891097545624,0.22512593492865562
447,supervised,gradcam,predicted,backbone.layer3,31,31,31,0.2652486562728882,0.21096351742744446,0.23810608685016632
416,supervised,gradcam,predicted,backbone.layer4,28,28,28,0.6636415719985962,0.5578538179397583,0.6107476949691772
417,supervised,gradcam,predicted,backbone.layer4,28,28,28,0.7757969498634338,0.5773957967758179,0.6765963733196259
418,supervised,gradcam,predicted,backbone.layer4,28,24,24,0.8045064806938171,0.6084834933280945,0.7064949870109558
419,supervised,gradcam,predicted,backbone.layer4,28,28,28,0.5591865181922913,0.5139232277870178,0.5365548729896545
420,supervised,gradcam,predicted,backbone.layer4,29,29,29,0.06446543335914612,0.5305760502815247,0.2975207418203354
421,supervised,gradcam,predicted,backbone.layer4,29,35,35,0.2478436380624771,0.5427882075309753,0.3953159227967262
422,supervised,gradcam,predicted,backbone.layer4,29,29,29,0.1751042753458023,0.5575041174888611,0.3663041964173317
423,supervised,gradcam,predicted,backbone.layer4,29,29,29,0.307232528924942,0.5479287505149841,0.4275806397199631
424,supervised,gradcam,predicted,backbone.layer4,29,29,29,0.13203294575214386,0.48941367864608765,0.31072331219911575
425,supervised,gradcam,predicted,backbone.layer4,29,30,30,0.4996279776096344,0.5540432929992676,0.526835635304451
426,supervised,gradcam,predicted,backbone.layer4,29,29,29,0.3020718991756439,0.5117572546005249,0.4069145768880844
427,supervised,gradcam,predicted,backbone.layer4,29,29,29,0.22303465008735657,0.5321223139762878,0.3775784820318222
428,supervised,gradcam,predicted,backbone.layer4,29,29,29,0.268162339925766,0.556961178779602,0.412561759352684
429,supervised,gradcam,predicted,backbone.layer4,29,29,29,0.593464195728302,0.5345388054847717,0.5640015006065369
430,supervised,gradcam,predicted,backbone.layer4,29,29,29,0.121958427131176,0.5175216794013977,0.31974005326628685
431,supervised,gradcam,predicted,backbone.layer4,29,29,29,0.3730255663394928,0.5111972093582153,0.44211138784885406
432,supervised,gradcam,predicted,backbone.layer4,30,29,29,0.5832986235618591,0.6307705044746399,0.6070345640182495
433,supervised,gradcam,predicted,backbone.layer4,30,30,30,0.34685850143432617,0.5517709851264954,0.44931474328041077
434,supervised,gradcam,predicted,backbone.layer4,30,30,30,0.23992431163787842,0.5139188766479492,0.3769215941429138
435,supervised,gradcam,predicted,backbone.layer4,30,30,30,0.5413140058517456,0.5303952097892761,0.5358546078205109
436,supervised,gradcam,predicted,backbone.layer4,30,30,30,0.2154138833284378,0.5559599995613098,0.3856869414448738
437,supervised,gradcam,predicted,backbone.layer4,30,30,30,0.6416087746620178,0.5841041803359985,0.6128564774990082
438,supervised,gradcam,predicted,backbone.layer4,30,30,30,0.42555657029151917,0.5461298823356628,0.485843226313591
439,supervised,gradcam,predicted,backbone.layer4,30,30,30,-0.20830552279949188,0.4524480998516083,0.1220712885260582
440,supervised,gradcam,predicted,backbone.layer4,30,30,30,0.38023924827575684,0.528468668460846,0.4543539583683014
441,supervised,gradcam,predicted,backbone.layer4,30,30,30,0.6064019203186035,0.544675350189209,0.5755386352539062
442,supervised,gradcam,predicted,backbone.layer4,30,30,30,0.30787113308906555,0.5060622692108154,0.4069667011499405
443,supervised,gradcam,predicted,backbone.layer4,30,40,40,0.4914754033088684,0.5832836031913757,0.5373795032501221
444,supervised,gradcam,predicted,backbone.layer4,30,30,30,0.35487890243530273,0.5621834993362427,0.4585312008857727
445,supervised,gradcam,predicted,backbone.layer4,30,39,39,0.05680344998836517,0.43563738465309143,0.2462204173207283
446,supervised,gradcam,predicted,backbone.layer4,30,36,36,0.33168038725852966,0.5415149331092834,0.43659766018390656
447,supervised,gradcam,predicted,backbone.layer4,31,31,31,0.2670796513557434,0.5230844616889954,0.3950820565223694
448,supervised,gradcam,predicted,backbone.layer1,31,31,31,-0.07133123278617859,0.1898258775472641,0.059247322380542755
449,supervised,gradcam,predicted,backbone.layer1,31,31,31,0.0807291641831398,0.20723950862884521,0.1439843364059925
450,supervised,gradcam,predicted,backbone.layer1,31,31,31,-0.07998405396938324,0.15395715832710266,0.03698655217885971
451,supervised,gradcam,predicted,backbone.layer1,31,31,31,0.2720327079296112,0.056811001151800156,0.16442185454070568
452,supervised,gradcam,predicted,backbone.layer1,31,31,31,0.015270467847585678,0.0043832408264279366,0.009826854337006807
453,supervised,gradcam,predicted,backbone.layer1,31,31,31,0.0028077843599021435,0.04838375374674797,0.025595769053325057
454,supervised,gradcam,predicted,backbone.layer1,31,31,31,0.041292451322078705,0.11995621025562286,0.08062433078885078
455,supervised,gradcam,predicted,backbone.layer1,31,31,31,0.021073484793305397,0.30487877130508423,0.1629761280491948
456,supervised,gradcam,predicted,backbone.layer1,31,31,31,0.02978716790676117,0.04136912524700165,0.03557814657688141
457,supervised,gradcam,predicted,backbone.layer1,31,31,31,0.06141192466020584,0.26216232776641846,0.16178712621331215
458,supervised,gradcam,predicted,backbone.layer1,32,38,38,0.06422583013772964,0.21869561076164246,0.14146072044968605
459,supervised,gradcam,predicted,backbone.layer1,32,32,32,0.0018293210305273533,0.02399202063679695,0.012910670833662152
460,supervised,gradcam,predicted,backbone.layer1,32,32,32,-0.031360045075416565,0.0038756253197789192,-0.013742209877818823
461,supervised,gradcam,predicted,backbone.layer1,32,32,32,0.1682000309228897,0.03583905100822449,0.1020195409655571
462,supervised,gradcam,predicted,backbone.layer1,32,32,32,0.047008734196424484,0.018826831132173538,0.03291778266429901
463,supervised,gradcam,predicted,backbone.layer1,32,18,18,0.05463206022977829,0.020105384290218353,0.03736872225999832
464,supervised,gradcam,predicted,backbone.layer1,32,32,32,0.3000967502593994,0.5168165564537048,0.4084566533565521
465,supervised,gradcam,predicted,backbone.layer1,32,32,32,-0.13678812980651855,0.22772520780563354,0.045468538999557495
466,supervised,gradcam,predicted,backbone.layer1,32,32,32,0.01008789986371994,0.12247329205274582,0.06628059595823288
467,supervised,gradcam,predicted,backbone.layer1,32,42,42,0.35564124584198,0.2365095466375351,0.29607539623975754
468,supervised,gradcam,predicted,backbone.layer1,32,24,24,0.3215083181858063,0.25236183404922485,0.28693507611751556
469,supervised,gradcam,predicted,backbone.layer1,32,32,32,0.6663491129875183,0.4345415532588959,0.5504453331232071
470,supervised,gradcam,predicted,backbone.layer1,32,36,36,0.05539318174123764,0.41483885049819946,0.23511601611971855
471,supervised,gradcam,predicted,backbone.layer1,32,32,32,-0.1208786740899086,0.08412333577871323,-0.018377669155597687
472,supervised,gradcam,predicted,backbone.layer1,32,32,32,0.5956677794456482,0.41877469420433044,0.5072212368249893
473,supervised,gradcam,predicted,backbone.layer1,32,32,32,-0.09687010943889618,0.47087207436561584,0.18700098246335983
474,supervised,gradcam,predicted,backbone.layer1,32,32,32,0.14306141436100006,0.4094924330711365,0.27627692371606827
475,supervised,gradcam,predicted,backbone.layer1,33,33,33,0.5643852949142456,0.4210737645626068,0.4927295297384262
476,supervised,gradcam,predicted,backbone.layer1,33,33,33,-0.01742246188223362,0.10790463536977768,0.04524108674377203
477,supervised,gradcam,predicted,backbone.layer1,33,11,11,0.5150769352912903,0.4328520596027374,0.47396449744701385
478,supervised,gradcam,predicted,backbone.layer1,33,33,33,0.08828093856573105,0.3729691207408905,0.23062502965331078
479,supervised,gradcam,predicted,backbone.layer1,33,33,33,-0.31761279702186584,0.39960187673568726,0.040994539856910706
448,supervised,gradcam,predicted,backbone.layer2,31,31,31,0.39646270871162415,0.5806153416633606,0.48853902518749237
449,supervised,gradcam,predicted,backbone.layer2,31,31,31,0.05379578471183777,0.4792346656322479,0.26651522517204285
450,supervised,gradcam,predicted,backbone.layer2,31,31,31,0.15594471991062164,0.398070365190506,0.2770075425505638
451,supervised,gradcam,predicted,backbone.layer2,31,31,31,0.34492018818855286,0.39615169167518616,0.3705359399318695
452,supervised,gradcam,predicted,backbone.layer2,31,31,31,-0.1136835590004921,0.4200727641582489,0.1531946025788784
453,supervised,gradcam,predicted,backbone.layer2,31,31,31,-0.1695260852575302,0.27564260363578796,0.053058259189128876
454,supervised,gradcam,predicted,backbone.layer2,31,31,31,-0.010705094784498215,0.49500614404678345,0.24215052463114262
455,supervised,gradcam,predicted,backbone.layer2,31,31,31,-0.14657172560691833,0.39409735798835754,0.1237628161907196
456,supervised,gradcam,predicted,backbone.layer2,31,31,31,-0.1930648535490036,0.1357661932706833,-0.028649330139160156
457,supervised,gradcam,predicted,backbone.layer2,31,31,31,0.07572703063488007,0.4307625889778137,0.2532448098063469
458,supervised,gradcam,predicted,backbone.layer2,32,38,38,0.4127580523490906,0.49036526679992676,0.45156165957450867
459,supervised,gradcam,predicted,backbone.layer2,32,32,32,0.16591666638851166,0.45569732785224915,0.3108069971203804
460,supervised,gradcam,predicted,backbone.layer2,32,32,32,-0.43460705876350403,0.2946797311306,-0.06996366381645203
461,supervised,gradcam,predicted,backbone.layer2,32,32,32,-0.4188515841960907,0.13359345495700836,-0.14262906461954117
462,supervised,gradcam,predicted,backbone.layer2,32,32,32,0.15320415794849396,0.45368847250938416,0.30344631522893906
463,supervised,gradcam,predicted,backbone.layer2,32,18,18,0.3627428412437439,0.41956207156181335,0.3911524564027786
464,supervised,gradcam,predicted,backbone.layer2,32,32,32,-0.0701051875948906,0.49189692735671997,0.2108958698809147
465,supervised,gradcam,predicted,backbone.layer2,32,32,32,-0.32413819432258606,0.0874127522110939,-0.11836272105574608
466,supervised,gradcam,predicted,backbone.layer2,32,32,32,0.33193299174308777,0.46400147676467896,0.39796723425388336
467,supervised,gradcam,predicted,backbone.layer2,32,42,42,0.2675725519657135,0.28649789094924927,0.2770352214574814
468,supervised,gradcam,predicted,backbone.layer2,32,24,24,0.29900720715522766,0.4590400457382202,0.37902362644672394
469,supervised,gradcam,predicted,backbone.layer2,32,32,32,0.5221948623657227,0.491153359413147,0.5066741108894348
470,supervised,gradcam,predicted,backbone.layer2,32,36,36,-0.21142631769180298,0.22091341018676758,0.0047435462474823
471,supervised,gradcam,predicted,backbone.layer2,32,32,32,-0.5284813046455383,0.2682049870491028,-0.13013815879821777
472,supervised,gradcam,predicted,backbone.layer2,32,32,32,0.11877483874559402,0.3755607008934021,0.24716776981949806
473,supervised,gradcam,predicted,backbone.layer2,32,32,32,-0.17153345048427582,0.22148306667804718,0.02497480809688568
474,supervised,gradcam,predicted,backbone.layer2,32,32,32,0.003716937964782119,0.4456046223640442,0.22466078016441315
475,supervised,gradcam,predicted,backbone.layer2,33,33,33,0.08388715237379074,0.4826752841472626,0.28328121826052666
476,supervised,gradcam,predicted,backbone.layer2,33,33,33,-0.1018848791718483,0.43369749188423157,0.16590630635619164
477,supervised,gradcam,predicted,backbone.layer2,33,11,11,0.6325057148933411,0.2854684293270111,0.4589870721101761
478,supervised,gradcam,predicted,backbone.layer2,33,33,33,-0.040077630430459976,0.275717556476593,0.11781996302306652
479,supervised,gradcam,predicted,backbone.layer2,33,33,33,-0.32464835047721863,0.10566569119691849,-0.10949132964015007
448,supervised,gradcam,predicted,backbone.layer3,31,31,31,0.3160099983215332,0.20604431629180908,0.26102715730667114
449,supervised,gradcam,predicted,backbone.layer3,31,31,31,-0.21849580109119415,0.3085789382457733,0.04504156857728958
450,supervised,gradcam,predicted,backbone.layer3,31,31,31,-0.11106812953948975,0.20576444268226624,0.047348156571388245
451,supervised,gradcam,predicted,backbone.layer3,31,31,31,-0.03279276192188263,0.2868393659591675,0.12702330201864243
452,supervised,gradcam,predicted,backbone.layer3,31,31,31,-0.11456780135631561,0.3549722731113434,0.12020223587751389
453,supervised,gradcam,predicted,backbone.layer3,31,31,31,0.044813673943281174,0.29034262895584106,0.16757815144956112
454,supervised,gradcam,predicted,backbone.layer3,31,31,31,-0.008732995949685574,0.34154054522514343,0.16640377463772893
455,supervised,gradcam,predicted,backbone.layer3,31,31,31,0.21775442361831665,0.3962138295173645,0.3069841265678406
456,supervised,gradcam,predicted,backbone.layer3,31,31,31,-0.31737369298934937,0.15960291028022766,-0.07888539135456085
457,supervised,gradcam,predicted,backbone.layer3,31,31,31,-0.14933720231056213,0.2685018479824066,0.05958232283592224
458,supervised,gradcam,predicted,backbone.layer3,32,38,38,0.12840934097766876,0.21272341907024384,0.1705663800239563
459,supervised,gradcam,predicted,backbone.layer3,32,32,32,-0.1102866381406784,0.3288959264755249,0.10930464416742325
460,supervised,gradcam,predicted,backbone.layer3,32,32,32,-0.11784794181585312,0.33377784490585327,0.10796495154500008
461,supervised,gradcam,predicted,backbone.layer3,32,32,32,-0.5086070895195007,0.11335943639278412,-0.1976238265633583
462,supervised,gradcam,predicted,backbone.layer3,32,32,32,-0.12116669118404388,0.3667908310890198,0.12281206995248795
463,supervised,gradcam,predicted,backbone.layer3,32,18,18,0.45355039834976196,0.5414496064186096,0.4975000023841858
464,supervised,gradcam,predicted,backbone.layer3,32,32,32,-0.2475876808166504,0.16488412022590637,-0.04135178029537201
465,supervised,gradcam,predicted,backbone.layer3,32,32,32,0.06078190729022026,0.4699046015739441,0.2653432544320822
466,supervised,gradcam,predicted,backbone.layer3,32,32,32,0.39954543113708496,0.6045427322387695,0.5020440816879272
467,supervised,gradcam,predicted,backbone.layer3,32,42,42,0.02698357217013836,0.31253790855407715,0.16976074036210775
468,supervised,gradcam,predicted,backbone.layer3,32,24,24,0.14715147018432617,0.4137536883354187,0.28045257925987244
469,supervised,gradcam,predicted,backbone.layer3,32,32,32,0.04196225851774216,0.3726479113101959,0.20730508491396904
470,supervised,gradcam,predicted,backbone.layer3,32,36,36,0.05495407059788704,0.4438111484050751,0.24938260950148106
471,supervised,gradcam,predicted,backbone.layer3,32,32,32,0.449812114238739,0.5399124622344971,0.49486228823661804
472,supervised,gradcam,predicted,backbone.layer3,32,32,32,0.19300886988639832,0.3740333914756775,0.2835211306810379
473,supervised,gradcam,predicted,backbone.layer3,32,32,32,0.21951739490032196,0.5129428505897522,0.3662301227450371
474,supervised,gradcam,predicted,backbone.layer3,32,32,32,0.393802672624588,0.48636263608932495,0.4400826543569565
475,supervised,gradcam,predicted,backbone.layer3,33,33,33,0.08046253770589828,0.2910902500152588,0.18577639386057854
476,supervised,gradcam,predicted,backbone.layer3,33,33,33,0.018939832225441933,0.4119693636894226,0.21545459795743227
477,supervised,gradcam,predicted,backbone.layer3,33,11,11,0.4949709177017212,0.17700105905532837,0.3359859883785248
478,supervised,gradcam,predicted,backbone.layer3,33,33,33,-0.08583134412765503,0.5213735103607178,0.21777108311653137
479,supervised,gradcam,predicted,backbone.layer3,33,33,33,0.059506624937057495,0.30179333686828613,0.18064998090267181
448,supervised,gradcam,predicted,backbone.layer4,31,31,31,-0.0606149360537529,0.3667758107185364,0.15308043733239174
449,supervised,gradcam,predicted,backbone.layer4,31,31,31,0.45664429664611816,0.5252083539962769,0.4909263253211975
450,supervised,gradcam,predicted,backbone.layer4,31,31,31,0.05302944779396057,0.5151287913322449,0.2840791195631027
451,supervised,gradcam,predicted,backbone.layer4,31,31,31,0.2863985300064087,0.5451335906982422,0.41576606035232544
452,supervised,gradcam,predicted,backbone.layer4,31,31,31,-0.04837949573993683,0.5128262639045715,0.23222338408231735
453,supervised,gradcam,predicted,backbone.layer4,31,31,31,-0.38317814469337463,0.4946801960468292,0.055751025676727295
454,supervised,gradcam,predicted,backbone.layer4,31,31,31,-0.05866458639502525,0.4775087237358093,0.20942206867039204
455,supervised,gradcam,predicted,backbone.layer4,31,31,31,0.80325847864151,0.635129988193512,0.719194233417511
456,supervised,gradcam,predicted,backbone.layer4,31,31,31,-0.028867337852716446,0.4578480124473572,0.21449033729732037
457,supervised,gradcam,predicted,backbone.layer4,31,31,31,0.36565083265304565,0.4934861958026886,0.4295685142278671
458,supervised,gradcam,predicted,backbone.layer4,32,38,38,0.538374125957489,0.632834792137146,0.5856044590473175
459,supervised,gradcam,predicted,backbone.layer4,32,32,32,-0.01628647930920124,0.48729395866394043,0.2355037396773696
460,supervised,gradcam,predicted,backbone.layer4,32,32,32,-0.05966700240969658,0.5268397927284241,0.23358639515936375
461,supervised,gradcam,predicted,backbone.layer4,32,32,32,0.22554922103881836,0.5378667712211609,0.3817079961299896
462,supervised,gradcam,predicted,backbone.layer4,32,32,32,0.39314040541648865,0.5612326264381409,0.47718651592731476
463,supervised,gradcam,predicted,backbone.layer4,32,18,18,0.7850879430770874,0.7859060764312744,0.7854970097541809
464,supervised,gradcam,predicted,backbone.layer4,32,32,32,0.04793291538953781,0.49361589550971985,0.27077440544962883
465,supervised,gradcam,predicted,backbone.layer4,32,32,32,-0.11472903192043304,0.5041393041610718,0.19470513612031937
466,supervised,gradcam,predicted,backbone.layer4,32,32,32,0.028268475085496902,0.5262479186058044,0.2772581968456507
467,supervised,gradcam,predicted,backbone.layer4,32,42,42,0.3483876883983612,0.5831459164619446,0.4657668024301529
468,supervised,gradcam,predicted,backbone.layer4,32,24,24,0.25280654430389404,0.5760678052902222,0.4144371747970581
469,supervised,gradcam,predicted,backbone.layer4,32,32,32,0.47846558690071106,0.5557564496994019,0.5171110183000565
470,supervised,gradcam,predicted,backbone.layer4,32,36,36,0.5072107911109924,0.5541641116142273,0.5306874513626099
471,supervised,gradcam,predicted,backbone.layer4,32,32,32,-0.08592876046895981,0.5613515377044678,0.23771138861775398
472,supervised,gradcam,predicted,backbone.layer4,32,32,32,0.09317273646593094,0.5419825911521912,0.31757766380906105
473,supervised,gradcam,predicted,backbone.layer4,32,32,32,0.16903582215309143,0.5378057360649109,0.35342077910900116
474,supervised,gradcam,predicted,backbone.layer4,32,32,32,0.06614679098129272,0.5034893751144409,0.2848180830478668
475,supervised,gradcam,predicted,backbone.layer4,33,33,33,0.11521913856267929,0.5092412233352661,0.3122301809489727
476,supervised,gradcam,predicted,backbone.layer4,33,33,33,0.08941799402236938,0.48944517970085144,0.2894315868616104
477,supervised,gradcam,predicted,backbone.layer4,33,11,11,0.6628887057304382,0.4316639304161072,0.5472763180732727
478,supervised,gradcam,predicted,backbone.layer4,33,33,33,0.24958743155002594,0.5429213047027588,0.39625436812639236
479,supervised,gradcam,predicted,backbone.layer4,33,33,33,0.3126325011253357,0.5260012149810791,0.4193168580532074
480,supervised,gradcam,predicted,backbone.layer1,33,33,33,-0.21356897056102753,0.4061356484889984,0.09628333896398544
481,supervised,gradcam,predicted,backbone.layer1,33,33,33,0.26933997869491577,0.26809731125831604,0.2687186449766159
482,supervised,gradcam,predicted,backbone.layer1,33,20,20,0.2689131200313568,0.20952974259853363,0.23922143131494522
483,supervised,gradcam,predicted,backbone.layer1,33,33,33,0.3158586919307709,0.30175575613975525,0.30880722403526306
484,supervised,gradcam,predicted,backbone.layer1,33,33,33,0.13382579386234283,0.43092790246009827,0.28237684816122055
485,supervised,gradcam,predicted,backbone.layer1,33,33,33,0.208780437707901,0.19258251786231995,0.20068147778511047
486,supervised,gradcam,predicted,backbone.layer1,33,33,33,-0.06363887339830399,0.183511883020401,0.05993650481104851
487,supervised,gradcam,predicted,backbone.layer1,33,33,33,0.11726180464029312,0.3526098132133484,0.23493580892682076
488,supervised,gradcam,predicted,backbone.layer1,33,33,33,-0.08829519152641296,0.34185048937797546,0.12677764892578125
489,supervised,gradcam,predicted,backbone.layer1,33,33,33,0.24106945097446442,0.43112343549728394,0.3360964432358742
490,supervised,gradcam,predicted,backbone.layer1,33,33,33,-0.052380722016096115,0.017341546714305878,-0.01751958765089512
491,supervised,gradcam,predicted,backbone.layer1,33,33,33,-0.047891128808259964,0.049354374408721924,0.0007316228002309799
492,supervised,gradcam,predicted,backbone.layer1,33,33,33,0.2506667971611023,0.24998308718204498,0.25032494217157364
493,supervised,gradcam,predicted,backbone.layer1,34,34,34,0.22612209618091583,0.13816139101982117,0.1821417436003685
494,supervised,gradcam,predicted,backbone.layer1,34,35,35,0.2617701292037964,0.5248084664344788,0.3932892978191376
495,supervised,gradcam,predicted,backbone.layer1,34,38,38,-0.17918093502521515,0.21339869499206543,0.01710887998342514
496,supervised,gradcam,predicted,backbone.layer1,34,34,34,0.1965913623571396,0.4729657769203186,0.3347785696387291
497,supervised,gradcam,predicted,backbone.layer1,34,17,17,-0.0018224341329187155,0.03664963319897652,0.0174135995330289
498,supervised,gradcam,predicted,backbone.layer1,34,34,34,0.008758590556681156,0.11386028677225113,0.06130943866446614
499,supervised,gradcam,predicted,backbone.layer1,34,34,34,0.4026726484298706,0.14621753990650177,0.2744450941681862
500,supervised,gradcam,predicted,backbone.layer1,34,34,34,0.1095481812953949,0.2193818837404251,0.16446503251791
501,supervised,gradcam,predicted,backbone.layer1,34,34,34,-0.01588236168026924,0.23063665628433228,0.10737714730203152
502,supervised,gradcam,predicted,backbone.layer1,34,34,34,0.19468547403812408,0.44472458958625793,0.319705031812191
503,supervised,gradcam,predicted,backbone.layer1,34,34,34,0.25478997826576233,0.31738394498825073,0.28608696162700653
504,supervised,gradcam,predicted,backbone.layer1,34,34,34,0.28433114290237427,0.1429014652967453,0.21361630409955978
505,supervised,gradcam,predicted,backbone.layer1,34,34,34,0.5989704728126526,0.3494545817375183,0.47421252727508545
506,supervised,gradcam,predicted,backbone.layer1,35,33,33,0.3623700439929962,0.49618396162986755,0.4292770028114319
507,supervised,gradcam,predicted,backbone.layer1,35,17,17,0.12992717325687408,0.16405656933784485,0.14699187129735947
508,supervised,gradcam,predicted,backbone.layer1,35,35,35,-0.022460056468844414,0.37039119005203247,0.17396556679159403
509,supervised,gradcam,predicted,backbone.layer1,35,35,35,0.19993101060390472,0.2953964173793793,0.247663713991642
510,supervised,gradcam,predicted,backbone.layer1,35,35,35,-0.1298014372587204,0.26549506187438965,0.06784681230783463
511,supervised,gradcam,predicted,backbone.layer1,35,34,34,0.401114284992218,0.5869520306587219,0.49403315782546997
480,supervised,gradcam,predicted,backbone.layer2,33,33,33,-0.3400944173336029,0.22071245312690735,-0.05969098210334778
481,supervised,gradcam,predicted,backbone.layer2,33,33,33,0.030936887487769127,0.5038558840751648,0.26739638578146696
482,supervised,gradcam,predicted,backbone.layer2,33,20,20,-0.05995086207985878,0.21035121381282806,0.07520017586648464
483,supervised,gradcam,predicted,backbone.layer2,33,33,33,-0.07731781154870987,0.3473036587238312,0.13499292358756065
484,supervised,gradcam,predicted,backbone.layer2,33,33,33,0.06237662211060524,0.41844040155410767,0.24040851183235645
485,supervised,gradcam,predicted,backbone.layer2,33,33,33,-0.07558708637952805,0.36323121190071106,0.1438220627605915
486,supervised,gradcam,predicted,backbone.layer2,33,33,33,-0.0718390941619873,0.26944005489349365,0.09880048036575317
487,supervised,gradcam,predicted,backbone.layer2,33,33,33,0.02981397695839405,0.42074111104011536,0.2252775439992547
488,supervised,gradcam,predicted,backbone.layer2,33,33,33,-0.061981428414583206,0.43823522329330444,0.18812689743936062
489,supervised,gradcam,predicted,backbone.layer2,33,33,33,0.010402766056358814,0.35639598965644836,0.1833993778564036
490,supervised,gradcam,predicted,backbone.layer2,33,33,33,0.10032620280981064,0.4319244623184204,0.2661253325641155
491,supervised,gradcam,predicted,backbone.layer2,33,33,33,0.08422520011663437,0.42232394218444824,0.2532745711505413
492,supervised,gradcam,predicted,backbone.layer2,33,33,33,-0.026541100814938545,0.4829384982585907,0.22819869872182608
493,supervised,gradcam,predicted,backbone.layer2,34,34,34,0.15510907769203186,0.2406264990568161,0.19786778837442398
494,supervised,gradcam,predicted,backbone.layer2,34,35,35,0.08436429500579834,0.5232301950454712,0.30379724502563477
495,supervised,gradcam,predicted,backbone.layer2,34,38,38,-0.15344254672527313,0.38859209418296814,0.1175747737288475
496,supervised,gradcam,predicted,backbone.layer2,34,34,34,-0.02061750926077366,0.37946411967277527,0.1794233052060008
497,supervised,gradcam,predicted,backbone.layer2,34,17,17,0.026546694338321686,0.35773277282714844,0.19213973358273506
498,supervised,gradcam,predicted,backbone.layer2,34,34,34,-0.059446875005960464,0.21738609671592712,0.07896961085498333
499,supervised,gradcam,predicted,backbone.layer2,34,34,34,0.13088025152683258,0.4000609815120697,0.26547061651945114
500,supervised,gradcam,predicted,backbone.layer2,34,34,34,0.19603078067302704,0.16721589863300323,0.18162333965301514
501,supervised,gradcam,predicted,backbone.layer2,34,34,34,0.17015428841114044,0.1960579752922058,0.18310613185167313
502,supervised,gradcam,predicted,backbone.layer2,34,34,34,0.0025369368959218264,0.3716539442539215,0.18709544057492167
503,supervised,gradcam,predicted,backbone.layer2,34,34,34,0.16550271213054657,0.19024544954299927,0.17787408083677292
504,supervised,gradcam,predicted,backbone.layer2,34,34,34,0.4104231297969818,0.34475651383399963,0.3775898218154907
505,supervised,gradcam,predicted,backbone.layer2,34,34,34,0.5418003797531128,0.1486712545156479,0.34523581713438034
506,supervised,gradcam,predicted,backbone.layer2,35,33,33,0.1969165802001953,0.27077624201774597,0.23384641110897064
507,supervised,gradcam,predicted,backbone.layer2,35,17,17,0.08650326728820801,0.3114478886127472,0.1989755779504776
508,supervised,gradcam,predicted,backbone.layer2,35,35,35,0.2823513150215149,0.48946741223335266,0.3859093636274338
509,supervised,gradcam,predicted,backbone.layer2,35,35,35,0.08932322263717651,0.36923912167549133,0.22928117215633392
510,supervised,gradcam,predicted,backbone.layer2,35,35,35,-0.1507091075181961,0.18234418332576752,0.015817537903785706
511,supervised,gradcam,predicted,backbone.layer2,35,34,34,-0.10874713212251663,0.3148692846298218,0.10306107625365257
480,supervised,gradcam,predicted,backbone.layer3,33,33,33,-0.1689140796661377,0.17898516356945038,0.0050355419516563416
481,supervised,gradcam,predicted,backbone.layer3,33,33,33,-0.26761558651924133,0.2537006139755249,-0.006957486271858215
482,supervised,gradcam,predicted,backbone.layer3,33,20,20,0.3329695761203766,0.3958832919597626,0.3644264340400696
483,supervised,gradcam,predicted,backbone.layer3,33,33,33,0.4031200408935547,0.31161776185035706,0.35736890137195587
484,supervised,gradcam,predicted,backbone.layer3,33,33,33,0.2816571295261383,0.22813640534877777,0.25489676743745804
485,supervised,gradcam,predicted,backbone.layer3,33,33,33,0.1448209434747696,0.42056959867477417,0.2826952710747719
486,supervised,gradcam,predicted,backbone.layer3,33,33,33,-0.0251704603433609,0.31447526812553406,0.14465240389108658
487,supervised,gradcam,predicted,backbone.layer3,33,33,33,0.06109818443655968,0.4095853865146637,0.2353417854756117
488,supervised,gradcam,predicted,backbone.layer3,33,33,33,-0.06095476448535919,0.40847232937812805,0.17375878244638443
489,supervised,gradcam,predicted,backbone.layer3,33,33,33,-0.32351845502853394,0.27574461698532104,-0.023886919021606445
490,supervised,gradcam,predicted,backbone.layer3,33,33,33,0.19173622131347656,0.4314262270927429,0.31158122420310974
491,supervised,gradcam,predicted,backbone.layer3,33,33,33,-0.27100706100463867,0.2266591340303421,-0.022173963487148285
492,supervised,gradcam,predicted,backbone.layer3,33,33,33,0.06849160045385361,0.27161937952041626,0.17005548998713493
493,supervised,gradcam,predicted,backbone.layer3,34,34,34,0.2957182824611664,0.38930708169937134,0.34251268208026886
494,supervised,gradcam,predicted,backbone.layer3,34,35,35,0.21745334565639496,0.5513979196548462,0.3844256326556206
495,supervised,gradcam,predicted,backbone.layer3,34,38,38,-0.045658040791749954,0.24907036125659943,0.10170616023242474
496,supervised,gradcam,predicted,backbone.layer3,34,34,34,0.07939354330301285,0.4785890579223633,0.27899130061268806
497,supervised,gradcam,predicted,backbone.layer3,34,17,17,0.13268518447875977,0.32711663842201233,0.22990091145038605
498,supervised,gradcam,predicted,backbone.layer3,34,34,34,0.4360887110233307,0.4771427512168884,0.45661573112010956
499,supervised,gradcam,predicted,backbone.layer3,34,34,34,0.15127277374267578,0.3675403594970703,0.25940656661987305
500,supervised,gradcam,predicted,backbone.layer3,34,34,34,0.108248770236969,0.37586185336112976,0.24205531179904938
501,supervised,gradcam,predicted,backbone.layer3,34,34,34,0.1355627477169037,0.36008840799331665,0.24782557785511017
502,supervised,gradcam,predicted,backbone.layer3,34,34,34,0.022822827100753784,0.36739906668663025,0.19511094689369202
503,supervised,gradcam,predicted,backbone.layer3,34,34,34,0.3508872389793396,0.3068464398384094,0.3288668394088745
504,supervised,gradcam,predicted,backbone.layer3,34,34,34,0.36183473467826843,0.4949290156364441,0.42838187515735626
505,supervised,gradcam,predicted,backbone.layer3,34,34,34,0.4622756242752075,0.22673490643501282,0.34450526535511017
506,supervised,gradcam,predicted,backbone.layer3,35,33,33,0.29100772738456726,0.3685070872306824,0.3297574073076248
507,supervised,gradcam,predicted,backbone.layer3,35,17,17,0.5130767822265625,0.5729636549949646,0.5430202186107635
508,supervised,gradcam,predicted,backbone.layer3,35,35,35,0.04708290845155716,0.38786670565605164,0.2174748070538044
509,supervised,gradcam,predicted,backbone.layer3,35,35,35,0.48086485266685486,0.5334320664405823,0.5071484595537186
510,supervised,gradcam,predicted,backbone.layer3,35,35,35,0.2793544828891754,0.21037915349006653,0.24486681818962097
511,supervised,gradcam,predicted,backbone.layer3,35,34,34,0.3114009201526642,0.5351376533508301,0.42326928675174713
480,supervised,gradcam,predicted,backbone.layer4,33,33,33,-0.1452651023864746,0.5068374276161194,0.1807861626148224
481,supervised,gradcam,predicted,backbone.layer4,33,33,33,0.29504016041755676,0.5325790643692017,0.4138096123933792
482,supervised,gradcam,predicted,backbone.layer4,33,20,20,0.1042071059346199,0.428786963224411,0.26649703457951546
483,supervised,gradcam,predicted,backbone.layer4,33,33,33,0.39310118556022644,0.48282960057258606,0.43796539306640625
484,supervised,gradcam,predicted,backbone.layer4,33,33,33,0.46846798062324524,0.49953246116638184,0.48400022089481354
485,supervised,gradcam,predicted,backbone.layer4,33,33,33,-0.03965773060917854,0.45506563782691956,0.2077039536088705
486,supervised,gradcam,predicted,backbone.layer4,33,33,33,-0.05095208063721657,0.46830087900161743,0.20867439918220043
487,supervised,gradcam,predicted,backbone.layer4,33,33,33,-0.07607200741767883,0.522489607334137,0.22320879995822906
488,supervised,gradcam,predicted,backbone.layer4,33,33,33,0.49089154601097107,0.6008926630020142,0.5458921045064926
489,supervised,gradcam,predicted,backbone.layer4,33,33,33,-0.29672694206237793,0.3638557493686676,0.033564403653144836
490,supervised,gradcam,predicted,backbone.layer4,33,33,33,-0.0004973727045580745,0.5657590627670288,0.28263084503123537
491,supervised,gradcam,predicted,backbone.layer4,33,33,33,0.41677126288414,0.5444450974464417,0.48060818016529083
492,supervised,gradcam,predicted,backbone.layer4,33,33,33,0.4416642189025879,0.5803492069244385,0.5110067129135132
493,supervised,gradcam,predicted,backbone.layer4,34,34,34,0.15349949896335602,0.49914035201072693,0.3263199254870415
494,supervised,gradcam,predicted,backbone.layer4,34,35,35,0.05730420723557472,0.4840153753757477,0.2706597913056612
495,supervised,gradcam,predicted,backbone.layer4,34,38,38,0.38407790660858154,0.5407860279083252,0.46243196725845337
496,supervised,gradcam,predicted,backbone.layer4,34,34,34,0.5114789605140686,0.5446217060089111,0.5280503332614899
497,supervised,gradcam,predicted,backbone.layer4,34,17,17,0.16348658502101898,0.5500560402870178,0.3567713126540184
498,supervised,gradcam,predicted,backbone.layer4,34,34,34,0.5392622351646423,0.5796540975570679,0.5594581663608551
499,supervised,gradcam,predicted,backbone.layer4,34,34,34,0.049721259623765945,0.5144210457801819,0.2820711527019739
500,supervised,gradcam,predicted,backbone.layer4,34,34,34,0.3400864601135254,0.5164980292320251,0.42829224467277527
501,supervised,gradcam,predicted,backbone.layer4,34,34,34,0.5602918267250061,0.6891026496887207,0.6246972382068634
502,supervised,gradcam,predicted,backbone.layer4,34,34,34,0.586689293384552,0.5429062247276306,0.5647977590560913
503,supervised,gradcam,predicted,backbone.layer4,34,34,34,0.2384122759103775,0.4730755090713501,0.3557438924908638
504,supervised,gradcam,predicted,backbone.layer4,34,34,34,0.44889968633651733,0.5489197373390198,0.49890971183776855
505,supervised,gradcam,predicted,backbone.layer4,34,34,34,0.7942794561386108,0.5130741596221924,0.6536768078804016
506,supervised,gradcam,predicted,backbone.layer4,35,33,33,0.38432180881500244,0.5303888320922852,0.4573553204536438
507,supervised,gradcam,predicted,backbone.layer4,35,17,17,-0.0006821051356382668,0.5257605910301208,0.2625392429472413
508,supervised,gradcam,predicted,backbone.layer4,35,35,35,0.24919362366199493,0.5034750699996948,0.3763343468308449
509,supervised,gradcam,predicted,backbone.layer4,35,35,35,0.41930288076400757,0.5330694317817688,0.4761861562728882
510,supervised,gradcam,predicted,backbone.layer4,35,35,35,0.15386565029621124,0.5161949396133423,0.33503029495477676
511,supervised,gradcam,predicted,backbone.layer4,35,34,34,0.4040522277355194,0.42277809977531433,0.41341516375541687
512,supervised,gradcam,predicted,backbone.layer1,35,35,35,0.19551606476306915,0.2662245035171509,0.23087028414011002
513,supervised,gradcam,predicted,backbone.layer1,35,28,28,-0.03793530538678169,0.08128353953361511,0.02167411707341671
514,supervised,gradcam,predicted,backbone.layer1,35,35,35,0.13612763583660126,0.5028326511383057,0.31948014348745346
515,supervised,gradcam,predicted,backbone.layer1,35,25,25,0.1920466125011444,0.4643433094024658,0.3281949609518051
516,supervised,gradcam,predicted,backbone.layer1,35,35,35,0.2722492814064026,0.46107760071754456,0.36666344106197357
517,supervised,gradcam,predicted,backbone.layer1,35,35,35,0.5960528254508972,0.5163815021514893,0.5562171638011932
518,supervised,gradcam,predicted,backbone.layer1,35,35,35,0.3350261449813843,0.44857630133628845,0.39180122315883636
519,supervised,gradcam,predicted,backbone.layer1,35,35,35,-0.014901780523359776,0.2447863221168518,0.11494227079674602
520,supervised,gradcam,predicted,backbone.layer1,35,35,35,0.21019047498703003,0.4853981137275696,0.3477942943572998
521,supervised,gradcam,predicted,backbone.layer1,35,35,35,-0.39806896448135376,0.2792203724384308,-0.05942429602146149
522,supervised,gradcam,predicted,backbone.layer1,35,35,35,0.03406233340501785,0.13078190386295319,0.08242211863398552
523,supervised,gradcam,predicted,backbone.layer1,36,36,36,0.6056293845176697,0.2351100593805313,0.4203697219491005
524,supervised,gradcam,predicted,backbone.layer1,36,36,36,0.38498809933662415,0.4369637072086334,0.4109759032726288
525,supervised,gradcam,predicted,backbone.layer1,36,36,36,0.008008522912859917,0.12109600007534027,0.0645522614941001
526,supervised,gradcam,predicted,backbone.layer1,36,36,36,0.042717453092336655,0.4240966737270355,0.2334070634096861
527,supervised,gradcam,predicted,backbone.layer1,36,36,36,0.16421684622764587,0.5044384598731995,0.33432765305042267
528,supervised,gradcam,predicted,backbone.layer1,36,3,3,-0.15978369116783142,0.43558672070503235,0.13790151476860046
529,supervised,gradcam,predicted,backbone.layer1,36,36,36,0.10318712145090103,0.11701052635908127,0.11009882390499115
530,supervised,gradcam,predicted,backbone.layer1,36,36,36,0.14153744280338287,0.500173807144165,0.32085562497377396
531,supervised,gradcam,predicted,backbone.layer1,36,36,36,-0.09038390219211578,0.25862741470336914,0.08412175625562668
532,supervised,gradcam,predicted,backbone.layer1,36,36,36,0.10421085357666016,0.295251727104187,0.19973129034042358
533,supervised,gradcam,predicted,backbone.layer1,36,36,36,0.20735979080200195,0.1872367411851883,0.19729826599359512
534,supervised,gradcam,predicted,backbone.layer1,36,22,22,0.050437282770872116,0.19534756243228912,0.12289242260158062
535,supervised,gradcam,predicted,backbone.layer1,36,36,36,0.0330713614821434,0.4013814926147461,0.21722642704844475
536,supervised,gradcam,predicted,backbone.layer1,36,23,23,0.3910149037837982,0.5672289729118347,0.47912193834781647
537,supervised,gradcam,predicted,backbone.layer1,36,36,36,0.3009316623210907,0.21307487785816193,0.2570032700896263
538,supervised,gradcam,predicted,backbone.layer1,37,37,37,0.03626653179526329,0.3378203511238098,0.18704344145953655
539,supervised,gradcam,predicted,backbone.layer1,37,37,37,0.11581316590309143,0.5306329727172852,0.3232230693101883
540,supervised,gradcam,predicted,backbone.layer1,37,37,37,0.2598368525505066,0.4651194214820862,0.3624781370162964
541,supervised,gradcam,predicted,backbone.layer1,37,37,37,0.3903484344482422,0.5070371031761169,0.44869276881217957
542,supervised,gradcam,predicted,backbone.layer1,37,37,37,0.08196360617876053,0.4250754117965698,0.2535195089876652
543,supervised,gradcam,predicted,backbone.layer1,37,37,37,-0.1050054058432579,0.3708493709564209,0.1329219825565815
512,supervised,gradcam,predicted,backbone.layer2,35,35,35,-0.15728497505187988,0.14690202474594116,-0.00519147515296936
513,supervised,gradcam,predicted,backbone.layer2,35,28,28,0.40373730659484863,0.28194814920425415,0.3428427278995514
514,supervised,gradcam,predicted,backbone.layer2,35,35,35,-0.09935885667800903,0.4594181180000305,0.18002963066101074
515,supervised,gradcam,predicted,backbone.layer2,35,25,25,-0.09707668423652649,0.33118999004364014,0.11705665290355682
516,supervised,gradcam,predicted,backbone.layer2,35,35,35,-0.1550285667181015,0.14379794895648956,-0.005615308880805969
517,supervised,gradcam,predicted,backbone.layer2,35,35,35,0.27716848254203796,0.5465422868728638,0.41185538470745087
518,supervised,gradcam,predicted,backbone.layer2,35,35,35,0.2117391675710678,0.41931456327438354,0.3155268654227257
519,supervised,gradcam,predicted,backbone.layer2,35,35,35,0.2352229654788971,0.5016899108886719,0.3684564381837845
520,supervised,gradcam,predicted,backbone.layer2,35,35,35,-0.02083953469991684,0.39228516817092896,0.18572281673550606
521,supervised,gradcam,predicted,backbone.layer2,35,35,35,0.15823504328727722,0.5606493949890137,0.35944221913814545
522,supervised,gradcam,predicted,backbone.layer2,35,35,35,0.12731415033340454,0.1683819442987442,0.14784804731607437
523,supervised,gradcam,predicted,backbone.layer2,36,36,36,0.25759369134902954,0.27104440331459045,0.26431904733181
524,supervised,gradcam,predicted,backbone.layer2,36,36,36,0.1943657100200653,0.2915915548801422,0.24297863245010376
525,supervised,gradcam,predicted,backbone.layer2,36,36,36,-0.1279023289680481,0.09514393657445908,-0.01637919619679451
526,supervised,gradcam,predicted,backbone.layer2,36,36,36,0.08604604750871658,0.14180821180343628,0.11392712965607643
527,supervised,gradcam,predicted,backbone.layer2,36,36,36,-0.11810517311096191,0.22423718869686127,0.053066007792949677
528,supervised,gradcam,predicted,backbone.layer2,36,3,3,-0.038081616163253784,0.2618035674095154,0.1118609756231308
529,supervised,gradcam,predicted,backbone.layer2,36,36,36,0.010230408050119877,0.2672061324119568,0.13871827023103833
530,supervised,gradcam,predicted,backbone.layer2,36,36,36,0.03932102397084236,0.4364917576313019,0.23790639080107212
531,supervised,gradcam,predicted,backbone.layer2,36,36,36,-0.11460596323013306,0.3023139238357544,0.09385398030281067
532,supervised,gradcam,predicted,backbone.layer2,36,36,36,0.31459808349609375,0.2987617552280426,0.3066799193620682
533,supervised,gradcam,predicted,backbone.layer2,36,36,36,-0.07696760445833206,0.327877014875412,0.12545470520853996
534,supervised,gradcam,predicted,backbone.layer2,36,22,22,0.1933537870645523,0.44453164935112,0.31894271820783615
535,supervised,gradcam,predicted,backbone.layer2,36,36,36,-0.09008284658193588,0.2004595547914505,0.05518835410475731
536,supervised,gradcam,predicted,backbone.layer2,36,23,23,0.10400758683681488,0.5020169019699097,0.3030122444033623
537,supervised,gradcam,predicted,backbone.layer2,36,36,36,0.12620678544044495,0.14246560633182526,0.1343361958861351
538,supervised,gradcam,predicted,backbone.layer2,37,37,37,0.27644556760787964,0.3923017680644989,0.33437366783618927
539,supervised,gradcam,predicted,backbone.layer2,37,37,37,0.012354875914752483,0.36971306800842285,0.19103397196158767
540,supervised,gradcam,predicted,backbone.layer2,37,37,37,0.07367847114801407,0.1943567544221878,0.13401761278510094
541,supervised,gradcam,predicted,backbone.layer2,37,37,37,0.19437521696090698,0.33980751037597656,0.2670913636684418
542,supervised,gradcam,predicted,backbone.layer2,37,37,37,0.08578453958034515,0.3038942217826843,0.19483938068151474
543,supervised,gradcam,predicted,backbone.layer2,37,37,37,0.14374837279319763,0.3211751878261566,0.23246178030967712
512,supervised,gradcam,predicted,backbone.layer3,35,35,35,0.1466592699289322,0.3711778521537781,0.25891856104135513
513,supervised,gradcam,predicted,backbone.layer3,35,28,28,0.06370896846055984,0.3583751618862152,0.21104206517338753
514,supervised,gradcam,predicted,backbone.layer3,35,35,35,-0.1508530080318451,0.44080519676208496,0.14497609436511993
515,supervised,gradcam,predicted,backbone.layer3,35,25,25,0.0003062831819988787,0.3929884433746338,0.19664736327831633
516,supervised,gradcam,predicted,backbone.layer3,35,35,35,0.3594893217086792,0.4590906500816345,0.40928998589515686
517,supervised,gradcam,predicted,backbone.layer3,35,35,35,0.005473736673593521,0.25074413418769836,0.12810893543064594
518,supervised,gradcam,predicted,backbone.layer3,35,35,35,0.4182898998260498,0.4572841227054596,0.4377870112657547
519,supervised,gradcam,predicted,backbone.layer3,35,35,35,0.0008326048846356571,0.44798046350479126,0.22440653419471346
520,supervised,gradcam,predicted,backbone.layer3,35,35,35,0.3330134153366089,0.4829958975315094,0.40800465643405914
521,supervised,gradcam,predicted,backbone.layer3,35,35,35,0.3143516480922699,0.4697839021682739,0.3920677751302719
522,supervised,gradcam,predicted,backbone.layer3,35,35,35,0.027614612132310867,0.4376695454120636,0.23264207877218723
523,supervised,gradcam,predicted,backbone.layer3,36,36,36,0.23168917000293732,0.43191927671432495,0.33180422335863113
524,supervised,gradcam,predicted,backbone.layer3,36,36,36,0.25417402386665344,0.2115248590707779,0.23284944146871567
525,supervised,gradcam,predicted,backbone.layer3,36,36,36,-0.03746619448065758,0.2953129708766937,0.12892338819801807
526,supervised,gradcam,predicted,backbone.layer3,36,36,36,0.23283131420612335,0.4811739921569824,0.3570026531815529
527,supervised,gradcam,predicted,backbone.layer3,36,36,36,0.4394967555999756,0.45100295543670654,0.44524985551834106
528,supervised,gradcam,predicted,backbone.layer3,36,3,3,-0.21352718770503998,0.07630585134029388,-0.06861066818237305
529,supervised,gradcam,predicted,backbone.layer3,36,36,36,0.4725412130355835,0.5077046155929565,0.49012291431427
530,supervised,gradcam,predicted,backbone.layer3,36,36,36,0.05945552513003349,0.24023166298866272,0.1498435940593481
531,supervised,gradcam,predicted,backbone.layer3,36,36,36,-0.07428900897502899,0.3430720567703247,0.13439152389764786
532,supervised,gradcam,predicted,backbone.layer3,36,36,36,0.36037901043891907,0.481540322303772,0.4209596663713455
533,supervised,gradcam,predicted,backbone.layer3,36,36,36,-0.2926017642021179,0.26913610100746155,-0.011732831597328186
534,supervised,gradcam,predicted,backbone.layer3,36,22,22,0.5181854367256165,0.5112869739532471,0.5147362053394318
535,supervised,gradcam,predicted,backbone.layer3,36,36,36,-0.08000431209802628,0.3831285238265991,0.15156210586428642
536,supervised,gradcam,predicted,backbone.layer3,36,23,23,0.16590110957622528,0.49379250407218933,0.3298468068242073
537,supervised,gradcam,predicted,backbone.layer3,36,36,36,0.455127090215683,0.4650564193725586,0.4600917547941208
538,supervised,gradcam,predicted,backbone.layer3,37,37,37,-0.09884793311357498,0.3004036247730255,0.10077784582972527
539,supervised,gradcam,predicted,backbone.layer3,37,37,37,-0.03213386982679367,0.3306935727596283,0.1492798514664173
540,supervised,gradcam,predicted,backbone.layer3,37,37,37,0.2776632606983185,0.507175087928772,0.3924191743135452
541,supervised,gradcam,predicted,backbone.layer3,37,37,37,0.2572319805622101,0.43486911058425903,0.34605054557323456
542,supervised,gradcam,predicted,backbone.layer3,37,37,37,-0.03172415867447853,0.23335257172584534,0.1008142065256834
543,supervised,gradcam,predicted,backbone.layer3,37,37,37,0.22855688631534576,0.4182116687297821,0.32338427752256393
512,supervised,gradcam,predicted,backbone.layer4,35,35,35,-0.118226058781147,0.5625602006912231,0.22216707095503807
513,supervised,gradcam,predicted,backbone.layer4,35,28,28,0.293662965297699,0.46733900904655457,0.38050098717212677
514,supervised,gradcam,predicted,backbone.layer4,35,35,35,0.6514108777046204,0.5316203832626343,0.5915156304836273
515,supervised,gradcam,predicted,backbone.layer4,35,25,25,-0.3021530508995056,0.4086242914199829,0.05323562026023865
516,supervised,gradcam,predicted,backbone.layer4,35,35,35,0.006992722861468792,0.5351316332817078,0.2710621780715883
517,supervised,gradcam,predicted,backbone.layer4,35,35,35,-0.05517403408885002,0.44607365131378174,0.19544980861246586
518,supervised,gradcam,predicted,backbone.layer4,35,35,35,-0.04318670555949211,0.4833223223686218,0.22006780840456486
519,supervised,gradcam,predicted,backbone.layer4,35,35,35,0.27366194128990173,0.5543076992034912,0.41398482024669647
520,supervised,gradcam,predicted,backbone.layer4,35,35,35,0.03835757449269295,0.5118914246559143,0.2751244995743036
521,supervised,gradcam,predicted,backbone.layer4,35,35,35,0.02615625597536564,0.5145615339279175,0.27035889495164156
522,supervised,gradcam,predicted,backbone.layer4,35,35,35,0.09050772339105606,0.5299108624458313,0.3102092929184437
523,supervised,gradcam,predicted,backbone.layer4,36,36,36,0.120403952896595,0.5064930319786072,0.3134484924376011
524,supervised,gradcam,predicted,backbone.layer4,36,36,36,0.24653224647045135,0.5406665205955505,0.39359938353300095
525,supervised,gradcam,predicted,backbone.layer4,36,36,36,0.3717798888683319,0.5042502284049988,0.43801505863666534
526,supervised,gradcam,predicted,backbone.layer4,36,36,36,0.2524130642414093,0.5797950625419617,0.4161040633916855
527,supervised,gradcam,predicted,backbone.layer4,36,36,36,0.33249175548553467,0.48272374272346497,0.4076077491044998
528,supervised,gradcam,predicted,backbone.layer4,36,3,3,0.4407825469970703,0.5482107996940613,0.4944966733455658
529,supervised,gradcam,predicted,backbone.layer4,36,36,36,0.05236930400133133,0.4660390317440033,0.2592041678726673
530,supervised,gradcam,predicted,backbone.layer4,36,36,36,0.5017009377479553,0.5767881870269775,0.5392445623874664
531,supervised,gradcam,predicted,backbone.layer4,36,36,36,0.6020568609237671,0.6689538359642029,0.635505348443985
532,supervised,gradcam,predicted,backbone.layer4,36,36,36,0.3387657403945923,0.5740838050842285,0.4564247727394104
533,supervised,gradcam,predicted,backbone.layer4,36,36,36,0.24676750600337982,0.5224277377128601,0.38459762185811996
534,supervised,gradcam,predicted,backbone.layer4,36,22,22,0.16673000156879425,0.5531162023544312,0.3599231019616127
535,supervised,gradcam,predicted,backbone.layer4,36,36,36,0.3858558237552643,0.5983986258506775,0.4921272248029709
536,supervised,gradcam,predicted,backbone.layer4,36,23,23,0.05508768931031227,0.5294866561889648,0.29228717274963856
537,supervised,gradcam,predicted,backbone.layer4,36,36,36,0.18654295802116394,0.5461938977241516,0.3663684278726578
538,supervised,gradcam,predicted,backbone.layer4,37,37,37,0.3283407688140869,0.5894373655319214,0.45888906717300415
539,supervised,gradcam,predicted,backbone.layer4,37,37,37,0.09632439911365509,0.5561212301254272,0.32622281461954117
540,supervised,gradcam,predicted,backbone.layer4,37,37,37,0.26391616463661194,0.541107177734375,0.40251167118549347
541,supervised,gradcam,predicted,backbone.layer4,37,37,37,0.14572356641292572,0.5442162752151489,0.3449699208140373
542,supervised,gradcam,predicted,backbone.layer4,37,37,37,0.15383043885231018,0.5558964014053345,0.3548634201288223
543,supervised,gradcam,predicted,backbone.layer4,37,37,37,0.37028026580810547,0.5280946493148804,0.4491874575614929
544,supervised,gradcam,predicted,backbone.layer1,37,37,37,0.20988617837429047,0.48955366015434265,0.34971991926431656
545,supervised,gradcam,predicted,backbone.layer1,37,37,37,0.21387076377868652,0.5553340911865234,0.384602427482605
546,supervised,gradcam,predicted,backbone.layer1,37,37,37,0.04475480318069458,0.37608349323272705,0.21041914820671082
547,supervised,gradcam,predicted,backbone.layer1,37,37,37,-0.09483877569437027,0.42640745639801025,0.16578434035182
548,supervised,gradcam,predicted,backbone.layer1,37,37,37,0.2278643101453781,0.5218514204025269,0.3748578652739525
549,supervised,gradcam,predicted,backbone.layer1,37,37,37,0.08771030604839325,0.47141319513320923,0.27956175059080124
550,supervised,gradcam,predicted,backbone.layer1,37,37,37,0.10552800446748734,0.45667922496795654,0.28110361471772194
551,supervised,gradcam,predicted,backbone.layer1,37,37,37,0.013782938942313194,0.4705027639865875,0.24214285146445036
552,supervised,gradcam,predicted,backbone.layer1,38,38,38,0.207706481218338,0.7043462991714478,0.4560263901948929
553,supervised,gradcam,predicted,backbone.layer1,38,38,38,0.6435937285423279,0.49235424399375916,0.5679739862680435
554,supervised,gradcam,predicted,backbone.layer1,38,27,27,0.09469439089298248,0.34648212790489197,0.22058825939893723
555,supervised,gradcam,predicted,backbone.layer1,38,27,27,0.09656184166669846,0.2245216816663742,0.16054176166653633
556,supervised,gradcam,predicted,backbone.layer1,38,38,38,0.061112724244594574,0.30144888162612915,0.18128080293536186
557,supervised,gradcam,predicted,backbone.layer1,38,38,38,0.026206472888588905,0.3356764018535614,0.18094143737107515
558,supervised,gradcam,predicted,backbone.layer1,38,30,30,0.10768093168735504,0.24185027182102203,0.17476560175418854
559,supervised,gradcam,predicted,backbone.layer1,38,38,38,0.0,0.0,0.0
560,supervised,gradcam,predicted,backbone.layer1,38,29,29,-0.02705352194607258,0.4824359118938446,0.227691194973886
561,supervised,gradcam,predicted,backbone.layer1,38,38,38,-0.5944030284881592,0.24739773571491241,-0.17350264638662338
562,supervised,gradcam,predicted,backbone.layer1,38,38,38,0.5793237090110779,0.47332099080085754,0.5263223499059677
563,supervised,gradcam,predicted,backbone.layer1,38,38,38,-0.30416998267173767,0.24646307528018951,-0.02885345369577408
564,supervised,gradcam,predicted,backbone.layer1,38,40,40,0.08086969703435898,0.09112193435430527,0.08599581569433212
565,supervised,gradcam,predicted,backbone.layer1,38,39,39,0.06271720677614212,0.41667139530181885,0.23969430103898048
566,supervised,gradcam,predicted,backbone.layer1,38,6,6,0.17532259225845337,0.38902729749679565,0.2821749448776245
567,supervised,gradcam,predicted,backbone.layer1,39,31,31,0.07243895530700684,0.03770287707448006,0.055070916190743446
568,supervised,gradcam,predicted,backbone.layer1,39,27,27,0.17623765766620636,0.2737310528755188,0.22498435527086258
569,supervised,gradcam,predicted,backbone.layer1,39,32,32,-0.3971819281578064,0.29726555943489075,-0.049958184361457825
570,supervised,gradcam,predicted,backbone.layer1,39,39,39,0.09463473409414291,0.4406597316265106,0.26764723286032677
571,supervised,gradcam,predicted,backbone.layer1,39,39,39,0.11030090600252151,0.2515365481376648,0.18091872707009315
572,supervised,gradcam,predicted,backbone.layer1,39,39,39,0.2861691415309906,0.4402088522911072,0.3631889969110489
573,supervised,gradcam,predicted,backbone.layer1,39,40,40,0.07889445126056671,0.13815979659557343,0.10852712392807007
574,supervised,gradcam,predicted,backbone.layer1,39,37,37,0.6208888292312622,0.5390418171882629,0.5799653232097626
575,supervised,gradcam,predicted,backbone.layer1,39,39,39,-0.13539965450763702,0.1579066663980484,0.011253505945205688
544,supervised,gradcam,predicted,backbone.layer2,37,37,37,0.05445989966392517,0.2816718518733978,0.1680658757686615
545,supervised,gradcam,predicted,backbone.layer2,37,37,37,-0.26457664370536804,0.26915547251701355,0.002289414405822754
546,supervised,gradcam,predicted,backbone.layer2,37,37,37,0.28870418667793274,0.4051773250102997,0.3469407558441162
547,supervised,gradcam,predicted,backbone.layer2,37,37,37,-0.18939076364040375,0.21308809518814087,0.01184866577386856
548,supervised,gradcam,predicted,backbone.layer2,37,37,37,0.2665797472000122,0.36343005299568176,0.315004900097847
549,supervised,gradcam,predicted,backbone.layer2,37,37,37,0.033707037568092346,0.3040755093097687,0.1688912734389305
550,supervised,gradcam,predicted,backbone.layer2,37,37,37,-0.04204516485333443,0.2258126437664032,0.09188373945653439
551,supervised,gradcam,predicted,backbone.layer2,37,37,37,-0.025884201750159264,0.1407410055398941,0.05742840189486742
552,supervised,gradcam,predicted,backbone.layer2,38,38,38,-0.16893716156482697,0.31287986040115356,0.0719713494181633
553,supervised,gradcam,predicted,backbone.layer2,38,38,38,0.50416499376297,0.3113953471183777,0.40778017044067383
554,supervised,gradcam,predicted,backbone.layer2,38,27,27,0.3195262849330902,0.579041600227356,0.4492839425802231
555,supervised,gradcam,predicted,backbone.layer2,38,27,27,0.15730541944503784,0.3605325222015381,0.25891897082328796
556,supervised,gradcam,predicted,backbone.layer2,38,38,38,0.2723097503185272,0.4795371890068054,0.3759234696626663
557,supervised,gradcam,predicted,backbone.layer2,38,38,38,0.07347516715526581,0.24975164234638214,0.16161340475082397
558,supervised,gradcam,predicted,backbone.layer2,38,30,30,0.21260464191436768,0.22576753795146942,0.21918608993291855
559,supervised,gradcam,predicted,backbone.layer2,38,38,38,0.1932201385498047,0.14762668311595917,0.17042341083288193
560,supervised,gradcam,predicted,backbone.layer2,38,29,29,0.3056129217147827,0.5149989128112793,0.410305917263031
561,supervised,gradcam,predicted,backbone.layer2,38,38,38,-0.22379936277866364,0.4316593408584595,0.10392998903989792
562,supervised,gradcam,predicted,backbone.layer2,38,38,38,0.06365430355072021,0.24394012987613678,0.1537972167134285
563,supervised,gradcam,predicted,backbone.layer2,38,38,38,0.3140626847743988,0.4454544484615326,0.3797585666179657
564,supervised,gradcam,predicted,backbone.layer2,38,40,40,0.025046616792678833,0.3837537467479706,0.2044001817703247
565,supervised,gradcam,predicted,backbone.layer2,38,39,39,0.016113292425870895,0.13097834587097168,0.07354581914842129
566,supervised,gradcam,predicted,backbone.layer2,38,6,6,-0.10579118877649307,0.18165485560894012,0.037931833416223526
567,supervised,gradcam,predicted,backbone.layer2,39,31,31,0.19880300760269165,0.36086973547935486,0.27983637154102325
568,supervised,gradcam,predicted,backbone.layer2,39,27,27,0.42764535546302795,0.508499801158905,0.4680725783109665
569,supervised,gradcam,predicted,backbone.layer2,39,32,32,0.05680232495069504,0.4492298662662506,0.2530160956084728
570,supervised,gradcam,predicted,backbone.layer2,39,39,39,-0.1831548810005188,0.15421076118946075,-0.014472059905529022
571,supervised,gradcam,predicted,backbone.layer2,39,39,39,0.4648367464542389,0.32923632860183716,0.397036537528038
572,supervised,gradcam,predicted,backbone.layer2,39,39,39,0.003707457333803177,0.31069594621658325,0.15720170177519321
573,supervised,gradcam,predicted,backbone.layer2,39,40,40,-0.29499998688697815,0.2608540654182434,-0.01707296073436737
574,supervised,gradcam,predicted,backbone.layer2,39,37,37,0.19867359101772308,0.39237838983535767,0.2955259904265404
575,supervised,gradcam,predicted,backbone.layer2,39,39,39,-0.05089499056339264,0.12222880125045776,0.03566690534353256
544,supervised,gradcam,predicted,backbone.layer3,37,37,37,0.2827281951904297,0.5471130013465881,0.4149205982685089
545,supervised,gradcam,predicted,backbone.layer3,37,37,37,-0.4579984247684479,0.388290673494339,-0.03485387563705444
546,supervised,gradcam,predicted,backbone.layer3,37,37,37,0.457530677318573,0.3470169007778168,0.4022737890481949
547,supervised,gradcam,predicted,backbone.layer3,37,37,37,-0.14100615680217743,0.2832435369491577,0.07111869007349014
548,supervised,gradcam,predicted,backbone.layer3,37,37,37,-0.26239803433418274,0.2582356333732605,-0.0020812004804611206
549,supervised,gradcam,predicted,backbone.layer3,37,37,37,-0.4595184922218323,0.16975730657577515,-0.14488059282302856
550,supervised,gradcam,predicted,backbone.layer3,37,37,37,0.24324685335159302,0.469656765460968,0.3564518094062805
551,supervised,gradcam,predicted,backbone.layer3,37,37,37,0.017640653997659683,0.41237151622772217,0.21500608511269093
552,supervised,gradcam,predicted,backbone.layer3,38,38,38,-0.20474989712238312,0.12718883156776428,-0.03878053277730942
553,supervised,gradcam,predicted,backbone.layer3,38,38,38,-0.17699526250362396,0.03729969635605812,-0.06984778307378292
554,supervised,gradcam,predicted,backbone.layer3,38,27,27,-0.1107717826962471,0.34864190220832825,0.11893505975604057
555,supervised,gradcam,predicted,backbone.layer3,38,27,27,-0.13795797526836395,0.1219729483127594,-0.007992513477802277
556,supervised,gradcam,predicted,backbone.layer3,38,38,38,-0.14788617193698883,0.228664830327034,0.04038932919502258
557,supervised,gradcam,predicted,backbone.layer3,38,38,38,0.21076998114585876,0.18083778023719788,0.19580388069152832
558,supervised,gradcam,predicted,backbone.layer3,38,30,30,0.12811829149723053,0.25852420926094055,0.19332125037908554
559,supervised,gradcam,predicted,backbone.layer3,38,38,38,-0.015537930652499199,0.02850981615483761,0.006485942751169205
560,supervised,gradcam,predicted,backbone.layer3,38,29,29,0.018187526613473892,0.2996935248374939,0.1589405257254839
561,supervised,gradcam,predicted,backbone.layer3,38,38,38,-0.04451634734869003,0.033016372472047806,-0.005749987438321114
562,supervised,gradcam,predicted,backbone.layer3,38,38,38,-0.08414272964000702,0.05199000611901283,-0.016076361760497093
563,supervised,gradcam,predicted,backbone.layer3,38,38,38,-0.012293646112084389,0.1230989620089531,0.05540265794843435
564,supervised,gradcam,predicted,backbone.layer3,38,40,40,0.13862986862659454,0.35694801807403564,0.2477889433503151
565,supervised,gradcam,predicted,backbone.layer3,38,39,39,-0.028564777225255966,0.2650599479675293,0.11824758537113667
566,supervised,gradcam,predicted,backbone.layer3,38,6,6,-0.11760649085044861,0.06667652726173401,-0.0254649817943573
567,supervised,gradcam,predicted,backbone.layer3,39,31,31,0.3819449543952942,0.2350694090127945,0.30850718170404434
568,supervised,gradcam,predicted,backbone.layer3,39,27,27,-0.028793085366487503,0.2905846834182739,0.1308957990258932
569,supervised,gradcam,predicted,backbone.layer3,39,32,32,0.2927250266075134,0.3192012310028076,0.3059631288051605
570,supervised,gradcam,predicted,backbone.layer3,39,39,39,-0.2926149070262909,0.3498702347278595,0.028627663850784302
571,supervised,gradcam,predicted,backbone.layer3,39,39,39,-0.19146662950515747,0.22401359677314758,0.016273483633995056
572,supervised,gradcam,predicted,backbone.layer3,39,39,39,0.38557153940200806,0.2883686423301697,0.33697009086608887
573,supervised,gradcam,predicted,backbone.layer3,39,40,40,0.34762054681777954,0.36795297265052795,0.35778675973415375
574,supervised,gradcam,predicted,backbone.layer3,39,37,37,-0.11465420573949814,0.24511919915676117,0.06523249670863152
575,supervised,gradcam,predicted,backbone.layer3,39,39,39,-0.0643819272518158,0.1772853285074234,0.0564517006278038
544,supervised,gradcam,predicted,backbone.layer4,37,37,37,0.38521817326545715,0.5178383588790894,0.45152826607227325
545,supervised,gradcam,predicted,backbone.layer4,37,37,37,0.531312108039856,0.555584192276001,0.5434481501579285
546,supervised,gradcam,predicted,backbone.layer4,37,37,37,0.26207831501960754,0.5712202787399292,0.41664929687976837
547,supervised,gradcam,predicted,backbone.layer4,37,37,37,0.27266639471054077,0.4958498477935791,0.38425812125205994
548,supervised,gradcam,predicted,backbone.layer4,37,37,37,0.019801873713731766,0.5622978210449219,0.2910498473793268
549,supervised,gradcam,predicted,backbone.layer4,37,37,37,-0.11409712582826614,0.4718572199344635,0.17888004705309868
550,supervised,gradcam,predicted,backbone.layer4,37,37,37,0.6043387651443481,0.5775358080863953,0.5909372866153717
551,supervised,gradcam,predicted,backbone.layer4,37,37,37,0.36665305495262146,0.4828824996948242,0.42476777732372284
552,supervised,gradcam,predicted,backbone.layer4,38,38,38,0.21543514728546143,0.5068871378898621,0.36116114258766174
553,supervised,gradcam,predicted,backbone.layer4,38,38,38,0.536729633808136,0.5530095100402832,0.5448695719242096
554,supervised,gradcam,predicted,backbone.layer4,38,27,27,0.3718429207801819,0.48853665590286255,0.4301897883415222
555,supervised,gradcam,predicted,backbone.layer4,38,27,27,0.2401227504014969,0.506395161151886,0.37325895577669144
556,supervised,gradcam,predicted,backbone.layer4,38,38,38,0.4005606770515442,0.5473020076751709,0.47393134236335754
557,supervised,gradcam,predicted,backbone.layer4,38,38,38,0.7229530811309814,0.5264175534248352,0.6246853172779083
558,supervised,gradcam,predicted,backbone.layer4,38,30,30,0.4698563814163208,0.5734148025512695,0.5216355919837952
559,supervised,gradcam,predicted,backbone.layer4,38,38,38,0.28187796473503113,0.5300202965736389,0.405949130654335
560,supervised,gradcam,predicted,backbone.layer4,38,29,29,0.5291516780853271,0.6328375339508057,0.5809946060180664
561,supervised,gradcam,predicted,backbone.layer4,38,38,38,0.3862193524837494,0.5439286231994629,0.46507398784160614
562,supervised,gradcam,predicted,backbone.layer4,38,38,38,0.38900473713874817,0.5305821299552917,0.45979343354701996
563,supervised,gradcam,predicted,backbone.layer4,38,38,38,0.5551120042800903,0.5273887515068054,0.5412503778934479
564,supervised,gradcam,predicted,backbone.layer4,38,40,40,0.37353092432022095,0.5201126337051392,0.44682177901268005
565,supervised,gradcam,predicted,backbone.layer4,38,39,39,-0.4723857641220093,0.4195265769958496,-0.026429593563079834
566,supervised,gradcam,predicted,backbone.layer4,38,6,6,0.40135639905929565,0.5305644273757935,0.46596041321754456
567,supervised,gradcam,predicted,backbone.layer4,39,31,31,0.6803093552589417,0.505158007144928,0.5927336812019348
568,supervised,gradcam,predicted,backbone.layer4,39,27,27,0.163345605134964,0.5670316219329834,0.3651886135339737
569,supervised,gradcam,predicted,backbone.layer4,39,32,32,0.20975419878959656,0.5003156065940857,0.3550349026918411
570,supervised,gradcam,predicted,backbone.layer4,39,39,39,-0.05419260635972023,0.4380033314228058,0.19190536253154278
571,supervised,gradcam,predicted,backbone.layer4,39,39,39,0.3070914149284363,0.50819331407547,0.4076423645019531
572,supervised,gradcam,predicted,backbone.layer4,39,39,39,-0.07632741332054138,0.4107256829738617,0.16719913482666016
573,supervised,gradcam,predicted,backbone.layer4,39,40,40,-0.12316354364156723,0.4832794666290283,0.18005796149373055
574,supervised,gradcam,predicted,backbone.layer4,39,37,37,0.3436361253261566,0.5077070593833923,0.4256715923547745
575,supervised,gradcam,predicted,backbone.layer4,39,39,39,0.5339676737785339,0.5359452962875366,0.5349564850330353
576,supervised,gradcam,predicted,backbone.layer1,39,39,39,0.22247903048992157,0.45429620146751404,0.3383876159787178
577,supervised,gradcam,predicted,backbone.layer1,39,38,38,0.04004891961812973,0.4500674605369568,0.24505819007754326
578,supervised,gradcam,predicted,backbone.layer1,39,39,39,0.374480664730072,0.5795146226882935,0.47699764370918274
579,supervised,gradcam,predicted,backbone.layer1,39,17,17,0.16720208525657654,0.4118657410144806,0.28953391313552856
580,supervised,gradcam,predicted,backbone.layer1,39,39,39,0.45501187443733215,0.3321249186992645,0.39356839656829834
581,supervised,gradcam,predicted,backbone.layer1,39,39,39,0.19068819284439087,0.31773558259010315,0.254211887717247
582,supervised,gradcam,predicted,backbone.layer1,39,39,39,-0.034356214106082916,0.10112522542476654,0.03338450565934181
583,supervised,gradcam,predicted,backbone.layer1,39,39,39,-0.014783763326704502,0.009675874374806881,-0.0025539444759488106
584,supervised,gradcam,predicted,backbone.layer1,39,39,39,0.7266139984130859,0.2777927815914154,0.5022033900022507
585,supervised,gradcam,predicted,backbone.layer1,39,39,39,0.16524893045425415,0.29720425605773926,0.2312265932559967
586,supervised,gradcam,predicted,backbone.layer1,39,39,39,0.20336203277111053,0.2819881737232208,0.24267510324716568
587,supervised,gradcam,predicted,backbone.layer1,40,40,40,0.018331315368413925,0.035157691687345505,0.026744503527879715
588,supervised,gradcam,predicted,backbone.layer1,40,29,29,-0.07189986854791641,0.34878528118133545,0.13844270631670952
589,supervised,gradcam,predicted,backbone.layer1,40,35,35,-0.23569148778915405,0.249806746840477,0.0070576295256614685
590,supervised,gradcam,predicted,backbone.layer1,40,17,17,0.08953407406806946,0.003185858251526952,0.046359966159798205
591,supervised,gradcam,predicted,backbone.layer1,40,40,40,0.44394370913505554,0.13395294547080994,0.28894832730293274
592,supervised,gradcam,predicted,backbone.layer1,40,40,40,0.022326001897454262,0.0028736437670886517,0.012599822832271457
593,supervised,gradcam,predicted,backbone.layer1,40,27,27,0.29608821868896484,0.36725151538848877,0.3316698670387268
594,supervised,gradcam,predicted,backbone.layer1,40,30,30,0.10824993997812271,0.35725468397140503,0.23275231197476387
595,supervised,gradcam,predicted,backbone.layer1,40,16,16,0.06850975006818771,0.04191245511174202,0.05521110258996487
596,supervised,gradcam,predicted,backbone.layer1,40,32,32,0.6472640633583069,0.2389022409915924,0.44308315217494965
597,supervised,gradcam,predicted,backbone.layer1,40,40,40,-0.09808369725942612,0.380248099565506,0.14108220115303993
598,supervised,gradcam,predicted,backbone.layer1,40,40,40,0.020007427781820297,0.2832965850830078,0.15165200643241405
599,supervised,gradcam,predicted,backbone.layer1,40,46,46,0.2900160849094391,0.2923583984375,0.29118724167346954
600,supervised,gradcam,predicted,backbone.layer1,40,17,17,0.050326257944107056,0.08267450332641602,0.06650038063526154
601,supervised,gradcam,predicted,backbone.layer1,40,40,40,-0.10849202424287796,0.3021608889102936,0.09683443233370781
602,supervised,gradcam,predicted,backbone.layer1,41,37,37,0.13279742002487183,0.4495469331741333,0.29117217659950256
603,supervised,gradcam,predicted,backbone.layer1,41,17,17,0.0651543065905571,0.3779204487800598,0.22153737768530846
604,supervised,gradcam,predicted,backbone.layer1,41,23,23,-0.1359265148639679,0.4420822560787201,0.1530778706073761
605,supervised,gradcam,predicted,backbone.layer1,41,17,17,0.283687949180603,0.4948868155479431,0.38928738236427307
606,supervised,gradcam,predicted,backbone.layer1,41,41,41,0.6256536841392517,0.2961709797382355,0.4609123319387436
607,supervised,gradcam,predicted,backbone.layer1,41,16,16,-0.09189413487911224,0.1527056246995926,0.030405744910240173
576,supervised,gradcam,predicted,backbone.layer2,39,39,39,-0.14438633620738983,0.08484593778848648,-0.029770199209451675
577,supervised,gradcam,predicted,backbone.layer2,39,38,38,-0.16937290132045746,0.4873582720756531,0.1589926853775978
578,supervised,gradcam,predicted,backbone.layer2,39,39,39,-0.129464790225029,0.07757487148046494,-0.025944959372282028
579,supervised,gradcam,predicted,backbone.layer2,39,17,17,-0.19225212931632996,0.16317275166511536,-0.0145396888256073
580,supervised,gradcam,predicted,backbone.layer2,39,39,39,-0.06251327693462372,0.06028737127780914,-0.0011129528284072876
581,supervised,gradcam,predicted,backbone.layer2,39,39,39,0.008927864953875542,0.2400704026222229,0.12449913378804922
582,supervised,gradcam,predicted,backbone.layer2,39,39,39,0.15648652613162994,0.2586471438407898,0.20756683498620987
583,supervised,gradcam,predicted,backbone.layer2,39,39,39,0.12141764163970947,0.2414117455482483,0.18141469359397888
584,supervised,gradcam,predicted,backbone.layer2,39,39,39,0.15090519189834595,0.2371983379125595,0.19405176490545273
585,supervised,gradcam,predicted,backbone.layer2,39,39,39,0.24780288338661194,0.34734755754470825,0.2975752204656601
586,supervised,gradcam,predicted,backbone.layer2,39,39,39,0.2735179662704468,0.37972787022590637,0.3266229182481766
587,supervised,gradcam,predicted,backbone.layer2,40,40,40,0.13630758225917816,0.36403605341911316,0.25017181783914566
588,supervised,gradcam,predicted,backbone.layer2,40,29,29,0.35519129037857056,0.49593156576156616,0.42556142807006836
589,supervised,gradcam,predicted,backbone.layer2,40,35,35,-0.1236252561211586,0.1975441426038742,0.0369594432413578
590,supervised,gradcam,predicted,backbone.layer2,40,17,17,-0.08215098083019257,0.2262021154165268,0.07202556729316711
591,supervised,gradcam,predicted,backbone.layer2,40,40,40,0.15051433444023132,0.3919650614261627,0.271239697933197
592,supervised,gradcam,predicted,backbone.layer2,40,40,40,-0.1979859620332718,0.4173074960708618,0.10966076701879501
593,supervised,gradcam,predicted,backbone.layer2,40,27,27,0.6631932854652405,0.4706155061721802,0.5669043958187103
594,supervised,gradcam,predicted,backbone.layer2,40,30,30,0.056060582399368286,0.2805686593055725,0.1683146208524704
595,supervised,gradcam,predicted,backbone.layer2,40,16,16,0.13070610165596008,0.46506229043006897,0.2978841960430145
596,supervised,gradcam,predicted,backbone.layer2,40,32,32,-0.11133094877004623,0.33514249324798584,0.1119057722389698
597,supervised,gradcam,predicted,backbone.layer2,40,40,40,-0.15670287609100342,0.3263693153858185,0.08483321964740753
598,supervised,gradcam,predicted,backbone.layer2,40,40,40,0.12936903536319733,0.39956361055374146,0.2644663229584694
599,supervised,gradcam,predicted,backbone.layer2,40,46,46,0.633549153804779,0.5091582536697388,0.5713537037372589
600,supervised,gradcam,predicted,backbone.layer2,40,17,17,0.18795710802078247,0.10085025429725647,0.14440368115901947
601,supervised,gradcam,predicted,backbone.layer2,40,40,40,-0.27791520953178406,0.3322226107120514,0.027153700590133667
602,supervised,gradcam,predicted,backbone.layer2,41,37,37,0.13526023924350739,0.4287724494934082,0.2820163443684578
603,supervised,gradcam,predicted,backbone.layer2,41,17,17,0.11758838593959808,0.11604680866003036,0.11681759729981422
604,supervised,gradcam,predicted,backbone.layer2,41,23,23,-0.15677054226398468,0.1567109227180481,-2.9809772968292236e-05
605,supervised,gradcam,predicted,backbone.layer2,41,17,17,-0.2951259911060333,0.14223340153694153,-0.0764462947845459
606,supervised,gradcam,predicted,backbone.layer2,41,41,41,0.13449367880821228,0.220042422413826,0.17726805061101913
607,supervised,gradcam,predicted,backbone.layer2,41,16,16,-0.013103485107421875,0.3578619956970215,0.1723792552947998
576,supervised,gradcam,predicted,backbone.layer3,39,39,39,0.026995131745934486,0.28142988681793213,0.1542125092819333
577,supervised,gradcam,predicted,backbone.layer3,39,38,38,-0.26000022888183594,0.2502405345439911,-0.004879847168922424
578,supervised,gradcam,predicted,backbone.layer3,39,39,39,0.0017827429110184312,0.026891471818089485,0.014337107364553958
579,supervised,gradcam,predicted,backbone.layer3,39,17,17,-0.1625063568353653,0.3559478223323822,0.09672073274850845
580,supervised,gradcam,predicted,backbone.layer3,39,39,39,-0.11165351420640945,0.013714110478758812,-0.04896970186382532
581,supervised,gradcam,predicted,backbone.layer3,39,39,39,-0.14652809500694275,0.18292899429798126,0.018200449645519257
582,supervised,gradcam,predicted,backbone.layer3,39,39,39,0.047422271221876144,0.33547443151474,0.19144835136830807
583,supervised,gradcam,predicted,backbone.layer3,39,39,39,0.1678796112537384,0.0628286600112915,0.11535413563251495
584,supervised,gradcam,predicted,backbone.layer3,39,39,39,0.10129208862781525,0.35739561915397644,0.22934385389089584
585,supervised,gradcam,predicted,backbone.layer3,39,39,39,-0.18725305795669556,0.2235606163740158,0.018153779208660126
586,supervised,gradcam,predicted,backbone.layer3,39,39,39,0.3472058176994324,0.44752660393714905,0.3973662108182907
587,supervised,gradcam,predicted,backbone.layer3,40,40,40,0.2801564633846283,0.40911102294921875,0.3446337431669235
588,supervised,gradcam,predicted,backbone.layer3,40,29,29,0.5789294242858887,0.5229898691177368,0.5509596467018127
589,supervised,gradcam,predicted,backbone.layer3,40,35,35,-0.2836056649684906,0.395094096660614,0.05574421584606171
590,supervised,gradcam,predicted,backbone.layer3,40,17,17,-0.10643646866083145,0.3399540185928345,0.11675877496600151
591,supervised,gradcam,predicted,backbone.layer3,40,40,40,-0.1368052065372467,0.3135386109352112,0.08836670219898224
592,supervised,gradcam,predicted,backbone.layer3,40,40,40,-0.3977227509021759,0.1923336684703827,-0.1026945412158966
593,supervised,gradcam,predicted,backbone.layer3,40,27,27,-0.0772506445646286,0.19189465045928955,0.057322002947330475
594,supervised,gradcam,predicted,backbone.layer3,40,30,30,0.1192459911108017,0.331830233335495,0.22553811222314835
595,supervised,gradcam,predicted,backbone.layer3,40,16,16,-0.10055001080036163,0.20657072961330414,0.05301035940647125
596,supervised,gradcam,predicted,backbone.layer3,40,32,32,-0.027223413810133934,0.12067380547523499,0.046725195832550526
597,supervised,gradcam,predicted,backbone.layer3,40,40,40,-0.08388794213533401,0.31608712673187256,0.11609959229826927
598,supervised,gradcam,predicted,backbone.layer3,40,40,40,-0.12265721708536148,0.29809772968292236,0.08772025629878044
599,supervised,gradcam,predicted,backbone.layer3,40,46,46,0.7999970316886902,0.5056601166725159,0.652828574180603
600,supervised,gradcam,predicted,backbone.layer3,40,17,17,-0.3196488320827484,0.26123788952827454,-0.02920547127723694
601,supervised,gradcam,predicted,backbone.layer3,40,40,40,-0.15100111067295074,0.20200371742248535,0.025501303374767303
602,supervised,gradcam,predicted,backbone.layer3,41,37,37,-0.3267616927623749,0.38364478945732117,0.028441548347473145
603,supervised,gradcam,predicted,backbone.layer3,41,17,17,0.2131270468235016,0.5139026641845703,0.36351485550403595
604,supervised,gradcam,predicted,backbone.layer3,41,23,23,-0.32567545771598816,0.308790385723114,-0.008442535996437073
605,supervised,gradcam,predicted,backbone.layer3,41,17,17,-0.12648051977157593,0.4526995122432709,0.16310949623584747
606,supervised,gradcam,predicted,backbone.layer3,41,41,41,0.12061187624931335,0.3217383623123169,0.22117511928081512
607,supervised,gradcam,predicted,backbone.layer3,41,16,16,0.2883947789669037,0.42645904421806335,0.3574269115924835
576,supervised,gradcam,predicted,backbone.layer4,39,39,39,0.4473649561405182,0.5413190722465515,0.49434201419353485
577,supervised,gradcam,predicted,backbone.layer4,39,38,38,0.3375127613544464,0.5273273587226868,0.4324200600385666
578,supervised,gradcam,predicted,backbone.layer4,39,39,39,0.16451683640480042,0.5255984663963318,0.3450576514005661
579,supervised,gradcam,predicted,backbone.layer4,39,17,17,0.3897479176521301,0.5154147148132324,0.4525813162326813
580,supervised,gradcam,predicted,backbone.layer4,39,39,39,0.4761338233947754,0.5253462195396423,0.5007400214672089
581,supervised,gradcam,predicted,backbone.layer4,39,39,39,0.5339943766593933,0.5361248254776001,0.5350596010684967
582,supervised,gradcam,predicted,backbone.layer4,39,39,39,0.31346336007118225,0.5657349824905396,0.4395991712808609
583,supervised,gradcam,predicted,backbone.layer4,39,39,39,0.6456645131111145,0.5730589032173157,0.6093617081642151
584,supervised,gradcam,predicted,backbone.layer4,39,39,39,0.09295056760311127,0.48357340693473816,0.2882619872689247
585,supervised,gradcam,predicted,backbone.layer4,39,39,39,0.4318474233150482,0.5518945455551147,0.4918709844350815
586,supervised,gradcam,predicted,backbone.layer4,39,39,39,0.31438231468200684,0.5611345767974854,0.4377584457397461
587,supervised,gradcam,predicted,backbone.layer4,40,40,40,0.19119109213352203,0.5032767057418823,0.3472338989377022
588,supervised,gradcam,predicted,backbone.layer4,40,29,29,0.3300093114376068,0.4826570153236389,0.40633316338062286
589,supervised,gradcam,predicted,backbone.layer4,40,35,35,0.15029658377170563,0.5041086673736572,0.3272026255726814
590,supervised,gradcam,predicted,backbone.layer4,40,17,17,-0.019010918214917183,0.4071771204471588,0.19408310111612082
591,supervised,gradcam,predicted,backbone.layer4,40,40,40,0.30320075154304504,0.5299272537231445,0.4165640026330948
592,supervised,gradcam,predicted,backbone.layer4,40,40,40,0.5109286904335022,0.5439719557762146,0.5274503231048584
593,supervised,gradcam,predicted,backbone.layer4,40,27,27,0.23875349760055542,0.5081582069396973,0.37345585227012634
594,supervised,gradcam,predicted,backbone.layer4,40,30,30,0.48111873865127563,0.5638464689254761,0.5224826037883759
595,supervised,gradcam,predicted,backbone.layer4,40,16,16,0.6635378003120422,0.5842259526252747,0.6238818764686584
596,supervised,gradcam,predicted,backbone.layer4,40,32,32,0.4563303291797638,0.5401822328567505,0.49825628101825714
597,supervised,gradcam,predicted,backbone.layer4,40,40,40,-0.14672400057315826,0.45039182901382446,0.1518339142203331
598,supervised,gradcam,predicted,backbone.layer4,40,40,40,0.3217450976371765,0.5751140117645264,0.44842955470085144
599,supervised,gradcam,predicted,backbone.layer4,40,46,46,-0.36028119921684265,0.3300853967666626,-0.015097901225090027
600,supervised,gradcam,predicted,backbone.layer4,40,17,17,-0.37064170837402344,0.3709930181503296,0.00017565488815307617
601,supervised,gradcam,predicted,backbone.layer4,40,40,40,-0.025545548647642136,0.5454772710800171,0.2599658612161875
602,supervised,gradcam,predicted,backbone.layer4,41,37,37,-0.09504882991313934,0.49511104822158813,0.2000311091542244
603,supervised,gradcam,predicted,backbone.layer4,41,17,17,0.3421800136566162,0.4728418290615082,0.4075109213590622
604,supervised,gradcam,predicted,backbone.layer4,41,23,23,0.30202481150627136,0.5267868638038635,0.41440583765506744
605,supervised,gradcam,predicted,backbone.layer4,41,17,17,0.42310139536857605,0.5739967823028564,0.49854908883571625
606,supervised,gradcam,predicted,backbone.layer4,41,41,41,-0.044330399483442307,0.49165812134742737,0.22366386093199253
607,supervised,gradcam,predicted,backbone.layer4,41,16,16,0.16750718653202057,0.5518249869346619,0.3596660867333412
608,supervised,gradcam,predicted,backbone.layer1,41,41,41,0.12984393537044525,0.47488585114479065,0.30236489325761795
609,supervised,gradcam,predicted,backbone.layer1,41,41,41,0.13695715367794037,0.34135696291923523,0.2391570582985878
610,supervised,gradcam,predicted,backbone.layer1,41,41,41,0.7287639379501343,0.4895703196525574,0.6091671288013458
611,supervised,gradcam,predicted,backbone.layer1,41,41,41,-0.11375002562999725,0.15691295266151428,0.021581463515758514
612,supervised,gradcam,predicted,backbone.layer1,41,47,47,-0.01880032569169998,0.1049259677529335,0.04306282103061676
613,supervised,gradcam,predicted,backbone.layer1,41,41,41,-0.21860605478286743,0.16462956368923187,-0.02698824554681778
614,supervised,gradcam,predicted,backbone.layer1,41,41,41,0.41795527935028076,0.5719790458679199,0.49496716260910034
615,supervised,gradcam,predicted,backbone.layer1,41,41,41,0.14884662628173828,0.4442095458507538,0.29652808606624603
616,supervised,gradcam,predicted,backbone.layer1,41,22,22,0.4310590624809265,0.11473752558231354,0.27289829403162
617,supervised,gradcam,predicted,backbone.layer1,41,35,35,0.32432621717453003,0.36563798785209656,0.3449821025133133
618,supervised,gradcam,predicted,backbone.layer1,41,42,42,0.19147665798664093,0.4123280942440033,0.3019023761153221
619,supervised,gradcam,predicted,backbone.layer1,41,41,41,0.15991488099098206,0.5022122859954834,0.3310635834932327
620,supervised,gradcam,predicted,backbone.layer1,41,46,46,0.5967885255813599,0.575529932975769,0.5861592292785645
621,supervised,gradcam,predicted,backbone.layer1,41,41,41,0.4636027216911316,0.16100609302520752,0.31230440735816956
622,supervised,gradcam,predicted,backbone.layer1,42,42,42,0.0,0.0,0.0
623,supervised,gradcam,predicted,backbone.layer1,42,42,42,0.06351683288812637,0.44049590826034546,0.2520063705742359
624,supervised,gradcam,predicted,backbone.layer1,42,42,42,0.13987582921981812,0.45026224851608276,0.29506903886795044
625,supervised,gradcam,predicted,backbone.layer1,42,38,38,-0.02307855151593685,0.15027083456516266,0.0635961415246129
626,supervised,gradcam,predicted,backbone.layer1,42,9,9,0.08356616646051407,0.005117074586451054,0.04434162052348256
627,supervised,gradcam,predicted,backbone.layer1,42,38,38,0.0004843694332521409,0.31248483061790466,0.1564846000255784
628,supervised,gradcam,predicted,backbone.layer1,42,11,11,0.30039182305336,0.438686728477478,0.369539275765419
629,supervised,gradcam,predicted,backbone.layer1,42,42,42,0.29412174224853516,0.3422277271747589,0.31817473471164703
630,supervised,gradcam,predicted,backbone.layer1,42,42,42,0.4481862187385559,0.3782173991203308,0.41320180892944336
631,supervised,gradcam,predicted,backbone.layer1,42,42,42,0.023359574377536774,0.04771185666322708,0.03553571552038193
632,supervised,gradcam,predicted,backbone.layer1,42,42,42,-0.03237089142203331,0.500232994556427,0.23393105156719685
633,supervised,gradcam,predicted,backbone.layer1,42,24,24,-0.029263705015182495,0.09670829027891159,0.03372229263186455
634,supervised,gradcam,predicted,backbone.layer1,42,43,43,-0.01538017112761736,0.07940027862787247,0.032010053750127554
635,supervised,gradcam,predicted,backbone.layer1,43,42,42,-0.2962855398654938,0.1802862137556076,-0.057999663054943085
636,supervised,gradcam,predicted,backbone.layer1,43,46,46,0.15806794166564941,0.16749635338783264,0.16278214752674103
637,supervised,gradcam,predicted,backbone.layer1,43,43,43,0.4163641929626465,0.35867393016815186,0.38751906156539917
638,supervised,gradcam,predicted,backbone.layer1,43,33,33,0.08328044414520264,0.42068928480148315,0.2519848644733429
639,supervised,gradcam,predicted,backbone.layer1,43,20,20,0.07746310532093048,0.32222965359687805,0.19984637945890427
608,supervised,gradcam,predicted,backbone.layer2,41,41,41,0.10502174496650696,0.4494777321815491,0.277249738574028
609,supervised,gradcam,predicted,backbone.layer2,41,41,41,0.4661721885204315,0.4861053228378296,0.47613875567913055
610,supervised,gradcam,predicted,backbone.layer2,41,41,41,0.08975537866353989,0.11062344908714294,0.10018941387534142
611,supervised,gradcam,predicted,backbone.layer2,41,41,41,0.1537773758172989,0.4212844967842102,0.28753093630075455
612,supervised,gradcam,predicted,backbone.layer2,41,47,47,0.18427762389183044,0.3014774024486542,0.2428775131702423
613,supervised,gradcam,predicted,backbone.layer2,41,41,41,0.08468766510486603,0.3793473243713379,0.23201749473810196
614,supervised,gradcam,predicted,backbone.layer2,41,41,41,0.3442448675632477,0.4335954487323761,0.3889201581478119
615,supervised,gradcam,predicted,backbone.layer2,41,41,41,0.10713139176368713,0.378752201795578,0.24294179677963257
616,supervised,gradcam,predicted,backbone.layer2,41,22,22,0.22278863191604614,0.07072383165359497,0.14675623178482056
617,supervised,gradcam,predicted,backbone.layer2,41,35,35,-0.10590161383152008,0.35870757699012756,0.12640298157930374
618,supervised,gradcam,predicted,backbone.layer2,41,42,42,0.02980722114443779,0.09209534525871277,0.06095128320157528
619,supervised,gradcam,predicted,backbone.layer2,41,41,41,-0.168187215924263,0.24848896265029907,0.040150873363018036
620,supervised,gradcam,predicted,backbone.layer2,41,46,46,0.045613400638103485,0.44467291235923767,0.24514315649867058
621,supervised,gradcam,predicted,backbone.layer2,41,41,41,-0.19102400541305542,0.28663259744644165,0.047804296016693115
622,supervised,gradcam,predicted,backbone.layer2,42,42,42,0.06407491862773895,0.3851136267185211,0.22459427267313004
623,supervised,gradcam,predicted,backbone.layer2,42,42,42,0.14951403439044952,0.40871304273605347,0.2791135385632515
624,supervised,gradcam,predicted,backbone.layer2,42,42,42,0.27548831701278687,0.41427475214004517,0.344881534576416
625,supervised,gradcam,predicted,backbone.layer2,42,38,38,-0.29677730798721313,0.3420782685279846,0.022650480270385742
626,supervised,gradcam,predicted,backbone.layer2,42,9,9,0.23686274886131287,0.32515037059783936,0.2810065597295761
627,supervised,gradcam,predicted,backbone.layer2,42,38,38,-0.1625165045261383,0.2658367455005646,0.051660120487213135
628,supervised,gradcam,predicted,backbone.layer2,42,11,11,-0.021906893700361252,0.3403100073337555,0.15920155681669712
629,supervised,gradcam,predicted,backbone.layer2,42,42,42,0.16114749014377594,0.5032349228858948,0.33219120651483536
630,supervised,gradcam,predicted,backbone.layer2,42,42,42,0.1495625078678131,0.13441155850887299,0.14198703318834305
631,supervised,gradcam,predicted,backbone.layer2,42,42,42,-0.1378762125968933,0.21732956171035767,0.03972667455673218
632,supervised,gradcam,predicted,backbone.layer2,42,42,42,0.166444331407547,0.5911707878112793,0.37880755960941315
633,supervised,gradcam,predicted,backbone.layer2,42,24,24,-0.11226958781480789,0.42579182982444763,0.15676112100481987
634,supervised,gradcam,predicted,backbone.layer2,42,43,43,-0.07700313627719879,0.31161263585090637,0.11730474978685379
635,supervised,gradcam,predicted,backbone.layer2,43,42,42,-0.11320503056049347,0.3166272044181824,0.10171108692884445
636,supervised,gradcam,predicted,backbone.layer2,43,46,46,0.6468715071678162,0.4157582223415375,0.5313148647546768
637,supervised,gradcam,predicted,backbone.layer2,43,43,43,0.31157243251800537,0.4680114686489105,0.38979195058345795
638,supervised,gradcam,predicted,backbone.layer2,43,33,33,0.03739792853593826,0.35663944482803345,0.19701868668198586
639,supervised,gradcam,predicted,backbone.layer2,43,20,20,-0.3725302219390869,0.254161536693573,-0.05918434262275696
608,supervised,gradcam,predicted,backbone.layer3,41,41,41,0.430681973695755,0.4311215579509735,0.43090176582336426
609,supervised,gradcam,predicted,backbone.layer3,41,41,41,0.13888444006443024,0.4556478261947632,0.2972661331295967
610,supervised,gradcam,predicted,backbone.layer3,41,41,41,0.03211702033877373,0.1840796172618866,0.10809831880033016
611,supervised,gradcam,predicted,backbone.layer3,41,41,41,0.45675116777420044,0.4245770573616028,0.4406641125679016
612,supervised,gradcam,predicted,backbone.layer3,41,47,47,0.3698901832103729,0.12465184181928635,0.24727101251482964
613,supervised,gradcam,predicted,backbone.layer3,41,41,41,0.25463247299194336,0.44233012199401855,0.34848129749298096
614,supervised,gradcam,predicted,backbone.layer3,41,41,41,0.07106655091047287,0.42797550559043884,0.24952102825045586
615,supervised,gradcam,predicted,backbone.layer3,41,41,41,0.033295780420303345,0.4269846975803375,0.23014023900032043
616,supervised,gradcam,predicted,backbone.layer3,41,22,22,-0.23596715927124023,0.08883954584598541,-0.07356380671262741
617,supervised,gradcam,predicted,backbone.layer3,41,35,35,0.3742374777793884,0.49472352862358093,0.4344805032014847
618,supervised,gradcam,predicted,backbone.layer3,41,42,42,0.0055006686598062515,0.1547020822763443,0.08010137546807528
619,supervised,gradcam,predicted,backbone.layer3,41,41,41,-0.005170958582311869,0.22255150973796844,0.10869027557782829
620,supervised,gradcam,predicted,backbone.layer3,41,46,46,-0.24242669343948364,0.23198997974395752,-0.0052183568477630615
621,supervised,gradcam,predicted,backbone.layer3,41,41,41,0.19288448989391327,0.36702248454093933,0.2799534872174263
622,supervised,gradcam,predicted,backbone.layer3,42,42,42,0.025619003921747208,0.3857918679714203,0.20570543594658375
623,supervised,gradcam,predicted,backbone.layer3,42,42,42,0.06293818354606628,0.38458481431007385,0.22376149892807007
624,supervised,gradcam,predicted,backbone.layer3,42,42,42,0.4810218811035156,0.42501235008239746,0.45301711559295654
625,supervised,gradcam,predicted,backbone.layer3,42,38,38,-0.2877785563468933,0.34433385729789734,0.028277650475502014
626,supervised,gradcam,predicted,backbone.layer3,42,9,9,0.1491977572441101,0.40697935223579407,0.2780885547399521
627,supervised,gradcam,predicted,backbone.layer3,42,38,38,-0.3471163511276245,0.25780415534973145,-0.04465609788894653
628,supervised,gradcam,predicted,backbone.layer3,42,11,11,-0.01767268031835556,0.27494558691978455,0.1286364533007145
629,supervised,gradcam,predicted,backbone.layer3,42,42,42,0.08460021764039993,0.478095144033432,0.28134768083691597
630,supervised,gradcam,predicted,backbone.layer3,42,42,42,0.45904889702796936,0.43005117774009705,0.4445500373840332
631,supervised,gradcam,predicted,backbone.layer3,42,42,42,0.15727442502975464,0.10471073538064957,0.1309925802052021
632,supervised,gradcam,predicted,backbone.layer3,42,42,42,0.13835377991199493,0.27102622389793396,0.20469000190496445
633,supervised,gradcam,predicted,backbone.layer3,42,24,24,0.11513517051935196,0.5389074683189392,0.3270213194191456
634,supervised,gradcam,predicted,backbone.layer3,42,43,43,-0.0781232938170433,0.3595319390296936,0.14070432260632515
635,supervised,gradcam,predicted,backbone.layer3,43,42,42,0.1619839072227478,0.5244231820106506,0.3432035446166992
636,supervised,gradcam,predicted,backbone.layer3,43,46,46,0.06109175458550453,0.2157854586839676,0.13843860663473606
637,supervised,gradcam,predicted,backbone.layer3,43,43,43,-0.104469895362854,0.18861983716487885,0.04207497090101242
638,supervised,gradcam,predicted,backbone.layer3,43,33,33,-0.18213844299316406,0.1957443505525589,0.006802953779697418
639,supervised,gradcam,predicted,backbone.layer3,43,20,20,-0.2240954041481018,0.37623855471611023,0.07607157528400421
608,supervised,gradcam,predicted,backbone.layer4,41,41,41,0.686735212802887,0.5513766407966614,0.6190559267997742
609,supervised,gradcam,predicted,backbone.layer4,41,41,41,0.0782916247844696,0.5219917893409729,0.30014170706272125
610,supervised,gradcam,predicted,backbone.layer4,41,41,41,0.36803579330444336,0.4470371901988983,0.40753649175167084
611,supervised,gradcam,predicted,backbone.layer4,41,41,41,-0.323097825050354,0.5514578819274902,0.11418002843856812
612,supervised,gradcam,predicted,backbone.layer4,41,47,47,0.7709629535675049,0.5231230854988098,0.6470430195331573
613,supervised,gradcam,predicted,backbone.layer4,41,41,41,0.12491141259670258,0.529872477054596,0.32739194482564926
614,supervised,gradcam,predicted,backbone.layer4,41,41,41,0.05620947480201721,0.5513032078742981,0.30375634133815765
615,supervised,gradcam,predicted,backbone.layer4,41,41,41,0.34571710228919983,0.6045178771018982,0.475117489695549
616,supervised,gradcam,predicted,backbone.layer4,41,22,22,0.553046703338623,0.575878381729126,0.5644625425338745
617,supervised,gradcam,predicted,backbone.layer4,41,35,35,0.46076279878616333,0.5120028257369995,0.4863828122615814
618,supervised,gradcam,predicted,backbone.layer4,41,42,42,0.2842637896537781,0.5429341793060303,0.4135989844799042
619,supervised,gradcam,predicted,backbone.layer4,41,41,41,0.21428553760051727,0.5323222875595093,0.3733039125800133
620,supervised,gradcam,predicted,backbone.layer4,41,46,46,-0.11440466344356537,0.47604939341545105,0.18082236498594284
621,supervised,gradcam,predicted,backbone.layer4,41,41,41,0.43955695629119873,0.4944547712802887,0.4670058637857437
622,supervised,gradcam,predicted,backbone.layer4,42,42,42,0.6839988231658936,0.6646283864974976,0.6743136048316956
623,supervised,gradcam,predicted,backbone.layer4,42,42,42,0.20645315945148468,0.5226961970329285,0.3645746782422066
624,supervised,gradcam,predicted,backbone.layer4,42,42,42,0.5160858035087585,0.4773227572441101,0.4967042803764343
625,supervised,gradcam,predicted,backbone.layer4,42,38,38,0.04785642772912979,0.5724099278450012,0.3101331777870655
626,supervised,gradcam,predicted,backbone.layer4,42,9,9,0.4638751745223999,0.5517945885658264,0.5078348815441132
627,supervised,gradcam,predicted,backbone.layer4,42,38,38,-0.05588030442595482,0.4810221195220947,0.21257090754806995
628,supervised,gradcam,predicted,backbone.layer4,42,11,11,0.1749139130115509,0.42704451084136963,0.30097921192646027
629,supervised,gradcam,predicted,backbone.layer4,42,42,42,0.11320273578166962,0.544685423374176,0.3289440795779228
630,supervised,gradcam,predicted,backbone.layer4,42,42,42,0.24032187461853027,0.49959874153137207,0.36996030807495117
631,supervised,gradcam,predicted,backbone.layer4,42,42,42,0.3395848870277405,0.5155803561210632,0.42758262157440186
632,supervised,gradcam,predicted,backbone.layer4,42,42,42,0.45501047372817993,0.5426589846611023,0.4988347291946411
633,supervised,gradcam,predicted,backbone.layer4,42,24,24,-0.21783587336540222,0.4489825665950775,0.11557334661483765
634,supervised,gradcam,predicted,backbone.layer4,42,43,43,0.17091232538223267,0.450296014547348,0.31060416996479034
635,supervised,gradcam,predicted,backbone.layer4,43,42,42,0.2475893199443817,0.542646050453186,0.3951176851987839
636,supervised,gradcam,predicted,backbone.layer4,43,46,46,0.24436403810977936,0.4429439306259155,0.34365398436784744
637,supervised,gradcam,predicted,backbone.layer4,43,43,43,0.6166372895240784,0.539051353931427,0.5778443217277527
638,supervised,gradcam,predicted,backbone.layer4,43,33,33,0.4287414252758026,0.5069060325622559,0.46782372891902924
639,supervised,gradcam,predicted,backbone.layer4,43,20,20,0.17734426259994507,0.5542422533035278,0.36579325795173645
640,supervised,gradcam,predicted,backbone.layer1,43,43,43,0.18338215351104736,0.5547109842300415,0.36904656887054443
641,supervised,gradcam,predicted,backbone.layer1,43,35,35,0.4953203499317169,0.4945143759250641,0.4949173629283905
642,supervised,gradcam,predicted,backbone.layer1,43,40,40,0.0,0.0,0.0
643,supervised,gradcam,predicted,backbone.layer1,43,43,43,0.02051444537937641,0.045132819563150406,0.03282363247126341
644,supervised,gradcam,predicted,backbone.layer1,43,16,16,0.030670270323753357,0.33201277256011963,0.1813415214419365
645,supervised,gradcam,predicted,backbone.layer1,43,43,43,0.017922459170222282,0.5282301306724548,0.27307629492133856
646,supervised,gradcam,predicted,backbone.layer1,43,43,43,-0.021282605826854706,0.051390036940574646,0.01505371555685997
647,supervised,gradcam,predicted,backbone.layer1,43,43,43,0.017727946862578392,0.2859192490577698,0.15182359796017408
648,supervised,gradcam,predicted,backbone.layer1,43,41,41,0.4946483075618744,0.43085047602653503,0.4627493917942047
649,supervised,gradcam,predicted,backbone.layer1,43,28,28,0.20315870642662048,0.12936793267726898,0.16626331955194473
650,supervised,gradcam,predicted,backbone.layer1,43,42,42,-0.10823561251163483,0.07568486034870148,-0.016275376081466675
651,supervised,gradcam,predicted,backbone.layer1,43,43,43,0.1330946832895279,0.11725229769945145,0.12517349049448967
652,supervised,gradcam,predicted,backbone.layer1,44,44,44,-0.24954181909561157,0.27038079500198364,0.010419487953186035
653,supervised,gradcam,predicted,backbone.layer1,44,44,44,-0.31969958543777466,0.35139763355255127,0.015849024057388306
654,supervised,gradcam,predicted,backbone.layer1,44,44,44,-0.3045554757118225,0.4590822458267212,0.07726338505744934
655,supervised,gradcam,predicted,backbone.layer1,44,44,44,0.28767162561416626,0.5278017520904541,0.4077366888523102
656,supervised,gradcam,predicted,backbone.layer1,44,44,44,-0.07099440693855286,0.18473383784294128,0.056869715452194214
657,supervised,gradcam,predicted,backbone.layer1,44,44,44,0.17579811811447144,0.3866541385650635,0.28122612833976746
658,supervised,gradcam,predicted,backbone.layer1,44,44,44,0.13430941104888916,0.14300508797168732,0.13865724951028824
659,supervised,gradcam,predicted,backbone.layer1,44,44,44,0.4454612135887146,0.43933165073394775,0.4423964321613312
660,supervised,gradcam,predicted,backbone.layer1,44,44,44,0.41950055956840515,0.383157879114151,0.4013292193412781
661,supervised,gradcam,predicted,backbone.layer1,44,44,44,-0.40784406661987305,0.42796990275382996,0.010062918066978455
662,supervised,gradcam,predicted,backbone.layer1,44,44,44,-0.36894309520721436,0.45010730624198914,0.04058210551738739
663,supervised,gradcam,predicted,backbone.layer1,44,44,44,0.3482525944709778,0.49738696217536926,0.4228197783231735
664,supervised,gradcam,predicted,backbone.layer1,44,44,44,0.19050613045692444,0.20041096210479736,0.1954585462808609
665,supervised,gradcam,predicted,backbone.layer1,44,44,44,0.48020145297050476,0.4130502939224243,0.44662587344646454
666,supervised,gradcam,predicted,backbone.layer1,44,44,44,0.18841411173343658,0.38097083568573,0.2846924737095833
667,supervised,gradcam,predicted,backbone.layer1,45,45,45,0.3901767432689667,0.3276965022087097,0.3589366227388382
668,supervised,gradcam,predicted,backbone.layer1,45,45,45,0.21875077486038208,0.15734216570854187,0.18804647028446198
669,supervised,gradcam,predicted,backbone.layer1,45,45,45,0.4525741636753082,0.22539426386356354,0.3389842137694359
670,supervised,gradcam,predicted,backbone.layer1,45,45,45,0.01093989983201027,0.2529032528400421,0.1319215763360262
671,supervised,gradcam,predicted,backbone.layer1,45,45,45,0.0601484552025795,0.36016300320625305,0.21015572920441628
640,supervised,gradcam,predicted,backbone.layer2,43,43,43,0.041333865374326706,0.24022424221038818,0.14077905379235744
641,supervised,gradcam,predicted,backbone.layer2,43,35,35,0.4493989646434784,0.5208960175514221,0.48514749109745026
642,supervised,gradcam,predicted,backbone.layer2,43,40,40,0.23173761367797852,0.3865114152431488,0.30912451446056366
643,supervised,gradcam,predicted,backbone.layer2,43,43,43,0.06026758626103401,0.37112584710121155,0.21569671668112278
644,supervised,gradcam,predicted,backbone.layer2,43,16,16,0.3235400915145874,0.3568113446235657,0.34017571806907654
645,supervised,gradcam,predicted,backbone.layer2,43,43,43,0.0717921182513237,0.24296028912067413,0.15737620368599892
646,supervised,gradcam,predicted,backbone.layer2,43,43,43,0.1088138148188591,0.4881560206413269,0.298484917730093
647,supervised,gradcam,predicted,backbone.layer2,43,43,43,0.13097888231277466,0.42236363887786865,0.27667126059532166
648,supervised,gradcam,predicted,backbone.layer2,43,41,41,0.1489332765340805,0.3106820583343506,0.22980766743421555
649,supervised,gradcam,predicted,backbone.layer2,43,28,28,-0.14653609693050385,0.3329428434371948,0.09320337325334549
650,supervised,gradcam,predicted,backbone.layer2,43,42,42,0.38963955640792847,0.4360850155353546,0.41286228597164154
651,supervised,gradcam,predicted,backbone.layer2,43,43,43,0.10759319365024567,0.37800130248069763,0.24279724806547165
652,supervised,gradcam,predicted,backbone.layer2,44,44,44,-0.23761528730392456,0.34763312339782715,0.055008918046951294
653,supervised,gradcam,predicted,backbone.layer2,44,44,44,-0.4981118142604828,0.43102478981018066,-0.03354351222515106
654,supervised,gradcam,predicted,backbone.layer2,44,44,44,0.06304693222045898,0.21455416083335876,0.13880054652690887
655,supervised,gradcam,predicted,backbone.layer2,44,44,44,-0.4320111572742462,0.45854660868644714,0.013267725706100464
656,supervised,gradcam,predicted,backbone.layer2,44,44,44,-0.38619205355644226,0.2911567986011505,-0.047517627477645874
657,supervised,gradcam,predicted,backbone.layer2,44,44,44,0.0897836834192276,0.4430226981639862,0.2664031907916069
658,supervised,gradcam,predicted,backbone.layer2,44,44,44,-0.06270020455121994,0.2524934709072113,0.09489663317799568
659,supervised,gradcam,predicted,backbone.layer2,44,44,44,-0.06179196760058403,0.3782500624656677,0.15822904743254185
660,supervised,gradcam,predicted,backbone.layer2,44,44,44,0.3166272044181824,0.39174193143844604,0.3541845679283142
661,supervised,gradcam,predicted,backbone.layer2,44,44,44,-0.31622985005378723,0.3970170319080353,0.04039359092712402
662,supervised,gradcam,predicted,backbone.layer2,44,44,44,-0.30117326974868774,0.441048800945282,0.06993776559829712
663,supervised,gradcam,predicted,backbone.layer2,44,44,44,-0.10261732339859009,0.3032015562057495,0.10029211640357971
664,supervised,gradcam,predicted,backbone.layer2,44,44,44,-0.02457171119749546,0.17757761478424072,0.07650295179337263
665,supervised,gradcam,predicted,backbone.layer2,44,44,44,-0.08338017016649246,0.3690785765647888,0.14284920319914818
666,supervised,gradcam,predicted,backbone.layer2,44,44,44,-0.10583454370498657,0.21420864760875702,0.05418705195188522
667,supervised,gradcam,predicted,backbone.layer2,45,45,45,0.10327045619487762,0.22106048464775085,0.16216547042131424
668,supervised,gradcam,predicted,backbone.layer2,45,45,45,-0.08610706031322479,0.14204934239387512,0.027971141040325165
669,supervised,gradcam,predicted,backbone.layer2,45,45,45,-0.31437480449676514,0.3084758222103119,-0.0029494911432266235
670,supervised,gradcam,predicted,backbone.layer2,45,45,45,-0.04228371009230614,0.18607451021671295,0.07189540006220341
671,supervised,gradcam,predicted,backbone.layer2,45,45,45,-0.1871168166399002,0.27635157108306885,0.04461737722158432
640,supervised,gradcam,predicted,backbone.layer3,43,43,43,0.2343217432498932,0.16692985594272614,0.20062579959630966
641,supervised,gradcam,predicted,backbone.layer3,43,35,35,0.21069717407226562,0.4272264838218689,0.31896182894706726
642,supervised,gradcam,predicted,backbone.layer3,43,40,40,0.02516600303351879,0.3593285083770752,0.192247255705297
643,supervised,gradcam,predicted,backbone.layer3,43,43,43,0.2717266082763672,0.4049990475177765,0.33836282789707184
644,supervised,gradcam,predicted,backbone.layer3,43,16,16,0.05812809616327286,0.24841201305389404,0.15327005460858345
645,supervised,gradcam,predicted,backbone.layer3,43,43,43,-0.20086388289928436,0.3019525706768036,0.05054434388875961
646,supervised,gradcam,predicted,backbone.layer3,43,43,43,0.364345908164978,0.4786580204963684,0.4215019643306732
647,supervised,gradcam,predicted,backbone.layer3,43,43,43,0.04791632667183876,0.3232901692390442,0.18560324795544147
648,supervised,gradcam,predicted,backbone.layer3,43,41,41,-0.03932590410113335,0.4636409282684326,0.21215751208364964
649,supervised,gradcam,predicted,backbone.layer3,43,28,28,0.02710709162056446,0.5149216651916504,0.2710143784061074
650,supervised,gradcam,predicted,backbone.layer3,43,42,42,0.14926697313785553,0.39054074883461,0.26990386098623276
651,supervised,gradcam,predicted,backbone.layer3,43,43,43,0.1780034452676773,0.46738487482070923,0.32269416004419327
652,supervised,gradcam,predicted,backbone.layer3,44,44,44,-0.04402259364724159,0.2728953957557678,0.11443640105426311
653,supervised,gradcam,predicted,backbone.layer3,44,44,44,0.04978223145008087,0.17812186479568481,0.11395204812288284
654,supervised,gradcam,predicted,backbone.layer3,44,44,44,0.1404937505722046,0.29133161902427673,0.21591268479824066
655,supervised,gradcam,predicted,backbone.layer3,44,44,44,0.29352137446403503,0.4962919354438782,0.3949066549539566
656,supervised,gradcam,predicted,backbone.layer3,44,44,44,-0.17159408330917358,0.14808087050914764,-0.01175660640001297
657,supervised,gradcam,predicted,backbone.layer3,44,44,44,0.5270463824272156,0.5138606429100037,0.5204535126686096
658,supervised,gradcam,predicted,backbone.layer3,44,44,44,0.1469721496105194,0.36511701345443726,0.25604458153247833
659,supervised,gradcam,predicted,backbone.layer3,44,44,44,0.40226948261260986,0.44727304577827454,0.4247712641954422
660,supervised,gradcam,predicted,backbone.layer3,44,44,44,-0.184827983379364,0.21676820516586304,0.01597011089324951
661,supervised,gradcam,predicted,backbone.layer3,44,44,44,0.2852279245853424,0.3094850480556488,0.2973564863204956
662,supervised,gradcam,predicted,backbone.layer3,44,44,44,0.0524306520819664,0.368584007024765,0.2105073295533657
663,supervised,gradcam,predicted,backbone.layer3,44,44,44,0.0845700353384018,0.3164713382720947,0.20052068680524826
664,supervised,gradcam,predicted,backbone.layer3,44,44,44,0.4991651773452759,0.3004256784915924,0.39979542791843414
665,supervised,gradcam,predicted,backbone.layer3,44,44,44,0.48496773838996887,0.35321393609046936,0.4190908372402191
666,supervised,gradcam,predicted,backbone.layer3,44,44,44,0.21370422840118408,0.41028261184692383,0.31199342012405396
667,supervised,gradcam,predicted,backbone.layer3,45,45,45,-0.23194271326065063,0.2309679090976715,-0.000487402081489563
668,supervised,gradcam,predicted,backbone.layer3,45,45,45,-0.0322987325489521,0.3969394564628601,0.182320361956954
669,supervised,gradcam,predicted,backbone.layer3,45,45,45,0.21512040495872498,0.452659547328949,0.333889976143837
670,supervised,gradcam,predicted,backbone.layer3,45,45,45,0.30683422088623047,0.2875279188156128,0.29718106985092163
671,supervised,gradcam,predicted,backbone.layer3,45,45,45,-0.26573115587234497,0.12889449298381805,-0.06841833144426346
640,supervised,gradcam,predicted,backbone.layer4,43,43,43,0.11404553800821304,0.4804009199142456,0.2972232289612293
641,supervised,gradcam,predicted,backbone.layer4,43,35,35,0.10715916752815247,0.43689122796058655,0.2720251977443695
642,supervised,gradcam,predicted,backbone.layer4,43,40,40,0.15063486993312836,0.5144727826118469,0.33255382627248764
643,supervised,gradcam,predicted,backbone.layer4,43,43,43,0.5890508890151978,0.5319768786430359,0.5605138838291168
644,supervised,gradcam,predicted,backbone.layer4,43,16,16,0.5057565569877625,0.5697996020317078,0.5377780795097351
645,supervised,gradcam,predicted,backbone.layer4,43,43,43,-0.16505166888237,0.4195043444633484,0.1272263377904892
646,supervised,gradcam,predicted,backbone.layer4,43,43,43,0.4160987138748169,0.5372870564460754,0.47669288516044617
647,supervised,gradcam,predicted,backbone.layer4,43,43,43,0.15964052081108093,0.5446275472640991,0.35213403403759
648,supervised,gradcam,predicted,backbone.layer4,43,41,41,0.5681542158126831,0.5390564203262329,0.553605318069458
649,supervised,gradcam,predicted,backbone.layer4,43,28,28,-0.22871480882167816,0.37954315543174744,0.07541417330503464
650,supervised,gradcam,predicted,backbone.layer4,43,42,42,0.12415578961372375,0.5097164511680603,0.31693612039089203
651,supervised,gradcam,predicted,backbone.layer4,43,43,43,0.3246162533760071,0.5309101343154907,0.4277631938457489
652,supervised,gradcam,predicted,backbone.layer4,44,44,44,0.35336068272590637,0.5245124697685242,0.43893657624721527
653,supervised,gradcam,predicted,backbone.layer4,44,44,44,0.4955836236476898,0.514241635799408,0.5049126297235489
654,supervised,gradcam,predicted,backbone.layer4,44,44,44,0.0030253855511546135,0.49874651432037354,0.2508859499357641
655,supervised,gradcam,predicted,backbone.layer4,44,44,44,0.032143108546733856,0.403881698846817,0.21801240369677544
656,supervised,gradcam,predicted,backbone.layer4,44,44,44,0.6621596813201904,0.5139487981796265,0.5880542397499084
657,supervised,gradcam,predicted,backbone.layer4,44,44,44,0.6197348833084106,0.5865673422813416,0.6031511127948761
658,supervised,gradcam,predicted,backbone.layer4,44,44,44,0.28678229451179504,0.5246970653533936,0.4057396799325943
659,supervised,gradcam,predicted,backbone.layer4,44,44,44,0.3045580983161926,0.5539834499359131,0.42927077412605286
660,supervised,gradcam,predicted,backbone.layer4,44,44,44,0.5586671233177185,0.5784161686897278,0.5685416460037231
661,supervised,gradcam,predicted,backbone.layer4,44,44,44,0.48650920391082764,0.47823941707611084,0.48237431049346924
662,supervised,gradcam,predicted,backbone.layer4,44,44,44,0.5078330039978027,0.5451024174690247,0.5264677107334137
663,supervised,gradcam,predicted,backbone.layer4,44,44,44,0.37033581733703613,0.5624303817749023,0.46638309955596924
664,supervised,gradcam,predicted,backbone.layer4,44,44,44,0.5100441575050354,0.502424955368042,0.5062345564365387
665,supervised,gradcam,predicted,backbone.layer4,44,44,44,0.4163298010826111,0.531417965888977,0.47387388348579407
666,supervised,gradcam,predicted,backbone.layer4,44,44,44,0.06676750630140305,0.5678962469100952,0.31733187660574913
667,supervised,gradcam,predicted,backbone.layer4,45,45,45,-0.08754272013902664,0.5027849078178406,0.20762109383940697
668,supervised,gradcam,predicted,backbone.layer4,45,45,45,0.46097078919410706,0.5825031995773315,0.5217369943857193
669,supervised,gradcam,predicted,backbone.layer4,45,45,45,-0.13891194760799408,0.48169875144958496,0.17139340192079544
670,supervised,gradcam,predicted,backbone.layer4,45,45,45,0.29385337233543396,0.4825890362262726,0.38822120428085327
671,supervised,gradcam,predicted,backbone.layer4,45,45,45,0.03993930667638779,0.5203189849853516,0.2801291458308697
672,supervised,gradcam,predicted,backbone.layer1,45,45,45,-0.06685099005699158,0.10472915321588516,0.018939081579446793
673,supervised,gradcam,predicted,backbone.layer1,45,45,45,0.2977032959461212,0.2662597596645355,0.28198152780532837
674,supervised,gradcam,predicted,backbone.layer1,45,45,45,0.23693007230758667,0.12285855412483215,0.1798943132162094
675,supervised,gradcam,predicted,backbone.layer1,45,45,45,0.525600016117096,0.5760201811790466,0.5508100986480713
676,supervised,gradcam,predicted,backbone.layer1,45,45,45,0.1467020958662033,0.01125568151473999,0.07897888869047165
677,supervised,gradcam,predicted,backbone.layer1,45,43,43,0.15638770163059235,0.33751851320266724,0.2469531074166298
678,supervised,gradcam,predicted,backbone.layer1,45,25,25,0.3116174340248108,0.416943222284317,0.3642803281545639
679,supervised,gradcam,predicted,backbone.layer1,45,45,45,0.02326599322259426,0.024653205648064613,0.023959599435329437
680,supervised,gradcam,predicted,backbone.layer1,45,45,45,0.32614874839782715,0.44323110580444336,0.38468992710113525
681,supervised,gradcam,predicted,backbone.layer1,45,45,45,0.40030285716056824,0.4714686870574951,0.4358857721090317
682,supervised,gradcam,predicted,backbone.layer1,46,46,46,-0.11575532704591751,0.1662030965089798,0.025223884731531143
683,supervised,gradcam,predicted,backbone.layer1,46,46,46,0.3252660632133484,0.1352367252111435,0.23025139421224594
684,supervised,gradcam,predicted,backbone.layer1,46,46,46,0.0797417089343071,0.15048973262310028,0.11511572077870369
685,supervised,gradcam,predicted,backbone.layer1,46,46,46,-0.10187796503305435,0.17668232321739197,0.03740217909216881
686,supervised,gradcam,predicted,backbone.layer1,46,46,46,0.36756137013435364,0.18669989705085754,0.2771306335926056
687,supervised,gradcam,predicted,backbone.layer1,46,46,46,-0.3864635229110718,0.25439828634262085,-0.06603261828422546
688,supervised,gradcam,predicted,backbone.layer1,46,46,46,0.24278651177883148,0.20296715199947357,0.22287683188915253
689,supervised,gradcam,predicted,backbone.layer1,46,46,46,0.48209527134895325,0.1835675984621048,0.332831434905529
690,supervised,gradcam,predicted,backbone.layer1,46,46,46,0.004345351364463568,0.01578829251229763,0.010066821938380599
691,supervised,gradcam,predicted,backbone.layer1,46,46,46,-0.040074579417705536,0.053140789270401,0.0065331049263477325
692,supervised,gradcam,predicted,backbone.layer1,46,46,46,0.09438057243824005,0.1608283668756485,0.12760446965694427
693,supervised,gradcam,predicted,backbone.layer1,46,44,44,0.23320570588111877,0.11976023763418198,0.17648297175765038
694,supervised,gradcam,predicted,backbone.layer1,46,41,41,0.35903400182724,0.1856238842010498,0.2723289430141449
695,supervised,gradcam,predicted,backbone.layer1,46,46,46,0.276591420173645,0.15693464875221252,0.21676303446292877
696,supervised,gradcam,predicted,backbone.layer1,46,37,37,0.28241756558418274,0.4974626302719116,0.3899400979280472
697,supervised,gradcam,predicted,backbone.layer1,46,46,46,-0.10634633153676987,0.1883067786693573,0.040980223566293716
698,supervised,gradcam,predicted,backbone.layer1,46,17,17,0.13014844059944153,0.050981130450963974,0.09056478552520275
699,supervised,gradcam,predicted,backbone.layer1,47,47,47,-0.10634034126996994,0.39728981256484985,0.14547473564743996
700,supervised,gradcam,predicted,backbone.layer1,47,47,47,-0.5120484828948975,0.2404641956090927,-0.13579214364290237
701,supervised,gradcam,predicted,backbone.layer1,47,47,47,0.3775801658630371,0.5732542872428894,0.47541722655296326
702,supervised,gradcam,predicted,backbone.layer1,47,47,47,-0.3481491506099701,0.3518684208393097,0.0018596351146697998
703,supervised,gradcam,predicted,backbone.layer1,47,47,47,-0.07120218127965927,0.24824605882167816,0.08852193877100945
672,supervised,gradcam,predicted,backbone.layer2,45,45,45,0.14863915741443634,0.24940145015716553,0.19902030378580093
673,supervised,gradcam,predicted,backbone.layer2,45,45,45,-0.11450987309217453,0.33542054891586304,0.11045533791184425
674,supervised,gradcam,predicted,backbone.layer2,45,45,45,0.3195211887359619,0.5000962018966675,0.4098086953163147
675,supervised,gradcam,predicted,backbone.layer2,45,45,45,-0.12256424874067307,0.27169013023376465,0.07456294074654579
676,supervised,gradcam,predicted,backbone.layer2,45,45,45,-0.27938395738601685,0.31776174902915955,0.01918889582157135
677,supervised,gradcam,predicted,backbone.layer2,45,43,43,0.29012203216552734,0.43035608530044556,0.36023905873298645
678,supervised,gradcam,predicted,backbone.layer2,45,25,25,0.03181486204266548,0.2795472741127014,0.15568106807768345
679,supervised,gradcam,predicted,backbone.layer2,45,45,45,-0.10215313732624054,0.16208413243293762,0.02996549755334854
680,supervised,gradcam,predicted,backbone.layer2,45,45,45,0.4188762605190277,0.15897715091705322,0.28892670571804047
681,supervised,gradcam,predicted,backbone.layer2,45,45,45,0.05226321890950203,0.1786217987537384,0.11544250883162022
682,supervised,gradcam,predicted,backbone.layer2,46,46,46,0.6829656958580017,0.584419846534729,0.6336927711963654
683,supervised,gradcam,predicted,backbone.layer2,46,46,46,0.1454894095659256,0.5715932250022888,0.3585413172841072
684,supervised,gradcam,predicted,backbone.layer2,46,46,46,0.012174854055047035,0.31543639302253723,0.16380562353879213
685,supervised,gradcam,predicted,backbone.layer2,46,46,46,0.09743622690439224,0.35896116495132446,0.22819869592785835
686,supervised,gradcam,predicted,backbone.layer2,46,46,46,0.3334701955318451,0.502604603767395,0.41803739964962006
687,supervised,gradcam,predicted,backbone.layer2,46,46,46,0.5567898154258728,0.5723540186882019,0.5645719170570374
688,supervised,gradcam,predicted,backbone.layer2,46,46,46,-0.15402109920978546,0.3076976239681244,0.07683826237916946
689,supervised,gradcam,predicted,backbone.layer2,46,46,46,0.8279409408569336,0.2696359157562256,0.5487884283065796
690,supervised,gradcam,predicted,backbone.layer2,46,46,46,0.3945164084434509,0.6134265065193176,0.5039714574813843
691,supervised,gradcam,predicted,backbone.layer2,46,46,46,0.4233877658843994,0.47208452224731445,0.44773614406585693
692,supervised,gradcam,predicted,backbone.layer2,46,46,46,0.09317087382078171,0.601773202419281,0.34747203812003136
693,supervised,gradcam,predicted,backbone.layer2,46,44,44,0.04401412233710289,0.010906830430030823,0.027460476383566856
694,supervised,gradcam,predicted,backbone.layer2,46,41,41,0.22197766602039337,0.4203595519065857,0.32116860896348953
695,supervised,gradcam,predicted,backbone.layer2,46,46,46,0.014737581834197044,0.1435970962047577,0.07916733901947737
696,supervised,gradcam,predicted,backbone.layer2,46,37,37,0.02953973598778248,0.36195486783981323,0.19574730191379786
697,supervised,gradcam,predicted,backbone.layer2,46,46,46,0.3164731562137604,0.45341894030570984,0.3849460482597351
698,supervised,gradcam,predicted,backbone.layer2,46,17,17,-0.03165185824036598,0.15029188990592957,0.05932001583278179
699,supervised,gradcam,predicted,backbone.layer2,47,47,47,0.14105311036109924,0.3552602231502533,0.24815666675567627
700,supervised,gradcam,predicted,backbone.layer2,47,47,47,0.07329009473323822,0.40244486927986145,0.23786748200654984
701,supervised,gradcam,predicted,backbone.layer2,47,47,47,0.32148075103759766,0.4128827750682831,0.36718176305294037
702,supervised,gradcam,predicted,backbone.layer2,47,47,47,-0.3903009593486786,0.3936620354652405,0.0016805380582809448
703,supervised,gradcam,predicted,backbone.layer2,47,47,47,-0.03509936481714249,0.33803460001945496,0.15146761760115623
672,supervised,gradcam,predicted,backbone.layer3,45,45,45,0.3712675869464874,0.4442138075828552,0.4077406972646713
673,supervised,gradcam,predicted,backbone.layer3,45,45,45,0.08106150478124619,0.27664241194725037,0.17885195836424828
674,supervised,gradcam,predicted,backbone.layer3,45,45,45,0.6277432441711426,0.5624558925628662,0.5950995683670044
675,supervised,gradcam,predicted,backbone.layer3,45,45,45,0.325905978679657,0.26035642623901367,0.2931312024593353
676,supervised,gradcam,predicted,backbone.layer3,45,45,45,0.15791966021060944,0.4677412807941437,0.31283047050237656
677,supervised,gradcam,predicted,backbone.layer3,45,43,43,0.062251441180706024,0.4719800055027008,0.2671157233417034
678,supervised,gradcam,predicted,backbone.layer3,45,25,25,-0.23845523595809937,0.43676280975341797,0.0991537868976593
679,supervised,gradcam,predicted,backbone.layer3,45,45,45,-0.08967333287000656,0.24705398082733154,0.07869032397866249
680,supervised,gradcam,predicted,backbone.layer3,45,45,45,0.08732187747955322,0.39363670349121094,0.24047929048538208
681,supervised,gradcam,predicted,backbone.layer3,45,45,45,0.026563966646790504,0.3447065055370331,0.1856352360919118
682,supervised,gradcam,predicted,backbone.layer3,46,46,46,0.7282171249389648,0.4139642119407654,0.5710906684398651
683,supervised,gradcam,predicted,backbone.layer3,46,46,46,0.3568170368671417,0.4271910786628723,0.392004057765007
684,supervised,gradcam,predicted,backbone.layer3,46,46,46,0.022347647696733475,0.33307945728302,0.17771355248987675
685,supervised,gradcam,predicted,backbone.layer3,46,46,46,0.4434226453304291,0.45512858033180237,0.4492756128311157
686,supervised,gradcam,predicted,backbone.layer3,46,46,46,0.46887123584747314,0.40708649158477783,0.4379788637161255
687,supervised,gradcam,predicted,backbone.layer3,46,46,46,0.8874915242195129,0.3788321912288666,0.6331618577241898
688,supervised,gradcam,predicted,backbone.layer3,46,46,46,0.3184817135334015,0.19748421013355255,0.257982961833477
689,supervised,gradcam,predicted,backbone.layer3,46,46,46,0.9571820497512817,0.39508482813835144,0.6761334389448166
690,supervised,gradcam,predicted,backbone.layer3,46,46,46,0.12430479377508163,0.370001882314682,0.24715333804488182
691,supervised,gradcam,predicted,backbone.layer3,46,46,46,0.20817060768604279,0.44025465846061707,0.3242126330733299
692,supervised,gradcam,predicted,backbone.layer3,46,46,46,0.18282119929790497,0.21222342550754547,0.19752231240272522
693,supervised,gradcam,predicted,backbone.layer3,46,44,44,0.250794917345047,0.30874598026275635,0.2797704488039017
694,supervised,gradcam,predicted,backbone.layer3,46,41,41,0.31887906789779663,0.43088752031326294,0.3748832941055298
695,supervised,gradcam,predicted,backbone.layer3,46,46,46,-0.08515673875808716,0.029909366741776466,-0.027623686008155346
696,supervised,gradcam,predicted,backbone.layer3,46,37,37,0.14275984466075897,0.34854263067245483,0.2456512376666069
697,supervised,gradcam,predicted,backbone.layer3,46,46,46,0.2220868468284607,0.3011974096298218,0.26164212822914124
698,supervised,gradcam,predicted,backbone.layer3,46,17,17,-0.026733586564660072,0.45131194591522217,0.21228917967528105
699,supervised,gradcam,predicted,backbone.layer3,47,47,47,0.5629067420959473,0.33943015336990356,0.4511684477329254
700,supervised,gradcam,predicted,backbone.layer3,47,47,47,0.5777763724327087,0.3853585720062256,0.48156747221946716
701,supervised,gradcam,predicted,backbone.layer3,47,47,47,-0.030309543013572693,0.4505311846733093,0.21011082082986832
702,supervised,gradcam,predicted,backbone.layer3,47,47,47,-0.09503677487373352,0.3856135606765747,0.1452883929014206
703,supervised,gradcam,predicted,backbone.layer3,47,47,47,0.6099399328231812,0.46895989775657654,0.5394499152898788
672,supervised,gradcam,predicted,backbone.layer4,45,45,45,0.0026994487270712852,0.5155884623527527,0.259143955539912
673,supervised,gradcam,predicted,backbone.layer4,45,45,45,0.21146008372306824,0.4920547902584076,0.3517574369907379
674,supervised,gradcam,predicted,backbone.layer4,45,45,45,0.5448072552680969,0.5685319304466248,0.5566695928573608
675,supervised,gradcam,predicted,backbone.layer4,45,45,45,0.3884029984474182,0.508746325969696,0.44857466220855713
676,supervised,gradcam,predicted,backbone.layer4,45,45,45,0.04205414652824402,0.5448945164680481,0.29347433149814606
677,supervised,gradcam,predicted,backbone.layer4,45,43,43,0.3398130536079407,0.48312997817993164,0.41147151589393616
678,supervised,gradcam,predicted,backbone.layer4,45,25,25,0.18338488042354584,0.5548136234283447,0.3690992519259453
679,supervised,gradcam,predicted,backbone.layer4,45,45,45,0.19078905880451202,0.5365374684333801,0.3636632636189461
680,supervised,gradcam,predicted,backbone.layer4,45,45,45,0.2501356899738312,0.4881756603717804,0.3691556751728058
681,supervised,gradcam,predicted,backbone.layer4,45,45,45,0.02068999782204628,0.4666772186756134,0.24368360824882984
682,supervised,gradcam,predicted,backbone.layer4,46,46,46,-0.2794751524925232,0.36752480268478394,0.04402482509613037
683,supervised,gradcam,predicted,backbone.layer4,46,46,46,0.5504983067512512,0.5359787940979004,0.5432385504245758
684,supervised,gradcam,predicted,backbone.layer4,46,46,46,0.6111921072006226,0.5994645357131958,0.6053283214569092
685,supervised,gradcam,predicted,backbone.layer4,46,46,46,0.3877377212047577,0.4887866973876953,0.4382622092962265
686,supervised,gradcam,predicted,backbone.layer4,46,46,46,0.30806660652160645,0.5715312361717224,0.43979892134666443
687,supervised,gradcam,predicted,backbone.layer4,46,46,46,0.18972603976726532,0.5159123539924622,0.35281919687986374
688,supervised,gradcam,predicted,backbone.layer4,46,46,46,0.045668717473745346,0.5376332998275757,0.2916510086506605
689,supervised,gradcam,predicted,backbone.layer4,46,46,46,0.695692241191864,0.5457800030708313,0.6207361221313477
690,supervised,gradcam,predicted,backbone.layer4,46,46,46,0.48017412424087524,0.530207097530365,0.5051906108856201
691,supervised,gradcam,predicted,backbone.layer4,46,46,46,0.4686613082885742,0.5263193845748901,0.4974903464317322
692,supervised,gradcam,predicted,backbone.layer4,46,46,46,0.29286301136016846,0.5228686332702637,0.40786582231521606
693,supervised,gradcam,predicted,backbone.layer4,46,44,44,0.2647978663444519,0.5126559734344482,0.3887269198894501
694,supervised,gradcam,predicted,backbone.layer4,46,41,41,0.08502800017595291,0.5525994300842285,0.3188137151300907
695,supervised,gradcam,predicted,backbone.layer4,46,46,46,0.19417421519756317,0.5361539721488953,0.3651640936732292
696,supervised,gradcam,predicted,backbone.layer4,46,37,37,0.005466032773256302,0.4675375819206238,0.23650180734694004
697,supervised,gradcam,predicted,backbone.layer4,46,46,46,0.43726038932800293,0.5367792844772339,0.4870198369026184
698,supervised,gradcam,predicted,backbone.layer4,46,17,17,0.30599862337112427,0.5621296763420105,0.4340641498565674
699,supervised,gradcam,predicted,backbone.layer4,47,47,47,0.5453532338142395,0.5573710203170776,0.5513621270656586
700,supervised,gradcam,predicted,backbone.layer4,47,47,47,0.010074606165289879,0.5188962817192078,0.2644854439422488
701,supervised,gradcam,predicted,backbone.layer4,47,47,47,-0.4613972306251526,0.3770070970058441,-0.042195066809654236
702,supervised,gradcam,predicted,backbone.layer4,47,47,47,0.14026807248592377,0.6310729384422302,0.385670505464077
703,supervised,gradcam,predicted,backbone.layer4,47,47,47,0.15675029158592224,0.5288112163543701,0.3427807539701462
704,supervised,gradcam,predicted,backbone.layer1,47,9,9,0.2241913378238678,0.316458523273468,0.2703249305486679
705,supervised,gradcam,predicted,backbone.layer1,47,47,47,-0.33271142840385437,0.33921268582344055,0.003250628709793091
706,supervised,gradcam,predicted,backbone.layer1,47,47,47,-0.0443141832947731,0.38549870252609253,0.1705922596156597
707,supervised,gradcam,predicted,backbone.layer1,47,47,47,0.04733005166053772,0.23604528605937958,0.14168766885995865
708,supervised,gradcam,predicted,backbone.layer1,47,47,47,0.10128223150968552,0.022614795714616776,0.061948513612151146
709,supervised,gradcam,predicted,backbone.layer1,47,47,47,-0.026625722646713257,0.293731689453125,0.13355298340320587
710,supervised,gradcam,predicted,backbone.layer1,47,47,47,0.1793006956577301,0.44849127531051636,0.31389598548412323
711,supervised,gradcam,predicted,backbone.layer1,47,47,47,-0.16720978915691376,0.4178549349308014,0.12532257288694382
712,supervised,gradcam,predicted,backbone.layer1,47,47,47,-0.0046633570455014706,0.39355531334877014,0.19444597815163434
713,supervised,gradcam,predicted,backbone.layer1,47,47,47,-0.023348063230514526,0.32152223587036133,0.1490870863199234
714,supervised,gradcam,predicted,backbone.layer1,47,47,47,0.1351245790719986,0.49672067165374756,0.3159226253628731
715,supervised,gradcam,predicted,backbone.layer1,47,32,32,0.4965280592441559,0.5123233199119568,0.5044256895780563
716,supervised,gradcam,predicted,backbone.layer1,47,47,47,0.04451800882816315,0.21909214556217194,0.13180507719516754
717,supervised,gradcam,predicted,backbone.layer1,47,47,47,0.23245476186275482,0.14112932980060577,0.1867920458316803
718,supervised,gradcam,predicted,backbone.layer1,48,48,48,0.10749005526304245,0.003556249663233757,0.055523152463138103
719,supervised,gradcam,predicted,backbone.layer1,48,48,48,0.0,0.0,0.0
720,supervised,gradcam,predicted,backbone.layer1,48,48,48,0.08360294997692108,0.1795891970396042,0.13159607350826263
721,supervised,gradcam,predicted,backbone.layer1,48,48,48,0.11090969294309616,0.10875730961561203,0.1098335012793541
722,supervised,gradcam,predicted,backbone.layer1,48,48,48,0.3885405957698822,0.3870844841003418,0.387812539935112
723,supervised,gradcam,predicted,backbone.layer1,48,48,48,0.017867816612124443,0.23178404569625854,0.1248259311541915
724,supervised,gradcam,predicted,backbone.layer1,48,48,48,0.3099973499774933,0.1716480255126953,0.2408226877450943
725,supervised,gradcam,predicted,backbone.layer1,48,48,48,-0.2266363799571991,0.3469662368297577,0.0601649284362793
726,supervised,gradcam,predicted,backbone.layer1,48,48,48,-0.00899738073348999,0.0031177434138953686,-0.002939818659797311
727,supervised,gradcam,predicted,backbone.layer1,48,32,32,0.4659290909767151,0.2930988669395447,0.3795139789581299
728,supervised,gradcam,predicted,backbone.layer1,48,48,48,-0.24444527924060822,0.481187641620636,0.11837118119001389
729,supervised,gradcam,predicted,backbone.layer1,48,48,48,0.0973147377371788,0.2649579346179962,0.1811363361775875
730,supervised,gradcam,predicted,backbone.layer1,48,48,48,0.0,0.0,0.0
731,supervised,gradcam,predicted,backbone.layer1,48,48,48,0.002665943931788206,0.3999688923358917,0.20131741813383996
732,supervised,gradcam,predicted,backbone.layer1,49,49,49,-0.005022269207984209,0.10534055531024933,0.05015914305113256
733,supervised,gradcam,predicted,backbone.layer1,49,49,49,0.13171163201332092,0.24181176722049713,0.18676169961690903
734,supervised,gradcam,predicted,backbone.layer1,49,49,49,0.2658541202545166,0.05495379492640495,0.16040395759046078
735,supervised,gradcam,predicted,backbone.layer1,49,49,49,0.238572895526886,0.25375473499298096,0.24616381525993347
704,supervised,gradcam,predicted,backbone.layer2,47,9,9,0.4304502308368683,0.3901657462120056,0.41030798852443695
705,supervised,gradcam,predicted,backbone.layer2,47,47,47,-0.2973572015762329,0.4700391888618469,0.086340993642807
706,supervised,gradcam,predicted,backbone.layer2,47,47,47,0.38810279965400696,0.45219653844833374,0.42014966905117035
707,supervised,gradcam,predicted,backbone.layer2,47,47,47,0.2600400447845459,0.5268014669418335,0.3934207558631897
708,supervised,gradcam,predicted,backbone.layer2,47,47,47,0.4569089710712433,0.22610469162464142,0.34150683134794235
709,supervised,gradcam,predicted,backbone.layer2,47,47,47,0.07882492989301682,0.4121231138706207,0.24547402188181877
710,supervised,gradcam,predicted,backbone.layer2,47,47,47,0.2951740026473999,0.4711224436759949,0.3831482231616974
711,supervised,gradcam,predicted,backbone.layer2,47,47,47,-0.10262951999902725,0.49221763014793396,0.19479405507445335
712,supervised,gradcam,predicted,backbone.layer2,47,47,47,0.37219730019569397,0.5403766632080078,0.4562869817018509
713,supervised,gradcam,predicted,backbone.layer2,47,47,47,-0.0010254387743771076,0.4677979648113251,0.23338626301847398
714,supervised,gradcam,predicted,backbone.layer2,47,47,47,0.030034899711608887,0.5050902962684631,0.267562597990036
715,supervised,gradcam,predicted,backbone.layer2,47,32,32,-0.21040984988212585,0.2967296540737152,0.04315990209579468
716,supervised,gradcam,predicted,backbone.layer2,47,47,47,-0.03721009939908981,0.44649165868759155,0.20464077964425087
717,supervised,gradcam,predicted,backbone.layer2,47,47,47,0.0736926719546318,0.35225772857666016,0.21297520026564598
718,supervised,gradcam,predicted,backbone.layer2,48,48,48,0.26259830594062805,0.0910620391368866,0.17683017253875732
719,supervised,gradcam,predicted,backbone.layer2,48,48,48,0.06640680879354477,0.2965991497039795,0.18150297924876213
720,supervised,gradcam,predicted,backbone.layer2,48,48,48,0.01148778572678566,0.2235567420721054,0.11752226389944553
721,supervised,gradcam,predicted,backbone.layer2,48,48,48,0.20405283570289612,0.288289874792099,0.24617135524749756
722,supervised,gradcam,predicted,backbone.layer2,48,48,48,0.17183536291122437,0.43474292755126953,0.30328914523124695
723,supervised,gradcam,predicted,backbone.layer2,48,48,48,-0.24424715340137482,0.30583399534225464,0.03079342097043991
724,supervised,gradcam,predicted,backbone.layer2,48,48,48,-0.029320403933525085,0.33785393834114075,0.15426676720380783
725,supervised,gradcam,predicted,backbone.layer2,48,48,48,-0.26652225852012634,0.35816293954849243,0.045820340514183044
726,supervised,gradcam,predicted,backbone.layer2,48,48,48,0.21250510215759277,0.38484638929367065,0.2986757457256317
727,supervised,gradcam,predicted,backbone.layer2,48,32,32,0.00389073695987463,0.09576159715652466,0.049826167058199644
728,supervised,gradcam,predicted,backbone.layer2,48,48,48,0.3708542287349701,0.5060935616493225,0.4384738951921463
729,supervised,gradcam,predicted,backbone.layer2,48,48,48,0.1069212257862091,0.27692097425460815,0.19192110002040863
730,supervised,gradcam,predicted,backbone.layer2,48,48,48,-0.021016139537096024,0.09690053761005402,0.037942199036478996
731,supervised,gradcam,predicted,backbone.layer2,48,48,48,0.2781248092651367,0.4182102680206299,0.3481675386428833
732,supervised,gradcam,predicted,backbone.layer2,49,49,49,-0.13072967529296875,0.2324381321668625,0.05085422843694687
733,supervised,gradcam,predicted,backbone.layer2,49,49,49,-0.20565010607242584,0.2514652907848358,0.022907592356204987
734,supervised,gradcam,predicted,backbone.layer2,49,49,49,0.2274802178144455,0.27893030643463135,0.2532052621245384
735,supervised,gradcam,predicted,backbone.layer2,49,49,49,-0.32070884108543396,0.21120040118694305,-0.05475421994924545
704,supervised,gradcam,predicted,backbone.layer3,47,9,9,0.2475109100341797,0.3704397976398468,0.30897535383701324
705,supervised,gradcam,predicted,backbone.layer3,47,47,47,0.024627583101391792,0.5437466502189636,0.2841871166601777
706,supervised,gradcam,predicted,backbone.layer3,47,47,47,-0.09073014557361603,0.3461737036705017,0.12772177904844284
707,supervised,gradcam,predicted,backbone.layer3,47,47,47,0.012504496611654758,0.36471089720726013,0.18860769690945745
708,supervised,gradcam,predicted,backbone.layer3,47,47,47,0.6691058874130249,0.3291030824184418,0.49910448491573334
709,supervised,gradcam,predicted,backbone.layer3,47,47,47,0.23589731752872467,0.4534960985183716,0.3446967080235481
710,supervised,gradcam,predicted,backbone.layer3,47,47,47,0.49410155415534973,0.4557226300239563,0.474912092089653
711,supervised,gradcam,predicted,backbone.layer3,47,47,47,-0.1740947961807251,0.27470341324806213,0.05030430853366852
712,supervised,gradcam,predicted,backbone.layer3,47,47,47,0.0630735382437706,0.3503435254096985,0.20670853182673454
713,supervised,gradcam,predicted,backbone.layer3,47,47,47,0.5467642545700073,0.5282526016235352,0.5375084280967712
714,supervised,gradcam,predicted,backbone.layer3,47,47,47,0.052488651126623154,0.4888783395290375,0.2706834953278303
715,supervised,gradcam,predicted,backbone.layer3,47,32,32,0.07498238235712051,0.31193405389785767,0.1934582181274891
716,supervised,gradcam,predicted,backbone.layer3,47,47,47,0.5694640278816223,0.5623376965522766,0.5659008622169495
717,supervised,gradcam,predicted,backbone.layer3,47,47,47,0.1412227302789688,0.3936615288257599,0.26744212955236435
718,supervised,gradcam,predicted,backbone.layer3,48,48,48,0.02855859510600567,0.18222349882125854,0.1053910469636321
719,supervised,gradcam,predicted,backbone.layer3,48,48,48,-0.1932157278060913,0.30142006278038025,0.05410216748714447
720,supervised,gradcam,predicted,backbone.layer3,48,48,48,-0.17531360685825348,0.1878536492586136,0.006270021200180054
721,supervised,gradcam,predicted,backbone.layer3,48,48,48,0.18685226142406464,0.3540109694004059,0.27043161541223526
722,supervised,gradcam,predicted,backbone.layer3,48,48,48,-0.03702223673462868,0.45789164304733276,0.21043470315635204
723,supervised,gradcam,predicted,backbone.layer3,48,48,48,0.18533237278461456,0.3973633944988251,0.2913478836417198
724,supervised,gradcam,predicted,backbone.layer3,48,48,48,0.00604218291118741,0.04275240749120712,0.024397295201197267
725,supervised,gradcam,predicted,backbone.layer3,48,48,48,0.18137019872665405,0.4634527862071991,0.3224114924669266
726,supervised,gradcam,predicted,backbone.layer3,48,48,48,-0.28301626443862915,0.16910292208194733,-0.05695667117834091
727,supervised,gradcam,predicted,backbone.layer3,48,32,32,0.13512659072875977,0.3623194992542267,0.24872304499149323
728,supervised,gradcam,predicted,backbone.layer3,48,48,48,0.6076076030731201,0.6252259612083435,0.6164167821407318
729,supervised,gradcam,predicted,backbone.layer3,48,48,48,0.004226624500006437,0.23651744425296783,0.12037203437648714
730,supervised,gradcam,predicted,backbone.layer3,48,48,48,-0.010268372483551502,0.28246399760246277,0.13609781255945563
731,supervised,gradcam,predicted,backbone.layer3,48,48,48,0.03433277830481529,0.3269498348236084,0.18064130656421185
732,supervised,gradcam,predicted,backbone.layer3,49,49,49,0.33684206008911133,0.44536903500556946,0.3911055475473404
733,supervised,gradcam,predicted,backbone.layer3,49,49,49,-0.0503961406648159,0.38899195194244385,0.16929790563881397
734,supervised,gradcam,predicted,backbone.layer3,49,49,49,0.2614169418811798,0.2647058963775635,0.26306141912937164
735,supervised,gradcam,predicted,backbone.layer3,49,49,49,-0.16954760253429413,0.15026456117630005,-0.00964152067899704
704,supervised,gradcam,predicted,backbone.layer4,47,9,9,0.4379570186138153,0.5456169843673706,0.49178700149059296
705,supervised,gradcam,predicted,backbone.layer4,47,47,47,0.12906815111637115,0.6198002099990845,0.3744341805577278
706,supervised,gradcam,predicted,backbone.layer4,47,47,47,-0.03808920830488205,0.46747785806655884,0.2146943248808384
707,supervised,gradcam,predicted,backbone.layer4,47,47,47,0.08714905381202698,0.5526701211929321,0.31990958750247955
708,supervised,gradcam,predicted,backbone.layer4,47,47,47,0.48054975271224976,0.45117947459220886,0.4658646136522293
709,supervised,gradcam,predicted,backbone.layer4,47,47,47,0.14983023703098297,0.5338770747184753,0.34185365587472916
710,supervised,gradcam,predicted,backbone.layer4,47,47,47,-0.2917996346950531,0.4875006377696991,0.097850501537323
711,supervised,gradcam,predicted,backbone.layer4,47,47,47,-0.05305010825395584,0.4960957467556,0.22152281925082207
712,supervised,gradcam,predicted,backbone.layer4,47,47,47,-0.0364762544631958,0.5002685785293579,0.23189616203308105
713,supervised,gradcam,predicted,backbone.layer4,47,47,47,-0.3187195658683777,0.3968554139137268,0.03906792402267456
714,supervised,gradcam,predicted,backbone.layer4,47,47,47,0.1544179618358612,0.4953472316265106,0.3248825967311859
715,supervised,gradcam,predicted,backbone.layer4,47,32,32,0.278731107711792,0.646910548210144,0.462820827960968
716,supervised,gradcam,predicted,backbone.layer4,47,47,47,0.2898189127445221,0.5590724349021912,0.42444567382335663
717,supervised,gradcam,predicted,backbone.layer4,47,47,47,-0.4317014217376709,0.4267011880874634,-0.0025001168251037598
718,supervised,gradcam,predicted,backbone.layer4,48,48,48,0.019255848601460457,0.45927903056144714,0.2392674395814538
719,supervised,gradcam,predicted,backbone.layer4,48,48,48,0.051752969622612,0.5229083895683289,0.28733067959547043
720,supervised,gradcam,predicted,backbone.layer4,48,48,48,-0.09446407854557037,0.5293323397636414,0.2174341306090355
721,supervised,gradcam,predicted,backbone.layer4,48,48,48,0.1643049716949463,0.5169850587844849,0.3406450152397156
722,supervised,gradcam,predicted,backbone.layer4,48,48,48,-0.28073564171791077,0.472400963306427,0.09583266079425812
723,supervised,gradcam,predicted,backbone.layer4,48,48,48,0.024087170138955116,0.5474523305892944,0.2857697503641248
724,supervised,gradcam,predicted,backbone.layer4,48,48,48,0.31997859477996826,0.6709951758384705,0.49548688530921936
725,supervised,gradcam,predicted,backbone.layer4,48,48,48,-0.05305689200758934,0.5592154860496521,0.2530792970210314
726,supervised,gradcam,predicted,backbone.layer4,48,48,48,-0.015458354726433754,0.5588036775588989,0.2716726614162326
727,supervised,gradcam,predicted,backbone.layer4,48,32,32,0.14818887412548065,0.5621356964111328,0.35516228526830673
728,supervised,gradcam,predicted,backbone.layer4,48,48,48,0.5093859434127808,0.49349623918533325,0.501441091299057
729,supervised,gradcam,predicted,backbone.layer4,48,48,48,-0.19123384356498718,0.45155954360961914,0.13016285002231598
730,supervised,gradcam,predicted,backbone.layer4,48,48,48,0.11488745361566544,0.5604875087738037,0.3376874811947346
731,supervised,gradcam,predicted,backbone.layer4,48,48,48,0.554482102394104,0.5382627844810486,0.5463724434375763
732,supervised,gradcam,predicted,backbone.layer4,49,49,49,0.18637615442276,0.5225483179092407,0.35446223616600037
733,supervised,gradcam,predicted,backbone.layer4,49,49,49,0.4643212854862213,0.546882688999176,0.5056019872426987
734,supervised,gradcam,predicted,backbone.layer4,49,49,49,0.6173135638237,0.5154380798339844,0.5663758218288422
735,supervised,gradcam,predicted,backbone.layer4,49,49,49,0.2101583331823349,0.5710356831550598,0.39059700816869736
736,supervised,gradcam,predicted,backbone.layer1,49,49,49,0.09903214871883392,0.4432145953178406,0.27112337201833725
737,supervised,gradcam,predicted,backbone.layer1,49,49,49,0.5349586009979248,0.4704480469226837,0.5027033239603043
738,supervised,gradcam,predicted,backbone.layer1,49,49,49,-0.12694290280342102,0.15038283169269562,0.011719964444637299
739,supervised,gradcam,predicted,backbone.layer1,49,49,49,0.0951889306306839,0.4925207495689392,0.29385484009981155
740,supervised,gradcam,predicted,backbone.layer1,49,49,49,-0.005996395368129015,0.013840381987392902,0.003921993309631944
741,supervised,gradcam,predicted,backbone.layer1,49,49,49,0.17555898427963257,0.030656171962618828,0.1031075781211257
742,supervised,gradcam,predicted,backbone.layer1,49,30,30,-0.02648407593369484,0.08828403800725937,0.030899981036782265
743,supervised,gradcam,predicted,backbone.layer1,49,49,49,0.07628009468317032,0.0694529339671135,0.0728665143251419
744,supervised,gradcam,predicted,backbone.layer1,49,49,49,-0.0720859169960022,0.009265309199690819,-0.03141030389815569
745,supervised,gradcam,predicted,backbone.layer1,49,49,49,0.33455032110214233,0.5345330834388733,0.4345417022705078
746,supervised,gradcam,predicted,backbone.layer1,49,49,49,0.0886407196521759,0.03332877531647682,0.06098474748432636
747,supervised,gradcam,predicted,backbone.layer1,49,49,49,0.15423870086669922,0.403877854347229,0.2790582776069641
748,supervised,gradcam,predicted,backbone.layer1,49,49,49,0.35156333446502686,0.18839500844478607,0.26997917145490646
749,supervised,gradcam,predicted,backbone.layer1,49,49,49,0.15179969370365143,0.47421395778656006,0.31300682574510574
750,supervised,gradcam,predicted,backbone.layer1,49,49,49,0.12725940346717834,0.16413593292236328,0.1456976681947708
751,supervised,gradcam,predicted,backbone.layer1,49,49,49,-0.1033148318529129,0.05407394468784332,-0.02462044358253479
736,supervised,gradcam,predicted,backbone.layer2,49,49,49,0.28679582476615906,0.4782293438911438,0.38251258432865143
737,supervised,gradcam,predicted,backbone.layer2,49,49,49,0.08051913976669312,0.3923227787017822,0.23642095923423767
738,supervised,gradcam,predicted,backbone.layer2,49,49,49,-0.3137088716030121,0.2602739930152893,-0.02671743929386139
739,supervised,gradcam,predicted,backbone.layer2,49,49,49,0.33599549531936646,0.5105376839637756,0.42326658964157104
740,supervised,gradcam,predicted,backbone.layer2,49,49,49,-0.13520562648773193,0.22899609804153442,0.046895235776901245
741,supervised,gradcam,predicted,backbone.layer2,49,49,49,0.14039455354213715,0.24221593141555786,0.1913052424788475
742,supervised,gradcam,predicted,backbone.layer2,49,30,30,0.051524121314287186,0.4846864938735962,0.2681053075939417
743,supervised,gradcam,predicted,backbone.layer2,49,49,49,-0.16335661709308624,0.28188657760620117,0.059264980256557465
744,supervised,gradcam,predicted,backbone.layer2,49,49,49,-0.008888176642358303,0.4036145508289337,0.1973631870932877
745,supervised,gradcam,predicted,backbone.layer2,49,49,49,0.34148985147476196,0.5046022534370422,0.4230460524559021
746,supervised,gradcam,predicted,backbone.layer2,49,49,49,-0.24420812726020813,0.3754863142967224,0.06563909351825714
747,supervised,gradcam,predicted,backbone.layer2,49,49,49,-0.0799902155995369,0.40101340413093567,0.1605115942656994
748,supervised,gradcam,predicted,backbone.layer2,49,49,49,-0.008771965280175209,0.2902389168739319,0.14073347579687834
749,supervised,gradcam,predicted,backbone.layer2,49,49,49,-0.0900462195277214,0.23345495760440826,0.07170436903834343
750,supervised,gradcam,predicted,backbone.layer2,49,49,49,-0.015490309335291386,0.309736043214798,0.1471228669397533
751,supervised,gradcam,predicted,backbone.layer2,49,49,49,-0.12774384021759033,0.39717474579811096,0.13471545279026031
736,supervised,gradcam,predicted,backbone.layer3,49,49,49,0.1764882653951645,0.18244588375091553,0.17946707457304
737,supervised,gradcam,predicted,backbone.layer3,49,49,49,0.24323560297489166,0.27986812591552734,0.2615518644452095
738,supervised,gradcam,predicted,backbone.layer3,49,49,49,-0.2647751271724701,0.11952242255210876,-0.07262635231018066
739,supervised,gradcam,predicted,backbone.layer3,49,49,49,0.15969324111938477,0.2991322875022888,0.2294127643108368
740,supervised,gradcam,predicted,backbone.layer3,49,49,49,-0.07338372617959976,0.09208059310913086,0.009348433464765549
741,supervised,gradcam,predicted,backbone.layer3,49,49,49,-0.12838751077651978,0.1519518345594406,0.011782161891460419
742,supervised,gradcam,predicted,backbone.layer3,49,30,30,-0.032161835581064224,0.33525168895721436,0.15154492668807507
743,supervised,gradcam,predicted,backbone.layer3,49,49,49,0.10305780917406082,0.32495757937431335,0.2140076942741871
744,supervised,gradcam,predicted,backbone.layer3,49,49,49,-0.05779759958386421,0.3571082651615143,0.14965533278882504
745,supervised,gradcam,predicted,backbone.layer3,49,49,49,0.16928577423095703,0.2538377344608307,0.21156175434589386
746,supervised,gradcam,predicted,backbone.layer3,49,49,49,-0.10347317159175873,0.19532322883605957,0.04592502862215042
747,supervised,gradcam,predicted,backbone.layer3,49,49,49,0.10489518195390701,0.26140502095222473,0.18315010145306587
748,supervised,gradcam,predicted,backbone.layer3,49,49,49,-0.27607882022857666,0.16555513441562653,-0.05526184290647507
749,supervised,gradcam,predicted,backbone.layer3,49,49,49,0.6198742985725403,0.44078773260116577,0.530331015586853
750,supervised,gradcam,predicted,backbone.layer3,49,49,49,0.30078449845314026,0.20392777025699615,0.2523561343550682
751,supervised,gradcam,predicted,backbone.layer3,49,49,49,-0.2267734557390213,0.25883689522743225,0.016031719744205475
736,supervised,gradcam,predicted,backbone.layer4,49,49,49,-0.15850837528705597,0.44754770398139954,0.14451966434717178
737,supervised,gradcam,predicted,backbone.layer4,49,49,49,0.12856793403625488,0.5391825437545776,0.33387523889541626
738,supervised,gradcam,predicted,backbone.layer4,49,49,49,0.5213456749916077,0.5558422207832336,0.5385939478874207
739,supervised,gradcam,predicted,backbone.layer4,49,49,49,0.0042575947009027,0.5037673711776733,0.254012482939288
740,supervised,gradcam,predicted,backbone.layer4,49,49,49,0.059401270002126694,0.5433594584465027,0.3013803642243147
741,supervised,gradcam,predicted,backbone.layer4,49,49,49,0.5827128887176514,0.6629223227500916,0.6228176057338715
742,supervised,gradcam,predicted,backbone.layer4,49,30,30,0.39830538630485535,0.4894254803657532,0.44386543333530426
743,supervised,gradcam,predicted,backbone.layer4,49,49,49,0.031699176877737045,0.5515381693840027,0.29161867313086987
744,supervised,gradcam,predicted,backbone.layer4,49,49,49,0.19710518419742584,0.5562763214111328,0.3766907528042793
745,supervised,gradcam,predicted,backbone.layer4,49,49,49,0.33771970868110657,0.5760002732276917,0.4568599909543991
746,supervised,gradcam,predicted,backbone.layer4,49,49,49,0.13802187144756317,0.4862927198410034,0.3121572956442833
747,supervised,gradcam,predicted,backbone.layer4,49,49,49,0.1280786693096161,0.5295132994651794,0.32879598438739777
748,supervised,gradcam,predicted,backbone.layer4,49,49,49,0.1180918961763382,0.5353161096572876,0.3267040029168129
749,supervised,gradcam,predicted,backbone.layer4,49,49,49,0.4066304564476013,0.5282312035560608,0.46743083000183105
750,supervised,gradcam,predicted,backbone.layer4,49,49,49,0.30216917395591736,0.4970341920852661,0.39960168302059174
751,supervised,gradcam,predicted,backbone.layer4,49,49,49,0.1186312884092331,0.5303675532341003,0.3244994208216667
