sample_idx,mode,xai_method,gradcam_target,layer,true_label,pred_label,target_label,corr_pca_xai,soft_iou_pca_xai,lsas
0,lejepa,gradcam,predicted,backbone.layer1,3,3,3,0.17540669441223145,0.31062051653862,0.24301360547542572
1,lejepa,gradcam,predicted,backbone.layer1,8,8,8,0.28396064043045044,0.39813539385795593,0.3410480171442032
2,lejepa,gradcam,predicted,backbone.layer1,8,8,8,0.19628693163394928,0.3114601969718933,0.2538735643029213
3,lejepa,gradcam,predicted,backbone.layer1,0,0,0,0.12757913768291473,0.19904844462871552,0.16331379115581512
4,lejepa,gradcam,predicted,backbone.layer1,6,6,6,0.23745854198932648,0.46442192792892456,0.3509402349591255
5,lejepa,gradcam,predicted,backbone.layer1,6,6,6,0.3566856384277344,0.477935791015625,0.4173107147216797
6,lejepa,gradcam,predicted,backbone.layer1,1,5,5,0.3565208315849304,0.28111734986305237,0.3188190907239914
7,lejepa,gradcam,predicted,backbone.layer1,6,2,2,0.12340924888849258,0.34245172142982483,0.2329304851591587
8,lejepa,gradcam,predicted,backbone.layer1,3,3,3,0.19604140520095825,0.34716084599494934,0.2716011255979538
9,lejepa,gradcam,predicted,backbone.layer1,1,1,1,0.08740086108446121,0.12934917211532593,0.10837501659989357
10,lejepa,gradcam,predicted,backbone.layer1,0,0,0,-0.15401282906532288,0.19065281748771667,0.0183199942111969
11,lejepa,gradcam,predicted,backbone.layer1,9,9,9,0.186533585190773,0.34115394949913025,0.26384376734495163
12,lejepa,gradcam,predicted,backbone.layer1,5,5,5,0.06531158834695816,0.15908420085906982,0.11219789460301399
13,lejepa,gradcam,predicted,backbone.layer1,7,7,7,0.010917962528765202,0.048941247165203094,0.029929604846984148
14,lejepa,gradcam,predicted,backbone.layer1,9,9,9,0.6102630496025085,0.36177346110343933,0.48601825535297394
15,lejepa,gradcam,predicted,backbone.layer1,8,8,8,-0.14379973709583282,0.17835351824760437,0.017276890575885773
16,lejepa,gradcam,predicted,backbone.layer1,5,5,5,0.13125695288181305,0.3323298990726471,0.23179342597723007
17,lejepa,gradcam,predicted,backbone.layer1,7,7,7,-0.05069997161626816,0.0012710405280813575,-0.0247144655440934
18,lejepa,gradcam,predicted,backbone.layer1,8,1,1,0.06446381658315659,0.2016812264919281,0.13307252153754234
19,lejepa,gradcam,predicted,backbone.layer1,6,6,6,0.2952362298965454,0.44857826828956604,0.3719072490930557
20,lejepa,gradcam,predicted,backbone.layer1,7,7,7,0.15958407521247864,0.22053220868110657,0.1900581419467926
21,lejepa,gradcam,predicted,backbone.layer1,0,0,0,0.37458983063697815,0.32415083050727844,0.3493703305721283
22,lejepa,gradcam,predicted,backbone.layer1,4,4,4,0.21757744252681732,0.30510449409484863,0.261340968310833
23,lejepa,gradcam,predicted,backbone.layer1,9,9,9,0.15925444662570953,0.09595734626054764,0.12760589644312859
24,lejepa,gradcam,predicted,backbone.layer1,5,4,4,0.17549307644367218,0.16136398911476135,0.16842853277921677
25,lejepa,gradcam,predicted,backbone.layer1,2,2,2,0.3637552857398987,0.36301735043525696,0.3633863180875778
26,lejepa,gradcam,predicted,backbone.layer1,4,4,4,-0.031416017562150955,0.22855445742607117,0.0985692199319601
27,lejepa,gradcam,predicted,backbone.layer1,0,0,0,0.09075682610273361,0.22380761802196503,0.15728222206234932
28,lejepa,gradcam,predicted,backbone.layer1,9,9,9,0.14050763845443726,0.09594042599201202,0.11822403222322464
29,lejepa,gradcam,predicted,backbone.layer1,6,6,6,0.27664902806282043,0.5016250610351562,0.38913704454898834
30,lejepa,gradcam,predicted,backbone.layer1,6,6,6,0.40152257680892944,0.568159818649292,0.4848411977291107
31,lejepa,gradcam,predicted,backbone.layer1,5,5,5,0.37573379278182983,0.2481956034898758,0.3119646981358528
32,lejepa,gradcam,predicted,backbone.layer1,4,4,4,0.1633540391921997,0.3095007538795471,0.2364273965358734
33,lejepa,gradcam,predicted,backbone.layer1,5,5,5,0.6503740549087524,0.38372355699539185,0.5170488059520721
34,lejepa,gradcam,predicted,backbone.layer1,9,9,9,0.20150262117385864,0.3589477837085724,0.2802252024412155
35,lejepa,gradcam,predicted,backbone.layer1,2,5,5,0.07274674624204636,0.2074967920780182,0.14012176916003227
36,lejepa,gradcam,predicted,backbone.layer1,4,4,4,0.1269889920949936,0.278754323720932,0.2028716579079628
37,lejepa,gradcam,predicted,backbone.layer1,1,1,1,0.3805263936519623,0.3247739374637604,0.35265016555786133
38,lejepa,gradcam,predicted,backbone.layer1,9,9,9,-0.04736730828881264,0.0013348114443942904,-0.023016248422209173
39,lejepa,gradcam,predicted,backbone.layer1,5,5,5,-0.13630874454975128,0.05932740122079849,-0.038490671664476395
40,lejepa,gradcam,predicted,backbone.layer1,4,0,0,-0.17240168154239655,0.19612033665180206,0.011859327554702759
41,lejepa,gradcam,predicted,backbone.layer1,6,6,6,0.15734343230724335,0.44376999139785767,0.3005567118525505
42,lejepa,gradcam,predicted,backbone.layer1,5,5,5,-0.04602742940187454,0.17846699059009552,0.06621978059411049
43,lejepa,gradcam,predicted,backbone.layer1,6,6,6,0.3773404359817505,0.48199716210365295,0.4296687990427017
44,lejepa,gradcam,predicted,backbone.layer1,0,0,0,0.691847026348114,0.39698100090026855,0.5444140136241913
45,lejepa,gradcam,predicted,backbone.layer1,9,9,9,0.22003553807735443,0.2333451509475708,0.22669034451246262
46,lejepa,gradcam,predicted,backbone.layer1,3,3,3,0.5811970829963684,0.24021385610103607,0.41070546954870224
47,lejepa,gradcam,predicted,backbone.layer1,9,3,3,0.08183252066373825,0.42388084530830383,0.25285668298602104
48,lejepa,gradcam,predicted,backbone.layer1,7,4,4,-0.05803129822015762,0.24558863043785095,0.09377866610884666
49,lejepa,gradcam,predicted,backbone.layer1,6,6,6,0.36490964889526367,0.4847007989883423,0.424805223941803
50,lejepa,gradcam,predicted,backbone.layer1,9,2,2,0.18886981904506683,0.2855817675590515,0.23722579330205917
51,lejepa,gradcam,predicted,backbone.layer1,8,8,8,-0.024803131818771362,0.14881232380867004,0.06200459599494934
52,lejepa,gradcam,predicted,backbone.layer1,0,5,5,0.012469442561268806,0.05296318605542183,0.03271631430834532
53,lejepa,gradcam,predicted,backbone.layer1,3,3,3,0.055343933403491974,0.31814587116241455,0.18674490228295326
54,lejepa,gradcam,predicted,backbone.layer1,8,8,8,0.06788499653339386,0.30157431960105896,0.1847296580672264
55,lejepa,gradcam,predicted,backbone.layer1,8,8,8,-0.07103624194860458,0.3318282961845398,0.1303960271179676
56,lejepa,gradcam,predicted,backbone.layer1,7,5,5,0.08338683098554611,0.09031268209218979,0.08684975653886795
57,lejepa,gradcam,predicted,backbone.layer1,7,8,8,0.2560698688030243,0.41469600796699524,0.33538293838500977
58,lejepa,gradcam,predicted,backbone.layer1,4,6,6,0.47244319319725037,0.5670751929283142,0.5197591930627823
59,lejepa,gradcam,predicted,backbone.layer1,6,3,3,0.4885810613632202,0.37270379066467285,0.43064242601394653
60,lejepa,gradcam,predicted,backbone.layer1,7,7,7,0.1423894315958023,0.13034823536872864,0.13636883348226547
61,lejepa,gradcam,predicted,backbone.layer1,3,5,5,0.4226543605327606,0.3454281687736511,0.38404126465320587
62,lejepa,gradcam,predicted,backbone.layer1,6,6,6,0.4051215350627899,0.49406898021698,0.44959525763988495
63,lejepa,gradcam,predicted,backbone.layer1,3,9,9,-0.08400501310825348,0.11252421140670776,0.014259599149227142
0,lejepa,gradcam,predicted,backbone.layer2,3,3,3,-0.1338682919740677,0.22545590996742249,0.0457938089966774
1,lejepa,gradcam,predicted,backbone.layer2,8,8,8,0.285906046628952,0.38123753666877747,0.33357179164886475
2,lejepa,gradcam,predicted,backbone.layer2,8,8,8,-0.10005228221416473,0.29402822256088257,0.09698797017335892
3,lejepa,gradcam,predicted,backbone.layer2,0,0,0,-0.13174976408481598,0.3527517318725586,0.11050098389387131
4,lejepa,gradcam,predicted,backbone.layer2,6,6,6,-0.12876704335212708,0.21563604474067688,0.0434345006942749
5,lejepa,gradcam,predicted,backbone.layer2,6,6,6,-0.12299568206071854,0.231947660446167,0.05447598919272423
6,lejepa,gradcam,predicted,backbone.layer2,1,5,5,0.12369730323553085,0.34194350242614746,0.23282040283083916
7,lejepa,gradcam,predicted,backbone.layer2,6,2,2,0.014423533342778683,0.3481789529323578,0.18130124313756824
8,lejepa,gradcam,predicted,backbone.layer2,3,3,3,0.12694647908210754,0.22796620428562164,0.1774563416838646
9,lejepa,gradcam,predicted,backbone.layer2,1,1,1,0.14326226711273193,0.30524560809135437,0.22425393760204315
10,lejepa,gradcam,predicted,backbone.layer2,0,0,0,-0.0862499326467514,0.26417821645736694,0.08896414190530777
11,lejepa,gradcam,predicted,backbone.layer2,9,9,9,-0.12962530553340912,0.24506442248821259,0.05771955847740173
12,lejepa,gradcam,predicted,backbone.layer2,5,5,5,0.09482642263174057,0.3300715386867523,0.21244898065924644
13,lejepa,gradcam,predicted,backbone.layer2,7,7,7,0.2209124118089676,0.381058931350708,0.3009856715798378
14,lejepa,gradcam,predicted,backbone.layer2,9,9,9,0.2430344521999359,0.3973250091075897,0.3201797306537628
15,lejepa,gradcam,predicted,backbone.layer2,8,8,8,0.3259733319282532,0.4031115174293518,0.3645424246788025
16,lejepa,gradcam,predicted,backbone.layer2,5,5,5,0.06652931123971939,0.17430414259433746,0.12041672691702843
17,lejepa,gradcam,predicted,backbone.layer2,7,7,7,0.6822594404220581,0.5549307465553284,0.6185950934886932
18,lejepa,gradcam,predicted,backbone.layer2,8,1,1,-0.17053410410881042,0.2583363950252533,0.043901145458221436
19,lejepa,gradcam,predicted,backbone.layer2,6,6,6,0.14929766952991486,0.342450350522995,0.24587401002645493
20,lejepa,gradcam,predicted,backbone.layer2,7,7,7,-0.17093344032764435,0.2721463441848755,0.05060645192861557
21,lejepa,gradcam,predicted,backbone.layer2,0,0,0,-0.3841280937194824,0.11254783719778061,-0.1357901282608509
22,lejepa,gradcam,predicted,backbone.layer2,4,4,4,-0.11660987883806229,0.23654425144195557,0.05996718630194664
23,lejepa,gradcam,predicted,backbone.layer2,9,9,9,-0.0018091002712026238,0.37115222215652466,0.18467156094266102
24,lejepa,gradcam,predicted,backbone.layer2,5,4,4,-0.00878316629678011,0.3350367844104767,0.1631268090568483
25,lejepa,gradcam,predicted,backbone.layer2,2,2,2,-0.11010526865720749,0.3847077190876007,0.1373012252151966
26,lejepa,gradcam,predicted,backbone.layer2,4,4,4,-0.2662791609764099,0.19354982674121857,-0.03636466711759567
27,lejepa,gradcam,predicted,backbone.layer2,0,0,0,-0.0679289922118187,0.27561455965042114,0.10384278371930122
28,lejepa,gradcam,predicted,backbone.layer2,9,9,9,-0.09761527180671692,0.3492736220359802,0.12582917511463165
29,lejepa,gradcam,predicted,backbone.layer2,6,6,6,-0.19695048034191132,0.2439562976360321,0.023502908647060394
30,lejepa,gradcam,predicted,backbone.layer2,6,6,6,-0.19763696193695068,0.17701639235019684,-0.010310284793376923
31,lejepa,gradcam,predicted,backbone.layer2,5,5,5,-0.2659033238887787,0.1399848759174347,-0.062959223985672
32,lejepa,gradcam,predicted,backbone.layer2,4,4,4,0.22765329480171204,0.38851627707481384,0.30808478593826294
33,lejepa,gradcam,predicted,backbone.layer2,5,5,5,0.10979951918125153,0.44366732239723206,0.2767334207892418
34,lejepa,gradcam,predicted,backbone.layer2,9,9,9,0.14977149665355682,0.30032286047935486,0.22504717856645584
35,lejepa,gradcam,predicted,backbone.layer2,2,5,5,0.29284700751304626,0.31694644689559937,0.3048967272043228
36,lejepa,gradcam,predicted,backbone.layer2,4,4,4,0.03258989378809929,0.3714621067047119,0.2020260002464056
37,lejepa,gradcam,predicted,backbone.layer2,1,1,1,-0.060917243361473083,0.3428511619567871,0.140966959297657
38,lejepa,gradcam,predicted,backbone.layer2,9,9,9,0.21584315598011017,0.4414937198162079,0.328668437898159
39,lejepa,gradcam,predicted,backbone.layer2,5,5,5,-0.03447478637099266,0.41422340273857117,0.18987430818378925
40,lejepa,gradcam,predicted,backbone.layer2,4,0,0,0.18786592781543732,0.29386624693870544,0.24086608737707138
41,lejepa,gradcam,predicted,backbone.layer2,6,6,6,0.0613279826939106,0.2311435341835022,0.1462357584387064
42,lejepa,gradcam,predicted,backbone.layer2,5,5,5,-0.0884978175163269,0.3417792320251465,0.1266407072544098
43,lejepa,gradcam,predicted,backbone.layer2,6,6,6,-0.3096443712711334,0.25009074807167053,-0.029776811599731445
44,lejepa,gradcam,predicted,backbone.layer2,0,0,0,0.16545483469963074,0.22151455283164978,0.19348469376564026
45,lejepa,gradcam,predicted,backbone.layer2,9,9,9,0.1466711312532425,0.4689377546310425,0.3078044429421425
46,lejepa,gradcam,predicted,backbone.layer2,3,3,3,0.20747968554496765,0.29949164390563965,0.25348566472530365
47,lejepa,gradcam,predicted,backbone.layer2,9,3,3,-0.1466437131166458,0.23260410130023956,0.042980194091796875
48,lejepa,gradcam,predicted,backbone.layer2,7,4,4,-0.23392105102539062,0.19940108060836792,-0.017259985208511353
49,lejepa,gradcam,predicted,backbone.layer2,6,6,6,-0.09521397203207016,0.18090911209583282,0.04284757003188133
50,lejepa,gradcam,predicted,backbone.layer2,9,2,2,-0.011442686431109905,0.18921492993831635,0.08888612175360322
51,lejepa,gradcam,predicted,backbone.layer2,8,8,8,0.35428449511528015,0.32188573479652405,0.3380851149559021
52,lejepa,gradcam,predicted,backbone.layer2,0,5,5,-0.12371078878641129,0.23132602870464325,0.05380761995911598
53,lejepa,gradcam,predicted,backbone.layer2,3,3,3,-0.1637267917394638,0.21656189858913422,0.026417553424835205
54,lejepa,gradcam,predicted,backbone.layer2,8,8,8,-0.15946052968502045,0.24032115936279297,0.04043031483888626
55,lejepa,gradcam,predicted,backbone.layer2,8,8,8,0.3092295825481415,0.41763612627983093,0.3634328544139862
56,lejepa,gradcam,predicted,backbone.layer2,7,5,5,0.13376450538635254,0.2917075753211975,0.21273604035377502
57,lejepa,gradcam,predicted,backbone.layer2,7,8,8,-0.004791925195604563,0.09931375086307526,0.04726091283373535
58,lejepa,gradcam,predicted,backbone.layer2,4,6,6,-0.1425856053829193,0.21870093047618866,0.038057662546634674
59,lejepa,gradcam,predicted,backbone.layer2,6,3,3,0.2149520218372345,0.46883276104927063,0.34189239144325256
60,lejepa,gradcam,predicted,backbone.layer2,7,7,7,0.39307165145874023,0.3131967782974243,0.3531342148780823
61,lejepa,gradcam,predicted,backbone.layer2,3,5,5,0.01268751360476017,0.4429759979248047,0.22783175576478243
62,lejepa,gradcam,predicted,backbone.layer2,6,6,6,0.3717139959335327,0.28834331035614014,0.3300286531448364
63,lejepa,gradcam,predicted,backbone.layer2,3,9,9,0.41095244884490967,0.48166412115097046,0.44630828499794006
0,lejepa,gradcam,predicted,backbone.layer3,3,3,3,-0.18758973479270935,0.17127420008182526,-0.008157767355442047
1,lejepa,gradcam,predicted,backbone.layer3,8,8,8,-0.09500731527805328,0.22768977284431458,0.06634122878313065
2,lejepa,gradcam,predicted,backbone.layer3,8,8,8,-0.20791713893413544,0.4075390100479126,0.09981093555688858
3,lejepa,gradcam,predicted,backbone.layer3,0,0,0,0.31935372948646545,0.46365758776664734,0.3915056586265564
4,lejepa,gradcam,predicted,backbone.layer3,6,6,6,0.5967997908592224,0.4517742395401001,0.5242870151996613
5,lejepa,gradcam,predicted,backbone.layer3,6,6,6,0.7278164625167847,0.5112190246582031,0.6195177435874939
6,lejepa,gradcam,predicted,backbone.layer3,1,5,5,0.9075994491577148,0.3980236351490021,0.6528115421533585
7,lejepa,gradcam,predicted,backbone.layer3,6,2,2,-0.0872640386223793,0.37121328711509705,0.14197462424635887
8,lejepa,gradcam,predicted,backbone.layer3,3,3,3,0.5189931988716125,0.35470765829086304,0.4368504285812378
9,lejepa,gradcam,predicted,backbone.layer3,1,1,1,-0.3724870979785919,0.2815242111682892,-0.04548144340515137
10,lejepa,gradcam,predicted,backbone.layer3,0,0,0,-0.6386664509773254,0.22420050203800201,-0.2072329744696617
11,lejepa,gradcam,predicted,backbone.layer3,9,9,9,0.42770150303840637,0.4556882381439209,0.44169487059116364
12,lejepa,gradcam,predicted,backbone.layer3,5,5,5,0.5413680672645569,0.3298494219779968,0.43560874462127686
13,lejepa,gradcam,predicted,backbone.layer3,7,7,7,0.9078347086906433,0.4871844947338104,0.6975096017122269
14,lejepa,gradcam,predicted,backbone.layer3,9,9,9,0.34073173999786377,0.34809795022010803,0.3444148451089859
15,lejepa,gradcam,predicted,backbone.layer3,8,8,8,-0.3731878101825714,0.32707592844963074,-0.023055940866470337
16,lejepa,gradcam,predicted,backbone.layer3,5,5,5,-0.25472724437713623,0.4039367437362671,0.07460474967956543
17,lejepa,gradcam,predicted,backbone.layer3,7,7,7,0.5348153710365295,0.336047500371933,0.43543143570423126
18,lejepa,gradcam,predicted,backbone.layer3,8,1,1,0.5449322462081909,0.36558353900909424,0.4552578926086426
19,lejepa,gradcam,predicted,backbone.layer3,6,6,6,0.38137751817703247,0.39355194568634033,0.3874647319316864
20,lejepa,gradcam,predicted,backbone.layer3,7,7,7,0.3991572856903076,0.3468620181083679,0.37300965189933777
21,lejepa,gradcam,predicted,backbone.layer3,0,0,0,-0.6089438199996948,0.2688950002193451,-0.17002440989017487
22,lejepa,gradcam,predicted,backbone.layer3,4,4,4,-0.1296699196100235,0.2989441752433777,0.0846371278166771
23,lejepa,gradcam,predicted,backbone.layer3,9,9,9,0.6372685432434082,0.4328593313694,0.5350639373064041
24,lejepa,gradcam,predicted,backbone.layer3,5,4,4,-0.3669317960739136,0.22952602803707123,-0.06870288401842117
25,lejepa,gradcam,predicted,backbone.layer3,2,2,2,-0.11664469540119171,0.11943670362234116,0.0013960041105747223
26,lejepa,gradcam,predicted,backbone.layer3,4,4,4,-0.20515117049217224,0.2458101511001587,0.020329490303993225
27,lejepa,gradcam,predicted,backbone.layer3,0,0,0,-0.29015904664993286,0.37718665599823,0.04351380467414856
28,lejepa,gradcam,predicted,backbone.layer3,9,9,9,0.6358547806739807,0.44172248244285583,0.5387886315584183
29,lejepa,gradcam,predicted,backbone.layer3,6,6,6,0.5398204922676086,0.49862533807754517,0.5192229151725769
30,lejepa,gradcam,predicted,backbone.layer3,6,6,6,0.042309459298849106,0.3668364882469177,0.20457297377288342
31,lejepa,gradcam,predicted,backbone.layer3,5,5,5,0.8166117668151855,0.419532835483551,0.6180723011493683
32,lejepa,gradcam,predicted,backbone.layer3,4,4,4,-0.549912691116333,0.2859220802783966,-0.1319953054189682
33,lejepa,gradcam,predicted,backbone.layer3,5,5,5,0.5071436762809753,0.31433939933776855,0.41074153780937195
34,lejepa,gradcam,predicted,backbone.layer3,9,9,9,0.24621526896953583,0.2937868535518646,0.2700010612607002
35,lejepa,gradcam,predicted,backbone.layer3,2,5,5,0.6854591965675354,0.4456069767475128,0.5655330866575241
36,lejepa,gradcam,predicted,backbone.layer3,4,4,4,-0.5266241431236267,0.3238469064235687,-0.10138861835002899
37,lejepa,gradcam,predicted,backbone.layer3,1,1,1,0.8312146067619324,0.5733413100242615,0.7022779583930969
38,lejepa,gradcam,predicted,backbone.layer3,9,9,9,-0.07070247083902359,0.2788468301296234,0.10407217964529991
39,lejepa,gradcam,predicted,backbone.layer3,5,5,5,0.4386216998100281,0.5196161866188049,0.4791189432144165
40,lejepa,gradcam,predicted,backbone.layer3,4,0,0,-0.3634105324745178,0.3355725109577179,-0.013919010758399963
41,lejepa,gradcam,predicted,backbone.layer3,6,6,6,-0.25688862800598145,0.4002702534198761,0.07169081270694733
42,lejepa,gradcam,predicted,backbone.layer3,5,5,5,0.4024108648300171,0.33556997776031494,0.368990421295166
43,lejepa,gradcam,predicted,backbone.layer3,6,6,6,0.21070589125156403,0.37852925062179565,0.29461757093667984
44,lejepa,gradcam,predicted,backbone.layer3,0,0,0,-0.052627626806497574,0.491157203912735,0.2192647885531187
45,lejepa,gradcam,predicted,backbone.layer3,9,9,9,0.3940761387348175,0.47243720293045044,0.43325667083263397
46,lejepa,gradcam,predicted,backbone.layer3,3,3,3,-0.27639782428741455,0.4473707973957062,0.08548648655414581
47,lejepa,gradcam,predicted,backbone.layer3,9,3,3,0.8284744620323181,0.28402838110923767,0.5562514215707779
48,lejepa,gradcam,predicted,backbone.layer3,7,4,4,-0.5221285820007324,0.29587867856025696,-0.11312495172023773
49,lejepa,gradcam,predicted,backbone.layer3,6,6,6,0.9178043603897095,0.5194005966186523,0.7186024785041809
50,lejepa,gradcam,predicted,backbone.layer3,9,2,2,0.7343574166297913,0.4261910021305084,0.5802742093801498
51,lejepa,gradcam,predicted,backbone.layer3,8,8,8,0.39869576692581177,0.5585145354270935,0.47860515117645264
52,lejepa,gradcam,predicted,backbone.layer3,0,5,5,0.9267562031745911,0.31178387999534607,0.6192700415849686
53,lejepa,gradcam,predicted,backbone.layer3,3,3,3,0.701826274394989,0.39599478244781494,0.548910528421402
54,lejepa,gradcam,predicted,backbone.layer3,8,8,8,-0.4500361680984497,0.24635356664657593,-0.10184130072593689
55,lejepa,gradcam,predicted,backbone.layer3,8,8,8,-0.17167624831199646,0.3857121169567108,0.10701793432235718
56,lejepa,gradcam,predicted,backbone.layer3,7,5,5,0.22092294692993164,0.3566458821296692,0.2887844145298004
57,lejepa,gradcam,predicted,backbone.layer3,7,8,8,0.8022688031196594,0.348805695772171,0.5755372494459152
58,lejepa,gradcam,predicted,backbone.layer3,4,6,6,0.5976046919822693,0.41974449157714844,0.5086745917797089
59,lejepa,gradcam,predicted,backbone.layer3,6,3,3,0.03931737318634987,0.3373635411262512,0.18834045715630054
60,lejepa,gradcam,predicted,backbone.layer3,7,7,7,0.12263002246618271,0.4102514684200287,0.2664407454431057
61,lejepa,gradcam,predicted,backbone.layer3,3,5,5,0.805607259273529,0.47308874130249023,0.6393480002880096
62,lejepa,gradcam,predicted,backbone.layer3,6,6,6,0.6498003005981445,0.4227873384952545,0.5362938195466995
63,lejepa,gradcam,predicted,backbone.layer3,3,9,9,0.546316385269165,0.30480387806892395,0.4255601316690445
0,lejepa,gradcam,predicted,backbone.layer4,3,3,3,0.5779229402542114,0.6216236352920532,0.5997732877731323
1,lejepa,gradcam,predicted,backbone.layer4,8,8,8,0.6084986329078674,0.557407796382904,0.5829532146453857
2,lejepa,gradcam,predicted,backbone.layer4,8,8,8,0.4606218934059143,0.5271052718162537,0.493863582611084
3,lejepa,gradcam,predicted,backbone.layer4,0,0,0,0.2157307267189026,0.4226978123188019,0.31921426951885223
4,lejepa,gradcam,predicted,backbone.layer4,6,6,6,0.18601243197917938,0.501785933971405,0.3438991829752922
5,lejepa,gradcam,predicted,backbone.layer4,6,6,6,0.637911856174469,0.6601356267929077,0.6490237414836884
6,lejepa,gradcam,predicted,backbone.layer4,1,5,5,0.5073136687278748,0.49589619040489197,0.5016049295663834
7,lejepa,gradcam,predicted,backbone.layer4,6,2,2,0.013108154758810997,0.4848843216896057,0.24899623822420835
8,lejepa,gradcam,predicted,backbone.layer4,3,3,3,0.694352924823761,0.6468285322189331,0.670590728521347
9,lejepa,gradcam,predicted,backbone.layer4,1,1,1,0.6290691494941711,0.5637765526771545,0.5964228510856628
10,lejepa,gradcam,predicted,backbone.layer4,0,0,0,-0.17715176939964294,0.43260109424591064,0.12772466242313385
11,lejepa,gradcam,predicted,backbone.layer4,9,9,9,0.6439011096954346,0.5920485854148865,0.6179748475551605
12,lejepa,gradcam,predicted,backbone.layer4,5,5,5,0.6828044652938843,0.5802748203277588,0.6315396428108215
13,lejepa,gradcam,predicted,backbone.layer4,7,7,7,0.553565263748169,0.5651150941848755,0.5593401789665222
14,lejepa,gradcam,predicted,backbone.layer4,9,9,9,0.5660895109176636,0.5612517595291138,0.5636706352233887
15,lejepa,gradcam,predicted,backbone.layer4,8,8,8,0.5999823808670044,0.6254422664642334,0.6127123236656189
16,lejepa,gradcam,predicted,backbone.layer4,5,5,5,0.5595088601112366,0.5560120940208435,0.55776047706604
17,lejepa,gradcam,predicted,backbone.layer4,7,7,7,0.3499675989151001,0.48915690183639526,0.4195622503757477
18,lejepa,gradcam,predicted,backbone.layer4,8,1,1,0.4365728199481964,0.5901326537132263,0.5133527368307114
19,lejepa,gradcam,predicted,backbone.layer4,6,6,6,0.6327860951423645,0.5204528570175171,0.5766194760799408
20,lejepa,gradcam,predicted,backbone.layer4,7,7,7,0.5985822081565857,0.5435112118721008,0.5710467100143433
21,lejepa,gradcam,predicted,backbone.layer4,0,0,0,0.5195292830467224,0.6425984501838684,0.5810638666152954
22,lejepa,gradcam,predicted,backbone.layer4,4,4,4,-0.048931628465652466,0.4539993405342102,0.20253385603427887
23,lejepa,gradcam,predicted,backbone.layer4,9,9,9,0.7369896769523621,0.5637723207473755,0.6503809988498688
24,lejepa,gradcam,predicted,backbone.layer4,5,4,4,0.6067718863487244,0.6314496994018555,0.6191107928752899
25,lejepa,gradcam,predicted,backbone.layer4,2,2,2,0.18962116539478302,0.4898059070110321,0.33971353620290756
26,lejepa,gradcam,predicted,backbone.layer4,4,4,4,0.676511824131012,0.5459607839584351,0.6112363040447235
27,lejepa,gradcam,predicted,backbone.layer4,0,0,0,0.5185583829879761,0.60861736536026,0.563587874174118
28,lejepa,gradcam,predicted,backbone.layer4,9,9,9,0.4149181842803955,0.5858185887336731,0.5003683865070343
29,lejepa,gradcam,predicted,backbone.layer4,6,6,6,0.5827456116676331,0.6276330947875977,0.6051893532276154
30,lejepa,gradcam,predicted,backbone.layer4,6,6,6,0.5165887475013733,0.6768951416015625,0.5967419445514679
31,lejepa,gradcam,predicted,backbone.layer4,5,5,5,0.6320435404777527,0.6023057699203491,0.6171746551990509
32,lejepa,gradcam,predicted,backbone.layer4,4,4,4,0.5141083598136902,0.5966672897338867,0.5553878247737885
33,lejepa,gradcam,predicted,backbone.layer4,5,5,5,0.48312219977378845,0.6030898690223694,0.5431060343980789
34,lejepa,gradcam,predicted,backbone.layer4,9,9,9,0.7667504549026489,0.629589855670929,0.6981701552867889
35,lejepa,gradcam,predicted,backbone.layer4,2,5,5,0.7830493450164795,0.7002617716789246,0.741655558347702
36,lejepa,gradcam,predicted,backbone.layer4,4,4,4,0.2155388444662094,0.49018239974975586,0.35286062210798264
37,lejepa,gradcam,predicted,backbone.layer4,1,1,1,0.5592050552368164,0.5096707344055176,0.534437894821167
38,lejepa,gradcam,predicted,backbone.layer4,9,9,9,0.7263036370277405,0.6609593629837036,0.693631500005722
39,lejepa,gradcam,predicted,backbone.layer4,5,5,5,0.7166117429733276,0.6022111773490906,0.6594114601612091
40,lejepa,gradcam,predicted,backbone.layer4,4,0,0,0.7583702802658081,0.7300710082054138,0.744220644235611
41,lejepa,gradcam,predicted,backbone.layer4,6,6,6,0.0295041985809803,0.4522634446620941,0.2408838216215372
42,lejepa,gradcam,predicted,backbone.layer4,5,5,5,0.2959965467453003,0.4780329763889313,0.3870147615671158
43,lejepa,gradcam,predicted,backbone.layer4,6,6,6,0.09057716280221939,0.4426893889904022,0.2666332758963108
44,lejepa,gradcam,predicted,backbone.layer4,0,0,0,0.35141271352767944,0.5439220666885376,0.4476673901081085
45,lejepa,gradcam,predicted,backbone.layer4,9,9,9,0.7090548872947693,0.6245275139808655,0.6667912006378174
46,lejepa,gradcam,predicted,backbone.layer4,3,3,3,0.42193174362182617,0.5418568849563599,0.481894314289093
47,lejepa,gradcam,predicted,backbone.layer4,9,3,3,0.5147424340248108,0.5324349999427795,0.5235887169837952
48,lejepa,gradcam,predicted,backbone.layer4,7,4,4,0.529193639755249,0.5414602756500244,0.5353269577026367
49,lejepa,gradcam,predicted,backbone.layer4,6,6,6,0.5367559790611267,0.5836955308914185,0.5602257549762726
50,lejepa,gradcam,predicted,backbone.layer4,9,2,2,0.4245830178260803,0.546197235584259,0.4853901267051697
51,lejepa,gradcam,predicted,backbone.layer4,8,8,8,0.675303041934967,0.5405604839324951,0.6079317629337311
52,lejepa,gradcam,predicted,backbone.layer4,0,5,5,0.6387214660644531,0.5659207105636597,0.6023210883140564
53,lejepa,gradcam,predicted,backbone.layer4,3,3,3,0.6906325221061707,0.6452223062515259,0.6679274141788483
54,lejepa,gradcam,predicted,backbone.layer4,8,8,8,0.2660719156265259,0.5541073083877563,0.4100896120071411
55,lejepa,gradcam,predicted,backbone.layer4,8,8,8,0.3270237445831299,0.5702452659606934,0.4486345052719116
56,lejepa,gradcam,predicted,backbone.layer4,7,5,5,0.4591166377067566,0.5220080018043518,0.4905623197555542
57,lejepa,gradcam,predicted,backbone.layer4,7,8,8,0.6562114357948303,0.5110730528831482,0.5836422443389893
58,lejepa,gradcam,predicted,backbone.layer4,4,6,6,0.16254527866840363,0.5164520144462585,0.3394986465573311
59,lejepa,gradcam,predicted,backbone.layer4,6,3,3,0.11323578655719757,0.4761861264705658,0.2947109565138817
60,lejepa,gradcam,predicted,backbone.layer4,7,7,7,0.6645929217338562,0.6608250737190247,0.6627089977264404
61,lejepa,gradcam,predicted,backbone.layer4,3,5,5,0.6723485589027405,0.6236915588378906,0.6480200588703156
62,lejepa,gradcam,predicted,backbone.layer4,6,6,6,0.5909581184387207,0.6317185759544373,0.611338347196579
63,lejepa,gradcam,predicted,backbone.layer4,3,9,9,0.595411479473114,0.5428658127784729,0.5691386461257935
64,lejepa,gradcam,predicted,backbone.layer1,6,3,3,0.336318701505661,0.4098045825958252,0.3730616420507431
65,lejepa,gradcam,predicted,backbone.layer1,2,6,6,0.3037528693675995,0.5294001698493958,0.4165765196084976
66,lejepa,gradcam,predicted,backbone.layer1,1,1,1,0.49526143074035645,0.32380789518356323,0.40953466296195984
67,lejepa,gradcam,predicted,backbone.layer1,2,0,0,0.2613292634487152,0.16417737305164337,0.2127533182501793
68,lejepa,gradcam,predicted,backbone.layer1,3,4,4,0.35305771231651306,0.2276023030281067,0.2903300076723099
69,lejepa,gradcam,predicted,backbone.layer1,7,4,4,0.08365556597709656,0.3410452902317047,0.21235042810440063
70,lejepa,gradcam,predicted,backbone.layer1,2,2,2,0.4546378254890442,0.3472301959991455,0.40093401074409485
71,lejepa,gradcam,predicted,backbone.layer1,6,6,6,0.6330240964889526,0.568722128868103,0.6008731126785278
72,lejepa,gradcam,predicted,backbone.layer1,8,8,8,0.4236212372779846,0.4267978370189667,0.42520953714847565
73,lejepa,gradcam,predicted,backbone.layer1,8,8,8,-0.03169427067041397,0.2847999036312103,0.12655281648039818
74,lejepa,gradcam,predicted,backbone.layer1,0,9,9,0.3655606508255005,0.18858815729618073,0.2770744040608406
75,lejepa,gradcam,predicted,backbone.layer1,2,2,2,0.002972612390294671,0.4077264070510864,0.20534950972069055
76,lejepa,gradcam,predicted,backbone.layer1,9,0,0,0.06535489857196808,0.14769364893436432,0.1065242737531662
77,lejepa,gradcam,predicted,backbone.layer1,3,5,5,0.053319647908210754,0.06249183788895607,0.05790574289858341
78,lejepa,gradcam,predicted,backbone.layer1,3,5,5,-0.09700162708759308,0.03661865368485451,-0.030191486701369286
79,lejepa,gradcam,predicted,backbone.layer1,8,8,8,0.08798408508300781,0.28422850370407104,0.18610629439353943
80,lejepa,gradcam,predicted,backbone.layer1,8,8,8,0.18382419645786285,0.3801746368408203,0.2819994166493416
81,lejepa,gradcam,predicted,backbone.layer1,1,1,1,0.4449714124202728,0.38570475578308105,0.41533808410167694
82,lejepa,gradcam,predicted,backbone.layer1,1,1,1,0.3618115186691284,0.11815546452999115,0.23998349159955978
83,lejepa,gradcam,predicted,backbone.layer1,7,7,7,0.16832830011844635,0.12325087189674377,0.14578958600759506
84,lejepa,gradcam,predicted,backbone.layer1,2,2,2,-0.10331247746944427,0.027684301137924194,-0.03781408816576004
85,lejepa,gradcam,predicted,backbone.layer1,5,5,5,0.11427593976259232,0.2772427499294281,0.1957593448460102
86,lejepa,gradcam,predicted,backbone.layer1,2,5,5,-0.026171676814556122,0.008303779177367687,-0.008933948818594217
87,lejepa,gradcam,predicted,backbone.layer1,7,9,9,0.3609199821949005,0.35867390036582947,0.359796941280365
88,lejepa,gradcam,predicted,backbone.layer1,8,8,8,0.09924650192260742,0.3038567304611206,0.201551616191864
89,lejepa,gradcam,predicted,backbone.layer1,9,9,9,-0.001312493346631527,0.05328475683927536,0.025986131746321917
90,lejepa,gradcam,predicted,backbone.layer1,0,1,1,-0.04852158576250076,0.2094653993844986,0.08047190681099892
91,lejepa,gradcam,predicted,backbone.layer1,3,3,3,0.30791810154914856,0.3272368609905243,0.3175774812698364
92,lejepa,gradcam,predicted,backbone.layer1,8,8,8,-0.08247441053390503,0.23031069338321686,0.07391814142465591
93,lejepa,gradcam,predicted,backbone.layer1,6,6,6,0.5414729118347168,0.5419508218765259,0.5417118668556213
94,lejepa,gradcam,predicted,backbone.layer1,4,5,5,0.03553372249007225,0.16432444751262665,0.09992908500134945
95,lejepa,gradcam,predicted,backbone.layer1,6,6,6,0.17028504610061646,0.4025525748729706,0.2864188104867935
96,lejepa,gradcam,predicted,backbone.layer1,6,6,6,0.141179621219635,0.42662474513053894,0.283902183175087
97,lejepa,gradcam,predicted,backbone.layer1,0,0,0,0.7378217577934265,0.28472620248794556,0.511273980140686
98,lejepa,gradcam,predicted,backbone.layer1,0,0,0,0.5313940644264221,0.32128915190696716,0.42634160816669464
99,lejepa,gradcam,predicted,backbone.layer1,7,7,7,0.30578500032424927,0.21974554657936096,0.2627652734518051
100,lejepa,gradcam,predicted,backbone.layer1,4,4,4,0.017456356436014175,0.1252191662788391,0.07133776135742664
101,lejepa,gradcam,predicted,backbone.layer1,5,4,4,0.20625250041484833,0.275737464427948,0.24099498242139816
102,lejepa,gradcam,predicted,backbone.layer1,6,6,6,0.392164409160614,0.4044538736343384,0.3983091413974762
103,lejepa,gradcam,predicted,backbone.layer1,3,3,3,0.21011625230312347,0.22198262810707092,0.2160494402050972
104,lejepa,gradcam,predicted,backbone.layer1,1,1,1,0.504560112953186,0.37593016028404236,0.4402451366186142
105,lejepa,gradcam,predicted,backbone.layer1,1,0,0,0.7574864625930786,0.38157880306243896,0.5695326328277588
106,lejepa,gradcam,predicted,backbone.layer1,3,0,0,-0.00604286091402173,0.12259610742330551,0.05827662325464189
107,lejepa,gradcam,predicted,backbone.layer1,6,6,6,-0.11314082145690918,0.361589252948761,0.1242242157459259
108,lejepa,gradcam,predicted,backbone.layer1,8,8,8,0.28462404012680054,0.3991778492927551,0.34190094470977783
109,lejepa,gradcam,predicted,backbone.layer1,7,5,5,-0.08632731437683105,0.0325988233089447,-0.026864245533943176
110,lejepa,gradcam,predicted,backbone.layer1,4,4,4,0.2435646951198578,0.2833300828933716,0.2634473890066147
111,lejepa,gradcam,predicted,backbone.layer1,0,0,0,0.17395435273647308,0.23244667053222656,0.20320051163434982
112,lejepa,gradcam,predicted,backbone.layer1,6,2,2,0.3108426034450531,0.27557140588760376,0.29320700466632843
113,lejepa,gradcam,predicted,backbone.layer1,2,2,2,0.02532627061009407,0.32534661889076233,0.1753364447504282
114,lejepa,gradcam,predicted,backbone.layer1,1,1,1,-0.0756579041481018,0.14651355147361755,0.035427823662757874
115,lejepa,gradcam,predicted,backbone.layer1,3,3,3,0.5232022404670715,0.34321796894073486,0.4332101047039032
116,lejepa,gradcam,predicted,backbone.layer1,0,4,4,0.691919207572937,0.35443657636642456,0.5231778919696808
117,lejepa,gradcam,predicted,backbone.layer1,4,7,7,0.016872353851795197,0.08779577910900116,0.05233406648039818
118,lejepa,gradcam,predicted,backbone.layer1,2,6,6,0.2709985673427582,0.47642451524734497,0.3737115412950516
119,lejepa,gradcam,predicted,backbone.layer1,7,5,5,0.34736374020576477,0.22205880284309387,0.2847112715244293
120,lejepa,gradcam,predicted,backbone.layer1,8,8,8,0.524566650390625,0.3472801744937897,0.43592341244220734
121,lejepa,gradcam,predicted,backbone.layer1,3,3,3,0.4507431387901306,0.4083540141582489,0.42954857647418976
122,lejepa,gradcam,predicted,backbone.layer1,1,1,1,0.3403858542442322,0.29945674538612366,0.3199212998151779
123,lejepa,gradcam,predicted,backbone.layer1,2,2,2,0.6230884790420532,0.5149110555648804,0.5689997673034668
124,lejepa,gradcam,predicted,backbone.layer1,8,8,8,0.33358603715896606,0.2617897093296051,0.2976878732442856
125,lejepa,gradcam,predicted,backbone.layer1,0,0,0,0.07001964747905731,0.1804247796535492,0.12522221356630325
126,lejepa,gradcam,predicted,backbone.layer1,8,8,8,0.417995810508728,0.43692871928215027,0.42746226489543915
127,lejepa,gradcam,predicted,backbone.layer1,3,3,3,0.18211975693702698,0.3645869791507721,0.27335336804389954
64,lejepa,gradcam,predicted,backbone.layer2,6,3,3,0.049674149602651596,0.3816054165363312,0.2156397830694914
65,lejepa,gradcam,predicted,backbone.layer2,2,6,6,-0.23288042843341827,0.25680607557296753,0.011962823569774628
66,lejepa,gradcam,predicted,backbone.layer2,1,1,1,0.3657698333263397,0.4603031277656555,0.4130364805459976
67,lejepa,gradcam,predicted,backbone.layer2,2,0,0,-0.044515471905469894,0.31119832396507263,0.13334142602980137
68,lejepa,gradcam,predicted,backbone.layer2,3,4,4,0.22932752966880798,0.26378393173217773,0.24655573070049286
69,lejepa,gradcam,predicted,backbone.layer2,7,4,4,-0.33486196398735046,0.18347378075122833,-0.07569409161806107
70,lejepa,gradcam,predicted,backbone.layer2,2,2,2,0.050340436398983,0.137407585978508,0.0938740111887455
71,lejepa,gradcam,predicted,backbone.layer2,6,6,6,-0.21165576577186584,0.19030290842056274,-0.01067642867565155
72,lejepa,gradcam,predicted,backbone.layer2,8,8,8,-0.3784106373786926,0.3839036822319031,0.0027465224266052246
73,lejepa,gradcam,predicted,backbone.layer2,8,8,8,0.0013173135230317712,0.03685382008552551,0.019085566804278642
74,lejepa,gradcam,predicted,backbone.layer2,0,9,9,0.3485848903656006,0.48509281873703003,0.4168388545513153
75,lejepa,gradcam,predicted,backbone.layer2,2,2,2,-0.11904753744602203,0.18585385382175446,0.03340315818786621
76,lejepa,gradcam,predicted,backbone.layer2,9,0,0,0.291214257478714,0.38536134362220764,0.3382878005504608
77,lejepa,gradcam,predicted,backbone.layer2,3,5,5,0.1686844825744629,0.3627719581127167,0.2657282203435898
78,lejepa,gradcam,predicted,backbone.layer2,3,5,5,-0.12099756300449371,0.2844811677932739,0.0817418023943901
79,lejepa,gradcam,predicted,backbone.layer2,8,8,8,-0.08218532800674438,0.17949724197387695,0.048655956983566284
80,lejepa,gradcam,predicted,backbone.layer2,8,8,8,-0.13396131992340088,0.37209320068359375,0.11906594038009644
81,lejepa,gradcam,predicted,backbone.layer2,1,1,1,0.366965115070343,0.4498518407344818,0.4084084779024124
82,lejepa,gradcam,predicted,backbone.layer2,1,1,1,0.1347973346710205,0.39011460542678833,0.2624559700489044
83,lejepa,gradcam,predicted,backbone.layer2,7,7,7,0.3904176652431488,0.2893699109554291,0.33989378809928894
84,lejepa,gradcam,predicted,backbone.layer2,2,2,2,-0.036581702530384064,0.20390623807907104,0.08366226777434349
85,lejepa,gradcam,predicted,backbone.layer2,5,5,5,0.07279669493436813,0.2755562961101532,0.17417649552226067
86,lejepa,gradcam,predicted,backbone.layer2,2,5,5,0.527251660823822,0.4939251244068146,0.5105883926153183
87,lejepa,gradcam,predicted,backbone.layer2,7,9,9,0.014090013690292835,0.39345794916152954,0.2037739814259112
88,lejepa,gradcam,predicted,backbone.layer2,8,8,8,-0.12026434391736984,0.08304525166749954,-0.01860954612493515
89,lejepa,gradcam,predicted,backbone.layer2,9,9,9,-0.06662286072969437,0.3851771652698517,0.15927715227007866
90,lejepa,gradcam,predicted,backbone.layer2,0,1,1,0.5928098559379578,0.5956071615219116,0.5942085087299347
91,lejepa,gradcam,predicted,backbone.layer2,3,3,3,-0.06532097607851028,0.30079829692840576,0.11773866042494774
92,lejepa,gradcam,predicted,backbone.layer2,8,8,8,0.06749369949102402,0.14838114380836487,0.10793742164969444
93,lejepa,gradcam,predicted,backbone.layer2,6,6,6,-0.24446894228458405,0.18314482271671295,-0.030662059783935547
94,lejepa,gradcam,predicted,backbone.layer2,4,5,5,-0.03320394083857536,0.23237554728984833,0.09958580322563648
95,lejepa,gradcam,predicted,backbone.layer2,6,6,6,0.09555329382419586,0.28491833806037903,0.19023581594228745
96,lejepa,gradcam,predicted,backbone.layer2,6,6,6,-0.1884068101644516,0.264994740486145,0.03829396516084671
97,lejepa,gradcam,predicted,backbone.layer2,0,0,0,0.055186398327350616,0.03540552034974098,0.0452959593385458
98,lejepa,gradcam,predicted,backbone.layer2,0,0,0,0.5914216637611389,0.172828808426857,0.38212523609399796
99,lejepa,gradcam,predicted,backbone.layer2,7,7,7,0.01738932356238365,0.28915882110595703,0.15327407233417034
100,lejepa,gradcam,predicted,backbone.layer2,4,4,4,-0.12789733707904816,0.28859615325927734,0.0803494080901146
101,lejepa,gradcam,predicted,backbone.layer2,5,4,4,-0.02570370025932789,0.20884807407855988,0.091572186909616
102,lejepa,gradcam,predicted,backbone.layer2,6,6,6,-0.12299961596727371,0.1682322919368744,0.02261633798480034
103,lejepa,gradcam,predicted,backbone.layer2,3,3,3,0.04168020561337471,0.24447284638881683,0.14307652600109577
104,lejepa,gradcam,predicted,backbone.layer2,1,1,1,0.5332711935043335,0.4554729163646698,0.49437205493450165
105,lejepa,gradcam,predicted,backbone.layer2,1,0,0,0.2652289867401123,0.3183252513408661,0.2917771190404892
106,lejepa,gradcam,predicted,backbone.layer2,3,0,0,-0.08774735778570175,0.03824756667017937,-0.024749895557761192
107,lejepa,gradcam,predicted,backbone.layer2,6,6,6,-0.06416556984186172,0.2510247230529785,0.0934295766055584
108,lejepa,gradcam,predicted,backbone.layer2,8,8,8,-0.18470434844493866,0.2507852613925934,0.03304045647382736
109,lejepa,gradcam,predicted,backbone.layer2,7,5,5,-0.1496879756450653,0.2725512981414795,0.06143166124820709
110,lejepa,gradcam,predicted,backbone.layer2,4,4,4,-0.12437304109334946,0.2544592022895813,0.06504308059811592
111,lejepa,gradcam,predicted,backbone.layer2,0,0,0,-0.092809297144413,0.2686525285243988,0.0879216156899929
112,lejepa,gradcam,predicted,backbone.layer2,6,2,2,-0.06448427587747574,0.2560330629348755,0.09577439352869987
113,lejepa,gradcam,predicted,backbone.layer2,2,2,2,0.16568318009376526,0.3885713815689087,0.277127280831337
114,lejepa,gradcam,predicted,backbone.layer2,1,1,1,0.4943001866340637,0.4817902147769928,0.48804520070552826
115,lejepa,gradcam,predicted,backbone.layer2,3,3,3,0.16660961508750916,0.370822548866272,0.26871608197689056
116,lejepa,gradcam,predicted,backbone.layer2,0,4,4,-0.2522375285625458,0.11976082623004913,-0.06623835116624832
117,lejepa,gradcam,predicted,backbone.layer2,4,7,7,-0.11927712708711624,0.2780584990978241,0.07939068600535393
118,lejepa,gradcam,predicted,backbone.layer2,2,6,6,0.10510357469320297,0.16574494540691376,0.13542426005005836
119,lejepa,gradcam,predicted,backbone.layer2,7,5,5,0.30851441621780396,0.44134199619293213,0.37492820620536804
120,lejepa,gradcam,predicted,backbone.layer2,8,8,8,0.013173027895390987,0.2989007234573364,0.1560368756763637
121,lejepa,gradcam,predicted,backbone.layer2,3,3,3,0.35057157278060913,0.2737366259098053,0.3121540993452072
122,lejepa,gradcam,predicted,backbone.layer2,1,1,1,0.29838451743125916,0.3970900774002075,0.34773729741573334
123,lejepa,gradcam,predicted,backbone.layer2,2,2,2,-0.15826311707496643,0.14074191451072693,-0.008760601282119751
124,lejepa,gradcam,predicted,backbone.layer2,8,8,8,-0.21473689377307892,0.1514499932527542,-0.031643450260162354
125,lejepa,gradcam,predicted,backbone.layer2,0,0,0,0.23890918493270874,0.2610907256603241,0.24999995529651642
126,lejepa,gradcam,predicted,backbone.layer2,8,8,8,-0.06916534155607224,0.35782450437545776,0.14432958140969276
127,lejepa,gradcam,predicted,backbone.layer2,3,3,3,-0.10142892599105835,0.28983384370803833,0.09420245885848999
64,lejepa,gradcam,predicted,backbone.layer3,6,3,3,0.6255518794059753,0.22795768082141876,0.42675478011369705
65,lejepa,gradcam,predicted,backbone.layer3,2,6,6,-0.09045295417308807,0.38225045800209045,0.1458987519145012
66,lejepa,gradcam,predicted,backbone.layer3,1,1,1,0.10607794672250748,0.27552005648612976,0.19079900160431862
67,lejepa,gradcam,predicted,backbone.layer3,2,0,0,-0.36878156661987305,0.3242436349391937,-0.02226896584033966
68,lejepa,gradcam,predicted,backbone.layer3,3,4,4,-0.2584141194820404,0.42221882939338684,0.08190235495567322
69,lejepa,gradcam,predicted,backbone.layer3,7,4,4,-0.23167684674263,0.22048258781433105,-0.005597129464149475
70,lejepa,gradcam,predicted,backbone.layer3,2,2,2,0.8548491597175598,0.2888283133506775,0.5718387365341187
71,lejepa,gradcam,predicted,backbone.layer3,6,6,6,0.6759082674980164,0.4011373519897461,0.5385228097438812
72,lejepa,gradcam,predicted,backbone.layer3,8,8,8,0.5403885245323181,0.29099005460739136,0.41568928956985474
73,lejepa,gradcam,predicted,backbone.layer3,8,8,8,-0.22794610261917114,0.3330298960208893,0.05254189670085907
74,lejepa,gradcam,predicted,backbone.layer3,0,9,9,0.7506815791130066,0.4688645303249359,0.6097730547189713
75,lejepa,gradcam,predicted,backbone.layer3,2,2,2,-0.3542189598083496,0.29637497663497925,-0.02892199158668518
76,lejepa,gradcam,predicted,backbone.layer3,9,0,0,-0.30005913972854614,0.3476260304450989,0.023783445358276367
77,lejepa,gradcam,predicted,backbone.layer3,3,5,5,0.48046475648880005,0.33772698044776917,0.4090958684682846
78,lejepa,gradcam,predicted,backbone.layer3,3,5,5,0.4238041341304779,0.36097776889801025,0.3923909515142441
79,lejepa,gradcam,predicted,backbone.layer3,8,8,8,-0.3273521065711975,0.27688851952552795,-0.025231793522834778
80,lejepa,gradcam,predicted,backbone.layer3,8,8,8,-0.13660041987895966,0.3390939235687256,0.10124675184488297
81,lejepa,gradcam,predicted,backbone.layer3,1,1,1,0.5322827100753784,0.4078841507434845,0.47008343040943146
82,lejepa,gradcam,predicted,backbone.layer3,1,1,1,0.8846155405044556,0.46048858761787415,0.6725520640611649
83,lejepa,gradcam,predicted,backbone.layer3,7,7,7,0.0308518223464489,0.39370429515838623,0.21227805875241756
84,lejepa,gradcam,predicted,backbone.layer3,2,2,2,-0.5750753879547119,0.2466573715209961,-0.1642090082168579
85,lejepa,gradcam,predicted,backbone.layer3,5,5,5,0.6785053014755249,0.42369112372398376,0.5510982125997543
86,lejepa,gradcam,predicted,backbone.layer3,2,5,5,0.5941404700279236,0.36117613315582275,0.47765830159187317
87,lejepa,gradcam,predicted,backbone.layer3,7,9,9,0.4244069755077362,0.2838808298110962,0.3541439026594162
88,lejepa,gradcam,predicted,backbone.layer3,8,8,8,-0.10078327357769012,0.17647849023342133,0.0378476083278656
89,lejepa,gradcam,predicted,backbone.layer3,9,9,9,0.6410574913024902,0.5629069805145264,0.6019822359085083
90,lejepa,gradcam,predicted,backbone.layer3,0,1,1,0.6672980785369873,0.496891587972641,0.5820948332548141
91,lejepa,gradcam,predicted,backbone.layer3,3,3,3,0.7424819469451904,0.3166564106941223,0.5295691788196564
92,lejepa,gradcam,predicted,backbone.layer3,8,8,8,-0.023362118750810623,0.41136619448661804,0.1940020378679037
93,lejepa,gradcam,predicted,backbone.layer3,6,6,6,0.6224712133407593,0.490447461605072,0.5564593374729156
94,lejepa,gradcam,predicted,backbone.layer3,4,5,5,0.7050178050994873,0.45110344886779785,0.5780606269836426
95,lejepa,gradcam,predicted,backbone.layer3,6,6,6,0.6508349776268005,0.5393710732460022,0.5951030254364014
96,lejepa,gradcam,predicted,backbone.layer3,6,6,6,0.6681640148162842,0.3080098330974579,0.48808692395687103
97,lejepa,gradcam,predicted,backbone.layer3,0,0,0,-0.07868131250143051,0.103447325527668,0.012383006513118744
98,lejepa,gradcam,predicted,backbone.layer3,0,0,0,-0.37564823031425476,0.32306674122810364,-0.02629074454307556
99,lejepa,gradcam,predicted,backbone.layer3,7,7,7,0.4099072217941284,0.29277145862579346,0.35133934020996094
100,lejepa,gradcam,predicted,backbone.layer3,4,4,4,-0.2964772582054138,0.331981360912323,0.01775205135345459
101,lejepa,gradcam,predicted,backbone.layer3,5,4,4,-0.3443085849285126,0.368213027715683,0.011952221393585205
102,lejepa,gradcam,predicted,backbone.layer3,6,6,6,-0.4522632956504822,0.373557448387146,-0.03935292363166809
103,lejepa,gradcam,predicted,backbone.layer3,3,3,3,-0.02276790328323841,0.265330970287323,0.1212815335020423
104,lejepa,gradcam,predicted,backbone.layer3,1,1,1,0.5648272037506104,0.3595559298992157,0.462191566824913
105,lejepa,gradcam,predicted,backbone.layer3,1,0,0,-0.21505054831504822,0.41016533970832825,0.09755739569664001
106,lejepa,gradcam,predicted,backbone.layer3,3,0,0,-0.24765916168689728,0.36474210023880005,0.058541469275951385
107,lejepa,gradcam,predicted,backbone.layer3,6,6,6,0.464548796415329,0.4599680006504059,0.46225839853286743
108,lejepa,gradcam,predicted,backbone.layer3,8,8,8,0.33926355838775635,0.3156300485134125,0.3274468034505844
109,lejepa,gradcam,predicted,backbone.layer3,7,5,5,0.6156936287879944,0.3999864459037781,0.5078400373458862
110,lejepa,gradcam,predicted,backbone.layer3,4,4,4,0.03569057956337929,0.4505777060985565,0.2431341428309679
111,lejepa,gradcam,predicted,backbone.layer3,0,0,0,-0.13250961899757385,0.46037763357162476,0.16393400728702545
112,lejepa,gradcam,predicted,backbone.layer3,6,2,2,0.6843788623809814,0.5357032418251038,0.6100410521030426
113,lejepa,gradcam,predicted,backbone.layer3,2,2,2,0.8643011450767517,0.4931091368198395,0.6787051409482956
114,lejepa,gradcam,predicted,backbone.layer3,1,1,1,0.723573625087738,0.39586663246154785,0.5597201287746429
115,lejepa,gradcam,predicted,backbone.layer3,3,3,3,0.019611099734902382,0.28668397665023804,0.1531475381925702
116,lejepa,gradcam,predicted,backbone.layer3,0,4,4,-0.23921732604503632,0.2774273157119751,0.01910499483346939
117,lejepa,gradcam,predicted,backbone.layer3,4,7,7,0.6914077401161194,0.40796786546707153,0.5496878027915955
118,lejepa,gradcam,predicted,backbone.layer3,2,6,6,0.3643825352191925,0.5366427302360535,0.450512632727623
119,lejepa,gradcam,predicted,backbone.layer3,7,5,5,0.3437231183052063,0.2183254510164261,0.2810242846608162
120,lejepa,gradcam,predicted,backbone.layer3,8,8,8,-0.293777734041214,0.2595406174659729,-0.017118558287620544
121,lejepa,gradcam,predicted,backbone.layer3,3,3,3,0.39115238189697266,0.41140279173851013,0.4012775868177414
122,lejepa,gradcam,predicted,backbone.layer3,1,1,1,0.7663630247116089,0.43289676308631897,0.5996298938989639
123,lejepa,gradcam,predicted,backbone.layer3,2,2,2,-0.2438357174396515,0.2536408305168152,0.004902556538581848
124,lejepa,gradcam,predicted,backbone.layer3,8,8,8,-0.45066848397254944,0.37715569138526917,-0.03675639629364014
125,lejepa,gradcam,predicted,backbone.layer3,0,0,0,0.49661511182785034,0.5349202156066895,0.5157676637172699
126,lejepa,gradcam,predicted,backbone.layer3,8,8,8,-0.26723727583885193,0.2902718484401703,0.01151728630065918
127,lejepa,gradcam,predicted,backbone.layer3,3,3,3,0.8596256375312805,0.35167455673217773,0.6056500971317291
64,lejepa,gradcam,predicted,backbone.layer4,6,3,3,0.29233524203300476,0.5258897542953491,0.40911249816417694
65,lejepa,gradcam,predicted,backbone.layer4,2,6,6,0.39169254899024963,0.5704731345176697,0.48108284175395966
66,lejepa,gradcam,predicted,backbone.layer4,1,1,1,0.6729022860527039,0.6203634142875671,0.6466328501701355
67,lejepa,gradcam,predicted,backbone.layer4,2,0,0,0.3401166796684265,0.5316978096961975,0.435907244682312
68,lejepa,gradcam,predicted,backbone.layer4,3,4,4,0.6214771866798401,0.524671196937561,0.5730741918087006
69,lejepa,gradcam,predicted,backbone.layer4,7,4,4,0.4363136291503906,0.6048221588134766,0.5205678939819336
70,lejepa,gradcam,predicted,backbone.layer4,2,2,2,0.3963603377342224,0.5301737785339355,0.463267058134079
71,lejepa,gradcam,predicted,backbone.layer4,6,6,6,-0.16159819066524506,0.4403373897075653,0.13936959952116013
72,lejepa,gradcam,predicted,backbone.layer4,8,8,8,0.20419347286224365,0.5045549273490906,0.3543742001056671
73,lejepa,gradcam,predicted,backbone.layer4,8,8,8,0.12910392880439758,0.48094484210014343,0.3050243854522705
74,lejepa,gradcam,predicted,backbone.layer4,0,9,9,-0.1103273555636406,0.4899449646472931,0.18980880454182625
75,lejepa,gradcam,predicted,backbone.layer4,2,2,2,0.6394008994102478,0.627710223197937,0.6335555613040924
76,lejepa,gradcam,predicted,backbone.layer4,9,0,0,-0.2656235992908478,0.41015517711639404,0.07226578891277313
77,lejepa,gradcam,predicted,backbone.layer4,3,5,5,0.7474571466445923,0.5330576300621033,0.6402573883533478
78,lejepa,gradcam,predicted,backbone.layer4,3,5,5,0.3925122916698456,0.5262527465820312,0.4593825191259384
79,lejepa,gradcam,predicted,backbone.layer4,8,8,8,0.5365377068519592,0.5909615159034729,0.5637496113777161
80,lejepa,gradcam,predicted,backbone.layer4,8,8,8,0.5744454264640808,0.5804619193077087,0.5774536728858948
81,lejepa,gradcam,predicted,backbone.layer4,1,1,1,0.7849075198173523,0.5585733652114868,0.6717404425144196
82,lejepa,gradcam,predicted,backbone.layer4,1,1,1,0.6636055111885071,0.6073517203330994,0.6354786157608032
83,lejepa,gradcam,predicted,backbone.layer4,7,7,7,0.4994775652885437,0.5523439049720764,0.5259107351303101
84,lejepa,gradcam,predicted,backbone.layer4,2,2,2,0.6094552874565125,0.6048329472541809,0.6071441173553467
85,lejepa,gradcam,predicted,backbone.layer4,5,5,5,0.3579840660095215,0.5047797560691833,0.4313819110393524
86,lejepa,gradcam,predicted,backbone.layer4,2,5,5,0.318909227848053,0.47065258026123047,0.3947809040546417
87,lejepa,gradcam,predicted,backbone.layer4,7,9,9,0.20762307941913605,0.4148319959640503,0.31122753769159317
88,lejepa,gradcam,predicted,backbone.layer4,8,8,8,0.6452628970146179,0.5614680051803589,0.6033654510974884
89,lejepa,gradcam,predicted,backbone.layer4,9,9,9,0.5363019108772278,0.5592460036277771,0.5477739572525024
90,lejepa,gradcam,predicted,backbone.layer4,0,1,1,0.5570809245109558,0.6436372995376587,0.6003591120243073
91,lejepa,gradcam,predicted,backbone.layer4,3,3,3,0.6975822448730469,0.6409980654716492,0.669290155172348
92,lejepa,gradcam,predicted,backbone.layer4,8,8,8,0.5080967545509338,0.5794684886932373,0.5437826216220856
93,lejepa,gradcam,predicted,backbone.layer4,6,6,6,0.30559664964675903,0.43290212750434875,0.3692493885755539
94,lejepa,gradcam,predicted,backbone.layer4,4,5,5,0.7088490128517151,0.6079901456832886,0.6584195792675018
95,lejepa,gradcam,predicted,backbone.layer4,6,6,6,0.3105908930301666,0.5457297563552856,0.42816032469272614
96,lejepa,gradcam,predicted,backbone.layer4,6,6,6,0.48281171917915344,0.5995276570320129,0.5411696881055832
97,lejepa,gradcam,predicted,backbone.layer4,0,0,0,0.08541867882013321,0.5571200847625732,0.3212693817913532
98,lejepa,gradcam,predicted,backbone.layer4,0,0,0,0.5167388916015625,0.6507101655006409,0.5837245285511017
99,lejepa,gradcam,predicted,backbone.layer4,7,7,7,0.47713443636894226,0.42920103669166565,0.45316773653030396
100,lejepa,gradcam,predicted,backbone.layer4,4,4,4,0.36501508951187134,0.5318596363067627,0.448437362909317
101,lejepa,gradcam,predicted,backbone.layer4,5,4,4,-0.2359113097190857,0.4153464138507843,0.0897175520658493
102,lejepa,gradcam,predicted,backbone.layer4,6,6,6,0.3354910910129547,0.5253411531448364,0.43041612207889557
103,lejepa,gradcam,predicted,backbone.layer4,3,3,3,0.3651115596294403,0.5637733340263367,0.4644424468278885
104,lejepa,gradcam,predicted,backbone.layer4,1,1,1,0.39997774362564087,0.4887906312942505,0.4443841874599457
105,lejepa,gradcam,predicted,backbone.layer4,1,0,0,0.23652194440364838,0.45021820068359375,0.34337007254362106
106,lejepa,gradcam,predicted,backbone.layer4,3,0,0,0.6655519008636475,0.6154332160949707,0.6404925584793091
107,lejepa,gradcam,predicted,backbone.layer4,6,6,6,0.33679911494255066,0.5004287958145142,0.4186139553785324
108,lejepa,gradcam,predicted,backbone.layer4,8,8,8,0.6150855422019958,0.5248238444328308,0.5699546933174133
109,lejepa,gradcam,predicted,backbone.layer4,7,5,5,0.64286208152771,0.6219943165779114,0.6324281990528107
110,lejepa,gradcam,predicted,backbone.layer4,4,4,4,0.5509235262870789,0.5455727577209473,0.5482481420040131
111,lejepa,gradcam,predicted,backbone.layer4,0,0,0,0.4617306590080261,0.6023180484771729,0.5320243537425995
112,lejepa,gradcam,predicted,backbone.layer4,6,2,2,0.6185434460639954,0.6182287931442261,0.6183861196041107
113,lejepa,gradcam,predicted,backbone.layer4,2,2,2,0.4766038656234741,0.5499033331871033,0.5132535994052887
114,lejepa,gradcam,predicted,backbone.layer4,1,1,1,0.47203025221824646,0.5489258766174316,0.510478064417839
115,lejepa,gradcam,predicted,backbone.layer4,3,3,3,0.35988089442253113,0.529225766658783,0.44455333054065704
116,lejepa,gradcam,predicted,backbone.layer4,0,4,4,0.7414484620094299,0.6116747856140137,0.6765616238117218
117,lejepa,gradcam,predicted,backbone.layer4,4,7,7,0.7426236867904663,0.5387881398200989,0.6407059133052826
118,lejepa,gradcam,predicted,backbone.layer4,2,6,6,0.25677990913391113,0.4441624581813812,0.3504711836576462
119,lejepa,gradcam,predicted,backbone.layer4,7,5,5,0.38407450914382935,0.5230833292007446,0.453578919172287
120,lejepa,gradcam,predicted,backbone.layer4,8,8,8,0.5694198608398438,0.5476817488670349,0.5585508048534393
121,lejepa,gradcam,predicted,backbone.layer4,3,3,3,0.5346641540527344,0.5964271426200867,0.5655456483364105
122,lejepa,gradcam,predicted,backbone.layer4,1,1,1,0.5306727290153503,0.5287438631057739,0.5297082960605621
123,lejepa,gradcam,predicted,backbone.layer4,2,2,2,0.09326488524675369,0.5142926573753357,0.3037787713110447
124,lejepa,gradcam,predicted,backbone.layer4,8,8,8,0.19604066014289856,0.5235410928726196,0.3597908765077591
125,lejepa,gradcam,predicted,backbone.layer4,0,0,0,0.5623424649238586,0.5995978713035583,0.5809701681137085
126,lejepa,gradcam,predicted,backbone.layer4,8,8,8,-0.02554851956665516,0.4930981993675232,0.23377483990043402
127,lejepa,gradcam,predicted,backbone.layer4,3,3,3,0.6493496298789978,0.5767160058021545,0.6130328178405762
128,lejepa,gradcam,predicted,backbone.layer1,5,6,6,0.21146444976329803,0.34909510612487793,0.280279777944088
129,lejepa,gradcam,predicted,backbone.layer1,2,0,0,0.17717579007148743,0.20551452040672302,0.19134515523910522
130,lejepa,gradcam,predicted,backbone.layer1,4,2,2,0.41072022914886475,0.5395340323448181,0.47512713074684143
131,lejepa,gradcam,predicted,backbone.layer1,1,1,1,0.18377336859703064,0.29634031653404236,0.2400568425655365
132,lejepa,gradcam,predicted,backbone.layer1,8,8,8,0.3781808912754059,0.3981538712978363,0.3881673812866211
133,lejepa,gradcam,predicted,backbone.layer1,9,9,9,0.2654469609260559,0.3372858762741089,0.3013664186000824
134,lejepa,gradcam,predicted,backbone.layer1,1,1,1,0.6433588266372681,0.3418682813644409,0.4926135540008545
135,lejepa,gradcam,predicted,backbone.layer1,2,2,2,0.027556153014302254,0.14044684171676636,0.0840014973655343
136,lejepa,gradcam,predicted,backbone.layer1,9,9,9,-0.12290219962596893,0.17311063408851624,0.02510421723127365
137,lejepa,gradcam,predicted,backbone.layer1,7,7,7,0.10390771180391312,0.09264516085386276,0.09827643632888794
138,lejepa,gradcam,predicted,backbone.layer1,2,2,2,0.12167393416166306,0.38574737310409546,0.25371065363287926
139,lejepa,gradcam,predicted,backbone.layer1,9,8,8,0.416885644197464,0.3182659149169922,0.3675757795572281
140,lejepa,gradcam,predicted,backbone.layer1,6,6,6,-0.05416873097419739,0.30139461159706116,0.12361294031143188
141,lejepa,gradcam,predicted,backbone.layer1,5,5,5,0.3576653003692627,0.29408732056617737,0.32587631046772003
142,lejepa,gradcam,predicted,backbone.layer1,6,3,3,0.5831443667411804,0.36419227719306946,0.47366832196712494
143,lejepa,gradcam,predicted,backbone.layer1,3,7,7,-0.06260421127080917,0.05057080462574959,-0.006016703322529793
144,lejepa,gradcam,predicted,backbone.layer1,8,8,8,0.07494747638702393,0.2770377993583679,0.17599263787269592
145,lejepa,gradcam,predicted,backbone.layer1,7,5,5,0.4465007781982422,0.5381010174751282,0.4923008978366852
146,lejepa,gradcam,predicted,backbone.layer1,6,6,6,0.26047757267951965,0.389114111661911,0.32479584217071533
147,lejepa,gradcam,predicted,backbone.layer1,2,5,5,0.5867213606834412,0.23030395805835724,0.4085126593708992
148,lejepa,gradcam,predicted,backbone.layer1,5,3,3,0.21127726137638092,0.14769455790519714,0.17948590964078903
149,lejepa,gradcam,predicted,backbone.layer1,2,3,3,0.7151858806610107,0.4521561861038208,0.5836710333824158
150,lejepa,gradcam,predicted,backbone.layer1,8,8,8,0.2711033523082733,0.2774832248687744,0.27429328858852386
151,lejepa,gradcam,predicted,backbone.layer1,9,9,9,-0.015176031738519669,0.07389487326145172,0.029359420761466026
152,lejepa,gradcam,predicted,backbone.layer1,6,6,6,0.440704882144928,0.5909054279327393,0.5158051550388336
153,lejepa,gradcam,predicted,backbone.layer1,0,0,0,0.24913354218006134,0.13838014006614685,0.1937568411231041
154,lejepa,gradcam,predicted,backbone.layer1,0,0,0,0.6872052550315857,0.35584360361099243,0.5215244293212891
155,lejepa,gradcam,predicted,backbone.layer1,5,5,5,-0.05699879303574562,0.059470802545547485,0.0012360047549009323
156,lejepa,gradcam,predicted,backbone.layer1,2,2,2,0.692678689956665,0.3476269841194153,0.5201528370380402
157,lejepa,gradcam,predicted,backbone.layer1,9,9,9,-0.061460789293050766,0.05989830940961838,-0.0007812399417161942
158,lejepa,gradcam,predicted,backbone.layer1,5,3,3,0.1520509570837021,0.16799505054950714,0.16002300381660461
159,lejepa,gradcam,predicted,backbone.layer1,4,4,4,0.46221068501472473,0.2075653076171875,0.3348879963159561
160,lejepa,gradcam,predicted,backbone.layer1,2,0,0,-0.208882138133049,0.17315202951431274,-0.017865054309368134
161,lejepa,gradcam,predicted,backbone.layer1,1,1,1,0.15619267523288727,0.2684561312198639,0.21232440322637558
162,lejepa,gradcam,predicted,backbone.layer1,6,4,4,-0.09174595028162003,0.2254740595817566,0.06686405465006828
163,lejepa,gradcam,predicted,backbone.layer1,6,6,6,0.33995071053504944,0.5032820105552673,0.4216163605451584
164,lejepa,gradcam,predicted,backbone.layer1,8,2,2,0.3860803246498108,0.30200207233428955,0.34404119849205017
165,lejepa,gradcam,predicted,backbone.layer1,4,2,2,0.2303931564092636,0.33557963371276855,0.2829863950610161
166,lejepa,gradcam,predicted,backbone.layer1,8,9,9,0.09417054057121277,0.06508813798427582,0.0796293392777443
167,lejepa,gradcam,predicted,backbone.layer1,4,4,4,0.08451187610626221,0.10205471515655518,0.09328329563140869
168,lejepa,gradcam,predicted,backbone.layer1,5,7,7,0.4375838041305542,0.18530941009521484,0.3114466071128845
169,lejepa,gradcam,predicted,backbone.layer1,0,8,8,0.1521952599287033,0.2415466159582138,0.19687093794345856
170,lejepa,gradcam,predicted,backbone.layer1,9,9,9,0.5079891085624695,0.19771386682987213,0.3528514876961708
171,lejepa,gradcam,predicted,backbone.layer1,9,9,9,-0.11079762876033783,0.09042303264141083,-0.010187298059463501
172,lejepa,gradcam,predicted,backbone.layer1,9,9,9,-0.09101507812738419,0.07880277186632156,-0.006106153130531311
173,lejepa,gradcam,predicted,backbone.layer1,8,8,8,0.4173787832260132,0.32280999422073364,0.3700943887233734
174,lejepa,gradcam,predicted,backbone.layer1,9,9,9,-0.130327969789505,0.017457593232393265,-0.05643518827855587
175,lejepa,gradcam,predicted,backbone.layer1,9,9,9,0.3140333592891693,0.34758999943733215,0.33081167936325073
176,lejepa,gradcam,predicted,backbone.layer1,3,3,3,0.02904007025063038,0.25053679943084717,0.13978843484073877
177,lejepa,gradcam,predicted,backbone.layer1,7,7,7,0.024495670571923256,0.016858426854014397,0.020677048712968826
178,lejepa,gradcam,predicted,backbone.layer1,5,5,5,0.09161665290594101,0.28944751620292664,0.19053208455443382
179,lejepa,gradcam,predicted,backbone.layer1,0,0,0,0.5468348264694214,0.3964684307575226,0.471651628613472
180,lejepa,gradcam,predicted,backbone.layer1,0,0,0,-0.07768215239048004,0.41939809918403625,0.1708579733967781
181,lejepa,gradcam,predicted,backbone.layer1,5,5,5,0.36741387844085693,0.364797979593277,0.36610592901706696
182,lejepa,gradcam,predicted,backbone.layer1,2,0,0,0.08392450213432312,0.13774935901165009,0.1108369305729866
183,lejepa,gradcam,predicted,backbone.layer1,2,2,2,-0.013164748437702656,0.3089015483856201,0.14786839997395873
184,lejepa,gradcam,predicted,backbone.layer1,3,0,0,0.3710609972476959,0.26607778668403625,0.3185693919658661
185,lejepa,gradcam,predicted,backbone.layer1,8,8,8,0.033115454018116,0.37877652049064636,0.20594598725438118
186,lejepa,gradcam,predicted,backbone.layer1,6,2,2,0.005937196779996157,0.08516870439052582,0.04555295058526099
187,lejepa,gradcam,predicted,backbone.layer1,3,5,5,0.39954474568367004,0.2624962627887726,0.3310205042362213
188,lejepa,gradcam,predicted,backbone.layer1,4,3,3,0.031938426196575165,0.199269101023674,0.11560376361012459
189,lejepa,gradcam,predicted,backbone.layer1,0,0,0,0.25380414724349976,0.3357108235359192,0.2947574853897095
190,lejepa,gradcam,predicted,backbone.layer1,5,5,5,-0.13201235234737396,0.04553481563925743,-0.043238768354058266
191,lejepa,gradcam,predicted,backbone.layer1,8,8,8,-0.026310497894883156,0.3247426152229309,0.14921605866402388
128,lejepa,gradcam,predicted,backbone.layer2,5,6,6,0.18043401837348938,0.42262330651283264,0.301528662443161
129,lejepa,gradcam,predicted,backbone.layer2,2,0,0,0.46616166830062866,0.29369279742240906,0.37992723286151886
130,lejepa,gradcam,predicted,backbone.layer2,4,2,2,-0.1508556753396988,0.2341405302286148,0.04164242744445801
131,lejepa,gradcam,predicted,backbone.layer2,1,1,1,0.034930869936943054,0.35166072845458984,0.19329579919576645
132,lejepa,gradcam,predicted,backbone.layer2,8,8,8,-0.033154863864183426,0.03515001758933067,0.0009975768625736237
133,lejepa,gradcam,predicted,backbone.layer2,9,9,9,-0.13210277259349823,0.27729642391204834,0.07259682565927505
134,lejepa,gradcam,predicted,backbone.layer2,1,1,1,0.24306146800518036,0.25693267583847046,0.2499970719218254
135,lejepa,gradcam,predicted,backbone.layer2,2,2,2,-0.22535793483257294,0.23833242058753967,0.006487242877483368
136,lejepa,gradcam,predicted,backbone.layer2,9,9,9,0.01895558461546898,0.39764004945755005,0.2082978170365095
137,lejepa,gradcam,predicted,backbone.layer2,7,7,7,-0.2794187366962433,0.2968764007091522,0.008728832006454468
138,lejepa,gradcam,predicted,backbone.layer2,2,2,2,0.16300959885120392,0.23497870564460754,0.19899415224790573
139,lejepa,gradcam,predicted,backbone.layer2,9,8,8,-0.21799282729625702,0.3238198757171631,0.05291352421045303
140,lejepa,gradcam,predicted,backbone.layer2,6,6,6,0.2561482787132263,0.3188695013523102,0.28750889003276825
141,lejepa,gradcam,predicted,backbone.layer2,5,5,5,0.010704411193728447,0.23205283284187317,0.12137862201780081
142,lejepa,gradcam,predicted,backbone.layer2,6,3,3,0.041113294661045074,0.4145677983760834,0.22784054651856422
143,lejepa,gradcam,predicted,backbone.layer2,3,7,7,0.2558702826499939,0.41383469104766846,0.3348524868488312
144,lejepa,gradcam,predicted,backbone.layer2,8,8,8,0.06316358596086502,0.20844341814517975,0.13580350205302238
145,lejepa,gradcam,predicted,backbone.layer2,7,5,5,-0.3439722955226898,0.2856772840023041,-0.02914750576019287
146,lejepa,gradcam,predicted,backbone.layer2,6,6,6,-0.08683532476425171,0.06820841878652573,-0.009313452988862991
147,lejepa,gradcam,predicted,backbone.layer2,2,5,5,0.12152194231748581,0.41756656765937805,0.26954425498843193
148,lejepa,gradcam,predicted,backbone.layer2,5,3,3,0.2711372375488281,0.5143174529075623,0.3927273452281952
149,lejepa,gradcam,predicted,backbone.layer2,2,3,3,-0.04765171557664871,0.0891466811299324,0.020747482776641846
150,lejepa,gradcam,predicted,backbone.layer2,8,8,8,0.5300381183624268,0.46889740228652954,0.49946776032447815
151,lejepa,gradcam,predicted,backbone.layer2,9,9,9,-0.1174388974905014,0.29473555088043213,0.08864832669496536
152,lejepa,gradcam,predicted,backbone.layer2,6,6,6,-0.1972329169511795,0.2139146625995636,0.008340872824192047
153,lejepa,gradcam,predicted,backbone.layer2,0,0,0,-0.04685420170426369,0.14993035793304443,0.05153807811439037
154,lejepa,gradcam,predicted,backbone.layer2,0,0,0,0.3522675931453705,0.1474372148513794,0.24985240399837494
155,lejepa,gradcam,predicted,backbone.layer2,5,5,5,-0.174665167927742,0.35414358973503113,0.08973921090364456
156,lejepa,gradcam,predicted,backbone.layer2,2,2,2,0.20828014612197876,0.09312950819730759,0.15070482715964317
157,lejepa,gradcam,predicted,backbone.layer2,9,9,9,0.37462499737739563,0.3830074071884155,0.3788162022829056
158,lejepa,gradcam,predicted,backbone.layer2,5,3,3,-0.16296695172786713,0.18300385773181915,0.010018453001976013
159,lejepa,gradcam,predicted,backbone.layer2,4,4,4,-0.010368985123932362,0.26956382393836975,0.1295974194072187
160,lejepa,gradcam,predicted,backbone.layer2,2,0,0,-0.3474036753177643,0.23128284513950348,-0.0580604150891304
161,lejepa,gradcam,predicted,backbone.layer2,1,1,1,-0.08099645376205444,0.3831035792827606,0.1510535627603531
162,lejepa,gradcam,predicted,backbone.layer2,6,4,4,0.5839168429374695,0.43627864122390747,0.5100977420806885
163,lejepa,gradcam,predicted,backbone.layer2,6,6,6,-0.25596094131469727,0.17339877784252167,-0.0412810817360878
164,lejepa,gradcam,predicted,backbone.layer2,8,2,2,-0.05147814378142357,0.42938050627708435,0.1889511812478304
165,lejepa,gradcam,predicted,backbone.layer2,4,2,2,-0.13349607586860657,0.31037211418151855,0.088438019156456
166,lejepa,gradcam,predicted,backbone.layer2,8,9,9,0.109995536506176,0.31481388211250305,0.21240470930933952
167,lejepa,gradcam,predicted,backbone.layer2,4,4,4,0.10958433151245117,0.38130250573158264,0.2454434186220169
168,lejepa,gradcam,predicted,backbone.layer2,5,7,7,0.09836527705192566,0.3526235818862915,0.22549442946910858
169,lejepa,gradcam,predicted,backbone.layer2,0,8,8,0.5264456272125244,0.45747533440589905,0.49196048080921173
170,lejepa,gradcam,predicted,backbone.layer2,9,9,9,0.2766890823841095,0.4126113951206207,0.3446502387523651
171,lejepa,gradcam,predicted,backbone.layer2,9,9,9,0.08266536891460419,0.46919575333595276,0.2759305611252785
172,lejepa,gradcam,predicted,backbone.layer2,9,9,9,0.6641659736633301,0.6019073128700256,0.6330366432666779
173,lejepa,gradcam,predicted,backbone.layer2,8,8,8,0.2996630072593689,0.5085110068321228,0.40408700704574585
174,lejepa,gradcam,predicted,backbone.layer2,9,9,9,-0.3694073557853699,0.2749393582344055,-0.04723399877548218
175,lejepa,gradcam,predicted,backbone.layer2,9,9,9,-0.2694469690322876,0.15438011288642883,-0.05753342807292938
176,lejepa,gradcam,predicted,backbone.layer2,3,3,3,0.26229289174079895,0.41923168301582336,0.34076228737831116
177,lejepa,gradcam,predicted,backbone.layer2,7,7,7,0.13283075392246246,0.42708781361579895,0.2799592837691307
178,lejepa,gradcam,predicted,backbone.layer2,5,5,5,-0.20218439400196075,0.3056396543979645,0.05172763019800186
179,lejepa,gradcam,predicted,backbone.layer2,0,0,0,-0.04324813559651375,0.09998953342437744,0.028370698913931847
180,lejepa,gradcam,predicted,backbone.layer2,0,0,0,-0.23429004848003387,0.15515881776809692,-0.039565615355968475
181,lejepa,gradcam,predicted,backbone.layer2,5,5,5,0.25371602177619934,0.33792829513549805,0.2958221584558487
182,lejepa,gradcam,predicted,backbone.layer2,2,0,0,0.36583226919174194,0.40484240651130676,0.38533733785152435
183,lejepa,gradcam,predicted,backbone.layer2,2,2,2,-0.12739522755146027,0.24670487642288208,0.05965482443571091
184,lejepa,gradcam,predicted,backbone.layer2,3,0,0,0.411361426115036,0.2716260850429535,0.34149375557899475
185,lejepa,gradcam,predicted,backbone.layer2,8,8,8,-0.05252687260508537,0.09708324074745178,0.022278184071183205
186,lejepa,gradcam,predicted,backbone.layer2,6,2,2,-0.038804735988378525,0.22937199473381042,0.09528362937271595
187,lejepa,gradcam,predicted,backbone.layer2,3,5,5,0.6953557729721069,0.4530012309551239,0.5741785019636154
188,lejepa,gradcam,predicted,backbone.layer2,4,3,3,0.2800551950931549,0.34180811047554016,0.31093165278434753
189,lejepa,gradcam,predicted,backbone.layer2,0,0,0,-0.010418321937322617,0.18166422843933105,0.08562295325100422
190,lejepa,gradcam,predicted,backbone.layer2,5,5,5,0.03261056914925575,0.34558722376823425,0.189098896458745
191,lejepa,gradcam,predicted,backbone.layer2,8,8,8,-0.03362255543470383,0.3323212265968323,0.14934933558106422
128,lejepa,gradcam,predicted,backbone.layer3,5,6,6,0.46326807141304016,0.18893462419509888,0.3261013478040695
129,lejepa,gradcam,predicted,backbone.layer3,2,0,0,0.448178768157959,0.5062779784202576,0.4772283732891083
130,lejepa,gradcam,predicted,backbone.layer3,4,2,2,0.17564818263053894,0.36897557973861694,0.27231188118457794
131,lejepa,gradcam,predicted,backbone.layer3,1,1,1,0.5562379956245422,0.48465409874916077,0.5204460471868515
132,lejepa,gradcam,predicted,backbone.layer3,8,8,8,-0.11655206978321075,0.4651026129722595,0.17427527159452438
133,lejepa,gradcam,predicted,backbone.layer3,9,9,9,0.6321445107460022,0.40390631556510925,0.5180254131555557
134,lejepa,gradcam,predicted,backbone.layer3,1,1,1,0.44241341948509216,0.2649586796760559,0.35368604958057404
135,lejepa,gradcam,predicted,backbone.layer3,2,2,2,0.5177789330482483,0.47067683935165405,0.49422788619995117
136,lejepa,gradcam,predicted,backbone.layer3,9,9,9,0.6721660494804382,0.44497349858283997,0.5585697740316391
137,lejepa,gradcam,predicted,backbone.layer3,7,7,7,0.5238202214241028,0.4846913516521454,0.5042557865381241
138,lejepa,gradcam,predicted,backbone.layer3,2,2,2,-0.5889718532562256,0.2522366940975189,-0.16836757957935333
139,lejepa,gradcam,predicted,backbone.layer3,9,8,8,0.6949987411499023,0.5353839993476868,0.6151913702487946
140,lejepa,gradcam,predicted,backbone.layer3,6,6,6,-0.12140168249607086,0.342105895280838,0.11035210639238358
141,lejepa,gradcam,predicted,backbone.layer3,5,5,5,0.7027179598808289,0.5303619503974915,0.6165399551391602
142,lejepa,gradcam,predicted,backbone.layer3,6,3,3,-0.015139151364564896,0.04536144435405731,0.015111146494746208
143,lejepa,gradcam,predicted,backbone.layer3,3,7,7,0.08114157617092133,0.36718398332595825,0.2241627797484398
144,lejepa,gradcam,predicted,backbone.layer3,8,8,8,0.18792258203029633,0.3610481023788452,0.27448534220457077
145,lejepa,gradcam,predicted,backbone.layer3,7,5,5,0.6946592926979065,0.33242067694664,0.5135399848222733
146,lejepa,gradcam,predicted,backbone.layer3,6,6,6,-0.20034410059452057,0.3537631332874298,0.07670951634645462
147,lejepa,gradcam,predicted,backbone.layer3,2,5,5,0.6902832984924316,0.3986043930053711,0.5444438457489014
148,lejepa,gradcam,predicted,backbone.layer3,5,3,3,0.049581367522478104,0.3774316608905792,0.21350651420652866
149,lejepa,gradcam,predicted,backbone.layer3,2,3,3,-0.44921839237213135,0.28571897745132446,-0.08174970746040344
150,lejepa,gradcam,predicted,backbone.layer3,8,8,8,0.2004237323999405,0.18843351304531097,0.19442862272262573
151,lejepa,gradcam,predicted,backbone.layer3,9,9,9,0.27189141511917114,0.2020946592092514,0.23699303716421127
152,lejepa,gradcam,predicted,backbone.layer3,6,6,6,0.794669508934021,0.563129723072052,0.6788996160030365
153,lejepa,gradcam,predicted,backbone.layer3,0,0,0,0.025098374113440514,0.40827709436416626,0.2166877342388034
154,lejepa,gradcam,predicted,backbone.layer3,0,0,0,-0.25133800506591797,0.2921392321586609,0.02040061354637146
155,lejepa,gradcam,predicted,backbone.layer3,5,5,5,0.6809132099151611,0.29053929448127747,0.4857262521982193
156,lejepa,gradcam,predicted,backbone.layer3,2,2,2,0.830531120300293,0.4771730899810791,0.653852105140686
157,lejepa,gradcam,predicted,backbone.layer3,9,9,9,0.7993378639221191,0.4323185384273529,0.615828201174736
158,lejepa,gradcam,predicted,backbone.layer3,5,3,3,0.007938086055219173,0.3369470536708832,0.17244256986305118
159,lejepa,gradcam,predicted,backbone.layer3,4,4,4,-0.20130187273025513,0.2794104218482971,0.039054274559020996
160,lejepa,gradcam,predicted,backbone.layer3,2,0,0,-0.4390028119087219,0.3531481921672821,-0.04292730987071991
161,lejepa,gradcam,predicted,backbone.layer3,1,1,1,0.415875643491745,0.32152417302131653,0.36869990825653076
162,lejepa,gradcam,predicted,backbone.layer3,6,4,4,-0.4387870728969574,0.22489063441753387,-0.10694821923971176
163,lejepa,gradcam,predicted,backbone.layer3,6,6,6,0.10258569568395615,0.42146870493888855,0.26202720031142235
164,lejepa,gradcam,predicted,backbone.layer3,8,2,2,-0.31821829080581665,0.3727487325668335,0.027265220880508423
165,lejepa,gradcam,predicted,backbone.layer3,4,2,2,-0.3083950877189636,0.25939151644706726,-0.02450178563594818
166,lejepa,gradcam,predicted,backbone.layer3,8,9,9,0.5482492446899414,0.1918148249387741,0.37003203481435776
167,lejepa,gradcam,predicted,backbone.layer3,4,4,4,-0.42069220542907715,0.32110050320625305,-0.04979585111141205
168,lejepa,gradcam,predicted,backbone.layer3,5,7,7,0.9025822281837463,0.49137380719184875,0.6969780176877975
169,lejepa,gradcam,predicted,backbone.layer3,0,8,8,0.09653366357088089,0.15643233060836792,0.1264829970896244
170,lejepa,gradcam,predicted,backbone.layer3,9,9,9,0.8201678991317749,0.40903401374816895,0.6146009564399719
171,lejepa,gradcam,predicted,backbone.layer3,9,9,9,0.6660293936729431,0.39420285820961,0.5301161259412766
172,lejepa,gradcam,predicted,backbone.layer3,9,9,9,0.6028623580932617,0.36699622869491577,0.48492929339408875
173,lejepa,gradcam,predicted,backbone.layer3,8,8,8,0.004283912479877472,0.31866544485092163,0.16147467866539955
174,lejepa,gradcam,predicted,backbone.layer3,9,9,9,0.2833528220653534,0.4893978536128998,0.3863753378391266
175,lejepa,gradcam,predicted,backbone.layer3,9,9,9,0.5970273017883301,0.3351608216762543,0.4660940617322922
176,lejepa,gradcam,predicted,backbone.layer3,3,3,3,-0.05742519721388817,0.12547972798347473,0.03402726538479328
177,lejepa,gradcam,predicted,backbone.layer3,7,7,7,0.055517055094242096,0.3152559995651245,0.1853865273296833
178,lejepa,gradcam,predicted,backbone.layer3,5,5,5,0.7770131826400757,0.3577477037906647,0.5673804432153702
179,lejepa,gradcam,predicted,backbone.layer3,0,0,0,0.10437293350696564,0.42544713616371155,0.2649100348353386
180,lejepa,gradcam,predicted,backbone.layer3,0,0,0,-0.11316841095685959,0.3860607445240021,0.13644616678357124
181,lejepa,gradcam,predicted,backbone.layer3,5,5,5,0.715033769607544,0.30341920256614685,0.5092264860868454
182,lejepa,gradcam,predicted,backbone.layer3,2,0,0,0.4960096478462219,0.5092633366584778,0.5026364922523499
183,lejepa,gradcam,predicted,backbone.layer3,2,2,2,-0.22778621315956116,0.3971126973628998,0.08466324210166931
184,lejepa,gradcam,predicted,backbone.layer3,3,0,0,0.5354006886482239,0.533613383769989,0.5345070362091064
185,lejepa,gradcam,predicted,backbone.layer3,8,8,8,-0.12860314548015594,0.3978111445903778,0.13460399955511093
186,lejepa,gradcam,predicted,backbone.layer3,6,2,2,-0.05312337353825569,0.20433327555656433,0.07560495100915432
187,lejepa,gradcam,predicted,backbone.layer3,3,5,5,-0.2194581776857376,0.10785619169473648,-0.055800992995500565
188,lejepa,gradcam,predicted,backbone.layer3,4,3,3,0.4110686480998993,0.4440903067588806,0.42757947742938995
189,lejepa,gradcam,predicted,backbone.layer3,0,0,0,0.4757215678691864,0.4508504271507263,0.46328599750995636
190,lejepa,gradcam,predicted,backbone.layer3,5,5,5,0.7667153477668762,0.44985660910606384,0.60828597843647
191,lejepa,gradcam,predicted,backbone.layer3,8,8,8,0.6862025856971741,0.3106289505958557,0.4984157681465149
128,lejepa,gradcam,predicted,backbone.layer4,5,6,6,0.7692509889602661,0.7126905918121338,0.7409707903862
129,lejepa,gradcam,predicted,backbone.layer4,2,0,0,0.5042445659637451,0.5702329277992249,0.537238746881485
130,lejepa,gradcam,predicted,backbone.layer4,4,2,2,0.5066792368888855,0.5864084362983704,0.5465438365936279
131,lejepa,gradcam,predicted,backbone.layer4,1,1,1,0.5347914099693298,0.5413008332252502,0.53804612159729
132,lejepa,gradcam,predicted,backbone.layer4,8,8,8,0.7195776700973511,0.6217967867851257,0.6706872284412384
133,lejepa,gradcam,predicted,backbone.layer4,9,9,9,0.5528987646102905,0.5932381749153137,0.5730684697628021
134,lejepa,gradcam,predicted,backbone.layer4,1,1,1,0.2139236181974411,0.6037400960922241,0.4088318571448326
135,lejepa,gradcam,predicted,backbone.layer4,2,2,2,0.19212190806865692,0.4591442942619324,0.32563310116529465
136,lejepa,gradcam,predicted,backbone.layer4,9,9,9,0.20969811081886292,0.4942556619644165,0.3519768863916397
137,lejepa,gradcam,predicted,backbone.layer4,7,7,7,0.6864356398582458,0.5512951016426086,0.6188653707504272
138,lejepa,gradcam,predicted,backbone.layer4,2,2,2,0.4972933232784271,0.6393132209777832,0.5683032721281052
139,lejepa,gradcam,predicted,backbone.layer4,9,8,8,0.14961294829845428,0.5003111362457275,0.3249620422720909
140,lejepa,gradcam,predicted,backbone.layer4,6,6,6,0.6535183191299438,0.6790695786476135,0.6662939488887787
141,lejepa,gradcam,predicted,backbone.layer4,5,5,5,0.6330451369285583,0.5975912809371948,0.6153182089328766
142,lejepa,gradcam,predicted,backbone.layer4,6,3,3,0.5039983987808228,0.581855833530426,0.5429271161556244
143,lejepa,gradcam,predicted,backbone.layer4,3,7,7,0.5615803003311157,0.4789345860481262,0.520257443189621
144,lejepa,gradcam,predicted,backbone.layer4,8,8,8,0.5732946395874023,0.3833314776420593,0.47831305861473083
145,lejepa,gradcam,predicted,backbone.layer4,7,5,5,0.6761331558227539,0.5842586159706116,0.6301958858966827
146,lejepa,gradcam,predicted,backbone.layer4,6,6,6,0.4973393678665161,0.5622656345367432,0.5298025012016296
147,lejepa,gradcam,predicted,backbone.layer4,2,5,5,0.7683416604995728,0.5545617938041687,0.6614517271518707
148,lejepa,gradcam,predicted,backbone.layer4,5,3,3,0.03524321690201759,0.5070357918739319,0.27113950438797474
149,lejepa,gradcam,predicted,backbone.layer4,2,3,3,0.4669250249862671,0.6079875826835632,0.5374563038349152
150,lejepa,gradcam,predicted,backbone.layer4,8,8,8,0.560390830039978,0.5285481810569763,0.5444695055484772
151,lejepa,gradcam,predicted,backbone.layer4,9,9,9,0.4628833830356598,0.49832242727279663,0.4806029051542282
152,lejepa,gradcam,predicted,backbone.layer4,6,6,6,0.735349178314209,0.5615039467811584,0.6484265625476837
153,lejepa,gradcam,predicted,backbone.layer4,0,0,0,0.2497759461402893,0.48944881558418274,0.369612380862236
154,lejepa,gradcam,predicted,backbone.layer4,0,0,0,0.4920506179332733,0.6203283071517944,0.5561894625425339
155,lejepa,gradcam,predicted,backbone.layer4,5,5,5,0.7532748579978943,0.5361685752868652,0.6447217166423798
156,lejepa,gradcam,predicted,backbone.layer4,2,2,2,0.6541310548782349,0.6773285269737244,0.6657297909259796
157,lejepa,gradcam,predicted,backbone.layer4,9,9,9,0.5610988140106201,0.5320886969566345,0.5465937554836273
158,lejepa,gradcam,predicted,backbone.layer4,5,3,3,0.4732261896133423,0.5892824530601501,0.5312543213367462
159,lejepa,gradcam,predicted,backbone.layer4,4,4,4,0.6240124702453613,0.672088086605072,0.6480502784252167
160,lejepa,gradcam,predicted,backbone.layer4,2,0,0,0.1415105015039444,0.5258510708808899,0.33368078619241714
161,lejepa,gradcam,predicted,backbone.layer4,1,1,1,0.08513839542865753,0.3217822015285492,0.20346029847860336
162,lejepa,gradcam,predicted,backbone.layer4,6,4,4,0.39098405838012695,0.47803375124931335,0.43450890481472015
163,lejepa,gradcam,predicted,backbone.layer4,6,6,6,0.266810804605484,0.5650901794433594,0.4159504920244217
164,lejepa,gradcam,predicted,backbone.layer4,8,2,2,0.741215169429779,0.5559356808662415,0.6485754251480103
165,lejepa,gradcam,predicted,backbone.layer4,4,2,2,0.27693623304367065,0.4220237731933594,0.349480003118515
166,lejepa,gradcam,predicted,backbone.layer4,8,9,9,-0.006243950221687555,0.3572971522808075,0.17552660102955997
167,lejepa,gradcam,predicted,backbone.layer4,4,4,4,0.16192439198493958,0.4960354268550873,0.3289799094200134
168,lejepa,gradcam,predicted,backbone.layer4,5,7,7,0.3353431224822998,0.4463837742805481,0.39086344838142395
169,lejepa,gradcam,predicted,backbone.layer4,0,8,8,0.4720389246940613,0.544955313205719,0.5084971189498901
170,lejepa,gradcam,predicted,backbone.layer4,9,9,9,0.5127648115158081,0.5435967445373535,0.5281807780265808
171,lejepa,gradcam,predicted,backbone.layer4,9,9,9,0.5391201376914978,0.5163545608520508,0.5277373492717743
172,lejepa,gradcam,predicted,backbone.layer4,9,9,9,0.6396347880363464,0.5746319890022278,0.6071333885192871
173,lejepa,gradcam,predicted,backbone.layer4,8,8,8,0.7758650779724121,0.5899084806442261,0.6828867793083191
174,lejepa,gradcam,predicted,backbone.layer4,9,9,9,0.6683129668235779,0.6341438293457031,0.6512283980846405
175,lejepa,gradcam,predicted,backbone.layer4,9,9,9,0.7246229648590088,0.6200200915336609,0.6723215281963348
176,lejepa,gradcam,predicted,backbone.layer4,3,3,3,0.4313713312149048,0.44971737265586853,0.44054435193538666
177,lejepa,gradcam,predicted,backbone.layer4,7,7,7,0.5415267944335938,0.5015486478805542,0.521537721157074
178,lejepa,gradcam,predicted,backbone.layer4,5,5,5,0.673751711845398,0.553805947303772,0.613778829574585
179,lejepa,gradcam,predicted,backbone.layer4,0,0,0,0.5419334173202515,0.5179021954536438,0.5299178063869476
180,lejepa,gradcam,predicted,backbone.layer4,0,0,0,0.15741360187530518,0.43492797017097473,0.29617078602313995
181,lejepa,gradcam,predicted,backbone.layer4,5,5,5,0.6794657707214355,0.5888155698776245,0.63414067029953
182,lejepa,gradcam,predicted,backbone.layer4,2,0,0,0.4676946997642517,0.6245623230934143,0.546128511428833
183,lejepa,gradcam,predicted,backbone.layer4,2,2,2,0.08389269560575485,0.5270528197288513,0.3054727576673031
184,lejepa,gradcam,predicted,backbone.layer4,3,0,0,0.6058195233345032,0.5259553790092468,0.565887451171875
185,lejepa,gradcam,predicted,backbone.layer4,8,8,8,0.2951856851577759,0.4802318513393402,0.38770876824855804
186,lejepa,gradcam,predicted,backbone.layer4,6,2,2,0.09791581332683563,0.47323116660118103,0.28557348996400833
187,lejepa,gradcam,predicted,backbone.layer4,3,5,5,0.4201521873474121,0.5052939057350159,0.462723046541214
188,lejepa,gradcam,predicted,backbone.layer4,4,3,3,0.2180902063846588,0.5145151615142822,0.3663026839494705
189,lejepa,gradcam,predicted,backbone.layer4,0,0,0,0.09888718277215958,0.4833439290523529,0.29111555591225624
190,lejepa,gradcam,predicted,backbone.layer4,5,5,5,0.5901619791984558,0.5404635667800903,0.5653127729892731
191,lejepa,gradcam,predicted,backbone.layer4,8,8,8,0.11903977394104004,0.4538666605949402,0.2864532172679901
192,lejepa,gradcam,predicted,backbone.layer1,0,0,0,0.34294795989990234,0.332693487405777,0.33782072365283966
193,lejepa,gradcam,predicted,backbone.layer1,1,1,1,0.35138627886772156,0.22241082787513733,0.28689855337142944
194,lejepa,gradcam,predicted,backbone.layer1,7,6,6,0.45684850215911865,0.5450586080551147,0.5009535551071167
195,lejepa,gradcam,predicted,backbone.layer1,2,5,5,-0.0795883759856224,0.10069804638624191,0.010554835200309753
196,lejepa,gradcam,predicted,backbone.layer1,8,8,8,0.5771042108535767,0.46071454882621765,0.5189093798398972
197,lejepa,gradcam,predicted,backbone.layer1,8,8,8,-0.0612296462059021,0.15510700643062592,0.04693868011236191
198,lejepa,gradcam,predicted,backbone.layer1,7,7,7,0.06670435518026352,0.2387731969356537,0.1527387760579586
199,lejepa,gradcam,predicted,backbone.layer1,8,8,8,0.2718445956707001,0.40073415637016296,0.3362893760204315
200,lejepa,gradcam,predicted,backbone.layer1,5,5,5,0.049756329506635666,0.2794305980205536,0.16459346376359463
201,lejepa,gradcam,predicted,backbone.layer1,1,1,1,0.05910155549645424,0.20314127206802368,0.13112141378223896
202,lejepa,gradcam,predicted,backbone.layer1,8,0,0,0.3593888580799103,0.2712392508983612,0.31531405448913574
203,lejepa,gradcam,predicted,backbone.layer1,7,7,7,-0.06138099357485771,0.10168346017599106,0.020151233300566673
204,lejepa,gradcam,predicted,backbone.layer1,1,1,1,0.020170673727989197,0.23047605156898499,0.1253233626484871
205,lejepa,gradcam,predicted,backbone.layer1,3,3,3,0.2674045264720917,0.1341465264558792,0.20077552646398544
206,lejepa,gradcam,predicted,backbone.layer1,0,0,0,-0.074799083173275,0.268855482339859,0.09702819958329201
207,lejepa,gradcam,predicted,backbone.layer1,5,5,5,-0.040844690054655075,0.013061998412013054,-0.01389134582132101
208,lejepa,gradcam,predicted,backbone.layer1,7,7,7,0.12556590139865875,0.26178115606307983,0.1936735287308693
209,lejepa,gradcam,predicted,backbone.layer1,9,9,9,0.2715962827205658,0.2749185860157013,0.27325743436813354
210,lejepa,gradcam,predicted,backbone.layer1,7,2,2,0.06878846138715744,0.07149744778871536,0.0701429545879364
211,lejepa,gradcam,predicted,backbone.layer1,4,8,8,0.38614895939826965,0.42852336168289185,0.40733616054058075
212,lejepa,gradcam,predicted,backbone.layer1,5,5,5,0.37552720308303833,0.37497344613075256,0.37525032460689545
213,lejepa,gradcam,predicted,backbone.layer1,9,9,9,0.2377651184797287,0.34766682982444763,0.29271597415208817
214,lejepa,gradcam,predicted,backbone.layer1,8,6,6,0.5730863809585571,0.5423712730407715,0.5577288269996643
215,lejepa,gradcam,predicted,backbone.layer1,0,0,0,0.330771803855896,0.35769355297088623,0.3442326784133911
216,lejepa,gradcam,predicted,backbone.layer1,7,7,7,0.7099465727806091,0.41769757866859436,0.5638220757246017
217,lejepa,gradcam,predicted,backbone.layer1,9,9,9,-0.08845344185829163,0.06718987226486206,-0.010631784796714783
218,lejepa,gradcam,predicted,backbone.layer1,8,0,0,-0.10352704674005508,0.33982494473457336,0.11814894899725914
219,lejepa,gradcam,predicted,backbone.layer1,2,4,4,0.09742967784404755,0.3181926906108856,0.20781118422746658
220,lejepa,gradcam,predicted,backbone.layer1,7,7,7,-0.047238919883966446,0.05457623302936554,0.003668656572699547
221,lejepa,gradcam,predicted,backbone.layer1,6,3,3,-0.0667961910367012,0.14436203241348267,0.03878292068839073
222,lejepa,gradcam,predicted,backbone.layer1,9,9,9,0.2276104986667633,0.21923868358135223,0.22342459112405777
223,lejepa,gradcam,predicted,backbone.layer1,4,4,4,0.376730740070343,0.4252660572528839,0.40099839866161346
224,lejepa,gradcam,predicted,backbone.layer1,3,5,5,0.4343646168708801,0.31176260113716125,0.3730636090040207
225,lejepa,gradcam,predicted,backbone.layer1,9,9,9,0.19671514630317688,0.1564311534166336,0.17657314985990524
226,lejepa,gradcam,predicted,backbone.layer1,6,2,2,0.26003074645996094,0.2834780812263489,0.2717544138431549
227,lejepa,gradcam,predicted,backbone.layer1,4,0,0,0.5164182186126709,0.2711678147315979,0.3937930166721344
228,lejepa,gradcam,predicted,backbone.layer1,7,5,5,0.334243506193161,0.29841694235801697,0.316330224275589
229,lejepa,gradcam,predicted,backbone.layer1,6,6,6,0.36828985810279846,0.5355731248855591,0.45193149149417877
230,lejepa,gradcam,predicted,backbone.layer1,5,5,5,0.5108101963996887,0.2106906771659851,0.3607504367828369
231,lejepa,gradcam,predicted,backbone.layer1,1,9,9,0.2673991918563843,0.3281005620956421,0.2977498769760132
232,lejepa,gradcam,predicted,backbone.layer1,5,3,3,0.21915803849697113,0.1538170576095581,0.18648754805326462
233,lejepa,gradcam,predicted,backbone.layer1,8,8,8,-0.04726892709732056,0.24176599085330963,0.09724853187799454
234,lejepa,gradcam,predicted,backbone.layer1,8,8,8,0.2820534408092499,0.2837902009487152,0.28292182087898254
235,lejepa,gradcam,predicted,backbone.layer1,0,0,0,0.571342408657074,0.17924857139587402,0.375295490026474
236,lejepa,gradcam,predicted,backbone.layer1,4,4,4,0.1207004189491272,0.29351258277893066,0.20710650086402893
237,lejepa,gradcam,predicted,backbone.layer1,0,0,0,0.29106298089027405,0.22566378116607666,0.25836338102817535
238,lejepa,gradcam,predicted,backbone.layer1,5,2,2,0.3010264039039612,0.27737313508987427,0.2891997694969177
239,lejepa,gradcam,predicted,backbone.layer1,5,2,2,0.4913468360900879,0.41963157057762146,0.4554892033338547
240,lejepa,gradcam,predicted,backbone.layer1,1,1,1,0.2949945032596588,0.49915367364883423,0.3970740884542465
241,lejepa,gradcam,predicted,backbone.layer1,1,1,1,0.28678470849990845,0.312037855386734,0.29941128194332123
242,lejepa,gradcam,predicted,backbone.layer1,8,8,8,0.016056299209594727,0.18710581958293915,0.10158105939626694
243,lejepa,gradcam,predicted,backbone.layer1,9,9,9,0.10065820068120956,0.3084166646003723,0.20453743264079094
244,lejepa,gradcam,predicted,backbone.layer1,0,0,0,0.07961756736040115,0.07366476953029633,0.07664116844534874
245,lejepa,gradcam,predicted,backbone.layer1,3,8,8,0.32445552945137024,0.343904972076416,0.3341802507638931
246,lejepa,gradcam,predicted,backbone.layer1,1,9,9,-0.09833846986293793,0.07030723243951797,-0.014015618711709976
247,lejepa,gradcam,predicted,backbone.layer1,9,9,9,-0.01578730158507824,0.23394055664539337,0.10907662753015757
248,lejepa,gradcam,predicted,backbone.layer1,2,3,3,0.17063836753368378,0.295621395111084,0.23312988132238388
249,lejepa,gradcam,predicted,backbone.layer1,2,2,2,0.17604590952396393,0.15924806892871857,0.16764698922634125
250,lejepa,gradcam,predicted,backbone.layer1,5,5,5,0.14504356682300568,0.35495907068252563,0.25000131875276566
251,lejepa,gradcam,predicted,backbone.layer1,3,5,5,-0.06193726882338524,0.08809484541416168,0.013078788295388222
252,lejepa,gradcam,predicted,backbone.layer1,9,9,9,0.026890162378549576,0.20084337890148163,0.1138667706400156
253,lejepa,gradcam,predicted,backbone.layer1,9,9,9,-0.1696682572364807,0.05810057744383812,-0.0557838398963213
254,lejepa,gradcam,predicted,backbone.layer1,4,4,4,0.4248672425746918,0.37046298384666443,0.3976651132106781
255,lejepa,gradcam,predicted,backbone.layer1,0,0,0,-0.0007647686288692057,0.0352933406829834,0.017264286027057096
192,lejepa,gradcam,predicted,backbone.layer2,0,0,0,0.13312111794948578,0.17487457394599915,0.15399784594774246
193,lejepa,gradcam,predicted,backbone.layer2,1,1,1,-0.14243748784065247,0.4207665026187897,0.1391645073890686
194,lejepa,gradcam,predicted,backbone.layer2,7,6,6,-0.4353856146335602,0.174533411860466,-0.1304261013865471
195,lejepa,gradcam,predicted,backbone.layer2,2,5,5,-0.04647594690322876,0.36921757459640503,0.16137081384658813
196,lejepa,gradcam,predicted,backbone.layer2,8,8,8,0.5746479630470276,0.4481222629547119,0.5113851130008698
197,lejepa,gradcam,predicted,backbone.layer2,8,8,8,0.32328224182128906,0.3524273931980133,0.3378548175096512
198,lejepa,gradcam,predicted,backbone.layer2,7,7,7,-0.0528051033616066,0.40481600165367126,0.17600544914603233
199,lejepa,gradcam,predicted,backbone.layer2,8,8,8,0.1286035031080246,0.258994996547699,0.19379924982786179
200,lejepa,gradcam,predicted,backbone.layer2,5,5,5,-0.18300902843475342,0.293305903673172,0.05514843761920929
201,lejepa,gradcam,predicted,backbone.layer2,1,1,1,0.30371424555778503,0.13768361508846283,0.22069893032312393
202,lejepa,gradcam,predicted,backbone.layer2,8,0,0,-0.2119268923997879,0.3159419596195221,0.052007533609867096
203,lejepa,gradcam,predicted,backbone.layer2,7,7,7,-0.17387990653514862,0.32639992237091064,0.07626000791788101
204,lejepa,gradcam,predicted,backbone.layer2,1,1,1,-0.012832148931920528,0.29206228256225586,0.13961506681516767
205,lejepa,gradcam,predicted,backbone.layer2,3,3,3,0.35589081048965454,0.3287704586982727,0.3423306345939636
206,lejepa,gradcam,predicted,backbone.layer2,0,0,0,0.07016228139400482,0.13149169087409973,0.10082698613405228
207,lejepa,gradcam,predicted,backbone.layer2,5,5,5,0.21528451144695282,0.40526288747787476,0.3102736994624138
208,lejepa,gradcam,predicted,backbone.layer2,7,7,7,0.2402859479188919,0.26457300782203674,0.2524294778704643
209,lejepa,gradcam,predicted,backbone.layer2,9,9,9,0.6248887777328491,0.39728406071662903,0.5110864192247391
210,lejepa,gradcam,predicted,backbone.layer2,7,2,2,0.43336033821105957,0.42787355184555054,0.43061694502830505
211,lejepa,gradcam,predicted,backbone.layer2,4,8,8,0.016502797603607178,0.2696039378643036,0.14305336773395538
212,lejepa,gradcam,predicted,backbone.layer2,5,5,5,0.1857765018939972,0.35140055418014526,0.26858852803707123
213,lejepa,gradcam,predicted,backbone.layer2,9,9,9,0.16424348950386047,0.40717777609825134,0.2857106328010559
214,lejepa,gradcam,predicted,backbone.layer2,8,6,6,0.1202995777130127,0.15143312513828278,0.13586635142564774
215,lejepa,gradcam,predicted,backbone.layer2,0,0,0,0.14537303149700165,0.06864777207374573,0.10701040178537369
216,lejepa,gradcam,predicted,backbone.layer2,7,7,7,0.15203936398029327,0.19537456333637238,0.17370696365833282
217,lejepa,gradcam,predicted,backbone.layer2,9,9,9,0.3139497637748718,0.4098729193210602,0.361911341547966
218,lejepa,gradcam,predicted,backbone.layer2,8,0,0,0.1123310923576355,0.34554630517959595,0.22893869876861572
219,lejepa,gradcam,predicted,backbone.layer2,2,4,4,0.06909863650798798,0.3428094685077667,0.20595405250787735
220,lejepa,gradcam,predicted,backbone.layer2,7,7,7,0.4056908190250397,0.35090816020965576,0.3782994896173477
221,lejepa,gradcam,predicted,backbone.layer2,6,3,3,-0.279142826795578,0.27634716033935547,-0.001397833228111267
222,lejepa,gradcam,predicted,backbone.layer2,9,9,9,0.10757741332054138,0.28973492980003357,0.19865617156028748
223,lejepa,gradcam,predicted,backbone.layer2,4,4,4,0.3442867398262024,0.35204172134399414,0.34816423058509827
224,lejepa,gradcam,predicted,backbone.layer2,3,5,5,0.5806373953819275,0.3579055964946747,0.4692714959383011
225,lejepa,gradcam,predicted,backbone.layer2,9,9,9,0.06557506322860718,0.2755521535873413,0.17056360840797424
226,lejepa,gradcam,predicted,backbone.layer2,6,2,2,0.11770880222320557,0.3199456036090851,0.21882720291614532
227,lejepa,gradcam,predicted,backbone.layer2,4,0,0,0.3729071021080017,0.35870012640953064,0.3658036142587662
228,lejepa,gradcam,predicted,backbone.layer2,7,5,5,-0.024058565497398376,0.32281482219696045,0.14937812834978104
229,lejepa,gradcam,predicted,backbone.layer2,6,6,6,-0.12570109963417053,0.24278448522090912,0.05854169279336929
230,lejepa,gradcam,predicted,backbone.layer2,5,5,5,-0.11147870868444443,0.3108184039592743,0.09966984763741493
231,lejepa,gradcam,predicted,backbone.layer2,1,9,9,0.3187607526779175,0.4174124002456665,0.368086576461792
232,lejepa,gradcam,predicted,backbone.layer2,5,3,3,0.053587187081575394,0.3758644163608551,0.21472580172121525
233,lejepa,gradcam,predicted,backbone.layer2,8,8,8,0.04850542172789574,0.3166167438030243,0.18256108276546001
234,lejepa,gradcam,predicted,backbone.layer2,8,8,8,0.16219228506088257,0.3276022672653198,0.2448972761631012
235,lejepa,gradcam,predicted,backbone.layer2,0,0,0,0.26290804147720337,0.48816484212875366,0.3755364418029785
236,lejepa,gradcam,predicted,backbone.layer2,4,4,4,-0.14049457013607025,0.24958577752113342,0.054545603692531586
237,lejepa,gradcam,predicted,backbone.layer2,0,0,0,-0.22848829627037048,0.13736407458782196,-0.04556211084127426
238,lejepa,gradcam,predicted,backbone.layer2,5,2,2,0.10883967578411102,0.21105997264385223,0.15994982421398163
239,lejepa,gradcam,predicted,backbone.layer2,5,2,2,0.009964889846742153,0.3792434334754944,0.19460416166111827
240,lejepa,gradcam,predicted,backbone.layer2,1,1,1,-0.03718933090567589,0.32289940118789673,0.14285503514111042
241,lejepa,gradcam,predicted,backbone.layer2,1,1,1,-0.047300536185503006,0.2974376678466797,0.12506856583058834
242,lejepa,gradcam,predicted,backbone.layer2,8,8,8,-0.049136918038129807,0.3280307352542877,0.13944690860807896
243,lejepa,gradcam,predicted,backbone.layer2,9,9,9,0.1850719004869461,0.2970768213272095,0.2410743609070778
244,lejepa,gradcam,predicted,backbone.layer2,0,0,0,0.0774853304028511,0.23365649580955505,0.15557091310620308
245,lejepa,gradcam,predicted,backbone.layer2,3,8,8,0.31966036558151245,0.1413288563489914,0.23049461096525192
246,lejepa,gradcam,predicted,backbone.layer2,1,9,9,0.1206594929099083,0.22789767384529114,0.17427858337759972
247,lejepa,gradcam,predicted,backbone.layer2,9,9,9,-0.06737373769283295,0.29224923253059387,0.11243774741888046
248,lejepa,gradcam,predicted,backbone.layer2,2,3,3,0.07314734905958176,0.35520943999290466,0.2141783945262432
249,lejepa,gradcam,predicted,backbone.layer2,2,2,2,-0.006674848031252623,0.34120240807533264,0.16726378002204
250,lejepa,gradcam,predicted,backbone.layer2,5,5,5,-0.3083953857421875,0.32593727111816406,0.008770942687988281
251,lejepa,gradcam,predicted,backbone.layer2,3,5,5,0.1633312702178955,0.40751588344573975,0.2854235768318176
252,lejepa,gradcam,predicted,backbone.layer2,9,9,9,0.04517064243555069,0.3745124340057373,0.209841538220644
253,lejepa,gradcam,predicted,backbone.layer2,9,9,9,0.1390904188156128,0.462748646736145,0.3009195327758789
254,lejepa,gradcam,predicted,backbone.layer2,4,4,4,-0.31236106157302856,0.21225416660308838,-0.05005344748497009
255,lejepa,gradcam,predicted,backbone.layer2,0,0,0,0.5050617456436157,0.30467572808265686,0.4048687368631363
192,lejepa,gradcam,predicted,backbone.layer3,0,0,0,0.040541209280490875,0.4007120430469513,0.22062662616372108
193,lejepa,gradcam,predicted,backbone.layer3,1,1,1,0.5020427107810974,0.2805982232093811,0.39132046699523926
194,lejepa,gradcam,predicted,backbone.layer3,7,6,6,0.7672457695007324,0.48586606979370117,0.6265559196472168
195,lejepa,gradcam,predicted,backbone.layer3,2,5,5,-0.27344104647636414,0.3357870280742645,0.031172990798950195
196,lejepa,gradcam,predicted,backbone.layer3,8,8,8,0.43336158990859985,0.47039201855659485,0.45187680423259735
197,lejepa,gradcam,predicted,backbone.layer3,8,8,8,-0.10159219801425934,0.2739261984825134,0.08616700023412704
198,lejepa,gradcam,predicted,backbone.layer3,7,7,7,0.18903909623622894,0.4595106840133667,0.3242748901247978
199,lejepa,gradcam,predicted,backbone.layer3,8,8,8,0.3834153711795807,0.5316758155822754,0.45754559338092804
200,lejepa,gradcam,predicted,backbone.layer3,5,5,5,-0.3536809980869293,0.2591971755027771,-0.04724191129207611
201,lejepa,gradcam,predicted,backbone.layer3,1,1,1,0.7616214156150818,0.35268786549568176,0.5571546405553818
202,lejepa,gradcam,predicted,backbone.layer3,8,0,0,0.6966217756271362,0.45482969284057617,0.5757257342338562
203,lejepa,gradcam,predicted,backbone.layer3,7,7,7,0.6377351880073547,0.3775109648704529,0.5076230764389038
204,lejepa,gradcam,predicted,backbone.layer3,1,1,1,0.6895378828048706,0.5323582291603088,0.6109480559825897
205,lejepa,gradcam,predicted,backbone.layer3,3,3,3,-0.11442051082849503,0.26257336139678955,0.07407642528414726
206,lejepa,gradcam,predicted,backbone.layer3,0,0,0,0.7562762498855591,0.5970094799995422,0.6766428649425507
207,lejepa,gradcam,predicted,backbone.layer3,5,5,5,0.9666364192962646,0.40206408500671387,0.6843502521514893
208,lejepa,gradcam,predicted,backbone.layer3,7,7,7,0.697300910949707,0.5382019877433777,0.6177514493465424
209,lejepa,gradcam,predicted,backbone.layer3,9,9,9,0.6724768877029419,0.4576945900917053,0.5650857388973236
210,lejepa,gradcam,predicted,backbone.layer3,7,2,2,0.15031492710113525,0.39745351672172546,0.27388422191143036
211,lejepa,gradcam,predicted,backbone.layer3,4,8,8,-0.12871281802654266,0.2830193340778351,0.07715325802564621
212,lejepa,gradcam,predicted,backbone.layer3,5,5,5,0.41668185591697693,0.3252044916152954,0.37094317376613617
213,lejepa,gradcam,predicted,backbone.layer3,9,9,9,0.4042390286922455,0.3423851430416107,0.3733120858669281
214,lejepa,gradcam,predicted,backbone.layer3,8,6,6,0.8016121983528137,0.43498948216438293,0.6183008402585983
215,lejepa,gradcam,predicted,backbone.layer3,0,0,0,-0.26156240701675415,0.33736637234687805,0.03790198266506195
216,lejepa,gradcam,predicted,backbone.layer3,7,7,7,0.8022372722625732,0.4139000177383423,0.6080686450004578
217,lejepa,gradcam,predicted,backbone.layer3,9,9,9,0.8035133481025696,0.45789140462875366,0.6307023763656616
218,lejepa,gradcam,predicted,backbone.layer3,8,0,0,-0.4887048006057739,0.32500243186950684,-0.08185118436813354
219,lejepa,gradcam,predicted,backbone.layer3,2,4,4,0.06908770650625229,0.38052359223365784,0.22480564936995506
220,lejepa,gradcam,predicted,backbone.layer3,7,7,7,0.33525604009628296,0.3616439998149872,0.34845001995563507
221,lejepa,gradcam,predicted,backbone.layer3,6,3,3,0.07369846850633621,0.3729916512966156,0.2233450599014759
222,lejepa,gradcam,predicted,backbone.layer3,9,9,9,0.4543956220149994,0.45246419310569763,0.4534299075603485
223,lejepa,gradcam,predicted,backbone.layer3,4,4,4,-0.3766202926635742,0.2295185774564743,-0.07355085760354996
224,lejepa,gradcam,predicted,backbone.layer3,3,5,5,-0.21027621626853943,0.1535160094499588,-0.028380103409290314
225,lejepa,gradcam,predicted,backbone.layer3,9,9,9,-0.19339369237422943,0.442617267370224,0.12461178749799728
226,lejepa,gradcam,predicted,backbone.layer3,6,2,2,-0.2810249924659729,0.26348620653152466,-0.008769392967224121
227,lejepa,gradcam,predicted,backbone.layer3,4,0,0,0.5213443636894226,0.45968329906463623,0.4905138313770294
228,lejepa,gradcam,predicted,backbone.layer3,7,5,5,0.3761822581291199,0.2579227387905121,0.317052498459816
229,lejepa,gradcam,predicted,backbone.layer3,6,6,6,0.45434972643852234,0.33768048882484436,0.39601510763168335
230,lejepa,gradcam,predicted,backbone.layer3,5,5,5,0.7045547962188721,0.40647441148757935,0.5555146038532257
231,lejepa,gradcam,predicted,backbone.layer3,1,9,9,0.6964846849441528,0.3511379361152649,0.5238113105297089
232,lejepa,gradcam,predicted,backbone.layer3,5,3,3,0.6181024312973022,0.5069503784179688,0.5625264048576355
233,lejepa,gradcam,predicted,backbone.layer3,8,8,8,0.6806442141532898,0.298057496547699,0.4893508553504944
234,lejepa,gradcam,predicted,backbone.layer3,8,8,8,0.11994587630033493,0.4441261291503906,0.2820360027253628
235,lejepa,gradcam,predicted,backbone.layer3,0,0,0,0.679630696773529,0.548078179359436,0.6138544380664825
236,lejepa,gradcam,predicted,backbone.layer3,4,4,4,-0.374897837638855,0.269172340631485,-0.052862748503685
237,lejepa,gradcam,predicted,backbone.layer3,0,0,0,0.1824091374874115,0.5369807481765747,0.3596949428319931
238,lejepa,gradcam,predicted,backbone.layer3,5,2,2,0.7606557011604309,0.46451374888420105,0.612584725022316
239,lejepa,gradcam,predicted,backbone.layer3,5,2,2,0.39738550782203674,0.4787876605987549,0.4380865842103958
240,lejepa,gradcam,predicted,backbone.layer3,1,1,1,-0.25070446729660034,0.30805546045303345,0.028675496578216553
241,lejepa,gradcam,predicted,backbone.layer3,1,1,1,0.6853302717208862,0.5104719400405884,0.5979011058807373
242,lejepa,gradcam,predicted,backbone.layer3,8,8,8,0.391875296831131,0.2814117670059204,0.3366435319185257
243,lejepa,gradcam,predicted,backbone.layer3,9,9,9,-0.08175987750291824,0.335033655166626,0.12663688883185387
244,lejepa,gradcam,predicted,backbone.layer3,0,0,0,0.10829462110996246,0.3820818066596985,0.24518821388483047
245,lejepa,gradcam,predicted,backbone.layer3,3,8,8,0.37670496106147766,0.36163243651390076,0.3691686987876892
246,lejepa,gradcam,predicted,backbone.layer3,1,9,9,0.43217015266418457,0.49403780698776245,0.4631039798259735
247,lejepa,gradcam,predicted,backbone.layer3,9,9,9,0.31256163120269775,0.23052754998207092,0.27154459059238434
248,lejepa,gradcam,predicted,backbone.layer3,2,3,3,-0.1319504827260971,0.21657545864582062,0.042312487959861755
249,lejepa,gradcam,predicted,backbone.layer3,2,2,2,-0.16100338101387024,0.2812366187572479,0.06011661887168884
250,lejepa,gradcam,predicted,backbone.layer3,5,5,5,0.8488264679908752,0.4258890748023987,0.637357771396637
251,lejepa,gradcam,predicted,backbone.layer3,3,5,5,0.7272831797599792,0.4095013439655304,0.5683922618627548
252,lejepa,gradcam,predicted,backbone.layer3,9,9,9,0.5523115992546082,0.4019026756286621,0.47710713744163513
253,lejepa,gradcam,predicted,backbone.layer3,9,9,9,0.022323796525597572,0.41451671719551086,0.21842025686055422
254,lejepa,gradcam,predicted,backbone.layer3,4,4,4,-0.46574637293815613,0.3343227803707123,-0.06571179628372192
255,lejepa,gradcam,predicted,backbone.layer3,0,0,0,0.8238855004310608,0.510416567325592,0.6671510338783264
192,lejepa,gradcam,predicted,backbone.layer4,0,0,0,0.37517207860946655,0.47470393776893616,0.42493800818920135
193,lejepa,gradcam,predicted,backbone.layer4,1,1,1,0.48888617753982544,0.4729648232460022,0.4809255003929138
194,lejepa,gradcam,predicted,backbone.layer4,7,6,6,0.3856815993785858,0.5124523639678955,0.44906698167324066
195,lejepa,gradcam,predicted,backbone.layer4,2,5,5,0.15629251301288605,0.47549137473106384,0.31589194387197495
196,lejepa,gradcam,predicted,backbone.layer4,8,8,8,0.6429924368858337,0.5546719431877136,0.5988321900367737
197,lejepa,gradcam,predicted,backbone.layer4,8,8,8,0.29710739850997925,0.514393150806427,0.4057502746582031
198,lejepa,gradcam,predicted,backbone.layer4,7,7,7,0.11113974452018738,0.4694664478302002,0.2903030961751938
199,lejepa,gradcam,predicted,backbone.layer4,8,8,8,0.6636147499084473,0.6262215971946716,0.6449181735515594
200,lejepa,gradcam,predicted,backbone.layer4,5,5,5,0.3212187886238098,0.4803190529346466,0.4007689207792282
201,lejepa,gradcam,predicted,backbone.layer4,1,1,1,0.53825843334198,0.5273748636245728,0.5328166484832764
202,lejepa,gradcam,predicted,backbone.layer4,8,0,0,0.6200624704360962,0.6017168164253235,0.6108896434307098
203,lejepa,gradcam,predicted,backbone.layer4,7,7,7,0.4785519540309906,0.5024917125701904,0.4905218333005905
204,lejepa,gradcam,predicted,backbone.layer4,1,1,1,0.44917234778404236,0.5703421235084534,0.5097572356462479
205,lejepa,gradcam,predicted,backbone.layer4,3,3,3,0.2167578935623169,0.5501689314842224,0.38346341252326965
206,lejepa,gradcam,predicted,backbone.layer4,0,0,0,0.6612226366996765,0.6973112225532532,0.6792669296264648
207,lejepa,gradcam,predicted,backbone.layer4,5,5,5,0.6892487406730652,0.5835644006729126,0.6364065706729889
208,lejepa,gradcam,predicted,backbone.layer4,7,7,7,0.7779498100280762,0.5818989872932434,0.6799243986606598
209,lejepa,gradcam,predicted,backbone.layer4,9,9,9,0.3876684904098511,0.529140055179596,0.4584042727947235
210,lejepa,gradcam,predicted,backbone.layer4,7,2,2,0.678900957107544,0.5946145057678223,0.6367577314376831
211,lejepa,gradcam,predicted,backbone.layer4,4,8,8,0.7017670273780823,0.6260422468185425,0.6639046370983124
212,lejepa,gradcam,predicted,backbone.layer4,5,5,5,0.5100803971290588,0.6218063831329346,0.5659433901309967
213,lejepa,gradcam,predicted,backbone.layer4,9,9,9,0.41601720452308655,0.5564014315605164,0.48620931804180145
214,lejepa,gradcam,predicted,backbone.layer4,8,6,6,0.1349390596151352,0.3773667812347412,0.2561529204249382
215,lejepa,gradcam,predicted,backbone.layer4,0,0,0,0.4218456447124481,0.6215193271636963,0.5216824859380722
216,lejepa,gradcam,predicted,backbone.layer4,7,7,7,0.48052045702934265,0.5004062056541443,0.49046333134174347
217,lejepa,gradcam,predicted,backbone.layer4,9,9,9,0.6938604712486267,0.5899117588996887,0.6418861150741577
218,lejepa,gradcam,predicted,backbone.layer4,8,0,0,0.5094572305679321,0.5744911432266235,0.5419741868972778
219,lejepa,gradcam,predicted,backbone.layer4,2,4,4,0.42376908659935,0.49817854166030884,0.4609738141298294
220,lejepa,gradcam,predicted,backbone.layer4,7,7,7,0.5880460143089294,0.5365080833435059,0.5622770488262177
221,lejepa,gradcam,predicted,backbone.layer4,6,3,3,0.8729363679885864,0.6467486619949341,0.7598425149917603
222,lejepa,gradcam,predicted,backbone.layer4,9,9,9,0.6169334650039673,0.5824083685874939,0.5996709167957306
223,lejepa,gradcam,predicted,backbone.layer4,4,4,4,0.6735709309577942,0.5870134830474854,0.6302922070026398
224,lejepa,gradcam,predicted,backbone.layer4,3,5,5,0.3015446960926056,0.5237930417060852,0.4126688688993454
225,lejepa,gradcam,predicted,backbone.layer4,9,9,9,0.6394949555397034,0.6206005215644836,0.6300477385520935
226,lejepa,gradcam,predicted,backbone.layer4,6,2,2,-0.13525311648845673,0.4375598430633545,0.15115336328744888
227,lejepa,gradcam,predicted,backbone.layer4,4,0,0,-0.004601283464580774,0.43646475672721863,0.21593173663131893
228,lejepa,gradcam,predicted,backbone.layer4,7,5,5,0.3762251138687134,0.5319584608078003,0.45409178733825684
229,lejepa,gradcam,predicted,backbone.layer4,6,6,6,0.4065020978450775,0.5537899732589722,0.48014603555202484
230,lejepa,gradcam,predicted,backbone.layer4,5,5,5,0.48966139554977417,0.6156368255615234,0.5526491105556488
231,lejepa,gradcam,predicted,backbone.layer4,1,9,9,0.6437044739723206,0.5942147970199585,0.6189596354961395
232,lejepa,gradcam,predicted,backbone.layer4,5,3,3,0.10038159787654877,0.49965181946754456,0.30001670867204666
233,lejepa,gradcam,predicted,backbone.layer4,8,8,8,0.6090232729911804,0.5932764410972595,0.60114985704422
234,lejepa,gradcam,predicted,backbone.layer4,8,8,8,0.47962450981140137,0.6028965711593628,0.5412605404853821
235,lejepa,gradcam,predicted,backbone.layer4,0,0,0,0.38150766491889954,0.6153693199157715,0.4984384924173355
236,lejepa,gradcam,predicted,backbone.layer4,4,4,4,0.8298937678337097,0.6730723977088928,0.7514830827713013
237,lejepa,gradcam,predicted,backbone.layer4,0,0,0,0.0950406864285469,0.4336438775062561,0.2643422819674015
238,lejepa,gradcam,predicted,backbone.layer4,5,2,2,-0.18799249827861786,0.3878710865974426,0.09993929415941238
239,lejepa,gradcam,predicted,backbone.layer4,5,2,2,0.5921041369438171,0.6265945434570312,0.6093493402004242
240,lejepa,gradcam,predicted,backbone.layer4,1,1,1,0.6994488835334778,0.5844020843505859,0.6419254839420319
241,lejepa,gradcam,predicted,backbone.layer4,1,1,1,0.3489636480808258,0.5095007419586182,0.429232195019722
242,lejepa,gradcam,predicted,backbone.layer4,8,8,8,0.43274664878845215,0.4587392807006836,0.44574296474456787
243,lejepa,gradcam,predicted,backbone.layer4,9,9,9,0.4498206079006195,0.4959937036037445,0.472907155752182
244,lejepa,gradcam,predicted,backbone.layer4,0,0,0,0.1713036596775055,0.4666266143321991,0.3189651370048523
245,lejepa,gradcam,predicted,backbone.layer4,3,8,8,0.638838529586792,0.5521748065948486,0.5955066680908203
246,lejepa,gradcam,predicted,backbone.layer4,1,9,9,0.4550996422767639,0.5439062714576721,0.499502956867218
247,lejepa,gradcam,predicted,backbone.layer4,9,9,9,0.6767481565475464,0.49821025133132935,0.5874792039394379
248,lejepa,gradcam,predicted,backbone.layer4,2,3,3,0.3039909601211548,0.4915648400783539,0.39777790009975433
249,lejepa,gradcam,predicted,backbone.layer4,2,2,2,0.1677112579345703,0.47086966037750244,0.3192904591560364
250,lejepa,gradcam,predicted,backbone.layer4,5,5,5,0.3187626004219055,0.470869779586792,0.39481619000434875
251,lejepa,gradcam,predicted,backbone.layer4,3,5,5,0.5937570929527283,0.637100100517273,0.6154285967350006
252,lejepa,gradcam,predicted,backbone.layer4,9,9,9,0.6856776475906372,0.5871415138244629,0.63640958070755
253,lejepa,gradcam,predicted,backbone.layer4,9,9,9,0.740239143371582,0.624880313873291,0.6825597286224365
254,lejepa,gradcam,predicted,backbone.layer4,4,4,4,0.5208788514137268,0.6404651403427124,0.5806719958782196
255,lejepa,gradcam,predicted,backbone.layer4,0,0,0,0.3300545811653137,0.5565441250801086,0.4432993531227112
256,lejepa,gradcam,predicted,backbone.layer1,3,6,6,0.29799196124076843,0.4573327600955963,0.3776623606681824
257,lejepa,gradcam,predicted,backbone.layer1,0,0,0,-0.06229015067219734,0.1506243795156479,0.04416711442172527
258,lejepa,gradcam,predicted,backbone.layer1,0,0,0,-0.05149315297603607,0.13133138418197632,0.03991911560297012
259,lejepa,gradcam,predicted,backbone.layer1,9,9,9,0.22275102138519287,0.09809771925210953,0.1604243703186512
260,lejepa,gradcam,predicted,backbone.layer1,8,8,8,0.10166184604167938,0.30812138319015503,0.2048916146159172
261,lejepa,gradcam,predicted,backbone.layer1,1,1,1,0.06260892748832703,0.3512047827243805,0.20690685510635376
262,lejepa,gradcam,predicted,backbone.layer1,5,2,2,-0.15007850527763367,0.09776169806718826,-0.026158403605222702
263,lejepa,gradcam,predicted,backbone.layer1,7,6,6,0.18978717923164368,0.4722098112106323,0.330998495221138
264,lejepa,gradcam,predicted,backbone.layer1,0,0,0,0.04364456608891487,0.07221551984548569,0.05793004296720028
265,lejepa,gradcam,predicted,backbone.layer1,8,8,8,0.19637858867645264,0.30045342445373535,0.248416006565094
266,lejepa,gradcam,predicted,backbone.layer1,2,3,3,0.25242263078689575,0.38528868556022644,0.3188556581735611
267,lejepa,gradcam,predicted,backbone.layer1,4,4,4,0.07316473126411438,0.29912400245666504,0.1861443668603897
268,lejepa,gradcam,predicted,backbone.layer1,7,7,7,0.1626514047384262,0.09025319665670395,0.12645230069756508
269,lejepa,gradcam,predicted,backbone.layer1,0,2,2,0.013861581683158875,0.03887346014380455,0.026367520913481712
270,lejepa,gradcam,predicted,backbone.layer1,2,4,4,0.22179821133613586,0.4329746961593628,0.32738645374774933
271,lejepa,gradcam,predicted,backbone.layer1,3,5,5,0.32054969668388367,0.35888752341270447,0.33971861004829407
272,lejepa,gradcam,predicted,backbone.layer1,6,6,6,0.4482244849205017,0.5676748752593994,0.5079496800899506
273,lejepa,gradcam,predicted,backbone.layer1,3,3,3,0.4304661750793457,0.3062342703342438,0.36835022270679474
274,lejepa,gradcam,predicted,backbone.layer1,8,8,8,0.09604585915803909,0.18577194213867188,0.14090890064835548
275,lejepa,gradcam,predicted,backbone.layer1,5,3,3,-0.11468569934368134,0.1558542102575302,0.02058425545692444
276,lejepa,gradcam,predicted,backbone.layer1,0,8,8,0.12380196154117584,0.18451610207557678,0.1541590318083763
277,lejepa,gradcam,predicted,backbone.layer1,3,5,5,0.08974339812994003,0.15150012075901031,0.12062175944447517
278,lejepa,gradcam,predicted,backbone.layer1,4,5,5,-0.0643736720085144,0.056516680866479874,-0.003928495571017265
279,lejepa,gradcam,predicted,backbone.layer1,3,4,4,0.13749024271965027,0.23150311410427094,0.1844966784119606
280,lejepa,gradcam,predicted,backbone.layer1,9,9,9,-0.0639677345752716,0.07965867221355438,0.007845468819141388
281,lejepa,gradcam,predicted,backbone.layer1,0,0,0,0.3437839150428772,0.28595009446144104,0.3148670047521591
282,lejepa,gradcam,predicted,backbone.layer1,6,6,6,0.4386816620826721,0.5230593085289001,0.48087048530578613
283,lejepa,gradcam,predicted,backbone.layer1,1,1,1,0.2046595960855484,0.07275644689798355,0.13870802149176598
284,lejepa,gradcam,predicted,backbone.layer1,0,9,9,0.2986682057380676,0.28660517930984497,0.2926366925239563
285,lejepa,gradcam,predicted,backbone.layer1,9,9,9,-0.049662768840789795,0.01643560826778412,-0.016613580286502838
286,lejepa,gradcam,predicted,backbone.layer1,1,5,5,0.10347986221313477,0.16097502410411835,0.13222744315862656
287,lejepa,gradcam,predicted,backbone.layer1,0,8,8,0.24379859864711761,0.3416959345340729,0.29274726659059525
288,lejepa,gradcam,predicted,backbone.layer1,7,7,7,0.5398862361907959,0.42922091484069824,0.48455357551574707
289,lejepa,gradcam,predicted,backbone.layer1,9,9,9,0.020735541358590126,0.2350141853094101,0.1278748633340001
290,lejepa,gradcam,predicted,backbone.layer1,1,1,1,0.3018633723258972,0.33009570837020874,0.315979540348053
291,lejepa,gradcam,predicted,backbone.layer1,2,2,2,0.0885162204504013,0.2688467800617218,0.17868150025606155
292,lejepa,gradcam,predicted,backbone.layer1,6,6,6,0.15342864394187927,0.426169753074646,0.28979919850826263
293,lejepa,gradcam,predicted,backbone.layer1,9,9,9,-0.07800190150737762,0.07700374722480774,-0.0004990771412849426
294,lejepa,gradcam,predicted,backbone.layer1,3,3,3,0.1640191376209259,0.2737277150154114,0.21887342631816864
295,lejepa,gradcam,predicted,backbone.layer1,4,4,4,0.43281733989715576,0.3328065574169159,0.3828119486570358
296,lejepa,gradcam,predicted,backbone.layer1,6,6,6,0.04678564891219139,0.1919163465499878,0.11935099773108959
297,lejepa,gradcam,predicted,backbone.layer1,0,0,0,0.15771767497062683,0.0846419557929039,0.12117981538176537
298,lejepa,gradcam,predicted,backbone.layer1,0,0,0,-0.15204806625843048,0.13672621548175812,-0.007660925388336182
299,lejepa,gradcam,predicted,backbone.layer1,6,6,6,-0.049280863255262375,0.34573161602020264,0.14822537638247013
300,lejepa,gradcam,predicted,backbone.layer1,6,6,6,0.34897688031196594,0.5062955617904663,0.4276362210512161
301,lejepa,gradcam,predicted,backbone.layer1,6,6,6,0.36969855427742004,0.5345841646194458,0.4521413594484329
302,lejepa,gradcam,predicted,backbone.layer1,3,5,5,-0.08709442615509033,0.06462521851062775,-0.011234603822231293
303,lejepa,gradcam,predicted,backbone.layer1,2,5,5,0.11325985938310623,0.22639025747776031,0.16982505843043327
304,lejepa,gradcam,predicted,backbone.layer1,6,6,6,0.10029308497905731,0.3181736469268799,0.2092333659529686
305,lejepa,gradcam,predicted,backbone.layer1,1,8,8,-0.058989644050598145,0.160956010222435,0.050983183085918427
306,lejepa,gradcam,predicted,backbone.layer1,8,8,8,-0.09439559280872345,0.1581607609987259,0.03188258409500122
307,lejepa,gradcam,predicted,backbone.layer1,2,5,5,0.2843281030654907,0.19193559885025024,0.23813185095787048
308,lejepa,gradcam,predicted,backbone.layer1,1,1,1,0.3644759953022003,0.3046555519104004,0.33456577360630035
309,lejepa,gradcam,predicted,backbone.layer1,6,2,2,-0.25459420680999756,0.2767375707626343,0.01107168197631836
310,lejepa,gradcam,predicted,backbone.layer1,8,8,8,0.7503748536109924,0.3926128149032593,0.5714938342571259
311,lejepa,gradcam,predicted,backbone.layer1,6,6,6,0.3562522828578949,0.3526039123535156,0.35442809760570526
312,lejepa,gradcam,predicted,backbone.layer1,8,8,8,0.4451432228088379,0.45284804701805115,0.4489956349134445
313,lejepa,gradcam,predicted,backbone.layer1,0,2,2,0.323824405670166,0.46852466464042664,0.3961745351552963
314,lejepa,gradcam,predicted,backbone.layer1,4,4,4,0.038344841450452805,0.3319917619228363,0.18516830168664455
315,lejepa,gradcam,predicted,backbone.layer1,0,5,5,0.7414937019348145,0.44804349541664124,0.5947685986757278
316,lejepa,gradcam,predicted,backbone.layer1,7,7,7,-0.09617429226636887,0.07863406836986542,-0.008770111948251724
317,lejepa,gradcam,predicted,backbone.layer1,7,4,4,0.01176532730460167,0.15126265585422516,0.08151399157941341
318,lejepa,gradcam,predicted,backbone.layer1,5,5,5,0.10116766393184662,0.25154614448547363,0.17635690420866013
319,lejepa,gradcam,predicted,backbone.layer1,5,5,5,-0.05861821398139,0.004494232591241598,-0.0270619906950742
256,lejepa,gradcam,predicted,backbone.layer2,3,6,6,-0.15457023680210114,0.22523342072963715,0.035331591963768005
257,lejepa,gradcam,predicted,backbone.layer2,0,0,0,-0.030516445636749268,0.3544576168060303,0.1619705855846405
258,lejepa,gradcam,predicted,backbone.layer2,0,0,0,0.09920918196439743,0.39854806661605835,0.2488786242902279
259,lejepa,gradcam,predicted,backbone.layer2,9,9,9,0.1938224732875824,0.43680712580680847,0.31531479954719543
260,lejepa,gradcam,predicted,backbone.layer2,8,8,8,-0.17067496478557587,0.20190808176994324,0.015616558492183685
261,lejepa,gradcam,predicted,backbone.layer2,1,1,1,-0.13030192255973816,0.26421329379081726,0.06695568561553955
262,lejepa,gradcam,predicted,backbone.layer2,5,2,2,0.19624464213848114,0.4510391652584076,0.32364190369844437
263,lejepa,gradcam,predicted,backbone.layer2,7,6,6,0.14276014268398285,0.24586577713489532,0.1943129599094391
264,lejepa,gradcam,predicted,backbone.layer2,0,0,0,0.579200804233551,0.31384992599487305,0.44652536511421204
265,lejepa,gradcam,predicted,backbone.layer2,8,8,8,-0.09950868040323257,0.3174777626991272,0.10898454114794731
266,lejepa,gradcam,predicted,backbone.layer2,2,3,3,-0.1621767282485962,0.21320651471614838,0.025514893233776093
267,lejepa,gradcam,predicted,backbone.layer2,4,4,4,-0.18812987208366394,0.25248831510543823,0.032179221510887146
268,lejepa,gradcam,predicted,backbone.layer2,7,7,7,0.042711932212114334,0.25040507316589355,0.14655850268900394
269,lejepa,gradcam,predicted,backbone.layer2,0,2,2,-0.1570882350206375,0.3995741903781891,0.12124297767877579
270,lejepa,gradcam,predicted,backbone.layer2,2,4,4,-0.14818647503852844,0.16951215267181396,0.010662838816642761
271,lejepa,gradcam,predicted,backbone.layer2,3,5,5,0.6620486974716187,0.49331843852996826,0.5776835680007935
272,lejepa,gradcam,predicted,backbone.layer2,6,6,6,0.01221498753875494,0.28452828526496887,0.1483716364018619
273,lejepa,gradcam,predicted,backbone.layer2,3,3,3,0.1127215176820755,0.34613701701164246,0.22942926734685898
274,lejepa,gradcam,predicted,backbone.layer2,8,8,8,0.004363656975328922,0.3977200984954834,0.20104187773540616
275,lejepa,gradcam,predicted,backbone.layer2,5,3,3,-0.17021209001541138,0.3409985601902008,0.08539323508739471
276,lejepa,gradcam,predicted,backbone.layer2,0,8,8,0.14378921687602997,0.35387182235717773,0.24883051961660385
277,lejepa,gradcam,predicted,backbone.layer2,3,5,5,0.19585764408111572,0.3992322087287903,0.297544926404953
278,lejepa,gradcam,predicted,backbone.layer2,4,5,5,-0.07529239356517792,0.41638973355293274,0.1705486699938774
279,lejepa,gradcam,predicted,backbone.layer2,3,4,4,-0.12010879814624786,0.2944095730781555,0.08715038746595383
280,lejepa,gradcam,predicted,backbone.layer2,9,9,9,-0.01466512493789196,0.230980783700943,0.10815782938152552
281,lejepa,gradcam,predicted,backbone.layer2,0,0,0,0.051017481833696365,0.24268695712089539,0.14685221947729588
282,lejepa,gradcam,predicted,backbone.layer2,6,6,6,-0.19332383573055267,0.17425420880317688,-0.009534813463687897
283,lejepa,gradcam,predicted,backbone.layer2,1,1,1,0.23141144216060638,0.5821756720542908,0.4067935571074486
284,lejepa,gradcam,predicted,backbone.layer2,0,9,9,-0.055497754365205765,0.1761401891708374,0.06032121740281582
285,lejepa,gradcam,predicted,backbone.layer2,9,9,9,-0.016718441620469093,0.42307546734809875,0.20317851286381483
286,lejepa,gradcam,predicted,backbone.layer2,1,5,5,0.10368222743272781,0.3889283537864685,0.24630529060959816
287,lejepa,gradcam,predicted,backbone.layer2,0,8,8,0.46215248107910156,0.45223528146743774,0.45719388127326965
288,lejepa,gradcam,predicted,backbone.layer2,7,7,7,-0.15645389258861542,0.175689235329628,0.009617671370506287
289,lejepa,gradcam,predicted,backbone.layer2,9,9,9,-0.04490390047430992,0.3650197982788086,0.16005794890224934
290,lejepa,gradcam,predicted,backbone.layer2,1,1,1,-0.047626033425331116,0.28067952394485474,0.11652674525976181
291,lejepa,gradcam,predicted,backbone.layer2,2,2,2,0.3368489146232605,0.34013524651527405,0.3384920805692673
292,lejepa,gradcam,predicted,backbone.layer2,6,6,6,-0.20784461498260498,0.26042070984840393,0.026288047432899475
293,lejepa,gradcam,predicted,backbone.layer2,9,9,9,0.12972991168498993,0.4317454397678375,0.2807376757264137
294,lejepa,gradcam,predicted,backbone.layer2,3,3,3,0.0486878901720047,0.3288438022136688,0.18876584619283676
295,lejepa,gradcam,predicted,backbone.layer2,4,4,4,0.47087904810905457,0.20400916039943695,0.33744410425424576
296,lejepa,gradcam,predicted,backbone.layer2,6,6,6,0.7338622212409973,0.4505467116832733,0.5922044664621353
297,lejepa,gradcam,predicted,backbone.layer2,0,0,0,0.26842769980430603,0.2627953290939331,0.26561151444911957
298,lejepa,gradcam,predicted,backbone.layer2,0,0,0,0.232767716050148,0.27510297298431396,0.253935344517231
299,lejepa,gradcam,predicted,backbone.layer2,6,6,6,-0.14639724791049957,0.19265437126159668,0.023128561675548553
300,lejepa,gradcam,predicted,backbone.layer2,6,6,6,0.01668042689561844,0.26261016726493835,0.1396452970802784
301,lejepa,gradcam,predicted,backbone.layer2,6,6,6,-0.31445181369781494,0.19121858477592468,-0.06161661446094513
302,lejepa,gradcam,predicted,backbone.layer2,3,5,5,-0.0743703618645668,0.20673564076423645,0.06618263944983482
303,lejepa,gradcam,predicted,backbone.layer2,2,5,5,0.2847585380077362,0.3561369478702545,0.32044774293899536
304,lejepa,gradcam,predicted,backbone.layer2,6,6,6,-0.19397081434726715,0.25176137685775757,0.02889528125524521
305,lejepa,gradcam,predicted,backbone.layer2,1,8,8,-0.02651185728609562,0.14564016461372375,0.05956415366381407
306,lejepa,gradcam,predicted,backbone.layer2,8,8,8,0.5887073278427124,0.42579856514930725,0.5072529464960098
307,lejepa,gradcam,predicted,backbone.layer2,2,5,5,-0.10777967423200607,0.15764731168746948,0.024933818727731705
308,lejepa,gradcam,predicted,backbone.layer2,1,1,1,-0.014659672975540161,0.3482741713523865,0.16680724918842316
309,lejepa,gradcam,predicted,backbone.layer2,6,2,2,0.004777826368808746,0.300772100687027,0.15277496352791786
310,lejepa,gradcam,predicted,backbone.layer2,8,8,8,0.023661157116293907,0.4389401376247406,0.23130064737051725
311,lejepa,gradcam,predicted,backbone.layer2,6,6,6,0.03586157038807869,0.3766615390777588,0.20626155473291874
312,lejepa,gradcam,predicted,backbone.layer2,8,8,8,-0.09199824184179306,0.059496816247701645,-0.016250712797045708
313,lejepa,gradcam,predicted,backbone.layer2,0,2,2,-0.12013234943151474,0.3032095730304718,0.09153861179947853
314,lejepa,gradcam,predicted,backbone.layer2,4,4,4,-0.0883597731590271,0.31712105870246887,0.11438064277172089
315,lejepa,gradcam,predicted,backbone.layer2,0,5,5,0.12054552882909775,0.27087727189064026,0.195711400359869
316,lejepa,gradcam,predicted,backbone.layer2,7,7,7,0.0549345463514328,0.22830399870872498,0.1416192725300789
317,lejepa,gradcam,predicted,backbone.layer2,7,4,4,0.27105575799942017,0.45168694853782654,0.36137135326862335
318,lejepa,gradcam,predicted,backbone.layer2,5,5,5,0.2688737213611603,0.39239728450775146,0.33063550293445587
319,lejepa,gradcam,predicted,backbone.layer2,5,5,5,0.3511255979537964,0.4729503393173218,0.4120379686355591
256,lejepa,gradcam,predicted,backbone.layer3,3,6,6,-0.2820240557193756,0.30834051966667175,0.013158231973648071
257,lejepa,gradcam,predicted,backbone.layer3,0,0,0,0.2869289517402649,0.5247828364372253,0.4058558940887451
258,lejepa,gradcam,predicted,backbone.layer3,0,0,0,0.1550079584121704,0.5075413584709167,0.3312746584415436
259,lejepa,gradcam,predicted,backbone.layer3,9,9,9,-0.35253098607063293,0.2699283957481384,-0.04130129516124725
260,lejepa,gradcam,predicted,backbone.layer3,8,8,8,0.41180145740509033,0.4709913432598114,0.44139640033245087
261,lejepa,gradcam,predicted,backbone.layer3,1,1,1,0.45654213428497314,0.3958545923233032,0.4261983633041382
262,lejepa,gradcam,predicted,backbone.layer3,5,2,2,-0.10033836215734482,0.24866056442260742,0.0741611011326313
263,lejepa,gradcam,predicted,backbone.layer3,7,6,6,0.29149875044822693,0.48250260949134827,0.3870006799697876
264,lejepa,gradcam,predicted,backbone.layer3,0,0,0,0.1035224199295044,0.38312673568725586,0.24332457780838013
265,lejepa,gradcam,predicted,backbone.layer3,8,8,8,-0.06423927843570709,0.3797959089279175,0.1577783152461052
266,lejepa,gradcam,predicted,backbone.layer3,2,3,3,-0.08204664289951324,0.352586030960083,0.13526969403028488
267,lejepa,gradcam,predicted,backbone.layer3,4,4,4,-0.34029555320739746,0.2729513645172119,-0.03367209434509277
268,lejepa,gradcam,predicted,backbone.layer3,7,7,7,0.5118803381919861,0.4277227818965912,0.46980156004428864
269,lejepa,gradcam,predicted,backbone.layer3,0,2,2,0.6385863423347473,0.5574043393135071,0.5979953408241272
270,lejepa,gradcam,predicted,backbone.layer3,2,4,4,-0.23512665927410126,0.19812050461769104,-0.01850307732820511
271,lejepa,gradcam,predicted,backbone.layer3,3,5,5,0.5986711382865906,0.3116106688976288,0.4551409035921097
272,lejepa,gradcam,predicted,backbone.layer3,6,6,6,0.731245219707489,0.5014628171920776,0.6163540184497833
273,lejepa,gradcam,predicted,backbone.layer3,3,3,3,0.3453168570995331,0.4847416877746582,0.41502927243709564
274,lejepa,gradcam,predicted,backbone.layer3,8,8,8,-0.08802073448896408,0.428873211145401,0.17042623832821846
275,lejepa,gradcam,predicted,backbone.layer3,5,3,3,-0.35649511218070984,0.3117997646331787,-0.022347673773765564
276,lejepa,gradcam,predicted,backbone.layer3,0,8,8,0.2114081084728241,0.3281729817390442,0.26979054510593414
277,lejepa,gradcam,predicted,backbone.layer3,3,5,5,0.33688923716545105,0.21291375160217285,0.27490149438381195
278,lejepa,gradcam,predicted,backbone.layer3,4,5,5,-0.19798022508621216,0.23149384558200836,0.016756810247898102
279,lejepa,gradcam,predicted,backbone.layer3,3,4,4,0.5994844436645508,0.4284466505050659,0.5139655470848083
280,lejepa,gradcam,predicted,backbone.layer3,9,9,9,0.3500269949436188,0.4552682340145111,0.40264761447906494
281,lejepa,gradcam,predicted,backbone.layer3,0,0,0,-0.44475194811820984,0.374152272939682,-0.035299837589263916
282,lejepa,gradcam,predicted,backbone.layer3,6,6,6,0.48715901374816895,0.4550929367542267,0.4711259752511978
283,lejepa,gradcam,predicted,backbone.layer3,1,1,1,0.8475688099861145,0.3552907407283783,0.6014297753572464
284,lejepa,gradcam,predicted,backbone.layer3,0,9,9,0.3545621633529663,0.4186800718307495,0.3866211175918579
285,lejepa,gradcam,predicted,backbone.layer3,9,9,9,0.2268676906824112,0.5591474771499634,0.3930075839161873
286,lejepa,gradcam,predicted,backbone.layer3,1,5,5,0.8715224266052246,0.3131767511367798,0.5923495888710022
287,lejepa,gradcam,predicted,backbone.layer3,0,8,8,0.14834949374198914,0.29715076088905334,0.22275012731552124
288,lejepa,gradcam,predicted,backbone.layer3,7,7,7,0.10641974955797195,0.30697327852249146,0.2066965140402317
289,lejepa,gradcam,predicted,backbone.layer3,9,9,9,0.502785861492157,0.22413288056850433,0.36345937103033066
290,lejepa,gradcam,predicted,backbone.layer3,1,1,1,0.38477522134780884,0.32028481364250183,0.35253001749515533
291,lejepa,gradcam,predicted,backbone.layer3,2,2,2,0.5129073858261108,0.49188461899757385,0.5023960024118423
292,lejepa,gradcam,predicted,backbone.layer3,6,6,6,0.41855528950691223,0.35143759846687317,0.3849964439868927
293,lejepa,gradcam,predicted,backbone.layer3,9,9,9,0.451956182718277,0.5472586154937744,0.4996073991060257
294,lejepa,gradcam,predicted,backbone.layer3,3,3,3,0.2958186864852905,0.4568544924259186,0.37633658945560455
295,lejepa,gradcam,predicted,backbone.layer3,4,4,4,-0.25658532977104187,0.2323164939880371,-0.01213441789150238
296,lejepa,gradcam,predicted,backbone.layer3,6,6,6,0.08369673788547516,0.1868361532688141,0.13526644557714462
297,lejepa,gradcam,predicted,backbone.layer3,0,0,0,-0.355128675699234,0.29104185104370117,-0.03204341232776642
298,lejepa,gradcam,predicted,backbone.layer3,0,0,0,0.8106096386909485,0.6357612013816833,0.7231854200363159
299,lejepa,gradcam,predicted,backbone.layer3,6,6,6,0.7976199984550476,0.40547749400138855,0.6015487462282181
300,lejepa,gradcam,predicted,backbone.layer3,6,6,6,0.8489425778388977,0.49196532368659973,0.6704539507627487
301,lejepa,gradcam,predicted,backbone.layer3,6,6,6,0.4527427852153778,0.38061627745628357,0.4166795313358307
302,lejepa,gradcam,predicted,backbone.layer3,3,5,5,0.38253650069236755,0.22462284564971924,0.3035796731710434
303,lejepa,gradcam,predicted,backbone.layer3,2,5,5,0.3586229085922241,0.3125132620334625,0.3355680853128433
304,lejepa,gradcam,predicted,backbone.layer3,6,6,6,0.12048564106225967,0.32888317108154297,0.22468440607190132
305,lejepa,gradcam,predicted,backbone.layer3,1,8,8,0.5074347257614136,0.4083709418773651,0.45790283381938934
306,lejepa,gradcam,predicted,backbone.layer3,8,8,8,-0.07465365529060364,0.38121527433395386,0.1532808095216751
307,lejepa,gradcam,predicted,backbone.layer3,2,5,5,0.4254626929759979,0.20317453145980835,0.31431861221790314
308,lejepa,gradcam,predicted,backbone.layer3,1,1,1,0.3152729570865631,0.4914381504058838,0.40335555374622345
309,lejepa,gradcam,predicted,backbone.layer3,6,2,2,-0.10618738830089569,0.38321152329444885,0.13851206749677658
310,lejepa,gradcam,predicted,backbone.layer3,8,8,8,0.5544764399528503,0.38928934931755066,0.4718828946352005
311,lejepa,gradcam,predicted,backbone.layer3,6,6,6,0.8073901534080505,0.4619693160057068,0.6346797347068787
312,lejepa,gradcam,predicted,backbone.layer3,8,8,8,-0.1764281541109085,0.1468501091003418,-0.014789022505283356
313,lejepa,gradcam,predicted,backbone.layer3,0,2,2,-0.07443365454673767,0.19701065123081207,0.0612884983420372
314,lejepa,gradcam,predicted,backbone.layer3,4,4,4,-0.23055996000766754,0.4240911304950714,0.09676558524370193
315,lejepa,gradcam,predicted,backbone.layer3,0,5,5,-0.037698954343795776,0.23371756076812744,0.09800930321216583
316,lejepa,gradcam,predicted,backbone.layer3,7,7,7,0.09960857778787613,0.2781105935573578,0.18885958567261696
317,lejepa,gradcam,predicted,backbone.layer3,7,4,4,-0.3707180619239807,0.27532535791397095,-0.04769635200500488
318,lejepa,gradcam,predicted,backbone.layer3,5,5,5,0.33504462242126465,0.3037537634372711,0.3193991929292679
319,lejepa,gradcam,predicted,backbone.layer3,5,5,5,0.6630216240882874,0.5812594890594482,0.6221405565738678
256,lejepa,gradcam,predicted,backbone.layer4,3,6,6,0.6348406672477722,0.6175939440727234,0.6262173056602478
257,lejepa,gradcam,predicted,backbone.layer4,0,0,0,0.32196322083473206,0.48236849904060364,0.40216585993766785
258,lejepa,gradcam,predicted,backbone.layer4,0,0,0,0.21038778126239777,0.4619936943054199,0.33619073778390884
259,lejepa,gradcam,predicted,backbone.layer4,9,9,9,0.29877397418022156,0.554210901260376,0.42649243772029877
260,lejepa,gradcam,predicted,backbone.layer4,8,8,8,0.6942238211631775,0.5751942992210388,0.6347090601921082
261,lejepa,gradcam,predicted,backbone.layer4,1,1,1,0.5949563980102539,0.514113187789917,0.5545347929000854
262,lejepa,gradcam,predicted,backbone.layer4,5,2,2,0.463411808013916,0.6520500183105469,0.5577309131622314
263,lejepa,gradcam,predicted,backbone.layer4,7,6,6,0.22534652054309845,0.46957898139953613,0.3474627509713173
264,lejepa,gradcam,predicted,backbone.layer4,0,0,0,0.618934690952301,0.6495856046676636,0.6342601478099823
265,lejepa,gradcam,predicted,backbone.layer4,8,8,8,0.1961427628993988,0.4744951128959656,0.3353189378976822
266,lejepa,gradcam,predicted,backbone.layer4,2,3,3,0.37860107421875,0.5291711091995239,0.45388609170913696
267,lejepa,gradcam,predicted,backbone.layer4,4,4,4,0.5606688857078552,0.5371778607368469,0.5489233732223511
268,lejepa,gradcam,predicted,backbone.layer4,7,7,7,0.7312034964561462,0.6216115951538086,0.6764075458049774
269,lejepa,gradcam,predicted,backbone.layer4,0,2,2,0.5781206488609314,0.6220062971115112,0.6000634729862213
270,lejepa,gradcam,predicted,backbone.layer4,2,4,4,-0.08619005233049393,0.45444899797439575,0.1841294728219509
271,lejepa,gradcam,predicted,backbone.layer4,3,5,5,0.6531296968460083,0.5514188408851624,0.6022742688655853
272,lejepa,gradcam,predicted,backbone.layer4,6,6,6,0.36744943261146545,0.5419211983680725,0.454685315489769
273,lejepa,gradcam,predicted,backbone.layer4,3,3,3,0.6000603437423706,0.6017522215843201,0.6009062826633453
274,lejepa,gradcam,predicted,backbone.layer4,8,8,8,0.5103322863578796,0.5681706666946411,0.5392514765262604
275,lejepa,gradcam,predicted,backbone.layer4,5,3,3,0.2730596959590912,0.5288128852844238,0.4009362906217575
276,lejepa,gradcam,predicted,backbone.layer4,0,8,8,0.5293811559677124,0.5414324998855591,0.5354068279266357
277,lejepa,gradcam,predicted,backbone.layer4,3,5,5,0.34429848194122314,0.493732750415802,0.4190156161785126
278,lejepa,gradcam,predicted,backbone.layer4,4,5,5,0.6943027973175049,0.6363068222999573,0.6653048098087311
279,lejepa,gradcam,predicted,backbone.layer4,3,4,4,0.7900561094284058,0.7724156975746155,0.7812359035015106
280,lejepa,gradcam,predicted,backbone.layer4,9,9,9,0.615062952041626,0.5775964260101318,0.5963296890258789
281,lejepa,gradcam,predicted,backbone.layer4,0,0,0,0.37569504976272583,0.5201368927955627,0.4479159712791443
282,lejepa,gradcam,predicted,backbone.layer4,6,6,6,0.3623427748680115,0.4851544499397278,0.42374861240386963
283,lejepa,gradcam,predicted,backbone.layer4,1,1,1,0.7141168713569641,0.6177153587341309,0.6659161150455475
284,lejepa,gradcam,predicted,backbone.layer4,0,9,9,0.7354668974876404,0.5439041256904602,0.6396855115890503
285,lejepa,gradcam,predicted,backbone.layer4,9,9,9,0.7097830176353455,0.5916264653205872,0.6507047414779663
286,lejepa,gradcam,predicted,backbone.layer4,1,5,5,0.8827062845230103,0.5100281238555908,0.6963672041893005
287,lejepa,gradcam,predicted,backbone.layer4,0,8,8,0.3602164089679718,0.586840808391571,0.4735286086797714
288,lejepa,gradcam,predicted,backbone.layer4,7,7,7,0.2520740032196045,0.45346418023109436,0.3527690917253494
289,lejepa,gradcam,predicted,backbone.layer4,9,9,9,0.45119550824165344,0.5078936815261841,0.47954459488391876
290,lejepa,gradcam,predicted,backbone.layer4,1,1,1,0.6583576798439026,0.46117985248565674,0.5597687661647797
291,lejepa,gradcam,predicted,backbone.layer4,2,2,2,0.6825457811355591,0.6803411245346069,0.681443452835083
292,lejepa,gradcam,predicted,backbone.layer4,6,6,6,0.4992966055870056,0.5958157181739807,0.5475561618804932
293,lejepa,gradcam,predicted,backbone.layer4,9,9,9,0.6182776093482971,0.6043796539306641,0.6113286316394806
294,lejepa,gradcam,predicted,backbone.layer4,3,3,3,0.5039941668510437,0.5696792602539062,0.536836713552475
295,lejepa,gradcam,predicted,backbone.layer4,4,4,4,0.5378459692001343,0.5661398768424988,0.5519929230213165
296,lejepa,gradcam,predicted,backbone.layer4,6,6,6,0.16153542697429657,0.5175380110740662,0.33953671902418137
297,lejepa,gradcam,predicted,backbone.layer4,0,0,0,0.1467674821615219,0.507206380367279,0.3269869312644005
298,lejepa,gradcam,predicted,backbone.layer4,0,0,0,0.2690124213695526,0.543684184551239,0.4063483029603958
299,lejepa,gradcam,predicted,backbone.layer4,6,6,6,0.6562907695770264,0.624061644077301,0.6401762068271637
300,lejepa,gradcam,predicted,backbone.layer4,6,6,6,0.6394081711769104,0.6096774339675903,0.6245428025722504
301,lejepa,gradcam,predicted,backbone.layer4,6,6,6,0.3980802595615387,0.6486706137657166,0.5233754366636276
302,lejepa,gradcam,predicted,backbone.layer4,3,5,5,0.6732656359672546,0.4995812177658081,0.5864234268665314
303,lejepa,gradcam,predicted,backbone.layer4,2,5,5,0.6144022345542908,0.6117713451385498,0.6130867898464203
304,lejepa,gradcam,predicted,backbone.layer4,6,6,6,0.3096781373023987,0.5159761905670166,0.41282716393470764
305,lejepa,gradcam,predicted,backbone.layer4,1,8,8,0.16654415428638458,0.5025549530982971,0.33454955369234085
306,lejepa,gradcam,predicted,backbone.layer4,8,8,8,0.741144597530365,0.575197160243988,0.6581708788871765
307,lejepa,gradcam,predicted,backbone.layer4,2,5,5,0.640072762966156,0.4998232126235962,0.5699479877948761
308,lejepa,gradcam,predicted,backbone.layer4,1,1,1,0.11598233133554459,0.5155669450759888,0.3157746382057667
309,lejepa,gradcam,predicted,backbone.layer4,6,2,2,0.17596186697483063,0.4555441439151764,0.3157530054450035
310,lejepa,gradcam,predicted,backbone.layer4,8,8,8,0.2991388738155365,0.5008983016014099,0.4000185877084732
311,lejepa,gradcam,predicted,backbone.layer4,6,6,6,0.541998565196991,0.6093685626983643,0.5756835639476776
312,lejepa,gradcam,predicted,backbone.layer4,8,8,8,0.6006170511245728,0.6563798189163208,0.6284984350204468
313,lejepa,gradcam,predicted,backbone.layer4,0,2,2,0.442838579416275,0.5869667530059814,0.5149026662111282
314,lejepa,gradcam,predicted,backbone.layer4,4,4,4,0.5384634733200073,0.6101757884025574,0.5743196308612823
315,lejepa,gradcam,predicted,backbone.layer4,0,5,5,0.36824730038642883,0.5629400610923767,0.46559368073940277
316,lejepa,gradcam,predicted,backbone.layer4,7,7,7,0.47379887104034424,0.49044734239578247,0.48212310671806335
317,lejepa,gradcam,predicted,backbone.layer4,7,4,4,0.3153107762336731,0.5197250247001648,0.41751790046691895
318,lejepa,gradcam,predicted,backbone.layer4,5,5,5,0.526267409324646,0.5385497212409973,0.5324085652828217
319,lejepa,gradcam,predicted,backbone.layer4,5,5,5,0.7230690717697144,0.539871871471405,0.6314704716205597
320,lejepa,gradcam,predicted,backbone.layer1,3,3,3,0.02757127583026886,0.07954355329275131,0.053557414561510086
321,lejepa,gradcam,predicted,backbone.layer1,5,5,5,0.24448241293430328,0.29522013664245605,0.26985127478837967
322,lejepa,gradcam,predicted,backbone.layer1,2,6,6,0.5413063764572144,0.4257166385650635,0.4835115075111389
323,lejepa,gradcam,predicted,backbone.layer1,3,3,3,0.11918234825134277,0.18643757700920105,0.1528099626302719
324,lejepa,gradcam,predicted,backbone.layer1,4,4,4,0.27652034163475037,0.2827360928058624,0.2796282172203064
325,lejepa,gradcam,predicted,backbone.layer1,1,1,1,0.008285963907837868,0.12038639187812805,0.06433617789298296
326,lejepa,gradcam,predicted,backbone.layer1,7,7,7,-0.10408908873796463,0.022429926320910454,-0.04082958120852709
327,lejepa,gradcam,predicted,backbone.layer1,5,7,7,0.06738170981407166,0.045763157308101654,0.056572433561086655
328,lejepa,gradcam,predicted,backbone.layer1,4,4,4,0.3170558512210846,0.2661792039871216,0.2916175276041031
329,lejepa,gradcam,predicted,backbone.layer1,6,6,6,0.01259321067482233,0.42914751172065735,0.22087036119773984
330,lejepa,gradcam,predicted,backbone.layer1,1,1,1,0.1986592710018158,0.28904858231544495,0.24385392665863037
331,lejepa,gradcam,predicted,backbone.layer1,9,9,9,0.10177344083786011,0.3273191452026367,0.2145462930202484
332,lejepa,gradcam,predicted,backbone.layer1,3,4,4,-0.025377655401825905,0.24056923389434814,0.10759578924626112
333,lejepa,gradcam,predicted,backbone.layer1,6,6,6,0.4576326310634613,0.5390494465827942,0.49834103882312775
334,lejepa,gradcam,predicted,backbone.layer1,6,6,6,0.24428154528141022,0.4816855192184448,0.3629835322499275
335,lejepa,gradcam,predicted,backbone.layer1,9,9,9,0.4469904899597168,0.19309557974338531,0.32004303485155106
336,lejepa,gradcam,predicted,backbone.layer1,3,3,3,0.03330143541097641,0.13871720433235168,0.08600931987166405
337,lejepa,gradcam,predicted,backbone.layer1,8,8,8,-0.10335712134838104,0.2363409698009491,0.06649192422628403
338,lejepa,gradcam,predicted,backbone.layer1,0,0,0,0.19096428155899048,0.30747759342193604,0.24922093749046326
339,lejepa,gradcam,predicted,backbone.layer1,7,7,7,-0.05417732894420624,0.040923405438661575,-0.006626961752772331
340,lejepa,gradcam,predicted,backbone.layer1,2,4,4,-0.009878655895590782,0.20172375440597534,0.09592254925519228
341,lejepa,gradcam,predicted,backbone.layer1,6,6,6,0.4638932943344116,0.4934224784374237,0.47865788638591766
342,lejepa,gradcam,predicted,backbone.layer1,2,0,0,-0.18322329223155975,0.14398609101772308,-0.019618600606918335
343,lejepa,gradcam,predicted,backbone.layer1,5,7,7,0.1369294375181198,0.15147407352924347,0.14420175552368164
344,lejepa,gradcam,predicted,backbone.layer1,8,8,8,0.4147449731826782,0.38279277086257935,0.3987688720226288
345,lejepa,gradcam,predicted,backbone.layer1,5,5,5,0.6168588399887085,0.4256764352321625,0.5212676376104355
346,lejepa,gradcam,predicted,backbone.layer1,4,7,7,0.1804904043674469,0.20384106040000916,0.19216573238372803
347,lejepa,gradcam,predicted,backbone.layer1,6,6,6,0.1913900524377823,0.4544529914855957,0.322921521961689
348,lejepa,gradcam,predicted,backbone.layer1,8,8,8,0.13887502253055573,0.4347919523715973,0.2868334874510765
349,lejepa,gradcam,predicted,backbone.layer1,9,8,8,0.3613130450248718,0.267035573720932,0.3141743093729019
350,lejepa,gradcam,predicted,backbone.layer1,9,9,9,0.29536816477775574,0.22219498455524445,0.2587815746665001
351,lejepa,gradcam,predicted,backbone.layer1,1,1,1,-0.02574174292385578,0.15703274309635162,0.06564550008624792
352,lejepa,gradcam,predicted,backbone.layer1,0,8,8,0.1302722543478012,0.3464262783527374,0.23834926635026932
353,lejepa,gradcam,predicted,backbone.layer1,2,2,2,-0.04882677644491196,0.10460001230239868,0.027886617928743362
354,lejepa,gradcam,predicted,backbone.layer1,2,2,2,-0.010054686106741428,0.2641351521015167,0.12704023299738765
355,lejepa,gradcam,predicted,backbone.layer1,7,2,2,-0.06767202168703079,0.09554862976074219,0.013938304036855698
356,lejepa,gradcam,predicted,backbone.layer1,3,2,2,-0.02421119064092636,0.10742305219173431,0.041605930775403976
357,lejepa,gradcam,predicted,backbone.layer1,2,2,2,0.4061124920845032,0.3366115987300873,0.3713620454072952
358,lejepa,gradcam,predicted,backbone.layer1,8,8,8,0.07492680102586746,0.18683995306491852,0.130883377045393
359,lejepa,gradcam,predicted,backbone.layer1,0,0,0,0.05143268033862114,0.17331905663013458,0.11237586848437786
360,lejepa,gradcam,predicted,backbone.layer1,9,9,9,0.33854302763938904,0.2502707242965698,0.29440687596797943
361,lejepa,gradcam,predicted,backbone.layer1,5,5,5,-0.03165867552161217,0.14859160780906677,0.0584664661437273
362,lejepa,gradcam,predicted,backbone.layer1,8,8,8,0.14023849368095398,0.14191585779190063,0.1410771757364273
363,lejepa,gradcam,predicted,backbone.layer1,1,1,1,0.3335734009742737,0.379376083612442,0.35647474229335785
364,lejepa,gradcam,predicted,backbone.layer1,9,9,9,0.0014879145892336965,0.2528093755245209,0.12714864505687729
365,lejepa,gradcam,predicted,backbone.layer1,4,4,4,0.2952367067337036,0.4495551884174347,0.37239594757556915
366,lejepa,gradcam,predicted,backbone.layer1,1,1,1,0.009646027348935604,0.17647700011730194,0.09306151373311877
367,lejepa,gradcam,predicted,backbone.layer1,3,5,5,-0.11873944848775864,0.04781605675816536,-0.03546169586479664
368,lejepa,gradcam,predicted,backbone.layer1,8,4,4,0.4294997751712799,0.41597917675971985,0.4227394759654999
369,lejepa,gradcam,predicted,backbone.layer1,1,1,1,0.12046191096305847,0.2676369845867157,0.19404944777488708
370,lejepa,gradcam,predicted,backbone.layer1,4,4,4,0.1629200577735901,0.315652996301651,0.23928652703762054
371,lejepa,gradcam,predicted,backbone.layer1,7,7,7,0.5606623291969299,0.23087123036384583,0.3957667797803879
372,lejepa,gradcam,predicted,backbone.layer1,9,9,9,-0.127158522605896,0.14577192068099976,0.00930669903755188
373,lejepa,gradcam,predicted,backbone.layer1,4,4,4,0.3101891875267029,0.4318180978298187,0.3710036426782608
374,lejepa,gradcam,predicted,backbone.layer1,2,4,4,0.38573986291885376,0.3647478222846985,0.3752438426017761
375,lejepa,gradcam,predicted,backbone.layer1,7,7,7,0.102066770195961,0.04621833562850952,0.07414255291223526
376,lejepa,gradcam,predicted,backbone.layer1,0,0,0,0.16789139807224274,0.1360691487789154,0.15198027342557907
377,lejepa,gradcam,predicted,backbone.layer1,7,4,4,0.11030710488557816,0.21657715737819672,0.16344213113188744
378,lejepa,gradcam,predicted,backbone.layer1,0,3,3,0.3459935486316681,0.4685564935207367,0.4072750210762024
379,lejepa,gradcam,predicted,backbone.layer1,6,6,6,0.4542769491672516,0.4646992087364197,0.45948807895183563
380,lejepa,gradcam,predicted,backbone.layer1,6,6,6,0.09103425592184067,0.48527994751930237,0.2881571017205715
381,lejepa,gradcam,predicted,backbone.layer1,9,9,9,0.016257813200354576,0.055854588747024536,0.036056200973689556
382,lejepa,gradcam,predicted,backbone.layer1,0,0,0,-0.2015458345413208,0.05646252632141113,-0.07254165410995483
383,lejepa,gradcam,predicted,backbone.layer1,9,9,9,-0.07791014760732651,0.035303499549627304,-0.021303324028849602
320,lejepa,gradcam,predicted,backbone.layer2,3,3,3,0.19749470055103302,0.42889851331710815,0.3131966069340706
321,lejepa,gradcam,predicted,backbone.layer2,5,5,5,0.09873414039611816,0.3402840495109558,0.219509094953537
322,lejepa,gradcam,predicted,backbone.layer2,2,6,6,0.09803422540426254,0.2192515879869461,0.15864290669560432
323,lejepa,gradcam,predicted,backbone.layer2,3,3,3,0.49440523982048035,0.3115884065628052,0.40299682319164276
324,lejepa,gradcam,predicted,backbone.layer2,4,4,4,0.3291859030723572,0.3213842511177063,0.32528507709503174
325,lejepa,gradcam,predicted,backbone.layer2,1,1,1,0.05266474187374115,0.3393115997314453,0.19598817080259323
326,lejepa,gradcam,predicted,backbone.layer2,7,7,7,0.46181461215019226,0.5203158855438232,0.49106524884700775
327,lejepa,gradcam,predicted,backbone.layer2,5,7,7,-0.007631982211023569,0.4224205017089844,0.2073942597489804
328,lejepa,gradcam,predicted,backbone.layer2,4,4,4,0.1224978119134903,0.23678113520145416,0.17963947355747223
329,lejepa,gradcam,predicted,backbone.layer2,6,6,6,-0.15286403894424438,0.23060156404972076,0.03886876255273819
330,lejepa,gradcam,predicted,backbone.layer2,1,1,1,0.1570468246936798,0.34416279196739197,0.2506048083305359
331,lejepa,gradcam,predicted,backbone.layer2,9,9,9,-0.2745174765586853,0.14663130044937134,-0.06394308805465698
332,lejepa,gradcam,predicted,backbone.layer2,3,4,4,0.12406975030899048,0.2568527162075043,0.19046123325824738
333,lejepa,gradcam,predicted,backbone.layer2,6,6,6,0.1550162434577942,0.22251595556735992,0.18876609951257706
334,lejepa,gradcam,predicted,backbone.layer2,6,6,6,-0.33886101841926575,0.21035684645175934,-0.0642520859837532
335,lejepa,gradcam,predicted,backbone.layer2,9,9,9,0.002237871289253235,0.40144622325897217,0.2018420472741127
336,lejepa,gradcam,predicted,backbone.layer2,3,3,3,0.47839877009391785,0.2665189802646637,0.37245887517929077
337,lejepa,gradcam,predicted,backbone.layer2,8,8,8,0.15069425106048584,0.21840795874595642,0.18455110490322113
338,lejepa,gradcam,predicted,backbone.layer2,0,0,0,-0.2870025932788849,0.2735581398010254,-0.0067222267389297485
339,lejepa,gradcam,predicted,backbone.layer2,7,7,7,0.3094136416912079,0.4865640699863434,0.39798885583877563
340,lejepa,gradcam,predicted,backbone.layer2,2,4,4,0.11034009605646133,0.3533061146736145,0.23182310536503792
341,lejepa,gradcam,predicted,backbone.layer2,6,6,6,0.12137928605079651,0.30490994453430176,0.21314461529254913
342,lejepa,gradcam,predicted,backbone.layer2,2,0,0,-0.3595897853374481,0.36650940775871277,0.0034598112106323242
343,lejepa,gradcam,predicted,backbone.layer2,5,7,7,-0.1373758614063263,0.22061829268932343,0.041621215641498566
344,lejepa,gradcam,predicted,backbone.layer2,8,8,8,0.25126197934150696,0.38623449206352234,0.31874823570251465
345,lejepa,gradcam,predicted,backbone.layer2,5,5,5,0.22085656225681305,0.2361753135919571,0.22851593792438507
346,lejepa,gradcam,predicted,backbone.layer2,4,7,7,0.6115944385528564,0.3443227708339691,0.4779586046934128
347,lejepa,gradcam,predicted,backbone.layer2,6,6,6,-0.09635978937149048,0.3026208281517029,0.1031305193901062
348,lejepa,gradcam,predicted,backbone.layer2,8,8,8,-0.07182714343070984,0.22962351143360138,0.07889818400144577
349,lejepa,gradcam,predicted,backbone.layer2,9,8,8,0.4669896066188812,0.4308667480945587,0.44892817735671997
350,lejepa,gradcam,predicted,backbone.layer2,9,9,9,0.2614659070968628,0.40824148058891296,0.3348536938428879
351,lejepa,gradcam,predicted,backbone.layer2,1,1,1,-0.0022602712269872427,0.2876724302768707,0.14270607952494174
352,lejepa,gradcam,predicted,backbone.layer2,0,8,8,0.12406907230615616,0.16072778403759003,0.1423984281718731
353,lejepa,gradcam,predicted,backbone.layer2,2,2,2,-0.43463632464408875,0.3908347487449646,-0.021900787949562073
354,lejepa,gradcam,predicted,backbone.layer2,2,2,2,-0.10695091634988785,0.14576414227485657,0.01940661296248436
355,lejepa,gradcam,predicted,backbone.layer2,7,2,2,-0.2170886993408203,0.16519013047218323,-0.025949284434318542
356,lejepa,gradcam,predicted,backbone.layer2,3,2,2,-0.09573856741189957,0.3144194781780243,0.10934045538306236
357,lejepa,gradcam,predicted,backbone.layer2,2,2,2,0.21944965422153473,0.338759183883667,0.27910441905260086
358,lejepa,gradcam,predicted,backbone.layer2,8,8,8,0.16123142838478088,0.3033117949962616,0.23227161169052124
359,lejepa,gradcam,predicted,backbone.layer2,0,0,0,0.12625199556350708,0.23087447881698608,0.17856323719024658
360,lejepa,gradcam,predicted,backbone.layer2,9,9,9,0.25390705466270447,0.3331747353076935,0.293540894985199
361,lejepa,gradcam,predicted,backbone.layer2,5,5,5,-0.00548746669664979,0.3404485285282135,0.16748053091578186
362,lejepa,gradcam,predicted,backbone.layer2,8,8,8,-0.20106974244117737,0.35447463393211365,0.07670244574546814
363,lejepa,gradcam,predicted,backbone.layer2,1,1,1,-0.06248987093567848,0.34057801961898804,0.13904407434165478
364,lejepa,gradcam,predicted,backbone.layer2,9,9,9,-0.27644872665405273,0.40616726875305176,0.06485927104949951
365,lejepa,gradcam,predicted,backbone.layer2,4,4,4,-0.00696681858971715,0.1977594792842865,0.09539633034728467
366,lejepa,gradcam,predicted,backbone.layer2,1,1,1,0.40251585841178894,0.4782988429069519,0.4404073506593704
367,lejepa,gradcam,predicted,backbone.layer2,3,5,5,0.32226845622062683,0.37936699390411377,0.3508177250623703
368,lejepa,gradcam,predicted,backbone.layer2,8,4,4,-0.029124051332473755,0.3266278803348541,0.14875191450119019
369,lejepa,gradcam,predicted,backbone.layer2,1,1,1,0.05463448539376259,0.3695143461227417,0.21207441575825214
370,lejepa,gradcam,predicted,backbone.layer2,4,4,4,0.24495136737823486,0.4416092038154602,0.34328028559684753
371,lejepa,gradcam,predicted,backbone.layer2,7,7,7,0.15439854562282562,0.37782442569732666,0.26611148566007614
372,lejepa,gradcam,predicted,backbone.layer2,9,9,9,-0.061742186546325684,0.2866128087043762,0.11243531107902527
373,lejepa,gradcam,predicted,backbone.layer2,4,4,4,-0.16539423167705536,0.19275370240211487,0.013679735362529755
374,lejepa,gradcam,predicted,backbone.layer2,2,4,4,-0.3986140191555023,0.12951163947582245,-0.13455118983983994
375,lejepa,gradcam,predicted,backbone.layer2,7,7,7,-0.09100498259067535,0.4039931297302246,0.15649407356977463
376,lejepa,gradcam,predicted,backbone.layer2,0,0,0,0.17526017129421234,0.2737412452697754,0.22450070828199387
377,lejepa,gradcam,predicted,backbone.layer2,7,4,4,-0.1685815304517746,0.16653567552566528,-0.001022927463054657
378,lejepa,gradcam,predicted,backbone.layer2,0,3,3,0.02022734470665455,0.12555143237113953,0.07288938853889704
379,lejepa,gradcam,predicted,backbone.layer2,6,6,6,0.0014522579731419683,0.2769767642021179,0.13921451108762994
380,lejepa,gradcam,predicted,backbone.layer2,6,6,6,-0.3474854826927185,0.24889956414699554,-0.04929295927286148
381,lejepa,gradcam,predicted,backbone.layer2,9,9,9,0.06715698540210724,0.2935161888599396,0.1803365871310234
382,lejepa,gradcam,predicted,backbone.layer2,0,0,0,-0.4867496192455292,0.2986988425254822,-0.0940253883600235
383,lejepa,gradcam,predicted,backbone.layer2,9,9,9,-0.21030288934707642,0.35631290078163147,0.07300500571727753
320,lejepa,gradcam,predicted,backbone.layer3,3,3,3,0.37727388739585876,0.4203610122203827,0.3988174498081207
321,lejepa,gradcam,predicted,backbone.layer3,5,5,5,0.8284867405891418,0.401225745677948,0.6148562431335449
322,lejepa,gradcam,predicted,backbone.layer3,2,6,6,0.8958005905151367,0.40487900376319885,0.6503397971391678
323,lejepa,gradcam,predicted,backbone.layer3,3,3,3,0.6764127016067505,0.4528115689754486,0.5646121352910995
324,lejepa,gradcam,predicted,backbone.layer3,4,4,4,-0.5116539001464844,0.23686842620372772,-0.13739273697137833
325,lejepa,gradcam,predicted,backbone.layer3,1,1,1,0.17059941589832306,0.36090466380119324,0.26575203984975815
326,lejepa,gradcam,predicted,backbone.layer3,7,7,7,0.408276230096817,0.3026500940322876,0.3554631620645523
327,lejepa,gradcam,predicted,backbone.layer3,5,7,7,0.40755075216293335,0.4699747562408447,0.43876275420188904
328,lejepa,gradcam,predicted,backbone.layer3,4,4,4,0.23009224236011505,0.388290673494339,0.309191457927227
329,lejepa,gradcam,predicted,backbone.layer3,6,6,6,0.47432780265808105,0.5431101322174072,0.5087189674377441
330,lejepa,gradcam,predicted,backbone.layer3,1,1,1,0.6899834871292114,0.4145286977291107,0.5522560924291611
331,lejepa,gradcam,predicted,backbone.layer3,9,9,9,0.5396391153335571,0.39165839552879333,0.46564875543117523
332,lejepa,gradcam,predicted,backbone.layer3,3,4,4,-0.42277762293815613,0.3162599205970764,-0.053258851170539856
333,lejepa,gradcam,predicted,backbone.layer3,6,6,6,0.8195894956588745,0.5034410357475281,0.6615152657032013
334,lejepa,gradcam,predicted,backbone.layer3,6,6,6,-0.04907798394560814,0.4561522603034973,0.2035371381789446
335,lejepa,gradcam,predicted,backbone.layer3,9,9,9,0.32026705145835876,0.38764122128486633,0.35395413637161255
336,lejepa,gradcam,predicted,backbone.layer3,3,3,3,0.4556647539138794,0.24308516085147858,0.349374957382679
337,lejepa,gradcam,predicted,backbone.layer3,8,8,8,-0.3647841215133667,0.3784591853618622,0.006837531924247742
338,lejepa,gradcam,predicted,backbone.layer3,0,0,0,0.06375108659267426,0.43464216589927673,0.2491966262459755
339,lejepa,gradcam,predicted,backbone.layer3,7,7,7,0.5916169285774231,0.28044113516807556,0.43602903187274933
340,lejepa,gradcam,predicted,backbone.layer3,2,4,4,-0.4094444513320923,0.23209092020988464,-0.08867676556110382
341,lejepa,gradcam,predicted,backbone.layer3,6,6,6,0.8495423793792725,0.2984767556190491,0.5740095674991608
342,lejepa,gradcam,predicted,backbone.layer3,2,0,0,-0.631673276424408,0.23527513444423676,-0.1981990709900856
343,lejepa,gradcam,predicted,backbone.layer3,5,7,7,-0.5211836695671082,0.4102453291416168,-0.055469170212745667
344,lejepa,gradcam,predicted,backbone.layer3,8,8,8,-0.19236527383327484,0.38700589537620544,0.0973203107714653
345,lejepa,gradcam,predicted,backbone.layer3,5,5,5,0.7479831576347351,0.4955785274505615,0.6217808425426483
346,lejepa,gradcam,predicted,backbone.layer3,4,7,7,0.5017092823982239,0.497849702835083,0.49977949261665344
347,lejepa,gradcam,predicted,backbone.layer3,6,6,6,0.4523627758026123,0.4322528541088104,0.44230781495571136
348,lejepa,gradcam,predicted,backbone.layer3,8,8,8,0.8322265148162842,0.47288671135902405,0.6525566130876541
349,lejepa,gradcam,predicted,backbone.layer3,9,8,8,0.4417116940021515,0.34585949778556824,0.39378559589385986
350,lejepa,gradcam,predicted,backbone.layer3,9,9,9,0.6325938105583191,0.4142792224884033,0.5234365165233612
351,lejepa,gradcam,predicted,backbone.layer3,1,1,1,0.3105689585208893,0.4139283299446106,0.36224864423274994
352,lejepa,gradcam,predicted,backbone.layer3,0,8,8,-0.16877859830856323,0.3661361634731293,0.09867878258228302
353,lejepa,gradcam,predicted,backbone.layer3,2,2,2,-0.6233945488929749,0.3295390009880066,-0.14692777395248413
354,lejepa,gradcam,predicted,backbone.layer3,2,2,2,-0.10824108868837357,0.47153744101524353,0.18164817616343498
355,lejepa,gradcam,predicted,backbone.layer3,7,2,2,-0.038226108998060226,0.20312809944152832,0.08245099522173405
356,lejepa,gradcam,predicted,backbone.layer3,3,2,2,-0.3983956277370453,0.33716240525245667,-0.03061661124229431
357,lejepa,gradcam,predicted,backbone.layer3,2,2,2,0.5113213658332825,0.45924025774002075,0.4852808117866516
358,lejepa,gradcam,predicted,backbone.layer3,8,8,8,0.7893936634063721,0.4933391809463501,0.6413664221763611
359,lejepa,gradcam,predicted,backbone.layer3,0,0,0,0.5008948445320129,0.30028098821640015,0.40058791637420654
360,lejepa,gradcam,predicted,backbone.layer3,9,9,9,0.6908739805221558,0.4581106901168823,0.574492335319519
361,lejepa,gradcam,predicted,backbone.layer3,5,5,5,-0.3501654863357544,0.21769562363624573,-0.06623493134975433
362,lejepa,gradcam,predicted,backbone.layer3,8,8,8,-0.6558600664138794,0.2823316156864166,-0.18676422536373138
363,lejepa,gradcam,predicted,backbone.layer3,1,1,1,0.5113516449928284,0.43329286575317383,0.4723222553730011
364,lejepa,gradcam,predicted,backbone.layer3,9,9,9,0.6721016764640808,0.392825722694397,0.5324636995792389
365,lejepa,gradcam,predicted,backbone.layer3,4,4,4,-0.3490968346595764,0.28643032908439636,-0.03133325278759003
366,lejepa,gradcam,predicted,backbone.layer3,1,1,1,0.5004552602767944,0.3364007771015167,0.4184280186891556
367,lejepa,gradcam,predicted,backbone.layer3,3,5,5,0.9457191228866577,0.384142130613327,0.6649306267499924
368,lejepa,gradcam,predicted,backbone.layer3,8,4,4,-0.4682786464691162,0.27401483058929443,-0.09713190793991089
369,lejepa,gradcam,predicted,backbone.layer3,1,1,1,0.6353784799575806,0.46073585748672485,0.5480571687221527
370,lejepa,gradcam,predicted,backbone.layer3,4,4,4,-0.13771867752075195,0.4279579222202301,0.14511962234973907
371,lejepa,gradcam,predicted,backbone.layer3,7,7,7,0.6982247233390808,0.4142020344734192,0.55621337890625
372,lejepa,gradcam,predicted,backbone.layer3,9,9,9,0.8720019459724426,0.5048650503158569,0.6884334981441498
373,lejepa,gradcam,predicted,backbone.layer3,4,4,4,-0.4294334352016449,0.25773853063583374,-0.08584745228290558
374,lejepa,gradcam,predicted,backbone.layer3,2,4,4,-0.4583020508289337,0.3190077245235443,-0.0696471631526947
375,lejepa,gradcam,predicted,backbone.layer3,7,7,7,0.32054492831230164,0.39640140533447266,0.35847316682338715
376,lejepa,gradcam,predicted,backbone.layer3,0,0,0,0.21376140415668488,0.5030024647712708,0.3583819344639778
377,lejepa,gradcam,predicted,backbone.layer3,7,4,4,-0.031485967338085175,0.26240602135658264,0.11546002700924873
378,lejepa,gradcam,predicted,backbone.layer3,0,3,3,0.5970756411552429,0.4122406840324402,0.5046581625938416
379,lejepa,gradcam,predicted,backbone.layer3,6,6,6,0.7666516900062561,0.5095158219337463,0.6380837559700012
380,lejepa,gradcam,predicted,backbone.layer3,6,6,6,0.6244600415229797,0.4972229599952698,0.5608415007591248
381,lejepa,gradcam,predicted,backbone.layer3,9,9,9,0.20454910397529602,0.2139214128255844,0.20923525840044022
382,lejepa,gradcam,predicted,backbone.layer3,0,0,0,-0.5796110033988953,0.24974997341632843,-0.16493051499128342
383,lejepa,gradcam,predicted,backbone.layer3,9,9,9,0.29120615124702454,0.25001925230026245,0.2706127017736435
320,lejepa,gradcam,predicted,backbone.layer4,3,3,3,0.4778937101364136,0.5197769999504089,0.49883535504341125
321,lejepa,gradcam,predicted,backbone.layer4,5,5,5,0.524789035320282,0.5244382619857788,0.5246136486530304
322,lejepa,gradcam,predicted,backbone.layer4,2,6,6,0.52463698387146,0.5675413608551025,0.5460891723632812
323,lejepa,gradcam,predicted,backbone.layer4,3,3,3,0.6022518873214722,0.6022980809211731,0.6022749841213226
324,lejepa,gradcam,predicted,backbone.layer4,4,4,4,0.6687158942222595,0.5944060683250427,0.6315609812736511
325,lejepa,gradcam,predicted,backbone.layer4,1,1,1,0.5481549501419067,0.5373814702033997,0.5427682101726532
326,lejepa,gradcam,predicted,backbone.layer4,7,7,7,0.27873069047927856,0.4056471884250641,0.3421889394521713
327,lejepa,gradcam,predicted,backbone.layer4,5,7,7,0.7960157990455627,0.5579977035522461,0.6770067512989044
328,lejepa,gradcam,predicted,backbone.layer4,4,4,4,0.18270838260650635,0.5140954852104187,0.3484019339084625
329,lejepa,gradcam,predicted,backbone.layer4,6,6,6,0.1901555359363556,0.5232672691345215,0.35671140253543854
330,lejepa,gradcam,predicted,backbone.layer4,1,1,1,0.41191357374191284,0.4421672224998474,0.4270403981208801
331,lejepa,gradcam,predicted,backbone.layer4,9,9,9,0.6741722226142883,0.6063167452812195,0.6402444839477539
332,lejepa,gradcam,predicted,backbone.layer4,3,4,4,0.5005457401275635,0.5751582384109497,0.5378519892692566
333,lejepa,gradcam,predicted,backbone.layer4,6,6,6,0.45822247862815857,0.5283347368240356,0.4932786077260971
334,lejepa,gradcam,predicted,backbone.layer4,6,6,6,0.2878298759460449,0.5187835693359375,0.4033067226409912
335,lejepa,gradcam,predicted,backbone.layer4,9,9,9,0.5880338549613953,0.59649658203125,0.5922652184963226
336,lejepa,gradcam,predicted,backbone.layer4,3,3,3,0.36031803488731384,0.5388451814651489,0.4495816081762314
337,lejepa,gradcam,predicted,backbone.layer4,8,8,8,0.3540903925895691,0.4845568835735321,0.4193236380815506
338,lejepa,gradcam,predicted,backbone.layer4,0,0,0,0.2691466808319092,0.5090198516845703,0.38908326625823975
339,lejepa,gradcam,predicted,backbone.layer4,7,7,7,0.6623216867446899,0.5191625952720642,0.5907421410083771
340,lejepa,gradcam,predicted,backbone.layer4,2,4,4,0.2948663830757141,0.441108763217926,0.36798757314682007
341,lejepa,gradcam,predicted,backbone.layer4,6,6,6,0.42917364835739136,0.5401315689086914,0.4846526086330414
342,lejepa,gradcam,predicted,backbone.layer4,2,0,0,0.5696199536323547,0.6162576675415039,0.5929388105869293
343,lejepa,gradcam,predicted,backbone.layer4,5,7,7,0.29455769062042236,0.4596872627735138,0.3771224766969681
344,lejepa,gradcam,predicted,backbone.layer4,8,8,8,0.3648756146430969,0.5971235632896423,0.48099958896636963
345,lejepa,gradcam,predicted,backbone.layer4,5,5,5,0.7779651284217834,0.6604240536689758,0.7191945910453796
346,lejepa,gradcam,predicted,backbone.layer4,4,7,7,0.6297816634178162,0.46226850152015686,0.5460250824689865
347,lejepa,gradcam,predicted,backbone.layer4,6,6,6,0.5172938704490662,0.5738385915756226,0.5455662310123444
348,lejepa,gradcam,predicted,backbone.layer4,8,8,8,0.5230500102043152,0.5449108481407166,0.5339804291725159
349,lejepa,gradcam,predicted,backbone.layer4,9,8,8,0.5906819105148315,0.5551451444625854,0.5729135274887085
350,lejepa,gradcam,predicted,backbone.layer4,9,9,9,0.6371379494667053,0.5165399312973022,0.5768389403820038
351,lejepa,gradcam,predicted,backbone.layer4,1,1,1,0.7899251580238342,0.6712843179702759,0.730604737997055
352,lejepa,gradcam,predicted,backbone.layer4,0,8,8,0.7415081262588501,0.580093264579773,0.6608006954193115
353,lejepa,gradcam,predicted,backbone.layer4,2,2,2,0.5041921138763428,0.5629236698150635,0.5335578918457031
354,lejepa,gradcam,predicted,backbone.layer4,2,2,2,0.36550173163414,0.6225171685218811,0.49400945007801056
355,lejepa,gradcam,predicted,backbone.layer4,7,2,2,0.4449750781059265,0.6327759623527527,0.5388755202293396
356,lejepa,gradcam,predicted,backbone.layer4,3,2,2,-0.31620779633522034,0.449215292930603,0.06650374829769135
357,lejepa,gradcam,predicted,backbone.layer4,2,2,2,0.24129244685173035,0.4575526714324951,0.34942255914211273
358,lejepa,gradcam,predicted,backbone.layer4,8,8,8,0.6700242161750793,0.510124921798706,0.5900745689868927
359,lejepa,gradcam,predicted,backbone.layer4,0,0,0,0.41055765748023987,0.5420055389404297,0.4762815982103348
360,lejepa,gradcam,predicted,backbone.layer4,9,9,9,0.772742748260498,0.6474515795707703,0.7100971639156342
361,lejepa,gradcam,predicted,backbone.layer4,5,5,5,0.42089229822158813,0.5140966176986694,0.4674944579601288
362,lejepa,gradcam,predicted,backbone.layer4,8,8,8,0.7323548197746277,0.5830294489860535,0.6576921343803406
363,lejepa,gradcam,predicted,backbone.layer4,1,1,1,0.499419629573822,0.49232304096221924,0.49587133526802063
364,lejepa,gradcam,predicted,backbone.layer4,9,9,9,0.5762320160865784,0.5887172818183899,0.5824746489524841
365,lejepa,gradcam,predicted,backbone.layer4,4,4,4,0.4017494022846222,0.4805138111114502,0.4411316066980362
366,lejepa,gradcam,predicted,backbone.layer4,1,1,1,0.5630651116371155,0.5714434385299683,0.5672542750835419
367,lejepa,gradcam,predicted,backbone.layer4,3,5,5,0.3634338676929474,0.4904036521911621,0.42691875994205475
368,lejepa,gradcam,predicted,backbone.layer4,8,4,4,0.4318399131298065,0.540550708770752,0.48619531095027924
369,lejepa,gradcam,predicted,backbone.layer4,1,1,1,0.8152475357055664,0.6752284169197083,0.7452379763126373
370,lejepa,gradcam,predicted,backbone.layer4,4,4,4,0.09222434461116791,0.44489026069641113,0.2685573026537895
371,lejepa,gradcam,predicted,backbone.layer4,7,7,7,0.628098726272583,0.5364168286323547,0.5822577774524689
372,lejepa,gradcam,predicted,backbone.layer4,9,9,9,0.6092401146888733,0.5904211401939392,0.5998306274414062
373,lejepa,gradcam,predicted,backbone.layer4,4,4,4,0.33095723390579224,0.46923020482063293,0.4000937193632126
374,lejepa,gradcam,predicted,backbone.layer4,2,4,4,0.34921127557754517,0.5704452395439148,0.45982825756073
375,lejepa,gradcam,predicted,backbone.layer4,7,7,7,0.5129719376564026,0.5054868459701538,0.5092293918132782
376,lejepa,gradcam,predicted,backbone.layer4,0,0,0,0.3403053283691406,0.5818890333175659,0.46109718084335327
377,lejepa,gradcam,predicted,backbone.layer4,7,4,4,0.05223480984568596,0.47794753313064575,0.26509117148816586
378,lejepa,gradcam,predicted,backbone.layer4,0,3,3,0.6561218500137329,0.5264268517494202,0.5912743508815765
379,lejepa,gradcam,predicted,backbone.layer4,6,6,6,0.5821250677108765,0.5988166332244873,0.5904708504676819
380,lejepa,gradcam,predicted,backbone.layer4,6,6,6,0.5125612616539001,0.5542932152748108,0.5334272384643555
381,lejepa,gradcam,predicted,backbone.layer4,9,9,9,0.5323933362960815,0.501456081867218,0.5169247090816498
382,lejepa,gradcam,predicted,backbone.layer4,0,0,0,0.6353636980056763,0.5764604806900024,0.6059120893478394
383,lejepa,gradcam,predicted,backbone.layer4,9,9,9,0.5908152461051941,0.615612268447876,0.603213757276535
384,lejepa,gradcam,predicted,backbone.layer1,2,5,5,0.0960419625043869,0.02447611652314663,0.060259039513766766
385,lejepa,gradcam,predicted,backbone.layer1,8,0,0,-0.26788437366485596,0.2218433916568756,-0.023020491003990173
386,lejepa,gradcam,predicted,backbone.layer1,7,7,7,-0.1487543284893036,0.061130646616220474,-0.04381184093654156
387,lejepa,gradcam,predicted,backbone.layer1,2,5,5,-0.02323336713016033,0.27255380153656006,0.12466021720319986
388,lejepa,gradcam,predicted,backbone.layer1,2,3,3,-0.016605734825134277,0.021383484825491905,0.002388875000178814
389,lejepa,gradcam,predicted,backbone.layer1,5,5,5,0.18172767758369446,0.3393383026123047,0.2605329900979996
390,lejepa,gradcam,predicted,backbone.layer1,1,1,1,0.5441349744796753,0.28063157200813293,0.4123832732439041
391,lejepa,gradcam,predicted,backbone.layer1,2,0,0,-0.13963375985622406,0.37280720472335815,0.11658672243356705
392,lejepa,gradcam,predicted,backbone.layer1,6,6,6,0.44973224401474,0.4496253728866577,0.44967880845069885
393,lejepa,gradcam,predicted,backbone.layer1,2,2,2,0.48662903904914856,0.5449897050857544,0.5158093720674515
394,lejepa,gradcam,predicted,backbone.layer1,9,1,1,-0.04816502705216408,0.11756191402673721,0.03469844348728657
395,lejepa,gradcam,predicted,backbone.layer1,6,6,6,0.17658673226833344,0.47726744413375854,0.326927088201046
396,lejepa,gradcam,predicted,backbone.layer1,2,2,2,0.15930253267288208,0.38570302724838257,0.2725027799606323
397,lejepa,gradcam,predicted,backbone.layer1,3,3,3,-0.06977543979883194,0.20893432199954987,0.06957944110035896
398,lejepa,gradcam,predicted,backbone.layer1,0,0,0,0.37899050116539,0.43805375695228577,0.4085221290588379
399,lejepa,gradcam,predicted,backbone.layer1,3,3,3,0.16640619933605194,0.2905634641647339,0.2284848317503929
400,lejepa,gradcam,predicted,backbone.layer1,9,9,9,-0.12906508147716522,0.12661856412887573,-0.0012232586741447449
401,lejepa,gradcam,predicted,backbone.layer1,8,1,1,-0.08357397466897964,0.20102408528327942,0.05872505530714989
402,lejepa,gradcam,predicted,backbone.layer1,7,7,7,-0.0892038568854332,0.029434960335493088,-0.029884448274970055
403,lejepa,gradcam,predicted,backbone.layer1,8,8,8,0.1969161480665207,0.40221932530403137,0.29956773668527603
404,lejepa,gradcam,predicted,backbone.layer1,8,8,8,0.49082785844802856,0.4571560323238373,0.4739919453859329
405,lejepa,gradcam,predicted,backbone.layer1,4,4,4,0.0023296906147152185,0.31925642490386963,0.16079305775929242
406,lejepa,gradcam,predicted,backbone.layer1,0,0,0,0.5152849555015564,0.23102816939353943,0.3731565624475479
407,lejepa,gradcam,predicted,backbone.layer1,1,1,1,0.1131691113114357,0.26122909784317017,0.18719910457730293
408,lejepa,gradcam,predicted,backbone.layer1,8,8,8,0.1741829663515091,0.2628287374973297,0.2185058519244194
409,lejepa,gradcam,predicted,backbone.layer1,2,2,2,0.185932457447052,0.4248056709766388,0.3053690642118454
410,lejepa,gradcam,predicted,backbone.layer1,7,0,0,0.10607469826936722,0.20316565036773682,0.15462017431855202
411,lejepa,gradcam,predicted,backbone.layer1,9,8,8,-0.006830514874309301,0.2179921418428421,0.1055808134842664
412,lejepa,gradcam,predicted,backbone.layer1,3,2,2,0.5094199776649475,0.49214258790016174,0.5007812827825546
413,lejepa,gradcam,predicted,backbone.layer1,6,6,6,0.4497988820075989,0.4333209693431854,0.44155992567539215
414,lejepa,gradcam,predicted,backbone.layer1,1,1,1,0.4485093653202057,0.4596099257469177,0.4540596455335617
415,lejepa,gradcam,predicted,backbone.layer1,9,9,9,0.6332690119743347,0.4537048041820526,0.5434869080781937
416,lejepa,gradcam,predicted,backbone.layer1,0,0,0,-0.06363599747419357,0.07846686989068985,0.007415436208248138
417,lejepa,gradcam,predicted,backbone.layer1,7,7,7,0.226433664560318,0.3078693747520447,0.26715151965618134
418,lejepa,gradcam,predicted,backbone.layer1,3,4,4,0.16716210544109344,0.25593945384025574,0.2115507796406746
419,lejepa,gradcam,predicted,backbone.layer1,7,5,5,0.31047356128692627,0.4256684482097626,0.3680710047483444
420,lejepa,gradcam,predicted,backbone.layer1,4,4,4,0.13335005939006805,0.15794479846954346,0.14564742892980576
421,lejepa,gradcam,predicted,backbone.layer1,5,5,5,-0.003613729728385806,0.03674125298857689,0.01656376163009554
422,lejepa,gradcam,predicted,backbone.layer1,0,8,8,0.09832701086997986,0.2814437747001648,0.18988539278507233
423,lejepa,gradcam,predicted,backbone.layer1,0,7,7,-0.09793693572282791,0.009584026411175728,-0.04417645465582609
424,lejepa,gradcam,predicted,backbone.layer1,2,2,2,-0.027100497856736183,0.16628728806972504,0.06959339510649443
425,lejepa,gradcam,predicted,backbone.layer1,9,9,9,0.28902527689933777,0.34793105721473694,0.31847816705703735
426,lejepa,gradcam,predicted,backbone.layer1,3,6,6,0.28499820828437805,0.5424902439117432,0.4137442260980606
427,lejepa,gradcam,predicted,backbone.layer1,4,4,4,0.11917085945606232,0.4014420807361603,0.2603064700961113
428,lejepa,gradcam,predicted,backbone.layer1,0,6,6,0.285817414522171,0.45298951864242554,0.3694034665822983
429,lejepa,gradcam,predicted,backbone.layer1,6,6,6,0.34073400497436523,0.5322318077087402,0.43648290634155273
430,lejepa,gradcam,predicted,backbone.layer1,2,2,2,0.34095436334609985,0.2242557257413864,0.28260504454374313
431,lejepa,gradcam,predicted,backbone.layer1,5,5,5,0.48689472675323486,0.2729341685771942,0.37991444766521454
432,lejepa,gradcam,predicted,backbone.layer1,3,3,3,0.20563377439975739,0.3224182724952698,0.2640260234475136
433,lejepa,gradcam,predicted,backbone.layer1,7,3,3,-0.07592923194169998,0.05217010900378227,-0.011879561468958855
434,lejepa,gradcam,predicted,backbone.layer1,3,4,4,0.23894420266151428,0.34777015447616577,0.29335717856884
435,lejepa,gradcam,predicted,backbone.layer1,7,2,2,-0.0178756695240736,0.0013412026455625892,-0.008267233439255506
436,lejepa,gradcam,predicted,backbone.layer1,2,6,6,0.1000988557934761,0.5057939887046814,0.30294642224907875
437,lejepa,gradcam,predicted,backbone.layer1,5,5,5,0.4248642325401306,0.19103345274925232,0.30794884264469147
438,lejepa,gradcam,predicted,backbone.layer1,3,3,3,0.08392626792192459,0.3050846457481384,0.1945054568350315
439,lejepa,gradcam,predicted,backbone.layer1,1,9,9,-0.11489294469356537,0.03505777195096016,-0.039917586371302605
440,lejepa,gradcam,predicted,backbone.layer1,1,1,1,-0.0007311342633329332,0.16237974166870117,0.08082430370268412
441,lejepa,gradcam,predicted,backbone.layer1,4,4,4,0.2105872631072998,0.15594880282878876,0.18326803296804428
442,lejepa,gradcam,predicted,backbone.layer1,9,9,9,0.06316068768501282,0.2592659890651703,0.16121333837509155
443,lejepa,gradcam,predicted,backbone.layer1,9,9,9,-0.023009346798062325,0.20198175311088562,0.08948620315641165
444,lejepa,gradcam,predicted,backbone.layer1,5,5,5,-0.13966982066631317,0.02563842386007309,-0.05701569840312004
445,lejepa,gradcam,predicted,backbone.layer1,7,2,2,0.4057759642601013,0.5032834410667419,0.45452970266342163
446,lejepa,gradcam,predicted,backbone.layer1,5,5,5,0.059018541127443314,0.15462444722652435,0.10682149417698383
447,lejepa,gradcam,predicted,backbone.layer1,0,0,0,0.7993990778923035,0.5427814722061157,0.6710902750492096
384,lejepa,gradcam,predicted,backbone.layer2,2,5,5,0.3636518120765686,0.3970032036304474,0.380327507853508
385,lejepa,gradcam,predicted,backbone.layer2,8,0,0,-0.2756803035736084,0.4043525755405426,0.0643361359834671
386,lejepa,gradcam,predicted,backbone.layer2,7,7,7,0.055568255484104156,0.503635823726654,0.2796020396053791
387,lejepa,gradcam,predicted,backbone.layer2,2,5,5,-0.02322249673306942,0.18126650154590607,0.07902200240641832
388,lejepa,gradcam,predicted,backbone.layer2,2,3,3,0.4100656807422638,0.4554576873779297,0.43276168406009674
389,lejepa,gradcam,predicted,backbone.layer2,5,5,5,0.005716308020055294,0.3014935553073883,0.1536049316637218
390,lejepa,gradcam,predicted,backbone.layer2,1,1,1,-0.014798727817833424,0.3325539231300354,0.158877597656101
391,lejepa,gradcam,predicted,backbone.layer2,2,0,0,-0.3280557096004486,0.19900010526180267,-0.06452780216932297
392,lejepa,gradcam,predicted,backbone.layer2,6,6,6,-0.18985283374786377,0.22588999569416046,0.018018580973148346
393,lejepa,gradcam,predicted,backbone.layer2,2,2,2,0.05348103865981102,0.24330151081085205,0.14839127473533154
394,lejepa,gradcam,predicted,backbone.layer2,9,1,1,0.0712970495223999,0.295151948928833,0.18322449922561646
395,lejepa,gradcam,predicted,backbone.layer2,6,6,6,0.006085718050599098,0.2569771409034729,0.131531429477036
396,lejepa,gradcam,predicted,backbone.layer2,2,2,2,0.08903487026691437,0.35855239629745483,0.2237936332821846
397,lejepa,gradcam,predicted,backbone.layer2,3,3,3,-0.049319908022880554,0.2427632212638855,0.09672165662050247
398,lejepa,gradcam,predicted,backbone.layer2,0,0,0,-0.010389097034931183,0.1598106473684311,0.07471077516674995
399,lejepa,gradcam,predicted,backbone.layer2,3,3,3,-0.11163739860057831,0.27780452370643616,0.08308356255292892
400,lejepa,gradcam,predicted,backbone.layer2,9,9,9,-0.10719993710517883,0.29467520117759705,0.0937376320362091
401,lejepa,gradcam,predicted,backbone.layer2,8,1,1,0.15335266292095184,0.30067697167396545,0.22701481729745865
402,lejepa,gradcam,predicted,backbone.layer2,7,7,7,0.27711158990859985,0.454036146402359,0.36557386815547943
403,lejepa,gradcam,predicted,backbone.layer2,8,8,8,0.026370810344815254,0.3582901060581207,0.192330458201468
404,lejepa,gradcam,predicted,backbone.layer2,8,8,8,0.36150017380714417,0.42532357573509216,0.39341187477111816
405,lejepa,gradcam,predicted,backbone.layer2,4,4,4,0.1840742528438568,0.2767544090747833,0.23041433095932007
406,lejepa,gradcam,predicted,backbone.layer2,0,0,0,-0.073450967669487,0.21145957708358765,0.06900430470705032
407,lejepa,gradcam,predicted,backbone.layer2,1,1,1,0.10983410477638245,0.40029090642929077,0.2550625056028366
408,lejepa,gradcam,predicted,backbone.layer2,8,8,8,-0.0065414696000516415,0.4219958782196045,0.20772720430977643
409,lejepa,gradcam,predicted,backbone.layer2,2,2,2,-0.06874330341815948,0.08838152885437012,0.009819112718105316
410,lejepa,gradcam,predicted,backbone.layer2,7,0,0,-0.1456892192363739,0.19523009657859802,0.02477043867111206
411,lejepa,gradcam,predicted,backbone.layer2,9,8,8,-0.08870676159858704,0.06233396753668785,-0.013186397030949593
412,lejepa,gradcam,predicted,backbone.layer2,3,2,2,0.08715742081403732,0.3166368901729584,0.20189715549349785
413,lejepa,gradcam,predicted,backbone.layer2,6,6,6,-0.1978764832019806,0.21956095099449158,0.010842233896255493
414,lejepa,gradcam,predicted,backbone.layer2,1,1,1,-0.07936359196901321,0.27186349034309387,0.09624994918704033
415,lejepa,gradcam,predicted,backbone.layer2,9,9,9,0.04051579535007477,0.35580363869667053,0.19815971702337265
416,lejepa,gradcam,predicted,backbone.layer2,0,0,0,0.44092950224876404,0.33172863721847534,0.3863290697336197
417,lejepa,gradcam,predicted,backbone.layer2,7,7,7,0.7515846490859985,0.48333093523979187,0.6174577921628952
418,lejepa,gradcam,predicted,backbone.layer2,3,4,4,-0.03728123754262924,0.2564404010772705,0.10957958176732063
419,lejepa,gradcam,predicted,backbone.layer2,7,5,5,0.6024237275123596,0.27168023586273193,0.4370519816875458
420,lejepa,gradcam,predicted,backbone.layer2,4,4,4,0.07715480029582977,0.3593473434448242,0.218251071870327
421,lejepa,gradcam,predicted,backbone.layer2,5,5,5,0.13343320786952972,0.4580620527267456,0.29574763029813766
422,lejepa,gradcam,predicted,backbone.layer2,0,8,8,-0.34893327951431274,0.32089564204216003,-0.014018818736076355
423,lejepa,gradcam,predicted,backbone.layer2,0,7,7,0.6102603077888489,0.43126171827316284,0.5207610130310059
424,lejepa,gradcam,predicted,backbone.layer2,2,2,2,0.08577971905469894,0.40782463550567627,0.2468021772801876
425,lejepa,gradcam,predicted,backbone.layer2,9,9,9,-0.21995337307453156,0.20784103870391846,-0.006056167185306549
426,lejepa,gradcam,predicted,backbone.layer2,3,6,6,-0.29054462909698486,0.13856318593025208,-0.0759907215833664
427,lejepa,gradcam,predicted,backbone.layer2,4,4,4,0.2559347152709961,0.2879556715488434,0.27194519340991974
428,lejepa,gradcam,predicted,backbone.layer2,0,6,6,0.19047312438488007,0.302389919757843,0.24643152207136154
429,lejepa,gradcam,predicted,backbone.layer2,6,6,6,-0.2642711102962494,0.03918670862913132,-0.11254220083355904
430,lejepa,gradcam,predicted,backbone.layer2,2,2,2,0.22418181598186493,0.2824149429798126,0.2532983794808388
431,lejepa,gradcam,predicted,backbone.layer2,5,5,5,-0.1394677460193634,0.36878252029418945,0.11465738713741302
432,lejepa,gradcam,predicted,backbone.layer2,3,3,3,-0.045379284769296646,0.2374785989522934,0.09604965709149837
433,lejepa,gradcam,predicted,backbone.layer2,7,3,3,0.018711522221565247,0.47868049144744873,0.248696006834507
434,lejepa,gradcam,predicted,backbone.layer2,3,4,4,-0.22859320044517517,0.22155100107192993,-0.0035210996866226196
435,lejepa,gradcam,predicted,backbone.layer2,7,2,2,0.09317495673894882,0.4011152684688568,0.24714511260390282
436,lejepa,gradcam,predicted,backbone.layer2,2,6,6,0.01937123015522957,0.27313515543937683,0.1462531927973032
437,lejepa,gradcam,predicted,backbone.layer2,5,5,5,-0.13277257978916168,0.2814575135707855,0.07434246689081192
438,lejepa,gradcam,predicted,backbone.layer2,3,3,3,0.1543188989162445,0.16366083920001984,0.15898986905813217
439,lejepa,gradcam,predicted,backbone.layer2,1,9,9,0.09247003495693207,0.4075924754142761,0.2500312551856041
440,lejepa,gradcam,predicted,backbone.layer2,1,1,1,-0.12680210173130035,0.23574037849903107,0.054469138383865356
441,lejepa,gradcam,predicted,backbone.layer2,4,4,4,-0.2833699882030487,0.15934716165065765,-0.062011413276195526
442,lejepa,gradcam,predicted,backbone.layer2,9,9,9,-0.17854861915111542,0.22575236856937408,0.023601874709129333
443,lejepa,gradcam,predicted,backbone.layer2,9,9,9,-0.21092639863491058,0.30943840742111206,0.04925600439310074
444,lejepa,gradcam,predicted,backbone.layer2,5,5,5,0.12550531327724457,0.4661169946193695,0.29581115394830704
445,lejepa,gradcam,predicted,backbone.layer2,7,2,2,-0.16644443571567535,0.22002315521240234,0.026789359748363495
446,lejepa,gradcam,predicted,backbone.layer2,5,5,5,0.41995757818222046,0.487191766500473,0.45357467234134674
447,lejepa,gradcam,predicted,backbone.layer2,0,0,0,0.09457540512084961,0.06680908799171448,0.08069224655628204
384,lejepa,gradcam,predicted,backbone.layer3,2,5,5,0.548500120639801,0.20724235475063324,0.37787123769521713
385,lejepa,gradcam,predicted,backbone.layer3,8,0,0,-0.34559527039527893,0.36078080534935,0.0075927674770355225
386,lejepa,gradcam,predicted,backbone.layer3,7,7,7,-0.07831504940986633,0.37925592064857483,0.15047043561935425
387,lejepa,gradcam,predicted,backbone.layer3,2,5,5,-0.2636297941207886,0.2723889946937561,0.004379600286483765
388,lejepa,gradcam,predicted,backbone.layer3,2,3,3,0.09910774230957031,0.49391642212867737,0.29651208221912384
389,lejepa,gradcam,predicted,backbone.layer3,5,5,5,0.2851076126098633,0.34402960538864136,0.3145686089992523
390,lejepa,gradcam,predicted,backbone.layer3,1,1,1,0.7468708753585815,0.35930389165878296,0.5530873835086823
391,lejepa,gradcam,predicted,backbone.layer3,2,0,0,0.678141713142395,0.5699670910835266,0.6240544021129608
392,lejepa,gradcam,predicted,backbone.layer3,6,6,6,0.6189423203468323,0.33900541067123413,0.4789738655090332
393,lejepa,gradcam,predicted,backbone.layer3,2,2,2,0.6983911395072937,0.47735708951950073,0.5878741145133972
394,lejepa,gradcam,predicted,backbone.layer3,9,1,1,-0.14171910285949707,0.19907815754413605,0.02867952734231949
395,lejepa,gradcam,predicted,backbone.layer3,6,6,6,0.4030079245567322,0.4070501923561096,0.4050290584564209
396,lejepa,gradcam,predicted,backbone.layer3,2,2,2,-0.2748009264469147,0.3874381184577942,0.05631859600543976
397,lejepa,gradcam,predicted,backbone.layer3,3,3,3,-0.0032687801867723465,0.35698533058166504,0.17685827519744635
398,lejepa,gradcam,predicted,backbone.layer3,0,0,0,-0.35926297307014465,0.40146565437316895,0.021101340651512146
399,lejepa,gradcam,predicted,backbone.layer3,3,3,3,-0.1865033507347107,0.3689717948436737,0.0912342220544815
400,lejepa,gradcam,predicted,backbone.layer3,9,9,9,0.8114175200462341,0.493262380361557,0.6523399502038956
401,lejepa,gradcam,predicted,backbone.layer3,8,1,1,0.21831773221492767,0.24613244831562042,0.23222509026527405
402,lejepa,gradcam,predicted,backbone.layer3,7,7,7,0.5983064770698547,0.5450227856636047,0.5716646313667297
403,lejepa,gradcam,predicted,backbone.layer3,8,8,8,-0.1884082853794098,0.23818163573741913,0.02488667517900467
404,lejepa,gradcam,predicted,backbone.layer3,8,8,8,0.3996899127960205,0.2364853173494339,0.3180876150727272
405,lejepa,gradcam,predicted,backbone.layer3,4,4,4,-0.21800604462623596,0.2419784665107727,0.011986210942268372
406,lejepa,gradcam,predicted,backbone.layer3,0,0,0,-0.5496827363967896,0.3159162402153015,-0.11688324809074402
407,lejepa,gradcam,predicted,backbone.layer3,1,1,1,0.31573012471199036,0.3113633096218109,0.31354671716690063
408,lejepa,gradcam,predicted,backbone.layer3,8,8,8,0.6812649965286255,0.37361881136894226,0.5274419039487839
409,lejepa,gradcam,predicted,backbone.layer3,2,2,2,-0.13485993444919586,0.319751113653183,0.09244558960199356
410,lejepa,gradcam,predicted,backbone.layer3,7,0,0,-0.004856515675783157,0.36405423283576965,0.17959885857999325
411,lejepa,gradcam,predicted,backbone.layer3,9,8,8,-0.21290640532970428,0.26326093077659607,0.025177262723445892
412,lejepa,gradcam,predicted,backbone.layer3,3,2,2,-0.06261100620031357,0.26508504152297974,0.10123701766133308
413,lejepa,gradcam,predicted,backbone.layer3,6,6,6,0.7618955969810486,0.38988789916038513,0.5758917480707169
414,lejepa,gradcam,predicted,backbone.layer3,1,1,1,0.06687486171722412,0.4660455882549286,0.26646022498607635
415,lejepa,gradcam,predicted,backbone.layer3,9,9,9,0.2478419542312622,0.4512026309967041,0.34952229261398315
416,lejepa,gradcam,predicted,backbone.layer3,0,0,0,-0.3634389042854309,0.31179729104042053,-0.025820806622505188
417,lejepa,gradcam,predicted,backbone.layer3,7,7,7,-0.12065144628286362,0.24997203052043915,0.06466029211878777
418,lejepa,gradcam,predicted,backbone.layer3,3,4,4,-0.27282050251960754,0.309373676776886,0.01827658712863922
419,lejepa,gradcam,predicted,backbone.layer3,7,5,5,0.5751529932022095,0.5214599967002869,0.5483064949512482
420,lejepa,gradcam,predicted,backbone.layer3,4,4,4,-0.33767613768577576,0.3819723129272461,0.02214808762073517
421,lejepa,gradcam,predicted,backbone.layer3,5,5,5,0.36924558877944946,0.38513869047164917,0.3771921396255493
422,lejepa,gradcam,predicted,backbone.layer3,0,8,8,-0.2814716696739197,0.29409024119377136,0.006309285759925842
423,lejepa,gradcam,predicted,backbone.layer3,0,7,7,0.3084500730037689,0.5053243041038513,0.4068871885538101
424,lejepa,gradcam,predicted,backbone.layer3,2,2,2,0.23598980903625488,0.3259662687778473,0.2809780389070511
425,lejepa,gradcam,predicted,backbone.layer3,9,9,9,0.13126389682292938,0.34021231532096863,0.235738106071949
426,lejepa,gradcam,predicted,backbone.layer3,3,6,6,-0.1256566345691681,0.37446701526641846,0.12440519034862518
427,lejepa,gradcam,predicted,backbone.layer3,4,4,4,-0.256195992231369,0.3208788335323334,0.03234142065048218
428,lejepa,gradcam,predicted,backbone.layer3,0,6,6,0.3989076614379883,0.4059755504131317,0.40244160592556
429,lejepa,gradcam,predicted,backbone.layer3,6,6,6,0.5575910806655884,0.4967506527900696,0.527170866727829
430,lejepa,gradcam,predicted,backbone.layer3,2,2,2,-0.2232966125011444,0.14616549015045166,-0.038565561175346375
431,lejepa,gradcam,predicted,backbone.layer3,5,5,5,-0.06417413800954819,0.2223227173089981,0.07907428964972496
432,lejepa,gradcam,predicted,backbone.layer3,3,3,3,0.7784073352813721,0.371986448764801,0.5751968920230865
433,lejepa,gradcam,predicted,backbone.layer3,7,3,3,0.6020780801773071,0.4069752097129822,0.5045266449451447
434,lejepa,gradcam,predicted,backbone.layer3,3,4,4,0.2604798972606659,0.3628169000148773,0.3116483986377716
435,lejepa,gradcam,predicted,backbone.layer3,7,2,2,-0.13598527014255524,0.3905441164970398,0.12727942317724228
436,lejepa,gradcam,predicted,backbone.layer3,2,6,6,0.6086181998252869,0.5369539856910706,0.5727860927581787
437,lejepa,gradcam,predicted,backbone.layer3,5,5,5,0.9581577777862549,0.46700432896614075,0.7125810533761978
438,lejepa,gradcam,predicted,backbone.layer3,3,3,3,0.916562020778656,0.47468018531799316,0.6956211030483246
439,lejepa,gradcam,predicted,backbone.layer3,1,9,9,0.6323744058609009,0.3172336518764496,0.47480402886867523
440,lejepa,gradcam,predicted,backbone.layer3,1,1,1,0.0959978923201561,0.44793251156806946,0.2719652019441128
441,lejepa,gradcam,predicted,backbone.layer3,4,4,4,-0.4113226532936096,0.26528123021125793,-0.07302071154117584
442,lejepa,gradcam,predicted,backbone.layer3,9,9,9,0.5391084551811218,0.5358887910842896,0.5374986231327057
443,lejepa,gradcam,predicted,backbone.layer3,9,9,9,-0.10451683402061462,0.31460314989089966,0.10504315793514252
444,lejepa,gradcam,predicted,backbone.layer3,5,5,5,0.04816906899213791,0.22235935926437378,0.13526421412825584
445,lejepa,gradcam,predicted,backbone.layer3,7,2,2,-0.4370793104171753,0.3987787663936615,-0.019150272011756897
446,lejepa,gradcam,predicted,backbone.layer3,5,5,5,0.79984450340271,0.5030366778373718,0.6514405906200409
447,lejepa,gradcam,predicted,backbone.layer3,0,0,0,0.035547010600566864,0.05818774923682213,0.046867379918694496
384,lejepa,gradcam,predicted,backbone.layer4,2,5,5,0.7406313419342041,0.5400119423866272,0.6403216421604156
385,lejepa,gradcam,predicted,backbone.layer4,8,0,0,0.44183629751205444,0.6286880373954773,0.5352621674537659
386,lejepa,gradcam,predicted,backbone.layer4,7,7,7,0.5407679080963135,0.5084631443023682,0.5246155261993408
387,lejepa,gradcam,predicted,backbone.layer4,2,5,5,0.5271841287612915,0.5386208891868591,0.5329025089740753
388,lejepa,gradcam,predicted,backbone.layer4,2,3,3,0.49891453981399536,0.5388103127479553,0.5188624262809753
389,lejepa,gradcam,predicted,backbone.layer4,5,5,5,0.2958221435546875,0.5357632040977478,0.41579267382621765
390,lejepa,gradcam,predicted,backbone.layer4,1,1,1,0.42724987864494324,0.4869157075881958,0.4570827931165695
391,lejepa,gradcam,predicted,backbone.layer4,2,0,0,0.7041326761245728,0.6881796717643738,0.6961561739444733
392,lejepa,gradcam,predicted,backbone.layer4,6,6,6,0.6255487203598022,0.6202669143676758,0.622907817363739
393,lejepa,gradcam,predicted,backbone.layer4,2,2,2,0.44270914793014526,0.5206955075263977,0.4817023277282715
394,lejepa,gradcam,predicted,backbone.layer4,9,1,1,0.7127136588096619,0.5552353262901306,0.6339744925498962
395,lejepa,gradcam,predicted,backbone.layer4,6,6,6,0.4875876009464264,0.5026155710220337,0.49510158598423004
396,lejepa,gradcam,predicted,backbone.layer4,2,2,2,-0.035987719893455505,0.4066630005836487,0.1853376403450966
397,lejepa,gradcam,predicted,backbone.layer4,3,3,3,0.25400593876838684,0.5784448385238647,0.4162253886461258
398,lejepa,gradcam,predicted,backbone.layer4,0,0,0,0.1560474932193756,0.5636999011039734,0.3598736971616745
399,lejepa,gradcam,predicted,backbone.layer4,3,3,3,0.18078771233558655,0.5069490075111389,0.34386835992336273
400,lejepa,gradcam,predicted,backbone.layer4,9,9,9,0.6577417254447937,0.5670901536941528,0.6124159395694733
401,lejepa,gradcam,predicted,backbone.layer4,8,1,1,0.21641720831394196,0.45692864060401917,0.33667292445898056
402,lejepa,gradcam,predicted,backbone.layer4,7,7,7,0.6789410710334778,0.5346812605857849,0.6068111658096313
403,lejepa,gradcam,predicted,backbone.layer4,8,8,8,0.590027928352356,0.7000086307525635,0.6450182795524597
404,lejepa,gradcam,predicted,backbone.layer4,8,8,8,0.5241641998291016,0.5872219800949097,0.5556930899620056
405,lejepa,gradcam,predicted,backbone.layer4,4,4,4,0.3598290681838989,0.5122430324554443,0.43603605031967163
406,lejepa,gradcam,predicted,backbone.layer4,0,0,0,0.505446195602417,0.5908993482589722,0.5481727719306946
407,lejepa,gradcam,predicted,backbone.layer4,1,1,1,0.3971840739250183,0.506812334060669,0.45199820399284363
408,lejepa,gradcam,predicted,backbone.layer4,8,8,8,0.726125180721283,0.6053577065467834,0.6657414436340332
409,lejepa,gradcam,predicted,backbone.layer4,2,2,2,0.3647302985191345,0.5918566584587097,0.4782934784889221
410,lejepa,gradcam,predicted,backbone.layer4,7,0,0,-0.001809935667552054,0.48301175236701965,0.2406009083497338
411,lejepa,gradcam,predicted,backbone.layer4,9,8,8,0.589357316493988,0.5573200583457947,0.5733386874198914
412,lejepa,gradcam,predicted,backbone.layer4,3,2,2,0.6530745625495911,0.6314651370048523,0.6422698497772217
413,lejepa,gradcam,predicted,backbone.layer4,6,6,6,0.679770827293396,0.6586886644363403,0.6692297458648682
414,lejepa,gradcam,predicted,backbone.layer4,1,1,1,0.6907440423965454,0.6042349934577942,0.6474895179271698
415,lejepa,gradcam,predicted,backbone.layer4,9,9,9,0.6915633678436279,0.5989688038825989,0.6452660858631134
416,lejepa,gradcam,predicted,backbone.layer4,0,0,0,0.12087936699390411,0.49205973744392395,0.30646955221891403
417,lejepa,gradcam,predicted,backbone.layer4,7,7,7,0.20123416185379028,0.4288286566734314,0.31503140926361084
418,lejepa,gradcam,predicted,backbone.layer4,3,4,4,-0.0491831973195076,0.49481192231178284,0.22281436249613762
419,lejepa,gradcam,predicted,backbone.layer4,7,5,5,0.5733169317245483,0.5840176939964294,0.5786673128604889
420,lejepa,gradcam,predicted,backbone.layer4,4,4,4,0.24861915409564972,0.5178269147872925,0.3832230344414711
421,lejepa,gradcam,predicted,backbone.layer4,5,5,5,0.5633481740951538,0.5502772927284241,0.5568127334117889
422,lejepa,gradcam,predicted,backbone.layer4,0,8,8,0.6897247433662415,0.5928425788879395,0.6412836611270905
423,lejepa,gradcam,predicted,backbone.layer4,0,7,7,-0.3056260645389557,0.43895968794822693,0.06666681170463562
424,lejepa,gradcam,predicted,backbone.layer4,2,2,2,0.11476363241672516,0.4860386848449707,0.30040115863084793
425,lejepa,gradcam,predicted,backbone.layer4,9,9,9,0.4944884181022644,0.5777642130851746,0.5361263155937195
426,lejepa,gradcam,predicted,backbone.layer4,3,6,6,0.37935954332351685,0.5698204040527344,0.4745899736881256
427,lejepa,gradcam,predicted,backbone.layer4,4,4,4,0.6409791707992554,0.6009137034416199,0.6209464371204376
428,lejepa,gradcam,predicted,backbone.layer4,0,6,6,-0.07386083900928497,0.4991201162338257,0.21262963861227036
429,lejepa,gradcam,predicted,backbone.layer4,6,6,6,0.39471277594566345,0.5354240536689758,0.46506841480731964
430,lejepa,gradcam,predicted,backbone.layer4,2,2,2,0.2721564769744873,0.46907469630241394,0.3706155866384506
431,lejepa,gradcam,predicted,backbone.layer4,5,5,5,0.39704805612564087,0.5297048091888428,0.4633764326572418
432,lejepa,gradcam,predicted,backbone.layer4,3,3,3,0.5227883458137512,0.5307585000991821,0.5267734229564667
433,lejepa,gradcam,predicted,backbone.layer4,7,3,3,0.1295955926179886,0.5360342264175415,0.33281490951776505
434,lejepa,gradcam,predicted,backbone.layer4,3,4,4,0.5241100788116455,0.6448376178741455,0.5844738483428955
435,lejepa,gradcam,predicted,backbone.layer4,7,2,2,0.14365367591381073,0.4435088634490967,0.2935812696814537
436,lejepa,gradcam,predicted,backbone.layer4,2,6,6,0.25441113114356995,0.5015771389007568,0.3779941350221634
437,lejepa,gradcam,predicted,backbone.layer4,5,5,5,0.7653465270996094,0.605307936668396,0.6853272318840027
438,lejepa,gradcam,predicted,backbone.layer4,3,3,3,0.4713200330734253,0.5079011917114258,0.48961061239242554
439,lejepa,gradcam,predicted,backbone.layer4,1,9,9,0.4589422941207886,0.40805312991142273,0.43349771201610565
440,lejepa,gradcam,predicted,backbone.layer4,1,1,1,0.7217456102371216,0.5559330582618713,0.6388393342494965
441,lejepa,gradcam,predicted,backbone.layer4,4,4,4,0.60307377576828,0.6024670600891113,0.6027704179286957
442,lejepa,gradcam,predicted,backbone.layer4,9,9,9,0.740305483341217,0.62469482421875,0.6825001537799835
443,lejepa,gradcam,predicted,backbone.layer4,9,9,9,0.4137926697731018,0.5118517279624939,0.46282219886779785
444,lejepa,gradcam,predicted,backbone.layer4,5,5,5,0.556277334690094,0.5155400633811951,0.5359086990356445
445,lejepa,gradcam,predicted,backbone.layer4,7,2,2,0.627963125705719,0.6570597290992737,0.6425114274024963
446,lejepa,gradcam,predicted,backbone.layer4,5,5,5,0.5790942311286926,0.5600628852844238,0.5695785582065582
447,lejepa,gradcam,predicted,backbone.layer4,0,0,0,0.3811197876930237,0.6150286793708801,0.4980742335319519
448,lejepa,gradcam,predicted,backbone.layer1,2,2,2,0.010136970318853855,0.2988365590572357,0.1544867646880448
449,lejepa,gradcam,predicted,backbone.layer1,2,2,2,-0.2567204236984253,0.3140585422515869,0.02866905927658081
450,lejepa,gradcam,predicted,backbone.layer1,2,0,0,0.5037550926208496,0.327312707901001,0.4155339002609253
451,lejepa,gradcam,predicted,backbone.layer1,9,9,9,-0.10361221432685852,0.0821288451552391,-0.010741684585809708
452,lejepa,gradcam,predicted,backbone.layer1,7,7,7,0.09541711211204529,0.14093969762325287,0.11817840486764908
453,lejepa,gradcam,predicted,backbone.layer1,3,4,4,0.42332154512405396,0.47958722710609436,0.45145438611507416
454,lejepa,gradcam,predicted,backbone.layer1,9,9,9,0.10237015783786774,0.10543398559093475,0.10390207171440125
455,lejepa,gradcam,predicted,backbone.layer1,4,2,2,0.40649595856666565,0.307823121547699,0.3571595400571823
456,lejepa,gradcam,predicted,backbone.layer1,3,4,4,0.04796053096652031,0.24341824650764465,0.14568938873708248
457,lejepa,gradcam,predicted,backbone.layer1,5,4,4,0.2702738046646118,0.37622275948524475,0.3232482820749283
458,lejepa,gradcam,predicted,backbone.layer1,4,6,6,0.17424573004245758,0.39558693766593933,0.28491633385419846
459,lejepa,gradcam,predicted,backbone.layer1,6,1,1,0.5677492022514343,0.29888689517974854,0.43331804871559143
460,lejepa,gradcam,predicted,backbone.layer1,5,5,5,0.4459792971611023,0.24198855459690094,0.3439839258790016
461,lejepa,gradcam,predicted,backbone.layer1,6,6,6,0.40897804498672485,0.5558798313140869,0.4824289381504059
462,lejepa,gradcam,predicted,backbone.layer1,1,1,1,0.28553324937820435,0.38401418924331665,0.3347737193107605
463,lejepa,gradcam,predicted,backbone.layer1,4,5,5,0.41543853282928467,0.17345720529556274,0.2944478690624237
464,lejepa,gradcam,predicted,backbone.layer1,3,3,3,-0.17716331779956818,0.1799527406692505,0.001394711434841156
465,lejepa,gradcam,predicted,backbone.layer1,4,4,4,-0.16172239184379578,0.22564199566841125,0.03195980191230774
466,lejepa,gradcam,predicted,backbone.layer1,4,4,4,0.19090846180915833,0.14534980058670044,0.16812913119792938
467,lejepa,gradcam,predicted,backbone.layer1,3,6,6,0.4507245421409607,0.4522244930267334,0.45147451758384705
468,lejepa,gradcam,predicted,backbone.layer1,7,7,7,0.023556550964713097,0.13693666458129883,0.08024660777300596
469,lejepa,gradcam,predicted,backbone.layer1,8,8,8,0.027727756649255753,0.2074911892414093,0.11760947294533253
470,lejepa,gradcam,predicted,backbone.layer1,3,3,3,0.14386430382728577,0.34441155195236206,0.2441379278898239
471,lejepa,gradcam,predicted,backbone.layer1,7,7,7,-0.06303470581769943,0.09590774029493332,0.016436517238616943
472,lejepa,gradcam,predicted,backbone.layer1,8,8,8,0.11791299283504486,0.3314330279827118,0.22467301040887833
473,lejepa,gradcam,predicted,backbone.layer1,0,8,8,0.3648899495601654,0.3023392856121063,0.33361461758613586
474,lejepa,gradcam,predicted,backbone.layer1,5,5,5,0.49202948808670044,0.21350251138210297,0.3527659997344017
475,lejepa,gradcam,predicted,backbone.layer1,7,7,7,-0.013402360491454601,0.20348338782787323,0.09504051366820931
476,lejepa,gradcam,predicted,backbone.layer1,6,5,5,0.22990235686302185,0.07085109502077103,0.15037672594189644
477,lejepa,gradcam,predicted,backbone.layer1,0,9,9,-0.08795540779829025,0.027104752138257027,-0.030425327830016613
478,lejepa,gradcam,predicted,backbone.layer1,5,5,5,0.20385447144508362,0.26952672004699707,0.23669059574604034
479,lejepa,gradcam,predicted,backbone.layer1,4,0,0,0.16397926211357117,0.22382071614265442,0.1938999891281128
480,lejepa,gradcam,predicted,backbone.layer1,8,1,1,0.08829139918088913,0.22396838665008545,0.1561298929154873
481,lejepa,gradcam,predicted,backbone.layer1,6,6,6,0.04650159552693367,0.4403027296066284,0.24340216256678104
482,lejepa,gradcam,predicted,backbone.layer1,8,8,8,0.5958764553070068,0.46565181016921997,0.5307641327381134
483,lejepa,gradcam,predicted,backbone.layer1,5,5,5,0.26753926277160645,0.10821878910064697,0.1878790259361267
484,lejepa,gradcam,predicted,backbone.layer1,5,5,5,-0.08012887090444565,0.1055653765797615,0.012718252837657928
485,lejepa,gradcam,predicted,backbone.layer1,9,7,7,0.01331398542970419,0.18391373753547668,0.09861386148259044
486,lejepa,gradcam,predicted,backbone.layer1,9,9,9,-0.21892216801643372,0.0676036849617958,-0.07565924152731895
487,lejepa,gradcam,predicted,backbone.layer1,9,9,9,0.3333487808704376,0.2750200033187866,0.3041843920946121
488,lejepa,gradcam,predicted,backbone.layer1,5,4,4,0.23691457509994507,0.14192140102386475,0.1894179880619049
489,lejepa,gradcam,predicted,backbone.layer1,0,0,0,-0.13427549600601196,0.3314567506313324,0.09859062731266022
490,lejepa,gradcam,predicted,backbone.layer1,1,1,1,0.13793234527111053,0.32895392179489136,0.23344313353300095
491,lejepa,gradcam,predicted,backbone.layer1,0,0,0,0.6754592061042786,0.5308306217193604,0.6031449139118195
492,lejepa,gradcam,predicted,backbone.layer1,8,8,8,0.571954071521759,0.35713738203048706,0.46454572677612305
493,lejepa,gradcam,predicted,backbone.layer1,1,1,1,0.21473020315170288,0.28233256936073303,0.24853138625621796
494,lejepa,gradcam,predicted,backbone.layer1,1,9,9,0.24909961223602295,0.1220107153058052,0.18555516377091408
495,lejepa,gradcam,predicted,backbone.layer1,8,8,8,0.2740524709224701,0.34737879037857056,0.3107156306505203
496,lejepa,gradcam,predicted,backbone.layer1,0,8,8,0.4985613524913788,0.46446797251701355,0.48151466250419617
497,lejepa,gradcam,predicted,backbone.layer1,2,2,2,-0.10383928567171097,0.31764182448387146,0.10690126940608025
498,lejepa,gradcam,predicted,backbone.layer1,2,2,2,0.5379160642623901,0.36881667375564575,0.45336636900901794
499,lejepa,gradcam,predicted,backbone.layer1,0,0,0,-0.12438207119703293,0.16056455671787262,0.018091242760419846
500,lejepa,gradcam,predicted,backbone.layer1,4,3,3,0.007744637783616781,0.35125845670700073,0.17950154724530876
501,lejepa,gradcam,predicted,backbone.layer1,6,6,6,0.12924796342849731,0.4297321140766144,0.27949003875255585
502,lejepa,gradcam,predicted,backbone.layer1,5,3,3,0.047201007604599,0.16340263187885284,0.10530181974172592
503,lejepa,gradcam,predicted,backbone.layer1,4,4,4,0.0655137300491333,0.16263411939144135,0.11407392472028732
504,lejepa,gradcam,predicted,backbone.layer1,9,9,9,0.22426638007164001,0.19232280552387238,0.2082945927977562
505,lejepa,gradcam,predicted,backbone.layer1,4,4,4,0.5083844065666199,0.48495644330978394,0.4966704249382019
506,lejepa,gradcam,predicted,backbone.layer1,7,5,5,0.1385069340467453,0.23914289474487305,0.18882491439580917
507,lejepa,gradcam,predicted,backbone.layer1,9,9,9,-0.06261435151100159,0.015161972492933273,-0.023726189509034157
508,lejepa,gradcam,predicted,backbone.layer1,9,2,2,-0.060010623186826706,0.08966696262359619,0.014828169718384743
509,lejepa,gradcam,predicted,backbone.layer1,4,4,4,0.048521578311920166,0.05218198522925377,0.05035178177058697
510,lejepa,gradcam,predicted,backbone.layer1,5,5,5,0.03647378459572792,0.17171978950500488,0.1040967870503664
511,lejepa,gradcam,predicted,backbone.layer1,6,6,6,0.14223186671733856,0.25880980491638184,0.2005208358168602
448,lejepa,gradcam,predicted,backbone.layer2,2,2,2,0.05375716835260391,0.33070293068885803,0.19223004952073097
449,lejepa,gradcam,predicted,backbone.layer2,2,2,2,-0.02348427288234234,0.4419344365596771,0.2092250818386674
450,lejepa,gradcam,predicted,backbone.layer2,2,0,0,0.3284626305103302,0.3750426471233368,0.3517526388168335
451,lejepa,gradcam,predicted,backbone.layer2,9,9,9,0.3860749304294586,0.4748891294002533,0.43048202991485596
452,lejepa,gradcam,predicted,backbone.layer2,7,7,7,0.16693463921546936,0.33745670318603516,0.25219567120075226
453,lejepa,gradcam,predicted,backbone.layer2,3,4,4,-0.27129846811294556,0.17807289958000183,-0.04661278426647186
454,lejepa,gradcam,predicted,backbone.layer2,9,9,9,-0.4724867343902588,0.3487541675567627,-0.06186628341674805
455,lejepa,gradcam,predicted,backbone.layer2,4,2,2,-0.030835339799523354,0.3260912299156189,0.14762794505804777
456,lejepa,gradcam,predicted,backbone.layer2,3,4,4,-0.06906233727931976,0.22192220389842987,0.07642993330955505
457,lejepa,gradcam,predicted,backbone.layer2,5,4,4,0.02018013410270214,0.2596225142478943,0.13990132417529821
458,lejepa,gradcam,predicted,backbone.layer2,4,6,6,-0.21056810021400452,0.25508084893226624,0.02225637435913086
459,lejepa,gradcam,predicted,backbone.layer2,6,1,1,0.37691888213157654,0.3533935546875,0.36515621840953827
460,lejepa,gradcam,predicted,backbone.layer2,5,5,5,0.24374137818813324,0.3522469401359558,0.2979941591620445
461,lejepa,gradcam,predicted,backbone.layer2,6,6,6,-0.12958431243896484,0.20742866396903992,0.03892217576503754
462,lejepa,gradcam,predicted,backbone.layer2,1,1,1,0.02676628902554512,0.19767355918884277,0.11221992410719395
463,lejepa,gradcam,predicted,backbone.layer2,4,5,5,-0.1309264749288559,0.38663890957832336,0.12785621732473373
464,lejepa,gradcam,predicted,backbone.layer2,3,3,3,0.07305992394685745,0.27323421835899353,0.1731470711529255
465,lejepa,gradcam,predicted,backbone.layer2,4,4,4,-0.029129019007086754,0.3973877727985382,0.18412937689572573
466,lejepa,gradcam,predicted,backbone.layer2,4,4,4,0.008820855990052223,0.14056670665740967,0.07469378132373095
467,lejepa,gradcam,predicted,backbone.layer2,3,6,6,-0.02494570054113865,0.16455456614494324,0.0698044328019023
468,lejepa,gradcam,predicted,backbone.layer2,7,7,7,0.26254868507385254,0.29718101024627686,0.2798648476600647
469,lejepa,gradcam,predicted,backbone.layer2,8,8,8,0.3543965816497803,0.3110298216342926,0.33271320164203644
470,lejepa,gradcam,predicted,backbone.layer2,3,3,3,-0.06905508786439896,0.34505102038383484,0.13799796625971794
471,lejepa,gradcam,predicted,backbone.layer2,7,7,7,0.01586558297276497,0.2304263412952423,0.12314596213400364
472,lejepa,gradcam,predicted,backbone.layer2,8,8,8,0.044821977615356445,0.358207106590271,0.20151454210281372
473,lejepa,gradcam,predicted,backbone.layer2,0,8,8,0.17673823237419128,0.39228659868240356,0.2845124155282974
474,lejepa,gradcam,predicted,backbone.layer2,5,5,5,0.4088551998138428,0.412026047706604,0.4104406237602234
475,lejepa,gradcam,predicted,backbone.layer2,7,7,7,0.08847401291131973,0.20187680423259735,0.14517540857195854
476,lejepa,gradcam,predicted,backbone.layer2,6,5,5,0.5356232523918152,0.4363056421279907,0.48596444725990295
477,lejepa,gradcam,predicted,backbone.layer2,0,9,9,0.07703311741352081,0.39688608050346375,0.23695959895849228
478,lejepa,gradcam,predicted,backbone.layer2,5,5,5,0.28116166591644287,0.38946449756622314,0.335313081741333
479,lejepa,gradcam,predicted,backbone.layer2,4,0,0,0.05534543842077255,0.09695776551961899,0.07615160197019577
480,lejepa,gradcam,predicted,backbone.layer2,8,1,1,0.04722854495048523,0.39990147948265076,0.223565012216568
481,lejepa,gradcam,predicted,backbone.layer2,6,6,6,-0.22752605378627777,0.2547970414161682,0.013635493814945221
482,lejepa,gradcam,predicted,backbone.layer2,8,8,8,0.42048120498657227,0.41055530309677124,0.41551825404167175
483,lejepa,gradcam,predicted,backbone.layer2,5,5,5,0.3198182284832001,0.3878214955329895,0.3538198620080948
484,lejepa,gradcam,predicted,backbone.layer2,5,5,5,0.023057620972394943,0.45819175243377686,0.2406246867030859
485,lejepa,gradcam,predicted,backbone.layer2,9,7,7,0.23232993483543396,0.385245144367218,0.308787539601326
486,lejepa,gradcam,predicted,backbone.layer2,9,9,9,-0.0301484614610672,0.3991130590438843,0.18448229879140854
487,lejepa,gradcam,predicted,backbone.layer2,9,9,9,-0.30811500549316406,0.24556007981300354,-0.03127746284008026
488,lejepa,gradcam,predicted,backbone.layer2,5,4,4,0.0769086480140686,0.3716566562652588,0.2242826521396637
489,lejepa,gradcam,predicted,backbone.layer2,0,0,0,-0.1402568221092224,0.38878506422042847,0.12426412105560303
490,lejepa,gradcam,predicted,backbone.layer2,1,1,1,0.07715427130460739,0.3195551335811615,0.19835470244288445
491,lejepa,gradcam,predicted,backbone.layer2,0,0,0,-0.1518002152442932,0.04327335208654404,-0.05426343157887459
492,lejepa,gradcam,predicted,backbone.layer2,8,8,8,0.29193490743637085,0.5342099070549011,0.413072407245636
493,lejepa,gradcam,predicted,backbone.layer2,1,1,1,0.29685908555984497,0.42353013157844543,0.3601946085691452
494,lejepa,gradcam,predicted,backbone.layer2,1,9,9,0.15067194402217865,0.30355215072631836,0.2271120473742485
495,lejepa,gradcam,predicted,backbone.layer2,8,8,8,-0.17686091363430023,0.34905752539634705,0.08609830588102341
496,lejepa,gradcam,predicted,backbone.layer2,0,8,8,0.24770446121692657,0.26290297508239746,0.255303718149662
497,lejepa,gradcam,predicted,backbone.layer2,2,2,2,-0.15606343746185303,0.31075742840766907,0.07734699547290802
498,lejepa,gradcam,predicted,backbone.layer2,2,2,2,-0.11487627029418945,0.27766722440719604,0.0813954770565033
499,lejepa,gradcam,predicted,backbone.layer2,0,0,0,0.23984402418136597,0.39998289942741394,0.31991346180438995
500,lejepa,gradcam,predicted,backbone.layer2,4,3,3,-0.284126341342926,0.2344495952129364,-0.024838373064994812
501,lejepa,gradcam,predicted,backbone.layer2,6,6,6,-0.2888902425765991,0.1740509271621704,-0.057419657707214355
502,lejepa,gradcam,predicted,backbone.layer2,5,3,3,-0.048635732382535934,0.31432828307151794,0.132846275344491
503,lejepa,gradcam,predicted,backbone.layer2,4,4,4,-0.1175210028886795,0.2069733589887619,0.0447261780500412
504,lejepa,gradcam,predicted,backbone.layer2,9,9,9,0.46328723430633545,0.41529974341392517,0.4392934888601303
505,lejepa,gradcam,predicted,backbone.layer2,4,4,4,-0.22462983429431915,0.18647553026676178,-0.019077152013778687
506,lejepa,gradcam,predicted,backbone.layer2,7,5,5,-0.22335605323314667,0.3412974178791046,0.05897068232297897
507,lejepa,gradcam,predicted,backbone.layer2,9,9,9,0.26502227783203125,0.49555107951164246,0.38028667867183685
508,lejepa,gradcam,predicted,backbone.layer2,9,2,2,-0.21450857818126678,0.16940125823020935,-0.022553659975528717
509,lejepa,gradcam,predicted,backbone.layer2,4,4,4,0.12674063444137573,0.3908054530620575,0.2587730437517166
510,lejepa,gradcam,predicted,backbone.layer2,5,5,5,0.10930407792329788,0.34524184465408325,0.22727296128869057
511,lejepa,gradcam,predicted,backbone.layer2,6,6,6,-0.14425747096538544,0.2717178463935852,0.06373018771409988
448,lejepa,gradcam,predicted,backbone.layer3,2,2,2,-0.3252263069152832,0.3937838077545166,0.0342787504196167
449,lejepa,gradcam,predicted,backbone.layer3,2,2,2,-0.39942607283592224,0.3546646535396576,-0.022380709648132324
450,lejepa,gradcam,predicted,backbone.layer3,2,0,0,-0.27557411789894104,0.4464544355869293,0.08544015884399414
451,lejepa,gradcam,predicted,backbone.layer3,9,9,9,0.13860619068145752,0.24298542737960815,0.19079580903053284
452,lejepa,gradcam,predicted,backbone.layer3,7,7,7,0.3140769302845001,0.39608168601989746,0.3550793081521988
453,lejepa,gradcam,predicted,backbone.layer3,3,4,4,-0.2148749679327011,0.21824529767036438,0.0016851648688316345
454,lejepa,gradcam,predicted,backbone.layer3,9,9,9,0.6995375752449036,0.3743761479854584,0.536956861615181
455,lejepa,gradcam,predicted,backbone.layer3,4,2,2,0.41414034366607666,0.4100719690322876,0.41210615634918213
456,lejepa,gradcam,predicted,backbone.layer3,3,4,4,-0.593583345413208,0.3084401488304138,-0.1425715982913971
457,lejepa,gradcam,predicted,backbone.layer3,5,4,4,0.04047367721796036,0.334402471780777,0.18743807449936867
458,lejepa,gradcam,predicted,backbone.layer3,4,6,6,0.6391241550445557,0.5050703883171082,0.5720972716808319
459,lejepa,gradcam,predicted,backbone.layer3,6,1,1,0.4673164188861847,0.2665826380252838,0.36694952845573425
460,lejepa,gradcam,predicted,backbone.layer3,5,5,5,0.8172488808631897,0.3827711343765259,0.6000100076198578
461,lejepa,gradcam,predicted,backbone.layer3,6,6,6,0.4130556285381317,0.5394942760467529,0.4762749522924423
462,lejepa,gradcam,predicted,backbone.layer3,1,1,1,0.2576102316379547,0.4524593651294708,0.35503479838371277
463,lejepa,gradcam,predicted,backbone.layer3,4,5,5,0.2915121614933014,0.30512598156929016,0.2983190715312958
464,lejepa,gradcam,predicted,backbone.layer3,3,3,3,0.3135010600090027,0.2560901641845703,0.2847956120967865
465,lejepa,gradcam,predicted,backbone.layer3,4,4,4,-0.3537942171096802,0.3453146517276764,-0.004239782691001892
466,lejepa,gradcam,predicted,backbone.layer3,4,4,4,-0.2942533791065216,0.3309915363788605,0.018369078636169434
467,lejepa,gradcam,predicted,backbone.layer3,3,6,6,0.7253361344337463,0.4712516665458679,0.5982939004898071
468,lejepa,gradcam,predicted,backbone.layer3,7,7,7,0.5759298801422119,0.5763199925422668,0.5761249363422394
469,lejepa,gradcam,predicted,backbone.layer3,8,8,8,0.2768186330795288,0.3308675289154053,0.30384308099746704
470,lejepa,gradcam,predicted,backbone.layer3,3,3,3,0.41299983859062195,0.4549270570278168,0.43396344780921936
471,lejepa,gradcam,predicted,backbone.layer3,7,7,7,0.6298291683197021,0.5753206014633179,0.60257488489151
472,lejepa,gradcam,predicted,backbone.layer3,8,8,8,-0.4338943362236023,0.3855694830417633,-0.024162426590919495
473,lejepa,gradcam,predicted,backbone.layer3,0,8,8,-0.15471237897872925,0.31341543793678284,0.0793515294790268
474,lejepa,gradcam,predicted,backbone.layer3,5,5,5,0.3972187042236328,0.396297425031662,0.3967580646276474
475,lejepa,gradcam,predicted,backbone.layer3,7,7,7,0.14962995052337646,0.38098132610321045,0.26530563831329346
476,lejepa,gradcam,predicted,backbone.layer3,6,5,5,0.7629040479660034,0.245741605758667,0.5043228268623352
477,lejepa,gradcam,predicted,backbone.layer3,0,9,9,0.41853615641593933,0.25106582045555115,0.33480098843574524
478,lejepa,gradcam,predicted,backbone.layer3,5,5,5,0.9370649456977844,0.3703703284263611,0.6537176370620728
479,lejepa,gradcam,predicted,backbone.layer3,4,0,0,0.3698519170284271,0.45826151967048645,0.4140567183494568
480,lejepa,gradcam,predicted,backbone.layer3,8,1,1,0.6404575109481812,0.267141193151474,0.4537993520498276
481,lejepa,gradcam,predicted,backbone.layer3,6,6,6,0.7176061272621155,0.4048656225204468,0.5612358748912811
482,lejepa,gradcam,predicted,backbone.layer3,8,8,8,0.7518280148506165,0.6245370507240295,0.688182532787323
483,lejepa,gradcam,predicted,backbone.layer3,5,5,5,0.35107067227363586,0.40493908524513245,0.37800487875938416
484,lejepa,gradcam,predicted,backbone.layer3,5,5,5,0.777427613735199,0.34168341755867004,0.5595555156469345
485,lejepa,gradcam,predicted,backbone.layer3,9,7,7,0.6477863788604736,0.31155896186828613,0.4796726703643799
486,lejepa,gradcam,predicted,backbone.layer3,9,9,9,0.7550994157791138,0.44700732827186584,0.6010533720254898
487,lejepa,gradcam,predicted,backbone.layer3,9,9,9,0.3340446650981903,0.3894670307636261,0.3617558479309082
488,lejepa,gradcam,predicted,backbone.layer3,5,4,4,-0.4517905116081238,0.3639967143535614,-0.04389689862728119
489,lejepa,gradcam,predicted,backbone.layer3,0,0,0,0.5217422246932983,0.4573518633842468,0.4895470440387726
490,lejepa,gradcam,predicted,backbone.layer3,1,1,1,-0.19651885330677032,0.41535964608192444,0.10942039638757706
491,lejepa,gradcam,predicted,backbone.layer3,0,0,0,-0.26903045177459717,0.31906697154045105,0.02501825988292694
492,lejepa,gradcam,predicted,backbone.layer3,8,8,8,0.19196301698684692,0.37199345231056213,0.28197823464870453
493,lejepa,gradcam,predicted,backbone.layer3,1,1,1,0.48750683665275574,0.3100196123123169,0.3987632244825363
494,lejepa,gradcam,predicted,backbone.layer3,1,9,9,0.16287164390087128,0.48509979248046875,0.32398571819067
495,lejepa,gradcam,predicted,backbone.layer3,8,8,8,-0.2927861511707306,0.344651997089386,0.025932922959327698
496,lejepa,gradcam,predicted,backbone.layer3,0,8,8,0.48415884375572205,0.4224891662597656,0.45332400500774384
497,lejepa,gradcam,predicted,backbone.layer3,2,2,2,0.7055380940437317,0.5687786936759949,0.6371583938598633
498,lejepa,gradcam,predicted,backbone.layer3,2,2,2,-0.4380676746368408,0.21859635412693024,-0.10973566025495529
499,lejepa,gradcam,predicted,backbone.layer3,0,0,0,-0.3445741534233093,0.26948171854019165,-0.03754621744155884
500,lejepa,gradcam,predicted,backbone.layer3,4,3,3,0.8631154894828796,0.4222874939441681,0.6427014917135239
501,lejepa,gradcam,predicted,backbone.layer3,6,6,6,-0.2329724282026291,0.36159953474998474,0.06431355327367783
502,lejepa,gradcam,predicted,backbone.layer3,5,3,3,0.39256906509399414,0.3549216091632843,0.3737453371286392
503,lejepa,gradcam,predicted,backbone.layer3,4,4,4,-0.3562798500061035,0.35161858797073364,-0.0023306310176849365
504,lejepa,gradcam,predicted,backbone.layer3,9,9,9,0.6488131284713745,0.4156770408153534,0.532245084643364
505,lejepa,gradcam,predicted,backbone.layer3,4,4,4,-0.12919959425926208,0.33504727482795715,0.10292384028434753
506,lejepa,gradcam,predicted,backbone.layer3,7,5,5,0.4355584681034088,0.4602595567703247,0.44790901243686676
507,lejepa,gradcam,predicted,backbone.layer3,9,9,9,0.7280138731002808,0.3988543450832367,0.5634341090917587
508,lejepa,gradcam,predicted,backbone.layer3,9,2,2,0.6542515754699707,0.5378381013870239,0.5960448384284973
509,lejepa,gradcam,predicted,backbone.layer3,4,4,4,-0.5257571339607239,0.24812203645706177,-0.13881754875183105
510,lejepa,gradcam,predicted,backbone.layer3,5,5,5,-0.33481934666633606,0.2109522968530655,-0.061933524906635284
511,lejepa,gradcam,predicted,backbone.layer3,6,6,6,0.6927497386932373,0.43434250354766846,0.5635461211204529
448,lejepa,gradcam,predicted,backbone.layer4,2,2,2,0.7365236282348633,0.7039638757705688,0.7202437520027161
449,lejepa,gradcam,predicted,backbone.layer4,2,2,2,0.5273305177688599,0.6128126978874207,0.5700716078281403
450,lejepa,gradcam,predicted,backbone.layer4,2,0,0,0.5349529981613159,0.5215179324150085,0.5282354652881622
451,lejepa,gradcam,predicted,backbone.layer4,9,9,9,0.2416767030954361,0.4156135320663452,0.32864511758089066
452,lejepa,gradcam,predicted,backbone.layer4,7,7,7,0.5307732820510864,0.49418482184410095,0.5124790519475937
453,lejepa,gradcam,predicted,backbone.layer4,3,4,4,0.4164552092552185,0.606569766998291,0.5115124881267548
454,lejepa,gradcam,predicted,backbone.layer4,9,9,9,0.770948052406311,0.6266146898269653,0.6987813711166382
455,lejepa,gradcam,predicted,backbone.layer4,4,2,2,0.824207603931427,0.6965810060501099,0.7603943049907684
456,lejepa,gradcam,predicted,backbone.layer4,3,4,4,0.6160691976547241,0.6593416333198547,0.6377054154872894
457,lejepa,gradcam,predicted,backbone.layer4,5,4,4,0.15559859573841095,0.5168148279190063,0.33620671182870865
458,lejepa,gradcam,predicted,backbone.layer4,4,6,6,0.5992147326469421,0.5902607440948486,0.5947377383708954
459,lejepa,gradcam,predicted,backbone.layer4,6,1,1,0.5628845691680908,0.44468531012535095,0.5037849396467209
460,lejepa,gradcam,predicted,backbone.layer4,5,5,5,0.709511399269104,0.5205882787704468,0.6150498390197754
461,lejepa,gradcam,predicted,backbone.layer4,6,6,6,0.3997332453727722,0.5424537658691406,0.4710935056209564
462,lejepa,gradcam,predicted,backbone.layer4,1,1,1,0.6775099635124207,0.6148238778114319,0.6461669206619263
463,lejepa,gradcam,predicted,backbone.layer4,4,5,5,0.5528329014778137,0.5646417737007141,0.5587373375892639
464,lejepa,gradcam,predicted,backbone.layer4,3,3,3,0.38209953904151917,0.6083754897117615,0.4952375143766403
465,lejepa,gradcam,predicted,backbone.layer4,4,4,4,0.6030164957046509,0.5966894030570984,0.5998529493808746
466,lejepa,gradcam,predicted,backbone.layer4,4,4,4,0.5412238836288452,0.5532426834106445,0.5472332835197449
467,lejepa,gradcam,predicted,backbone.layer4,3,6,6,0.4802345335483551,0.5552840232849121,0.5177592784166336
468,lejepa,gradcam,predicted,backbone.layer4,7,7,7,0.4761224389076233,0.632639467716217,0.5543809533119202
469,lejepa,gradcam,predicted,backbone.layer4,8,8,8,0.3107248544692993,0.5570071339607239,0.4338659942150116
470,lejepa,gradcam,predicted,backbone.layer4,3,3,3,0.6106274724006653,0.6448856592178345,0.6277565658092499
471,lejepa,gradcam,predicted,backbone.layer4,7,7,7,0.6798635721206665,0.5791637301445007,0.6295136511325836
472,lejepa,gradcam,predicted,backbone.layer4,8,8,8,0.6600996851921082,0.6102112531661987,0.6351554691791534
473,lejepa,gradcam,predicted,backbone.layer4,0,8,8,0.4215310215950012,0.5011018514633179,0.46131643652915955
474,lejepa,gradcam,predicted,backbone.layer4,5,5,5,0.350409597158432,0.5106891989707947,0.43054939806461334
475,lejepa,gradcam,predicted,backbone.layer4,7,7,7,0.6406364440917969,0.5900066494941711,0.615321546792984
476,lejepa,gradcam,predicted,backbone.layer4,6,5,5,0.6871017813682556,0.5338422060012817,0.6104719936847687
477,lejepa,gradcam,predicted,backbone.layer4,0,9,9,0.3598557412624359,0.498846173286438,0.42935095727443695
478,lejepa,gradcam,predicted,backbone.layer4,5,5,5,0.8095908164978027,0.6119312644004822,0.7107610404491425
479,lejepa,gradcam,predicted,backbone.layer4,4,0,0,0.0785716325044632,0.4507523775100708,0.264662005007267
480,lejepa,gradcam,predicted,backbone.layer4,8,1,1,0.7003637552261353,0.5582315921783447,0.62929767370224
481,lejepa,gradcam,predicted,backbone.layer4,6,6,6,0.25818970799446106,0.5266057252883911,0.3923977166414261
482,lejepa,gradcam,predicted,backbone.layer4,8,8,8,0.3395368754863739,0.5942487120628357,0.4668927937746048
483,lejepa,gradcam,predicted,backbone.layer4,5,5,5,0.3968280255794525,0.4685904085636139,0.4327092170715332
484,lejepa,gradcam,predicted,backbone.layer4,5,5,5,0.2768844962120056,0.4734959304332733,0.37519021332263947
485,lejepa,gradcam,predicted,backbone.layer4,9,7,7,-0.3404010832309723,0.29397052526474,-0.02321527898311615
486,lejepa,gradcam,predicted,backbone.layer4,9,9,9,0.6089765429496765,0.5926781296730042,0.6008273363113403
487,lejepa,gradcam,predicted,backbone.layer4,9,9,9,0.48805540800094604,0.5175251960754395,0.5027903020381927
488,lejepa,gradcam,predicted,backbone.layer4,5,4,4,0.10496965795755386,0.48471102118492126,0.29484033957123756
489,lejepa,gradcam,predicted,backbone.layer4,0,0,0,0.31345227360725403,0.5048434138298035,0.40914784371852875
490,lejepa,gradcam,predicted,backbone.layer4,1,1,1,0.7110981345176697,0.6014162302017212,0.6562571823596954
491,lejepa,gradcam,predicted,backbone.layer4,0,0,0,0.2645829916000366,0.5627252459526062,0.4136541187763214
492,lejepa,gradcam,predicted,backbone.layer4,8,8,8,0.12908697128295898,0.46172234416007996,0.29540465772151947
493,lejepa,gradcam,predicted,backbone.layer4,1,1,1,0.8098012208938599,0.6001099348068237,0.7049555778503418
494,lejepa,gradcam,predicted,backbone.layer4,1,9,9,0.35974693298339844,0.49457281827926636,0.4271598756313324
495,lejepa,gradcam,predicted,backbone.layer4,8,8,8,0.2716573476791382,0.5393221974372864,0.4054897725582123
496,lejepa,gradcam,predicted,backbone.layer4,0,8,8,0.6869713664054871,0.5562703013420105,0.6216208338737488
497,lejepa,gradcam,predicted,backbone.layer4,2,2,2,0.5148587226867676,0.569554328918457,0.5422065258026123
498,lejepa,gradcam,predicted,backbone.layer4,2,2,2,0.6335285902023315,0.636038601398468,0.6347835958003998
499,lejepa,gradcam,predicted,backbone.layer4,0,0,0,0.35077324509620667,0.5736435055732727,0.4622083753347397
500,lejepa,gradcam,predicted,backbone.layer4,4,3,3,0.6726845502853394,0.5479192733764648,0.6103019118309021
501,lejepa,gradcam,predicted,backbone.layer4,6,6,6,0.508326530456543,0.6482234001159668,0.5782749652862549
502,lejepa,gradcam,predicted,backbone.layer4,5,3,3,0.04665384069085121,0.48583561182022095,0.2662447262555361
503,lejepa,gradcam,predicted,backbone.layer4,4,4,4,0.47707104682922363,0.5328118801116943,0.504941463470459
504,lejepa,gradcam,predicted,backbone.layer4,9,9,9,0.5879071950912476,0.566415011882782,0.5771611034870148
505,lejepa,gradcam,predicted,backbone.layer4,4,4,4,0.3850473463535309,0.4926988184452057,0.4388730823993683
506,lejepa,gradcam,predicted,backbone.layer4,7,5,5,0.5933833718299866,0.5092076063156128,0.5512954890727997
507,lejepa,gradcam,predicted,backbone.layer4,9,9,9,0.6372038722038269,0.6274915337562561,0.6323477029800415
508,lejepa,gradcam,predicted,backbone.layer4,9,2,2,-0.039654236286878586,0.46169230341911316,0.2110190335661173
509,lejepa,gradcam,predicted,backbone.layer4,4,4,4,0.7303299903869629,0.6255413889884949,0.6779356896877289
510,lejepa,gradcam,predicted,backbone.layer4,5,5,5,0.6889004111289978,0.659075915813446,0.6739881634712219
511,lejepa,gradcam,predicted,backbone.layer4,6,6,6,0.5218369960784912,0.638282835483551,0.5800599157810211
512,lejepa,gradcam,predicted,backbone.layer1,6,6,6,0.13678620755672455,0.39578530192375183,0.2662857547402382
513,lejepa,gradcam,predicted,backbone.layer1,1,1,1,0.29188278317451477,0.32513317465782166,0.3085079789161682
514,lejepa,gradcam,predicted,backbone.layer1,5,5,5,0.1839977204799652,0.3845812976360321,0.28428950905799866
515,lejepa,gradcam,predicted,backbone.layer1,3,3,3,0.12053366005420685,0.2374967634677887,0.17901521176099777
516,lejepa,gradcam,predicted,backbone.layer1,8,8,8,0.3279632031917572,0.30533748865127563,0.3166503459215164
517,lejepa,gradcam,predicted,backbone.layer1,9,9,9,0.029269171878695488,0.3000059723854065,0.164637572132051
518,lejepa,gradcam,predicted,backbone.layer1,5,7,7,0.2946147620677948,0.332094669342041,0.3133547157049179
519,lejepa,gradcam,predicted,backbone.layer1,8,8,8,0.6080173254013062,0.37078988552093506,0.4894036054611206
520,lejepa,gradcam,predicted,backbone.layer1,5,5,5,0.505668580532074,0.29953205585479736,0.40260031819343567
521,lejepa,gradcam,predicted,backbone.layer1,7,7,7,0.16857416927814484,0.1964416801929474,0.1825079247355461
522,lejepa,gradcam,predicted,backbone.layer1,0,1,1,0.4739971458911896,0.3985489010810852,0.4362730234861374
523,lejepa,gradcam,predicted,backbone.layer1,7,7,7,0.1844732016324997,0.12697726488113403,0.15572523325681686
524,lejepa,gradcam,predicted,backbone.layer1,0,0,0,0.5326592922210693,0.3695804476737976,0.45111986994743347
525,lejepa,gradcam,predicted,backbone.layer1,5,5,5,-0.1494699865579605,0.07271981984376907,-0.03837508335709572
526,lejepa,gradcam,predicted,backbone.layer1,0,8,8,0.176156148314476,0.3326265811920166,0.2543913647532463
527,lejepa,gradcam,predicted,backbone.layer1,0,0,0,0.32665401697158813,0.1567472219467163,0.24170061945915222
528,lejepa,gradcam,predicted,backbone.layer1,4,1,1,0.39179855585098267,0.3931361734867096,0.39246736466884613
529,lejepa,gradcam,predicted,backbone.layer1,6,6,6,0.17613792419433594,0.3657436668872833,0.27094079554080963
530,lejepa,gradcam,predicted,backbone.layer1,9,9,9,0.042379558086395264,0.263868510723114,0.15312403440475464
531,lejepa,gradcam,predicted,backbone.layer1,0,2,2,0.4593135416507721,0.25350362062454224,0.35640858113765717
532,lejepa,gradcam,predicted,backbone.layer1,9,1,1,0.4090631604194641,0.39990776777267456,0.40448546409606934
533,lejepa,gradcam,predicted,backbone.layer1,5,5,5,0.34727874398231506,0.14078491926193237,0.24403183162212372
534,lejepa,gradcam,predicted,backbone.layer1,6,6,6,0.3184534013271332,0.444206178188324,0.3813297897577286
535,lejepa,gradcam,predicted,backbone.layer1,6,6,6,0.1309191733598709,0.453002393245697,0.29196078330278397
536,lejepa,gradcam,predicted,backbone.layer1,6,6,6,0.2669345438480377,0.4786366820335388,0.37278561294078827
537,lejepa,gradcam,predicted,backbone.layer1,2,2,2,0.24704697728157043,0.16801594197750092,0.20753145962953568
538,lejepa,gradcam,predicted,backbone.layer1,9,9,9,0.18644659221172333,0.16272012889385223,0.17458336055278778
539,lejepa,gradcam,predicted,backbone.layer1,0,0,0,0.3042885959148407,0.3496323227882385,0.3269604593515396
540,lejepa,gradcam,predicted,backbone.layer1,1,1,1,-0.061020154505968094,0.06207580119371414,0.000527823343873024
541,lejepa,gradcam,predicted,backbone.layer1,7,5,5,-0.16265544295310974,0.055022187530994415,-0.05381662771105766
542,lejepa,gradcam,predicted,backbone.layer1,6,2,2,0.5703682899475098,0.24462613463401794,0.40749721229076385
543,lejepa,gradcam,predicted,backbone.layer1,7,7,7,-0.03793134540319443,0.04211411252617836,0.0020913835614919662
544,lejepa,gradcam,predicted,backbone.layer1,5,5,5,0.4466591477394104,0.21984964609146118,0.3332543969154358
545,lejepa,gradcam,predicted,backbone.layer1,9,9,9,0.5091660618782043,0.2836966812610626,0.3964313715696335
546,lejepa,gradcam,predicted,backbone.layer1,1,1,1,0.5135794281959534,0.3526304066181183,0.4331049174070358
547,lejepa,gradcam,predicted,backbone.layer1,6,6,6,0.06605913490056992,0.41441333293914795,0.24023623391985893
548,lejepa,gradcam,predicted,backbone.layer1,2,2,2,-0.047335412353277206,0.002375859534367919,-0.022479776409454644
549,lejepa,gradcam,predicted,backbone.layer1,5,5,5,0.209647998213768,0.30038249492645264,0.2550152465701103
550,lejepa,gradcam,predicted,backbone.layer1,5,5,5,0.5472053289413452,0.22310684621334076,0.385156087577343
551,lejepa,gradcam,predicted,backbone.layer1,5,3,3,0.30501124262809753,0.4290520250797272,0.36703163385391235
552,lejepa,gradcam,predicted,backbone.layer1,8,1,1,0.43366506695747375,0.3011731505393982,0.367419108748436
553,lejepa,gradcam,predicted,backbone.layer1,5,3,3,0.04020535945892334,0.25963184237480164,0.1499186009168625
554,lejepa,gradcam,predicted,backbone.layer1,9,9,9,0.03462139517068863,0.15250030159950256,0.0935608483850956
555,lejepa,gradcam,predicted,backbone.layer1,4,4,4,0.5186870098114014,0.2763063609600067,0.39749668538570404
556,lejepa,gradcam,predicted,backbone.layer1,6,6,6,0.20938928425312042,0.5131523609161377,0.36127082258462906
557,lejepa,gradcam,predicted,backbone.layer1,4,4,4,0.014286021701991558,0.08571463823318481,0.050000329967588186
558,lejepa,gradcam,predicted,backbone.layer1,3,5,5,0.42379364371299744,0.2086293250322342,0.3162114843726158
559,lejepa,gradcam,predicted,backbone.layer1,2,2,2,0.29911336302757263,0.32406142354011536,0.311587393283844
560,lejepa,gradcam,predicted,backbone.layer1,0,0,0,0.07121339440345764,0.3359448313713074,0.2035791128873825
561,lejepa,gradcam,predicted,backbone.layer1,7,7,7,0.4059675931930542,0.2531624436378479,0.32956501841545105
562,lejepa,gradcam,predicted,backbone.layer1,6,6,6,0.24718230962753296,0.4729117751121521,0.36004704236984253
563,lejepa,gradcam,predicted,backbone.layer1,2,4,4,0.34281131625175476,0.15626832842826843,0.2495398223400116
564,lejepa,gradcam,predicted,backbone.layer1,2,4,4,0.022159285843372345,0.06935033202171326,0.0457548089325428
565,lejepa,gradcam,predicted,backbone.layer1,3,5,5,-0.050835851579904556,0.03341333568096161,-0.008711257949471474
566,lejepa,gradcam,predicted,backbone.layer1,9,9,9,0.08431818336248398,0.13042809069156647,0.10737313702702522
567,lejepa,gradcam,predicted,backbone.layer1,7,5,5,0.0337611548602581,0.3147921562194824,0.17427665553987026
568,lejepa,gradcam,predicted,backbone.layer1,9,9,9,0.3160146176815033,0.15396995842456818,0.23499228805303574
569,lejepa,gradcam,predicted,backbone.layer1,2,2,2,0.1363883763551712,0.36892592906951904,0.2526571527123451
570,lejepa,gradcam,predicted,backbone.layer1,6,6,6,0.14664477109909058,0.422888845205307,0.2847668081521988
571,lejepa,gradcam,predicted,backbone.layer1,7,7,7,0.11243247240781784,0.15610142052173615,0.134266946464777
572,lejepa,gradcam,predicted,backbone.layer1,1,9,9,-0.10450156778097153,0.22583964467048645,0.06066903844475746
573,lejepa,gradcam,predicted,backbone.layer1,3,8,8,-0.18662600219249725,0.17334190011024475,-0.006642051041126251
574,lejepa,gradcam,predicted,backbone.layer1,6,6,6,-0.014029324986040592,0.30837374925613403,0.14717221213504672
575,lejepa,gradcam,predicted,backbone.layer1,6,6,6,-0.02681891620159149,0.3503032326698303,0.16174215823411942
512,lejepa,gradcam,predicted,backbone.layer2,6,6,6,-0.17402510344982147,0.379533976316452,0.10275443643331528
513,lejepa,gradcam,predicted,backbone.layer2,1,1,1,-0.0051216972060501575,0.2603588104248047,0.12761855660937726
514,lejepa,gradcam,predicted,backbone.layer2,5,5,5,-0.1671764999628067,0.28279316425323486,0.05780833214521408
515,lejepa,gradcam,predicted,backbone.layer2,3,3,3,-0.22661733627319336,0.14761000871658325,-0.039503663778305054
516,lejepa,gradcam,predicted,backbone.layer2,8,8,8,-0.3658033609390259,0.22136789560317993,-0.07221773266792297
517,lejepa,gradcam,predicted,backbone.layer2,9,9,9,0.01983303390443325,0.3566047251224518,0.18821887951344252
518,lejepa,gradcam,predicted,backbone.layer2,5,7,7,-0.15095269680023193,0.34953993558883667,0.09929361939430237
519,lejepa,gradcam,predicted,backbone.layer2,8,8,8,-0.35657668113708496,0.3832128345966339,0.013318076729774475
520,lejepa,gradcam,predicted,backbone.layer2,5,5,5,0.004924539010971785,0.1962754875421524,0.1006000132765621
521,lejepa,gradcam,predicted,backbone.layer2,7,7,7,0.2477988451719284,0.448047935962677,0.3479233905673027
522,lejepa,gradcam,predicted,backbone.layer2,0,1,1,0.17899242043495178,0.39208394289016724,0.2855381816625595
523,lejepa,gradcam,predicted,backbone.layer2,7,7,7,-0.13271461427211761,0.18245868384838104,0.024872034788131714
524,lejepa,gradcam,predicted,backbone.layer2,0,0,0,0.04452914744615555,0.08896592259407043,0.06674753502011299
525,lejepa,gradcam,predicted,backbone.layer2,5,5,5,0.6397690773010254,0.47385135293006897,0.5568102151155472
526,lejepa,gradcam,predicted,backbone.layer2,0,8,8,-0.12055952847003937,0.038986291736364365,-0.0407866183668375
527,lejepa,gradcam,predicted,backbone.layer2,0,0,0,0.01254093088209629,0.389811635017395,0.20117628294974566
528,lejepa,gradcam,predicted,backbone.layer2,4,1,1,-0.1859053373336792,0.3047241270542145,0.05940939486026764
529,lejepa,gradcam,predicted,backbone.layer2,6,6,6,0.035737842321395874,0.24558457732200623,0.14066120982170105
530,lejepa,gradcam,predicted,backbone.layer2,9,9,9,-0.07183771580457687,0.21016041934490204,0.06916135177016258
531,lejepa,gradcam,predicted,backbone.layer2,0,2,2,0.19950199127197266,0.3545147180557251,0.2770083546638489
532,lejepa,gradcam,predicted,backbone.layer2,9,1,1,0.23767174780368805,0.39716508984565735,0.3174184188246727
533,lejepa,gradcam,predicted,backbone.layer2,5,5,5,0.39339667558670044,0.4968862533569336,0.445141464471817
534,lejepa,gradcam,predicted,backbone.layer2,6,6,6,0.1287480592727661,0.24306711554527283,0.18590758740901947
535,lejepa,gradcam,predicted,backbone.layer2,6,6,6,-0.21720148622989655,0.13003621995449066,-0.04358263313770294
536,lejepa,gradcam,predicted,backbone.layer2,6,6,6,-0.1596255898475647,0.2236790508031845,0.032026730477809906
537,lejepa,gradcam,predicted,backbone.layer2,2,2,2,-0.2664859890937805,0.31062051653862,0.02206726372241974
538,lejepa,gradcam,predicted,backbone.layer2,9,9,9,0.17574144899845123,0.16851823031902313,0.17212983965873718
539,lejepa,gradcam,predicted,backbone.layer2,0,0,0,0.1861719787120819,0.3484627604484558,0.26731736958026886
540,lejepa,gradcam,predicted,backbone.layer2,1,1,1,0.5428683161735535,0.44032523036003113,0.4915967732667923
541,lejepa,gradcam,predicted,backbone.layer2,7,5,5,0.24088604748249054,0.3760947287082672,0.3084903880953789
542,lejepa,gradcam,predicted,backbone.layer2,6,2,2,0.5464330911636353,0.33917802572250366,0.44280555844306946
543,lejepa,gradcam,predicted,backbone.layer2,7,7,7,0.5579596757888794,0.48510512709617615,0.5215324014425278
544,lejepa,gradcam,predicted,backbone.layer2,5,5,5,0.14817412197589874,0.3474356234073639,0.24780487269163132
545,lejepa,gradcam,predicted,backbone.layer2,9,9,9,-0.043296005576848984,0.37526533007621765,0.16598466224968433
546,lejepa,gradcam,predicted,backbone.layer2,1,1,1,-0.2610056400299072,0.3436308205127716,0.04131259024143219
547,lejepa,gradcam,predicted,backbone.layer2,6,6,6,0.15739956498146057,0.27191007137298584,0.2146548181772232
548,lejepa,gradcam,predicted,backbone.layer2,2,2,2,0.16146937012672424,0.38870203495025635,0.2750857025384903
549,lejepa,gradcam,predicted,backbone.layer2,5,5,5,0.36636289954185486,0.2663656175136566,0.31636425852775574
550,lejepa,gradcam,predicted,backbone.layer2,5,5,5,0.06691940128803253,0.16092823445796967,0.1139238178730011
551,lejepa,gradcam,predicted,backbone.layer2,5,3,3,0.28316181898117065,0.18350516259670258,0.23333349078893661
552,lejepa,gradcam,predicted,backbone.layer2,8,1,1,0.0338088758289814,0.42160725593566895,0.22770806588232517
553,lejepa,gradcam,predicted,backbone.layer2,5,3,3,0.7021333575248718,0.42462143301963806,0.5633773952722549
554,lejepa,gradcam,predicted,backbone.layer2,9,9,9,0.12729737162590027,0.3863658308982849,0.2568316012620926
555,lejepa,gradcam,predicted,backbone.layer2,4,4,4,0.5312256813049316,0.48996421694755554,0.5105949491262436
556,lejepa,gradcam,predicted,backbone.layer2,6,6,6,-0.008775679394602776,0.23183631896972656,0.1115303197875619
557,lejepa,gradcam,predicted,backbone.layer2,4,4,4,0.2851051092147827,0.4622294306755066,0.37366726994514465
558,lejepa,gradcam,predicted,backbone.layer2,3,5,5,-0.01970469020307064,0.227093905210495,0.10369460750371218
559,lejepa,gradcam,predicted,backbone.layer2,2,2,2,-0.19350962340831757,0.26485759019851685,0.03567398339509964
560,lejepa,gradcam,predicted,backbone.layer2,0,0,0,0.42635276913642883,0.46020767092704773,0.4432802200317383
561,lejepa,gradcam,predicted,backbone.layer2,7,7,7,-0.2654675841331482,0.21882747113704681,-0.02332005649805069
562,lejepa,gradcam,predicted,backbone.layer2,6,6,6,-0.17126034200191498,0.22356311976909637,0.026151388883590698
563,lejepa,gradcam,predicted,backbone.layer2,2,4,4,0.228658527135849,0.3582218289375305,0.29344017803668976
564,lejepa,gradcam,predicted,backbone.layer2,2,4,4,0.37875545024871826,0.34413689374923706,0.36144617199897766
565,lejepa,gradcam,predicted,backbone.layer2,3,5,5,0.019958216696977615,0.3845292627811432,0.2022437397390604
566,lejepa,gradcam,predicted,backbone.layer2,9,9,9,0.5295705199241638,0.4423123896121979,0.48594145476818085
567,lejepa,gradcam,predicted,backbone.layer2,7,5,5,-0.2905595600605011,0.24661841988563538,-0.02197057008743286
568,lejepa,gradcam,predicted,backbone.layer2,9,9,9,0.3415159583091736,0.5327398777008057,0.4371279180049896
569,lejepa,gradcam,predicted,backbone.layer2,2,2,2,-0.0471518337726593,0.24045135080814362,0.09664975851774216
570,lejepa,gradcam,predicted,backbone.layer2,6,6,6,-0.02022414468228817,0.08710211515426636,0.033438985235989094
571,lejepa,gradcam,predicted,backbone.layer2,7,7,7,0.29777097702026367,0.28985196352005005,0.29381147027015686
572,lejepa,gradcam,predicted,backbone.layer2,1,9,9,-0.10442681610584259,0.40760692954063416,0.15159005671739578
573,lejepa,gradcam,predicted,backbone.layer2,3,8,8,0.048064831644296646,0.18806837499141693,0.11806660331785679
574,lejepa,gradcam,predicted,backbone.layer2,6,6,6,-0.052313122898340225,0.12039504200220108,0.03404095955193043
575,lejepa,gradcam,predicted,backbone.layer2,6,6,6,-0.032340794801712036,0.2282143086194992,0.09793675690889359
512,lejepa,gradcam,predicted,backbone.layer3,6,6,6,0.9029073715209961,0.4725850224494934,0.6877461969852448
513,lejepa,gradcam,predicted,backbone.layer3,1,1,1,0.4590340554714203,0.46910732984542847,0.4640706926584244
514,lejepa,gradcam,predicted,backbone.layer3,5,5,5,0.14135971665382385,0.3149561285972595,0.2281579226255417
515,lejepa,gradcam,predicted,backbone.layer3,3,3,3,-0.023568937554955482,0.4064207971096039,0.1914259297773242
516,lejepa,gradcam,predicted,backbone.layer3,8,8,8,-0.09465602785348892,0.40701285004615784,0.15617841109633446
517,lejepa,gradcam,predicted,backbone.layer3,9,9,9,0.2395208328962326,0.45420822501182556,0.3468645289540291
518,lejepa,gradcam,predicted,backbone.layer3,5,7,7,0.4837191104888916,0.48898783326148987,0.48635347187519073
519,lejepa,gradcam,predicted,backbone.layer3,8,8,8,0.8197673559188843,0.49448490142822266,0.6571261286735535
520,lejepa,gradcam,predicted,backbone.layer3,5,5,5,0.09674595296382904,0.3848520815372467,0.24079901725053787
521,lejepa,gradcam,predicted,backbone.layer3,7,7,7,0.6560425758361816,0.4600912928581238,0.5580669343471527
522,lejepa,gradcam,predicted,backbone.layer3,0,1,1,0.8511589765548706,0.39494961500167847,0.6230542957782745
523,lejepa,gradcam,predicted,backbone.layer3,7,7,7,0.21776925027370453,0.340140700340271,0.27895497530698776
524,lejepa,gradcam,predicted,backbone.layer3,0,0,0,-0.0874069556593895,0.32089918851852417,0.11674611642956734
525,lejepa,gradcam,predicted,backbone.layer3,5,5,5,-0.18752317130565643,0.26828351616859436,0.040380172431468964
526,lejepa,gradcam,predicted,backbone.layer3,0,8,8,0.3495064675807953,0.14084549248218536,0.24517598003149033
527,lejepa,gradcam,predicted,backbone.layer3,0,0,0,-0.2758355736732483,0.337441086769104,0.030802756547927856
528,lejepa,gradcam,predicted,backbone.layer3,4,1,1,0.8386467695236206,0.4319373071193695,0.6352920383214951
529,lejepa,gradcam,predicted,backbone.layer3,6,6,6,0.889641284942627,0.3870871067047119,0.6383641958236694
530,lejepa,gradcam,predicted,backbone.layer3,9,9,9,0.1914200633764267,0.404846727848053,0.29813339561223984
531,lejepa,gradcam,predicted,backbone.layer3,0,2,2,-0.09217985719442368,0.2965337336063385,0.10217693820595741
532,lejepa,gradcam,predicted,backbone.layer3,9,1,1,0.35106346011161804,0.4271354377269745,0.38909944891929626
533,lejepa,gradcam,predicted,backbone.layer3,5,5,5,-0.24906840920448303,0.37328141927719116,0.062106505036354065
534,lejepa,gradcam,predicted,backbone.layer3,6,6,6,0.6486445665359497,0.3702962398529053,0.5094704031944275
535,lejepa,gradcam,predicted,backbone.layer3,6,6,6,0.3271476626396179,0.46911895275115967,0.3981333076953888
536,lejepa,gradcam,predicted,backbone.layer3,6,6,6,0.5108676552772522,0.4927189350128174,0.5017932951450348
537,lejepa,gradcam,predicted,backbone.layer3,2,2,2,-0.4288177788257599,0.28211167454719543,-0.07335305213928223
538,lejepa,gradcam,predicted,backbone.layer3,9,9,9,0.0852891057729721,0.11256319284439087,0.09892614930868149
539,lejepa,gradcam,predicted,backbone.layer3,0,0,0,0.5974976420402527,0.5755457282066345,0.5865216851234436
540,lejepa,gradcam,predicted,backbone.layer3,1,1,1,0.07241161167621613,0.33912956714630127,0.2057705894112587
541,lejepa,gradcam,predicted,backbone.layer3,7,5,5,0.654840350151062,0.24127909541130066,0.44805972278118134
542,lejepa,gradcam,predicted,backbone.layer3,6,2,2,-0.0035845115780830383,0.38067173957824707,0.18854361400008202
543,lejepa,gradcam,predicted,backbone.layer3,7,7,7,0.5044951438903809,0.5121609568595886,0.5083280503749847
544,lejepa,gradcam,predicted,backbone.layer3,5,5,5,0.6279863119125366,0.5328609943389893,0.5804236531257629
545,lejepa,gradcam,predicted,backbone.layer3,9,9,9,0.39841610193252563,0.4643740952014923,0.43139509856700897
546,lejepa,gradcam,predicted,backbone.layer3,1,1,1,0.6010438203811646,0.5745052099227905,0.5877745151519775
547,lejepa,gradcam,predicted,backbone.layer3,6,6,6,0.3621338903903961,0.355336993932724,0.35873544216156006
548,lejepa,gradcam,predicted,backbone.layer3,2,2,2,0.3481594920158386,0.25850504636764526,0.30333226919174194
549,lejepa,gradcam,predicted,backbone.layer3,5,5,5,0.18679898977279663,0.5405559539794922,0.3636774718761444
550,lejepa,gradcam,predicted,backbone.layer3,5,5,5,0.5472896099090576,0.42836683988571167,0.48782822489738464
551,lejepa,gradcam,predicted,backbone.layer3,5,3,3,0.3627837896347046,0.15574277937412262,0.2592632845044136
552,lejepa,gradcam,predicted,backbone.layer3,8,1,1,0.7904256582260132,0.4795554578304291,0.6349905580282211
553,lejepa,gradcam,predicted,backbone.layer3,5,3,3,0.03230033069849014,0.3290003538131714,0.18065034225583076
554,lejepa,gradcam,predicted,backbone.layer3,9,9,9,-0.048829540610313416,0.39176857471466064,0.17146951705217361
555,lejepa,gradcam,predicted,backbone.layer3,4,4,4,0.08438008278608322,0.3242277204990387,0.20430390164256096
556,lejepa,gradcam,predicted,backbone.layer3,6,6,6,0.25851377844810486,0.4651413559913635,0.3618275672197342
557,lejepa,gradcam,predicted,backbone.layer3,4,4,4,-0.15011678636074066,0.3739812970161438,0.11193225532770157
558,lejepa,gradcam,predicted,backbone.layer3,3,5,5,0.801034152507782,0.3625810742378235,0.5818076133728027
559,lejepa,gradcam,predicted,backbone.layer3,2,2,2,0.6489101052284241,0.2514735162258148,0.45019181072711945
560,lejepa,gradcam,predicted,backbone.layer3,0,0,0,0.3533937335014343,0.5243043899536133,0.4388490617275238
561,lejepa,gradcam,predicted,backbone.layer3,7,7,7,-0.3285555839538574,0.2017771601676941,-0.06338921189308167
562,lejepa,gradcam,predicted,backbone.layer3,6,6,6,0.3551592230796814,0.5074716210365295,0.43131542205810547
563,lejepa,gradcam,predicted,backbone.layer3,2,4,4,-0.4759752154350281,0.24607616662979126,-0.11494952440261841
564,lejepa,gradcam,predicted,backbone.layer3,2,4,4,-0.45904794335365295,0.3042297959327698,-0.07740907371044159
565,lejepa,gradcam,predicted,backbone.layer3,3,5,5,0.5576496124267578,0.4228692352771759,0.49025942385196686
566,lejepa,gradcam,predicted,backbone.layer3,9,9,9,0.7542038559913635,0.4087774157524109,0.5814906358718872
567,lejepa,gradcam,predicted,backbone.layer3,7,5,5,0.4063623547554016,0.2268688827753067,0.31661561876535416
568,lejepa,gradcam,predicted,backbone.layer3,9,9,9,0.7540016770362854,0.45326268672943115,0.6036321818828583
569,lejepa,gradcam,predicted,backbone.layer3,2,2,2,-0.02173643559217453,0.3054928779602051,0.14187822118401527
570,lejepa,gradcam,predicted,backbone.layer3,6,6,6,0.6068053245544434,0.30491888523101807,0.4558621048927307
571,lejepa,gradcam,predicted,backbone.layer3,7,7,7,0.42792269587516785,0.43021899461746216,0.429070845246315
572,lejepa,gradcam,predicted,backbone.layer3,1,9,9,-0.0818711370229721,0.39867040514945984,0.15839963406324387
573,lejepa,gradcam,predicted,backbone.layer3,3,8,8,-0.05584894120693207,0.2707885801792145,0.1074698194861412
574,lejepa,gradcam,predicted,backbone.layer3,6,6,6,-0.30399298667907715,0.372857004404068,0.03443200886249542
575,lejepa,gradcam,predicted,backbone.layer3,6,6,6,0.7375698685646057,0.46780988574028015,0.6026898771524429
512,lejepa,gradcam,predicted,backbone.layer4,6,6,6,0.6415367722511292,0.6412980556488037,0.6414174139499664
513,lejepa,gradcam,predicted,backbone.layer4,1,1,1,0.7198629379272461,0.6201227307319641,0.6699928343296051
514,lejepa,gradcam,predicted,backbone.layer4,5,5,5,0.42044830322265625,0.548088788986206,0.48426854610443115
515,lejepa,gradcam,predicted,backbone.layer4,3,3,3,0.6324369311332703,0.5964002013206482,0.6144185662269592
516,lejepa,gradcam,predicted,backbone.layer4,8,8,8,0.5183799266815186,0.5117896795272827,0.5150848031044006
517,lejepa,gradcam,predicted,backbone.layer4,9,9,9,0.4596099257469177,0.5084637999534607,0.4840368628501892
518,lejepa,gradcam,predicted,backbone.layer4,5,7,7,0.4949202537536621,0.6201035380363464,0.5575118958950043
519,lejepa,gradcam,predicted,backbone.layer4,8,8,8,0.588645875453949,0.5838634371757507,0.5862546563148499
520,lejepa,gradcam,predicted,backbone.layer4,5,5,5,0.4306813180446625,0.5249241590499878,0.47780273854732513
521,lejepa,gradcam,predicted,backbone.layer4,7,7,7,0.5050930976867676,0.45112231373786926,0.4781077057123184
522,lejepa,gradcam,predicted,backbone.layer4,0,1,1,0.013139614835381508,0.35251325368881226,0.18282643426209688
523,lejepa,gradcam,predicted,backbone.layer4,7,7,7,0.6604504585266113,0.5632114410400391,0.6118309497833252
524,lejepa,gradcam,predicted,backbone.layer4,0,0,0,0.4647216200828552,0.5730727910995483,0.5188972055912018
525,lejepa,gradcam,predicted,backbone.layer4,5,5,5,0.5610871911048889,0.5781289935112,0.5696080923080444
526,lejepa,gradcam,predicted,backbone.layer4,0,8,8,0.6653042435646057,0.559074342250824,0.6121892929077148
527,lejepa,gradcam,predicted,backbone.layer4,0,0,0,0.2839820384979248,0.6269572377204895,0.45546963810920715
528,lejepa,gradcam,predicted,backbone.layer4,4,1,1,0.6620437502861023,0.5083929300308228,0.5852183401584625
529,lejepa,gradcam,predicted,backbone.layer4,6,6,6,0.43761932849884033,0.5686488747596741,0.5031341016292572
530,lejepa,gradcam,predicted,backbone.layer4,9,9,9,0.7879884839057922,0.6313118934631348,0.7096501886844635
531,lejepa,gradcam,predicted,backbone.layer4,0,2,2,0.34255412220954895,0.5505729913711548,0.44656355679035187
532,lejepa,gradcam,predicted,backbone.layer4,9,1,1,0.6430248618125916,0.5406655073165894,0.5918451845645905
533,lejepa,gradcam,predicted,backbone.layer4,5,5,5,0.44742244482040405,0.5659837126731873,0.5067030787467957
534,lejepa,gradcam,predicted,backbone.layer4,6,6,6,0.5768619179725647,0.6284907460212708,0.6026763319969177
535,lejepa,gradcam,predicted,backbone.layer4,6,6,6,0.2761671543121338,0.4876001179218292,0.3818836361169815
536,lejepa,gradcam,predicted,backbone.layer4,6,6,6,0.3514251708984375,0.5200464725494385,0.435735821723938
537,lejepa,gradcam,predicted,backbone.layer4,2,2,2,0.5883656144142151,0.5535599589347839,0.5709627866744995
538,lejepa,gradcam,predicted,backbone.layer4,9,9,9,0.12700504064559937,0.4999673068523407,0.31348617374897003
539,lejepa,gradcam,predicted,backbone.layer4,0,0,0,0.5718675255775452,0.6269600987434387,0.5994138121604919
540,lejepa,gradcam,predicted,backbone.layer4,1,1,1,0.6838576793670654,0.6251768469810486,0.654517263174057
541,lejepa,gradcam,predicted,backbone.layer4,7,5,5,0.13548466563224792,0.390572190284729,0.26302842795848846
542,lejepa,gradcam,predicted,backbone.layer4,6,2,2,0.36356231570243835,0.5305054783821106,0.4470338970422745
543,lejepa,gradcam,predicted,backbone.layer4,7,7,7,0.6668422818183899,0.6012223362922668,0.6340323090553284
544,lejepa,gradcam,predicted,backbone.layer4,5,5,5,0.7135394215583801,0.6466134190559387,0.6800764203071594
545,lejepa,gradcam,predicted,backbone.layer4,9,9,9,0.6418707370758057,0.5620883703231812,0.6019795536994934
546,lejepa,gradcam,predicted,backbone.layer4,1,1,1,0.32984331250190735,0.4517356753349304,0.3907894939184189
547,lejepa,gradcam,predicted,backbone.layer4,6,6,6,0.48962706327438354,0.636104941368103,0.5628660023212433
548,lejepa,gradcam,predicted,backbone.layer4,2,2,2,-0.3341573178768158,0.49538105726242065,0.08061186969280243
549,lejepa,gradcam,predicted,backbone.layer4,5,5,5,0.17988181114196777,0.4446558654308319,0.31226883828639984
550,lejepa,gradcam,predicted,backbone.layer4,5,5,5,0.535126805305481,0.5646060705184937,0.5498664379119873
551,lejepa,gradcam,predicted,backbone.layer4,5,3,3,0.4464395344257355,0.6132732629776001,0.5298563987016678
552,lejepa,gradcam,predicted,backbone.layer4,8,1,1,0.7257224917411804,0.5478177666664124,0.6367701292037964
553,lejepa,gradcam,predicted,backbone.layer4,5,3,3,0.3483321964740753,0.5423322916030884,0.44533224403858185
554,lejepa,gradcam,predicted,backbone.layer4,9,9,9,0.6749485731124878,0.6244972944259644,0.6497229337692261
555,lejepa,gradcam,predicted,backbone.layer4,4,4,4,0.3612535297870636,0.5078375339508057,0.43454553186893463
556,lejepa,gradcam,predicted,backbone.layer4,6,6,6,0.28257331252098083,0.5344923734664917,0.40853284299373627
557,lejepa,gradcam,predicted,backbone.layer4,4,4,4,0.267877459526062,0.5281847715377808,0.3980311155319214
558,lejepa,gradcam,predicted,backbone.layer4,3,5,5,0.6898475289344788,0.48244112730026245,0.5861443281173706
559,lejepa,gradcam,predicted,backbone.layer4,2,2,2,0.6778727769851685,0.6131147742271423,0.6454937756061554
560,lejepa,gradcam,predicted,backbone.layer4,0,0,0,0.379110723733902,0.5823835134506226,0.48074711859226227
561,lejepa,gradcam,predicted,backbone.layer4,7,7,7,0.4531839191913605,0.5637441873550415,0.508464053273201
562,lejepa,gradcam,predicted,backbone.layer4,6,6,6,0.1688748300075531,0.5537217259407043,0.3612982779741287
563,lejepa,gradcam,predicted,backbone.layer4,2,4,4,0.39209994673728943,0.5774314999580383,0.4847657233476639
564,lejepa,gradcam,predicted,backbone.layer4,2,4,4,0.2206939309835434,0.6082789897918701,0.41448646038770676
565,lejepa,gradcam,predicted,backbone.layer4,3,5,5,0.2584552466869354,0.5404148101806641,0.39943502843379974
566,lejepa,gradcam,predicted,backbone.layer4,9,9,9,0.646070659160614,0.5812755823135376,0.6136731207370758
567,lejepa,gradcam,predicted,backbone.layer4,7,5,5,0.3408506214618683,0.49557560682296753,0.4182131141424179
568,lejepa,gradcam,predicted,backbone.layer4,9,9,9,0.7515667080879211,0.6010498404502869,0.676308274269104
569,lejepa,gradcam,predicted,backbone.layer4,2,2,2,-0.153584823012352,0.40050840377807617,0.12346179038286209
570,lejepa,gradcam,predicted,backbone.layer4,6,6,6,0.6735640168190002,0.5267956256866455,0.6001798212528229
571,lejepa,gradcam,predicted,backbone.layer4,7,7,7,0.4569889008998871,0.5386447906494141,0.4978168457746506
572,lejepa,gradcam,predicted,backbone.layer4,1,9,9,0.5837533473968506,0.5806013345718384,0.5821773409843445
573,lejepa,gradcam,predicted,backbone.layer4,3,8,8,0.5861159563064575,0.5770482420921326,0.581582099199295
574,lejepa,gradcam,predicted,backbone.layer4,6,6,6,0.5828920602798462,0.632243275642395,0.6075676679611206
575,lejepa,gradcam,predicted,backbone.layer4,6,6,6,0.5126788020133972,0.6413946151733398,0.5770367085933685
576,lejepa,gradcam,predicted,backbone.layer1,8,8,8,0.7757444977760315,0.5487717390060425,0.662258118391037
577,lejepa,gradcam,predicted,backbone.layer1,9,0,0,0.4424383342266083,0.4159613251686096,0.42919982969760895
578,lejepa,gradcam,predicted,backbone.layer1,7,7,7,0.45851144194602966,0.23684073984622955,0.3476760908961296
579,lejepa,gradcam,predicted,backbone.layer1,5,5,5,0.23278845846652985,0.37985488772392273,0.3063216730952263
580,lejepa,gradcam,predicted,backbone.layer1,4,4,4,0.12467125803232193,0.24498704075813293,0.18482914939522743
581,lejepa,gradcam,predicted,backbone.layer1,0,0,0,0.3068832457065582,0.37899377942085266,0.34293851256370544
582,lejepa,gradcam,predicted,backbone.layer1,8,8,8,0.47336483001708984,0.4033448100090027,0.43835482001304626
583,lejepa,gradcam,predicted,backbone.layer1,4,9,9,0.24771852791309357,0.23974360525608063,0.2437310665845871
584,lejepa,gradcam,predicted,backbone.layer1,0,2,2,0.33560141921043396,0.19895781576633453,0.26727961748838425
585,lejepa,gradcam,predicted,backbone.layer1,9,9,9,0.05091966688632965,0.04170370474457741,0.04631168581545353
586,lejepa,gradcam,predicted,backbone.layer1,3,6,6,0.28231891989707947,0.5251498222351074,0.40373437106609344
587,lejepa,gradcam,predicted,backbone.layer1,4,4,4,0.3724208176136017,0.31940898299217224,0.34591490030288696
588,lejepa,gradcam,predicted,backbone.layer1,8,8,8,0.6119011640548706,0.4287944734096527,0.5203478187322617
589,lejepa,gradcam,predicted,backbone.layer1,9,9,9,0.24529102444648743,0.14655835926532745,0.19592469185590744
590,lejepa,gradcam,predicted,backbone.layer1,6,6,6,0.19522958993911743,0.4093762934207916,0.30230294167995453
591,lejepa,gradcam,predicted,backbone.layer1,9,9,9,0.07503507286310196,0.19476795196533203,0.134901512414217
592,lejepa,gradcam,predicted,backbone.layer1,2,2,2,0.2498561441898346,0.2024918794631958,0.2261740118265152
593,lejepa,gradcam,predicted,backbone.layer1,6,6,6,0.040401507169008255,0.46361586451530457,0.2520086858421564
594,lejepa,gradcam,predicted,backbone.layer1,1,1,1,-0.05770201236009598,0.032974693924188614,-0.012363659217953682
595,lejepa,gradcam,predicted,backbone.layer1,4,4,4,0.060003940016031265,0.2426525503396988,0.15132824517786503
596,lejepa,gradcam,predicted,backbone.layer1,7,7,7,0.19668486714363098,0.2672790288925171,0.23198194801807404
597,lejepa,gradcam,predicted,backbone.layer1,3,5,5,0.40203389525413513,0.3803431987762451,0.3911885470151901
598,lejepa,gradcam,predicted,backbone.layer1,5,2,2,0.1829940527677536,0.15975674986839294,0.17137540131807327
599,lejepa,gradcam,predicted,backbone.layer1,3,3,3,0.09725341200828552,0.34147968888282776,0.21936655044555664
600,lejepa,gradcam,predicted,backbone.layer1,8,9,9,0.05446818470954895,0.08274175971746445,0.0686049722135067
601,lejepa,gradcam,predicted,backbone.layer1,5,5,5,0.20445390045642853,0.2405160665512085,0.2224849835038185
602,lejepa,gradcam,predicted,backbone.layer1,0,0,0,-0.10333850979804993,0.3580189049243927,0.1273401975631714
603,lejepa,gradcam,predicted,backbone.layer1,2,2,2,-0.05650811269879341,0.17048022150993347,0.05698605440557003
604,lejepa,gradcam,predicted,backbone.layer1,1,1,1,0.44420918822288513,0.34999075531959534,0.39709997177124023
605,lejepa,gradcam,predicted,backbone.layer1,6,6,6,0.230683371424675,0.42608100175857544,0.3283821865916252
606,lejepa,gradcam,predicted,backbone.layer1,4,3,3,0.3724551796913147,0.2938116192817688,0.33313339948654175
607,lejepa,gradcam,predicted,backbone.layer1,3,3,3,0.5850799679756165,0.3244672119617462,0.45477358996868134
608,lejepa,gradcam,predicted,backbone.layer1,3,3,3,0.04423406347632408,0.31914007663726807,0.18168707005679607
609,lejepa,gradcam,predicted,backbone.layer1,9,9,9,0.2509232461452484,0.2752167284488678,0.2630699872970581
610,lejepa,gradcam,predicted,backbone.layer1,6,6,6,0.2894699275493622,0.4121086597442627,0.35078929364681244
611,lejepa,gradcam,predicted,backbone.layer1,9,9,9,0.11262878775596619,0.16356350481510162,0.1380961462855339
612,lejepa,gradcam,predicted,backbone.layer1,8,0,0,0.5782206654548645,0.33206063508987427,0.4551406502723694
613,lejepa,gradcam,predicted,backbone.layer1,8,8,8,0.06576298922300339,0.33456966280937195,0.20016632601618767
614,lejepa,gradcam,predicted,backbone.layer1,5,5,5,-0.11906194686889648,0.07083145529031754,-0.024115245789289474
615,lejepa,gradcam,predicted,backbone.layer1,8,3,3,0.11699844151735306,0.38234877586364746,0.24967360869050026
616,lejepa,gradcam,predicted,backbone.layer1,6,6,6,0.5876572132110596,0.5200291275978088,0.5538431704044342
617,lejepa,gradcam,predicted,backbone.layer1,6,6,6,0.3523935079574585,0.5144405961036682,0.43341705203056335
618,lejepa,gradcam,predicted,backbone.layer1,2,7,7,0.46518731117248535,0.3949599862098694,0.43007364869117737
619,lejepa,gradcam,predicted,backbone.layer1,1,1,1,0.12644673883914948,0.2692127525806427,0.1978297457098961
620,lejepa,gradcam,predicted,backbone.layer1,7,7,7,-0.07958417385816574,0.07218359410762787,-0.003700289875268936
621,lejepa,gradcam,predicted,backbone.layer1,7,1,1,0.27481865882873535,0.32310351729393005,0.2989610880613327
622,lejepa,gradcam,predicted,backbone.layer1,1,1,1,0.38192591071128845,0.4557938277721405,0.4188598692417145
623,lejepa,gradcam,predicted,backbone.layer1,2,2,2,0.018308212980628014,0.12815941870212555,0.07323381584137678
624,lejepa,gradcam,predicted,backbone.layer1,7,7,7,0.5122714638710022,0.3034835457801819,0.40787750482559204
625,lejepa,gradcam,predicted,backbone.layer1,9,9,9,-0.028919033706188202,0.05707629397511482,0.01407863013446331
626,lejepa,gradcam,predicted,backbone.layer1,9,9,9,-0.014506693929433823,0.12116505205631256,0.05332917906343937
627,lejepa,gradcam,predicted,backbone.layer1,4,4,4,0.012132341973483562,0.30523478984832764,0.1586835659109056
628,lejepa,gradcam,predicted,backbone.layer1,4,7,7,-0.0296312365680933,0.010057850740849972,-0.009786692913621664
629,lejepa,gradcam,predicted,backbone.layer1,1,1,1,0.06522838026285172,0.2576200067996979,0.1614241935312748
630,lejepa,gradcam,predicted,backbone.layer1,2,8,8,0.30741086602211,0.1852005124092102,0.2463056892156601
631,lejepa,gradcam,predicted,backbone.layer1,5,3,3,0.35031038522720337,0.40119072794914246,0.3757505565881729
632,lejepa,gradcam,predicted,backbone.layer1,6,6,6,0.301878422498703,0.42030197381973267,0.36109019815921783
633,lejepa,gradcam,predicted,backbone.layer1,8,5,5,0.08390959352254868,0.07517626881599426,0.07954293116927147
634,lejepa,gradcam,predicted,backbone.layer1,7,7,7,-0.11089205741882324,0.13631358742713928,0.01271076500415802
635,lejepa,gradcam,predicted,backbone.layer1,6,3,3,-0.04070797562599182,0.20952211320400238,0.08440706878900528
636,lejepa,gradcam,predicted,backbone.layer1,8,8,8,0.08035073429346085,0.3354310393333435,0.20789088681340218
637,lejepa,gradcam,predicted,backbone.layer1,3,4,4,0.2978520691394806,0.32321083545684814,0.31053145229816437
638,lejepa,gradcam,predicted,backbone.layer1,0,8,8,0.0656050518155098,0.15884773433208466,0.11222639307379723
639,lejepa,gradcam,predicted,backbone.layer1,5,5,5,0.348550945520401,0.24037978053092957,0.2944653630256653
576,lejepa,gradcam,predicted,backbone.layer2,8,8,8,-0.21526537835597992,0.06030968576669693,-0.0774778462946415
577,lejepa,gradcam,predicted,backbone.layer2,9,0,0,0.4641094505786896,0.42476528882980347,0.4444373697042465
578,lejepa,gradcam,predicted,backbone.layer2,7,7,7,0.12304666638374329,0.36117541790008545,0.24211104214191437
579,lejepa,gradcam,predicted,backbone.layer2,5,5,5,0.08588935434818268,0.34871605038642883,0.21730270236730576
580,lejepa,gradcam,predicted,backbone.layer2,4,4,4,-0.09746697545051575,0.33891963958740234,0.1207263320684433
581,lejepa,gradcam,predicted,backbone.layer2,0,0,0,-0.06947749108076096,0.19177332520484924,0.061147917062044144
582,lejepa,gradcam,predicted,backbone.layer2,8,8,8,0.15388284623622894,0.22318507730960846,0.1885339617729187
583,lejepa,gradcam,predicted,backbone.layer2,4,9,9,0.40053871273994446,0.5377472043037415,0.46914295852184296
584,lejepa,gradcam,predicted,backbone.layer2,0,2,2,-0.1571130007505417,0.2997438311576843,0.07131541520357132
585,lejepa,gradcam,predicted,backbone.layer2,9,9,9,0.3634144961833954,0.4345359206199646,0.39897520840168
586,lejepa,gradcam,predicted,backbone.layer2,3,6,6,0.05891648307442665,0.15551476180553436,0.1072156224399805
587,lejepa,gradcam,predicted,backbone.layer2,4,4,4,-0.18240073323249817,0.2997828423976898,0.058691054582595825
588,lejepa,gradcam,predicted,backbone.layer2,8,8,8,0.3178844451904297,0.35660696029663086,0.3372457027435303
589,lejepa,gradcam,predicted,backbone.layer2,9,9,9,0.6550133228302002,0.5738622546195984,0.6144377887248993
590,lejepa,gradcam,predicted,backbone.layer2,6,6,6,-0.20169106125831604,0.15611493587493896,-0.022788062691688538
591,lejepa,gradcam,predicted,backbone.layer2,9,9,9,0.02458297461271286,0.19926634430885315,0.111924659460783
592,lejepa,gradcam,predicted,backbone.layer2,2,2,2,0.1367645412683487,0.07078827917575836,0.10377641022205353
593,lejepa,gradcam,predicted,backbone.layer2,6,6,6,-0.20868541300296783,0.2756068706512451,0.03346072882413864
594,lejepa,gradcam,predicted,backbone.layer2,1,1,1,0.20417433977127075,0.3412089943885803,0.27269166707992554
595,lejepa,gradcam,predicted,backbone.layer2,4,4,4,-0.017028963193297386,0.20805920660495758,0.0955151217058301
596,lejepa,gradcam,predicted,backbone.layer2,7,7,7,0.2105119377374649,0.33454230427742004,0.2725271210074425
597,lejepa,gradcam,predicted,backbone.layer2,3,5,5,0.14248095452785492,0.29781314730644226,0.2201470509171486
598,lejepa,gradcam,predicted,backbone.layer2,5,2,2,0.44330623745918274,0.4665343165397644,0.45492027699947357
599,lejepa,gradcam,predicted,backbone.layer2,3,3,3,0.6636977791786194,0.34246987104415894,0.5030838251113892
600,lejepa,gradcam,predicted,backbone.layer2,8,9,9,0.1283850073814392,0.4275607168674469,0.27797286212444305
601,lejepa,gradcam,predicted,backbone.layer2,5,5,5,-0.19918707013130188,0.27978676557540894,0.04029984772205353
602,lejepa,gradcam,predicted,backbone.layer2,0,0,0,-0.1706801801919937,0.2198660671710968,0.024592943489551544
603,lejepa,gradcam,predicted,backbone.layer2,2,2,2,0.00383611093275249,0.39698994159698486,0.20041302626486868
604,lejepa,gradcam,predicted,backbone.layer2,1,1,1,-0.05713178962469101,0.3403497636318207,0.14160898700356483
605,lejepa,gradcam,predicted,backbone.layer2,6,6,6,-0.18845029175281525,0.3563264310359955,0.08393806964159012
606,lejepa,gradcam,predicted,backbone.layer2,4,3,3,-0.31631967425346375,0.17337222397327423,-0.07147372514009476
607,lejepa,gradcam,predicted,backbone.layer2,3,3,3,0.5307127237319946,0.3473672866821289,0.43904000520706177
608,lejepa,gradcam,predicted,backbone.layer2,3,3,3,-0.03290190547704697,0.17947107553482056,0.0732845850288868
609,lejepa,gradcam,predicted,backbone.layer2,9,9,9,-0.572871208190918,0.23925992846488953,-0.16680563986301422
610,lejepa,gradcam,predicted,backbone.layer2,6,6,6,-0.11192844063043594,0.07560358196496964,-0.018162429332733154
611,lejepa,gradcam,predicted,backbone.layer2,9,9,9,0.08851116895675659,0.08699534088373184,0.08775325492024422
612,lejepa,gradcam,predicted,backbone.layer2,8,0,0,0.04218357428908348,0.22148385643959045,0.13183371536433697
613,lejepa,gradcam,predicted,backbone.layer2,8,8,8,-0.00446982029825449,0.31420961022377014,0.15486989496275783
614,lejepa,gradcam,predicted,backbone.layer2,5,5,5,0.08244481682777405,0.480986624956131,0.2817157208919525
615,lejepa,gradcam,predicted,backbone.layer2,8,3,3,-0.0944656953215599,0.24328458309173584,0.07440944388508797
616,lejepa,gradcam,predicted,backbone.layer2,6,6,6,-0.21393896639347076,0.16463130712509155,-0.024653829634189606
617,lejepa,gradcam,predicted,backbone.layer2,6,6,6,-0.24622215330600739,0.1724608838558197,-0.03688063472509384
618,lejepa,gradcam,predicted,backbone.layer2,2,7,7,-0.009269406087696552,0.2905949056148529,0.14066274976357818
619,lejepa,gradcam,predicted,backbone.layer2,1,1,1,-0.10719453543424606,0.31197303533554077,0.10238924995064735
620,lejepa,gradcam,predicted,backbone.layer2,7,7,7,0.06442943215370178,0.437289834022522,0.2508596330881119
621,lejepa,gradcam,predicted,backbone.layer2,7,1,1,-0.16321110725402832,0.3301205635070801,0.08345472812652588
622,lejepa,gradcam,predicted,backbone.layer2,1,1,1,-0.09322726726531982,0.1459161341190338,0.026344433426856995
623,lejepa,gradcam,predicted,backbone.layer2,2,2,2,-0.013109729625284672,0.19152697920799255,0.08920862479135394
624,lejepa,gradcam,predicted,backbone.layer2,7,7,7,-0.09851410984992981,0.204331174492836,0.052908532321453094
625,lejepa,gradcam,predicted,backbone.layer2,9,9,9,-0.2139986902475357,0.30223923921585083,0.04412027448415756
626,lejepa,gradcam,predicted,backbone.layer2,9,9,9,-0.05103253200650215,0.33322814106941223,0.14109780453145504
627,lejepa,gradcam,predicted,backbone.layer2,4,4,4,-0.028662709519267082,0.29151615500450134,0.13142672274261713
628,lejepa,gradcam,predicted,backbone.layer2,4,7,7,-0.0742790549993515,0.1986140012741089,0.06216747313737869
629,lejepa,gradcam,predicted,backbone.layer2,1,1,1,0.46284860372543335,0.3276633322238922,0.3952559679746628
630,lejepa,gradcam,predicted,backbone.layer2,2,8,8,0.14693140983581543,0.29187923669815063,0.21940532326698303
631,lejepa,gradcam,predicted,backbone.layer2,5,3,3,0.23333659768104553,0.4567212164402008,0.34502890706062317
632,lejepa,gradcam,predicted,backbone.layer2,6,6,6,-0.21795417368412018,0.1749347597360611,-0.02150970697402954
633,lejepa,gradcam,predicted,backbone.layer2,8,5,5,0.12493567913770676,0.4436306357383728,0.2842831574380398
634,lejepa,gradcam,predicted,backbone.layer2,7,7,7,-0.2773711681365967,0.2494564652442932,-0.013957351446151733
635,lejepa,gradcam,predicted,backbone.layer2,6,3,3,-0.27526965737342834,0.2634985148906708,-0.005885571241378784
636,lejepa,gradcam,predicted,backbone.layer2,8,8,8,-0.16177424788475037,0.23164322972297668,0.03493449091911316
637,lejepa,gradcam,predicted,backbone.layer2,3,4,4,0.06534741073846817,0.3183567523956299,0.19185208156704903
638,lejepa,gradcam,predicted,backbone.layer2,0,8,8,-0.3961121737957001,0.24585598707199097,-0.07512809336185455
639,lejepa,gradcam,predicted,backbone.layer2,5,5,5,-0.17296461760997772,0.2771252393722534,0.05208031088113785
576,lejepa,gradcam,predicted,backbone.layer3,8,8,8,-0.21597334742546082,0.3131974935531616,0.0486120730638504
577,lejepa,gradcam,predicted,backbone.layer3,9,0,0,0.7079369425773621,0.45146963000297546,0.5797032862901688
578,lejepa,gradcam,predicted,backbone.layer3,7,7,7,0.456520676612854,0.5333930253982544,0.4949568510055542
579,lejepa,gradcam,predicted,backbone.layer3,5,5,5,0.3151400685310364,0.2951837182044983,0.30516189336776733
580,lejepa,gradcam,predicted,backbone.layer3,4,4,4,0.07794678956270218,0.3587627708911896,0.21835478022694588
581,lejepa,gradcam,predicted,backbone.layer3,0,0,0,0.22272680699825287,0.3351474404335022,0.27893712371587753
582,lejepa,gradcam,predicted,backbone.layer3,8,8,8,-0.12997938692569733,0.3926759660243988,0.13134828954935074
583,lejepa,gradcam,predicted,backbone.layer3,4,9,9,0.3335067331790924,0.32241013646125793,0.32795843482017517
584,lejepa,gradcam,predicted,backbone.layer3,0,2,2,-0.2740779221057892,0.2986331284046173,0.012277603149414062
585,lejepa,gradcam,predicted,backbone.layer3,9,9,9,0.013647583313286304,0.19730666279792786,0.10547712305560708
586,lejepa,gradcam,predicted,backbone.layer3,3,6,6,0.833723783493042,0.5215514302253723,0.6776376068592072
587,lejepa,gradcam,predicted,backbone.layer3,4,4,4,-0.32012704014778137,0.4321751296520233,0.05602404475212097
588,lejepa,gradcam,predicted,backbone.layer3,8,8,8,-0.5570001602172852,0.3692515790462494,-0.09387429058551788
589,lejepa,gradcam,predicted,backbone.layer3,9,9,9,-0.024072371423244476,0.3418983221054077,0.15891297534108162
590,lejepa,gradcam,predicted,backbone.layer3,6,6,6,-0.3083619475364685,0.43766507506370544,0.06465156376361847
591,lejepa,gradcam,predicted,backbone.layer3,9,9,9,-0.3286944031715393,0.2345457673072815,-0.047074317932128906
592,lejepa,gradcam,predicted,backbone.layer3,2,2,2,-0.08233418315649033,0.25217732787132263,0.08492157235741615
593,lejepa,gradcam,predicted,backbone.layer3,6,6,6,-0.27685508131980896,0.3757103383541107,0.04942762851715088
594,lejepa,gradcam,predicted,backbone.layer3,1,1,1,0.8898606896400452,0.44251763820648193,0.6661891639232635
595,lejepa,gradcam,predicted,backbone.layer3,4,4,4,0.5118383765220642,0.315734326839447,0.4137863516807556
596,lejepa,gradcam,predicted,backbone.layer3,7,7,7,0.7457993030548096,0.5386958122253418,0.6422475576400757
597,lejepa,gradcam,predicted,backbone.layer3,3,5,5,0.6900403499603271,0.2731392979621887,0.48158982396125793
598,lejepa,gradcam,predicted,backbone.layer3,5,2,2,-0.2601703405380249,0.32707470655441284,0.03345218300819397
599,lejepa,gradcam,predicted,backbone.layer3,3,3,3,-0.22885778546333313,0.3046882152557373,0.03791521489620209
600,lejepa,gradcam,predicted,backbone.layer3,8,9,9,0.19285765290260315,0.25531938672065735,0.22408851981163025
601,lejepa,gradcam,predicted,backbone.layer3,5,5,5,0.39384350180625916,0.3957264721393585,0.39478498697280884
602,lejepa,gradcam,predicted,backbone.layer3,0,0,0,-0.47660794854164124,0.3430323004722595,-0.06678782403469086
603,lejepa,gradcam,predicted,backbone.layer3,2,2,2,-0.2945907711982727,0.29336628317832947,-0.0006122440099716187
604,lejepa,gradcam,predicted,backbone.layer3,1,1,1,-0.16989217698574066,0.35750797390937805,0.0938078984618187
605,lejepa,gradcam,predicted,backbone.layer3,6,6,6,0.32727280259132385,0.24415168166160583,0.28571224212646484
606,lejepa,gradcam,predicted,backbone.layer3,4,3,3,-0.4548366069793701,0.3487977981567383,-0.05301940441131592
607,lejepa,gradcam,predicted,backbone.layer3,3,3,3,0.11772811412811279,0.2826489210128784,0.2001885175704956
608,lejepa,gradcam,predicted,backbone.layer3,3,3,3,-0.08498764038085938,0.22199277579784393,0.06850256770849228
609,lejepa,gradcam,predicted,backbone.layer3,9,9,9,0.6844748854637146,0.4031039774417877,0.5437894314527512
610,lejepa,gradcam,predicted,backbone.layer3,6,6,6,-0.3040282428264618,0.2839774787425995,-0.010025382041931152
611,lejepa,gradcam,predicted,backbone.layer3,9,9,9,0.574694812297821,0.14555177092552185,0.36012329161167145
612,lejepa,gradcam,predicted,backbone.layer3,8,0,0,0.48216018080711365,0.5813027024269104,0.531731441617012
613,lejepa,gradcam,predicted,backbone.layer3,8,8,8,0.23175778985023499,0.36897167563438416,0.30036473274230957
614,lejepa,gradcam,predicted,backbone.layer3,5,5,5,0.6099503636360168,0.34920328855514526,0.47957682609558105
615,lejepa,gradcam,predicted,backbone.layer3,8,3,3,0.18906892836093903,0.34370729327201843,0.26638811081647873
616,lejepa,gradcam,predicted,backbone.layer3,6,6,6,0.4019555449485779,0.21992775797843933,0.3109416514635086
617,lejepa,gradcam,predicted,backbone.layer3,6,6,6,0.17778052389621735,0.3576161563396454,0.26769834011793137
618,lejepa,gradcam,predicted,backbone.layer3,2,7,7,0.595326840877533,0.46079838275909424,0.5280626118183136
619,lejepa,gradcam,predicted,backbone.layer3,1,1,1,-0.13008202612400055,0.43854206800460815,0.1542300209403038
620,lejepa,gradcam,predicted,backbone.layer3,7,7,7,-0.10603050142526627,0.3936327397823334,0.14380111917853355
621,lejepa,gradcam,predicted,backbone.layer3,7,1,1,0.3421233892440796,0.45616385340690613,0.39914362132549286
622,lejepa,gradcam,predicted,backbone.layer3,1,1,1,-0.06524880975484848,0.288541704416275,0.11164644733071327
623,lejepa,gradcam,predicted,backbone.layer3,2,2,2,0.08863932639360428,0.3477516770362854,0.21819550171494484
624,lejepa,gradcam,predicted,backbone.layer3,7,7,7,-0.189514622092247,0.31427156925201416,0.062378473579883575
625,lejepa,gradcam,predicted,backbone.layer3,9,9,9,0.35680168867111206,0.48952946066856384,0.42316557466983795
626,lejepa,gradcam,predicted,backbone.layer3,9,9,9,0.6272507905960083,0.40499147772789,0.5161211341619492
627,lejepa,gradcam,predicted,backbone.layer3,4,4,4,-0.39504680037498474,0.3407081067562103,-0.027169346809387207
628,lejepa,gradcam,predicted,backbone.layer3,4,7,7,-0.15076667070388794,0.36664843559265137,0.10794088244438171
629,lejepa,gradcam,predicted,backbone.layer3,1,1,1,0.6320257782936096,0.3048543334007263,0.46844005584716797
630,lejepa,gradcam,predicted,backbone.layer3,2,8,8,-0.21831850707530975,0.2253013700246811,0.003491431474685669
631,lejepa,gradcam,predicted,backbone.layer3,5,3,3,-0.41189008951187134,0.32538703083992004,-0.04325152933597565
632,lejepa,gradcam,predicted,backbone.layer3,6,6,6,0.6165907979011536,0.375085711479187,0.4958382546901703
633,lejepa,gradcam,predicted,backbone.layer3,8,5,5,0.6625866293907166,0.3008473217487335,0.48171697556972504
634,lejepa,gradcam,predicted,backbone.layer3,7,7,7,0.1712713986635208,0.3807280659675598,0.2759997323155403
635,lejepa,gradcam,predicted,backbone.layer3,6,3,3,0.24439848959445953,0.26808154582977295,0.25624001771211624
636,lejepa,gradcam,predicted,backbone.layer3,8,8,8,-0.27395471930503845,0.2387857735157013,-0.01758447289466858
637,lejepa,gradcam,predicted,backbone.layer3,3,4,4,-0.18022233247756958,0.31212320923805237,0.0659504383802414
638,lejepa,gradcam,predicted,backbone.layer3,0,8,8,0.22815397381782532,0.49468520283699036,0.36141958832740784
639,lejepa,gradcam,predicted,backbone.layer3,5,5,5,0.8913919925689697,0.44442591071128845,0.6679089516401291
576,lejepa,gradcam,predicted,backbone.layer4,8,8,8,0.6401111483573914,0.62848299741745,0.6342970728874207
577,lejepa,gradcam,predicted,backbone.layer4,9,0,0,0.2420586347579956,0.47452932596206665,0.35829398036003113
578,lejepa,gradcam,predicted,backbone.layer4,7,7,7,0.4692977964878082,0.49748826026916504,0.48339302837848663
579,lejepa,gradcam,predicted,backbone.layer4,5,5,5,0.4843139946460724,0.5185837745666504,0.5014488846063614
580,lejepa,gradcam,predicted,backbone.layer4,4,4,4,0.10140915960073471,0.5284493565559387,0.3149292580783367
581,lejepa,gradcam,predicted,backbone.layer4,0,0,0,0.34674155712127686,0.4668671190738678,0.4068043380975723
582,lejepa,gradcam,predicted,backbone.layer4,8,8,8,0.49435415863990784,0.5402542352676392,0.5173041969537735
583,lejepa,gradcam,predicted,backbone.layer4,4,9,9,0.24886006116867065,0.4006984829902649,0.3247792720794678
584,lejepa,gradcam,predicted,backbone.layer4,0,2,2,0.6924775242805481,0.6577629446983337,0.6751202344894409
585,lejepa,gradcam,predicted,backbone.layer4,9,9,9,0.5404041409492493,0.5284586548805237,0.5344313979148865
586,lejepa,gradcam,predicted,backbone.layer4,3,6,6,0.30313563346862793,0.4929768443107605,0.3980562388896942
587,lejepa,gradcam,predicted,backbone.layer4,4,4,4,0.41788390278816223,0.5622537136077881,0.49006880819797516
588,lejepa,gradcam,predicted,backbone.layer4,8,8,8,0.48730790615081787,0.5540408492088318,0.5206743776798248
589,lejepa,gradcam,predicted,backbone.layer4,9,9,9,0.5133130550384521,0.5527951121330261,0.5330540835857391
590,lejepa,gradcam,predicted,backbone.layer4,6,6,6,0.6120377779006958,0.6345055103302002,0.623271644115448
591,lejepa,gradcam,predicted,backbone.layer4,9,9,9,0.5798435807228088,0.5162492394447327,0.5480464100837708
592,lejepa,gradcam,predicted,backbone.layer4,2,2,2,0.6845906972885132,0.6231321692466736,0.6538614332675934
593,lejepa,gradcam,predicted,backbone.layer4,6,6,6,0.5103672742843628,0.5816473960876465,0.5460073351860046
594,lejepa,gradcam,predicted,backbone.layer4,1,1,1,0.7197328209877014,0.5103290677070618,0.6150309443473816
595,lejepa,gradcam,predicted,backbone.layer4,4,4,4,0.4976215362548828,0.48185044527053833,0.48973599076271057
596,lejepa,gradcam,predicted,backbone.layer4,7,7,7,0.5894235372543335,0.5609309077262878,0.5751772224903107
597,lejepa,gradcam,predicted,backbone.layer4,3,5,5,0.2921219766139984,0.3717193603515625,0.33192066848278046
598,lejepa,gradcam,predicted,backbone.layer4,5,2,2,0.09044361859560013,0.43103542923927307,0.2607395239174366
599,lejepa,gradcam,predicted,backbone.layer4,3,3,3,0.5978749990463257,0.5218403935432434,0.5598576962947845
600,lejepa,gradcam,predicted,backbone.layer4,8,9,9,-0.23600217700004578,0.49179941415786743,0.12789861857891083
601,lejepa,gradcam,predicted,backbone.layer4,5,5,5,0.538606584072113,0.56854248046875,0.5535745322704315
602,lejepa,gradcam,predicted,backbone.layer4,0,0,0,0.17100481688976288,0.4483170807361603,0.3096609488129616
603,lejepa,gradcam,predicted,backbone.layer4,2,2,2,0.5475818514823914,0.6280564069747925,0.5878191292285919
604,lejepa,gradcam,predicted,backbone.layer4,1,1,1,0.5775537490844727,0.5505592823028564,0.5640565156936646
605,lejepa,gradcam,predicted,backbone.layer4,6,6,6,0.1852308213710785,0.4644610583782196,0.32484593987464905
606,lejepa,gradcam,predicted,backbone.layer4,4,3,3,0.36539939045906067,0.4928772449493408,0.42913831770420074
607,lejepa,gradcam,predicted,backbone.layer4,3,3,3,0.3823089599609375,0.47354477643966675,0.4279268682003021
608,lejepa,gradcam,predicted,backbone.layer4,3,3,3,0.6605945229530334,0.5978398323059082,0.6292171776294708
609,lejepa,gradcam,predicted,backbone.layer4,9,9,9,0.7871430516242981,0.6042153239250183,0.6956791877746582
610,lejepa,gradcam,predicted,backbone.layer4,6,6,6,0.5431813597679138,0.6626065373420715,0.6028939485549927
611,lejepa,gradcam,predicted,backbone.layer4,9,9,9,0.6415886878967285,0.5736345648765564,0.6076116263866425
612,lejepa,gradcam,predicted,backbone.layer4,8,0,0,0.4605758786201477,0.517338752746582,0.48895731568336487
613,lejepa,gradcam,predicted,backbone.layer4,8,8,8,0.4925096333026886,0.583966076374054,0.5382378548383713
614,lejepa,gradcam,predicted,backbone.layer4,5,5,5,0.7747920751571655,0.5985633134841919,0.6866776943206787
615,lejepa,gradcam,predicted,backbone.layer4,8,3,3,0.7897964119911194,0.6279952526092529,0.7088958323001862
616,lejepa,gradcam,predicted,backbone.layer4,6,6,6,0.529792308807373,0.5662577748298645,0.5480250418186188
617,lejepa,gradcam,predicted,backbone.layer4,6,6,6,0.6454511880874634,0.5996026396751404,0.6225269138813019
618,lejepa,gradcam,predicted,backbone.layer4,2,7,7,0.05901012569665909,0.4182044565677643,0.23860729113221169
619,lejepa,gradcam,predicted,backbone.layer4,1,1,1,0.7721701264381409,0.6814438104629517,0.7268069684505463
620,lejepa,gradcam,predicted,backbone.layer4,7,7,7,0.6661151647567749,0.572384774684906,0.6192499697208405
621,lejepa,gradcam,predicted,backbone.layer4,7,1,1,0.33988630771636963,0.4618910849094391,0.40088869631290436
622,lejepa,gradcam,predicted,backbone.layer4,1,1,1,0.5880979299545288,0.5421634316444397,0.5651306807994843
623,lejepa,gradcam,predicted,backbone.layer4,2,2,2,0.5700303912162781,0.5860453844070435,0.5780378878116608
624,lejepa,gradcam,predicted,backbone.layer4,7,7,7,0.5518282651901245,0.5295265316963196,0.540677398443222
625,lejepa,gradcam,predicted,backbone.layer4,9,9,9,0.7003496289253235,0.6219387054443359,0.6611441671848297
626,lejepa,gradcam,predicted,backbone.layer4,9,9,9,0.7969701886177063,0.6377419829368591,0.7173560857772827
627,lejepa,gradcam,predicted,backbone.layer4,4,4,4,0.5739501714706421,0.6062315106391907,0.5900908410549164
628,lejepa,gradcam,predicted,backbone.layer4,4,7,7,0.3509535491466522,0.4213818907737732,0.3861677199602127
629,lejepa,gradcam,predicted,backbone.layer4,1,1,1,0.6065898537635803,0.5393660068511963,0.5729779303073883
630,lejepa,gradcam,predicted,backbone.layer4,2,8,8,0.8083201050758362,0.600922167301178,0.7046211361885071
631,lejepa,gradcam,predicted,backbone.layer4,5,3,3,0.6109644770622253,0.6151748895645142,0.6130696833133698
632,lejepa,gradcam,predicted,backbone.layer4,6,6,6,0.1883309781551361,0.5166869759559631,0.3525089770555496
633,lejepa,gradcam,predicted,backbone.layer4,8,5,5,0.6538947820663452,0.5678061842918396,0.6108504831790924
634,lejepa,gradcam,predicted,backbone.layer4,7,7,7,0.7702924609184265,0.6641016602516174,0.717197060585022
635,lejepa,gradcam,predicted,backbone.layer4,6,3,3,0.6798357367515564,0.5824108123779297,0.631123274564743
636,lejepa,gradcam,predicted,backbone.layer4,8,8,8,0.428722620010376,0.5042195320129395,0.4664710760116577
637,lejepa,gradcam,predicted,backbone.layer4,3,4,4,0.26931458711624146,0.6240022778511047,0.4466584324836731
638,lejepa,gradcam,predicted,backbone.layer4,0,8,8,0.26586055755615234,0.5633292198181152,0.4145948886871338
639,lejepa,gradcam,predicted,backbone.layer4,5,5,5,0.674691379070282,0.5607194304466248,0.6177054047584534
640,lejepa,gradcam,predicted,backbone.layer1,5,3,3,0.16422897577285767,0.33456185460090637,0.24939541518688202
641,lejepa,gradcam,predicted,backbone.layer1,3,3,3,0.20922641456127167,0.31220805644989014,0.2607172355055809
642,lejepa,gradcam,predicted,backbone.layer1,0,0,0,0.06976141780614853,0.3515450954437256,0.21065325662493706
643,lejepa,gradcam,predicted,backbone.layer1,7,7,7,-0.00017391446453984827,0.19423796236515045,0.0970320239503053
644,lejepa,gradcam,predicted,backbone.layer1,9,9,9,-0.18868665397167206,0.09142763167619705,-0.0486295111477375
645,lejepa,gradcam,predicted,backbone.layer1,1,1,1,-0.062023475766181946,0.30726101994514465,0.12261877208948135
646,lejepa,gradcam,predicted,backbone.layer1,3,3,3,0.33815836906433105,0.33981984853744507,0.33898910880088806
647,lejepa,gradcam,predicted,backbone.layer1,4,4,4,0.21653684973716736,0.3753918409347534,0.2959643453359604
648,lejepa,gradcam,predicted,backbone.layer1,4,4,4,0.14726042747497559,0.24458374083042145,0.19592208415269852
649,lejepa,gradcam,predicted,backbone.layer1,5,5,5,0.04388095811009407,0.1821986883878708,0.11303982324898243
650,lejepa,gradcam,predicted,backbone.layer1,3,3,3,-0.2260914146900177,0.19356520473957062,-0.01626310497522354
651,lejepa,gradcam,predicted,backbone.layer1,9,1,1,0.460972398519516,0.33321908116340637,0.3970957398414612
652,lejepa,gradcam,predicted,backbone.layer1,5,5,5,-0.015537548810243607,0.0842222198843956,0.034342335537075996
653,lejepa,gradcam,predicted,backbone.layer1,6,2,2,0.14374415576457977,0.23990267515182495,0.19182341545820236
654,lejepa,gradcam,predicted,backbone.layer1,9,9,9,-0.2032930701971054,0.10481218993663788,-0.049240440130233765
655,lejepa,gradcam,predicted,backbone.layer1,2,2,2,0.0016408811789005995,0.15285097062587738,0.07724592590238899
656,lejepa,gradcam,predicted,backbone.layer1,1,1,1,0.3642863929271698,0.2699876129627228,0.3171370029449463
657,lejepa,gradcam,predicted,backbone.layer1,1,1,1,0.21283535659313202,0.2022109031677246,0.20752312988042831
658,lejepa,gradcam,predicted,backbone.layer1,4,4,4,0.19842831790447235,0.15992075204849243,0.1791745349764824
659,lejepa,gradcam,predicted,backbone.layer1,1,8,8,0.437845379114151,0.3253346085548401,0.38158999383449554
660,lejepa,gradcam,predicted,backbone.layer1,9,9,9,-0.007074194494634867,0.012320324778556824,0.0026230651419609785
661,lejepa,gradcam,predicted,backbone.layer1,4,7,7,0.03652180731296539,0.013613059185445309,0.02506743324920535
662,lejepa,gradcam,predicted,backbone.layer1,7,7,7,0.1581636667251587,0.30975279211997986,0.23395822942256927
663,lejepa,gradcam,predicted,backbone.layer1,6,6,6,0.031144337728619576,0.341764897108078,0.1864546174183488
664,lejepa,gradcam,predicted,backbone.layer1,3,3,3,0.18998204171657562,0.16720840334892273,0.17859522253274918
665,lejepa,gradcam,predicted,backbone.layer1,8,0,0,0.16041888296604156,0.3138355612754822,0.23712722212076187
666,lejepa,gradcam,predicted,backbone.layer1,9,9,9,0.4276573359966278,0.253949910402298,0.3408036231994629
667,lejepa,gradcam,predicted,backbone.layer1,0,0,0,0.16625972092151642,0.1568806916475296,0.161570206284523
668,lejepa,gradcam,predicted,backbone.layer1,1,1,1,0.3490599989891052,0.35179203748703003,0.3504260182380676
669,lejepa,gradcam,predicted,backbone.layer1,3,3,3,0.04772999510169029,0.12712357938289642,0.08742678724229336
670,lejepa,gradcam,predicted,backbone.layer1,6,6,6,0.5242792963981628,0.46447163820266724,0.49437546730041504
671,lejepa,gradcam,predicted,backbone.layer1,3,3,3,0.6664173603057861,0.42276859283447266,0.5445929765701294
672,lejepa,gradcam,predicted,backbone.layer1,6,4,4,0.06114500015974045,0.21366125345230103,0.13740312680602074
673,lejepa,gradcam,predicted,backbone.layer1,3,3,3,0.028415707871317863,0.2255808413028717,0.12699827458709478
674,lejepa,gradcam,predicted,backbone.layer1,2,2,2,0.15195301175117493,0.287988543510437,0.21997077763080597
675,lejepa,gradcam,predicted,backbone.layer1,0,8,8,0.18643905222415924,0.27356597781181335,0.2300025150179863
676,lejepa,gradcam,predicted,backbone.layer1,3,4,4,0.06941492855548859,0.17946472764015198,0.12443982809782028
677,lejepa,gradcam,predicted,backbone.layer1,1,1,1,0.13288073241710663,0.20975284278392792,0.17131678760051727
678,lejepa,gradcam,predicted,backbone.layer1,0,2,2,-0.07081817835569382,0.1188216283917427,0.024001725018024445
679,lejepa,gradcam,predicted,backbone.layer1,5,5,5,-0.05979403480887413,0.019622933119535446,-0.020085550844669342
680,lejepa,gradcam,predicted,backbone.layer1,9,1,1,0.16298696398735046,0.22549466788768768,0.19424081593751907
681,lejepa,gradcam,predicted,backbone.layer1,6,6,6,0.2290622740983963,0.04815227910876274,0.13860727660357952
682,lejepa,gradcam,predicted,backbone.layer1,4,7,7,0.027497727423906326,0.05140858516097069,0.03945315629243851
683,lejepa,gradcam,predicted,backbone.layer1,8,8,8,0.38952580094337463,0.2734856903553009,0.33150574564933777
684,lejepa,gradcam,predicted,backbone.layer1,9,9,9,-0.041756439954042435,0.08107493817806244,0.019659249112010002
685,lejepa,gradcam,predicted,backbone.layer1,6,2,2,0.07178352773189545,0.20930849015712738,0.1405460089445114
686,lejepa,gradcam,predicted,backbone.layer1,9,9,9,0.2249276489019394,0.1164851114153862,0.1707063801586628
687,lejepa,gradcam,predicted,backbone.layer1,6,7,7,0.011504153721034527,0.04384807124733925,0.027676112484186888
688,lejepa,gradcam,predicted,backbone.layer1,3,2,2,-0.0018962168833240867,0.05630664899945259,0.027205216058064252
689,lejepa,gradcam,predicted,backbone.layer1,0,6,6,0.39320123195648193,0.5286545157432556,0.4609278738498688
690,lejepa,gradcam,predicted,backbone.layer1,3,2,2,-0.004267172422260046,0.020804056897759438,0.008268442237749696
691,lejepa,gradcam,predicted,backbone.layer1,2,2,2,0.05305297300219536,0.4081405997276306,0.230596786364913
692,lejepa,gradcam,predicted,backbone.layer1,2,3,3,0.36693328619003296,0.45160913467407227,0.4092712104320526
693,lejepa,gradcam,predicted,backbone.layer1,7,7,7,0.30326101183891296,0.18300727009773254,0.24313414096832275
694,lejepa,gradcam,predicted,backbone.layer1,8,8,8,0.0761679857969284,0.34674566984176636,0.21145682781934738
695,lejepa,gradcam,predicted,backbone.layer1,3,3,3,0.14818240702152252,0.20104703307151794,0.17461472004652023
696,lejepa,gradcam,predicted,backbone.layer1,8,8,8,0.09431739151477814,0.20626431703567505,0.1502908542752266
697,lejepa,gradcam,predicted,backbone.layer1,2,2,2,0.12772637605667114,0.32031434774398804,0.2240203619003296
698,lejepa,gradcam,predicted,backbone.layer1,7,7,7,-0.19656391441822052,0.05323279649019241,-0.07166555896401405
699,lejepa,gradcam,predicted,backbone.layer1,5,5,5,0.09097368270158768,0.08699516206979752,0.0889844223856926
700,lejepa,gradcam,predicted,backbone.layer1,7,7,7,0.36625173687934875,0.11367863416671753,0.23996518552303314
701,lejepa,gradcam,predicted,backbone.layer1,2,3,3,0.27842602133750916,0.3762989342212677,0.3273624777793884
702,lejepa,gradcam,predicted,backbone.layer1,4,4,4,0.12814122438430786,0.2313304841518402,0.17973585426807404
703,lejepa,gradcam,predicted,backbone.layer1,8,8,8,0.24517664313316345,0.27502548694610596,0.2601010650396347
640,lejepa,gradcam,predicted,backbone.layer2,5,3,3,0.15315736830234528,0.24132698774337769,0.19724217802286148
641,lejepa,gradcam,predicted,backbone.layer2,3,3,3,-0.22925055027008057,0.14077939093112946,-0.044235579669475555
642,lejepa,gradcam,predicted,backbone.layer2,0,0,0,0.12384403496980667,0.07829474657773972,0.1010693907737732
643,lejepa,gradcam,predicted,backbone.layer2,7,7,7,0.23551878333091736,0.40134966373443604,0.3184342235326767
644,lejepa,gradcam,predicted,backbone.layer2,9,9,9,0.08761510252952576,0.370810329914093,0.2292127162218094
645,lejepa,gradcam,predicted,backbone.layer2,1,1,1,-0.015933217480778694,0.29599687457084656,0.14003182854503393
646,lejepa,gradcam,predicted,backbone.layer2,3,3,3,0.005336007568985224,0.5392183661460876,0.27227718685753644
647,lejepa,gradcam,predicted,backbone.layer2,4,4,4,-0.03354667127132416,0.27906376123428345,0.12275854498147964
648,lejepa,gradcam,predicted,backbone.layer2,4,4,4,-0.44151824712753296,0.22730174660682678,-0.10710825026035309
649,lejepa,gradcam,predicted,backbone.layer2,5,5,5,-0.27669793367385864,0.207956001162529,-0.034370966255664825
650,lejepa,gradcam,predicted,backbone.layer2,3,3,3,0.37145644426345825,0.31390252709388733,0.3426794856786728
651,lejepa,gradcam,predicted,backbone.layer2,9,1,1,0.2251649796962738,0.29993534088134766,0.26255016028881073
652,lejepa,gradcam,predicted,backbone.layer2,5,5,5,0.2317855954170227,0.43435558676719666,0.3330705910921097
653,lejepa,gradcam,predicted,backbone.layer2,6,2,2,-0.10872339457273483,0.22969169914722443,0.0604841522872448
654,lejepa,gradcam,predicted,backbone.layer2,9,9,9,-0.038014497607946396,0.2649913430213928,0.11348842270672321
655,lejepa,gradcam,predicted,backbone.layer2,2,2,2,0.2299652099609375,0.2875377833843231,0.2587514966726303
656,lejepa,gradcam,predicted,backbone.layer2,1,1,1,0.3804314434528351,0.47642573714256287,0.428428590297699
657,lejepa,gradcam,predicted,backbone.layer2,1,1,1,0.008961370214819908,0.2540273368358612,0.13149435352534056
658,lejepa,gradcam,predicted,backbone.layer2,4,4,4,0.009774445556104183,0.2993280589580536,0.15455125225707889
659,lejepa,gradcam,predicted,backbone.layer2,1,8,8,0.37631332874298096,0.33611738681793213,0.35621535778045654
660,lejepa,gradcam,predicted,backbone.layer2,9,9,9,0.3631971478462219,0.46006694436073303,0.4116320461034775
661,lejepa,gradcam,predicted,backbone.layer2,4,7,7,-0.10787035524845123,0.24315449595451355,0.06764207035303116
662,lejepa,gradcam,predicted,backbone.layer2,7,7,7,-0.22193989157676697,0.28528544306755066,0.031672775745391846
663,lejepa,gradcam,predicted,backbone.layer2,6,6,6,0.04417898878455162,0.3260388672351837,0.18510892800986767
664,lejepa,gradcam,predicted,backbone.layer2,3,3,3,0.13332121074199677,0.4928351938724518,0.3130782023072243
665,lejepa,gradcam,predicted,backbone.layer2,8,0,0,-0.0004628443857654929,0.35080549120903015,0.17517132341163233
666,lejepa,gradcam,predicted,backbone.layer2,9,9,9,-0.17162282764911652,0.2955867648124695,0.06198196858167648
667,lejepa,gradcam,predicted,backbone.layer2,0,0,0,0.18924179673194885,0.5227769613265991,0.356009379029274
668,lejepa,gradcam,predicted,backbone.layer2,1,1,1,0.1847635805606842,0.27226147055625916,0.22851252555847168
669,lejepa,gradcam,predicted,backbone.layer2,3,3,3,0.3054697513580322,0.458957314491272,0.3822135329246521
670,lejepa,gradcam,predicted,backbone.layer2,6,6,6,-0.04779164865612984,0.31577157974243164,0.1339899655431509
671,lejepa,gradcam,predicted,backbone.layer2,3,3,3,-0.15148335695266724,0.2703012526035309,0.059408947825431824
672,lejepa,gradcam,predicted,backbone.layer2,6,4,4,0.04451460763812065,0.29095616936683655,0.1677353885024786
673,lejepa,gradcam,predicted,backbone.layer2,3,3,3,-0.1421642303466797,0.2846086323261261,0.0712222009897232
674,lejepa,gradcam,predicted,backbone.layer2,2,2,2,-0.21438387036323547,0.25141146779060364,0.018513798713684082
675,lejepa,gradcam,predicted,backbone.layer2,0,8,8,0.12096844613552094,0.32807016372680664,0.2245193049311638
676,lejepa,gradcam,predicted,backbone.layer2,3,4,4,0.1737527847290039,0.37112292647361755,0.27243785560131073
677,lejepa,gradcam,predicted,backbone.layer2,1,1,1,-0.11657380312681198,0.18786971271038055,0.035647954791784286
678,lejepa,gradcam,predicted,backbone.layer2,0,2,2,0.0583970881998539,0.45103198289871216,0.254714535549283
679,lejepa,gradcam,predicted,backbone.layer2,5,5,5,0.08825499564409256,0.36975741386413574,0.22900620475411415
680,lejepa,gradcam,predicted,backbone.layer2,9,1,1,0.4659264385700226,0.36481568217277527,0.4153710603713989
681,lejepa,gradcam,predicted,backbone.layer2,6,6,6,-0.02318413369357586,0.14137618243694305,0.0590960243716836
682,lejepa,gradcam,predicted,backbone.layer2,4,7,7,-0.2735127806663513,0.1350087672472,-0.06925200670957565
683,lejepa,gradcam,predicted,backbone.layer2,8,8,8,-0.00020003816462121904,0.11570220440626144,0.05775108312082011
684,lejepa,gradcam,predicted,backbone.layer2,9,9,9,-0.00493442639708519,0.35084301233291626,0.17295429296791553
685,lejepa,gradcam,predicted,backbone.layer2,6,2,2,-0.14044421911239624,0.3689262568950653,0.11424101889133453
686,lejepa,gradcam,predicted,backbone.layer2,9,9,9,0.235684335231781,0.40331801772117615,0.3195011764764786
687,lejepa,gradcam,predicted,backbone.layer2,6,7,7,-0.17049050331115723,0.32376620173454285,0.07663784921169281
688,lejepa,gradcam,predicted,backbone.layer2,3,2,2,0.22520224750041962,0.47235146164894104,0.34877685457468033
689,lejepa,gradcam,predicted,backbone.layer2,0,6,6,-0.27984583377838135,0.14930178225040436,-0.0652720257639885
690,lejepa,gradcam,predicted,backbone.layer2,3,2,2,0.5657771825790405,0.46974194049835205,0.5177595615386963
691,lejepa,gradcam,predicted,backbone.layer2,2,2,2,0.10199029743671417,0.2432451993227005,0.17261774837970734
692,lejepa,gradcam,predicted,backbone.layer2,2,3,3,-0.1340373456478119,0.25877538323402405,0.06236901879310608
693,lejepa,gradcam,predicted,backbone.layer2,7,7,7,-0.058224860578775406,0.3517650067806244,0.1467700731009245
694,lejepa,gradcam,predicted,backbone.layer2,8,8,8,0.12181630730628967,0.26642704010009766,0.19412167370319366
695,lejepa,gradcam,predicted,backbone.layer2,3,3,3,-0.07479916512966156,0.2290017455816269,0.07710129022598267
696,lejepa,gradcam,predicted,backbone.layer2,8,8,8,-0.11322256922721863,0.1912352293729782,0.03900633007287979
697,lejepa,gradcam,predicted,backbone.layer2,2,2,2,0.04891398921608925,0.27406856417655945,0.16149127669632435
698,lejepa,gradcam,predicted,backbone.layer2,7,7,7,-0.09214799106121063,0.28519806265830994,0.09652503579854965
699,lejepa,gradcam,predicted,backbone.layer2,5,5,5,-0.04769837483763695,0.28603342175483704,0.11916752345860004
700,lejepa,gradcam,predicted,backbone.layer2,7,7,7,0.05178915336728096,0.34423860907554626,0.1980138812214136
701,lejepa,gradcam,predicted,backbone.layer2,2,3,3,-0.15152955055236816,0.32493525743484497,0.0867028534412384
702,lejepa,gradcam,predicted,backbone.layer2,4,4,4,-0.24584531784057617,0.3555930554866791,0.05487386882305145
703,lejepa,gradcam,predicted,backbone.layer2,8,8,8,0.013538206927478313,0.3855286240577698,0.19953341549262404
640,lejepa,gradcam,predicted,backbone.layer3,5,3,3,0.20980001986026764,0.48768290877342224,0.34874146431684494
641,lejepa,gradcam,predicted,backbone.layer3,3,3,3,-0.16973181068897247,0.03676912188529968,-0.0664813444018364
642,lejepa,gradcam,predicted,backbone.layer3,0,0,0,0.03870122879743576,0.4171994626522064,0.2279503457248211
643,lejepa,gradcam,predicted,backbone.layer3,7,7,7,0.02259601466357708,0.4033028483390808,0.21294943150132895
644,lejepa,gradcam,predicted,backbone.layer3,9,9,9,0.8628664016723633,0.37157437205314636,0.6172203868627548
645,lejepa,gradcam,predicted,backbone.layer3,1,1,1,0.6541543006896973,0.28883418440818787,0.47149424254894257
646,lejepa,gradcam,predicted,backbone.layer3,3,3,3,0.1346643567085266,0.17773403227329254,0.15619919449090958
647,lejepa,gradcam,predicted,backbone.layer3,4,4,4,-0.36356082558631897,0.31217333674430847,-0.02569374442100525
648,lejepa,gradcam,predicted,backbone.layer3,4,4,4,0.35846608877182007,0.415402352809906,0.38693422079086304
649,lejepa,gradcam,predicted,backbone.layer3,5,5,5,0.6954757571220398,0.3363334536552429,0.5159046053886414
650,lejepa,gradcam,predicted,backbone.layer3,3,3,3,-0.23961091041564941,0.3609141707420349,0.06065163016319275
651,lejepa,gradcam,predicted,backbone.layer3,9,1,1,0.5640318989753723,0.35416924953460693,0.4591005742549896
652,lejepa,gradcam,predicted,backbone.layer3,5,5,5,0.8091551661491394,0.5190135836601257,0.6640843749046326
653,lejepa,gradcam,predicted,backbone.layer3,6,2,2,-0.39539095759391785,0.33264490962028503,-0.031373023986816406
654,lejepa,gradcam,predicted,backbone.layer3,9,9,9,-0.11547762155532837,0.3169741630554199,0.10074827075004578
655,lejepa,gradcam,predicted,backbone.layer3,2,2,2,0.5348503589630127,0.2948460876941681,0.4148482233285904
656,lejepa,gradcam,predicted,backbone.layer3,1,1,1,0.5628085136413574,0.5640722513198853,0.5634403824806213
657,lejepa,gradcam,predicted,backbone.layer3,1,1,1,0.3485393524169922,0.28169459104537964,0.3151169717311859
658,lejepa,gradcam,predicted,backbone.layer3,4,4,4,-0.5149309635162354,0.29785892367362976,-0.1085360199213028
659,lejepa,gradcam,predicted,backbone.layer3,1,8,8,0.9112065434455872,0.4401230812072754,0.6756648123264313
660,lejepa,gradcam,predicted,backbone.layer3,9,9,9,-0.019634921103715897,0.37250012159347534,0.17643260024487972
661,lejepa,gradcam,predicted,backbone.layer3,4,7,7,-0.07409374415874481,0.33596253395080566,0.13093439489603043
662,lejepa,gradcam,predicted,backbone.layer3,7,7,7,-0.2510952055454254,0.39593154191970825,0.07241816818714142
663,lejepa,gradcam,predicted,backbone.layer3,6,6,6,0.9557920694351196,0.35061022639274597,0.6532011479139328
664,lejepa,gradcam,predicted,backbone.layer3,3,3,3,0.014211146160960197,0.4096806049346924,0.2119458755478263
665,lejepa,gradcam,predicted,backbone.layer3,8,0,0,0.3258744478225708,0.33726412057876587,0.33156928420066833
666,lejepa,gradcam,predicted,backbone.layer3,9,9,9,0.13576678931713104,0.31574752926826477,0.2257571592926979
667,lejepa,gradcam,predicted,backbone.layer3,0,0,0,-0.1765597015619278,0.42059746384620667,0.12201888114213943
668,lejepa,gradcam,predicted,backbone.layer3,1,1,1,0.2809845805168152,0.3773639500141144,0.3291742652654648
669,lejepa,gradcam,predicted,backbone.layer3,3,3,3,0.6053080558776855,0.4854696989059448,0.5453888773918152
670,lejepa,gradcam,predicted,backbone.layer3,6,6,6,0.873841404914856,0.44586217403411865,0.6598517894744873
671,lejepa,gradcam,predicted,backbone.layer3,3,3,3,-0.013576154597103596,0.2417014092206955,0.11406262731179595
672,lejepa,gradcam,predicted,backbone.layer3,6,4,4,0.26080697774887085,0.14652672410011292,0.20366685092449188
673,lejepa,gradcam,predicted,backbone.layer3,3,3,3,-0.0964183583855629,0.4225461184978485,0.1630638800561428
674,lejepa,gradcam,predicted,backbone.layer3,2,2,2,-0.19218012690544128,0.3093703091144562,0.058595091104507446
675,lejepa,gradcam,predicted,backbone.layer3,0,8,8,0.5810629725456238,0.357209712266922,0.4691363424062729
676,lejepa,gradcam,predicted,backbone.layer3,3,4,4,-0.36818137764930725,0.3261915445327759,-0.020994916558265686
677,lejepa,gradcam,predicted,backbone.layer3,1,1,1,0.5040633678436279,0.4147225022315979,0.4593929350376129
678,lejepa,gradcam,predicted,backbone.layer3,0,2,2,0.2571570575237274,0.44290387630462646,0.35003046691417694
679,lejepa,gradcam,predicted,backbone.layer3,5,5,5,0.5432765483856201,0.265076220035553,0.40417638421058655
680,lejepa,gradcam,predicted,backbone.layer3,9,1,1,0.29265910387039185,0.3521532416343689,0.32240617275238037
681,lejepa,gradcam,predicted,backbone.layer3,6,6,6,0.9366498589515686,0.40121567249298096,0.6689327657222748
682,lejepa,gradcam,predicted,backbone.layer3,4,7,7,0.2789991497993469,0.48813292384147644,0.3835660368204117
683,lejepa,gradcam,predicted,backbone.layer3,8,8,8,0.00930065382272005,0.254609614610672,0.13195513421669602
684,lejepa,gradcam,predicted,backbone.layer3,9,9,9,0.44211387634277344,0.4418033957481384,0.44195863604545593
685,lejepa,gradcam,predicted,backbone.layer3,6,2,2,0.44290146231651306,0.4451935291290283,0.4440474957227707
686,lejepa,gradcam,predicted,backbone.layer3,9,9,9,0.4259328842163086,0.258126825094223,0.3420298546552658
687,lejepa,gradcam,predicted,backbone.layer3,6,7,7,0.37940168380737305,0.4007355570793152,0.3900686204433441
688,lejepa,gradcam,predicted,backbone.layer3,3,2,2,0.19173230230808258,0.296487033367157,0.24410966783761978
689,lejepa,gradcam,predicted,backbone.layer3,0,6,6,0.562643826007843,0.42849302291870117,0.4955684244632721
690,lejepa,gradcam,predicted,backbone.layer3,3,2,2,-0.3569943904876709,0.35622790455818176,-0.00038324296474456787
691,lejepa,gradcam,predicted,backbone.layer3,2,2,2,0.1356961727142334,0.3567441701889038,0.2462201714515686
692,lejepa,gradcam,predicted,backbone.layer3,2,3,3,0.43985849618911743,0.11072088032960892,0.2752896882593632
693,lejepa,gradcam,predicted,backbone.layer3,7,7,7,0.3251173198223114,0.44946393370628357,0.3872906267642975
694,lejepa,gradcam,predicted,backbone.layer3,8,8,8,-0.2582750916481018,0.37169069051742554,0.056707799434661865
695,lejepa,gradcam,predicted,backbone.layer3,3,3,3,0.8101801872253418,0.3102930188179016,0.5602366030216217
696,lejepa,gradcam,predicted,backbone.layer3,8,8,8,-0.42129528522491455,0.23522737622261047,-0.09303395450115204
697,lejepa,gradcam,predicted,backbone.layer3,2,2,2,-0.06304828822612762,0.34059029817581177,0.13877100497484207
698,lejepa,gradcam,predicted,backbone.layer3,7,7,7,0.23206518590450287,0.351904958486557,0.29198507219552994
699,lejepa,gradcam,predicted,backbone.layer3,5,5,5,-0.31849560141563416,0.23949624598026276,-0.0394996777176857
700,lejepa,gradcam,predicted,backbone.layer3,7,7,7,0.17255660891532898,0.434775710105896,0.3036661595106125
701,lejepa,gradcam,predicted,backbone.layer3,2,3,3,0.02979302406311035,0.18129052221775055,0.10554177314043045
702,lejepa,gradcam,predicted,backbone.layer3,4,4,4,-0.07439255714416504,0.27816805243492126,0.10188774764537811
703,lejepa,gradcam,predicted,backbone.layer3,8,8,8,-0.1842242330312729,0.2514382600784302,0.033607013523578644
640,lejepa,gradcam,predicted,backbone.layer4,5,3,3,0.6294669508934021,0.5989951491355896,0.6142310500144958
641,lejepa,gradcam,predicted,backbone.layer4,3,3,3,0.09631360322237015,0.5021735429763794,0.29924357309937477
642,lejepa,gradcam,predicted,backbone.layer4,0,0,0,0.4253177344799042,0.5252742171287537,0.4752959758043289
643,lejepa,gradcam,predicted,backbone.layer4,7,7,7,0.6259477138519287,0.5204060673713684,0.5731768906116486
644,lejepa,gradcam,predicted,backbone.layer4,9,9,9,0.7913548946380615,0.6882491111755371,0.7398020029067993
645,lejepa,gradcam,predicted,backbone.layer4,1,1,1,0.610162615776062,0.5848088264465332,0.5974857211112976
646,lejepa,gradcam,predicted,backbone.layer4,3,3,3,0.5154881477355957,0.5762598514556885,0.5458739995956421
647,lejepa,gradcam,predicted,backbone.layer4,4,4,4,0.3320945203304291,0.5115054845809937,0.42180000245571136
648,lejepa,gradcam,predicted,backbone.layer4,4,4,4,0.6761071681976318,0.5856438875198364,0.6308755278587341
649,lejepa,gradcam,predicted,backbone.layer4,5,5,5,0.6655526757240295,0.5481220483779907,0.6068373620510101
650,lejepa,gradcam,predicted,backbone.layer4,3,3,3,0.5763736367225647,0.6086785197257996,0.5925260782241821
651,lejepa,gradcam,predicted,backbone.layer4,9,1,1,0.722614586353302,0.5821108818054199,0.652362734079361
652,lejepa,gradcam,predicted,backbone.layer4,5,5,5,0.5423855781555176,0.6130828261375427,0.5777342021465302
653,lejepa,gradcam,predicted,backbone.layer4,6,2,2,0.5740233063697815,0.6214727759361267,0.5977480411529541
654,lejepa,gradcam,predicted,backbone.layer4,9,9,9,0.5970326662063599,0.6201183199882507,0.6085754930973053
655,lejepa,gradcam,predicted,backbone.layer4,2,2,2,0.6660332083702087,0.6209447979927063,0.6434890031814575
656,lejepa,gradcam,predicted,backbone.layer4,1,1,1,0.6748582124710083,0.5295095443725586,0.6021838784217834
657,lejepa,gradcam,predicted,backbone.layer4,1,1,1,0.7370601296424866,0.6172759532928467,0.6771680414676666
658,lejepa,gradcam,predicted,backbone.layer4,4,4,4,0.5864781737327576,0.584707498550415,0.5855928361415863
659,lejepa,gradcam,predicted,backbone.layer4,1,8,8,0.516149640083313,0.5110181570053101,0.5135838985443115
660,lejepa,gradcam,predicted,backbone.layer4,9,9,9,0.514313817024231,0.5552962422370911,0.534805029630661
661,lejepa,gradcam,predicted,backbone.layer4,4,7,7,0.4416659474372864,0.5145667195320129,0.47811633348464966
662,lejepa,gradcam,predicted,backbone.layer4,7,7,7,0.28176653385162354,0.4430059790611267,0.3623862564563751
663,lejepa,gradcam,predicted,backbone.layer4,6,6,6,0.015309033915400505,0.5115739703178406,0.26344150211662054
664,lejepa,gradcam,predicted,backbone.layer4,3,3,3,0.31839582324028015,0.5621950030326843,0.44029541313648224
665,lejepa,gradcam,predicted,backbone.layer4,8,0,0,0.4941670894622803,0.5601011514663696,0.527134120464325
666,lejepa,gradcam,predicted,backbone.layer4,9,9,9,0.7429503202438354,0.6679852604866028,0.7054677903652191
667,lejepa,gradcam,predicted,backbone.layer4,0,0,0,0.06466410309076309,0.445403128862381,0.25503361597657204
668,lejepa,gradcam,predicted,backbone.layer4,1,1,1,0.6222639083862305,0.6153038740158081,0.6187838912010193
669,lejepa,gradcam,predicted,backbone.layer4,3,3,3,0.5232446789741516,0.5915936827659607,0.5574191808700562
670,lejepa,gradcam,predicted,backbone.layer4,6,6,6,0.4262109696865082,0.5640343427658081,0.49512265622615814
671,lejepa,gradcam,predicted,backbone.layer4,3,3,3,0.39025965332984924,0.5736671090126038,0.4819633811712265
672,lejepa,gradcam,predicted,backbone.layer4,6,4,4,0.1683432161808014,0.45917731523513794,0.31376026570796967
673,lejepa,gradcam,predicted,backbone.layer4,3,3,3,0.7137438654899597,0.6485694050788879,0.6811566352844238
674,lejepa,gradcam,predicted,backbone.layer4,2,2,2,-0.016754671931266785,0.4631730318069458,0.2232091799378395
675,lejepa,gradcam,predicted,backbone.layer4,0,8,8,0.34690970182418823,0.4126940965652466,0.3798018991947174
676,lejepa,gradcam,predicted,backbone.layer4,3,4,4,-0.06868255138397217,0.4927409291267395,0.21202918887138367
677,lejepa,gradcam,predicted,backbone.layer4,1,1,1,0.5720667839050293,0.5440248847007751,0.5580458343029022
678,lejepa,gradcam,predicted,backbone.layer4,0,2,2,-0.12666386365890503,0.42777663469314575,0.15055638551712036
679,lejepa,gradcam,predicted,backbone.layer4,5,5,5,0.5234106779098511,0.5706139206886292,0.5470122992992401
680,lejepa,gradcam,predicted,backbone.layer4,9,1,1,0.5768499970436096,0.5455501675605774,0.5612000823020935
681,lejepa,gradcam,predicted,backbone.layer4,6,6,6,0.7134213447570801,0.6965227127075195,0.7049720287322998
682,lejepa,gradcam,predicted,backbone.layer4,4,7,7,0.6320307850837708,0.5469679236412048,0.5894993543624878
683,lejepa,gradcam,predicted,backbone.layer4,8,8,8,0.17199824750423431,0.5310265421867371,0.3515123948454857
684,lejepa,gradcam,predicted,backbone.layer4,9,9,9,0.6698653101921082,0.5747697949409485,0.6223175525665283
685,lejepa,gradcam,predicted,backbone.layer4,6,2,2,-0.20188471674919128,0.4541780352592468,0.12614665925502777
686,lejepa,gradcam,predicted,backbone.layer4,9,9,9,0.5627776384353638,0.5087952613830566,0.5357864499092102
687,lejepa,gradcam,predicted,backbone.layer4,6,7,7,0.47546252608299255,0.4992150664329529,0.4873387962579727
688,lejepa,gradcam,predicted,backbone.layer4,3,2,2,0.12985754013061523,0.5178786516189575,0.3238680958747864
689,lejepa,gradcam,predicted,backbone.layer4,0,6,6,0.6610701680183411,0.6012876033782959,0.6311788856983185
690,lejepa,gradcam,predicted,backbone.layer4,3,2,2,0.2365366369485855,0.4848879873752594,0.36071231216192245
691,lejepa,gradcam,predicted,backbone.layer4,2,2,2,0.3467630445957184,0.5500882267951965,0.44842563569545746
692,lejepa,gradcam,predicted,backbone.layer4,2,3,3,0.19777104258537292,0.5177315473556519,0.3577512949705124
693,lejepa,gradcam,predicted,backbone.layer4,7,7,7,0.74452143907547,0.6066333055496216,0.6755773723125458
694,lejepa,gradcam,predicted,backbone.layer4,8,8,8,0.6096391677856445,0.5512232184410095,0.580431193113327
695,lejepa,gradcam,predicted,backbone.layer4,3,3,3,0.3711512088775635,0.48247483372688293,0.4268130213022232
696,lejepa,gradcam,predicted,backbone.layer4,8,8,8,0.030110744759440422,0.4725877642631531,0.25134925451129675
697,lejepa,gradcam,predicted,backbone.layer4,2,2,2,0.3274402320384979,0.5390775203704834,0.43325887620449066
698,lejepa,gradcam,predicted,backbone.layer4,7,7,7,0.4590942859649658,0.5285343527793884,0.4938143193721771
699,lejepa,gradcam,predicted,backbone.layer4,5,5,5,0.8179450035095215,0.6202132701873779,0.7190791368484497
700,lejepa,gradcam,predicted,backbone.layer4,7,7,7,0.4854341447353363,0.5376792550086975,0.5115566998720169
701,lejepa,gradcam,predicted,backbone.layer4,2,3,3,-0.5820157527923584,0.30683061480522156,-0.13759256899356842
702,lejepa,gradcam,predicted,backbone.layer4,4,4,4,0.5779092311859131,0.5975629687309265,0.5877360999584198
703,lejepa,gradcam,predicted,backbone.layer4,8,8,8,0.40979963541030884,0.5854137539863586,0.49760669469833374
704,lejepa,gradcam,predicted,backbone.layer1,7,7,7,0.04271376505494118,0.0026444830000400543,0.022679124027490616
705,lejepa,gradcam,predicted,backbone.layer1,4,6,6,0.23334777355194092,0.3427008092403412,0.28802429139614105
706,lejepa,gradcam,predicted,backbone.layer1,2,0,0,-0.018924962729215622,0.06513107568025589,0.023103056475520134
707,lejepa,gradcam,predicted,backbone.layer1,9,9,9,0.3528265655040741,0.35955536365509033,0.3561909645795822
708,lejepa,gradcam,predicted,backbone.layer1,8,8,8,0.37097492814064026,0.3712846338748932,0.3711297810077667
709,lejepa,gradcam,predicted,backbone.layer1,8,8,8,0.187552347779274,0.3055662512779236,0.24655929952859879
710,lejepa,gradcam,predicted,backbone.layer1,6,5,5,-0.06687283515930176,0.0787840485572815,0.005955606698989868
711,lejepa,gradcam,predicted,backbone.layer1,8,2,2,-0.01906786672770977,0.18983067572116852,0.08538140449672937
712,lejepa,gradcam,predicted,backbone.layer1,8,8,8,0.3109338879585266,0.3862857222557068,0.3486098051071167
713,lejepa,gradcam,predicted,backbone.layer1,7,6,6,0.3736012876033783,0.4749590754508972,0.42428018152713776
714,lejepa,gradcam,predicted,backbone.layer1,4,2,2,0.23172470927238464,0.29849129915237427,0.26510800421237946
715,lejepa,gradcam,predicted,backbone.layer1,3,6,6,0.39530467987060547,0.4594540596008301,0.4273793697357178
716,lejepa,gradcam,predicted,backbone.layer1,3,3,3,0.5022988319396973,0.40642690658569336,0.4543628692626953
717,lejepa,gradcam,predicted,backbone.layer1,8,8,8,0.5503699779510498,0.43884003162384033,0.49460500478744507
718,lejepa,gradcam,predicted,backbone.layer1,4,2,2,-0.07160446792840958,0.07178562879562378,9.058043360710144e-05
719,lejepa,gradcam,predicted,backbone.layer1,9,9,9,0.09456846863031387,0.29564449191093445,0.19510648027062416
720,lejepa,gradcam,predicted,backbone.layer1,4,4,4,0.22849909961223602,0.24523350596427917,0.2368663027882576
721,lejepa,gradcam,predicted,backbone.layer1,8,8,8,0.5026358366012573,0.41744011640548706,0.4600379765033722
722,lejepa,gradcam,predicted,backbone.layer1,8,8,8,0.41717371344566345,0.3364996910095215,0.37683670222759247
723,lejepa,gradcam,predicted,backbone.layer1,1,1,1,0.3652329742908478,0.3853129744529724,0.3752729743719101
724,lejepa,gradcam,predicted,backbone.layer1,8,8,8,0.46437573432922363,0.38254880905151367,0.42346227169036865
725,lejepa,gradcam,predicted,backbone.layer1,2,2,2,0.34926626086235046,0.30746015906333923,0.32836320996284485
726,lejepa,gradcam,predicted,backbone.layer1,1,1,1,0.2175910919904709,0.13440456986427307,0.17599783092737198
727,lejepa,gradcam,predicted,backbone.layer1,3,3,3,0.04812117666006088,0.3425951302051544,0.19535815343260765
728,lejepa,gradcam,predicted,backbone.layer1,6,4,4,0.07794932276010513,0.09009005129337311,0.08401968702673912
729,lejepa,gradcam,predicted,backbone.layer1,5,5,5,0.09077190607786179,0.2949736714363098,0.1928727887570858
730,lejepa,gradcam,predicted,backbone.layer1,4,4,4,0.41215649247169495,0.3980318605899811,0.405094176530838
731,lejepa,gradcam,predicted,backbone.layer1,2,0,0,0.22438694536685944,0.40712448954582214,0.3157557174563408
732,lejepa,gradcam,predicted,backbone.layer1,7,7,7,0.26035887002944946,0.2793339788913727,0.26984642446041107
733,lejepa,gradcam,predicted,backbone.layer1,9,9,9,-0.012042402289807796,0.12042936682701111,0.054193482268601656
734,lejepa,gradcam,predicted,backbone.layer1,9,8,8,0.24558986723423004,0.27739638090133667,0.26149312406778336
735,lejepa,gradcam,predicted,backbone.layer1,4,2,2,0.6213711500167847,0.22251269221305847,0.42194192111492157
736,lejepa,gradcam,predicted,backbone.layer1,1,1,1,0.051111411303281784,0.3506150245666504,0.2008632179349661
737,lejepa,gradcam,predicted,backbone.layer1,4,0,0,-0.025338545441627502,0.1467844694852829,0.0607229620218277
738,lejepa,gradcam,predicted,backbone.layer1,1,1,1,0.5019585490226746,0.43248268961906433,0.46722061932086945
739,lejepa,gradcam,predicted,backbone.layer1,3,3,3,0.04899909347295761,0.1643022745847702,0.1066506840288639
740,lejepa,gradcam,predicted,backbone.layer1,2,3,3,0.07282617688179016,0.27463892102241516,0.17373254895210266
741,lejepa,gradcam,predicted,backbone.layer1,7,7,7,-0.0599430613219738,0.08403654396533966,0.01204674132168293
742,lejepa,gradcam,predicted,backbone.layer1,0,0,0,0.19340218603610992,0.17027439177036285,0.1818382889032364
743,lejepa,gradcam,predicted,backbone.layer1,7,7,7,0.2301953285932541,0.12168560922145844,0.17594046890735626
744,lejepa,gradcam,predicted,backbone.layer1,9,0,0,0.010499614290893078,0.28262388706207275,0.14656175067648292
745,lejepa,gradcam,predicted,backbone.layer1,7,7,7,0.15242576599121094,0.23927219212055206,0.1958489790558815
746,lejepa,gradcam,predicted,backbone.layer1,6,2,2,0.10621460527181625,0.39446476101875305,0.25033968314528465
747,lejepa,gradcam,predicted,backbone.layer1,6,6,6,0.04459138214588165,0.3512481451034546,0.19791976362466812
748,lejepa,gradcam,predicted,backbone.layer1,2,2,2,-0.04606376960873604,0.07696482539176941,0.015450527891516685
749,lejepa,gradcam,predicted,backbone.layer1,5,5,5,0.1284833401441574,0.2573432922363281,0.19291331619024277
750,lejepa,gradcam,predicted,backbone.layer1,9,9,9,-0.22818870842456818,0.061018332839012146,-0.08358518779277802
751,lejepa,gradcam,predicted,backbone.layer1,2,0,0,0.41650304198265076,0.4233545958995819,0.41992881894111633
752,lejepa,gradcam,predicted,backbone.layer1,9,9,9,-0.12734775245189667,0.04229949042201042,-0.04252413101494312
753,lejepa,gradcam,predicted,backbone.layer1,1,1,1,0.3777988851070404,0.3543144166469574,0.3660566508769989
754,lejepa,gradcam,predicted,backbone.layer1,2,2,2,0.3257450759410858,0.1648397594690323,0.24529241770505905
755,lejepa,gradcam,predicted,backbone.layer1,2,2,2,0.055560946464538574,0.1617751270532608,0.10866803675889969
756,lejepa,gradcam,predicted,backbone.layer1,6,6,6,0.27374351024627686,0.5419275164604187,0.4078355133533478
757,lejepa,gradcam,predicted,backbone.layer1,8,8,8,-0.03515679016709328,0.27459850907325745,0.11972085945308208
758,lejepa,gradcam,predicted,backbone.layer1,2,2,2,0.2682494819164276,0.2740684449672699,0.27115896344184875
759,lejepa,gradcam,predicted,backbone.layer1,1,1,1,0.37513184547424316,0.4750581979751587,0.4250950217247009
760,lejepa,gradcam,predicted,backbone.layer1,3,3,3,0.08962249755859375,0.29189807176589966,0.1907602846622467
761,lejepa,gradcam,predicted,backbone.layer1,6,5,5,1.672904363658745e-05,0.2631259560585022,0.1315713425510694
762,lejepa,gradcam,predicted,backbone.layer1,6,6,6,-0.012347240000963211,0.41338562965393066,0.20051919482648373
763,lejepa,gradcam,predicted,backbone.layer1,0,0,0,0.3664192259311676,0.40661296248435974,0.38651609420776367
764,lejepa,gradcam,predicted,backbone.layer1,1,9,9,0.14704914391040802,0.12046344578266144,0.13375629484653473
765,lejepa,gradcam,predicted,backbone.layer1,2,2,2,-0.045951150357723236,0.14473827183246613,0.049393560737371445
766,lejepa,gradcam,predicted,backbone.layer1,7,0,0,0.6195328235626221,0.5172976851463318,0.5684152543544769
767,lejepa,gradcam,predicted,backbone.layer1,0,9,9,0.10792259871959686,0.22865968942642212,0.1682911440730095
704,lejepa,gradcam,predicted,backbone.layer2,7,7,7,-0.2572999894618988,0.22574666142463684,-0.01577666401863098
705,lejepa,gradcam,predicted,backbone.layer2,4,6,6,0.009034521877765656,0.2042202204465866,0.10662737116217613
706,lejepa,gradcam,predicted,backbone.layer2,2,0,0,-0.1891014128923416,0.35742950439453125,0.08416404575109482
707,lejepa,gradcam,predicted,backbone.layer2,9,9,9,-0.06619996577501297,0.30470868945121765,0.11925436183810234
708,lejepa,gradcam,predicted,backbone.layer2,8,8,8,-0.25825268030166626,0.2662121057510376,0.003979712724685669
709,lejepa,gradcam,predicted,backbone.layer2,8,8,8,0.6312441825866699,0.4723288416862488,0.5517865121364594
710,lejepa,gradcam,predicted,backbone.layer2,6,5,5,-0.03560030460357666,0.2805239260196686,0.12246181070804596
711,lejepa,gradcam,predicted,backbone.layer2,8,2,2,0.5698907971382141,0.24768435955047607,0.4087875783443451
712,lejepa,gradcam,predicted,backbone.layer2,8,8,8,-0.07773344218730927,0.2595036029815674,0.09088508039712906
713,lejepa,gradcam,predicted,backbone.layer2,7,6,6,0.08694570511579514,0.11069312691688538,0.09881941601634026
714,lejepa,gradcam,predicted,backbone.layer2,4,2,2,0.664754331111908,0.42830196022987366,0.5465281456708908
715,lejepa,gradcam,predicted,backbone.layer2,3,6,6,0.12287472933530807,0.25233662128448486,0.18760567530989647
716,lejepa,gradcam,predicted,backbone.layer2,3,3,3,-0.11382900178432465,0.21943292021751404,0.052801959216594696
717,lejepa,gradcam,predicted,backbone.layer2,8,8,8,0.308406263589859,0.3307350277900696,0.3195706456899643
718,lejepa,gradcam,predicted,backbone.layer2,4,2,2,0.13164061307907104,0.31084397435188293,0.221242293715477
719,lejepa,gradcam,predicted,backbone.layer2,9,9,9,-0.042882226407527924,0.286173552274704,0.12164566293358803
720,lejepa,gradcam,predicted,backbone.layer2,4,4,4,0.19900545477867126,0.32356828451156616,0.2612868696451187
721,lejepa,gradcam,predicted,backbone.layer2,8,8,8,-0.1929793655872345,0.2876724600791931,0.04734654724597931
722,lejepa,gradcam,predicted,backbone.layer2,8,8,8,0.21348623931407928,0.2982836067676544,0.25588492304086685
723,lejepa,gradcam,predicted,backbone.layer2,1,1,1,0.07364095002412796,0.3633032441139221,0.21847209706902504
724,lejepa,gradcam,predicted,backbone.layer2,8,8,8,0.16237466037273407,0.33506137132644653,0.2487180158495903
725,lejepa,gradcam,predicted,backbone.layer2,2,2,2,-0.1414230614900589,0.190960094332695,0.024768516421318054
726,lejepa,gradcam,predicted,backbone.layer2,1,1,1,0.3890184164047241,0.4367603659629822,0.41288939118385315
727,lejepa,gradcam,predicted,backbone.layer2,3,3,3,0.2877809405326843,0.46747729182243347,0.3776291161775589
728,lejepa,gradcam,predicted,backbone.layer2,6,4,4,-0.32616525888442993,0.2299109697341919,-0.04812714457511902
729,lejepa,gradcam,predicted,backbone.layer2,5,5,5,-0.12721626460552216,0.37427476048469543,0.12352924793958664
730,lejepa,gradcam,predicted,backbone.layer2,4,4,4,-0.07689111679792404,0.2990390956401825,0.11107398942112923
731,lejepa,gradcam,predicted,backbone.layer2,2,0,0,-0.20318518579006195,0.15114030241966248,-0.026022441685199738
732,lejepa,gradcam,predicted,backbone.layer2,7,7,7,-0.0646343007683754,0.2402840256690979,0.08782486245036125
733,lejepa,gradcam,predicted,backbone.layer2,9,9,9,-0.06640362739562988,0.4362362325191498,0.18491630256175995
734,lejepa,gradcam,predicted,backbone.layer2,9,8,8,0.10414080321788788,0.22999203205108643,0.16706641763448715
735,lejepa,gradcam,predicted,backbone.layer2,4,2,2,-0.39292874932289124,0.19536876678466797,-0.09877999126911163
736,lejepa,gradcam,predicted,backbone.layer2,1,1,1,0.06867753714323044,0.33571484684944153,0.20219619199633598
737,lejepa,gradcam,predicted,backbone.layer2,4,0,0,-0.0718904435634613,0.23974581062793732,0.083927683532238
738,lejepa,gradcam,predicted,backbone.layer2,1,1,1,-0.046968843787908554,0.20270825922489166,0.07786970771849155
739,lejepa,gradcam,predicted,backbone.layer2,3,3,3,0.16054485738277435,0.3355216979980469,0.24803327769041061
740,lejepa,gradcam,predicted,backbone.layer2,2,3,3,0.36981201171875,0.43475160002708435,0.4022818058729172
741,lejepa,gradcam,predicted,backbone.layer2,7,7,7,0.34956079721450806,0.42286422848701477,0.3862125128507614
742,lejepa,gradcam,predicted,backbone.layer2,0,0,0,-0.09797230362892151,0.32595211267471313,0.11398990452289581
743,lejepa,gradcam,predicted,backbone.layer2,7,7,7,0.16938753426074982,0.4440551996231079,0.30672136694192886
744,lejepa,gradcam,predicted,backbone.layer2,9,0,0,0.589621901512146,0.29972201585769653,0.44467195868492126
745,lejepa,gradcam,predicted,backbone.layer2,7,7,7,-0.1681923270225525,0.32600048184394836,0.07890407741069794
746,lejepa,gradcam,predicted,backbone.layer2,6,2,2,-0.006240312475711107,0.2728978991508484,0.13332879333756864
747,lejepa,gradcam,predicted,backbone.layer2,6,6,6,-0.3740207254886627,0.20722565054893494,-0.08339753746986389
748,lejepa,gradcam,predicted,backbone.layer2,2,2,2,-0.14033418893814087,0.1575433313846588,0.008604571223258972
749,lejepa,gradcam,predicted,backbone.layer2,5,5,5,0.0472583994269371,0.2835353910923004,0.16539689525961876
750,lejepa,gradcam,predicted,backbone.layer2,9,9,9,0.021887004375457764,0.5100886225700378,0.2659878134727478
751,lejepa,gradcam,predicted,backbone.layer2,2,0,0,-0.2277015596628189,0.13876374065876007,-0.04446890950202942
752,lejepa,gradcam,predicted,backbone.layer2,9,9,9,0.1062418520450592,0.42379721999168396,0.2650195360183716
753,lejepa,gradcam,predicted,backbone.layer2,1,1,1,0.37203294038772583,0.4845156669616699,0.4282743036746979
754,lejepa,gradcam,predicted,backbone.layer2,2,2,2,-0.256031334400177,0.18939833343029022,-0.03331650048494339
755,lejepa,gradcam,predicted,backbone.layer2,2,2,2,0.05114852264523506,0.06362386792898178,0.05738619528710842
756,lejepa,gradcam,predicted,backbone.layer2,6,6,6,-0.06623886525630951,0.2505062222480774,0.09213367849588394
757,lejepa,gradcam,predicted,backbone.layer2,8,8,8,0.5452147126197815,0.5620638132095337,0.5536392629146576
758,lejepa,gradcam,predicted,backbone.layer2,2,2,2,0.08935268968343735,0.20725539326667786,0.1483040414750576
759,lejepa,gradcam,predicted,backbone.layer2,1,1,1,-0.09760584682226181,0.30634602904319763,0.10437009111046791
760,lejepa,gradcam,predicted,backbone.layer2,3,3,3,-0.054449450224637985,0.3144306540489197,0.12999060191214085
761,lejepa,gradcam,predicted,backbone.layer2,6,5,5,-0.00945296511054039,0.47781461477279663,0.23418082483112812
762,lejepa,gradcam,predicted,backbone.layer2,6,6,6,-0.13978469371795654,0.27788978815078735,0.0690525472164154
763,lejepa,gradcam,predicted,backbone.layer2,0,0,0,0.2783869504928589,0.23852041363716125,0.25845368206501007
764,lejepa,gradcam,predicted,backbone.layer2,1,9,9,-0.36189937591552734,0.29962781071662903,-0.031135782599449158
765,lejepa,gradcam,predicted,backbone.layer2,2,2,2,-0.21465517580509186,0.35382720828056335,0.06958601623773575
766,lejepa,gradcam,predicted,backbone.layer2,7,0,0,0.04358431696891785,0.054407525807619095,0.04899592138826847
767,lejepa,gradcam,predicted,backbone.layer2,0,9,9,0.12985388934612274,0.3706534206867218,0.25025365501642227
704,lejepa,gradcam,predicted,backbone.layer3,7,7,7,0.18873605132102966,0.32105937600135803,0.25489771366119385
705,lejepa,gradcam,predicted,backbone.layer3,4,6,6,0.2561332583427429,0.38426077365875244,0.3201970160007477
706,lejepa,gradcam,predicted,backbone.layer3,2,0,0,0.042226918041706085,0.3980574309825897,0.2201421745121479
707,lejepa,gradcam,predicted,backbone.layer3,9,9,9,0.6090815663337708,0.36917588114738464,0.4891287237405777
708,lejepa,gradcam,predicted,backbone.layer3,8,8,8,0.7301889061927795,0.2674473524093628,0.49881812930107117
709,lejepa,gradcam,predicted,backbone.layer3,8,8,8,0.17719879746437073,0.3440488278865814,0.2606238126754761
710,lejepa,gradcam,predicted,backbone.layer3,6,5,5,-0.1275223195552826,0.20534439384937286,0.038911037147045135
711,lejepa,gradcam,predicted,backbone.layer3,8,2,2,0.17875443398952484,0.23211181163787842,0.20543312281370163
712,lejepa,gradcam,predicted,backbone.layer3,8,8,8,-0.3669557571411133,0.30159732699394226,-0.03267921507358551
713,lejepa,gradcam,predicted,backbone.layer3,7,6,6,0.3575080633163452,0.4210301339626312,0.3892690986394882
714,lejepa,gradcam,predicted,backbone.layer3,4,2,2,-0.45250609517097473,0.2658839523792267,-0.09331107139587402
715,lejepa,gradcam,predicted,backbone.layer3,3,6,6,0.40223661065101624,0.4096652567386627,0.4059509336948395
716,lejepa,gradcam,predicted,backbone.layer3,3,3,3,0.4066603183746338,0.3551672697067261,0.38091379404067993
717,lejepa,gradcam,predicted,backbone.layer3,8,8,8,-0.5111161470413208,0.20436376333236694,-0.15337619185447693
718,lejepa,gradcam,predicted,backbone.layer3,4,2,2,-0.0603402741253376,0.2830829620361328,0.1113713439553976
719,lejepa,gradcam,predicted,backbone.layer3,9,9,9,0.03449178487062454,0.25461694598197937,0.14455436542630196
720,lejepa,gradcam,predicted,backbone.layer3,4,4,4,0.4830229580402374,0.35288864374160767,0.41795580089092255
721,lejepa,gradcam,predicted,backbone.layer3,8,8,8,0.6515696048736572,0.42968711256980896,0.5406283587217331
722,lejepa,gradcam,predicted,backbone.layer3,8,8,8,0.1584087461233139,0.4362342953681946,0.29732152074575424
723,lejepa,gradcam,predicted,backbone.layer3,1,1,1,0.5410079956054688,0.38195347785949707,0.4614807367324829
724,lejepa,gradcam,predicted,backbone.layer3,8,8,8,0.2991800904273987,0.4416036307811737,0.3703918606042862
725,lejepa,gradcam,predicted,backbone.layer3,2,2,2,0.24259288609027863,0.3337520956993103,0.28817249089479446
726,lejepa,gradcam,predicted,backbone.layer3,1,1,1,0.5267199277877808,0.25091353058815,0.3888167291879654
727,lejepa,gradcam,predicted,backbone.layer3,3,3,3,0.1329191029071808,0.24630795419216156,0.18961352854967117
728,lejepa,gradcam,predicted,backbone.layer3,6,4,4,-0.056328706443309784,0.3185841739177704,0.1311277337372303
729,lejepa,gradcam,predicted,backbone.layer3,5,5,5,0.5683184266090393,0.3571259677410126,0.46272219717502594
730,lejepa,gradcam,predicted,backbone.layer3,4,4,4,0.17344780266284943,0.387596070766449,0.2805219367146492
731,lejepa,gradcam,predicted,backbone.layer3,2,0,0,-0.46815940737724304,0.2905500829219818,-0.08880466222763062
732,lejepa,gradcam,predicted,backbone.layer3,7,7,7,0.5115813612937927,0.5738088488578796,0.5426951050758362
733,lejepa,gradcam,predicted,backbone.layer3,9,9,9,0.7533372640609741,0.492950439453125,0.6231438517570496
734,lejepa,gradcam,predicted,backbone.layer3,9,8,8,-0.3225090801715851,0.2589705288410187,-0.0317692756652832
735,lejepa,gradcam,predicted,backbone.layer3,4,2,2,-0.47350025177001953,0.2729162573814392,-0.10029199719429016
736,lejepa,gradcam,predicted,backbone.layer3,1,1,1,-0.03285694494843483,0.38833287358283997,0.17773796431720257
737,lejepa,gradcam,predicted,backbone.layer3,4,0,0,0.31698906421661377,0.3874779939651489,0.35223352909088135
738,lejepa,gradcam,predicted,backbone.layer3,1,1,1,-0.08465618640184402,0.3004346489906311,0.10788923129439354
739,lejepa,gradcam,predicted,backbone.layer3,3,3,3,0.04526132717728615,0.3806110918521881,0.21293620951473713
740,lejepa,gradcam,predicted,backbone.layer3,2,3,3,0.09286308288574219,0.29025202989578247,0.19155755639076233
741,lejepa,gradcam,predicted,backbone.layer3,7,7,7,0.13431495428085327,0.4656606912612915,0.2999878227710724
742,lejepa,gradcam,predicted,backbone.layer3,0,0,0,0.49604693055152893,0.4676966667175293,0.4818717986345291
743,lejepa,gradcam,predicted,backbone.layer3,7,7,7,0.737682580947876,0.4979938566684723,0.6178382188081741
744,lejepa,gradcam,predicted,backbone.layer3,9,0,0,-0.011845984496176243,0.3778294622898102,0.18299173889681697
745,lejepa,gradcam,predicted,backbone.layer3,7,7,7,-0.4491513669490814,0.371572345495224,-0.03878951072692871
746,lejepa,gradcam,predicted,backbone.layer3,6,2,2,-0.1648503988981247,0.35246512293815613,0.09380736202001572
747,lejepa,gradcam,predicted,backbone.layer3,6,6,6,-0.5812792778015137,0.31642019748687744,-0.13242954015731812
748,lejepa,gradcam,predicted,backbone.layer3,2,2,2,-0.5405477285385132,0.21659186482429504,-0.16197793185710907
749,lejepa,gradcam,predicted,backbone.layer3,5,5,5,0.46500977873802185,0.5004482865333557,0.4827290326356888
750,lejepa,gradcam,predicted,backbone.layer3,9,9,9,0.84550541639328,0.37476709485054016,0.6101362556219101
751,lejepa,gradcam,predicted,backbone.layer3,2,0,0,-0.1859266459941864,0.3341282904148102,0.07410082221031189
752,lejepa,gradcam,predicted,backbone.layer3,9,9,9,0.7479860782623291,0.41171860694885254,0.5798523426055908
753,lejepa,gradcam,predicted,backbone.layer3,1,1,1,0.897713840007782,0.2936452627182007,0.5956795513629913
754,lejepa,gradcam,predicted,backbone.layer3,2,2,2,-0.06858953088521957,0.27316564321517944,0.10228805616497993
755,lejepa,gradcam,predicted,backbone.layer3,2,2,2,0.9242258071899414,0.43903663754463196,0.6816312223672867
756,lejepa,gradcam,predicted,backbone.layer3,6,6,6,0.5010378956794739,0.47720372676849365,0.48912081122398376
757,lejepa,gradcam,predicted,backbone.layer3,8,8,8,-0.2270272970199585,0.13082797825336456,-0.04809965938329697
758,lejepa,gradcam,predicted,backbone.layer3,2,2,2,0.5084241628646851,0.3729182481765747,0.4406712055206299
759,lejepa,gradcam,predicted,backbone.layer3,1,1,1,0.4905235171318054,0.42510101199150085,0.45781226456165314
760,lejepa,gradcam,predicted,backbone.layer3,3,3,3,0.3565250635147095,0.2399786114692688,0.29825183749198914
761,lejepa,gradcam,predicted,backbone.layer3,6,5,5,0.8480055332183838,0.3592064082622528,0.6036059707403183
762,lejepa,gradcam,predicted,backbone.layer3,6,6,6,0.4241207242012024,0.5353139638900757,0.47971734404563904
763,lejepa,gradcam,predicted,backbone.layer3,0,0,0,-0.24883480370044708,0.3541468381881714,0.05265601724386215
764,lejepa,gradcam,predicted,backbone.layer3,1,9,9,0.5083752870559692,0.42908674478530884,0.46873101592063904
765,lejepa,gradcam,predicted,backbone.layer3,2,2,2,0.564700186252594,0.2240925431251526,0.3943963646888733
766,lejepa,gradcam,predicted,backbone.layer3,7,0,0,0.23130521178245544,0.4765157103538513,0.3539104610681534
767,lejepa,gradcam,predicted,backbone.layer3,0,9,9,0.09891079366207123,0.3531075716018677,0.22600918263196945
704,lejepa,gradcam,predicted,backbone.layer4,7,7,7,0.41418153047561646,0.447352796792984,0.43076716363430023
705,lejepa,gradcam,predicted,backbone.layer4,4,6,6,0.1308436244726181,0.4091205298900604,0.26998207718133926
706,lejepa,gradcam,predicted,backbone.layer4,2,0,0,0.07683508843183517,0.47639000415802,0.2766125462949276
707,lejepa,gradcam,predicted,backbone.layer4,9,9,9,0.41794997453689575,0.5272833108901978,0.47261664271354675
708,lejepa,gradcam,predicted,backbone.layer4,8,8,8,0.41794896125793457,0.5051103234291077,0.4615296423435211
709,lejepa,gradcam,predicted,backbone.layer4,8,8,8,0.5515100955963135,0.5897517800331116,0.5706309378147125
710,lejepa,gradcam,predicted,backbone.layer4,6,5,5,0.8013198375701904,0.5914209485054016,0.696370393037796
711,lejepa,gradcam,predicted,backbone.layer4,8,2,2,0.6201858520507812,0.4940207898616791,0.5571033209562302
712,lejepa,gradcam,predicted,backbone.layer4,8,8,8,0.5746417045593262,0.6549938917160034,0.6148177981376648
713,lejepa,gradcam,predicted,backbone.layer4,7,6,6,0.7354598045349121,0.6436671614646912,0.6895634829998016
714,lejepa,gradcam,predicted,backbone.layer4,4,2,2,0.613128662109375,0.6360226273536682,0.6245756447315216
715,lejepa,gradcam,predicted,backbone.layer4,3,6,6,-0.13594044744968414,0.40405935049057007,0.13405945152044296
716,lejepa,gradcam,predicted,backbone.layer4,3,3,3,0.753315269947052,0.6815687417984009,0.7174420058727264
717,lejepa,gradcam,predicted,backbone.layer4,8,8,8,0.8365430235862732,0.548507034778595,0.6925250291824341
718,lejepa,gradcam,predicted,backbone.layer4,4,2,2,0.2687920033931732,0.5025478005409241,0.38566990196704865
719,lejepa,gradcam,predicted,backbone.layer4,9,9,9,0.3210088014602661,0.4661427438259125,0.3935757726430893
720,lejepa,gradcam,predicted,backbone.layer4,4,4,4,0.3279322385787964,0.39397993683815,0.3609560877084732
721,lejepa,gradcam,predicted,backbone.layer4,8,8,8,0.5777338743209839,0.6045291423797607,0.5911315083503723
722,lejepa,gradcam,predicted,backbone.layer4,8,8,8,0.6440634727478027,0.601826548576355,0.6229450106620789
723,lejepa,gradcam,predicted,backbone.layer4,1,1,1,0.5764434933662415,0.48983675241470337,0.5331401228904724
724,lejepa,gradcam,predicted,backbone.layer4,8,8,8,0.26512134075164795,0.46379804611206055,0.36445969343185425
725,lejepa,gradcam,predicted,backbone.layer4,2,2,2,0.3026351034641266,0.5441275835037231,0.42338134348392487
726,lejepa,gradcam,predicted,backbone.layer4,1,1,1,0.39115700125694275,0.5155518651008606,0.4533544331789017
727,lejepa,gradcam,predicted,backbone.layer4,3,3,3,-0.15307821333408356,0.45797839760780334,0.1524500921368599
728,lejepa,gradcam,predicted,backbone.layer4,6,4,4,0.043810416013002396,0.41379514336586,0.2288027796894312
729,lejepa,gradcam,predicted,backbone.layer4,5,5,5,0.5979111194610596,0.5749626159667969,0.5864368677139282
730,lejepa,gradcam,predicted,backbone.layer4,4,4,4,0.5919984579086304,0.5541366338729858,0.5730675458908081
731,lejepa,gradcam,predicted,backbone.layer4,2,0,0,0.4985849857330322,0.6439743041992188,0.5712796449661255
732,lejepa,gradcam,predicted,backbone.layer4,7,7,7,0.6697364449501038,0.4938035309314728,0.5817699879407883
733,lejepa,gradcam,predicted,backbone.layer4,9,9,9,0.4385293424129486,0.5903702974319458,0.5144498199224472
734,lejepa,gradcam,predicted,backbone.layer4,9,8,8,0.45759597420692444,0.5538958311080933,0.5057459026575089
735,lejepa,gradcam,predicted,backbone.layer4,4,2,2,0.02757764421403408,0.5116649866104126,0.26962131541222334
736,lejepa,gradcam,predicted,backbone.layer4,1,1,1,0.5598055124282837,0.5190584659576416,0.5394319891929626
737,lejepa,gradcam,predicted,backbone.layer4,4,0,0,0.1645895540714264,0.49289295077323914,0.32874125242233276
738,lejepa,gradcam,predicted,backbone.layer4,1,1,1,0.7323623895645142,0.5715914368629456,0.6519769132137299
739,lejepa,gradcam,predicted,backbone.layer4,3,3,3,0.5332383513450623,0.570204496383667,0.5517214238643646
740,lejepa,gradcam,predicted,backbone.layer4,2,3,3,0.2767285704612732,0.46421709656715393,0.37047283351421356
741,lejepa,gradcam,predicted,backbone.layer4,7,7,7,0.5128526091575623,0.48481249809265137,0.4988325536251068
742,lejepa,gradcam,predicted,backbone.layer4,0,0,0,0.5977567434310913,0.4920938313007355,0.5449252873659134
743,lejepa,gradcam,predicted,backbone.layer4,7,7,7,0.7628264427185059,0.5939487814903259,0.6783876121044159
744,lejepa,gradcam,predicted,backbone.layer4,9,0,0,0.390736848115921,0.5339435338973999,0.46234019100666046
745,lejepa,gradcam,predicted,backbone.layer4,7,7,7,0.5666409134864807,0.5706331133842468,0.5686370134353638
746,lejepa,gradcam,predicted,backbone.layer4,6,2,2,0.6779626607894897,0.5490474104881287,0.6135050356388092
747,lejepa,gradcam,predicted,backbone.layer4,6,6,6,0.5169751048088074,0.6398286819458008,0.5784018933773041
748,lejepa,gradcam,predicted,backbone.layer4,2,2,2,0.718590497970581,0.6961771249771118,0.7073838114738464
749,lejepa,gradcam,predicted,backbone.layer4,5,5,5,0.5388685464859009,0.5540307760238647,0.5464496612548828
750,lejepa,gradcam,predicted,backbone.layer4,9,9,9,0.5165397524833679,0.5160977244377136,0.5163187384605408
751,lejepa,gradcam,predicted,backbone.layer4,2,0,0,0.42305120825767517,0.6497065424919128,0.536378875374794
752,lejepa,gradcam,predicted,backbone.layer4,9,9,9,0.6412367224693298,0.6225733160972595,0.6319050192832947
753,lejepa,gradcam,predicted,backbone.layer4,1,1,1,0.7382251024246216,0.6348555684089661,0.6865403354167938
754,lejepa,gradcam,predicted,backbone.layer4,2,2,2,0.5875368714332581,0.6134288907051086,0.6004828810691833
755,lejepa,gradcam,predicted,backbone.layer4,2,2,2,0.20935329794883728,0.5184147357940674,0.36388401687145233
756,lejepa,gradcam,predicted,backbone.layer4,6,6,6,0.5048767328262329,0.5602050423622131,0.532540887594223
757,lejepa,gradcam,predicted,backbone.layer4,8,8,8,-0.006025605835020542,0.513933002948761,0.2539536985568702
758,lejepa,gradcam,predicted,backbone.layer4,2,2,2,-0.062184788286685944,0.5042673349380493,0.2210412733256817
759,lejepa,gradcam,predicted,backbone.layer4,1,1,1,0.7151424884796143,0.6069858074188232,0.6610641479492188
760,lejepa,gradcam,predicted,backbone.layer4,3,3,3,0.4084285497665405,0.5477299690246582,0.47807925939559937
761,lejepa,gradcam,predicted,backbone.layer4,6,5,5,0.6433292627334595,0.5271578431129456,0.5852435529232025
762,lejepa,gradcam,predicted,backbone.layer4,6,6,6,0.4909448027610779,0.5778899192810059,0.5344173610210419
763,lejepa,gradcam,predicted,backbone.layer4,0,0,0,0.5197522044181824,0.4746759235858917,0.49721406400203705
764,lejepa,gradcam,predicted,backbone.layer4,1,9,9,0.35081958770751953,0.43481412529945374,0.39281685650348663
765,lejepa,gradcam,predicted,backbone.layer4,2,2,2,0.4453509747982025,0.5252205729484558,0.48528577387332916
766,lejepa,gradcam,predicted,backbone.layer4,7,0,0,0.14813728630542755,0.4546685516834259,0.3014029189944267
767,lejepa,gradcam,predicted,backbone.layer4,0,9,9,0.6544703245162964,0.6377520561218262,0.6461111903190613
768,lejepa,gradcam,predicted,backbone.layer1,5,2,2,0.16576531529426575,0.3178417384624481,0.24180352687835693
769,lejepa,gradcam,predicted,backbone.layer1,4,4,4,0.33844345808029175,0.2605489492416382,0.29949620366096497
770,lejepa,gradcam,predicted,backbone.layer1,6,1,1,0.4446817934513092,0.32032811641693115,0.3825049549341202
771,lejepa,gradcam,predicted,backbone.layer1,1,1,1,0.4120745360851288,0.49723562598228455,0.45465508103370667
772,lejepa,gradcam,predicted,backbone.layer1,6,6,6,0.2827112078666687,0.47987261414527893,0.3812919110059738
773,lejepa,gradcam,predicted,backbone.layer1,4,6,6,-0.0042812111787498,0.42545437812805176,0.21058658347465098
774,lejepa,gradcam,predicted,backbone.layer1,0,0,0,0.5362269878387451,0.3925330936908722,0.46438004076480865
775,lejepa,gradcam,predicted,backbone.layer1,2,4,4,0.0390712209045887,0.24414768815040588,0.1416094545274973
776,lejepa,gradcam,predicted,backbone.layer1,2,2,2,0.06905689835548401,0.12600983679294586,0.09753336757421494
777,lejepa,gradcam,predicted,backbone.layer1,6,6,6,0.044515494257211685,0.4428838789463043,0.243699686601758
778,lejepa,gradcam,predicted,backbone.layer1,0,0,0,0.2687053680419922,0.1958846002817154,0.2322949841618538
779,lejepa,gradcam,predicted,backbone.layer1,5,6,6,0.4216354489326477,0.5296469926834106,0.4756412208080292
780,lejepa,gradcam,predicted,backbone.layer1,9,9,9,0.17155788838863373,0.31126338243484497,0.24141063541173935
781,lejepa,gradcam,predicted,backbone.layer1,1,1,1,0.31558775901794434,0.19938963651657104,0.2574886977672577
782,lejepa,gradcam,predicted,backbone.layer1,7,7,7,0.2333020120859146,0.20577307045459747,0.21953754127025604
783,lejepa,gradcam,predicted,backbone.layer1,6,6,6,0.5794865489006042,0.5819495916366577,0.580718070268631
784,lejepa,gradcam,predicted,backbone.layer1,7,7,7,-0.0671759843826294,0.030479710549116135,-0.01834813691675663
785,lejepa,gradcam,predicted,backbone.layer1,0,0,0,0.00415380671620369,0.06973075121641159,0.03694227896630764
786,lejepa,gradcam,predicted,backbone.layer1,3,3,3,0.2927548289299011,0.3775126338005066,0.33513373136520386
787,lejepa,gradcam,predicted,backbone.layer1,9,9,9,-0.12789374589920044,0.16769468784332275,0.019900470972061157
788,lejepa,gradcam,predicted,backbone.layer1,6,4,4,-0.12168285250663757,0.044423654675483704,-0.038629598915576935
789,lejepa,gradcam,predicted,backbone.layer1,8,8,8,0.2804451882839203,0.2901364862918854,0.28529083728790283
790,lejepa,gradcam,predicted,backbone.layer1,3,0,0,-0.08535930514335632,0.261680006980896,0.08816035091876984
791,lejepa,gradcam,predicted,backbone.layer1,0,0,0,0.5162505507469177,0.24872943758964539,0.38248999416828156
792,lejepa,gradcam,predicted,backbone.layer1,3,2,2,0.4806957244873047,0.23576292395591736,0.358229324221611
793,lejepa,gradcam,predicted,backbone.layer1,4,7,7,0.005130284000188112,0.045056961476802826,0.02509362273849547
794,lejepa,gradcam,predicted,backbone.layer1,7,4,4,0.3768068253993988,0.3425881862640381,0.35969750583171844
795,lejepa,gradcam,predicted,backbone.layer1,7,7,7,0.27424272894859314,0.3317597508430481,0.3030012398958206
796,lejepa,gradcam,predicted,backbone.layer1,1,9,9,0.15365070104599,0.10791576653718948,0.13078323379158974
797,lejepa,gradcam,predicted,backbone.layer1,4,4,4,-0.03743201494216919,0.2801613211631775,0.12136465311050415
798,lejepa,gradcam,predicted,backbone.layer1,7,2,2,-0.008958317339420319,0.13367235660552979,0.06235701963305473
799,lejepa,gradcam,predicted,backbone.layer1,2,2,2,0.17543095350265503,0.2583910822868347,0.21691101789474487
800,lejepa,gradcam,predicted,backbone.layer1,7,7,7,0.6191154718399048,0.33103111386299133,0.47507329285144806
801,lejepa,gradcam,predicted,backbone.layer1,1,1,1,0.30982404947280884,0.3053373098373413,0.3075806796550751
802,lejepa,gradcam,predicted,backbone.layer1,4,2,2,-0.028478125110268593,0.03913396596908569,0.00532792042940855
803,lejepa,gradcam,predicted,backbone.layer1,7,7,7,0.005005804821848869,0.05176876112818718,0.028387282975018024
804,lejepa,gradcam,predicted,backbone.layer1,4,4,4,-0.0003348184982314706,0.28598830103874207,0.1428267412702553
805,lejepa,gradcam,predicted,backbone.layer1,4,4,4,-0.14754873514175415,0.04432925581932068,-0.051609739661216736
806,lejepa,gradcam,predicted,backbone.layer1,8,8,8,0.3642578721046448,0.374690443277359,0.3694741576910019
807,lejepa,gradcam,predicted,backbone.layer1,4,4,4,0.10992631316184998,0.16275401413440704,0.1363401636481285
808,lejepa,gradcam,predicted,backbone.layer1,7,7,7,-0.14152298867702484,0.20499272644519806,0.03173486888408661
809,lejepa,gradcam,predicted,backbone.layer1,7,7,7,0.4063686728477478,0.3758445978164673,0.39110663533210754
810,lejepa,gradcam,predicted,backbone.layer1,5,3,3,0.5844515562057495,0.289765864610672,0.43710871040821075
811,lejepa,gradcam,predicted,backbone.layer1,3,5,5,0.48532429337501526,0.3221946060657501,0.4037594497203827
812,lejepa,gradcam,predicted,backbone.layer1,7,7,7,-0.036791104823350906,0.018303733319044113,-0.009243685752153397
813,lejepa,gradcam,predicted,backbone.layer1,2,2,2,0.24473613500595093,0.16663512587547302,0.20568563044071198
814,lejepa,gradcam,predicted,backbone.layer1,0,9,9,-0.09684555977582932,0.1407792717218399,0.021966855973005295
815,lejepa,gradcam,predicted,backbone.layer1,8,8,8,0.7087199687957764,0.551267147064209,0.6299935579299927
816,lejepa,gradcam,predicted,backbone.layer1,9,9,9,0.21153855323791504,0.2771702706813812,0.24435441195964813
817,lejepa,gradcam,predicted,backbone.layer1,5,5,5,0.015614710748195648,0.19947944581508636,0.107547078281641
818,lejepa,gradcam,predicted,backbone.layer1,8,1,1,0.27980664372444153,0.2832803428173065,0.281543493270874
819,lejepa,gradcam,predicted,backbone.layer1,3,1,1,0.2207135111093521,0.25994938611984253,0.24033144861459732
820,lejepa,gradcam,predicted,backbone.layer1,6,6,6,0.35685551166534424,0.5163326263427734,0.43659406900405884
821,lejepa,gradcam,predicted,backbone.layer1,2,2,2,0.5317294001579285,0.38919511437416077,0.4604622572660446
822,lejepa,gradcam,predicted,backbone.layer1,0,0,0,0.5834548473358154,0.3193531632423401,0.45140400528907776
823,lejepa,gradcam,predicted,backbone.layer1,8,8,8,-0.0708414763212204,0.20590701699256897,0.06753277033567429
824,lejepa,gradcam,predicted,backbone.layer1,7,7,7,-0.06442349404096603,0.05435769632458687,-0.005032898858189583
825,lejepa,gradcam,predicted,backbone.layer1,3,6,6,0.3699798285961151,0.3656133711338043,0.3677965998649597
826,lejepa,gradcam,predicted,backbone.layer1,7,7,7,0.20946629345417023,0.15565674006938934,0.18256151676177979
827,lejepa,gradcam,predicted,backbone.layer1,6,6,6,0.1062217652797699,0.42051851749420166,0.2633701413869858
828,lejepa,gradcam,predicted,backbone.layer1,5,5,5,0.38032951951026917,0.14099085330963135,0.26066018640995026
829,lejepa,gradcam,predicted,backbone.layer1,3,3,3,0.5608170032501221,0.37575843930244446,0.46828772127628326
830,lejepa,gradcam,predicted,backbone.layer1,1,1,1,0.4360695779323578,0.509721577167511,0.4728955775499344
831,lejepa,gradcam,predicted,backbone.layer1,3,2,2,-0.0661320611834526,0.2604093551635742,0.0971386469900608
768,lejepa,gradcam,predicted,backbone.layer2,5,2,2,-0.15429866313934326,0.26599133014678955,0.055846333503723145
769,lejepa,gradcam,predicted,backbone.layer2,4,4,4,-0.025744976475834846,0.14881542325019836,0.06153522338718176
770,lejepa,gradcam,predicted,backbone.layer2,6,1,1,0.4052582085132599,0.15015482902526855,0.2777065187692642
771,lejepa,gradcam,predicted,backbone.layer2,1,1,1,-0.028987348079681396,0.4447791278362274,0.207895889878273
772,lejepa,gradcam,predicted,backbone.layer2,6,6,6,-0.22824235260486603,0.26114416122436523,0.016450904309749603
773,lejepa,gradcam,predicted,backbone.layer2,4,6,6,-0.07436558604240417,0.2439262717962265,0.08478034287691116
774,lejepa,gradcam,predicted,backbone.layer2,0,0,0,0.1233823150396347,0.18333250284194946,0.15335740894079208
775,lejepa,gradcam,predicted,backbone.layer2,2,4,4,0.3600862920284271,0.4130447506904602,0.38656552135944366
776,lejepa,gradcam,predicted,backbone.layer2,2,2,2,-0.014466493390500546,0.3231715261936188,0.15435251640155911
777,lejepa,gradcam,predicted,backbone.layer2,6,6,6,0.06369906663894653,0.33645519614219666,0.2000771313905716
778,lejepa,gradcam,predicted,backbone.layer2,0,0,0,0.15277786552906036,0.4577544629573822,0.3052661642432213
779,lejepa,gradcam,predicted,backbone.layer2,5,6,6,-0.10414114594459534,0.26397135853767395,0.0799151062965393
780,lejepa,gradcam,predicted,backbone.layer2,9,9,9,-0.2298468053340912,0.365312397480011,0.0677327960729599
781,lejepa,gradcam,predicted,backbone.layer2,1,1,1,-0.024454234167933464,0.3930954039096832,0.18432058487087488
782,lejepa,gradcam,predicted,backbone.layer2,7,7,7,0.46657055616378784,0.5052278637886047,0.4858992099761963
783,lejepa,gradcam,predicted,backbone.layer2,6,6,6,-0.17423975467681885,0.17823264002799988,0.001996442675590515
784,lejepa,gradcam,predicted,backbone.layer2,7,7,7,0.6573097109794617,0.4460909962654114,0.5517003536224365
785,lejepa,gradcam,predicted,backbone.layer2,0,0,0,0.2621491253376007,0.23565471172332764,0.24890191853046417
786,lejepa,gradcam,predicted,backbone.layer2,3,3,3,-0.15313062071800232,0.09959794580936432,-0.026766337454319
787,lejepa,gradcam,predicted,backbone.layer2,9,9,9,-0.14526177942752838,0.22044216096401215,0.03759019076824188
788,lejepa,gradcam,predicted,backbone.layer2,6,4,4,-0.044444065541028976,0.31281396746635437,0.1341849509626627
789,lejepa,gradcam,predicted,backbone.layer2,8,8,8,0.02254173718392849,0.11273486912250519,0.06763830315321684
790,lejepa,gradcam,predicted,backbone.layer2,3,0,0,0.11430045962333679,0.39071419835090637,0.2525073289871216
791,lejepa,gradcam,predicted,backbone.layer2,0,0,0,0.13166546821594238,0.32864001393318176,0.23015274107456207
792,lejepa,gradcam,predicted,backbone.layer2,3,2,2,0.02666906826198101,0.2907553017139435,0.15871218498796225
793,lejepa,gradcam,predicted,backbone.layer2,4,7,7,0.37543967366218567,0.4705849885940552,0.4230123311281204
794,lejepa,gradcam,predicted,backbone.layer2,7,4,4,0.002101762453094125,0.13395585119724274,0.06802880682516843
795,lejepa,gradcam,predicted,backbone.layer2,7,7,7,0.18073128163814545,0.34279200434684753,0.2617616429924965
796,lejepa,gradcam,predicted,backbone.layer2,1,9,9,0.1644674688577652,0.39282724261283875,0.27864735573530197
797,lejepa,gradcam,predicted,backbone.layer2,4,4,4,-0.17444811761379242,0.2578693926334381,0.041710637509822845
798,lejepa,gradcam,predicted,backbone.layer2,7,2,2,-0.20927070081233978,0.27337557077407837,0.03205243498086929
799,lejepa,gradcam,predicted,backbone.layer2,2,2,2,0.07185905426740646,0.39636752009391785,0.23411328718066216
800,lejepa,gradcam,predicted,backbone.layer2,7,7,7,0.2058742791414261,0.3758235573768616,0.29084891825914383
801,lejepa,gradcam,predicted,backbone.layer2,1,1,1,0.15701359510421753,0.2979266345500946,0.22747011482715607
802,lejepa,gradcam,predicted,backbone.layer2,4,2,2,-0.24812376499176025,0.437333345413208,0.09460479021072388
803,lejepa,gradcam,predicted,backbone.layer2,7,7,7,-0.10157689452171326,0.4653843641281128,0.18190373480319977
804,lejepa,gradcam,predicted,backbone.layer2,4,4,4,-0.060593489557504654,0.2655033767223358,0.10245494358241558
805,lejepa,gradcam,predicted,backbone.layer2,4,4,4,0.10826600342988968,0.38311025500297546,0.24568812921643257
806,lejepa,gradcam,predicted,backbone.layer2,8,8,8,0.19003358483314514,0.40931203961372375,0.29967281222343445
807,lejepa,gradcam,predicted,backbone.layer2,4,4,4,0.1598934680223465,0.29120123386383057,0.22554735094308853
808,lejepa,gradcam,predicted,backbone.layer2,7,7,7,0.17801184952259064,0.17214296758174896,0.1750774085521698
809,lejepa,gradcam,predicted,backbone.layer2,7,7,7,-0.2627691626548767,0.3222319185733795,0.029731377959251404
810,lejepa,gradcam,predicted,backbone.layer2,5,3,3,-0.19242149591445923,0.5048243999481201,0.15620145201683044
811,lejepa,gradcam,predicted,backbone.layer2,3,5,5,0.059708524495363235,0.3358663022518158,0.19778741337358952
812,lejepa,gradcam,predicted,backbone.layer2,7,7,7,-0.038705360144376755,0.33436211943626404,0.14782837964594364
813,lejepa,gradcam,predicted,backbone.layer2,2,2,2,-0.05563262477517128,0.33859387040138245,0.14148062281310558
814,lejepa,gradcam,predicted,backbone.layer2,0,9,9,-0.00851370394229889,0.3488461375236511,0.17016621679067612
815,lejepa,gradcam,predicted,backbone.layer2,8,8,8,0.1806269884109497,0.08093471080064774,0.13078084960579872
816,lejepa,gradcam,predicted,backbone.layer2,9,9,9,-0.1835891455411911,0.22759436070919037,0.022002607583999634
817,lejepa,gradcam,predicted,backbone.layer2,5,5,5,0.31478118896484375,0.2873821258544922,0.30108165740966797
818,lejepa,gradcam,predicted,backbone.layer2,8,1,1,0.34546369314193726,0.36030641198158264,0.35288505256175995
819,lejepa,gradcam,predicted,backbone.layer2,3,1,1,0.513092577457428,0.43088164925575256,0.47198711335659027
820,lejepa,gradcam,predicted,backbone.layer2,6,6,6,-0.2532668709754944,0.14402027428150177,-0.05462329834699631
821,lejepa,gradcam,predicted,backbone.layer2,2,2,2,-0.1552063375711441,0.13580401241779327,-0.009701162576675415
822,lejepa,gradcam,predicted,backbone.layer2,0,0,0,0.10189835727214813,0.323208212852478,0.21255328506231308
823,lejepa,gradcam,predicted,backbone.layer2,8,8,8,0.4639088809490204,0.4973125457763672,0.4806107133626938
824,lejepa,gradcam,predicted,backbone.layer2,7,7,7,0.06656929105520248,0.4662865400314331,0.2664279155433178
825,lejepa,gradcam,predicted,backbone.layer2,3,6,6,0.03798075392842293,0.1755155771970749,0.10674816556274891
826,lejepa,gradcam,predicted,backbone.layer2,7,7,7,0.22604455053806305,0.3175431787967682,0.2717938646674156
827,lejepa,gradcam,predicted,backbone.layer2,6,6,6,0.04407379403710365,0.3375034034252167,0.19078859873116016
828,lejepa,gradcam,predicted,backbone.layer2,5,5,5,0.05219990760087967,0.3529064357280731,0.2025531716644764
829,lejepa,gradcam,predicted,backbone.layer2,3,3,3,0.05894121900200844,0.43065276741981506,0.24479699321091175
830,lejepa,gradcam,predicted,backbone.layer2,1,1,1,-0.13376344740390778,0.36067721247673035,0.11345688253641129
831,lejepa,gradcam,predicted,backbone.layer2,3,2,2,-0.009144571609795094,0.25041794776916504,0.12063668807968497
768,lejepa,gradcam,predicted,backbone.layer3,5,2,2,-0.20465849339962006,0.31147709488868713,0.05340930074453354
769,lejepa,gradcam,predicted,backbone.layer3,4,4,4,0.04063381999731064,0.3251473605632782,0.18289059028029442
770,lejepa,gradcam,predicted,backbone.layer3,6,1,1,0.7714241147041321,0.41970527172088623,0.5955646932125092
771,lejepa,gradcam,predicted,backbone.layer3,1,1,1,0.6654728651046753,0.39783400297164917,0.5316534340381622
772,lejepa,gradcam,predicted,backbone.layer3,6,6,6,-0.02878383919596672,0.47365280985832214,0.2224344853311777
773,lejepa,gradcam,predicted,backbone.layer3,4,6,6,-0.46498557925224304,0.27651679515838623,-0.0942343920469284
774,lejepa,gradcam,predicted,backbone.layer3,0,0,0,0.19139839708805084,0.3892936408519745,0.29034601897001266
775,lejepa,gradcam,predicted,backbone.layer3,2,4,4,-0.32155507802963257,0.31259939074516296,-0.004477843642234802
776,lejepa,gradcam,predicted,backbone.layer3,2,2,2,-0.2589307129383087,0.22303631901741028,-0.01794719696044922
777,lejepa,gradcam,predicted,backbone.layer3,6,6,6,0.6554313898086548,0.5780137181282043,0.6167225539684296
778,lejepa,gradcam,predicted,backbone.layer3,0,0,0,-0.38403579592704773,0.3571633994579315,-0.013436198234558105
779,lejepa,gradcam,predicted,backbone.layer3,5,6,6,-0.3118544816970825,0.4286946952342987,0.05842010676860809
780,lejepa,gradcam,predicted,backbone.layer3,9,9,9,0.8128014802932739,0.44202274084091187,0.6274121105670929
781,lejepa,gradcam,predicted,backbone.layer3,1,1,1,0.5957476496696472,0.4538699686527252,0.5248088091611862
782,lejepa,gradcam,predicted,backbone.layer3,7,7,7,0.30065199732780457,0.44748443365097046,0.3740682154893875
783,lejepa,gradcam,predicted,backbone.layer3,6,6,6,0.1484530121088028,0.4232010841369629,0.28582704812288284
784,lejepa,gradcam,predicted,backbone.layer3,7,7,7,0.1809338629245758,0.27674248814582825,0.22883817553520203
785,lejepa,gradcam,predicted,backbone.layer3,0,0,0,-0.0927853062748909,0.37947672605514526,0.14334570989012718
786,lejepa,gradcam,predicted,backbone.layer3,3,3,3,-0.24402427673339844,0.33761605620384216,0.04679588973522186
787,lejepa,gradcam,predicted,backbone.layer3,9,9,9,0.7271761298179626,0.36695027351379395,0.5470632016658783
788,lejepa,gradcam,predicted,backbone.layer3,6,4,4,-0.46632903814315796,0.30369263887405396,-0.081318199634552
789,lejepa,gradcam,predicted,backbone.layer3,8,8,8,0.019511135295033455,0.41542190313339233,0.2174665192142129
790,lejepa,gradcam,predicted,backbone.layer3,3,0,0,-0.03275900334119797,0.36484065651893616,0.1660408265888691
791,lejepa,gradcam,predicted,backbone.layer3,0,0,0,-0.3016539216041565,0.42160943150520325,0.059977754950523376
792,lejepa,gradcam,predicted,backbone.layer3,3,2,2,-0.11022316664457321,0.3595186471939087,0.12464774027466774
793,lejepa,gradcam,predicted,backbone.layer3,4,7,7,0.8947140574455261,0.5299887657165527,0.7123514115810394
794,lejepa,gradcam,predicted,backbone.layer3,7,4,4,-0.013976244255900383,0.3864588141441345,0.18624128494411707
795,lejepa,gradcam,predicted,backbone.layer3,7,7,7,0.8807430267333984,0.39093562960624695,0.6358393281698227
796,lejepa,gradcam,predicted,backbone.layer3,1,9,9,0.8594896793365479,0.38326120376586914,0.6213754415512085
797,lejepa,gradcam,predicted,backbone.layer3,4,4,4,-0.4409790337085724,0.3765367269515991,-0.03222115337848663
798,lejepa,gradcam,predicted,backbone.layer3,7,2,2,-0.19770166277885437,0.16466990113258362,-0.016515880823135376
799,lejepa,gradcam,predicted,backbone.layer3,2,2,2,-0.4654983580112457,0.3378158509731293,-0.06384125351905823
800,lejepa,gradcam,predicted,backbone.layer3,7,7,7,0.5107198357582092,0.5307159423828125,0.5207178890705109
801,lejepa,gradcam,predicted,backbone.layer3,1,1,1,0.8318350911140442,0.3220788240432739,0.5769569575786591
802,lejepa,gradcam,predicted,backbone.layer3,4,2,2,-0.36519116163253784,0.2856675684452057,-0.03976179659366608
803,lejepa,gradcam,predicted,backbone.layer3,7,7,7,0.35390639305114746,0.4768662750720978,0.4153863340616226
804,lejepa,gradcam,predicted,backbone.layer3,4,4,4,-0.3781857192516327,0.3230971097946167,-0.027544304728507996
805,lejepa,gradcam,predicted,backbone.layer3,4,4,4,-0.11241130530834198,0.3271457254886627,0.10736721009016037
806,lejepa,gradcam,predicted,backbone.layer3,8,8,8,0.24377883970737457,0.3298758864402771,0.28682736307382584
807,lejepa,gradcam,predicted,backbone.layer3,4,4,4,0.0018686939729377627,0.19352847337722778,0.09769858367508277
808,lejepa,gradcam,predicted,backbone.layer3,7,7,7,0.4393402636051178,0.2828301191329956,0.3610851913690567
809,lejepa,gradcam,predicted,backbone.layer3,7,7,7,0.5050733685493469,0.414741575717926,0.4599074721336365
810,lejepa,gradcam,predicted,backbone.layer3,5,3,3,-0.4087371826171875,0.2973892092704773,-0.0556739866733551
811,lejepa,gradcam,predicted,backbone.layer3,3,5,5,0.5578213334083557,0.3948446214199066,0.47633297741413116
812,lejepa,gradcam,predicted,backbone.layer3,7,7,7,0.5953072309494019,0.5017803311347961,0.548543781042099
813,lejepa,gradcam,predicted,backbone.layer3,2,2,2,0.5736877918243408,0.4152086079120636,0.4944481998682022
814,lejepa,gradcam,predicted,backbone.layer3,0,9,9,-0.0248959269374609,0.23949313163757324,0.10729860235005617
815,lejepa,gradcam,predicted,backbone.layer3,8,8,8,-0.11173351854085922,0.4183118939399719,0.15328918769955635
816,lejepa,gradcam,predicted,backbone.layer3,9,9,9,0.28731873631477356,0.23797059059143066,0.2626446634531021
817,lejepa,gradcam,predicted,backbone.layer3,5,5,5,-0.16128723323345184,0.4192458987236023,0.12897933274507523
818,lejepa,gradcam,predicted,backbone.layer3,8,1,1,0.38923680782318115,0.3559838831424713,0.37261034548282623
819,lejepa,gradcam,predicted,backbone.layer3,3,1,1,-0.26544246077537537,0.19001244008541107,-0.03771501034498215
820,lejepa,gradcam,predicted,backbone.layer3,6,6,6,-0.04725704342126846,0.28342100977897644,0.11808198317885399
821,lejepa,gradcam,predicted,backbone.layer3,2,2,2,-0.06592442095279694,0.3355465829372406,0.13481108099222183
822,lejepa,gradcam,predicted,backbone.layer3,0,0,0,0.225077822804451,0.46083423495292664,0.3429560288786888
823,lejepa,gradcam,predicted,backbone.layer3,8,8,8,-0.3014376163482666,0.31904077529907227,0.008801579475402832
824,lejepa,gradcam,predicted,backbone.layer3,7,7,7,-0.2960483133792877,0.30995050072669983,0.006951093673706055
825,lejepa,gradcam,predicted,backbone.layer3,3,6,6,0.906592607498169,0.45509862899780273,0.6808456182479858
826,lejepa,gradcam,predicted,backbone.layer3,7,7,7,0.6824654340744019,0.446433424949646,0.5644494295120239
827,lejepa,gradcam,predicted,backbone.layer3,6,6,6,0.017608247697353363,0.3350238502025604,0.1763160489499569
828,lejepa,gradcam,predicted,backbone.layer3,5,5,5,0.866901159286499,0.31964945793151855,0.5932753086090088
829,lejepa,gradcam,predicted,backbone.layer3,3,3,3,0.6509578227996826,0.528773307800293,0.5898655652999878
830,lejepa,gradcam,predicted,backbone.layer3,1,1,1,0.17509065568447113,0.3328437805175781,0.2539672181010246
831,lejepa,gradcam,predicted,backbone.layer3,3,2,2,-0.3784469664096832,0.403573215007782,0.012563124299049377
768,lejepa,gradcam,predicted,backbone.layer4,5,2,2,0.2821582853794098,0.5805977582931519,0.4313780218362808
769,lejepa,gradcam,predicted,backbone.layer4,4,4,4,0.3716496527194977,0.45938003063201904,0.41551484167575836
770,lejepa,gradcam,predicted,backbone.layer4,6,1,1,0.6701409220695496,0.4794035851955414,0.5747722536325455
771,lejepa,gradcam,predicted,backbone.layer4,1,1,1,0.6317723393440247,0.5953384637832642,0.6135554015636444
772,lejepa,gradcam,predicted,backbone.layer4,6,6,6,0.6491941809654236,0.5617260336875916,0.6054601073265076
773,lejepa,gradcam,predicted,backbone.layer4,4,6,6,0.29471516609191895,0.5339789390563965,0.4143470525741577
774,lejepa,gradcam,predicted,backbone.layer4,0,0,0,0.22881081700325012,0.5095651149749756,0.36918796598911285
775,lejepa,gradcam,predicted,backbone.layer4,2,4,4,0.30003657937049866,0.5390121936798096,0.4195243865251541
776,lejepa,gradcam,predicted,backbone.layer4,2,2,2,-0.07038655877113342,0.4361717700958252,0.1828926056623459
777,lejepa,gradcam,predicted,backbone.layer4,6,6,6,0.086312435567379,0.5224968194961548,0.3044046275317669
778,lejepa,gradcam,predicted,backbone.layer4,0,0,0,0.43712013959884644,0.6209844350814819,0.5290522873401642
779,lejepa,gradcam,predicted,backbone.layer4,5,6,6,0.16319431364536285,0.4251556992530823,0.29417500644922256
780,lejepa,gradcam,predicted,backbone.layer4,9,9,9,0.7013635039329529,0.6511630415916443,0.6762632727622986
781,lejepa,gradcam,predicted,backbone.layer4,1,1,1,0.681790828704834,0.5571282505989075,0.6194595396518707
782,lejepa,gradcam,predicted,backbone.layer4,7,7,7,0.7793794870376587,0.5781805515289307,0.6787800192832947
783,lejepa,gradcam,predicted,backbone.layer4,6,6,6,0.4598877429962158,0.6107416749000549,0.5353147089481354
784,lejepa,gradcam,predicted,backbone.layer4,7,7,7,0.4744792878627777,0.5022220611572266,0.48835067451000214
785,lejepa,gradcam,predicted,backbone.layer4,0,0,0,0.44325634837150574,0.5454007983207703,0.494328573346138
786,lejepa,gradcam,predicted,backbone.layer4,3,3,3,0.5465671420097351,0.573341429233551,0.5599542856216431
787,lejepa,gradcam,predicted,backbone.layer4,9,9,9,0.7639650106430054,0.557180643081665,0.6605728268623352
788,lejepa,gradcam,predicted,backbone.layer4,6,4,4,-0.027753764763474464,0.49283212423324585,0.2325391797348857
789,lejepa,gradcam,predicted,backbone.layer4,8,8,8,0.5987805724143982,0.6271673440933228,0.6129739582538605
790,lejepa,gradcam,predicted,backbone.layer4,3,0,0,0.12473992258310318,0.5302523374557495,0.32749613001942635
791,lejepa,gradcam,predicted,backbone.layer4,0,0,0,0.384476900100708,0.6123358011245728,0.4984063506126404
792,lejepa,gradcam,predicted,backbone.layer4,3,2,2,0.18749932944774628,0.42156484723091125,0.30453208833932877
793,lejepa,gradcam,predicted,backbone.layer4,4,7,7,0.31383708119392395,0.3875131607055664,0.3506751209497452
794,lejepa,gradcam,predicted,backbone.layer4,7,4,4,0.42557573318481445,0.5227593779563904,0.4741675555706024
795,lejepa,gradcam,predicted,backbone.layer4,7,7,7,0.8671369552612305,0.6185417771339417,0.7428393661975861
796,lejepa,gradcam,predicted,backbone.layer4,1,9,9,0.5119263529777527,0.4528636038303375,0.4823949784040451
797,lejepa,gradcam,predicted,backbone.layer4,4,4,4,-0.10050950944423676,0.44734248518943787,0.17341648787260056
798,lejepa,gradcam,predicted,backbone.layer4,7,2,2,0.4884321689605713,0.5426647067070007,0.515548437833786
799,lejepa,gradcam,predicted,backbone.layer4,2,2,2,0.307040810585022,0.6090118885040283,0.45802634954452515
800,lejepa,gradcam,predicted,backbone.layer4,7,7,7,0.7100681662559509,0.6144981384277344,0.6622831523418427
801,lejepa,gradcam,predicted,backbone.layer4,1,1,1,0.5571562647819519,0.4863418638706207,0.5217490643262863
802,lejepa,gradcam,predicted,backbone.layer4,4,2,2,0.2918550670146942,0.6032828688621521,0.44756896793842316
803,lejepa,gradcam,predicted,backbone.layer4,7,7,7,0.7906301617622375,0.5939192175865173,0.6922746896743774
804,lejepa,gradcam,predicted,backbone.layer4,4,4,4,0.38084712624549866,0.5532962679862976,0.46707169711589813
805,lejepa,gradcam,predicted,backbone.layer4,4,4,4,0.411693274974823,0.5209670066833496,0.4663301408290863
806,lejepa,gradcam,predicted,backbone.layer4,8,8,8,0.37883371114730835,0.5430917143821716,0.46096271276474
807,lejepa,gradcam,predicted,backbone.layer4,4,4,4,0.3024013638496399,0.5612119436264038,0.43180665373802185
808,lejepa,gradcam,predicted,backbone.layer4,7,7,7,0.4113706946372986,0.4917546510696411,0.45156267285346985
809,lejepa,gradcam,predicted,backbone.layer4,7,7,7,0.8382322192192078,0.656318187713623,0.7472752034664154
810,lejepa,gradcam,predicted,backbone.layer4,5,3,3,0.3050368130207062,0.566426694393158,0.43573175370693207
811,lejepa,gradcam,predicted,backbone.layer4,3,5,5,0.6819303035736084,0.6237204074859619,0.6528253555297852
812,lejepa,gradcam,predicted,backbone.layer4,7,7,7,0.5424094200134277,0.5042486190795898,0.5233290195465088
813,lejepa,gradcam,predicted,backbone.layer4,2,2,2,0.22910383343696594,0.4881000518798828,0.3586019426584244
814,lejepa,gradcam,predicted,backbone.layer4,0,9,9,0.4052903354167938,0.5178539752960205,0.46157215535640717
815,lejepa,gradcam,predicted,backbone.layer4,8,8,8,0.5338758230209351,0.6315082907676697,0.5826920568943024
816,lejepa,gradcam,predicted,backbone.layer4,9,9,9,0.7083132266998291,0.6280169486999512,0.6681650876998901
817,lejepa,gradcam,predicted,backbone.layer4,5,5,5,0.5826563835144043,0.572067379951477,0.5773618817329407
818,lejepa,gradcam,predicted,backbone.layer4,8,1,1,0.47735241055488586,0.49752965569496155,0.4874410331249237
819,lejepa,gradcam,predicted,backbone.layer4,3,1,1,0.1651085466146469,0.443402498960495,0.30425552278757095
820,lejepa,gradcam,predicted,backbone.layer4,6,6,6,0.5503990650177002,0.5695548057556152,0.5599769353866577
821,lejepa,gradcam,predicted,backbone.layer4,2,2,2,0.31179308891296387,0.5334147810935974,0.42260393500328064
822,lejepa,gradcam,predicted,backbone.layer4,0,0,0,0.6902315020561218,0.6263998746871948,0.6583156883716583
823,lejepa,gradcam,predicted,backbone.layer4,8,8,8,0.49946388602256775,0.5655269026756287,0.5324953943490982
824,lejepa,gradcam,predicted,backbone.layer4,7,7,7,0.6360071897506714,0.5991299748420715,0.6175685822963715
825,lejepa,gradcam,predicted,backbone.layer4,3,6,6,0.3521086573600769,0.5260047912597656,0.43905672430992126
826,lejepa,gradcam,predicted,backbone.layer4,7,7,7,0.17833735048770905,0.41243529319763184,0.29538632184267044
827,lejepa,gradcam,predicted,backbone.layer4,6,6,6,0.6760514378547668,0.6073450446128845,0.6416982412338257
828,lejepa,gradcam,predicted,backbone.layer4,5,5,5,0.600243866443634,0.5593598484992981,0.5798018574714661
829,lejepa,gradcam,predicted,backbone.layer4,3,3,3,0.4955455958843231,0.6102825999259949,0.552914097905159
830,lejepa,gradcam,predicted,backbone.layer4,1,1,1,0.16621364653110504,0.4650464951992035,0.31563007086515427
831,lejepa,gradcam,predicted,backbone.layer4,3,2,2,0.43587398529052734,0.6280367374420166,0.531955361366272
832,lejepa,gradcam,predicted,backbone.layer1,2,2,2,0.22520379722118378,0.37518176436424255,0.30019278079271317
833,lejepa,gradcam,predicted,backbone.layer1,2,4,4,0.5547534227371216,0.4478656053543091,0.5013095140457153
834,lejepa,gradcam,predicted,backbone.layer1,5,5,5,0.23241545259952545,0.15738604962825775,0.1949007511138916
835,lejepa,gradcam,predicted,backbone.layer1,4,4,4,0.32473301887512207,0.4738234579563141,0.3992782384157181
836,lejepa,gradcam,predicted,backbone.layer1,1,1,1,0.19082126021385193,0.09650468826293945,0.1436629742383957
837,lejepa,gradcam,predicted,backbone.layer1,2,2,2,0.32363373041152954,0.29895973205566406,0.3112967312335968
838,lejepa,gradcam,predicted,backbone.layer1,9,9,9,-0.09455463290214539,0.14590829610824585,0.025676831603050232
839,lejepa,gradcam,predicted,backbone.layer1,2,2,2,-0.04470670595765114,0.39027535915374756,0.1727843265980482
840,lejepa,gradcam,predicted,backbone.layer1,7,7,7,0.5979941487312317,0.3660942316055298,0.48204419016838074
841,lejepa,gradcam,predicted,backbone.layer1,0,8,8,0.13741378486156464,0.29005274176597595,0.2137332633137703
842,lejepa,gradcam,predicted,backbone.layer1,7,7,7,0.019786739721894264,0.08823935687541962,0.05401304829865694
843,lejepa,gradcam,predicted,backbone.layer1,2,2,2,0.390037477016449,0.41536545753479004,0.4027014672756195
844,lejepa,gradcam,predicted,backbone.layer1,1,4,4,0.488983154296875,0.3413834869861603,0.41518332064151764
845,lejepa,gradcam,predicted,backbone.layer1,3,3,3,0.0410652831196785,0.2700682580471039,0.1555667705833912
846,lejepa,gradcam,predicted,backbone.layer1,2,2,2,0.07043648511171341,0.12769237160682678,0.0990644283592701
847,lejepa,gradcam,predicted,backbone.layer1,0,0,0,0.3907812535762787,0.42556095123291016,0.4081711024045944
848,lejepa,gradcam,predicted,backbone.layer1,2,2,2,0.45391303300857544,0.33758488297462463,0.39574895799160004
849,lejepa,gradcam,predicted,backbone.layer1,4,4,4,0.023664340376853943,0.020617643371224403,0.022140991874039173
850,lejepa,gradcam,predicted,backbone.layer1,7,5,5,0.38788408041000366,0.49192366003990173,0.4399038702249527
851,lejepa,gradcam,predicted,backbone.layer1,9,1,1,0.3903931975364685,0.26746422052383423,0.32892870903015137
852,lejepa,gradcam,predicted,backbone.layer1,8,8,8,0.33996614813804626,0.23745408654212952,0.2887101173400879
853,lejepa,gradcam,predicted,backbone.layer1,9,1,1,0.4366593062877655,0.47376009821891785,0.4552097022533417
854,lejepa,gradcam,predicted,backbone.layer1,0,0,0,-0.1022539958357811,0.16769246757030487,0.03271923586726189
855,lejepa,gradcam,predicted,backbone.layer1,7,7,7,-0.0712595283985138,0.06323444843292236,-0.004012539982795715
856,lejepa,gradcam,predicted,backbone.layer1,7,7,7,0.0,0.0,0.0
857,lejepa,gradcam,predicted,backbone.layer1,0,0,0,0.7640641331672668,0.27153638005256653,0.5178002566099167
858,lejepa,gradcam,predicted,backbone.layer1,7,7,7,0.05719342082738876,0.17812572419643402,0.11765957251191139
859,lejepa,gradcam,predicted,backbone.layer1,8,8,8,0.11740104854106903,0.30822810530662537,0.2128145769238472
860,lejepa,gradcam,predicted,backbone.layer1,4,4,4,0.1020989641547203,0.31787675619125366,0.20998786017298698
861,lejepa,gradcam,predicted,backbone.layer1,6,6,6,-0.03161470219492912,0.38371267914772034,0.1760489884763956
862,lejepa,gradcam,predicted,backbone.layer1,3,6,6,0.06233745813369751,0.4380567669868469,0.2501971125602722
863,lejepa,gradcam,predicted,backbone.layer1,3,3,3,0.25568997859954834,0.26153990626335144,0.2586149424314499
864,lejepa,gradcam,predicted,backbone.layer1,0,0,0,0.8247946500778198,0.4010763168334961,0.612935483455658
865,lejepa,gradcam,predicted,backbone.layer1,1,1,1,0.3501908779144287,0.5564497113227844,0.45332029461860657
866,lejepa,gradcam,predicted,backbone.layer1,3,1,1,0.22009125351905823,0.22790701687335968,0.22399913519620895
867,lejepa,gradcam,predicted,backbone.layer1,7,7,7,0.19629834592342377,0.13346928358078003,0.1648838147521019
868,lejepa,gradcam,predicted,backbone.layer1,0,0,0,-0.07532862573862076,0.36641159653663635,0.1455414853990078
869,lejepa,gradcam,predicted,backbone.layer1,1,1,1,0.4210374355316162,0.41501709818840027,0.41802726686000824
870,lejepa,gradcam,predicted,backbone.layer1,3,3,3,0.017228782176971436,0.24935221672058105,0.13329049944877625
871,lejepa,gradcam,predicted,backbone.layer1,1,1,1,0.6988093852996826,0.6308395266532898,0.6648244559764862
872,lejepa,gradcam,predicted,backbone.layer1,4,4,4,0.2240409404039383,0.16085071861743927,0.19244582951068878
873,lejepa,gradcam,predicted,backbone.layer1,2,2,2,0.14995068311691284,0.23368500173091888,0.19181784242391586
874,lejepa,gradcam,predicted,backbone.layer1,3,3,3,0.4247127175331116,0.33038753271102905,0.3775501251220703
875,lejepa,gradcam,predicted,backbone.layer1,8,8,8,0.335073322057724,0.3809957504272461,0.35803453624248505
876,lejepa,gradcam,predicted,backbone.layer1,4,4,4,0.23136532306671143,0.2753656804561615,0.25336550176143646
877,lejepa,gradcam,predicted,backbone.layer1,2,2,2,-0.026203256100416183,0.05400804430246353,0.013902394101023674
878,lejepa,gradcam,predicted,backbone.layer1,3,2,2,0.5864146947860718,0.37611615657806396,0.48126542568206787
879,lejepa,gradcam,predicted,backbone.layer1,7,7,7,-0.009832009673118591,0.02628525160253048,0.008226620964705944
880,lejepa,gradcam,predicted,backbone.layer1,8,8,8,0.1893080472946167,0.1378323882818222,0.16357021778821945
881,lejepa,gradcam,predicted,backbone.layer1,4,4,4,0.18530578911304474,0.27394339442253113,0.22962459176778793
882,lejepa,gradcam,predicted,backbone.layer1,3,0,0,0.06943941116333008,0.1992403268814087,0.13433986902236938
883,lejepa,gradcam,predicted,backbone.layer1,0,0,0,-0.14030252397060394,0.24567343294620514,0.0526854544878006
884,lejepa,gradcam,predicted,backbone.layer1,9,1,1,0.3820335268974304,0.37398040294647217,0.3780069649219513
885,lejepa,gradcam,predicted,backbone.layer1,0,4,4,0.06987641751766205,0.19723986089229584,0.13355813920497894
886,lejepa,gradcam,predicted,backbone.layer1,0,0,0,-0.11517524719238281,0.19523575901985168,0.040030255913734436
887,lejepa,gradcam,predicted,backbone.layer1,1,6,6,0.45529288053512573,0.5761089324951172,0.5157009065151215
888,lejepa,gradcam,predicted,backbone.layer1,0,8,8,-0.00806259736418724,0.2019171118736267,0.09692725725471973
889,lejepa,gradcam,predicted,backbone.layer1,4,6,6,0.09222224354743958,0.39866822957992554,0.24544523656368256
890,lejepa,gradcam,predicted,backbone.layer1,4,4,4,0.35620492696762085,0.3715316653251648,0.3638682961463928
891,lejepa,gradcam,predicted,backbone.layer1,6,6,6,0.060452528297901154,0.46242108941078186,0.2614368088543415
892,lejepa,gradcam,predicted,backbone.layer1,7,7,7,0.6371977925300598,0.46274158358573914,0.5499696880578995
893,lejepa,gradcam,predicted,backbone.layer1,6,2,2,0.6991116404533386,0.4252622127532959,0.5621869266033173
894,lejepa,gradcam,predicted,backbone.layer1,1,1,1,0.6339302062988281,0.39901185035705566,0.5164710283279419
895,lejepa,gradcam,predicted,backbone.layer1,1,1,1,0.6171377897262573,0.3508896231651306,0.48401370644569397
832,lejepa,gradcam,predicted,backbone.layer2,2,2,2,-0.25126975774765015,0.13787300884723663,-0.05669837445020676
833,lejepa,gradcam,predicted,backbone.layer2,2,4,4,-0.15821556746959686,0.0774746909737587,-0.04037043824791908
834,lejepa,gradcam,predicted,backbone.layer2,5,5,5,0.44522082805633545,0.22362187504768372,0.3344213515520096
835,lejepa,gradcam,predicted,backbone.layer2,4,4,4,-0.051620643585920334,0.15391096472740173,0.0511451605707407
836,lejepa,gradcam,predicted,backbone.layer2,1,1,1,0.37167465686798096,0.45703569054603577,0.41435517370700836
837,lejepa,gradcam,predicted,backbone.layer2,2,2,2,0.12755440175533295,0.22028593719005585,0.1739201694726944
838,lejepa,gradcam,predicted,backbone.layer2,9,9,9,0.28343501687049866,0.20346051454544067,0.24344776570796967
839,lejepa,gradcam,predicted,backbone.layer2,2,2,2,0.15717433393001556,0.2529686391353607,0.20507148653268814
840,lejepa,gradcam,predicted,backbone.layer2,7,7,7,0.011005940847098827,0.2401384562253952,0.12557219853624701
841,lejepa,gradcam,predicted,backbone.layer2,0,8,8,0.003427110379561782,0.29503461718559265,0.14923086378257722
842,lejepa,gradcam,predicted,backbone.layer2,7,7,7,0.5899250507354736,0.548077404499054,0.5690012276172638
843,lejepa,gradcam,predicted,backbone.layer2,2,2,2,-0.029809175059199333,0.33466866612434387,0.15242974553257227
844,lejepa,gradcam,predicted,backbone.layer2,1,4,4,-0.08440794795751572,0.2094838172197342,0.06253793463110924
845,lejepa,gradcam,predicted,backbone.layer2,3,3,3,0.035979609936475754,0.38782092928886414,0.21190026961266994
846,lejepa,gradcam,predicted,backbone.layer2,2,2,2,-0.01721194013953209,0.2621173858642578,0.12245272286236286
847,lejepa,gradcam,predicted,backbone.layer2,0,0,0,-0.029294155538082123,0.2880477011203766,0.12937677279114723
848,lejepa,gradcam,predicted,backbone.layer2,2,2,2,-0.07824418693780899,0.15314991772174835,0.03745286539196968
849,lejepa,gradcam,predicted,backbone.layer2,4,4,4,-0.15161709487438202,0.35269224643707275,0.10053757578134537
850,lejepa,gradcam,predicted,backbone.layer2,7,5,5,0.1958073526620865,0.3118917942047119,0.2538495734333992
851,lejepa,gradcam,predicted,backbone.layer2,9,1,1,-0.0910932719707489,0.29131022095680237,0.10010847449302673
852,lejepa,gradcam,predicted,backbone.layer2,8,8,8,0.09963931888341904,0.23329845070838928,0.16646888479590416
853,lejepa,gradcam,predicted,backbone.layer2,9,1,1,-0.09127510339021683,0.29086586833000183,0.0997953824698925
854,lejepa,gradcam,predicted,backbone.layer2,0,0,0,0.20455914735794067,0.3337559700012207,0.2691575586795807
855,lejepa,gradcam,predicted,backbone.layer2,7,7,7,-0.381941556930542,0.3095826506614685,-0.03617945313453674
856,lejepa,gradcam,predicted,backbone.layer2,7,7,7,0.24096795916557312,0.4024788737297058,0.32172341644763947
857,lejepa,gradcam,predicted,backbone.layer2,0,0,0,0.0875670537352562,0.04742233455181122,0.0674946941435337
858,lejepa,gradcam,predicted,backbone.layer2,7,7,7,0.1420365571975708,0.2801963984966278,0.2111164778470993
859,lejepa,gradcam,predicted,backbone.layer2,8,8,8,0.5935361981391907,0.43688952922821045,0.5152128636837006
860,lejepa,gradcam,predicted,backbone.layer2,4,4,4,-0.31224361062049866,0.23318752646446228,-0.03952804207801819
861,lejepa,gradcam,predicted,backbone.layer2,6,6,6,0.005249204114079475,0.2818376421928406,0.14354342315346003
862,lejepa,gradcam,predicted,backbone.layer2,3,6,6,-0.2754504680633545,0.2818828821182251,0.0032162070274353027
863,lejepa,gradcam,predicted,backbone.layer2,3,3,3,0.23820967972278595,0.41191205382347107,0.3250608667731285
864,lejepa,gradcam,predicted,backbone.layer2,0,0,0,-0.7059108018875122,0.2548085153102875,-0.22555114328861237
865,lejepa,gradcam,predicted,backbone.layer2,1,1,1,0.07527701556682587,0.24507848918437958,0.16017775237560272
866,lejepa,gradcam,predicted,backbone.layer2,3,1,1,0.05708489194512367,0.33028653264045715,0.1936857122927904
867,lejepa,gradcam,predicted,backbone.layer2,7,7,7,0.04449561983346939,0.3161331117153168,0.18031436577439308
868,lejepa,gradcam,predicted,backbone.layer2,0,0,0,-0.23912470042705536,0.3758518695831299,0.06836358457803726
869,lejepa,gradcam,predicted,backbone.layer2,1,1,1,0.23271556198596954,0.45272499322891235,0.34272027760744095
870,lejepa,gradcam,predicted,backbone.layer2,3,3,3,-0.15322420001029968,0.24872946739196777,0.047752633690834045
871,lejepa,gradcam,predicted,backbone.layer2,1,1,1,-0.06028449535369873,0.1531030833721161,0.04640929400920868
872,lejepa,gradcam,predicted,backbone.layer2,4,4,4,-0.3791984021663666,0.1811518520116806,-0.09902327507734299
873,lejepa,gradcam,predicted,backbone.layer2,2,2,2,0.03799300268292427,0.37215882539749146,0.20507591404020786
874,lejepa,gradcam,predicted,backbone.layer2,3,3,3,0.1032625138759613,0.4323578178882599,0.2678101658821106
875,lejepa,gradcam,predicted,backbone.layer2,8,8,8,-0.4280065596103668,0.21354559063911438,-0.10723048448562622
876,lejepa,gradcam,predicted,backbone.layer2,4,4,4,-0.4563945233821869,0.23799534142017365,-0.10919959098100662
877,lejepa,gradcam,predicted,backbone.layer2,2,2,2,0.01604156196117401,0.4163682758808136,0.2162049189209938
878,lejepa,gradcam,predicted,backbone.layer2,3,2,2,0.33101266622543335,0.30658572912216187,0.3187991976737976
879,lejepa,gradcam,predicted,backbone.layer2,7,7,7,0.39862003922462463,0.3922303318977356,0.3954251855611801
880,lejepa,gradcam,predicted,backbone.layer2,8,8,8,0.20614688098430634,0.3895358741283417,0.297841377556324
881,lejepa,gradcam,predicted,backbone.layer2,4,4,4,-0.2513886094093323,0.3286847770214081,0.0386480838060379
882,lejepa,gradcam,predicted,backbone.layer2,3,0,0,0.19606125354766846,0.33252546191215515,0.2642933577299118
883,lejepa,gradcam,predicted,backbone.layer2,0,0,0,0.20113883912563324,0.36403128504753113,0.2825850620865822
884,lejepa,gradcam,predicted,backbone.layer2,9,1,1,0.4907117486000061,0.39528074860572815,0.4429962486028671
885,lejepa,gradcam,predicted,backbone.layer2,0,4,4,-0.24791531264781952,0.34181416034698486,0.04694942384958267
886,lejepa,gradcam,predicted,backbone.layer2,0,0,0,0.68131422996521,0.5010976791381836,0.5912059545516968
887,lejepa,gradcam,predicted,backbone.layer2,1,6,6,-0.2166203409433365,0.21301472187042236,-0.0018028095364570618
888,lejepa,gradcam,predicted,backbone.layer2,0,8,8,-0.05112546682357788,0.3360828459262848,0.14247868955135345
889,lejepa,gradcam,predicted,backbone.layer2,4,6,6,-0.1409248262643814,0.23625876009464264,0.047666966915130615
890,lejepa,gradcam,predicted,backbone.layer2,4,4,4,0.3835814595222473,0.42314592003822327,0.4033636897802353
891,lejepa,gradcam,predicted,backbone.layer2,6,6,6,-0.04598291590809822,0.19209009408950806,0.07305358909070492
892,lejepa,gradcam,predicted,backbone.layer2,7,7,7,0.1688288152217865,0.12416994571685791,0.1464993804693222
893,lejepa,gradcam,predicted,backbone.layer2,6,2,2,0.3569484353065491,0.2746850550174713,0.3158167451620102
894,lejepa,gradcam,predicted,backbone.layer2,1,1,1,-0.3527587354183197,0.15646815299987793,-0.09814529120922089
895,lejepa,gradcam,predicted,backbone.layer2,1,1,1,-0.12048045545816422,0.2832756042480469,0.08139757439494133
832,lejepa,gradcam,predicted,backbone.layer3,2,2,2,0.12731508910655975,0.25030186772346497,0.18880847841501236
833,lejepa,gradcam,predicted,backbone.layer3,2,4,4,0.014306348748505116,0.340707391500473,0.17750687012448907
834,lejepa,gradcam,predicted,backbone.layer3,5,5,5,0.6258803009986877,0.4564780592918396,0.5411791801452637
835,lejepa,gradcam,predicted,backbone.layer3,4,4,4,0.54384845495224,0.5598536729812622,0.5518510639667511
836,lejepa,gradcam,predicted,backbone.layer3,1,1,1,0.6100091934204102,0.2798915505409241,0.4449503719806671
837,lejepa,gradcam,predicted,backbone.layer3,2,2,2,0.08669570088386536,0.29595282673835754,0.19132426381111145
838,lejepa,gradcam,predicted,backbone.layer3,9,9,9,-0.2965261936187744,0.2225116491317749,-0.037007272243499756
839,lejepa,gradcam,predicted,backbone.layer3,2,2,2,0.3579082787036896,0.4002395272254944,0.379073902964592
840,lejepa,gradcam,predicted,backbone.layer3,7,7,7,0.6801022887229919,0.4838460385799408,0.5819741636514664
841,lejepa,gradcam,predicted,backbone.layer3,0,8,8,-0.19395819306373596,0.247966468334198,0.027004137635231018
842,lejepa,gradcam,predicted,backbone.layer3,7,7,7,0.34036290645599365,0.5076515674591064,0.42400723695755005
843,lejepa,gradcam,predicted,backbone.layer3,2,2,2,-0.2975825369358063,0.28513699769973755,-0.006222769618034363
844,lejepa,gradcam,predicted,backbone.layer3,1,4,4,-0.35994866490364075,0.2645088732242584,-0.04771989583969116
845,lejepa,gradcam,predicted,backbone.layer3,3,3,3,0.46596452593803406,0.4129164516925812,0.4394404888153076
846,lejepa,gradcam,predicted,backbone.layer3,2,2,2,-0.13362468779087067,0.3448832929134369,0.10562930256128311
847,lejepa,gradcam,predicted,backbone.layer3,0,0,0,0.07105215638875961,0.4692062437534332,0.2701292000710964
848,lejepa,gradcam,predicted,backbone.layer3,2,2,2,-0.3005608022212982,0.21327394247055054,-0.04364342987537384
849,lejepa,gradcam,predicted,backbone.layer3,4,4,4,-0.39597856998443604,0.3235480487346649,-0.03621526062488556
850,lejepa,gradcam,predicted,backbone.layer3,7,5,5,0.8441736102104187,0.43133994936943054,0.6377567797899246
851,lejepa,gradcam,predicted,backbone.layer3,9,1,1,0.2674499750137329,0.3977082073688507,0.3325790911912918
852,lejepa,gradcam,predicted,backbone.layer3,8,8,8,-0.13710567355155945,0.37831729650497437,0.12060581147670746
853,lejepa,gradcam,predicted,backbone.layer3,9,1,1,0.42187467217445374,0.47358518838882446,0.4477299302816391
854,lejepa,gradcam,predicted,backbone.layer3,0,0,0,-0.5134734511375427,0.2887416183948517,-0.11236591637134552
855,lejepa,gradcam,predicted,backbone.layer3,7,7,7,0.6106215715408325,0.42007043957710266,0.5153460055589676
856,lejepa,gradcam,predicted,backbone.layer3,7,7,7,0.3342011272907257,0.30490678548812866,0.3195539563894272
857,lejepa,gradcam,predicted,backbone.layer3,0,0,0,-0.04357099160552025,0.17176729440689087,0.06409815140068531
858,lejepa,gradcam,predicted,backbone.layer3,7,7,7,0.07935019582509995,0.3619783818721771,0.22066428884863853
859,lejepa,gradcam,predicted,backbone.layer3,8,8,8,-0.14228133857250214,0.30755165219306946,0.08263515681028366
860,lejepa,gradcam,predicted,backbone.layer3,4,4,4,-0.5251396298408508,0.16924047470092773,-0.17794957756996155
861,lejepa,gradcam,predicted,backbone.layer3,6,6,6,-0.4501175582408905,0.23980861902236938,-0.10515446960926056
862,lejepa,gradcam,predicted,backbone.layer3,3,6,6,0.6777318716049194,0.571450412273407,0.6245911419391632
863,lejepa,gradcam,predicted,backbone.layer3,3,3,3,0.7516345381736755,0.49503985047340393,0.6233371943235397
864,lejepa,gradcam,predicted,backbone.layer3,0,0,0,-0.7238491773605347,0.1331072300672531,-0.2953709736466408
865,lejepa,gradcam,predicted,backbone.layer3,1,1,1,-0.05347025394439697,0.3795040547847748,0.1630169004201889
866,lejepa,gradcam,predicted,backbone.layer3,3,1,1,0.31824710965156555,0.4192071557044983,0.3687271326780319
867,lejepa,gradcam,predicted,backbone.layer3,7,7,7,0.6540345549583435,0.4029110372066498,0.5284727960824966
868,lejepa,gradcam,predicted,backbone.layer3,0,0,0,0.22723688185214996,0.4597996473312378,0.3435182645916939
869,lejepa,gradcam,predicted,backbone.layer3,1,1,1,-0.05657172575592995,0.2728085219860077,0.10811839811503887
870,lejepa,gradcam,predicted,backbone.layer3,3,3,3,-0.357536256313324,0.3356665074825287,-0.010934874415397644
871,lejepa,gradcam,predicted,backbone.layer3,1,1,1,-0.30690649151802063,0.2814379036426544,-0.012734293937683105
872,lejepa,gradcam,predicted,backbone.layer3,4,4,4,0.515126645565033,0.41014111042022705,0.46263387799263
873,lejepa,gradcam,predicted,backbone.layer3,2,2,2,0.6201668977737427,0.36089739203453064,0.49053214490413666
874,lejepa,gradcam,predicted,backbone.layer3,3,3,3,0.6869565844535828,0.429031103849411,0.5579938441514969
875,lejepa,gradcam,predicted,backbone.layer3,8,8,8,0.6876388788223267,0.3263915777206421,0.5070152282714844
876,lejepa,gradcam,predicted,backbone.layer3,4,4,4,0.2278331071138382,0.4200161099433899,0.32392460852861404
877,lejepa,gradcam,predicted,backbone.layer3,2,2,2,-0.5762893557548523,0.3087717592716217,-0.1337587982416153
878,lejepa,gradcam,predicted,backbone.layer3,3,2,2,0.44613027572631836,0.44918206334114075,0.44765616953372955
879,lejepa,gradcam,predicted,backbone.layer3,7,7,7,0.3309697210788727,0.4938005208969116,0.41238512098789215
880,lejepa,gradcam,predicted,backbone.layer3,8,8,8,-0.05514597147703171,0.14501412212848663,0.04493407532572746
881,lejepa,gradcam,predicted,backbone.layer3,4,4,4,-0.40897509455680847,0.3748822510242462,-0.017046421766281128
882,lejepa,gradcam,predicted,backbone.layer3,3,0,0,-0.6601833701133728,0.3318272531032562,-0.1641780585050583
883,lejepa,gradcam,predicted,backbone.layer3,0,0,0,-0.3015628159046173,0.37119218707084656,0.034814685583114624
884,lejepa,gradcam,predicted,backbone.layer3,9,1,1,0.5500760078430176,0.5163179039955139,0.5331969559192657
885,lejepa,gradcam,predicted,backbone.layer3,0,4,4,-0.0717751607298851,0.3153391480445862,0.12178199365735054
886,lejepa,gradcam,predicted,backbone.layer3,0,0,0,-0.1680699735879898,0.3707970082759857,0.10136351734399796
887,lejepa,gradcam,predicted,backbone.layer3,1,6,6,0.5451789498329163,0.4426211714744568,0.4939000606536865
888,lejepa,gradcam,predicted,backbone.layer3,0,8,8,0.12915994226932526,0.47398221492767334,0.3015710785984993
889,lejepa,gradcam,predicted,backbone.layer3,4,6,6,0.5562923550605774,0.4268976151943207,0.49159498512744904
890,lejepa,gradcam,predicted,backbone.layer3,4,4,4,-0.029993074014782906,0.3688855469226837,0.1694462364539504
891,lejepa,gradcam,predicted,backbone.layer3,6,6,6,-0.23819811642169952,0.22759568691253662,-0.005301214754581451
892,lejepa,gradcam,predicted,backbone.layer3,7,7,7,-0.15179990231990814,0.3961646556854248,0.12218237668275833
893,lejepa,gradcam,predicted,backbone.layer3,6,2,2,0.7758752703666687,0.33484578132629395,0.5553605258464813
894,lejepa,gradcam,predicted,backbone.layer3,1,1,1,-0.3803383708000183,0.18334680795669556,-0.09849578142166138
895,lejepa,gradcam,predicted,backbone.layer3,1,1,1,0.6138877868652344,0.48222652077674866,0.5480571538209915
832,lejepa,gradcam,predicted,backbone.layer4,2,2,2,0.2184642255306244,0.54006427526474,0.3792642503976822
833,lejepa,gradcam,predicted,backbone.layer4,2,4,4,0.41152137517929077,0.5488688349723816,0.4801951050758362
834,lejepa,gradcam,predicted,backbone.layer4,5,5,5,0.3147832453250885,0.42852744460105896,0.37165534496307373
835,lejepa,gradcam,predicted,backbone.layer4,4,4,4,0.5665239691734314,0.621086061000824,0.5938050150871277
836,lejepa,gradcam,predicted,backbone.layer4,1,1,1,0.5259215235710144,0.5699403285980225,0.5479309260845184
837,lejepa,gradcam,predicted,backbone.layer4,2,2,2,0.6640849113464355,0.612976610660553,0.6385307610034943
838,lejepa,gradcam,predicted,backbone.layer4,9,9,9,-0.030533818528056145,0.4823759198188782,0.22592105064541101
839,lejepa,gradcam,predicted,backbone.layer4,2,2,2,0.7100034356117249,0.6892918944358826,0.6996476650238037
840,lejepa,gradcam,predicted,backbone.layer4,7,7,7,0.5598226189613342,0.5722841024398804,0.5660533607006073
841,lejepa,gradcam,predicted,backbone.layer4,0,8,8,0.7142218351364136,0.6945943236351013,0.7044080793857574
842,lejepa,gradcam,predicted,backbone.layer4,7,7,7,0.6332048177719116,0.5240474343299866,0.5786261260509491
843,lejepa,gradcam,predicted,backbone.layer4,2,2,2,0.2810538411140442,0.5003858804702759,0.39071986079216003
844,lejepa,gradcam,predicted,backbone.layer4,1,4,4,0.05454086884856224,0.5158355832099915,0.28518822602927685
845,lejepa,gradcam,predicted,backbone.layer4,3,3,3,0.5805047750473022,0.6057042479515076,0.5931045114994049
846,lejepa,gradcam,predicted,backbone.layer4,2,2,2,0.3193172216415405,0.4751388430595398,0.39722803235054016
847,lejepa,gradcam,predicted,backbone.layer4,0,0,0,0.24532128870487213,0.46597832441329956,0.35564980655908585
848,lejepa,gradcam,predicted,backbone.layer4,2,2,2,-0.6380936503410339,0.4770964980125427,-0.0804985761642456
849,lejepa,gradcam,predicted,backbone.layer4,4,4,4,0.7928937077522278,0.6650229692459106,0.7289583384990692
850,lejepa,gradcam,predicted,backbone.layer4,7,5,5,0.6899122595787048,0.6223318576812744,0.6561220586299896
851,lejepa,gradcam,predicted,backbone.layer4,9,1,1,0.4143584370613098,0.42792999744415283,0.4211442172527313
852,lejepa,gradcam,predicted,backbone.layer4,8,8,8,0.5417722463607788,0.5588313341140747,0.5503017902374268
853,lejepa,gradcam,predicted,backbone.layer4,9,1,1,0.731449544429779,0.5791091918945312,0.6552793681621552
854,lejepa,gradcam,predicted,backbone.layer4,0,0,0,0.1945989578962326,0.4992472529411316,0.3469231054186821
855,lejepa,gradcam,predicted,backbone.layer4,7,7,7,0.32782259583473206,0.5593450665473938,0.4435838311910629
856,lejepa,gradcam,predicted,backbone.layer4,7,7,7,0.36296021938323975,0.5142730474472046,0.43861663341522217
857,lejepa,gradcam,predicted,backbone.layer4,0,0,0,0.19079944491386414,0.5776433348655701,0.3842213898897171
858,lejepa,gradcam,predicted,backbone.layer4,7,7,7,0.5722416639328003,0.6329834461212158,0.6026125550270081
859,lejepa,gradcam,predicted,backbone.layer4,8,8,8,0.6112156510353088,0.5217021703720093,0.5664589107036591
860,lejepa,gradcam,predicted,backbone.layer4,4,4,4,0.48997682332992554,0.5165776014328003,0.5032772123813629
861,lejepa,gradcam,predicted,backbone.layer4,6,6,6,0.10120698064565659,0.4524395763874054,0.276823278516531
862,lejepa,gradcam,predicted,backbone.layer4,3,6,6,0.6213436126708984,0.5485745668411255,0.584959089756012
863,lejepa,gradcam,predicted,backbone.layer4,3,3,3,0.5074732899665833,0.5877110958099365,0.5475921928882599
864,lejepa,gradcam,predicted,backbone.layer4,0,0,0,0.2681959271430969,0.4657207131385803,0.3669583201408386
865,lejepa,gradcam,predicted,backbone.layer4,1,1,1,0.6661108732223511,0.48161059617996216,0.5738607347011566
866,lejepa,gradcam,predicted,backbone.layer4,3,1,1,0.24402795732021332,0.4772482216358185,0.3606380894780159
867,lejepa,gradcam,predicted,backbone.layer4,7,7,7,0.27326446771621704,0.4715309143066406,0.37239769101142883
868,lejepa,gradcam,predicted,backbone.layer4,0,0,0,0.5927585959434509,0.6110706329345703,0.6019146144390106
869,lejepa,gradcam,predicted,backbone.layer4,1,1,1,0.5537888407707214,0.5811337232589722,0.5674612820148468
870,lejepa,gradcam,predicted,backbone.layer4,3,3,3,0.2298116832971573,0.5697432160377502,0.39977744966745377
871,lejepa,gradcam,predicted,backbone.layer4,1,1,1,0.5205076932907104,0.5560122132301331,0.5382599532604218
872,lejepa,gradcam,predicted,backbone.layer4,4,4,4,0.5179405212402344,0.47997477650642395,0.49895764887332916
873,lejepa,gradcam,predicted,backbone.layer4,2,2,2,0.5328099131584167,0.5047475099563599,0.5187787115573883
874,lejepa,gradcam,predicted,backbone.layer4,3,3,3,0.388285368680954,0.5908134579658508,0.4895494133234024
875,lejepa,gradcam,predicted,backbone.layer4,8,8,8,0.3977201282978058,0.5372411608695984,0.4674806445837021
876,lejepa,gradcam,predicted,backbone.layer4,4,4,4,0.41600191593170166,0.4759124219417572,0.44595716893672943
877,lejepa,gradcam,predicted,backbone.layer4,2,2,2,0.5192196369171143,0.669506311416626,0.5943629741668701
878,lejepa,gradcam,predicted,backbone.layer4,3,2,2,-0.2560907006263733,0.4610835611820221,0.1024964302778244
879,lejepa,gradcam,predicted,backbone.layer4,7,7,7,0.6970340609550476,0.613589346408844,0.6553117036819458
880,lejepa,gradcam,predicted,backbone.layer4,8,8,8,0.5019536018371582,0.6179789304733276,0.5599662661552429
881,lejepa,gradcam,predicted,backbone.layer4,4,4,4,0.1145746111869812,0.5158537030220032,0.3152141571044922
882,lejepa,gradcam,predicted,backbone.layer4,3,0,0,0.3544800877571106,0.4819197654724121,0.41819992661476135
883,lejepa,gradcam,predicted,backbone.layer4,0,0,0,0.48910433053970337,0.632071316242218,0.5605878233909607
884,lejepa,gradcam,predicted,backbone.layer4,9,1,1,0.6379590630531311,0.6054779291152954,0.6217184960842133
885,lejepa,gradcam,predicted,backbone.layer4,0,4,4,0.5457875728607178,0.5433871746063232,0.5445873737335205
886,lejepa,gradcam,predicted,backbone.layer4,0,0,0,0.11446011066436768,0.37542128562927246,0.24494069814682007
887,lejepa,gradcam,predicted,backbone.layer4,1,6,6,0.5165848135948181,0.5435738563537598,0.5300793349742889
888,lejepa,gradcam,predicted,backbone.layer4,0,8,8,0.5683310627937317,0.5771636962890625,0.5727473795413971
889,lejepa,gradcam,predicted,backbone.layer4,4,6,6,0.5565083622932434,0.6172352433204651,0.5868718028068542
890,lejepa,gradcam,predicted,backbone.layer4,4,4,4,0.5101937651634216,0.583121120929718,0.5466574430465698
891,lejepa,gradcam,predicted,backbone.layer4,6,6,6,0.5762892961502075,0.5634671449661255,0.5698782205581665
892,lejepa,gradcam,predicted,backbone.layer4,7,7,7,0.5891158580780029,0.47255152463912964,0.5308336913585663
893,lejepa,gradcam,predicted,backbone.layer4,6,2,2,-0.07251158356666565,0.4667559564113617,0.19712218642234802
894,lejepa,gradcam,predicted,backbone.layer4,1,1,1,0.5248239040374756,0.5994406938552856,0.5621322989463806
895,lejepa,gradcam,predicted,backbone.layer4,1,1,1,0.47498655319213867,0.5226035714149475,0.4987950623035431
896,lejepa,gradcam,predicted,backbone.layer1,3,6,6,0.21636897325515747,0.4428369700908661,0.3296029716730118
897,lejepa,gradcam,predicted,backbone.layer1,7,7,7,0.011807309463620186,0.01782839745283127,0.014817853458225727
898,lejepa,gradcam,predicted,backbone.layer1,3,6,6,0.4131371080875397,0.502101480960846,0.4576192945241928
899,lejepa,gradcam,predicted,backbone.layer1,5,5,5,0.5587942004203796,0.3155832290649414,0.4371887147426605
900,lejepa,gradcam,predicted,backbone.layer1,2,6,6,0.2745169699192047,0.4690766930580139,0.3717968314886093
901,lejepa,gradcam,predicted,backbone.layer1,6,6,6,0.5132623314857483,0.552340567111969,0.5328014492988586
902,lejepa,gradcam,predicted,backbone.layer1,6,6,6,0.07907413691282272,0.19143584370613098,0.13525499030947685
903,lejepa,gradcam,predicted,backbone.layer1,5,5,5,0.22832044959068298,0.15752562880516052,0.19292303919792175
904,lejepa,gradcam,predicted,backbone.layer1,8,8,8,-0.1398160606622696,0.2707235515117645,0.06545374542474747
905,lejepa,gradcam,predicted,backbone.layer1,7,5,5,0.19007983803749084,0.25923967361450195,0.2246597558259964
906,lejepa,gradcam,predicted,backbone.layer1,1,0,0,0.4724876582622528,0.3887905478477478,0.4306391030550003
907,lejepa,gradcam,predicted,backbone.layer1,6,6,6,0.15315920114517212,0.4524930417537689,0.3028261214494705
908,lejepa,gradcam,predicted,backbone.layer1,8,8,8,0.4028513431549072,0.408481627702713,0.4056664854288101
909,lejepa,gradcam,predicted,backbone.layer1,8,8,8,0.22120948135852814,0.3370846211910248,0.27914705127477646
910,lejepa,gradcam,predicted,backbone.layer1,5,5,5,-0.11462438851594925,0.00909634679555893,-0.05276402086019516
911,lejepa,gradcam,predicted,backbone.layer1,3,3,3,0.17579156160354614,0.2452976405620575,0.21054460108280182
912,lejepa,gradcam,predicted,backbone.layer1,0,6,6,0.45175278186798096,0.47916391491889954,0.46545834839344025
913,lejepa,gradcam,predicted,backbone.layer1,4,5,5,0.29471638798713684,0.22279877960681915,0.258757583796978
914,lejepa,gradcam,predicted,backbone.layer1,0,0,0,0.45852625370025635,0.39198631048202515,0.42525628209114075
915,lejepa,gradcam,predicted,backbone.layer1,1,1,1,0.14163683354854584,0.2140273153781891,0.17783207446336746
916,lejepa,gradcam,predicted,backbone.layer1,3,5,5,0.055664289742708206,0.1863430142402649,0.12100365199148655
917,lejepa,gradcam,predicted,backbone.layer1,8,8,8,0.5055933594703674,0.30257096886634827,0.40408216416835785
918,lejepa,gradcam,predicted,backbone.layer1,8,1,1,0.43351197242736816,0.2622593939304352,0.3478856831789017
919,lejepa,gradcam,predicted,backbone.layer1,0,0,0,0.13725174963474274,0.2607947587966919,0.19902325421571732
920,lejepa,gradcam,predicted,backbone.layer1,6,6,6,0.19866858422756195,0.497678279876709,0.34817343205213547
921,lejepa,gradcam,predicted,backbone.layer1,9,9,9,0.31625765562057495,0.3620692193508148,0.3391634374856949
922,lejepa,gradcam,predicted,backbone.layer1,9,9,9,-0.16080977022647858,0.06068868562579155,-0.050060542300343513
923,lejepa,gradcam,predicted,backbone.layer1,9,9,9,-0.05836229398846626,0.07241398841142654,0.007025847211480141
924,lejepa,gradcam,predicted,backbone.layer1,5,5,5,0.20553156733512878,0.24595032632350922,0.225740946829319
925,lejepa,gradcam,predicted,backbone.layer1,5,3,3,0.3572106957435608,0.11757444590330124,0.23739257082343102
926,lejepa,gradcam,predicted,backbone.layer1,8,8,8,0.3384776711463928,0.4365963041782379,0.38753698766231537
927,lejepa,gradcam,predicted,backbone.layer1,6,6,6,0.5338005423545837,0.4018508493900299,0.4678256958723068
928,lejepa,gradcam,predicted,backbone.layer1,0,0,0,-0.1208006888628006,0.1262103021144867,0.002704806625843048
929,lejepa,gradcam,predicted,backbone.layer1,0,0,0,0.45525604486465454,0.4187081754207611,0.4369821101427078
930,lejepa,gradcam,predicted,backbone.layer1,4,4,4,0.30909255146980286,0.3353140652179718,0.32220330834388733
931,lejepa,gradcam,predicted,backbone.layer1,2,2,2,0.6030138731002808,0.5285181999206543,0.5657660365104675
932,lejepa,gradcam,predicted,backbone.layer1,3,3,3,0.36329135298728943,0.3559720516204834,0.3596317023038864
933,lejepa,gradcam,predicted,backbone.layer1,2,3,3,0.4333276152610779,0.1939384639263153,0.3136330395936966
934,lejepa,gradcam,predicted,backbone.layer1,7,7,7,-0.010141524486243725,0.05758487433195114,0.02372167492285371
935,lejepa,gradcam,predicted,backbone.layer1,2,2,2,0.19131486117839813,0.0839642733335495,0.13763956725597382
936,lejepa,gradcam,predicted,backbone.layer1,2,2,2,0.17986126244068146,0.2552907466888428,0.21757600456476212
937,lejepa,gradcam,predicted,backbone.layer1,5,5,5,0.3928113281726837,0.4384385347366333,0.4156249314546585
938,lejepa,gradcam,predicted,backbone.layer1,9,9,9,-0.026234658434987068,0.05948922038078308,0.016627280972898006
939,lejepa,gradcam,predicted,backbone.layer1,8,8,8,0.5637856721878052,0.41888758540153503,0.4913366287946701
940,lejepa,gradcam,predicted,backbone.layer1,9,9,9,0.3591349720954895,0.37443971633911133,0.3667873442173004
941,lejepa,gradcam,predicted,backbone.layer1,1,1,1,0.41738420724868774,0.3744089603424072,0.3958965837955475
942,lejepa,gradcam,predicted,backbone.layer1,7,7,7,0.1608547568321228,0.06036363169550896,0.11060919426381588
943,lejepa,gradcam,predicted,backbone.layer1,4,4,4,0.1806618869304657,0.39539188146591187,0.2880268841981888
944,lejepa,gradcam,predicted,backbone.layer1,0,0,0,-0.005178035236895084,0.23836055397987366,0.11659125937148929
945,lejepa,gradcam,predicted,backbone.layer1,3,3,3,0.0056550647132098675,0.19703198969364166,0.10134352720342577
946,lejepa,gradcam,predicted,backbone.layer1,0,0,0,0.283769816160202,0.20761311054229736,0.2456914633512497
947,lejepa,gradcam,predicted,backbone.layer1,1,1,1,0.31214016675949097,0.3778951168060303,0.3450176417827606
948,lejepa,gradcam,predicted,backbone.layer1,3,4,4,0.3342324197292328,0.25876256823539734,0.29649749398231506
949,lejepa,gradcam,predicted,backbone.layer1,8,8,8,0.44553878903388977,0.30291712284088135,0.37422795593738556
950,lejepa,gradcam,predicted,backbone.layer1,3,2,2,0.12151087820529938,0.1880297213792801,0.15477029979228973
951,lejepa,gradcam,predicted,backbone.layer1,9,9,9,0.2859615981578827,0.1631881594657898,0.22457487881183624
952,lejepa,gradcam,predicted,backbone.layer1,6,6,6,0.004842121619731188,0.31689149141311646,0.16086680651642382
953,lejepa,gradcam,predicted,backbone.layer1,1,1,1,0.437823086977005,0.34274184703826904,0.390282467007637
954,lejepa,gradcam,predicted,backbone.layer1,4,4,4,0.051855552941560745,0.22803351283073425,0.1399445328861475
955,lejepa,gradcam,predicted,backbone.layer1,7,7,7,0.3653043806552887,0.3174421489238739,0.3413732647895813
956,lejepa,gradcam,predicted,backbone.layer1,0,0,0,0.1271045058965683,0.24284368753433228,0.1849740967154503
957,lejepa,gradcam,predicted,backbone.layer1,3,5,5,0.023022780194878578,0.10344380885362625,0.06323329452425241
958,lejepa,gradcam,predicted,backbone.layer1,7,7,7,-0.07006857544183731,0.005753022152930498,-0.032157776644453406
959,lejepa,gradcam,predicted,backbone.layer1,8,8,8,0.46340832114219666,0.3263095021247864,0.3948589116334915
896,lejepa,gradcam,predicted,backbone.layer2,3,6,6,-0.018204135820269585,0.3026916980743408,0.14224378112703562
897,lejepa,gradcam,predicted,backbone.layer2,7,7,7,-0.021889707073569298,0.3039323389530182,0.14102131593972445
898,lejepa,gradcam,predicted,backbone.layer2,3,6,6,0.050793640315532684,0.25753191113471985,0.15416277572512627
899,lejepa,gradcam,predicted,backbone.layer2,5,5,5,-0.16696056723594666,0.33126598596572876,0.08215270936489105
900,lejepa,gradcam,predicted,backbone.layer2,2,6,6,-0.06436677277088165,0.1679215282201767,0.05177737772464752
901,lejepa,gradcam,predicted,backbone.layer2,6,6,6,-0.298134982585907,0.20290598273277283,-0.04761449992656708
902,lejepa,gradcam,predicted,backbone.layer2,6,6,6,0.4863373637199402,0.396560400724411,0.4414488822221756
903,lejepa,gradcam,predicted,backbone.layer2,5,5,5,-0.06414397805929184,0.2792470455169678,0.10755153372883797
904,lejepa,gradcam,predicted,backbone.layer2,8,8,8,0.30049702525138855,0.42748019099235535,0.36398860812187195
905,lejepa,gradcam,predicted,backbone.layer2,7,5,5,0.41924116015434265,0.4049876630306244,0.4121144115924835
906,lejepa,gradcam,predicted,backbone.layer2,1,0,0,0.28594398498535156,0.33330345153808594,0.30962371826171875
907,lejepa,gradcam,predicted,backbone.layer2,6,6,6,-0.06589431315660477,0.17049071192741394,0.05229819938540459
908,lejepa,gradcam,predicted,backbone.layer2,8,8,8,0.22716791927814484,0.3906141519546509,0.30889103561639786
909,lejepa,gradcam,predicted,backbone.layer2,8,8,8,-0.04583338648080826,0.18707576394081116,0.07062118873000145
910,lejepa,gradcam,predicted,backbone.layer2,5,5,5,0.14125294983386993,0.3790006637573242,0.2601268067955971
911,lejepa,gradcam,predicted,backbone.layer2,3,3,3,-0.03556535392999649,0.1495552957057953,0.0569949708878994
912,lejepa,gradcam,predicted,backbone.layer2,0,6,6,-0.0956866592168808,0.17156432569026947,0.037938833236694336
913,lejepa,gradcam,predicted,backbone.layer2,4,5,5,0.3580024838447571,0.4097845256328583,0.3838935047388077
914,lejepa,gradcam,predicted,backbone.layer2,0,0,0,-0.19156675040721893,0.11428788304328918,-0.038639433681964874
915,lejepa,gradcam,predicted,backbone.layer2,1,1,1,-0.10068453103303909,0.26802149415016174,0.08366848155856133
916,lejepa,gradcam,predicted,backbone.layer2,3,5,5,0.011605232954025269,0.1459183394908905,0.07876178622245789
917,lejepa,gradcam,predicted,backbone.layer2,8,8,8,-0.12973478436470032,0.3606075942516327,0.11543640494346619
918,lejepa,gradcam,predicted,backbone.layer2,8,1,1,0.4540793001651764,0.5286361575126648,0.4913577288389206
919,lejepa,gradcam,predicted,backbone.layer2,0,0,0,-0.16515527665615082,0.22602437436580658,0.03043454885482788
920,lejepa,gradcam,predicted,backbone.layer2,6,6,6,-0.27925336360931396,0.11482465267181396,-0.08221435546875
921,lejepa,gradcam,predicted,backbone.layer2,9,9,9,-0.29022717475891113,0.23946450650691986,-0.025381334125995636
922,lejepa,gradcam,predicted,backbone.layer2,9,9,9,0.5248761177062988,0.45332783460617065,0.48910197615623474
923,lejepa,gradcam,predicted,backbone.layer2,9,9,9,0.2082185298204422,0.3005070686340332,0.2543627992272377
924,lejepa,gradcam,predicted,backbone.layer2,5,5,5,-0.10003599524497986,0.2365245819091797,0.06824429333209991
925,lejepa,gradcam,predicted,backbone.layer2,5,3,3,0.12794090807437897,0.31462758779525757,0.22128424793481827
926,lejepa,gradcam,predicted,backbone.layer2,8,8,8,0.22018299996852875,0.26509881019592285,0.2426409050822258
927,lejepa,gradcam,predicted,backbone.layer2,6,6,6,-0.2780470550060272,0.1451379805803299,-0.06645453721284866
928,lejepa,gradcam,predicted,backbone.layer2,0,0,0,-0.05240330100059509,0.23575769364833832,0.09167719632387161
929,lejepa,gradcam,predicted,backbone.layer2,0,0,0,-0.16609035432338715,0.11299145221710205,-0.026549451053142548
930,lejepa,gradcam,predicted,backbone.layer2,4,4,4,-0.1421331912279129,0.14811989665031433,0.002993352711200714
931,lejepa,gradcam,predicted,backbone.layer2,2,2,2,-0.26922276616096497,0.08530590683221817,-0.0919584296643734
932,lejepa,gradcam,predicted,backbone.layer2,3,3,3,-0.14980262517929077,0.22820447385311127,0.03920092433691025
933,lejepa,gradcam,predicted,backbone.layer2,2,3,3,0.3672698736190796,0.45512065291404724,0.4111952632665634
934,lejepa,gradcam,predicted,backbone.layer2,7,7,7,-0.14979727566242218,0.3474469482898712,0.09882483631372452
935,lejepa,gradcam,predicted,backbone.layer2,2,2,2,-0.28826600313186646,0.370072603225708,0.040903300046920776
936,lejepa,gradcam,predicted,backbone.layer2,2,2,2,-0.2854570150375366,0.11096767336130142,-0.0872446708381176
937,lejepa,gradcam,predicted,backbone.layer2,5,5,5,-0.09992402791976929,0.341027170419693,0.12055157124996185
938,lejepa,gradcam,predicted,backbone.layer2,9,9,9,-0.07703807204961777,0.33630988001823425,0.12963590398430824
939,lejepa,gradcam,predicted,backbone.layer2,8,8,8,0.06866049021482468,0.15305016934871674,0.1108553297817707
940,lejepa,gradcam,predicted,backbone.layer2,9,9,9,-0.16028566658496857,0.3449152112007141,0.09231477230787277
941,lejepa,gradcam,predicted,backbone.layer2,1,1,1,0.0559394471347332,0.2213592678308487,0.13864935748279095
942,lejepa,gradcam,predicted,backbone.layer2,7,7,7,-0.25721701979637146,0.25158563256263733,-0.0028156936168670654
943,lejepa,gradcam,predicted,backbone.layer2,4,4,4,0.06251241266727448,0.2008218765258789,0.1316671445965767
944,lejepa,gradcam,predicted,backbone.layer2,0,0,0,0.0831228643655777,0.34360426664352417,0.21336356550455093
945,lejepa,gradcam,predicted,backbone.layer2,3,3,3,-0.1207476556301117,0.29562634229660034,0.08743934333324432
946,lejepa,gradcam,predicted,backbone.layer2,0,0,0,-0.058475274592638016,0.2316785305738449,0.08660162799060345
947,lejepa,gradcam,predicted,backbone.layer2,1,1,1,0.2023164927959442,0.39192596077919006,0.29712122678756714
948,lejepa,gradcam,predicted,backbone.layer2,3,4,4,0.3359542787075043,0.481375515460968,0.40866489708423615
949,lejepa,gradcam,predicted,backbone.layer2,8,8,8,0.07622727751731873,0.24309705197811127,0.159662164747715
950,lejepa,gradcam,predicted,backbone.layer2,3,2,2,-0.22760923206806183,0.13242442905902863,-0.0475924015045166
951,lejepa,gradcam,predicted,backbone.layer2,9,9,9,0.006738675758242607,0.18197304010391235,0.09435585793107748
952,lejepa,gradcam,predicted,backbone.layer2,6,6,6,-0.23170211911201477,0.14271582663059235,-0.04449314624071121
953,lejepa,gradcam,predicted,backbone.layer2,1,1,1,0.4557042419910431,0.4669553339481354,0.46132978796958923
954,lejepa,gradcam,predicted,backbone.layer2,4,4,4,0.1881113052368164,0.39979076385498047,0.29395103454589844
955,lejepa,gradcam,predicted,backbone.layer2,7,7,7,0.2436773031949997,0.22031405568122864,0.23199567943811417
956,lejepa,gradcam,predicted,backbone.layer2,0,0,0,0.2918737530708313,0.3901727795600891,0.3410232663154602
957,lejepa,gradcam,predicted,backbone.layer2,3,5,5,0.5383967161178589,0.5869210958480835,0.5626589059829712
958,lejepa,gradcam,predicted,backbone.layer2,7,7,7,0.4336841404438019,0.5166539549827576,0.4751690477132797
959,lejepa,gradcam,predicted,backbone.layer2,8,8,8,0.3632720708847046,0.372350811958313,0.3678114414215088
896,lejepa,gradcam,predicted,backbone.layer3,3,6,6,0.11539215594530106,0.40147915482521057,0.2584356553852558
897,lejepa,gradcam,predicted,backbone.layer3,7,7,7,-0.1471860557794571,0.2847926616668701,0.06880330294370651
898,lejepa,gradcam,predicted,backbone.layer3,3,6,6,0.5080237984657288,0.24769790470600128,0.377860851585865
899,lejepa,gradcam,predicted,backbone.layer3,5,5,5,0.24401433765888214,0.40880870819091797,0.32641152292490005
900,lejepa,gradcam,predicted,backbone.layer3,2,6,6,-0.34522712230682373,0.3087307810783386,-0.018248170614242554
901,lejepa,gradcam,predicted,backbone.layer3,6,6,6,0.6907090544700623,0.521044135093689,0.6058765947818756
902,lejepa,gradcam,predicted,backbone.layer3,6,6,6,0.20566223561763763,0.3114544153213501,0.25855832546949387
903,lejepa,gradcam,predicted,backbone.layer3,5,5,5,0.03130384162068367,0.17621546983718872,0.1037596557289362
904,lejepa,gradcam,predicted,backbone.layer3,8,8,8,0.1717958003282547,0.3233630955219269,0.2475794479250908
905,lejepa,gradcam,predicted,backbone.layer3,7,5,5,-0.1315952092409134,0.0826069787144661,-0.024494115263223648
906,lejepa,gradcam,predicted,backbone.layer3,1,0,0,-0.44292280077934265,0.4019087851047516,-0.020507007837295532
907,lejepa,gradcam,predicted,backbone.layer3,6,6,6,0.79544997215271,0.40159353613853455,0.5985217541456223
908,lejepa,gradcam,predicted,backbone.layer3,8,8,8,-0.08020012080669403,0.23019279539585114,0.07499633729457855
909,lejepa,gradcam,predicted,backbone.layer3,8,8,8,0.17750674486160278,0.26753684878349304,0.2225217968225479
910,lejepa,gradcam,predicted,backbone.layer3,5,5,5,0.5542327761650085,0.2967928647994995,0.42551282048225403
911,lejepa,gradcam,predicted,backbone.layer3,3,3,3,-0.18903577327728271,0.35155218839645386,0.08125820755958557
912,lejepa,gradcam,predicted,backbone.layer3,0,6,6,0.568819522857666,0.39526277780532837,0.4820411503314972
913,lejepa,gradcam,predicted,backbone.layer3,4,5,5,0.6035221815109253,0.2379455715417862,0.42073387652635574
914,lejepa,gradcam,predicted,backbone.layer3,0,0,0,0.8958840370178223,0.5547131299972534,0.7252985835075378
915,lejepa,gradcam,predicted,backbone.layer3,1,1,1,0.24806681275367737,0.46673569083213806,0.3574012517929077
916,lejepa,gradcam,predicted,backbone.layer3,3,5,5,0.6527105569839478,0.39508911967277527,0.5238998383283615
917,lejepa,gradcam,predicted,backbone.layer3,8,8,8,0.2857167720794678,0.39770469069480896,0.34171073138713837
918,lejepa,gradcam,predicted,backbone.layer3,8,1,1,-0.08944123983383179,0.3870995044708252,0.1488291323184967
919,lejepa,gradcam,predicted,backbone.layer3,0,0,0,0.8442815542221069,0.47551193833351135,0.6598967462778091
920,lejepa,gradcam,predicted,backbone.layer3,6,6,6,0.7051228880882263,0.3483745753765106,0.5267487317323685
921,lejepa,gradcam,predicted,backbone.layer3,9,9,9,0.435360312461853,0.42127883434295654,0.4283195734024048
922,lejepa,gradcam,predicted,backbone.layer3,9,9,9,0.20803524553775787,0.27069804072380066,0.23936664313077927
923,lejepa,gradcam,predicted,backbone.layer3,9,9,9,0.29851439595222473,0.39549481868743896,0.34700460731983185
924,lejepa,gradcam,predicted,backbone.layer3,5,5,5,0.954972505569458,0.38770532608032227,0.6713389158248901
925,lejepa,gradcam,predicted,backbone.layer3,5,3,3,0.7433491349220276,0.5110763311386108,0.6272127330303192
926,lejepa,gradcam,predicted,backbone.layer3,8,8,8,0.5488710999488831,0.42930957674980164,0.48909033834934235
927,lejepa,gradcam,predicted,backbone.layer3,6,6,6,0.7835389971733093,0.3180201053619385,0.5507795512676239
928,lejepa,gradcam,predicted,backbone.layer3,0,0,0,-0.4430171251296997,0.3509172797203064,-0.046049922704696655
929,lejepa,gradcam,predicted,backbone.layer3,0,0,0,0.6882843375205994,0.4410969316959381,0.5646906346082687
930,lejepa,gradcam,predicted,backbone.layer3,4,4,4,-0.4937233626842499,0.28494298458099365,-0.10439018905162811
931,lejepa,gradcam,predicted,backbone.layer3,2,2,2,-0.1879783272743225,0.22239544987678528,0.017208561301231384
932,lejepa,gradcam,predicted,backbone.layer3,3,3,3,-0.003552462439984083,0.17139367759227753,0.08392060757614672
933,lejepa,gradcam,predicted,backbone.layer3,2,3,3,0.05046703293919563,0.34900709986686707,0.19973706640303135
934,lejepa,gradcam,predicted,backbone.layer3,7,7,7,0.08639749884605408,0.4928072988986969,0.2896023988723755
935,lejepa,gradcam,predicted,backbone.layer3,2,2,2,-0.4616667926311493,0.3087668716907501,-0.07644996047019958
936,lejepa,gradcam,predicted,backbone.layer3,2,2,2,0.4357849359512329,0.3667110502719879,0.4012479931116104
937,lejepa,gradcam,predicted,backbone.layer3,5,5,5,0.5417075157165527,0.39188167452812195,0.46679459512233734
938,lejepa,gradcam,predicted,backbone.layer3,9,9,9,0.7386742830276489,0.21571171283721924,0.4771929979324341
939,lejepa,gradcam,predicted,backbone.layer3,8,8,8,0.8310021758079529,0.30814388394355774,0.5695730298757553
940,lejepa,gradcam,predicted,backbone.layer3,9,9,9,0.7936323285102844,0.39966487884521484,0.5966486036777496
941,lejepa,gradcam,predicted,backbone.layer3,1,1,1,0.36066505312919617,0.30296626687049866,0.3318156599998474
942,lejepa,gradcam,predicted,backbone.layer3,7,7,7,0.8081719875335693,0.3742050528526306,0.5911885201931
943,lejepa,gradcam,predicted,backbone.layer3,4,4,4,-0.24860699474811554,0.31243425607681274,0.0319136306643486
944,lejepa,gradcam,predicted,backbone.layer3,0,0,0,0.4037286341190338,0.559310793876648,0.4815197139978409
945,lejepa,gradcam,predicted,backbone.layer3,3,3,3,0.3591039478778839,0.28483814001083374,0.3219710439443588
946,lejepa,gradcam,predicted,backbone.layer3,0,0,0,-0.3531531095504761,0.3053104281425476,-0.023921340703964233
947,lejepa,gradcam,predicted,backbone.layer3,1,1,1,0.7268014550209045,0.363043874502182,0.5449226647615433
948,lejepa,gradcam,predicted,backbone.layer3,3,4,4,-0.5437731742858887,0.23495110869407654,-0.15441103279590607
949,lejepa,gradcam,predicted,backbone.layer3,8,8,8,-0.12481307238340378,0.3749532997608185,0.12507011368870735
950,lejepa,gradcam,predicted,backbone.layer3,3,2,2,-0.19397984445095062,0.40253207087516785,0.10427611321210861
951,lejepa,gradcam,predicted,backbone.layer3,9,9,9,0.46643152832984924,0.5687586069107056,0.5175950676202774
952,lejepa,gradcam,predicted,backbone.layer3,6,6,6,0.29865673184394836,0.41812121868133545,0.3583889752626419
953,lejepa,gradcam,predicted,backbone.layer3,1,1,1,0.9196680784225464,0.5217103958129883,0.7206892371177673
954,lejepa,gradcam,predicted,backbone.layer3,4,4,4,-0.4670998156070709,0.27528226375579834,-0.09590877592563629
955,lejepa,gradcam,predicted,backbone.layer3,7,7,7,0.22497674822807312,0.40174296498298645,0.3133598566055298
956,lejepa,gradcam,predicted,backbone.layer3,0,0,0,-0.5319640040397644,0.3289814591407776,-0.10149127244949341
957,lejepa,gradcam,predicted,backbone.layer3,3,5,5,0.7744771242141724,0.4586236774921417,0.616550400853157
958,lejepa,gradcam,predicted,backbone.layer3,7,7,7,0.6051005125045776,0.4755384027957916,0.5403194576501846
959,lejepa,gradcam,predicted,backbone.layer3,8,8,8,-0.6370907425880432,0.26903778314590454,-0.18402647972106934
896,lejepa,gradcam,predicted,backbone.layer4,3,6,6,0.5145743489265442,0.5594799518585205,0.5370271503925323
897,lejepa,gradcam,predicted,backbone.layer4,7,7,7,0.60577392578125,0.5885130763053894,0.5971435010433197
898,lejepa,gradcam,predicted,backbone.layer4,3,6,6,0.5610668063163757,0.44355008006095886,0.5023084431886673
899,lejepa,gradcam,predicted,backbone.layer4,5,5,5,0.5586271286010742,0.6260022521018982,0.5923146903514862
900,lejepa,gradcam,predicted,backbone.layer4,2,6,6,0.06653619557619095,0.46284428238868713,0.26469023898243904
901,lejepa,gradcam,predicted,backbone.layer4,6,6,6,0.19205264747142792,0.48675745725631714,0.33940505236387253
902,lejepa,gradcam,predicted,backbone.layer4,6,6,6,0.4671045243740082,0.621977686882019,0.5445411056280136
903,lejepa,gradcam,predicted,backbone.layer4,5,5,5,0.3472570776939392,0.5472468137741089,0.44725194573402405
904,lejepa,gradcam,predicted,backbone.layer4,8,8,8,0.35034051537513733,0.5484507083892822,0.4493956118822098
905,lejepa,gradcam,predicted,backbone.layer4,7,5,5,0.7019559144973755,0.48706576228141785,0.5945108383893967
906,lejepa,gradcam,predicted,backbone.layer4,1,0,0,0.034559547901153564,0.4850561320781708,0.25980783998966217
907,lejepa,gradcam,predicted,backbone.layer4,6,6,6,0.313260555267334,0.5110765695571899,0.41216856241226196
908,lejepa,gradcam,predicted,backbone.layer4,8,8,8,0.22764214873313904,0.4832577705383301,0.35544995963573456
909,lejepa,gradcam,predicted,backbone.layer4,8,8,8,0.46087372303009033,0.5122544765472412,0.48656409978866577
910,lejepa,gradcam,predicted,backbone.layer4,5,5,5,0.755138099193573,0.57075035572052,0.6629442274570465
911,lejepa,gradcam,predicted,backbone.layer4,3,3,3,0.5284592509269714,0.542523205280304,0.5354912281036377
912,lejepa,gradcam,predicted,backbone.layer4,0,6,6,0.13217251002788544,0.3706222176551819,0.25139736384153366
913,lejepa,gradcam,predicted,backbone.layer4,4,5,5,0.5262443423271179,0.46969789266586304,0.4979711174964905
914,lejepa,gradcam,predicted,backbone.layer4,0,0,0,0.526301920413971,0.6631571650505066,0.5947295427322388
915,lejepa,gradcam,predicted,backbone.layer4,1,1,1,0.4236423373222351,0.5127954483032227,0.4682188928127289
916,lejepa,gradcam,predicted,backbone.layer4,3,5,5,0.5460860133171082,0.5552045702934265,0.5506452918052673
917,lejepa,gradcam,predicted,backbone.layer4,8,8,8,0.33321747183799744,0.5264543294906616,0.42983590066432953
918,lejepa,gradcam,predicted,backbone.layer4,8,1,1,0.3901258111000061,0.4839201271533966,0.43702296912670135
919,lejepa,gradcam,predicted,backbone.layer4,0,0,0,0.8369491100311279,0.7087154388427734,0.7728322744369507
920,lejepa,gradcam,predicted,backbone.layer4,6,6,6,0.4417598247528076,0.5259966850280762,0.4838782548904419
921,lejepa,gradcam,predicted,backbone.layer4,9,9,9,0.5930238366127014,0.5781201124191284,0.5855719745159149
922,lejepa,gradcam,predicted,backbone.layer4,9,9,9,0.1951991766691208,0.45130425691604614,0.32325171679258347
923,lejepa,gradcam,predicted,backbone.layer4,9,9,9,0.6386785507202148,0.5413090586662292,0.589993804693222
924,lejepa,gradcam,predicted,backbone.layer4,5,5,5,0.7070903182029724,0.5500959753990173,0.6285931468009949
925,lejepa,gradcam,predicted,backbone.layer4,5,3,3,0.5147030353546143,0.505572497844696,0.5101377665996552
926,lejepa,gradcam,predicted,backbone.layer4,8,8,8,0.718608558177948,0.6572340130805969,0.6879212856292725
927,lejepa,gradcam,predicted,backbone.layer4,6,6,6,0.5473290085792542,0.6610439419746399,0.604186475276947
928,lejepa,gradcam,predicted,backbone.layer4,0,0,0,0.6014708876609802,0.5813430547714233,0.5914069712162018
929,lejepa,gradcam,predicted,backbone.layer4,0,0,0,0.39535942673683167,0.5726796388626099,0.48401953279972076
930,lejepa,gradcam,predicted,backbone.layer4,4,4,4,0.5957801342010498,0.5391739010810852,0.5674770176410675
931,lejepa,gradcam,predicted,backbone.layer4,2,2,2,0.5128019452095032,0.655152440071106,0.5839771926403046
932,lejepa,gradcam,predicted,backbone.layer4,3,3,3,0.19654089212417603,0.522230327129364,0.35938560962677
933,lejepa,gradcam,predicted,backbone.layer4,2,3,3,0.05987653136253357,0.4097556173801422,0.2348160743713379
934,lejepa,gradcam,predicted,backbone.layer4,7,7,7,0.49267736077308655,0.44707491993904114,0.46987614035606384
935,lejepa,gradcam,predicted,backbone.layer4,2,2,2,0.7267603278160095,0.6568151116371155,0.6917877197265625
936,lejepa,gradcam,predicted,backbone.layer4,2,2,2,0.5426309108734131,0.5663186311721802,0.5544747710227966
937,lejepa,gradcam,predicted,backbone.layer4,5,5,5,0.645296573638916,0.5488887429237366,0.5970926582813263
938,lejepa,gradcam,predicted,backbone.layer4,9,9,9,0.6212632060050964,0.589547336101532,0.6054052710533142
939,lejepa,gradcam,predicted,backbone.layer4,8,8,8,0.6569413542747498,0.5271270871162415,0.5920342206954956
940,lejepa,gradcam,predicted,backbone.layer4,9,9,9,0.5990502834320068,0.5705786347389221,0.5848144590854645
941,lejepa,gradcam,predicted,backbone.layer4,1,1,1,0.4708172678947449,0.5236448049545288,0.49723103642463684
942,lejepa,gradcam,predicted,backbone.layer4,7,7,7,0.6952245235443115,0.5497293472290039,0.6224769353866577
943,lejepa,gradcam,predicted,backbone.layer4,4,4,4,0.6637370586395264,0.6696987152099609,0.6667178869247437
944,lejepa,gradcam,predicted,backbone.layer4,0,0,0,0.1622340977191925,0.45632582902908325,0.3092799633741379
945,lejepa,gradcam,predicted,backbone.layer4,3,3,3,0.5238915085792542,0.5512544512748718,0.537572979927063
946,lejepa,gradcam,predicted,backbone.layer4,0,0,0,0.30034828186035156,0.5160366296768188,0.4081924557685852
947,lejepa,gradcam,predicted,backbone.layer4,1,1,1,0.36517050862312317,0.44662946462631226,0.4058999866247177
948,lejepa,gradcam,predicted,backbone.layer4,3,4,4,0.40988850593566895,0.5744406580924988,0.49216458201408386
949,lejepa,gradcam,predicted,backbone.layer4,8,8,8,0.6246088147163391,0.5586684346199036,0.5916386246681213
950,lejepa,gradcam,predicted,backbone.layer4,3,2,2,-0.16761687397956848,0.5240995287895203,0.1782413274049759
951,lejepa,gradcam,predicted,backbone.layer4,9,9,9,0.4736444652080536,0.5598650574684143,0.516754761338234
952,lejepa,gradcam,predicted,backbone.layer4,6,6,6,0.24120895564556122,0.5393404960632324,0.3902747258543968
953,lejepa,gradcam,predicted,backbone.layer4,1,1,1,0.6517764925956726,0.5115193128585815,0.5816479027271271
954,lejepa,gradcam,predicted,backbone.layer4,4,4,4,0.20026659965515137,0.5190891027450562,0.35967785120010376
955,lejepa,gradcam,predicted,backbone.layer4,7,7,7,0.5414273142814636,0.5401508212089539,0.5407890677452087
956,lejepa,gradcam,predicted,backbone.layer4,0,0,0,0.14720700681209564,0.39224275946617126,0.26972488313913345
957,lejepa,gradcam,predicted,backbone.layer4,3,5,5,0.49542155861854553,0.4962208569049835,0.4958212077617645
958,lejepa,gradcam,predicted,backbone.layer4,7,7,7,0.636910080909729,0.5192283987998962,0.5780692398548126
959,lejepa,gradcam,predicted,backbone.layer4,8,8,8,0.823498010635376,0.6529037952423096,0.7382009029388428
960,lejepa,gradcam,predicted,backbone.layer1,9,9,9,0.1063283309340477,0.03760972619056702,0.07196902856230736
961,lejepa,gradcam,predicted,backbone.layer1,1,2,2,0.13212954998016357,0.12046012282371521,0.1262948364019394
962,lejepa,gradcam,predicted,backbone.layer1,1,1,1,0.3460328280925751,0.28412267565727234,0.3150777518749237
963,lejepa,gradcam,predicted,backbone.layer1,6,6,6,0.08079887926578522,0.29283663630485535,0.18681775778532028
964,lejepa,gradcam,predicted,backbone.layer1,6,6,6,0.31356170773506165,0.4999254643917084,0.406743586063385
965,lejepa,gradcam,predicted,backbone.layer1,6,5,5,-0.16676592826843262,0.09289725124835968,-0.03693433851003647
966,lejepa,gradcam,predicted,backbone.layer1,6,6,6,0.2700941562652588,0.5380226969718933,0.40405842661857605
967,lejepa,gradcam,predicted,backbone.layer1,9,9,9,0.4562166929244995,0.3528231978416443,0.4045199453830719
968,lejepa,gradcam,predicted,backbone.layer1,1,1,1,0.41298627853393555,0.2184402495622635,0.3157132640480995
969,lejepa,gradcam,predicted,backbone.layer1,9,9,9,0.27303317189216614,0.3001865744590759,0.28660987317562103
970,lejepa,gradcam,predicted,backbone.layer1,9,9,9,-0.03145088627934456,0.022998781874775887,-0.004226052202284336
971,lejepa,gradcam,predicted,backbone.layer1,4,4,4,-0.020593762397766113,0.3783824145793915,0.17889432609081268
972,lejepa,gradcam,predicted,backbone.layer1,2,6,6,0.21977636218070984,0.4700341522693634,0.3449052572250366
973,lejepa,gradcam,predicted,backbone.layer1,1,1,1,0.19496726989746094,0.3787479102611542,0.28685759007930756
974,lejepa,gradcam,predicted,backbone.layer1,7,0,0,-0.22619900107383728,0.30774450302124023,0.04077275097370148
975,lejepa,gradcam,predicted,backbone.layer1,0,0,0,-0.036150138825178146,0.1559482216835022,0.059899041429162025
976,lejepa,gradcam,predicted,backbone.layer1,6,6,6,0.26015689969062805,0.47746363282203674,0.3688102662563324
977,lejepa,gradcam,predicted,backbone.layer1,8,8,8,0.7244885563850403,0.4048459827899933,0.5646672695875168
978,lejepa,gradcam,predicted,backbone.layer1,1,1,1,0.19908154010772705,0.4014178514480591,0.30024969577789307
979,lejepa,gradcam,predicted,backbone.layer1,9,9,9,-0.07235322147607803,0.00638999417424202,-0.03298161365091801
980,lejepa,gradcam,predicted,backbone.layer1,2,3,3,0.13665585219860077,0.07703541219234467,0.10684563219547272
981,lejepa,gradcam,predicted,backbone.layer1,9,9,9,0.24828515946865082,0.37667128443717957,0.3124782219529152
982,lejepa,gradcam,predicted,backbone.layer1,0,2,2,0.11581398546695709,0.28692591190338135,0.20136994868516922
983,lejepa,gradcam,predicted,backbone.layer1,4,7,7,0.010229992680251598,0.016248956322669983,0.01323947450146079
984,lejepa,gradcam,predicted,backbone.layer1,7,7,7,0.1855342537164688,0.1344183087348938,0.1599762812256813
985,lejepa,gradcam,predicted,backbone.layer1,8,8,8,0.7612501382827759,0.5482949614524841,0.65477254986763
986,lejepa,gradcam,predicted,backbone.layer1,3,3,3,0.35696250200271606,0.3515596389770508,0.3542610704898834
987,lejepa,gradcam,predicted,backbone.layer1,1,1,1,0.3857669532299042,0.35029181838035583,0.36802938580513
988,lejepa,gradcam,predicted,backbone.layer1,2,4,4,0.3440438508987427,0.3327869772911072,0.3384154140949249
989,lejepa,gradcam,predicted,backbone.layer1,0,0,0,-0.12241960316896439,0.1149691641330719,-0.0037252195179462433
990,lejepa,gradcam,predicted,backbone.layer1,1,1,1,0.2190140038728714,0.15781299769878387,0.18841350078582764
991,lejepa,gradcam,predicted,backbone.layer1,5,2,2,0.04246745631098747,0.06250202655792236,0.05248474143445492
992,lejepa,gradcam,predicted,backbone.layer1,8,8,8,0.12271565943956375,0.2714877128601074,0.1971016861498356
993,lejepa,gradcam,predicted,backbone.layer1,4,7,7,0.21168912947177887,0.24584732949733734,0.2287682294845581
994,lejepa,gradcam,predicted,backbone.layer1,6,2,2,0.39980220794677734,0.4248546361923218,0.41232842206954956
995,lejepa,gradcam,predicted,backbone.layer1,3,4,4,0.20251724123954773,0.22001507878303528,0.2112661600112915
996,lejepa,gradcam,predicted,backbone.layer1,8,8,8,0.33564117550849915,0.29989784955978394,0.31776951253414154
997,lejepa,gradcam,predicted,backbone.layer1,1,1,1,0.4549611508846283,0.27395641803741455,0.3644587844610214
998,lejepa,gradcam,predicted,backbone.layer1,3,3,3,0.28226348757743835,0.4541962444782257,0.36822986602783203
999,lejepa,gradcam,predicted,backbone.layer1,8,8,8,0.43849459290504456,0.3445052206516266,0.39149990677833557
960,lejepa,gradcam,predicted,backbone.layer2,9,9,9,0.44588637351989746,0.4884783625602722,0.46718236804008484
961,lejepa,gradcam,predicted,backbone.layer2,1,2,2,0.11746695637702942,0.3206307590007782,0.2190488576889038
962,lejepa,gradcam,predicted,backbone.layer2,1,1,1,0.23693720996379852,0.39593273401260376,0.31643497198820114
963,lejepa,gradcam,predicted,backbone.layer2,6,6,6,-0.03654596582055092,0.10903946310281754,0.03624674864113331
964,lejepa,gradcam,predicted,backbone.layer2,6,6,6,-0.24324846267700195,0.14292462170124054,-0.05016192048788071
965,lejepa,gradcam,predicted,backbone.layer2,6,5,5,0.08613014221191406,0.2760775685310364,0.18110385537147522
966,lejepa,gradcam,predicted,backbone.layer2,6,6,6,-0.14161378145217896,0.20396888256072998,0.031177550554275513
967,lejepa,gradcam,predicted,backbone.layer2,9,9,9,0.1770804524421692,0.3130781352519989,0.24507929384708405
968,lejepa,gradcam,predicted,backbone.layer2,1,1,1,0.3524385094642639,0.3522163927555084,0.35232745110988617
969,lejepa,gradcam,predicted,backbone.layer2,9,9,9,-0.1073680967092514,0.2101309448480606,0.0513814240694046
970,lejepa,gradcam,predicted,backbone.layer2,9,9,9,0.5962168574333191,0.5359969735145569,0.566106915473938
971,lejepa,gradcam,predicted,backbone.layer2,4,4,4,-0.16655246913433075,0.3038591742515564,0.06865335255861282
972,lejepa,gradcam,predicted,backbone.layer2,2,6,6,-0.1432245820760727,0.17260950803756714,0.014692462980747223
973,lejepa,gradcam,predicted,backbone.layer2,1,1,1,0.10746123641729355,0.34057432413101196,0.22401778027415276
974,lejepa,gradcam,predicted,backbone.layer2,7,0,0,-0.19334761798381805,0.30500248074531555,0.05582743138074875
975,lejepa,gradcam,predicted,backbone.layer2,0,0,0,-0.1142655536532402,0.4172956347465515,0.15151504054665565
976,lejepa,gradcam,predicted,backbone.layer2,6,6,6,0.14179636538028717,0.24758383631706238,0.19469010084867477
977,lejepa,gradcam,predicted,backbone.layer2,8,8,8,-0.1726367473602295,0.1549896001815796,-0.008823573589324951
978,lejepa,gradcam,predicted,backbone.layer2,1,1,1,-0.026006316766142845,0.32553771138191223,0.1497656973078847
979,lejepa,gradcam,predicted,backbone.layer2,9,9,9,0.005808279383927584,0.35305482149124146,0.17943155043758452
980,lejepa,gradcam,predicted,backbone.layer2,2,3,3,-0.037964414805173874,0.21655981242656708,0.0892976988106966
981,lejepa,gradcam,predicted,backbone.layer2,9,9,9,-0.1484851986169815,0.18478310108184814,0.01814895123243332
982,lejepa,gradcam,predicted,backbone.layer2,0,2,2,0.130997434258461,0.3092922568321228,0.2201448455452919
983,lejepa,gradcam,predicted,backbone.layer2,4,7,7,-0.15857309103012085,0.2865511178970337,0.06398901343345642
984,lejepa,gradcam,predicted,backbone.layer2,7,7,7,0.03948487341403961,0.39792659878730774,0.21870573610067368
985,lejepa,gradcam,predicted,backbone.layer2,8,8,8,-0.12028303742408752,0.02958001382648945,-0.04535151179879904
986,lejepa,gradcam,predicted,backbone.layer2,3,3,3,-0.07438641041517258,0.12988989055156708,0.02775174006819725
987,lejepa,gradcam,predicted,backbone.layer2,1,1,1,0.39874452352523804,0.37766584753990173,0.3882051855325699
988,lejepa,gradcam,predicted,backbone.layer2,2,4,4,-0.1661349982023239,0.228152334690094,0.03100866824388504
989,lejepa,gradcam,predicted,backbone.layer2,0,0,0,-0.11852599680423737,0.26911163330078125,0.07529281824827194
990,lejepa,gradcam,predicted,backbone.layer2,1,1,1,0.016954533755779266,0.2861015498638153,0.1515280418097973
991,lejepa,gradcam,predicted,backbone.layer2,5,2,2,0.1861039698123932,0.3175938129425049,0.25184889137744904
992,lejepa,gradcam,predicted,backbone.layer2,8,8,8,0.10571081936359406,0.2645241618156433,0.18511749058961868
993,lejepa,gradcam,predicted,backbone.layer2,4,7,7,-0.22417674958705902,0.2248954325914383,0.00035934150218963623
994,lejepa,gradcam,predicted,backbone.layer2,6,2,2,0.12456461787223816,0.21941131353378296,0.17198796570301056
995,lejepa,gradcam,predicted,backbone.layer2,3,4,4,-0.015544047579169273,0.2011980563402176,0.09282700438052416
996,lejepa,gradcam,predicted,backbone.layer2,8,8,8,-0.10570258647203445,0.358338862657547,0.12631813809275627
997,lejepa,gradcam,predicted,backbone.layer2,1,1,1,0.3290305435657501,0.4230204224586487,0.3760254830121994
998,lejepa,gradcam,predicted,backbone.layer2,3,3,3,-0.191517636179924,0.14208930730819702,-0.024714164435863495
999,lejepa,gradcam,predicted,backbone.layer2,8,8,8,0.023209257051348686,0.3116770386695862,0.16744314786046743
960,lejepa,gradcam,predicted,backbone.layer3,9,9,9,0.5542343258857727,0.3315422832965851,0.4428883045911789
961,lejepa,gradcam,predicted,backbone.layer3,1,2,2,-0.4768737852573395,0.3274648189544678,-0.07470448315143585
962,lejepa,gradcam,predicted,backbone.layer3,1,1,1,0.46462753415107727,0.4146999418735504,0.43966373801231384
963,lejepa,gradcam,predicted,backbone.layer3,6,6,6,0.6879217028617859,0.3286806344985962,0.508301168680191
964,lejepa,gradcam,predicted,backbone.layer3,6,6,6,0.10599251836538315,0.44066688418388367,0.2733297012746334
965,lejepa,gradcam,predicted,backbone.layer3,6,5,5,0.8918105959892273,0.334598183631897,0.6132043898105621
966,lejepa,gradcam,predicted,backbone.layer3,6,6,6,0.7589868307113647,0.3477942943572998,0.5533905625343323
967,lejepa,gradcam,predicted,backbone.layer3,9,9,9,0.7866376638412476,0.4833386540412903,0.6349881589412689
968,lejepa,gradcam,predicted,backbone.layer3,1,1,1,0.516919732093811,0.49561619758605957,0.5062679648399353
969,lejepa,gradcam,predicted,backbone.layer3,9,9,9,-0.053664449602365494,0.3800656497478485,0.1632006000727415
970,lejepa,gradcam,predicted,backbone.layer3,9,9,9,0.0074950167909264565,0.330918550491333,0.16920678364112973
971,lejepa,gradcam,predicted,backbone.layer3,4,4,4,-0.5632567405700684,0.23169252276420593,-0.1657821089029312
972,lejepa,gradcam,predicted,backbone.layer3,2,6,6,-0.2558588981628418,0.382879376411438,0.0635102391242981
973,lejepa,gradcam,predicted,backbone.layer3,1,1,1,0.5050234794616699,0.40597406029701233,0.4554987698793411
974,lejepa,gradcam,predicted,backbone.layer3,7,0,0,0.431594580411911,0.5810273289680481,0.5063109546899796
975,lejepa,gradcam,predicted,backbone.layer3,0,0,0,-0.08801742643117905,0.49572187662124634,0.20385222509503365
976,lejepa,gradcam,predicted,backbone.layer3,6,6,6,0.7783776521682739,0.3916856646537781,0.585031658411026
977,lejepa,gradcam,predicted,backbone.layer3,8,8,8,-0.1532226800918579,0.3316311538219452,0.08920423686504364
978,lejepa,gradcam,predicted,backbone.layer3,1,1,1,0.6185414791107178,0.3606009781360626,0.4895712286233902
979,lejepa,gradcam,predicted,backbone.layer3,9,9,9,0.3638133406639099,0.3728041648864746,0.36830875277519226
980,lejepa,gradcam,predicted,backbone.layer3,2,3,3,0.12994365394115448,0.2611366808414459,0.1955401673913002
981,lejepa,gradcam,predicted,backbone.layer3,9,9,9,-0.09727483987808228,0.23749174177646637,0.07010845094919205
982,lejepa,gradcam,predicted,backbone.layer3,0,2,2,-0.15475915372371674,0.21469880640506744,0.029969826340675354
983,lejepa,gradcam,predicted,backbone.layer3,4,7,7,0.42025452852249146,0.4141498804092407,0.4172022044658661
984,lejepa,gradcam,predicted,backbone.layer3,7,7,7,0.10326352715492249,0.36943042278289795,0.23634697496891022
985,lejepa,gradcam,predicted,backbone.layer3,8,8,8,-0.2789454460144043,0.3258551061153412,0.023454830050468445
986,lejepa,gradcam,predicted,backbone.layer3,3,3,3,0.22991901636123657,0.3114897906780243,0.27070440351963043
987,lejepa,gradcam,predicted,backbone.layer3,1,1,1,0.17024222016334534,0.3755183517932892,0.27288028597831726
988,lejepa,gradcam,predicted,backbone.layer3,2,4,4,-0.5679118633270264,0.29943323135375977,-0.1342393159866333
989,lejepa,gradcam,predicted,backbone.layer3,0,0,0,0.6539064645767212,0.44324907660484314,0.5485777705907822
990,lejepa,gradcam,predicted,backbone.layer3,1,1,1,0.8355094194412231,0.45442238450050354,0.6449659019708633
991,lejepa,gradcam,predicted,backbone.layer3,5,2,2,-0.5794398188591003,0.370098739862442,-0.10467053949832916
992,lejepa,gradcam,predicted,backbone.layer3,8,8,8,0.3377235531806946,0.4977179169654846,0.4177207350730896
993,lejepa,gradcam,predicted,backbone.layer3,4,7,7,0.034783270210027695,0.3929092586040497,0.2138462644070387
994,lejepa,gradcam,predicted,backbone.layer3,6,2,2,-0.10241035372018814,0.41215503215789795,0.1548723392188549
995,lejepa,gradcam,predicted,backbone.layer3,3,4,4,-0.6187581419944763,0.24812661111354828,-0.18531576544046402
996,lejepa,gradcam,predicted,backbone.layer3,8,8,8,0.25262629985809326,0.3258758783340454,0.28925108909606934
997,lejepa,gradcam,predicted,backbone.layer3,1,1,1,0.6080535054206848,0.4532648026943207,0.5306591540575027
998,lejepa,gradcam,predicted,backbone.layer3,3,3,3,0.3018992245197296,0.33284109830856323,0.3173701614141464
999,lejepa,gradcam,predicted,backbone.layer3,8,8,8,-0.17035216093063354,0.366771936416626,0.09820988774299622
960,lejepa,gradcam,predicted,backbone.layer4,9,9,9,0.4738728404045105,0.5693670511245728,0.5216199457645416
961,lejepa,gradcam,predicted,backbone.layer4,1,2,2,-0.209305077791214,0.4785606265068054,0.13462777435779572
962,lejepa,gradcam,predicted,backbone.layer4,1,1,1,0.34824469685554504,0.4023664891719818,0.3753055930137634
963,lejepa,gradcam,predicted,backbone.layer4,6,6,6,0.22185640037059784,0.4815768301486969,0.35171661525964737
964,lejepa,gradcam,predicted,backbone.layer4,6,6,6,0.21555030345916748,0.5011178851127625,0.35833409428596497
965,lejepa,gradcam,predicted,backbone.layer4,6,5,5,0.5391218662261963,0.5147038698196411,0.5269128680229187
966,lejepa,gradcam,predicted,backbone.layer4,6,6,6,0.6095579266548157,0.5668833255767822,0.588220626115799
967,lejepa,gradcam,predicted,backbone.layer4,9,9,9,0.1775778979063034,0.43383127450942993,0.30570458620786667
968,lejepa,gradcam,predicted,backbone.layer4,1,1,1,0.6442393064498901,0.6026527881622314,0.6234460473060608
969,lejepa,gradcam,predicted,backbone.layer4,9,9,9,0.5158126950263977,0.6102002263069153,0.5630064606666565
970,lejepa,gradcam,predicted,backbone.layer4,9,9,9,0.3846766948699951,0.5478991270065308,0.46628791093826294
971,lejepa,gradcam,predicted,backbone.layer4,4,4,4,0.6531363725662231,0.6571006178855896,0.6551184952259064
972,lejepa,gradcam,predicted,backbone.layer4,2,6,6,0.4462934732437134,0.5755993127822876,0.5109463930130005
973,lejepa,gradcam,predicted,backbone.layer4,1,1,1,0.3049343228340149,0.44070887565612793,0.3728215992450714
974,lejepa,gradcam,predicted,backbone.layer4,7,0,0,0.43160709738731384,0.5095297694206238,0.4705684334039688
975,lejepa,gradcam,predicted,backbone.layer4,0,0,0,0.5829600095748901,0.6281919479370117,0.6055759787559509
976,lejepa,gradcam,predicted,backbone.layer4,6,6,6,0.5574043393135071,0.5881330370903015,0.5727686882019043
977,lejepa,gradcam,predicted,backbone.layer4,8,8,8,0.21719340980052948,0.5090630650520325,0.363128237426281
978,lejepa,gradcam,predicted,backbone.layer4,1,1,1,0.5436387062072754,0.486411452293396,0.5150250792503357
979,lejepa,gradcam,predicted,backbone.layer4,9,9,9,0.6852298974990845,0.5885095596313477,0.6368697285652161
980,lejepa,gradcam,predicted,backbone.layer4,2,3,3,0.36165836453437805,0.47667181491851807,0.41916508972644806
981,lejepa,gradcam,predicted,backbone.layer4,9,9,9,0.32011666893959045,0.4676145017147064,0.39386558532714844
982,lejepa,gradcam,predicted,backbone.layer4,0,2,2,0.12125939130783081,0.49409589171409607,0.30767764151096344
983,lejepa,gradcam,predicted,backbone.layer4,4,7,7,0.2323368936777115,0.4345128536224365,0.333424873650074
984,lejepa,gradcam,predicted,backbone.layer4,7,7,7,0.22266103327274323,0.4372920095920563,0.32997652143239975
985,lejepa,gradcam,predicted,backbone.layer4,8,8,8,0.3388212025165558,0.5702661275863647,0.45454366505146027
986,lejepa,gradcam,predicted,backbone.layer4,3,3,3,0.5878785848617554,0.5976355075836182,0.5927570462226868
987,lejepa,gradcam,predicted,backbone.layer4,1,1,1,0.5563464164733887,0.5150712132453918,0.5357088148593903
988,lejepa,gradcam,predicted,backbone.layer4,2,4,4,0.4287048578262329,0.5814214944839478,0.5050631761550903
989,lejepa,gradcam,predicted,backbone.layer4,0,0,0,0.03455084189772606,0.46845531463623047,0.25150307826697826
990,lejepa,gradcam,predicted,backbone.layer4,1,1,1,0.6188626885414124,0.5488896369934082,0.5838761627674103
991,lejepa,gradcam,predicted,backbone.layer4,5,2,2,-0.06540597975254059,0.4268397390842438,0.1807168796658516
992,lejepa,gradcam,predicted,backbone.layer4,8,8,8,0.7985566854476929,0.613772451877594,0.7061645686626434
993,lejepa,gradcam,predicted,backbone.layer4,4,7,7,0.5725671648979187,0.6158449649810791,0.5942060649394989
994,lejepa,gradcam,predicted,backbone.layer4,6,2,2,0.1412549614906311,0.5147829651832581,0.3280189633369446
995,lejepa,gradcam,predicted,backbone.layer4,3,4,4,0.801968514919281,0.6710925698280334,0.7365305423736572
996,lejepa,gradcam,predicted,backbone.layer4,8,8,8,0.5325304269790649,0.5614267587661743,0.5469785928726196
997,lejepa,gradcam,predicted,backbone.layer4,1,1,1,0.4908713698387146,0.63517165184021,0.5630215108394623
998,lejepa,gradcam,predicted,backbone.layer4,3,3,3,0.3089503049850464,0.49087196588516235,0.39991113543510437
999,lejepa,gradcam,predicted,backbone.layer4,8,8,8,0.5643834471702576,0.5313003063201904,0.547841876745224
