sample_idx,mode,xai_method,gradcam_target,layer,true_label,pred_label,target_label,corr_pca_xai,soft_iou_pca_xai,lsas
0,supervised,gradcam,predicted,backbone.layer1,3,3,3,-0.08157048374414444,0.23534634709358215,0.07688793167471886
1,supervised,gradcam,predicted,backbone.layer1,8,8,8,0.11972814798355103,0.05336020141839981,0.08654417470097542
2,supervised,gradcam,predicted,backbone.layer1,8,8,8,0.26490816473960876,0.11691205203533173,0.19091010838747025
3,supervised,gradcam,predicted,backbone.layer1,0,0,0,-0.3059011697769165,0.19172227382659912,-0.05708944797515869
4,supervised,gradcam,predicted,backbone.layer1,6,6,6,-0.056632623076438904,0.40403783321380615,0.17370260506868362
5,supervised,gradcam,predicted,backbone.layer1,6,6,6,0.2631998658180237,0.5147421360015869,0.3889710009098053
6,supervised,gradcam,predicted,backbone.layer1,1,1,1,0.39318525791168213,0.45703378319740295,0.42510952055454254
7,supervised,gradcam,predicted,backbone.layer1,6,6,6,0.32037603855133057,0.4502738416194916,0.38532494008541107
8,supervised,gradcam,predicted,backbone.layer1,3,3,3,0.016696808859705925,0.13669291138648987,0.0766948601230979
9,supervised,gradcam,predicted,backbone.layer1,1,1,1,0.1756037324666977,0.30296996235847473,0.2392868474125862
10,supervised,gradcam,predicted,backbone.layer1,0,0,0,0.07230441272258759,0.42710521817207336,0.24970481544733047
11,supervised,gradcam,predicted,backbone.layer1,9,9,9,0.3865847885608673,0.27862146496772766,0.3326031267642975
12,supervised,gradcam,predicted,backbone.layer1,5,5,5,-0.026033299043774605,0.08580824732780457,0.02988747414201498
13,supervised,gradcam,predicted,backbone.layer1,7,7,7,0.022741088643670082,0.015240794979035854,0.018990941811352968
14,supervised,gradcam,predicted,backbone.layer1,9,9,9,0.18816356360912323,0.11660318076610565,0.15238337218761444
15,supervised,gradcam,predicted,backbone.layer1,8,8,8,0.14446528255939484,0.2447325885295868,0.19459893554449081
16,supervised,gradcam,predicted,backbone.layer1,5,5,5,0.11618881672620773,0.15389195084571838,0.13504038378596306
17,supervised,gradcam,predicted,backbone.layer1,7,7,7,-0.04042704030871391,0.003109656972810626,-0.018658691667951643
18,supervised,gradcam,predicted,backbone.layer1,8,8,8,0.04214105382561684,0.12958554923534393,0.08586330153048038
19,supervised,gradcam,predicted,backbone.layer1,6,6,6,0.10184313356876373,0.4270528256893158,0.26444797962903976
20,supervised,gradcam,predicted,backbone.layer1,7,7,7,-0.04872427508234978,0.003680288791656494,-0.02252199314534664
21,supervised,gradcam,predicted,backbone.layer1,0,0,0,-0.3346617817878723,0.3929724097251892,0.029155313968658447
22,supervised,gradcam,predicted,backbone.layer1,4,4,4,0.08434899896383286,0.15421681106090546,0.11928290501236916
23,supervised,gradcam,predicted,backbone.layer1,9,9,9,0.169165700674057,0.1308344155550003,0.15000005811452866
24,supervised,gradcam,predicted,backbone.layer1,5,5,5,-0.006521186325699091,0.06210692971944809,0.0277928716968745
25,supervised,gradcam,predicted,backbone.layer1,2,2,2,0.07429488003253937,0.4137139320373535,0.24400440603494644
26,supervised,gradcam,predicted,backbone.layer1,4,4,4,0.041525948792696,0.2945893704891205,0.16805765964090824
27,supervised,gradcam,predicted,backbone.layer1,0,0,0,0.2623922526836395,0.32922980189323425,0.2958110272884369
28,supervised,gradcam,predicted,backbone.layer1,9,9,9,0.21585847437381744,0.08289395272731781,0.14937621355056763
29,supervised,gradcam,predicted,backbone.layer1,6,6,6,0.15155617892742157,0.45839565992355347,0.3049759194254875
30,supervised,gradcam,predicted,backbone.layer1,6,6,6,0.18056857585906982,0.5036298632621765,0.34209921956062317
31,supervised,gradcam,predicted,backbone.layer1,5,5,5,-0.04531468078494072,0.006339600309729576,-0.019487540237605572
32,supervised,gradcam,predicted,backbone.layer1,4,4,4,-0.10439993441104889,0.3609459698200226,0.12827301770448685
33,supervised,gradcam,predicted,backbone.layer1,5,5,5,-0.20621134340763092,0.17372490465641022,-0.01624321937561035
34,supervised,gradcam,predicted,backbone.layer1,9,9,9,0.398547500371933,0.27228841185569763,0.3354179561138153
35,supervised,gradcam,predicted,backbone.layer1,2,8,8,0.08772306889295578,0.1784118264913559,0.13306744769215584
36,supervised,gradcam,predicted,backbone.layer1,4,4,4,-0.037842631340026855,0.4476025700569153,0.2048799693584442
37,supervised,gradcam,predicted,backbone.layer1,1,9,9,0.31882426142692566,0.16473039984703064,0.24177733063697815
38,supervised,gradcam,predicted,backbone.layer1,9,9,9,0.3135177791118622,0.16246825456619263,0.2379930168390274
39,supervised,gradcam,predicted,backbone.layer1,5,5,5,0.09261173754930496,0.0753481388092041,0.08397993817925453
40,supervised,gradcam,predicted,backbone.layer1,4,4,4,-0.08021484315395355,0.2617515027523041,0.09076832979917526
41,supervised,gradcam,predicted,backbone.layer1,6,6,6,-0.10262081772089005,0.2638142704963684,0.08059672638773918
42,supervised,gradcam,predicted,backbone.layer1,5,5,5,0.02440599724650383,0.044344957917928696,0.03437547758221626
43,supervised,gradcam,predicted,backbone.layer1,6,6,6,-0.10056302696466446,0.41483959555625916,0.15713828429579735
44,supervised,gradcam,predicted,backbone.layer1,0,0,0,0.22339509427547455,0.240932434797287,0.23216376453638077
45,supervised,gradcam,predicted,backbone.layer1,9,9,9,0.31479647755622864,0.20622864365577698,0.2605125606060028
46,supervised,gradcam,predicted,backbone.layer1,3,3,3,-0.08782923221588135,0.06995343416929245,-0.008937899023294449
47,supervised,gradcam,predicted,backbone.layer1,9,8,8,0.09864027053117752,0.16455858945846558,0.13159942999482155
48,supervised,gradcam,predicted,backbone.layer1,7,7,7,0.05801248550415039,0.01433984749019146,0.036176166497170925
49,supervised,gradcam,predicted,backbone.layer1,6,6,6,0.0028361761942505836,0.4051739275455475,0.20400505186989903
50,supervised,gradcam,predicted,backbone.layer1,9,9,9,-0.029309779405593872,0.09907751530408859,0.03488386794924736
51,supervised,gradcam,predicted,backbone.layer1,8,8,8,0.06482750922441483,0.1067267432808876,0.08577712625265121
52,supervised,gradcam,predicted,backbone.layer1,0,3,3,-0.0313708670437336,0.09352131187915802,0.03107522241771221
53,supervised,gradcam,predicted,backbone.layer1,3,3,3,-0.14741820096969604,0.3746206760406494,0.11360123753547668
54,supervised,gradcam,predicted,backbone.layer1,8,8,8,-0.050216905772686005,0.09341533482074738,0.021599214524030685
55,supervised,gradcam,predicted,backbone.layer1,8,8,8,0.08667212724685669,0.032612066715955734,0.05964209698140621
56,supervised,gradcam,predicted,backbone.layer1,7,7,7,0.06751178205013275,0.00596913555637002,0.036740458803251386
57,supervised,gradcam,predicted,backbone.layer1,7,3,3,-0.05003168806433678,0.15257099270820618,0.0512696523219347
58,supervised,gradcam,predicted,backbone.layer1,4,5,5,-0.008439728058874607,0.03061295486986637,0.011086613405495882
59,supervised,gradcam,predicted,backbone.layer1,6,3,3,-0.02810802310705185,0.1536194384098053,0.06275570765137672
60,supervised,gradcam,predicted,backbone.layer1,7,7,7,-0.03219570592045784,0.0004355366691015661,-0.015880084625678137
61,supervised,gradcam,predicted,backbone.layer1,3,5,5,0.11846329271793365,0.17964835464954376,0.1490558236837387
62,supervised,gradcam,predicted,backbone.layer1,6,6,6,0.04619313031435013,0.46226128935813904,0.2542272098362446
63,supervised,gradcam,predicted,backbone.layer1,3,3,3,0.014335372485220432,0.04817718267440796,0.031256277579814196
0,supervised,gradcam,predicted,backbone.layer2,3,3,3,-0.13913533091545105,0.39952707290649414,0.13019587099552155
1,supervised,gradcam,predicted,backbone.layer2,8,8,8,0.05020703747868538,0.21766452491283417,0.13393578119575977
2,supervised,gradcam,predicted,backbone.layer2,8,8,8,0.21050415933132172,0.35872960090637207,0.2846168801188469
3,supervised,gradcam,predicted,backbone.layer2,0,0,0,0.09602178633213043,0.3545927107334137,0.22530724853277206
4,supervised,gradcam,predicted,backbone.layer2,6,6,6,-0.14616163074970245,0.3797748386859894,0.11680660396814346
5,supervised,gradcam,predicted,backbone.layer2,6,6,6,0.24348434805870056,0.5116119384765625,0.37754814326763153
6,supervised,gradcam,predicted,backbone.layer2,1,1,1,0.07621323317289352,0.42628589272499084,0.2512495629489422
7,supervised,gradcam,predicted,backbone.layer2,6,6,6,0.0637766495347023,0.41234973073005676,0.23806319013237953
8,supervised,gradcam,predicted,backbone.layer2,3,3,3,0.028197787702083588,0.466546893119812,0.2473723404109478
9,supervised,gradcam,predicted,backbone.layer2,1,1,1,0.30646318197250366,0.5679895877838135,0.43722638487815857
10,supervised,gradcam,predicted,backbone.layer2,0,0,0,0.15709133446216583,0.3987851142883301,0.27793822437524796
11,supervised,gradcam,predicted,backbone.layer2,9,9,9,-0.007682053372263908,0.3304624855518341,0.1613902160897851
12,supervised,gradcam,predicted,backbone.layer2,5,5,5,0.08150109648704529,0.30424633622169495,0.19287371635437012
13,supervised,gradcam,predicted,backbone.layer2,7,7,7,0.4938550591468811,0.47743579745292664,0.48564542829990387
14,supervised,gradcam,predicted,backbone.layer2,9,9,9,0.21344433724880219,0.460141122341156,0.3367927297949791
15,supervised,gradcam,predicted,backbone.layer2,8,8,8,0.5111575126647949,0.3799179196357727,0.4455377161502838
16,supervised,gradcam,predicted,backbone.layer2,5,5,5,-0.154804989695549,0.32535290718078613,0.08527395874261856
17,supervised,gradcam,predicted,backbone.layer2,7,7,7,0.48888954520225525,0.4652731418609619,0.4770813435316086
18,supervised,gradcam,predicted,backbone.layer2,8,8,8,-0.22647283971309662,0.30501747131347656,0.03927231580018997
19,supervised,gradcam,predicted,backbone.layer2,6,6,6,0.08566375076770782,0.481192946434021,0.2834283486008644
20,supervised,gradcam,predicted,backbone.layer2,7,7,7,0.36416110396385193,0.5924875140190125,0.4783243089914322
21,supervised,gradcam,predicted,backbone.layer2,0,0,0,0.00626759510487318,0.40953072905540466,0.20789916208013892
22,supervised,gradcam,predicted,backbone.layer2,4,4,4,-0.11452435702085495,0.3094993829727173,0.09748751297593117
23,supervised,gradcam,predicted,backbone.layer2,9,9,9,-0.14299547672271729,0.4438762068748474,0.15044036507606506
24,supervised,gradcam,predicted,backbone.layer2,5,5,5,0.12412360310554504,0.3246261179447174,0.22437486052513123
25,supervised,gradcam,predicted,backbone.layer2,2,2,2,0.09940390288829803,0.18129056692123413,0.14034723490476608
26,supervised,gradcam,predicted,backbone.layer2,4,4,4,-0.0028988472186028957,0.2203812152147293,0.1087411839980632
27,supervised,gradcam,predicted,backbone.layer2,0,0,0,0.2784764766693115,0.44376370310783386,0.3611200898885727
28,supervised,gradcam,predicted,backbone.layer2,9,9,9,-0.04420378804206848,0.31804364919662476,0.13691993057727814
29,supervised,gradcam,predicted,backbone.layer2,6,6,6,0.5516195297241211,0.6005357503890991,0.5760776400566101
30,supervised,gradcam,predicted,backbone.layer2,6,6,6,0.173582062125206,0.48366644978523254,0.32862425595521927
31,supervised,gradcam,predicted,backbone.layer2,5,5,5,0.07479290664196014,0.32340940833091736,0.19910115748643875
32,supervised,gradcam,predicted,backbone.layer2,4,4,4,-0.022351941093802452,0.3193473517894745,0.14849770534783602
33,supervised,gradcam,predicted,backbone.layer2,5,5,5,0.06335586309432983,0.25744864344596863,0.16040225327014923
34,supervised,gradcam,predicted,backbone.layer2,9,9,9,-0.12759530544281006,0.297800213098526,0.08510245382785797
35,supervised,gradcam,predicted,backbone.layer2,2,8,8,0.10009735077619553,0.12423010170459747,0.1121637262403965
36,supervised,gradcam,predicted,backbone.layer2,4,4,4,-0.10298721492290497,0.09714265167713165,-0.0029222816228866577
37,supervised,gradcam,predicted,backbone.layer2,1,9,9,0.3186708092689514,0.3131237328052521,0.31589727103710175
38,supervised,gradcam,predicted,backbone.layer2,9,9,9,0.07299990206956863,0.411462664604187,0.24223128333687782
39,supervised,gradcam,predicted,backbone.layer2,5,5,5,0.25287482142448425,0.4082528352737427,0.33056382834911346
40,supervised,gradcam,predicted,backbone.layer2,4,4,4,-0.06167088449001312,0.2720273733139038,0.10517824441194534
41,supervised,gradcam,predicted,backbone.layer2,6,6,6,-0.17597851157188416,0.27461302280426025,0.04931725561618805
42,supervised,gradcam,predicted,backbone.layer2,5,5,5,-0.22349229454994202,0.3976080119609833,0.08705785870552063
43,supervised,gradcam,predicted,backbone.layer2,6,6,6,-0.26003777980804443,0.39098629355430603,0.0654742568731308
44,supervised,gradcam,predicted,backbone.layer2,0,0,0,-0.11524563282728195,0.29422643780708313,0.08949040248990059
45,supervised,gradcam,predicted,backbone.layer2,9,9,9,-0.012089554220438004,0.29358023405075073,0.14074533991515636
46,supervised,gradcam,predicted,backbone.layer2,3,3,3,0.2918992042541504,0.47058889269828796,0.3812440484762192
47,supervised,gradcam,predicted,backbone.layer2,9,8,8,0.14790716767311096,0.35832077264785767,0.2531139701604843
48,supervised,gradcam,predicted,backbone.layer2,7,7,7,0.590092658996582,0.624346911907196,0.607219785451889
49,supervised,gradcam,predicted,backbone.layer2,6,6,6,0.29419681429862976,0.3263215124607086,0.3102591633796692
50,supervised,gradcam,predicted,backbone.layer2,9,9,9,-0.4161057770252228,0.27957236766815186,-0.06826670467853546
51,supervised,gradcam,predicted,backbone.layer2,8,8,8,-0.07761441916227341,0.3558097779750824,0.1390976794064045
52,supervised,gradcam,predicted,backbone.layer2,0,3,3,-0.2804066240787506,0.3820778429508209,0.050835609436035156
53,supervised,gradcam,predicted,backbone.layer2,3,3,3,0.13202306628227234,0.4549178183078766,0.29347044229507446
54,supervised,gradcam,predicted,backbone.layer2,8,8,8,0.7011172771453857,0.47280293703079224,0.586960107088089
55,supervised,gradcam,predicted,backbone.layer2,8,8,8,0.44287100434303284,0.40679576992988586,0.42483338713645935
56,supervised,gradcam,predicted,backbone.layer2,7,7,7,-0.16887076199054718,0.40518781542778015,0.11815852671861649
57,supervised,gradcam,predicted,backbone.layer2,7,3,3,0.2231387495994568,0.5453456044197083,0.3842421770095825
58,supervised,gradcam,predicted,backbone.layer2,4,5,5,-0.2814747989177704,0.394024521112442,0.056274861097335815
59,supervised,gradcam,predicted,backbone.layer2,6,3,3,0.15052828192710876,0.45466917753219604,0.3025987297296524
60,supervised,gradcam,predicted,backbone.layer2,7,7,7,0.4365156590938568,0.6297959089279175,0.5331557840108871
61,supervised,gradcam,predicted,backbone.layer2,3,5,5,0.0404568575322628,0.3588913679122925,0.19967411272227764
62,supervised,gradcam,predicted,backbone.layer2,6,6,6,-0.2697101831436157,0.3663399815559387,0.0483148992061615
63,supervised,gradcam,predicted,backbone.layer2,3,3,3,0.2036770135164261,0.41965845227241516,0.3116677328944206
0,supervised,gradcam,predicted,backbone.layer3,3,3,3,0.38803693652153015,0.41564247012138367,0.4018397033214569
1,supervised,gradcam,predicted,backbone.layer3,8,8,8,-0.011240728199481964,0.47075513005256653,0.22975720092654228
2,supervised,gradcam,predicted,backbone.layer3,8,8,8,0.24957147240638733,0.5698556900024414,0.40971358120441437
3,supervised,gradcam,predicted,backbone.layer3,0,0,0,0.10000570863485336,0.2726253569126129,0.18631553277373314
4,supervised,gradcam,predicted,backbone.layer3,6,6,6,0.47540488839149475,0.49665096402168274,0.48602792620658875
5,supervised,gradcam,predicted,backbone.layer3,6,6,6,-0.25593382120132446,0.3805408477783203,0.062303513288497925
6,supervised,gradcam,predicted,backbone.layer3,1,1,1,0.6283169984817505,0.4597567319869995,0.544036865234375
7,supervised,gradcam,predicted,backbone.layer3,6,6,6,0.243238627910614,0.5111043453216553,0.37717148661613464
8,supervised,gradcam,predicted,backbone.layer3,3,3,3,0.07534739375114441,0.41041502356529236,0.24288120865821838
9,supervised,gradcam,predicted,backbone.layer3,1,1,1,0.6375604271888733,0.4203134775161743,0.5289369523525238
10,supervised,gradcam,predicted,backbone.layer3,0,0,0,-0.02352149784564972,0.36344385147094727,0.16996117681264877
11,supervised,gradcam,predicted,backbone.layer3,9,9,9,0.1515306830406189,0.38176777958869934,0.2666492313146591
12,supervised,gradcam,predicted,backbone.layer3,5,5,5,0.3727510869503021,0.4928729236125946,0.43281200528144836
13,supervised,gradcam,predicted,backbone.layer3,7,7,7,0.5398364663124084,0.49249568581581116,0.5161660760641098
14,supervised,gradcam,predicted,backbone.layer3,9,9,9,-0.10569377988576889,0.3639164865016937,0.12911135330796242
15,supervised,gradcam,predicted,backbone.layer3,8,8,8,0.2939022183418274,0.525967538356781,0.4099348783493042
16,supervised,gradcam,predicted,backbone.layer3,5,5,5,0.5439909100532532,0.5118346810340881,0.5279127955436707
17,supervised,gradcam,predicted,backbone.layer3,7,7,7,0.041285496205091476,0.3626062870025635,0.20194589160382748
18,supervised,gradcam,predicted,backbone.layer3,8,8,8,0.3773902952671051,0.4567561745643616,0.41707323491573334
19,supervised,gradcam,predicted,backbone.layer3,6,6,6,0.25618961453437805,0.47943127155303955,0.3678104430437088
20,supervised,gradcam,predicted,backbone.layer3,7,7,7,0.17499519884586334,0.2571822702884674,0.21608873456716537
21,supervised,gradcam,predicted,backbone.layer3,0,0,0,0.13021895289421082,0.23679229617118835,0.18350562453269958
22,supervised,gradcam,predicted,backbone.layer3,4,4,4,-0.047637853771448135,0.23012809455394745,0.09124512039124966
23,supervised,gradcam,predicted,backbone.layer3,9,9,9,0.4385307729244232,0.4839998781681061,0.46126532554626465
24,supervised,gradcam,predicted,backbone.layer3,5,5,5,0.5293490290641785,0.47506868839263916,0.5022088587284088
25,supervised,gradcam,predicted,backbone.layer3,2,2,2,0.3946605324745178,0.5472540855407715,0.47095730900764465
26,supervised,gradcam,predicted,backbone.layer3,4,4,4,-0.11139590293169022,0.33379364013671875,0.11119886860251427
27,supervised,gradcam,predicted,backbone.layer3,0,0,0,-0.04097934439778328,0.3377823531627655,0.1484015043824911
28,supervised,gradcam,predicted,backbone.layer3,9,9,9,0.1727103739976883,0.4478953182697296,0.31030284613370895
29,supervised,gradcam,predicted,backbone.layer3,6,6,6,0.2482416033744812,0.5586420893669128,0.403441846370697
30,supervised,gradcam,predicted,backbone.layer3,6,6,6,0.1864476501941681,0.48604902625083923,0.33624833822250366
31,supervised,gradcam,predicted,backbone.layer3,5,5,5,0.5787486433982849,0.4698590040206909,0.5243038237094879
32,supervised,gradcam,predicted,backbone.layer3,4,4,4,-0.4611385464668274,0.21172787249088287,-0.12470533698797226
33,supervised,gradcam,predicted,backbone.layer3,5,5,5,-0.11661461740732193,0.3414941728115082,0.11243977770209312
34,supervised,gradcam,predicted,backbone.layer3,9,9,9,0.41970762610435486,0.38937169313430786,0.40453965961933136
35,supervised,gradcam,predicted,backbone.layer3,2,8,8,0.2855199873447418,0.42135563492774963,0.3534378111362457
36,supervised,gradcam,predicted,backbone.layer3,4,4,4,0.045903973281383514,0.46257758140563965,0.2542407773435116
37,supervised,gradcam,predicted,backbone.layer3,1,9,9,0.01900770142674446,0.297218918800354,0.15811331011354923
38,supervised,gradcam,predicted,backbone.layer3,9,9,9,0.4279479682445526,0.4396389126777649,0.43379344046115875
39,supervised,gradcam,predicted,backbone.layer3,5,5,5,0.6753715872764587,0.5364081859588623,0.6058898866176605
40,supervised,gradcam,predicted,backbone.layer3,4,4,4,-0.009965546429157257,0.2600059509277344,0.12502020224928856
41,supervised,gradcam,predicted,backbone.layer3,6,6,6,0.17583876848220825,0.37684646248817444,0.27634261548519135
42,supervised,gradcam,predicted,backbone.layer3,5,5,5,-0.06003741919994354,0.3526770770549774,0.14631982892751694
43,supervised,gradcam,predicted,backbone.layer3,6,6,6,0.08836047351360321,0.3327271044254303,0.21054378896951675
44,supervised,gradcam,predicted,backbone.layer3,0,0,0,0.34883299469947815,0.39925992488861084,0.3740464597940445
45,supervised,gradcam,predicted,backbone.layer3,9,9,9,0.2771347761154175,0.3702302575111389,0.3236825168132782
46,supervised,gradcam,predicted,backbone.layer3,3,3,3,-0.2146315723657608,0.29198184609413147,0.03867513686418533
47,supervised,gradcam,predicted,backbone.layer3,9,8,8,0.18289488554000854,0.4741798937320709,0.32853738963603973
48,supervised,gradcam,predicted,backbone.layer3,7,7,7,0.8141562938690186,0.5812962651252747,0.6977262794971466
49,supervised,gradcam,predicted,backbone.layer3,6,6,6,0.3315439820289612,0.486483097076416,0.4090135395526886
50,supervised,gradcam,predicted,backbone.layer3,9,9,9,0.0677686557173729,0.317850798368454,0.19280972704291344
51,supervised,gradcam,predicted,backbone.layer3,8,8,8,0.3416820168495178,0.5792827010154724,0.4604823589324951
52,supervised,gradcam,predicted,backbone.layer3,0,3,3,0.5562757849693298,0.29822421073913574,0.4272499978542328
53,supervised,gradcam,predicted,backbone.layer3,3,3,3,0.34119024872779846,0.5198307633399963,0.4305105060338974
54,supervised,gradcam,predicted,backbone.layer3,8,8,8,0.3905183672904968,0.5587528944015503,0.47463563084602356
55,supervised,gradcam,predicted,backbone.layer3,8,8,8,0.7188705801963806,0.538178563117981,0.6285245716571808
56,supervised,gradcam,predicted,backbone.layer3,7,7,7,0.32283732295036316,0.4179053008556366,0.3703713119029999
57,supervised,gradcam,predicted,backbone.layer3,7,3,3,-0.014331066980957985,0.282038152217865,0.1338535426184535
58,supervised,gradcam,predicted,backbone.layer3,4,5,5,0.30942094326019287,0.4405405521392822,0.37498074769973755
59,supervised,gradcam,predicted,backbone.layer3,6,3,3,0.13347449898719788,0.4381292164325714,0.28580185770988464
60,supervised,gradcam,predicted,backbone.layer3,7,7,7,0.6507632732391357,0.46057647466659546,0.5556698739528656
61,supervised,gradcam,predicted,backbone.layer3,3,5,5,0.0389583483338356,0.3331882059574127,0.18607327714562416
62,supervised,gradcam,predicted,backbone.layer3,6,6,6,0.2615402936935425,0.4264206886291504,0.34398049116134644
63,supervised,gradcam,predicted,backbone.layer3,3,3,3,0.3754870891571045,0.2748965322971344,0.32519181072711945
0,supervised,gradcam,predicted,backbone.layer4,3,3,3,0.33090680837631226,0.5624352693557739,0.4466710388660431
1,supervised,gradcam,predicted,backbone.layer4,8,8,8,0.2879593074321747,0.5955850481987,0.4417721778154373
2,supervised,gradcam,predicted,backbone.layer4,8,8,8,0.2124619036912918,0.603175938129425,0.40781892091035843
3,supervised,gradcam,predicted,backbone.layer4,0,0,0,0.16382557153701782,0.5644567608833313,0.36414116621017456
4,supervised,gradcam,predicted,backbone.layer4,6,6,6,0.14626649022102356,0.5254993438720703,0.33588291704654694
5,supervised,gradcam,predicted,backbone.layer4,6,6,6,0.5658172369003296,0.6473329663276672,0.6065751016139984
6,supervised,gradcam,predicted,backbone.layer4,1,1,1,0.38789576292037964,0.5312930941581726,0.4595944285392761
7,supervised,gradcam,predicted,backbone.layer4,6,6,6,0.09216082096099854,0.502040684223175,0.2971007525920868
8,supervised,gradcam,predicted,backbone.layer4,3,3,3,0.3171100616455078,0.6380071043968201,0.47755858302116394
9,supervised,gradcam,predicted,backbone.layer4,1,1,1,0.3860461711883545,0.5327334403991699,0.4593898057937622
10,supervised,gradcam,predicted,backbone.layer4,0,0,0,0.433493047952652,0.5842821598052979,0.5088876038789749
11,supervised,gradcam,predicted,backbone.layer4,9,9,9,-0.2250884771347046,0.5007809400558472,0.1378462314605713
12,supervised,gradcam,predicted,backbone.layer4,5,5,5,0.26180022954940796,0.5179494023323059,0.38987481594085693
13,supervised,gradcam,predicted,backbone.layer4,7,7,7,0.40049949288368225,0.5740164518356323,0.4872579723596573
14,supervised,gradcam,predicted,backbone.layer4,9,9,9,-0.13997776806354523,0.5139260292053223,0.18697413057088852
15,supervised,gradcam,predicted,backbone.layer4,8,8,8,0.4205706715583801,0.608706533908844,0.5146386027336121
16,supervised,gradcam,predicted,backbone.layer4,5,5,5,0.5040476322174072,0.6067109704017639,0.5553793013095856
17,supervised,gradcam,predicted,backbone.layer4,7,7,7,-0.452353835105896,0.5132046341896057,0.03042539954185486
18,supervised,gradcam,predicted,backbone.layer4,8,8,8,0.06046256795525551,0.5097708702087402,0.28511671908199787
19,supervised,gradcam,predicted,backbone.layer4,6,6,6,0.43460965156555176,0.5666499137878418,0.5006297826766968
20,supervised,gradcam,predicted,backbone.layer4,7,7,7,0.4111931025981903,0.5363813042640686,0.47378720343112946
21,supervised,gradcam,predicted,backbone.layer4,0,0,0,0.6857849359512329,0.6003268957138062,0.6430559158325195
22,supervised,gradcam,predicted,backbone.layer4,4,4,4,0.4416925311088562,0.6179735064506531,0.5298330187797546
23,supervised,gradcam,predicted,backbone.layer4,9,9,9,-0.12370715290307999,0.5178022980690002,0.19704757258296013
24,supervised,gradcam,predicted,backbone.layer4,5,5,5,0.4602414667606354,0.5558928847312927,0.508067175745964
25,supervised,gradcam,predicted,backbone.layer4,2,2,2,0.26405489444732666,0.6142677068710327,0.4391613006591797
26,supervised,gradcam,predicted,backbone.layer4,4,4,4,0.33875831961631775,0.5089038014411926,0.4238310605287552
27,supervised,gradcam,predicted,backbone.layer4,0,0,0,0.4394872486591339,0.5721721053123474,0.5058296769857407
28,supervised,gradcam,predicted,backbone.layer4,9,9,9,-0.1437217742204666,0.5016427040100098,0.17896046489477158
29,supervised,gradcam,predicted,backbone.layer4,6,6,6,0.044150348752737045,0.562471330165863,0.30331083945930004
30,supervised,gradcam,predicted,backbone.layer4,6,6,6,0.415531724691391,0.4920140206813812,0.4537728726863861
31,supervised,gradcam,predicted,backbone.layer4,5,5,5,0.5994449257850647,0.6461805105209351,0.6228127181529999
32,supervised,gradcam,predicted,backbone.layer4,4,4,4,-0.13402825593948364,0.3828701972961426,0.12442097067832947
33,supervised,gradcam,predicted,backbone.layer4,5,5,5,0.6160556674003601,0.673622190952301,0.6448389291763306
34,supervised,gradcam,predicted,backbone.layer4,9,9,9,0.17495281994342804,0.5032027363777161,0.33907777816057205
35,supervised,gradcam,predicted,backbone.layer4,2,8,8,0.5105884671211243,0.48424360156059265,0.49741603434085846
36,supervised,gradcam,predicted,backbone.layer4,4,4,4,0.4077501893043518,0.6108973622322083,0.50932377576828
37,supervised,gradcam,predicted,backbone.layer4,1,9,9,-0.280489057302475,0.3378804922103882,0.028695717453956604
38,supervised,gradcam,predicted,backbone.layer4,9,9,9,0.2541195750236511,0.5112712383270264,0.38269540667533875
39,supervised,gradcam,predicted,backbone.layer4,5,5,5,0.4026985168457031,0.5145477056503296,0.45862311124801636
40,supervised,gradcam,predicted,backbone.layer4,4,4,4,0.2828355133533478,0.5434634685516357,0.41314949095249176
41,supervised,gradcam,predicted,backbone.layer4,6,6,6,0.5894964337348938,0.6877154111862183,0.638605922460556
42,supervised,gradcam,predicted,backbone.layer4,5,5,5,0.39304283261299133,0.532448947429657,0.46274589002132416
43,supervised,gradcam,predicted,backbone.layer4,6,6,6,0.5009708404541016,0.5271787047386169,0.5140747725963593
44,supervised,gradcam,predicted,backbone.layer4,0,0,0,0.38541314005851746,0.5460451245307922,0.46572913229465485
45,supervised,gradcam,predicted,backbone.layer4,9,9,9,-0.0006803534342907369,0.5427946448326111,0.2710571456991602
46,supervised,gradcam,predicted,backbone.layer4,3,3,3,0.7546790242195129,0.6532549858093262,0.7039670050144196
47,supervised,gradcam,predicted,backbone.layer4,9,8,8,0.07962542027235031,0.5178996920585632,0.29876255616545677
48,supervised,gradcam,predicted,backbone.layer4,7,7,7,0.38174185156822205,0.5450233817100525,0.46338261663913727
49,supervised,gradcam,predicted,backbone.layer4,6,6,6,0.3668444752693176,0.5716640949249268,0.4692542850971222
50,supervised,gradcam,predicted,backbone.layer4,9,9,9,0.1362524926662445,0.5497816205024719,0.3430170565843582
51,supervised,gradcam,predicted,backbone.layer4,8,8,8,-0.03249027952551842,0.575504720211029,0.2715072203427553
52,supervised,gradcam,predicted,backbone.layer4,0,3,3,0.47778013348579407,0.5223647356033325,0.5000724345445633
53,supervised,gradcam,predicted,backbone.layer4,3,3,3,-0.1689154952764511,0.46489232778549194,0.14798841625452042
54,supervised,gradcam,predicted,backbone.layer4,8,8,8,0.023599255830049515,0.5305955410003662,0.27709739841520786
55,supervised,gradcam,predicted,backbone.layer4,8,8,8,0.21388055384159088,0.5207686424255371,0.367324598133564
56,supervised,gradcam,predicted,backbone.layer4,7,7,7,-0.01898951828479767,0.5004623532295227,0.24073641747236252
57,supervised,gradcam,predicted,backbone.layer4,7,3,3,0.5973012447357178,0.6355990171432495,0.6164501309394836
58,supervised,gradcam,predicted,backbone.layer4,4,5,5,0.3669498562812805,0.5058309435844421,0.43639039993286133
59,supervised,gradcam,predicted,backbone.layer4,6,3,3,0.016221579164266586,0.5291599631309509,0.27269077114760876
60,supervised,gradcam,predicted,backbone.layer4,7,7,7,0.36557573080062866,0.5698932409286499,0.4677344858646393
61,supervised,gradcam,predicted,backbone.layer4,3,5,5,0.4690217971801758,0.6078758239746094,0.5384488105773926
62,supervised,gradcam,predicted,backbone.layer4,6,6,6,0.25867021083831787,0.5387829542160034,0.39872658252716064
63,supervised,gradcam,predicted,backbone.layer4,3,3,3,0.5264540910720825,0.566550076007843,0.5465020835399628
64,supervised,gradcam,predicted,backbone.layer1,6,6,6,0.14007145166397095,0.474954217672348,0.3075128346681595
65,supervised,gradcam,predicted,backbone.layer1,2,2,2,-0.06475123763084412,0.37608790397644043,0.15566833317279816
66,supervised,gradcam,predicted,backbone.layer1,1,1,1,0.19457127153873444,0.35812798142433167,0.27634962648153305
67,supervised,gradcam,predicted,backbone.layer1,2,2,2,-0.047562435269355774,0.06973730027675629,0.011087432503700256
68,supervised,gradcam,predicted,backbone.layer1,3,3,3,0.0392097570002079,0.21241188049316406,0.12581081874668598
69,supervised,gradcam,predicted,backbone.layer1,7,7,7,-0.040588997304439545,0.000725899706594646,-0.01993154879892245
70,supervised,gradcam,predicted,backbone.layer1,2,2,2,0.44179296493530273,0.3189251720905304,0.38035906851291656
71,supervised,gradcam,predicted,backbone.layer1,6,6,6,0.30944347381591797,0.529732882976532,0.419588178396225
72,supervised,gradcam,predicted,backbone.layer1,8,8,8,0.517871081829071,0.19575677812099457,0.3568139299750328
73,supervised,gradcam,predicted,backbone.layer1,8,8,8,0.09360873699188232,0.08487476408481598,0.08924175053834915
74,supervised,gradcam,predicted,backbone.layer1,0,0,0,0.017640311270952225,0.35041433572769165,0.18402732349932194
75,supervised,gradcam,predicted,backbone.layer1,2,2,2,-0.1394841969013214,0.30552148818969727,0.08301864564418793
76,supervised,gradcam,predicted,backbone.layer1,9,9,9,0.12041285634040833,0.13940288126468658,0.12990786880254745
77,supervised,gradcam,predicted,backbone.layer1,3,3,3,0.09563442319631577,0.039572834968566895,0.06760362908244133
78,supervised,gradcam,predicted,backbone.layer1,3,3,3,-0.2112322896718979,0.22744989395141602,0.008108802139759064
79,supervised,gradcam,predicted,backbone.layer1,8,8,8,0.5367328524589539,0.24668069183826447,0.39170677214860916
80,supervised,gradcam,predicted,backbone.layer1,8,8,8,0.00850351620465517,0.05410313606262207,0.03130332613363862
81,supervised,gradcam,predicted,backbone.layer1,1,1,1,0.03818222135305405,0.3538413643836975,0.19601179286837578
82,supervised,gradcam,predicted,backbone.layer1,1,1,1,0.10621218383312225,0.3005308210849762,0.20337150245904922
83,supervised,gradcam,predicted,backbone.layer1,7,7,7,0.0063547841273248196,0.059299036860466,0.03282691049389541
84,supervised,gradcam,predicted,backbone.layer1,2,2,2,-0.07472304999828339,0.0705115795135498,-0.0021057352423667908
85,supervised,gradcam,predicted,backbone.layer1,5,5,5,0.052918292582035065,0.22119437158107758,0.13705633208155632
86,supervised,gradcam,predicted,backbone.layer1,2,2,2,0.09211661666631699,0.40903064608573914,0.25057363137602806
87,supervised,gradcam,predicted,backbone.layer1,7,7,7,-0.03244736045598984,0.00042135934927500784,-0.016013000553357415
88,supervised,gradcam,predicted,backbone.layer1,8,8,8,0.0022393835242837667,0.2241508960723877,0.11319513979833573
89,supervised,gradcam,predicted,backbone.layer1,9,9,9,0.16589418053627014,0.21511276066303253,0.19050347059965134
90,supervised,gradcam,predicted,backbone.layer1,0,0,0,0.25643792748451233,0.40351876616477966,0.329978346824646
91,supervised,gradcam,predicted,backbone.layer1,3,3,3,-0.019067304208874702,0.07354189455509186,0.027237295173108578
92,supervised,gradcam,predicted,backbone.layer1,8,8,8,0.37700486183166504,0.21575628221035004,0.29638057202100754
93,supervised,gradcam,predicted,backbone.layer1,6,6,6,-0.18639908730983734,0.28537529706954956,0.04948810487985611
94,supervised,gradcam,predicted,backbone.layer1,4,4,4,0.2485765814781189,0.48639488220214844,0.36748573184013367
95,supervised,gradcam,predicted,backbone.layer1,6,6,6,-0.057527340948581696,0.431027352809906,0.18675000593066216
96,supervised,gradcam,predicted,backbone.layer1,6,6,6,0.21523816883563995,0.4900248050689697,0.35263148695230484
97,supervised,gradcam,predicted,backbone.layer1,0,0,0,0.16290785372257233,0.2671860158443451,0.2150469347834587
98,supervised,gradcam,predicted,backbone.layer1,0,0,0,-0.08407445251941681,0.37507688999176025,0.14550121873617172
99,supervised,gradcam,predicted,backbone.layer1,7,7,7,0.07590295374393463,0.004579451400786638,0.040241202572360635
100,supervised,gradcam,predicted,backbone.layer1,4,4,4,0.28415364027023315,0.45162248611450195,0.36788806319236755
101,supervised,gradcam,predicted,backbone.layer1,5,5,5,-0.006770002190023661,0.10925818979740143,0.051244093803688884
102,supervised,gradcam,predicted,backbone.layer1,6,6,6,0.041687484830617905,0.30644190311431885,0.17406469397246838
103,supervised,gradcam,predicted,backbone.layer1,3,3,3,-0.018869033083319664,0.038075465708971024,0.00960321631282568
104,supervised,gradcam,predicted,backbone.layer1,1,1,1,0.26209044456481934,0.370076060295105,0.31608325242996216
105,supervised,gradcam,predicted,backbone.layer1,1,1,1,0.20691528916358948,0.24946148693561554,0.2281883880496025
106,supervised,gradcam,predicted,backbone.layer1,3,3,3,0.11451160907745361,0.08671967685222626,0.10061564296483994
107,supervised,gradcam,predicted,backbone.layer1,6,6,6,-0.1406407505273819,0.2960208058357239,0.07769002765417099
108,supervised,gradcam,predicted,backbone.layer1,8,8,8,0.4452897012233734,0.48360753059387207,0.46444861590862274
109,supervised,gradcam,predicted,backbone.layer1,7,7,7,-0.13136722147464752,0.10820326209068298,-0.01158197969198227
110,supervised,gradcam,predicted,backbone.layer1,4,4,4,-0.07354474067687988,0.3677528202533722,0.14710403978824615
111,supervised,gradcam,predicted,backbone.layer1,0,0,0,-0.09637049585580826,0.08970513194799423,-0.003332681953907013
112,supervised,gradcam,predicted,backbone.layer1,6,6,6,0.15595568716526031,0.43500664830207825,0.2954811677336693
113,supervised,gradcam,predicted,backbone.layer1,2,2,2,-0.10560823976993561,0.48440152406692505,0.18939664214849472
114,supervised,gradcam,predicted,backbone.layer1,1,1,1,0.21138668060302734,0.41953957080841064,0.315463125705719
115,supervised,gradcam,predicted,backbone.layer1,3,3,3,-0.03236060217022896,0.19876867532730103,0.08320403657853603
116,supervised,gradcam,predicted,backbone.layer1,0,0,0,-0.3344489634037018,0.2924329936504364,-0.02100798487663269
117,supervised,gradcam,predicted,backbone.layer1,4,4,4,-0.08542388677597046,0.2714133858680725,0.09299474954605103
118,supervised,gradcam,predicted,backbone.layer1,2,2,2,-0.08425915986299515,0.12657935917377472,0.021160099655389786
119,supervised,gradcam,predicted,backbone.layer1,7,7,7,-0.038232747465372086,0.04715961590409279,0.0044634342193603516
120,supervised,gradcam,predicted,backbone.layer1,8,8,8,0.28037938475608826,0.15580983459949493,0.2180946096777916
121,supervised,gradcam,predicted,backbone.layer1,3,3,3,0.2385675013065338,0.35173195600509644,0.2951497286558151
122,supervised,gradcam,predicted,backbone.layer1,1,1,1,-0.091774582862854,0.21348510682582855,0.060855261981487274
123,supervised,gradcam,predicted,backbone.layer1,2,2,2,-0.03557412326335907,0.012464290484786034,-0.011554916389286518
124,supervised,gradcam,predicted,backbone.layer1,8,8,8,0.00393232237547636,0.008778116665780544,0.006355219520628452
125,supervised,gradcam,predicted,backbone.layer1,0,0,0,0.007923983968794346,0.2508392035961151,0.12938159378245473
126,supervised,gradcam,predicted,backbone.layer1,8,8,8,0.3980153501033783,0.11248987913131714,0.2552526146173477
127,supervised,gradcam,predicted,backbone.layer1,3,3,3,0.062475062906742096,0.16192013025283813,0.11219759657979012
64,supervised,gradcam,predicted,backbone.layer2,6,6,6,-0.11127622425556183,0.4116140305995941,0.15016890317201614
65,supervised,gradcam,predicted,backbone.layer2,2,2,2,-0.01479498390108347,0.23335833847522736,0.10928167728707194
66,supervised,gradcam,predicted,backbone.layer2,1,1,1,0.043128762394189835,0.4644003212451935,0.25376454181969166
67,supervised,gradcam,predicted,backbone.layer2,2,2,2,-0.3129086494445801,0.0797087624669075,-0.11659994348883629
68,supervised,gradcam,predicted,backbone.layer2,3,3,3,0.43183308839797974,0.5140836834907532,0.47295838594436646
69,supervised,gradcam,predicted,backbone.layer2,7,7,7,0.03982675448060036,0.5319458246231079,0.28588628955185413
70,supervised,gradcam,predicted,backbone.layer2,2,2,2,0.07848992198705673,0.1841915398836136,0.13134073093533516
71,supervised,gradcam,predicted,backbone.layer2,6,6,6,0.04052591696381569,0.44698870182037354,0.2437573093920946
72,supervised,gradcam,predicted,backbone.layer2,8,8,8,-0.07606387883424759,0.1954636126756668,0.05969986692070961
73,supervised,gradcam,predicted,backbone.layer2,8,8,8,0.014791113324463367,0.18629170954227448,0.10054141143336892
74,supervised,gradcam,predicted,backbone.layer2,0,0,0,-0.04603441804647446,0.41981035470962524,0.1868879683315754
75,supervised,gradcam,predicted,backbone.layer2,2,2,2,0.5086870193481445,0.2717306315898895,0.39020882546901703
76,supervised,gradcam,predicted,backbone.layer2,9,9,9,0.27426260709762573,0.2546931207180023,0.264477863907814
77,supervised,gradcam,predicted,backbone.layer2,3,3,3,-0.14999417960643768,0.367404967546463,0.10870539397001266
78,supervised,gradcam,predicted,backbone.layer2,3,3,3,0.3776390850543976,0.5150463581085205,0.44634272158145905
79,supervised,gradcam,predicted,backbone.layer2,8,8,8,0.14939448237419128,0.24952319264411926,0.19945883750915527
80,supervised,gradcam,predicted,backbone.layer2,8,8,8,0.5070697665214539,0.43366581201553345,0.47036778926849365
81,supervised,gradcam,predicted,backbone.layer2,1,1,1,0.4320547878742218,0.5331457853317261,0.48260028660297394
82,supervised,gradcam,predicted,backbone.layer2,1,1,1,0.46878647804260254,0.5069255232810974,0.48785600066185
83,supervised,gradcam,predicted,backbone.layer2,7,7,7,0.20835517346858978,0.4944283664226532,0.3513917699456215
84,supervised,gradcam,predicted,backbone.layer2,2,2,2,0.3379516899585724,0.11314880847930908,0.22555024921894073
85,supervised,gradcam,predicted,backbone.layer2,5,5,5,-0.11019033193588257,0.22001749277114868,0.05491358041763306
86,supervised,gradcam,predicted,backbone.layer2,2,2,2,-0.19400116801261902,0.21015632152557373,0.008077576756477356
87,supervised,gradcam,predicted,backbone.layer2,7,7,7,0.10171862691640854,0.4605788588523865,0.2811487428843975
88,supervised,gradcam,predicted,backbone.layer2,8,8,8,-0.20714309811592102,0.20567671954631805,-0.0007331892848014832
89,supervised,gradcam,predicted,backbone.layer2,9,9,9,0.1965695470571518,0.25773823261260986,0.22715388983488083
90,supervised,gradcam,predicted,backbone.layer2,0,0,0,0.3225090503692627,0.5851942896842957,0.4538516700267792
91,supervised,gradcam,predicted,backbone.layer2,3,3,3,-0.27515092492103577,0.24127128720283508,-0.016939818859100342
92,supervised,gradcam,predicted,backbone.layer2,8,8,8,-0.11131089925765991,0.20593631267547607,0.04731270670890808
93,supervised,gradcam,predicted,backbone.layer2,6,6,6,0.22163912653923035,0.4382985830307007,0.3299688547849655
94,supervised,gradcam,predicted,backbone.layer2,4,4,4,-0.1217263713479042,0.36994272470474243,0.12410817667841911
95,supervised,gradcam,predicted,backbone.layer2,6,6,6,0.526002049446106,0.5418432950973511,0.5339226722717285
96,supervised,gradcam,predicted,backbone.layer2,6,6,6,0.6199350953102112,0.6007319688796997,0.6103335320949554
97,supervised,gradcam,predicted,backbone.layer2,0,0,0,0.48670679330825806,0.4223272502422333,0.45451702177524567
98,supervised,gradcam,predicted,backbone.layer2,0,0,0,-0.14982803165912628,0.3252912163734436,0.08773159235715866
99,supervised,gradcam,predicted,backbone.layer2,7,7,7,0.057718608528375626,0.48395639657974243,0.27083750255405903
100,supervised,gradcam,predicted,backbone.layer2,4,4,4,-0.03595826029777527,0.3051629960536957,0.1346023678779602
101,supervised,gradcam,predicted,backbone.layer2,5,5,5,0.5671712160110474,0.4198170602321625,0.4934941381216049
102,supervised,gradcam,predicted,backbone.layer2,6,6,6,0.08879287540912628,0.25613293051719666,0.17246290296316147
103,supervised,gradcam,predicted,backbone.layer2,3,3,3,-0.18590609729290009,0.36260196566581726,0.08834793418645859
104,supervised,gradcam,predicted,backbone.layer2,1,1,1,0.3331913948059082,0.5613724589347839,0.44728192687034607
105,supervised,gradcam,predicted,backbone.layer2,1,1,1,-0.07838267832994461,0.4992147386074066,0.210416030138731
106,supervised,gradcam,predicted,backbone.layer2,3,3,3,-0.2689339816570282,0.3627115786075592,0.0468887984752655
107,supervised,gradcam,predicted,backbone.layer2,6,6,6,0.014886919409036636,0.4225514233112335,0.21871917136013508
108,supervised,gradcam,predicted,backbone.layer2,8,8,8,0.2111518234014511,0.28564155101776123,0.24839668720960617
109,supervised,gradcam,predicted,backbone.layer2,7,7,7,0.11256148666143417,0.3982912302017212,0.2554263584315777
110,supervised,gradcam,predicted,backbone.layer2,4,4,4,0.22894306480884552,0.3840080797672272,0.30647557228803635
111,supervised,gradcam,predicted,backbone.layer2,0,0,0,0.2846704125404358,0.2906898260116577,0.28768011927604675
112,supervised,gradcam,predicted,backbone.layer2,6,6,6,-0.45539307594299316,0.20435667037963867,-0.12551820278167725
113,supervised,gradcam,predicted,backbone.layer2,2,2,2,-0.03210530802607536,0.22775068879127502,0.09782269038259983
114,supervised,gradcam,predicted,backbone.layer2,1,1,1,0.16611406207084656,0.5085017085075378,0.3373078852891922
115,supervised,gradcam,predicted,backbone.layer2,3,3,3,-0.04912889376282692,0.3771321475505829,0.16400162689387798
116,supervised,gradcam,predicted,backbone.layer2,0,0,0,0.18011866509914398,0.41371095180511475,0.29691480845212936
117,supervised,gradcam,predicted,backbone.layer2,4,4,4,-0.22115550935268402,0.24516122043132782,0.0120028555393219
118,supervised,gradcam,predicted,backbone.layer2,2,2,2,0.01629003882408142,0.09242334216833115,0.054356690496206284
119,supervised,gradcam,predicted,backbone.layer2,7,7,7,0.4174617528915405,0.5962020754814148,0.5068319141864777
120,supervised,gradcam,predicted,backbone.layer2,8,8,8,0.2397492378950119,0.34739378094673157,0.29357150942087173
121,supervised,gradcam,predicted,backbone.layer2,3,3,3,-0.18513208627700806,0.2069171965122223,0.010892555117607117
122,supervised,gradcam,predicted,backbone.layer2,1,1,1,0.3152586817741394,0.38433322310447693,0.34979595243930817
123,supervised,gradcam,predicted,backbone.layer2,2,2,2,0.03064689040184021,0.08965743333101273,0.06015216186642647
124,supervised,gradcam,predicted,backbone.layer2,8,8,8,0.3731095492839813,0.30666208267211914,0.33988581597805023
125,supervised,gradcam,predicted,backbone.layer2,0,0,0,0.07793259620666504,0.2873591184616089,0.18264585733413696
126,supervised,gradcam,predicted,backbone.layer2,8,8,8,-0.12425322830677032,0.32128599286079407,0.09851638227701187
127,supervised,gradcam,predicted,backbone.layer2,3,3,3,0.24002507328987122,0.4968768358230591,0.36845095455646515
64,supervised,gradcam,predicted,backbone.layer3,6,6,6,0.15551482141017914,0.4535033404827118,0.30450908094644547
65,supervised,gradcam,predicted,backbone.layer3,2,2,2,0.3507356643676758,0.5128288269042969,0.43178224563598633
66,supervised,gradcam,predicted,backbone.layer3,1,1,1,-0.003583461046218872,0.22858189046382904,0.11249921470880508
67,supervised,gradcam,predicted,backbone.layer3,2,2,2,-0.4248741865158081,0.3452428877353668,-0.03981564939022064
68,supervised,gradcam,predicted,backbone.layer3,3,3,3,0.13430814445018768,0.20353500545024872,0.1689215749502182
69,supervised,gradcam,predicted,backbone.layer3,7,7,7,-0.016883904114365578,0.27574577927589417,0.1294309375807643
70,supervised,gradcam,predicted,backbone.layer3,2,2,2,0.14022760093212128,0.35641077160835266,0.24831918627023697
71,supervised,gradcam,predicted,backbone.layer3,6,6,6,0.3828587532043457,0.4186140298843384,0.40073639154434204
72,supervised,gradcam,predicted,backbone.layer3,8,8,8,0.4729633033275604,0.46245434880256653,0.4677088260650635
73,supervised,gradcam,predicted,backbone.layer3,8,8,8,0.05072248727083206,0.43438202142715454,0.2425522543489933
74,supervised,gradcam,predicted,backbone.layer3,0,0,0,0.05152139812707901,0.3170422315597534,0.18428181484341621
75,supervised,gradcam,predicted,backbone.layer3,2,2,2,0.6597474217414856,0.6310924887657166,0.6454199552536011
76,supervised,gradcam,predicted,backbone.layer3,9,9,9,0.2163776457309723,0.3143618106842041,0.2653697282075882
77,supervised,gradcam,predicted,backbone.layer3,3,3,3,0.5529289841651917,0.420646995306015,0.48678798973560333
78,supervised,gradcam,predicted,backbone.layer3,3,3,3,0.24536898732185364,0.45191705226898193,0.3486430197954178
79,supervised,gradcam,predicted,backbone.layer3,8,8,8,-0.3027832508087158,0.35697510838508606,0.02709592878818512
80,supervised,gradcam,predicted,backbone.layer3,8,8,8,0.729026198387146,0.6986040472984314,0.7138151228427887
81,supervised,gradcam,predicted,backbone.layer3,1,1,1,0.5715101361274719,0.40433403849601746,0.4879220873117447
82,supervised,gradcam,predicted,backbone.layer3,1,1,1,0.5130121111869812,0.4012913405895233,0.45715172588825226
83,supervised,gradcam,predicted,backbone.layer3,7,7,7,0.22190290689468384,0.3694761395454407,0.29568952322006226
84,supervised,gradcam,predicted,backbone.layer3,2,2,2,0.6550089716911316,0.5441652536392212,0.5995871126651764
85,supervised,gradcam,predicted,backbone.layer3,5,5,5,0.45656344294548035,0.3872966170310974,0.4219300299882889
86,supervised,gradcam,predicted,backbone.layer3,2,2,2,0.026249390095472336,0.4245777428150177,0.22541356645524502
87,supervised,gradcam,predicted,backbone.layer3,7,7,7,0.12511013448238373,0.24252717196941376,0.18381865322589874
88,supervised,gradcam,predicted,backbone.layer3,8,8,8,0.0751831978559494,0.505035400390625,0.2901092991232872
89,supervised,gradcam,predicted,backbone.layer3,9,9,9,0.32342663407325745,0.33044180274009705,0.32693421840667725
90,supervised,gradcam,predicted,backbone.layer3,0,0,0,0.07928088307380676,0.2414916604757309,0.16038627177476883
91,supervised,gradcam,predicted,backbone.layer3,3,3,3,0.34467044472694397,0.4048096835613251,0.3747400641441345
92,supervised,gradcam,predicted,backbone.layer3,8,8,8,0.02826613374054432,0.4944832921028137,0.261374712921679
93,supervised,gradcam,predicted,backbone.layer3,6,6,6,0.3276640772819519,0.48581698536872864,0.40674053132534027
94,supervised,gradcam,predicted,backbone.layer3,4,4,4,-0.04000969976186752,0.3745857775211334,0.16728803887963295
95,supervised,gradcam,predicted,backbone.layer3,6,6,6,0.2177669256925583,0.4406048357486725,0.3291858807206154
96,supervised,gradcam,predicted,backbone.layer3,6,6,6,0.2559117376804352,0.47806817293167114,0.36698995530605316
97,supervised,gradcam,predicted,backbone.layer3,0,0,0,0.5895752310752869,0.3500159680843353,0.4697955995798111
98,supervised,gradcam,predicted,backbone.layer3,0,0,0,0.6196240186691284,0.44429510831832886,0.5319595634937286
99,supervised,gradcam,predicted,backbone.layer3,7,7,7,0.2416192591190338,0.39792540669441223,0.319772332906723
100,supervised,gradcam,predicted,backbone.layer3,4,4,4,0.5650361180305481,0.4370216131210327,0.5010288655757904
101,supervised,gradcam,predicted,backbone.layer3,5,5,5,0.5565427541732788,0.4811114966869354,0.5188271254301071
102,supervised,gradcam,predicted,backbone.layer3,6,6,6,0.6576401591300964,0.47537821531295776,0.5665091872215271
103,supervised,gradcam,predicted,backbone.layer3,3,3,3,0.00237883604131639,0.3904303014278412,0.1964045687345788
104,supervised,gradcam,predicted,backbone.layer3,1,1,1,0.7601646184921265,0.4428543448448181,0.6015094816684723
105,supervised,gradcam,predicted,backbone.layer3,1,1,1,0.3878837525844574,0.36484456062316895,0.37636415660381317
106,supervised,gradcam,predicted,backbone.layer3,3,3,3,0.614825963973999,0.3463241159915924,0.4805750399827957
107,supervised,gradcam,predicted,backbone.layer3,6,6,6,0.3019660413265228,0.5111249685287476,0.4065455049276352
108,supervised,gradcam,predicted,backbone.layer3,8,8,8,0.4097636938095093,0.5456277132034302,0.4776957035064697
109,supervised,gradcam,predicted,backbone.layer3,7,7,7,0.5282050967216492,0.4495498239994049,0.48887746036052704
110,supervised,gradcam,predicted,backbone.layer3,4,4,4,0.022481298074126244,0.35179653763771057,0.1871389178559184
111,supervised,gradcam,predicted,backbone.layer3,0,0,0,0.3092770278453827,0.3805544972419739,0.3449157625436783
112,supervised,gradcam,predicted,backbone.layer3,6,6,6,0.005167788360267878,0.17557750642299652,0.0903726473916322
113,supervised,gradcam,predicted,backbone.layer3,2,2,2,0.36802050471305847,0.5078334808349609,0.4379269927740097
114,supervised,gradcam,predicted,backbone.layer3,1,1,1,-0.5022161602973938,0.1365961730480194,-0.1828099936246872
115,supervised,gradcam,predicted,backbone.layer3,3,3,3,0.22422991693019867,0.3934361934661865,0.3088330551981926
116,supervised,gradcam,predicted,backbone.layer3,0,0,0,0.4341132342815399,0.4227968454360962,0.42845503985881805
117,supervised,gradcam,predicted,backbone.layer3,4,4,4,0.1836148500442505,0.3639553189277649,0.2737850844860077
118,supervised,gradcam,predicted,backbone.layer3,2,2,2,0.5653419494628906,0.5717697143554688,0.5685558319091797
119,supervised,gradcam,predicted,backbone.layer3,7,7,7,-0.3708989918231964,0.19987259805202484,-0.08551319688558578
120,supervised,gradcam,predicted,backbone.layer3,8,8,8,0.34552261233329773,0.4770280420780182,0.41127532720565796
121,supervised,gradcam,predicted,backbone.layer3,3,3,3,0.4011068344116211,0.39696004986763,0.39903344213962555
122,supervised,gradcam,predicted,backbone.layer3,1,1,1,0.5064495801925659,0.408902645111084,0.45767611265182495
123,supervised,gradcam,predicted,backbone.layer3,2,2,2,0.6654942035675049,0.5457844138145447,0.6056393086910248
124,supervised,gradcam,predicted,backbone.layer3,8,8,8,0.19484587013721466,0.5589865446090698,0.37691620737314224
125,supervised,gradcam,predicted,backbone.layer3,0,0,0,0.09079991281032562,0.3148765563964844,0.202838234603405
126,supervised,gradcam,predicted,backbone.layer3,8,8,8,0.053263913840055466,0.49534228444099426,0.27430309914052486
127,supervised,gradcam,predicted,backbone.layer3,3,3,3,-0.022024666890501976,0.3397090435028076,0.15884218830615282
64,supervised,gradcam,predicted,backbone.layer4,6,6,6,0.283353328704834,0.5980791449546814,0.4407162368297577
65,supervised,gradcam,predicted,backbone.layer4,2,2,2,0.36759045720100403,0.6682498455047607,0.5179201513528824
66,supervised,gradcam,predicted,backbone.layer4,1,1,1,0.40668100118637085,0.6084429025650024,0.5075619518756866
67,supervised,gradcam,predicted,backbone.layer4,2,2,2,0.45266273617744446,0.6115084290504456,0.532085582613945
68,supervised,gradcam,predicted,backbone.layer4,3,3,3,0.32445552945137024,0.5933378338813782,0.4588966816663742
69,supervised,gradcam,predicted,backbone.layer4,7,7,7,0.4844003915786743,0.5999523401260376,0.542176365852356
70,supervised,gradcam,predicted,backbone.layer4,2,2,2,0.20042622089385986,0.4230075180530548,0.31171686947345734
71,supervised,gradcam,predicted,backbone.layer4,6,6,6,0.2195763736963272,0.5050133466720581,0.36229486018419266
72,supervised,gradcam,predicted,backbone.layer4,8,8,8,0.15737506747245789,0.5056217908859253,0.3314984291791916
73,supervised,gradcam,predicted,backbone.layer4,8,8,8,0.10297290235757828,0.5167198777198792,0.3098463900387287
74,supervised,gradcam,predicted,backbone.layer4,0,0,0,-0.0710788145661354,0.6273183822631836,0.2781197838485241
75,supervised,gradcam,predicted,backbone.layer4,2,2,2,0.4548223912715912,0.5367486476898193,0.49578551948070526
76,supervised,gradcam,predicted,backbone.layer4,9,9,9,0.12233118712902069,0.4440135955810547,0.2831723913550377
77,supervised,gradcam,predicted,backbone.layer4,3,3,3,0.3175276815891266,0.5407953262329102,0.42916150391101837
78,supervised,gradcam,predicted,backbone.layer4,3,3,3,0.4624398350715637,0.5837982296943665,0.5231190323829651
79,supervised,gradcam,predicted,backbone.layer4,8,8,8,0.009306606836616993,0.5159655809402466,0.2626360938884318
80,supervised,gradcam,predicted,backbone.layer4,8,8,8,0.6002397537231445,0.6113614439964294,0.605800598859787
81,supervised,gradcam,predicted,backbone.layer4,1,1,1,0.4987729489803314,0.6080359220504761,0.5534044355154037
82,supervised,gradcam,predicted,backbone.layer4,1,1,1,0.23328378796577454,0.5305919647216797,0.3819378763437271
83,supervised,gradcam,predicted,backbone.layer4,7,7,7,-0.08524443954229355,0.533930778503418,0.2243431694805622
84,supervised,gradcam,predicted,backbone.layer4,2,2,2,0.751659095287323,0.6650986075401306,0.7083788514137268
85,supervised,gradcam,predicted,backbone.layer4,5,5,5,0.3198704719543457,0.4581880569458008,0.38902926445007324
86,supervised,gradcam,predicted,backbone.layer4,2,2,2,0.04018872603774071,0.504396378993988,0.2722925525158644
87,supervised,gradcam,predicted,backbone.layer4,7,7,7,0.24328544735908508,0.4590681195259094,0.35117678344249725
88,supervised,gradcam,predicted,backbone.layer4,8,8,8,-0.16557173430919647,0.4939492642879486,0.16418876498937607
89,supervised,gradcam,predicted,backbone.layer4,9,9,9,0.03482293337583542,0.5108661651611328,0.2728445492684841
90,supervised,gradcam,predicted,backbone.layer4,0,0,0,0.5695028901100159,0.6069737076759338,0.5882382988929749
91,supervised,gradcam,predicted,backbone.layer4,3,3,3,0.6125457882881165,0.6799141764640808,0.6462299823760986
92,supervised,gradcam,predicted,backbone.layer4,8,8,8,-0.0599479041993618,0.5802487134933472,0.2601504046469927
93,supervised,gradcam,predicted,backbone.layer4,6,6,6,0.5480848550796509,0.5752527117729187,0.5616687834262848
94,supervised,gradcam,predicted,backbone.layer4,4,4,4,0.07610172033309937,0.5079023838043213,0.2920020520687103
95,supervised,gradcam,predicted,backbone.layer4,6,6,6,0.19341793656349182,0.5633602738380432,0.3783891052007675
96,supervised,gradcam,predicted,backbone.layer4,6,6,6,0.2505933344364166,0.48950958251953125,0.37005145847797394
97,supervised,gradcam,predicted,backbone.layer4,0,0,0,0.42774248123168945,0.5944872498512268,0.5111148655414581
98,supervised,gradcam,predicted,backbone.layer4,0,0,0,0.4281883239746094,0.6253686547279358,0.5267784893512726
99,supervised,gradcam,predicted,backbone.layer4,7,7,7,0.09589092433452606,0.49166449904441833,0.2937777116894722
100,supervised,gradcam,predicted,backbone.layer4,4,4,4,0.6178126335144043,0.5110026001930237,0.564407616853714
101,supervised,gradcam,predicted,backbone.layer4,5,5,5,0.5928125977516174,0.6681241989135742,0.6304683983325958
102,supervised,gradcam,predicted,backbone.layer4,6,6,6,0.4824586510658264,0.5550846457481384,0.5187716484069824
103,supervised,gradcam,predicted,backbone.layer4,3,3,3,0.10700489580631256,0.5793262124061584,0.3431655541062355
104,supervised,gradcam,predicted,backbone.layer4,1,1,1,0.5686495900154114,0.5862134099006653,0.5774314999580383
105,supervised,gradcam,predicted,backbone.layer4,1,1,1,0.006911223754286766,0.463462769985199,0.23518699686974287
106,supervised,gradcam,predicted,backbone.layer4,3,3,3,0.3206612169742584,0.45155179500579834,0.3861065059900284
107,supervised,gradcam,predicted,backbone.layer4,6,6,6,0.14989936351776123,0.5357547998428345,0.34282708168029785
108,supervised,gradcam,predicted,backbone.layer4,8,8,8,0.20711183547973633,0.5922397375106812,0.39967578649520874
109,supervised,gradcam,predicted,backbone.layer4,7,7,7,0.3433041572570801,0.5324819684028625,0.4378930628299713
110,supervised,gradcam,predicted,backbone.layer4,4,4,4,0.4033922851085663,0.5853543877601624,0.4943733364343643
111,supervised,gradcam,predicted,backbone.layer4,0,0,0,0.19452527165412903,0.5470645427703857,0.3707949072122574
112,supervised,gradcam,predicted,backbone.layer4,6,6,6,0.45516258478164673,0.465354859828949,0.46025872230529785
113,supervised,gradcam,predicted,backbone.layer4,2,2,2,0.6400913596153259,0.6564371585845947,0.6482642590999603
114,supervised,gradcam,predicted,backbone.layer4,1,1,1,0.061388641595840454,0.5100253820419312,0.2857070118188858
115,supervised,gradcam,predicted,backbone.layer4,3,3,3,0.12958498299121857,0.4461130201816559,0.2878490015864372
116,supervised,gradcam,predicted,backbone.layer4,0,0,0,0.4789726138114929,0.5965559482574463,0.5377642810344696
117,supervised,gradcam,predicted,backbone.layer4,4,4,4,-0.33241894841194153,0.47871553897857666,0.07314829528331757
118,supervised,gradcam,predicted,backbone.layer4,2,2,2,0.6877064108848572,0.5725092887878418,0.6301078498363495
119,supervised,gradcam,predicted,backbone.layer4,7,7,7,-0.03999403119087219,0.48769664764404297,0.2238513082265854
120,supervised,gradcam,predicted,backbone.layer4,8,8,8,0.2607283890247345,0.4888758361339569,0.3748021125793457
121,supervised,gradcam,predicted,backbone.layer4,3,3,3,0.5677257180213928,0.5873320698738098,0.5775288939476013
122,supervised,gradcam,predicted,backbone.layer4,1,1,1,0.1282622367143631,0.4694176912307739,0.2988399639725685
123,supervised,gradcam,predicted,backbone.layer4,2,2,2,0.5146846771240234,0.5299145579338074,0.5222996175289154
124,supervised,gradcam,predicted,backbone.layer4,8,8,8,0.47236403822898865,0.637736439704895,0.5550502389669418
125,supervised,gradcam,predicted,backbone.layer4,0,0,0,0.1703750342130661,0.49976855516433716,0.33507179468870163
126,supervised,gradcam,predicted,backbone.layer4,8,8,8,0.3573237359523773,0.5179954171180725,0.4376595765352249
127,supervised,gradcam,predicted,backbone.layer4,3,3,3,0.4991337060928345,0.4847969114780426,0.49196530878543854
128,supervised,gradcam,predicted,backbone.layer1,5,5,5,-0.051900122314691544,0.04661209136247635,-0.0026440154761075974
129,supervised,gradcam,predicted,backbone.layer1,2,2,2,-0.07323339581489563,0.06056011840701103,-0.006336638703942299
130,supervised,gradcam,predicted,backbone.layer1,4,4,4,0.12950919568538666,0.11759726703166962,0.12355323135852814
131,supervised,gradcam,predicted,backbone.layer1,1,1,1,0.5789339542388916,0.3934144973754883,0.48617422580718994
132,supervised,gradcam,predicted,backbone.layer1,8,8,8,0.04315870255231857,0.08540569990873337,0.06428220123052597
133,supervised,gradcam,predicted,backbone.layer1,9,9,9,-0.06109621748328209,0.0975809395313263,0.018242361024022102
134,supervised,gradcam,predicted,backbone.layer1,1,1,1,-0.05309516564011574,0.2621038854122162,0.10450435988605022
135,supervised,gradcam,predicted,backbone.layer1,2,2,2,0.2117767482995987,0.12955178320407867,0.17066426575183868
136,supervised,gradcam,predicted,backbone.layer1,9,9,9,0.05761090666055679,0.14936749637126923,0.10348920151591301
137,supervised,gradcam,predicted,backbone.layer1,7,9,9,0.3344953656196594,0.45238038897514343,0.39343787729740143
138,supervised,gradcam,predicted,backbone.layer1,2,2,2,-0.028498243540525436,0.18654689192771912,0.07902432419359684
139,supervised,gradcam,predicted,backbone.layer1,9,9,9,0.03136848285794258,0.003004079917445779,0.01718628138769418
140,supervised,gradcam,predicted,backbone.layer1,6,6,6,0.14782093465328217,0.48264607787132263,0.3152335062623024
141,supervised,gradcam,predicted,backbone.layer1,5,5,5,0.10273493081331253,0.010934137739241123,0.05683453427627683
142,supervised,gradcam,predicted,backbone.layer1,6,6,6,0.04165026172995567,0.31351664662361145,0.17758345417678356
143,supervised,gradcam,predicted,backbone.layer1,3,5,5,-0.1432487517595291,0.05924960598349571,-0.0419995728880167
144,supervised,gradcam,predicted,backbone.layer1,8,8,8,0.1771617978811264,0.298906147480011,0.2380339726805687
145,supervised,gradcam,predicted,backbone.layer1,7,7,7,0.2315617948770523,0.12604515254497528,0.1788034737110138
146,supervised,gradcam,predicted,backbone.layer1,6,6,6,0.2190527617931366,0.4659843146800995,0.34251853823661804
147,supervised,gradcam,predicted,backbone.layer1,2,5,5,-0.1771465390920639,0.11730611324310303,-0.029920212924480438
148,supervised,gradcam,predicted,backbone.layer1,5,5,5,0.26209768652915955,0.24332788586616516,0.25271278619766235
149,supervised,gradcam,predicted,backbone.layer1,2,2,2,0.3749081492424011,0.4115775525569916,0.39324285089969635
150,supervised,gradcam,predicted,backbone.layer1,8,8,8,0.36692291498184204,0.2526054382324219,0.30976417660713196
151,supervised,gradcam,predicted,backbone.layer1,9,9,9,0.48662787675857544,0.17045237123966217,0.3285401239991188
152,supervised,gradcam,predicted,backbone.layer1,6,6,6,0.15168176591396332,0.3267388939857483,0.2392103299498558
153,supervised,gradcam,predicted,backbone.layer1,0,0,0,-0.2533913552761078,0.25173506140708923,-0.0008281469345092773
154,supervised,gradcam,predicted,backbone.layer1,0,0,0,-0.1338251233100891,0.38521045446395874,0.12569266557693481
155,supervised,gradcam,predicted,backbone.layer1,5,5,5,-0.07739954441785812,0.06818883121013641,-0.004605356603860855
156,supervised,gradcam,predicted,backbone.layer1,2,2,2,0.1438165158033371,0.26957249641418457,0.20669450610876083
157,supervised,gradcam,predicted,backbone.layer1,9,9,9,0.5553846955299377,0.15522749722003937,0.35530609637498856
158,supervised,gradcam,predicted,backbone.layer1,5,3,3,-0.045529354363679886,0.11488845944404602,0.03467955254018307
159,supervised,gradcam,predicted,backbone.layer1,4,4,4,0.054373521357774734,0.3396473526954651,0.1970104370266199
160,supervised,gradcam,predicted,backbone.layer1,2,2,2,0.0257661584764719,0.4066627025604248,0.21621443051844835
161,supervised,gradcam,predicted,backbone.layer1,1,1,1,0.11097857356071472,0.2855496108531952,0.19826409220695496
162,supervised,gradcam,predicted,backbone.layer1,6,6,6,-0.019419215619564056,0.34640970826148987,0.1634952463209629
163,supervised,gradcam,predicted,backbone.layer1,6,6,6,0.2815720736980438,0.5128729343414307,0.39722250401973724
164,supervised,gradcam,predicted,backbone.layer1,8,0,0,0.4196416437625885,0.5236765742301941,0.4716591089963913
165,supervised,gradcam,predicted,backbone.layer1,4,2,2,0.3642895221710205,0.49300798773765564,0.4286487549543381
166,supervised,gradcam,predicted,backbone.layer1,8,8,8,0.04294630140066147,0.16041207313537598,0.10167918726801872
167,supervised,gradcam,predicted,backbone.layer1,4,4,4,-0.023417530581355095,0.3747083246707916,0.17564539704471827
168,supervised,gradcam,predicted,backbone.layer1,5,5,5,0.006893410813063383,0.06219250708818436,0.03454295895062387
169,supervised,gradcam,predicted,backbone.layer1,0,8,8,0.30110636353492737,0.1972990483045578,0.24920270591974258
170,supervised,gradcam,predicted,backbone.layer1,9,9,9,0.1835060566663742,0.15147972106933594,0.16749288886785507
171,supervised,gradcam,predicted,backbone.layer1,9,9,9,0.2601091265678406,0.16184002161026,0.2109745740890503
172,supervised,gradcam,predicted,backbone.layer1,9,9,9,0.2185964435338974,0.026134967803955078,0.12236570566892624
173,supervised,gradcam,predicted,backbone.layer1,8,8,8,0.21537470817565918,0.1606755256652832,0.1880251169204712
174,supervised,gradcam,predicted,backbone.layer1,9,9,9,0.2615579664707184,0.2737707793712616,0.26766437292099
175,supervised,gradcam,predicted,backbone.layer1,9,9,9,0.22456933557987213,0.15726472437381744,0.1909170299768448
176,supervised,gradcam,predicted,backbone.layer1,3,3,3,0.0847397893667221,0.17892834544181824,0.13183406740427017
177,supervised,gradcam,predicted,backbone.layer1,7,7,7,-0.04376208409667015,0.010728166438639164,-0.016516958829015493
178,supervised,gradcam,predicted,backbone.layer1,5,3,3,0.026849256828427315,0.4084257185459137,0.2176374876871705
179,supervised,gradcam,predicted,backbone.layer1,0,0,0,-0.032269589602947235,0.37007126212120056,0.16890083625912666
180,supervised,gradcam,predicted,backbone.layer1,0,0,0,-0.24819298088550568,0.3469889760017395,0.04939799755811691
181,supervised,gradcam,predicted,backbone.layer1,5,5,5,0.07246527075767517,0.024023208767175674,0.04824423976242542
182,supervised,gradcam,predicted,backbone.layer1,2,2,2,-0.0811777114868164,0.07487217336893082,-0.003152769058942795
183,supervised,gradcam,predicted,backbone.layer1,2,2,2,-0.08295877277851105,0.040672775357961655,-0.021142998710274696
184,supervised,gradcam,predicted,backbone.layer1,3,3,3,-0.06479006260633469,0.02548837661743164,-0.019650842994451523
185,supervised,gradcam,predicted,backbone.layer1,8,8,8,-0.14773514866828918,0.10634655505418777,-0.020694296807050705
186,supervised,gradcam,predicted,backbone.layer1,6,6,6,-0.06756605952978134,0.3791309595108032,0.15578244999051094
187,supervised,gradcam,predicted,backbone.layer1,3,3,3,0.1508779078722,0.32882410287857056,0.23985100537538528
188,supervised,gradcam,predicted,backbone.layer1,4,2,2,-0.11975493282079697,0.22580188512802124,0.05302347615361214
189,supervised,gradcam,predicted,backbone.layer1,0,0,0,-0.15000151097774506,0.22242937982082367,0.03621393442153931
190,supervised,gradcam,predicted,backbone.layer1,5,5,5,-0.09879004955291748,0.09224896878004074,-0.0032705403864383698
191,supervised,gradcam,predicted,backbone.layer1,8,8,8,0.06071586161851883,0.22395005822181702,0.14233295992016792
128,supervised,gradcam,predicted,backbone.layer2,5,5,5,-0.02509680576622486,0.29421108961105347,0.1345571419224143
129,supervised,gradcam,predicted,backbone.layer2,2,2,2,-0.2630731761455536,0.08779487758874893,-0.08763914927840233
130,supervised,gradcam,predicted,backbone.layer2,4,4,4,0.20116469264030457,0.33525753021240234,0.26821111142635345
131,supervised,gradcam,predicted,backbone.layer2,1,1,1,0.24981744587421417,0.5525193214416504,0.4011683836579323
132,supervised,gradcam,predicted,backbone.layer2,8,8,8,0.19760096073150635,0.46228957176208496,0.32994526624679565
133,supervised,gradcam,predicted,backbone.layer2,9,9,9,0.04686959460377693,0.2931518852710724,0.17001073993742466
134,supervised,gradcam,predicted,backbone.layer2,1,1,1,0.044641297310590744,0.5016549825668335,0.2731481399387121
135,supervised,gradcam,predicted,backbone.layer2,2,2,2,-0.1534820795059204,0.12688405811786652,-0.013299010694026947
136,supervised,gradcam,predicted,backbone.layer2,9,9,9,-0.0010000377660617232,0.32519012689590454,0.1620950445649214
137,supervised,gradcam,predicted,backbone.layer2,7,9,9,0.06024784594774246,0.3150370717048645,0.18764245882630348
138,supervised,gradcam,predicted,backbone.layer2,2,2,2,0.2564452886581421,0.4026578366756439,0.329551562666893
139,supervised,gradcam,predicted,backbone.layer2,9,9,9,0.5176141858100891,0.1564132422208786,0.33701371401548386
140,supervised,gradcam,predicted,backbone.layer2,6,6,6,0.3831906020641327,0.5184621810913086,0.45082639157772064
141,supervised,gradcam,predicted,backbone.layer2,5,5,5,0.1256524622440338,0.3194020390510559,0.22252725064754486
142,supervised,gradcam,predicted,backbone.layer2,6,6,6,-0.19105279445648193,0.37559619545936584,0.09227170050144196
143,supervised,gradcam,predicted,backbone.layer2,3,5,5,-0.002350741298869252,0.4327152967453003,0.21518227772321552
144,supervised,gradcam,predicted,backbone.layer2,8,8,8,-0.2573527693748474,0.17338356375694275,-0.04198460280895233
145,supervised,gradcam,predicted,backbone.layer2,7,7,7,-0.11830601096153259,0.3802206218242645,0.13095730543136597
146,supervised,gradcam,predicted,backbone.layer2,6,6,6,0.1211990937590599,0.4473823606967926,0.28429072722792625
147,supervised,gradcam,predicted,backbone.layer2,2,5,5,0.20681844651699066,0.3681718409061432,0.2874951437115669
148,supervised,gradcam,predicted,backbone.layer2,5,5,5,0.30333396792411804,0.5148941874504089,0.4091140776872635
149,supervised,gradcam,predicted,backbone.layer2,2,2,2,0.3595568835735321,0.374373197555542,0.36696504056453705
150,supervised,gradcam,predicted,backbone.layer2,8,8,8,-0.31487151980400085,0.22900404036045074,-0.042933739721775055
151,supervised,gradcam,predicted,backbone.layer2,9,9,9,0.3685429096221924,0.3344177007675171,0.35148030519485474
152,supervised,gradcam,predicted,backbone.layer2,6,6,6,-0.14957869052886963,0.3100225627422333,0.08022193610668182
153,supervised,gradcam,predicted,backbone.layer2,0,0,0,-0.014710473828017712,0.3990258276462555,0.1921576769091189
154,supervised,gradcam,predicted,backbone.layer2,0,0,0,-0.2775844931602478,0.41020461916923523,0.06631006300449371
155,supervised,gradcam,predicted,backbone.layer2,5,5,5,0.08003753423690796,0.31692206859588623,0.1984798014163971
156,supervised,gradcam,predicted,backbone.layer2,2,2,2,0.26464590430259705,0.23551508784294128,0.25008049607276917
157,supervised,gradcam,predicted,backbone.layer2,9,9,9,0.2620786130428314,0.3983316123485565,0.33020511269569397
158,supervised,gradcam,predicted,backbone.layer2,5,3,3,-0.2921348810195923,0.3746287524700165,0.0412469357252121
159,supervised,gradcam,predicted,backbone.layer2,4,4,4,0.06889775395393372,0.20261482894420624,0.13575629144906998
160,supervised,gradcam,predicted,backbone.layer2,2,2,2,0.6021656394004822,0.47300517559051514,0.5375854074954987
161,supervised,gradcam,predicted,backbone.layer2,1,1,1,-0.11964785307645798,0.34267646074295044,0.11151430383324623
162,supervised,gradcam,predicted,backbone.layer2,6,6,6,0.1583384871482849,0.39931249618530273,0.2788254916667938
163,supervised,gradcam,predicted,backbone.layer2,6,6,6,0.3790266513824463,0.5520463585853577,0.465536504983902
164,supervised,gradcam,predicted,backbone.layer2,8,0,0,0.16374869644641876,0.4200810194015503,0.2919148579239845
165,supervised,gradcam,predicted,backbone.layer2,4,2,2,-0.11476083099842072,0.2547145187854767,0.06997684389352798
166,supervised,gradcam,predicted,backbone.layer2,8,8,8,0.5752216577529907,0.3879912495613098,0.48160645365715027
167,supervised,gradcam,predicted,backbone.layer2,4,4,4,-0.17242123186588287,0.3726997971534729,0.10013928264379501
168,supervised,gradcam,predicted,backbone.layer2,5,5,5,0.22016097605228424,0.32981443405151367,0.27498770505189896
169,supervised,gradcam,predicted,backbone.layer2,0,8,8,0.23864243924617767,0.20722539722919464,0.22293391823768616
170,supervised,gradcam,predicted,backbone.layer2,9,9,9,0.1775301694869995,0.3280365765094757,0.2527833729982376
171,supervised,gradcam,predicted,backbone.layer2,9,9,9,-0.33297136425971985,0.24708767235279083,-0.04294184595346451
172,supervised,gradcam,predicted,backbone.layer2,9,9,9,0.1605668067932129,0.43217775225639343,0.29637227952480316
173,supervised,gradcam,predicted,backbone.layer2,8,8,8,-0.12529118359088898,0.2567712068557739,0.06574001163244247
174,supervised,gradcam,predicted,backbone.layer2,9,9,9,0.23743438720703125,0.19179758429527283,0.21461598575115204
175,supervised,gradcam,predicted,backbone.layer2,9,9,9,0.004388405010104179,0.33533212542533875,0.16986026521772146
176,supervised,gradcam,predicted,backbone.layer2,3,3,3,0.19100239872932434,0.4637982249259949,0.3274003118276596
177,supervised,gradcam,predicted,backbone.layer2,7,7,7,0.21158325672149658,0.5712215900421143,0.3914024233818054
178,supervised,gradcam,predicted,backbone.layer2,5,3,3,-0.1617308259010315,0.4108899235725403,0.1245795488357544
179,supervised,gradcam,predicted,backbone.layer2,0,0,0,0.2794419229030609,0.5402934551239014,0.40986768901348114
180,supervised,gradcam,predicted,backbone.layer2,0,0,0,0.0038856700994074345,0.3597334921360016,0.1818095811177045
181,supervised,gradcam,predicted,backbone.layer2,5,5,5,-0.24932603538036346,0.31037601828575134,0.03052499145269394
182,supervised,gradcam,predicted,backbone.layer2,2,2,2,-0.2713867425918579,0.2937171757221222,0.011165216565132141
183,supervised,gradcam,predicted,backbone.layer2,2,2,2,0.25396111607551575,0.2085566520690918,0.23125888407230377
184,supervised,gradcam,predicted,backbone.layer2,3,3,3,-0.16354167461395264,0.33353298902511597,0.08499565720558167
185,supervised,gradcam,predicted,backbone.layer2,8,8,8,0.18911616504192352,0.3329676687717438,0.26104191690683365
186,supervised,gradcam,predicted,backbone.layer2,6,6,6,0.04629009589552879,0.46811801195144653,0.25720405392348766
187,supervised,gradcam,predicted,backbone.layer2,3,3,3,0.45212259888648987,0.5039218068122864,0.4780222028493881
188,supervised,gradcam,predicted,backbone.layer2,4,2,2,0.06339257210493088,0.22243812680244446,0.14291534945368767
189,supervised,gradcam,predicted,backbone.layer2,0,0,0,0.0995037630200386,0.20242653787136078,0.1509651504456997
190,supervised,gradcam,predicted,backbone.layer2,5,5,5,0.011595002375543118,0.3138444125652313,0.16271970747038722
191,supervised,gradcam,predicted,backbone.layer2,8,8,8,-0.0008214692352339625,0.32318469882011414,0.1611816147924401
128,supervised,gradcam,predicted,backbone.layer3,5,5,5,0.04607471451163292,0.407725065946579,0.22689989022910595
129,supervised,gradcam,predicted,backbone.layer3,2,2,2,0.053179096430540085,0.47558334469795227,0.2643812205642462
130,supervised,gradcam,predicted,backbone.layer3,4,4,4,0.795492947101593,0.4516147971153259,0.6235538721084595
131,supervised,gradcam,predicted,backbone.layer3,1,1,1,-0.20816053450107574,0.3421797454357147,0.06700960546731949
132,supervised,gradcam,predicted,backbone.layer3,8,8,8,0.1589329093694687,0.5503828525543213,0.354657880961895
133,supervised,gradcam,predicted,backbone.layer3,9,9,9,0.18830284476280212,0.3165753185749054,0.25243908166885376
134,supervised,gradcam,predicted,backbone.layer3,1,1,1,-0.33090293407440186,0.22235797345638275,-0.05427248030900955
135,supervised,gradcam,predicted,backbone.layer3,2,2,2,0.6052690744400024,0.5696533918380737,0.5874612331390381
136,supervised,gradcam,predicted,backbone.layer3,9,9,9,-0.49018242955207825,0.2810971140861511,-0.10454265773296356
137,supervised,gradcam,predicted,backbone.layer3,7,9,9,0.07649144530296326,0.3292089104652405,0.20285017788410187
138,supervised,gradcam,predicted,backbone.layer3,2,2,2,0.6872718930244446,0.5592352747917175,0.623253583908081
139,supervised,gradcam,predicted,backbone.layer3,9,9,9,0.4941460192203522,0.2918674945831299,0.39300675690174103
140,supervised,gradcam,predicted,backbone.layer3,6,6,6,0.7388049960136414,0.6057194471359253,0.6722622215747833
141,supervised,gradcam,predicted,backbone.layer3,5,5,5,0.3186706602573395,0.45047497749328613,0.3845728188753128
142,supervised,gradcam,predicted,backbone.layer3,6,6,6,0.42092177271842957,0.4805104732513428,0.45071612298488617
143,supervised,gradcam,predicted,backbone.layer3,3,5,5,0.2604737877845764,0.48726874589920044,0.3738712668418884
144,supervised,gradcam,predicted,backbone.layer3,8,8,8,0.3903249204158783,0.4711223542690277,0.430723637342453
145,supervised,gradcam,predicted,backbone.layer3,7,7,7,0.47845903038978577,0.4217086136341095,0.45008382201194763
146,supervised,gradcam,predicted,backbone.layer3,6,6,6,0.6986622214317322,0.5447190403938293,0.6216906309127808
147,supervised,gradcam,predicted,backbone.layer3,2,5,5,0.06103311479091644,0.430668443441391,0.24585077911615372
148,supervised,gradcam,predicted,backbone.layer3,5,5,5,0.20826664566993713,0.4628268778324127,0.3355467617511749
149,supervised,gradcam,predicted,backbone.layer3,2,2,2,-0.05823857709765434,0.45633986592292786,0.19905064441263676
150,supervised,gradcam,predicted,backbone.layer3,8,8,8,0.13230043649673462,0.46872106194496155,0.3005107492208481
151,supervised,gradcam,predicted,backbone.layer3,9,9,9,0.5710328221321106,0.3882710635662079,0.47965194284915924
152,supervised,gradcam,predicted,backbone.layer3,6,6,6,0.32363274693489075,0.4758853018283844,0.3997590243816376
153,supervised,gradcam,predicted,backbone.layer3,0,0,0,-0.2935090661048889,0.35028982162475586,0.02839037775993347
154,supervised,gradcam,predicted,backbone.layer3,0,0,0,-0.28961583971977234,0.34812796115875244,0.02925606071949005
155,supervised,gradcam,predicted,backbone.layer3,5,5,5,0.5420641303062439,0.48192688822746277,0.5119955092668533
156,supervised,gradcam,predicted,backbone.layer3,2,2,2,0.7394770979881287,0.566853404045105,0.6531652510166168
157,supervised,gradcam,predicted,backbone.layer3,9,9,9,0.6661909818649292,0.5086823105812073,0.5874366462230682
158,supervised,gradcam,predicted,backbone.layer3,5,3,3,0.579800546169281,0.5069963335990906,0.5433984398841858
159,supervised,gradcam,predicted,backbone.layer3,4,4,4,0.5866443514823914,0.4493943154811859,0.5180193334817886
160,supervised,gradcam,predicted,backbone.layer3,2,2,2,0.25262272357940674,0.6107359528541565,0.4316793382167816
161,supervised,gradcam,predicted,backbone.layer3,1,1,1,0.36221417784690857,0.41103193163871765,0.3866230547428131
162,supervised,gradcam,predicted,backbone.layer3,6,6,6,-0.17153479158878326,0.32226207852363586,0.0753636434674263
163,supervised,gradcam,predicted,backbone.layer3,6,6,6,-0.08674706518650055,0.43321123719215393,0.1732320860028267
164,supervised,gradcam,predicted,backbone.layer3,8,0,0,0.0020853793248534203,0.2968619763851166,0.149473677854985
165,supervised,gradcam,predicted,backbone.layer3,4,2,2,0.018170472234487534,0.30705925822257996,0.16261486522853374
166,supervised,gradcam,predicted,backbone.layer3,8,8,8,0.7346907258033752,0.6322125196456909,0.6834516227245331
167,supervised,gradcam,predicted,backbone.layer3,4,4,4,0.8061543703079224,0.567653477191925,0.6869039237499237
168,supervised,gradcam,predicted,backbone.layer3,5,5,5,0.17731863260269165,0.38962292671203613,0.2834707796573639
169,supervised,gradcam,predicted,backbone.layer3,0,8,8,0.3824608027935028,0.535843551158905,0.4591521769762039
170,supervised,gradcam,predicted,backbone.layer3,9,9,9,0.10465816408395767,0.35280537605285645,0.22873177006840706
171,supervised,gradcam,predicted,backbone.layer3,9,9,9,-0.08386941999197006,0.2943202555179596,0.10522541776299477
172,supervised,gradcam,predicted,backbone.layer3,9,9,9,0.3730820417404175,0.3491280674934387,0.3611050546169281
173,supervised,gradcam,predicted,backbone.layer3,8,8,8,0.017526626586914062,0.4246425926685333,0.2210846096277237
174,supervised,gradcam,predicted,backbone.layer3,9,9,9,0.3531847596168518,0.42308640480041504,0.3881355822086334
175,supervised,gradcam,predicted,backbone.layer3,9,9,9,0.1920955628156662,0.3266488015651703,0.25937218219041824
176,supervised,gradcam,predicted,backbone.layer3,3,3,3,0.47095394134521484,0.4442017376422882,0.4575778394937515
177,supervised,gradcam,predicted,backbone.layer3,7,7,7,0.3472062349319458,0.47929927706718445,0.4132527559995651
178,supervised,gradcam,predicted,backbone.layer3,5,3,3,-0.04766031727194786,0.24619655311107635,0.09926811791956425
179,supervised,gradcam,predicted,backbone.layer3,0,0,0,-0.2215723842382431,0.4288336932659149,0.10363065451383591
180,supervised,gradcam,predicted,backbone.layer3,0,0,0,0.06914179027080536,0.18134805560112,0.12524492293596268
181,supervised,gradcam,predicted,backbone.layer3,5,5,5,0.48973268270492554,0.45647549629211426,0.4731040894985199
182,supervised,gradcam,predicted,backbone.layer3,2,2,2,0.2791275978088379,0.49882590770721436,0.3889767527580261
183,supervised,gradcam,predicted,backbone.layer3,2,2,2,0.008941690437495708,0.3748306632041931,0.1918861768208444
184,supervised,gradcam,predicted,backbone.layer3,3,3,3,0.6878777146339417,0.4354645311832428,0.5616711229085922
185,supervised,gradcam,predicted,backbone.layer3,8,8,8,0.2934720814228058,0.5193594694137573,0.40641577541828156
186,supervised,gradcam,predicted,backbone.layer3,6,6,6,0.2809106111526489,0.44141706824302673,0.36116383969783783
187,supervised,gradcam,predicted,backbone.layer3,3,3,3,0.25407326221466064,0.3434942066669464,0.29878373444080353
188,supervised,gradcam,predicted,backbone.layer3,4,2,2,0.25371038913726807,0.5083121061325073,0.3810112476348877
189,supervised,gradcam,predicted,backbone.layer3,0,0,0,-0.32286420464515686,0.10157336294651031,-0.11064542084932327
190,supervised,gradcam,predicted,backbone.layer3,5,5,5,0.7454698085784912,0.5240848064422607,0.634777307510376
191,supervised,gradcam,predicted,backbone.layer3,8,8,8,-0.11888166517019272,0.3923185169696808,0.13671842589974403
128,supervised,gradcam,predicted,backbone.layer4,5,5,5,0.609904408454895,0.5458096265792847,0.5778570175170898
129,supervised,gradcam,predicted,backbone.layer4,2,2,2,0.3541315495967865,0.514080822467804,0.4341061860322952
130,supervised,gradcam,predicted,backbone.layer4,4,4,4,0.5706122517585754,0.5233467817306519,0.5469795167446136
131,supervised,gradcam,predicted,backbone.layer4,1,1,1,0.12522734701633453,0.48788750171661377,0.30655742436647415
132,supervised,gradcam,predicted,backbone.layer4,8,8,8,-0.010807676240801811,0.511094868183136,0.2501435959711671
133,supervised,gradcam,predicted,backbone.layer4,9,9,9,-0.13258343935012817,0.5293551087379456,0.1983858346939087
134,supervised,gradcam,predicted,backbone.layer4,1,1,1,0.521131157875061,0.5682983994483948,0.5447147786617279
135,supervised,gradcam,predicted,backbone.layer4,2,2,2,0.44995468854904175,0.5349001884460449,0.49242743849754333
136,supervised,gradcam,predicted,backbone.layer4,9,9,9,-0.10327725857496262,0.4317580759525299,0.16424040868878365
137,supervised,gradcam,predicted,backbone.layer4,7,9,9,0.6691160202026367,0.6650511622428894,0.6670835912227631
138,supervised,gradcam,predicted,backbone.layer4,2,2,2,0.6519354581832886,0.6132747530937195,0.632605105638504
139,supervised,gradcam,predicted,backbone.layer4,9,9,9,0.43471798300743103,0.4880300760269165,0.46137402951717377
140,supervised,gradcam,predicted,backbone.layer4,6,6,6,0.6784365177154541,0.7014425992965698,0.689939558506012
141,supervised,gradcam,predicted,backbone.layer4,5,5,5,0.6220878958702087,0.6071045398712158,0.6145962178707123
142,supervised,gradcam,predicted,backbone.layer4,6,6,6,0.5310354828834534,0.7025072574615479,0.6167713701725006
143,supervised,gradcam,predicted,backbone.layer4,3,5,5,0.5051320791244507,0.5607545375823975,0.5329433083534241
144,supervised,gradcam,predicted,backbone.layer4,8,8,8,0.35998737812042236,0.5536953806877136,0.456841379404068
145,supervised,gradcam,predicted,backbone.layer4,7,7,7,0.36503735184669495,0.5449988842010498,0.4550181180238724
146,supervised,gradcam,predicted,backbone.layer4,6,6,6,0.46776658296585083,0.5095486044883728,0.4886575937271118
147,supervised,gradcam,predicted,backbone.layer4,2,5,5,-0.006941010244190693,0.4841754138469696,0.23861720180138946
148,supervised,gradcam,predicted,backbone.layer4,5,5,5,0.3863566815853119,0.5212365984916687,0.4537966400384903
149,supervised,gradcam,predicted,backbone.layer4,2,2,2,0.07109858840703964,0.4335259795188904,0.252312283962965
150,supervised,gradcam,predicted,backbone.layer4,8,8,8,0.324124813079834,0.6116235852241516,0.4678741991519928
151,supervised,gradcam,predicted,backbone.layer4,9,9,9,0.4870898127555847,0.5908206105232239,0.5389552116394043
152,supervised,gradcam,predicted,backbone.layer4,6,6,6,0.27206507325172424,0.5347356796264648,0.40340037643909454
153,supervised,gradcam,predicted,backbone.layer4,0,0,0,0.06482217460870743,0.5748002529144287,0.31981121376156807
154,supervised,gradcam,predicted,backbone.layer4,0,0,0,0.5577995181083679,0.6573675274848938,0.6075835227966309
155,supervised,gradcam,predicted,backbone.layer4,5,5,5,0.46664389967918396,0.5939592123031616,0.5303015559911728
156,supervised,gradcam,predicted,backbone.layer4,2,2,2,0.40879908204078674,0.5354330539703369,0.47211606800556183
157,supervised,gradcam,predicted,backbone.layer4,9,9,9,0.2775442600250244,0.5867654085159302,0.4321548342704773
158,supervised,gradcam,predicted,backbone.layer4,5,3,3,0.24030287563800812,0.48150816559791565,0.3609055206179619
159,supervised,gradcam,predicted,backbone.layer4,4,4,4,0.4640229344367981,0.6136608123779297,0.5388418734073639
160,supervised,gradcam,predicted,backbone.layer4,2,2,2,0.4313742220401764,0.5610580444335938,0.49621613323688507
161,supervised,gradcam,predicted,backbone.layer4,1,1,1,0.29960477352142334,0.5051497220993042,0.40237724781036377
162,supervised,gradcam,predicted,backbone.layer4,6,6,6,-0.3352646231651306,0.38266801834106445,0.02370169758796692
163,supervised,gradcam,predicted,backbone.layer4,6,6,6,0.30890464782714844,0.5287701487541199,0.41883739829063416
164,supervised,gradcam,predicted,backbone.layer4,8,0,0,-0.006817998830229044,0.5425559282302856,0.2678689647000283
165,supervised,gradcam,predicted,backbone.layer4,4,2,2,0.5112742185592651,0.5535789132118225,0.5324265658855438
166,supervised,gradcam,predicted,backbone.layer4,8,8,8,0.2964831292629242,0.5558223724365234,0.4261527508497238
167,supervised,gradcam,predicted,backbone.layer4,4,4,4,0.320582777261734,0.5389345288276672,0.4297586530447006
168,supervised,gradcam,predicted,backbone.layer4,5,5,5,0.2340778112411499,0.5286402702331543,0.3813590407371521
169,supervised,gradcam,predicted,backbone.layer4,0,8,8,0.1678820252418518,0.5218002796173096,0.3448411524295807
170,supervised,gradcam,predicted,backbone.layer4,9,9,9,0.28130337595939636,0.5016939640045166,0.3914986699819565
171,supervised,gradcam,predicted,backbone.layer4,9,9,9,0.09563620388507843,0.583439826965332,0.33953801542520523
172,supervised,gradcam,predicted,backbone.layer4,9,9,9,0.22774352133274078,0.536469042301178,0.3821062818169594
173,supervised,gradcam,predicted,backbone.layer4,8,8,8,0.007802641950547695,0.4643420875072479,0.2360723647288978
174,supervised,gradcam,predicted,backbone.layer4,9,9,9,-0.03148887678980827,0.5189985036849976,0.24375481344759464
175,supervised,gradcam,predicted,backbone.layer4,9,9,9,-0.02474169060587883,0.5060703754425049,0.24066434241831303
176,supervised,gradcam,predicted,backbone.layer4,3,3,3,0.24731887876987457,0.5591945052146912,0.40325669199228287
177,supervised,gradcam,predicted,backbone.layer4,7,7,7,0.3871977925300598,0.6257098913192749,0.5064538419246674
178,supervised,gradcam,predicted,backbone.layer4,5,3,3,0.2914627492427826,0.4503960609436035,0.37092940509319305
179,supervised,gradcam,predicted,backbone.layer4,0,0,0,0.22702960669994354,0.5856861472129822,0.40635787695646286
180,supervised,gradcam,predicted,backbone.layer4,0,0,0,0.36270859837532043,0.5051917433738708,0.43395017087459564
181,supervised,gradcam,predicted,backbone.layer4,5,5,5,0.3695997893810272,0.5047589540481567,0.437179371714592
182,supervised,gradcam,predicted,backbone.layer4,2,2,2,-0.013481040485203266,0.48260822892189026,0.2345635942183435
183,supervised,gradcam,predicted,backbone.layer4,2,2,2,0.11782737821340561,0.5794841647148132,0.3486557714641094
184,supervised,gradcam,predicted,backbone.layer4,3,3,3,0.5408130884170532,0.6663591861724854,0.6035861372947693
185,supervised,gradcam,predicted,backbone.layer4,8,8,8,-0.1396016776561737,0.4620997905731201,0.1612490564584732
186,supervised,gradcam,predicted,backbone.layer4,6,6,6,0.5739206075668335,0.6036489009857178,0.5887847542762756
187,supervised,gradcam,predicted,backbone.layer4,3,3,3,0.3454822599887848,0.5364906787872314,0.4409864693880081
188,supervised,gradcam,predicted,backbone.layer4,4,2,2,0.16337567567825317,0.4796515107154846,0.3215135931968689
189,supervised,gradcam,predicted,backbone.layer4,0,0,0,0.4690453112125397,0.5594041347503662,0.5142247229814529
190,supervised,gradcam,predicted,backbone.layer4,5,5,5,0.6126915812492371,0.5726521611213684,0.5926718711853027
191,supervised,gradcam,predicted,backbone.layer4,8,8,8,0.09981104731559753,0.5116930603981018,0.30575205385684967
192,supervised,gradcam,predicted,backbone.layer1,0,0,0,0.05439336225390434,0.30775123834609985,0.1810723003000021
193,supervised,gradcam,predicted,backbone.layer1,1,1,1,0.2290874421596527,0.2238360345363617,0.2264617383480072
194,supervised,gradcam,predicted,backbone.layer1,7,7,7,-0.036177631467580795,0.006910004187375307,-0.014633813640102744
195,supervised,gradcam,predicted,backbone.layer1,2,2,2,-0.3399062752723694,0.2962823808193207,-0.021811947226524353
196,supervised,gradcam,predicted,backbone.layer1,8,8,8,0.10665269196033478,0.21012939512729645,0.1583910435438156
197,supervised,gradcam,predicted,backbone.layer1,8,8,8,-0.11078386008739471,0.025701019912958145,-0.042541420087218285
198,supervised,gradcam,predicted,backbone.layer1,7,7,7,0.15159092843532562,0.044504314661026,0.09804762154817581
199,supervised,gradcam,predicted,backbone.layer1,8,8,8,0.26431235671043396,0.18569383025169373,0.22500309348106384
200,supervised,gradcam,predicted,backbone.layer1,5,5,5,0.006876719184219837,0.052158430218696594,0.029517574701458216
201,supervised,gradcam,predicted,backbone.layer1,1,1,1,0.37182366847991943,0.42199453711509705,0.39690910279750824
202,supervised,gradcam,predicted,backbone.layer1,8,8,8,0.31095531582832336,0.0806986466050148,0.19582698121666908
203,supervised,gradcam,predicted,backbone.layer1,7,7,7,-0.09339063614606857,0.01955646276473999,-0.03691708669066429
204,supervised,gradcam,predicted,backbone.layer1,1,1,1,0.29178714752197266,0.4942814111709595,0.39303427934646606
205,supervised,gradcam,predicted,backbone.layer1,3,3,3,-0.11800016462802887,0.030698096379637718,-0.043651034124195576
206,supervised,gradcam,predicted,backbone.layer1,0,0,0,-0.3885432481765747,0.23885703086853027,-0.07484310865402222
207,supervised,gradcam,predicted,backbone.layer1,5,5,5,0.005392609629780054,0.039768896996974945,0.0225807533133775
208,supervised,gradcam,predicted,backbone.layer1,7,7,7,-0.023305978626012802,0.014944728463888168,-0.004180625081062317
209,supervised,gradcam,predicted,backbone.layer1,9,9,9,0.3100326359272003,0.10790740698575974,0.20897002145648003
210,supervised,gradcam,predicted,backbone.layer1,7,7,7,-0.04790334030985832,0.030803503468632698,-0.008549918420612812
211,supervised,gradcam,predicted,backbone.layer1,4,4,4,-0.20359985530376434,0.3175038695335388,0.05695200711488724
212,supervised,gradcam,predicted,backbone.layer1,5,5,5,0.09757352620363235,0.0657016932964325,0.08163760975003242
213,supervised,gradcam,predicted,backbone.layer1,9,9,9,0.2453971803188324,0.4182424545288086,0.3318198174238205
214,supervised,gradcam,predicted,backbone.layer1,8,8,8,-0.06628524512052536,0.3895885944366455,0.16165167465806007
215,supervised,gradcam,predicted,backbone.layer1,0,0,0,0.015889808535575867,0.48764654994010925,0.25176817923784256
216,supervised,gradcam,predicted,backbone.layer1,7,7,7,-0.058207713067531586,0.0002895096258725971,-0.028959101720829494
217,supervised,gradcam,predicted,backbone.layer1,9,9,9,0.06556501984596252,0.16895076632499695,0.11725789308547974
218,supervised,gradcam,predicted,backbone.layer1,8,8,8,0.25695276260375977,0.0732358917593956,0.16509432718157768
219,supervised,gradcam,predicted,backbone.layer1,2,2,2,-0.17613382637500763,0.11224983632564545,-0.03194199502468109
220,supervised,gradcam,predicted,backbone.layer1,7,7,7,0.021267864853143692,0.00145231862552464,0.011360091739334166
221,supervised,gradcam,predicted,backbone.layer1,6,6,6,0.23085640370845795,0.4488937258720398,0.33987506479024887
222,supervised,gradcam,predicted,backbone.layer1,9,9,9,0.11260898411273956,0.2144661247730255,0.16353755444288254
223,supervised,gradcam,predicted,backbone.layer1,4,3,3,-0.006203035824000835,0.4190477430820465,0.20642235362902284
224,supervised,gradcam,predicted,backbone.layer1,3,4,4,0.16678251326084137,0.32687103748321533,0.24682677537202835
225,supervised,gradcam,predicted,backbone.layer1,9,9,9,0.28324779868125916,0.08927875757217407,0.1862632781267166
226,supervised,gradcam,predicted,backbone.layer1,6,6,6,-0.09809555113315582,0.41464826464653015,0.15827635675668716
227,supervised,gradcam,predicted,backbone.layer1,4,4,4,-0.12208488583564758,0.10024157911539078,-0.010921653360128403
228,supervised,gradcam,predicted,backbone.layer1,7,7,7,-0.028777824714779854,0.06327944248914719,0.017250808887183666
229,supervised,gradcam,predicted,backbone.layer1,6,6,6,0.19840772449970245,0.46902650594711304,0.33371711522340775
230,supervised,gradcam,predicted,backbone.layer1,5,5,5,0.2575683295726776,0.2865527272224426,0.2720605283975601
231,supervised,gradcam,predicted,backbone.layer1,1,1,1,0.2557612657546997,0.37495240569114685,0.3153568357229233
232,supervised,gradcam,predicted,backbone.layer1,5,5,5,-0.10763715952634811,0.033847708255052567,-0.036894725635647774
233,supervised,gradcam,predicted,backbone.layer1,8,8,8,-0.0075957258231937885,0.12390902638435364,0.058156650280579925
234,supervised,gradcam,predicted,backbone.layer1,8,8,8,-0.0825689360499382,0.009046840481460094,-0.036761047784239054
235,supervised,gradcam,predicted,backbone.layer1,0,0,0,-0.31858885288238525,0.44754186272621155,0.06447650492191315
236,supervised,gradcam,predicted,backbone.layer1,4,4,4,0.18452593684196472,0.36778196692466736,0.27615395188331604
237,supervised,gradcam,predicted,backbone.layer1,0,7,7,0.03356904163956642,0.0028298525139689445,0.018199447076767683
238,supervised,gradcam,predicted,backbone.layer1,5,5,5,-0.014064546674489975,0.04265698045492172,0.014296216890215874
239,supervised,gradcam,predicted,backbone.layer1,5,5,5,-0.04972235485911369,0.01194663718342781,-0.01888785883784294
240,supervised,gradcam,predicted,backbone.layer1,1,1,1,0.24658843874931335,0.276760071516037,0.26167425513267517
241,supervised,gradcam,predicted,backbone.layer1,1,1,1,-0.16340269148349762,0.213844895362854,0.025221101939678192
242,supervised,gradcam,predicted,backbone.layer1,8,8,8,0.24129696190357208,0.18113982677459717,0.21121839433908463
243,supervised,gradcam,predicted,backbone.layer1,9,9,9,0.41081103682518005,0.3443010747432709,0.37755605578422546
244,supervised,gradcam,predicted,backbone.layer1,0,0,0,0.49548763036727905,0.5016152858734131,0.49855145812034607
245,supervised,gradcam,predicted,backbone.layer1,3,3,3,0.005464715883135796,0.13620129227638245,0.07083300407975912
246,supervised,gradcam,predicted,backbone.layer1,1,1,1,0.13618861138820648,0.3921301066875458,0.26415935903787613
247,supervised,gradcam,predicted,backbone.layer1,9,9,9,0.23515662550926208,0.04555851221084595,0.14035756886005402
248,supervised,gradcam,predicted,backbone.layer1,2,2,2,0.15366442501544952,0.3793175220489502,0.26649097353219986
249,supervised,gradcam,predicted,backbone.layer1,2,0,0,0.018397264182567596,0.37415462732315063,0.19627594575285912
250,supervised,gradcam,predicted,backbone.layer1,5,5,5,0.13105508685112,0.2620576024055481,0.19655634462833405
251,supervised,gradcam,predicted,backbone.layer1,3,3,3,-0.119359090924263,0.2629522383213043,0.07179657369852066
252,supervised,gradcam,predicted,backbone.layer1,9,9,9,-0.23556827008724213,0.2302049845457077,-0.002681642770767212
253,supervised,gradcam,predicted,backbone.layer1,9,9,9,0.00657970504835248,0.07870246469974518,0.04264108487404883
254,supervised,gradcam,predicted,backbone.layer1,4,4,4,-0.007522608153522015,0.16746237874031067,0.07996988529339433
255,supervised,gradcam,predicted,backbone.layer1,0,0,0,0.2256793975830078,0.5107606053352356,0.3682200014591217
192,supervised,gradcam,predicted,backbone.layer2,0,0,0,0.006970965303480625,0.2805188000202179,0.14374488266184926
193,supervised,gradcam,predicted,backbone.layer2,1,1,1,0.12151678651571274,0.4685773253440857,0.2950470559298992
194,supervised,gradcam,predicted,backbone.layer2,7,7,7,0.394114226102829,0.48777884244918823,0.4409465342760086
195,supervised,gradcam,predicted,backbone.layer2,2,2,2,-0.002772924955934286,0.20434412360191345,0.10078559932298958
196,supervised,gradcam,predicted,backbone.layer2,8,8,8,-0.025083128362894058,0.2970392405986786,0.13597805611789227
197,supervised,gradcam,predicted,backbone.layer2,8,8,8,-0.18925321102142334,0.1295018494129181,-0.029875680804252625
198,supervised,gradcam,predicted,backbone.layer2,7,7,7,0.2621437907218933,0.42803168296813965,0.3450877368450165
199,supervised,gradcam,predicted,backbone.layer2,8,8,8,-0.1965685933828354,0.18168963491916656,-0.007439479231834412
200,supervised,gradcam,predicted,backbone.layer2,5,5,5,0.2359631508588791,0.39953935146331787,0.3177512511610985
201,supervised,gradcam,predicted,backbone.layer2,1,1,1,0.016252625733613968,0.45729389786720276,0.23677326180040836
202,supervised,gradcam,predicted,backbone.layer2,8,8,8,0.41593772172927856,0.28966593742370605,0.3528018295764923
203,supervised,gradcam,predicted,backbone.layer2,7,7,7,0.2229739874601364,0.5777360796928406,0.4003550335764885
204,supervised,gradcam,predicted,backbone.layer2,1,1,1,-0.27299001812934875,0.4601544141769409,0.09358219802379608
205,supervised,gradcam,predicted,backbone.layer2,3,3,3,0.24466076493263245,0.5204417109489441,0.38255123794078827
206,supervised,gradcam,predicted,backbone.layer2,0,0,0,-0.25870853662490845,0.3251555562019348,0.033223509788513184
207,supervised,gradcam,predicted,backbone.layer2,5,5,5,0.26145514845848083,0.13862743973731995,0.2000412940979004
208,supervised,gradcam,predicted,backbone.layer2,7,7,7,0.3086581826210022,0.6239902973175049,0.46632423996925354
209,supervised,gradcam,predicted,backbone.layer2,9,9,9,0.3443719446659088,0.42397889494895935,0.3841754198074341
210,supervised,gradcam,predicted,backbone.layer2,7,7,7,-0.12134073674678802,0.23151841759681702,0.055088840425014496
211,supervised,gradcam,predicted,backbone.layer2,4,4,4,-0.36652615666389465,0.11998485028743744,-0.12327065318822861
212,supervised,gradcam,predicted,backbone.layer2,5,5,5,-0.007719910237938166,0.2565113306045532,0.12439571018330753
213,supervised,gradcam,predicted,backbone.layer2,9,9,9,0.10263326019048691,0.45271754264831543,0.27767540141940117
214,supervised,gradcam,predicted,backbone.layer2,8,8,8,0.030979515984654427,0.2803976535797119,0.15568858478218317
215,supervised,gradcam,predicted,backbone.layer2,0,0,0,0.11397495120763779,0.36773499846458435,0.24085497483611107
216,supervised,gradcam,predicted,backbone.layer2,7,7,7,0.10385918617248535,0.4263458549976349,0.2651025205850601
217,supervised,gradcam,predicted,backbone.layer2,9,9,9,0.18642769753932953,0.1796201467514038,0.18302392214536667
218,supervised,gradcam,predicted,backbone.layer2,8,8,8,0.28822705149650574,0.26661089062690735,0.27741897106170654
219,supervised,gradcam,predicted,backbone.layer2,2,2,2,0.12995648384094238,0.3197843134403229,0.22487039864063263
220,supervised,gradcam,predicted,backbone.layer2,7,7,7,0.2784419655799866,0.5878127217292786,0.43312734365463257
221,supervised,gradcam,predicted,backbone.layer2,6,6,6,0.010533868335187435,0.3714616298675537,0.19099774910137057
222,supervised,gradcam,predicted,backbone.layer2,9,9,9,0.1549215465784073,0.3991556167602539,0.2770385816693306
223,supervised,gradcam,predicted,backbone.layer2,4,3,3,-0.014305264689028263,0.3854307234287262,0.18556272936984897
224,supervised,gradcam,predicted,backbone.layer2,3,4,4,-0.1187749058008194,0.2830859422683716,0.08215551823377609
225,supervised,gradcam,predicted,backbone.layer2,9,9,9,-0.017186464741826057,0.2469102293252945,0.11486188229173422
226,supervised,gradcam,predicted,backbone.layer2,6,6,6,-0.25334233045578003,0.4137378931045532,0.0801977813243866
227,supervised,gradcam,predicted,backbone.layer2,4,4,4,-0.18548518419265747,0.413586288690567,0.11405055224895477
228,supervised,gradcam,predicted,backbone.layer2,7,7,7,-0.06644241511821747,0.42284291982650757,0.17820025235414505
229,supervised,gradcam,predicted,backbone.layer2,6,6,6,0.2595295011997223,0.47321704030036926,0.3663732707500458
230,supervised,gradcam,predicted,backbone.layer2,5,5,5,0.1204034760594368,0.3591531813144684,0.2397783286869526
231,supervised,gradcam,predicted,backbone.layer2,1,1,1,0.016472812741994858,0.5077222585678101,0.26209753565490246
232,supervised,gradcam,predicted,backbone.layer2,5,5,5,-0.09487562626600266,0.4193580746650696,0.16224122419953346
233,supervised,gradcam,predicted,backbone.layer2,8,8,8,-0.19867508113384247,0.1538987159729004,-0.02238818258047104
234,supervised,gradcam,predicted,backbone.layer2,8,8,8,0.5293360352516174,0.38915446400642395,0.4592452496290207
235,supervised,gradcam,predicted,backbone.layer2,0,0,0,0.16160030663013458,0.30385807156562805,0.23272918909788132
236,supervised,gradcam,predicted,backbone.layer2,4,4,4,0.10534373670816422,0.3270816206932068,0.2162126787006855
237,supervised,gradcam,predicted,backbone.layer2,0,7,7,-0.2005523294210434,0.40550780296325684,0.10247773677110672
238,supervised,gradcam,predicted,backbone.layer2,5,5,5,-0.01595766842365265,0.30628934502601624,0.1451658383011818
239,supervised,gradcam,predicted,backbone.layer2,5,5,5,-0.33869558572769165,0.3120442032814026,-0.013325691223144531
240,supervised,gradcam,predicted,backbone.layer2,1,1,1,0.040704384446144104,0.4752904176712036,0.25799740105867386
241,supervised,gradcam,predicted,backbone.layer2,1,1,1,-0.28323373198509216,0.4704752564430237,0.09362076222896576
242,supervised,gradcam,predicted,backbone.layer2,8,8,8,-0.14534999430179596,0.20869407057762146,0.03167203813791275
243,supervised,gradcam,predicted,backbone.layer2,9,9,9,-0.04056078940629959,0.31334733963012695,0.13639327511191368
244,supervised,gradcam,predicted,backbone.layer2,0,0,0,-0.02586429938673973,0.3358222544193268,0.15497897751629353
245,supervised,gradcam,predicted,backbone.layer2,3,3,3,-0.19628079235553741,0.27731120586395264,0.04051520675420761
246,supervised,gradcam,predicted,backbone.layer2,1,1,1,0.17796431481838226,0.4586658477783203,0.3183150812983513
247,supervised,gradcam,predicted,backbone.layer2,9,9,9,0.28620800375938416,0.28603285551071167,0.2861204296350479
248,supervised,gradcam,predicted,backbone.layer2,2,2,2,0.2778002619743347,0.4237440526485443,0.3507721573114395
249,supervised,gradcam,predicted,backbone.layer2,2,0,0,0.03412609174847603,0.1969144642353058,0.11552027799189091
250,supervised,gradcam,predicted,backbone.layer2,5,5,5,0.23084266483783722,0.417671799659729,0.3242572322487831
251,supervised,gradcam,predicted,backbone.layer2,3,3,3,-0.23645718395709991,0.3993803858757019,0.081461600959301
252,supervised,gradcam,predicted,backbone.layer2,9,9,9,0.09373798966407776,0.39637893438339233,0.24505846202373505
253,supervised,gradcam,predicted,backbone.layer2,9,9,9,-0.0014644181355834007,0.3384802043437958,0.1685078931041062
254,supervised,gradcam,predicted,backbone.layer2,4,4,4,-0.06979411840438843,0.25164178013801575,0.09092383086681366
255,supervised,gradcam,predicted,backbone.layer2,0,0,0,0.07089083641767502,0.41903427243232727,0.24496255442500114
192,supervised,gradcam,predicted,backbone.layer3,0,0,0,-0.2839190661907196,0.1807723492383957,-0.05157335847616196
193,supervised,gradcam,predicted,backbone.layer3,1,1,1,0.22541867196559906,0.32154685258865356,0.2734827622771263
194,supervised,gradcam,predicted,backbone.layer3,7,7,7,0.7314996719360352,0.4744292199611664,0.6029644459486008
195,supervised,gradcam,predicted,backbone.layer3,2,2,2,0.28671231865882874,0.4969256818294525,0.3918190002441406
196,supervised,gradcam,predicted,backbone.layer3,8,8,8,0.3531026542186737,0.5084343552589417,0.4307685047388077
197,supervised,gradcam,predicted,backbone.layer3,8,8,8,0.6259544491767883,0.546188235282898,0.5860713422298431
198,supervised,gradcam,predicted,backbone.layer3,7,7,7,0.46928325295448303,0.43824610114097595,0.4537646770477295
199,supervised,gradcam,predicted,backbone.layer3,8,8,8,0.4480297565460205,0.4997590482234955,0.473894402384758
200,supervised,gradcam,predicted,backbone.layer3,5,5,5,0.5543795228004456,0.4797150790691376,0.5170473009347916
201,supervised,gradcam,predicted,backbone.layer3,1,1,1,0.22958825528621674,0.2708036005496979,0.2501959279179573
202,supervised,gradcam,predicted,backbone.layer3,8,8,8,0.3811158835887909,0.5527218580245972,0.46691887080669403
203,supervised,gradcam,predicted,backbone.layer3,7,7,7,0.006864968687295914,0.2684803903102875,0.1376726794987917
204,supervised,gradcam,predicted,backbone.layer3,1,1,1,0.08774656057357788,0.3972298204898834,0.24248819053173065
205,supervised,gradcam,predicted,backbone.layer3,3,3,3,0.7550340294837952,0.527550995349884,0.6412925124168396
206,supervised,gradcam,predicted,backbone.layer3,0,0,0,-0.17790628969669342,0.25549980998039246,0.03879676014184952
207,supervised,gradcam,predicted,backbone.layer3,5,5,5,0.8634291887283325,0.532088577747345,0.6977588832378387
208,supervised,gradcam,predicted,backbone.layer3,7,7,7,0.5812906622886658,0.4863724112510681,0.5338315367698669
209,supervised,gradcam,predicted,backbone.layer3,9,9,9,0.2382965087890625,0.33922815322875977,0.28876233100891113
210,supervised,gradcam,predicted,backbone.layer3,7,7,7,0.40405821800231934,0.30135637521743774,0.35270729660987854
211,supervised,gradcam,predicted,backbone.layer3,4,4,4,0.3595348298549652,0.3681904077529907,0.36386261880397797
212,supervised,gradcam,predicted,backbone.layer3,5,5,5,0.5631521344184875,0.42532145977020264,0.4942367970943451
213,supervised,gradcam,predicted,backbone.layer3,9,9,9,0.1647079735994339,0.328384131193161,0.24654605239629745
214,supervised,gradcam,predicted,backbone.layer3,8,8,8,0.45486417412757874,0.4479372203350067,0.4514006972312927
215,supervised,gradcam,predicted,backbone.layer3,0,0,0,-0.20187145471572876,0.3057122528553009,0.05192039906978607
216,supervised,gradcam,predicted,backbone.layer3,7,7,7,0.08903108537197113,0.2898595929145813,0.18944533914327621
217,supervised,gradcam,predicted,backbone.layer3,9,9,9,0.41645124554634094,0.3290974199771881,0.3727743327617645
218,supervised,gradcam,predicted,backbone.layer3,8,8,8,0.5397514700889587,0.5084445476531982,0.5240980088710785
219,supervised,gradcam,predicted,backbone.layer3,2,2,2,0.0937725231051445,0.4351576566696167,0.2644650898873806
220,supervised,gradcam,predicted,backbone.layer3,7,7,7,0.4424843490123749,0.3951840102672577,0.4188341796398163
221,supervised,gradcam,predicted,backbone.layer3,6,6,6,0.6683539152145386,0.4263277053833008,0.5473408102989197
222,supervised,gradcam,predicted,backbone.layer3,9,9,9,0.2674475908279419,0.4559418261051178,0.36169470846652985
223,supervised,gradcam,predicted,backbone.layer3,4,3,3,0.48479437828063965,0.4555276036262512,0.47016099095344543
224,supervised,gradcam,predicted,backbone.layer3,3,4,4,-0.32874131202697754,0.28928065299987793,-0.019730329513549805
225,supervised,gradcam,predicted,backbone.layer3,9,9,9,0.17942030727863312,0.3543228507041931,0.2668715789914131
226,supervised,gradcam,predicted,backbone.layer3,6,6,6,-0.005983223672956228,0.28711578249931335,0.14056627941317856
227,supervised,gradcam,predicted,backbone.layer3,4,4,4,0.7668836116790771,0.5084887742996216,0.6376861929893494
228,supervised,gradcam,predicted,backbone.layer3,7,7,7,0.31197983026504517,0.4270019233226776,0.3694908767938614
229,supervised,gradcam,predicted,backbone.layer3,6,6,6,-0.022873561829328537,0.413967102766037,0.19554677046835423
230,supervised,gradcam,predicted,backbone.layer3,5,5,5,0.46126097440719604,0.5199216604232788,0.4905913174152374
231,supervised,gradcam,predicted,backbone.layer3,1,1,1,0.24358844757080078,0.4565731883049011,0.35008081793785095
232,supervised,gradcam,predicted,backbone.layer3,5,5,5,0.7091149091720581,0.5342040657997131,0.6216594874858856
233,supervised,gradcam,predicted,backbone.layer3,8,8,8,-0.2892581820487976,0.40032652020454407,0.05553416907787323
234,supervised,gradcam,predicted,backbone.layer3,8,8,8,0.3882935643196106,0.5442305207252502,0.4662620425224304
235,supervised,gradcam,predicted,backbone.layer3,0,0,0,0.6418333649635315,0.4103724956512451,0.5261029303073883
236,supervised,gradcam,predicted,backbone.layer3,4,4,4,0.7919459342956543,0.5904508233070374,0.6911983788013458
237,supervised,gradcam,predicted,backbone.layer3,0,7,7,-0.19451799988746643,0.2512276768684387,0.028354838490486145
238,supervised,gradcam,predicted,backbone.layer3,5,5,5,0.41566869616508484,0.4623495638370514,0.4390091300010681
239,supervised,gradcam,predicted,backbone.layer3,5,5,5,0.4623020589351654,0.47946086525917053,0.47088146209716797
240,supervised,gradcam,predicted,backbone.layer3,1,1,1,0.6947072744369507,0.45103487372398376,0.5728710740804672
241,supervised,gradcam,predicted,backbone.layer3,1,1,1,0.5792437195777893,0.3757084906101227,0.477476105093956
242,supervised,gradcam,predicted,backbone.layer3,8,8,8,0.4399579167366028,0.5825046300888062,0.5112312734127045
243,supervised,gradcam,predicted,backbone.layer3,9,9,9,0.008464685641229153,0.44836854934692383,0.2284166174940765
244,supervised,gradcam,predicted,backbone.layer3,0,0,0,0.16064704954624176,0.43510162830352783,0.2978743389248848
245,supervised,gradcam,predicted,backbone.layer3,3,3,3,0.23160423338413239,0.35199183225631714,0.29179803282022476
246,supervised,gradcam,predicted,backbone.layer3,1,1,1,0.536856472492218,0.4530370831489563,0.49494677782058716
247,supervised,gradcam,predicted,backbone.layer3,9,9,9,0.23912931978702545,0.3563467562198639,0.29773803800344467
248,supervised,gradcam,predicted,backbone.layer3,2,2,2,0.500862717628479,0.5057191848754883,0.5032909512519836
249,supervised,gradcam,predicted,backbone.layer3,2,0,0,0.6269122958183289,0.21937575936317444,0.42314402759075165
250,supervised,gradcam,predicted,backbone.layer3,5,5,5,0.5533986687660217,0.43355920910835266,0.4934789389371872
251,supervised,gradcam,predicted,backbone.layer3,3,3,3,0.26415377855300903,0.340023010969162,0.3020883947610855
252,supervised,gradcam,predicted,backbone.layer3,9,9,9,0.6718016266822815,0.4337180256843567,0.5527598261833191
253,supervised,gradcam,predicted,backbone.layer3,9,9,9,0.1982416957616806,0.36848270893096924,0.2833622023463249
254,supervised,gradcam,predicted,backbone.layer3,4,4,4,0.7970808148384094,0.6248728036880493,0.7109768092632294
255,supervised,gradcam,predicted,backbone.layer3,0,0,0,0.45851650834083557,0.37207990884780884,0.4152982085943222
192,supervised,gradcam,predicted,backbone.layer4,0,0,0,0.24335740506649017,0.5375359654426575,0.3904466852545738
193,supervised,gradcam,predicted,backbone.layer4,1,1,1,0.4238744378089905,0.5506774187088013,0.4872759282588959
194,supervised,gradcam,predicted,backbone.layer4,7,7,7,0.462841272354126,0.5762698650360107,0.5195555686950684
195,supervised,gradcam,predicted,backbone.layer4,2,2,2,0.7034653425216675,0.5912166237831116,0.6473409831523895
196,supervised,gradcam,predicted,backbone.layer4,8,8,8,0.24394552409648895,0.549301266670227,0.396623395383358
197,supervised,gradcam,predicted,backbone.layer4,8,8,8,0.37133026123046875,0.5211530923843384,0.44624167680740356
198,supervised,gradcam,predicted,backbone.layer4,7,7,7,0.40462303161621094,0.5407570004463196,0.47269001603126526
199,supervised,gradcam,predicted,backbone.layer4,8,8,8,0.37945759296417236,0.5895996689796448,0.48452863097190857
200,supervised,gradcam,predicted,backbone.layer4,5,5,5,0.46381112933158875,0.5831866264343262,0.5234988778829575
201,supervised,gradcam,predicted,backbone.layer4,1,1,1,0.4877394437789917,0.5672422647476196,0.5274908542633057
202,supervised,gradcam,predicted,backbone.layer4,8,8,8,0.44650307297706604,0.6140307784080505,0.5302669256925583
203,supervised,gradcam,predicted,backbone.layer4,7,7,7,0.1035962849855423,0.42042088508605957,0.26200858503580093
204,supervised,gradcam,predicted,backbone.layer4,1,1,1,0.4398917853832245,0.5610648393630981,0.5004783123731613
205,supervised,gradcam,predicted,backbone.layer4,3,3,3,0.025043705478310585,0.501986563205719,0.2635151343420148
206,supervised,gradcam,predicted,backbone.layer4,0,0,0,0.27923649549484253,0.5737515687942505,0.4264940321445465
207,supervised,gradcam,predicted,backbone.layer4,5,5,5,0.7673579454421997,0.6982237696647644,0.7327908575534821
208,supervised,gradcam,predicted,backbone.layer4,7,7,7,0.30140194296836853,0.5573133230209351,0.4293576329946518
209,supervised,gradcam,predicted,backbone.layer4,9,9,9,-0.2080104947090149,0.47508493065834045,0.13353721797466278
210,supervised,gradcam,predicted,backbone.layer4,7,7,7,0.7401270866394043,0.6911482810974121,0.7156376838684082
211,supervised,gradcam,predicted,backbone.layer4,4,4,4,-0.1637098491191864,0.44118714332580566,0.13873864710330963
212,supervised,gradcam,predicted,backbone.layer4,5,5,5,0.521573543548584,0.5342663526535034,0.5279199481010437
213,supervised,gradcam,predicted,backbone.layer4,9,9,9,0.11521931737661362,0.46975553035736084,0.29248742386698723
214,supervised,gradcam,predicted,backbone.layer4,8,8,8,0.2748275399208069,0.6442533135414124,0.4595404267311096
215,supervised,gradcam,predicted,backbone.layer4,0,0,0,0.14602895081043243,0.5035368800163269,0.32478291541337967
216,supervised,gradcam,predicted,backbone.layer4,7,7,7,-0.08431866019964218,0.4808802604675293,0.19828080013394356
217,supervised,gradcam,predicted,backbone.layer4,9,9,9,0.27407726645469666,0.5522762537002563,0.4131767600774765
218,supervised,gradcam,predicted,backbone.layer4,8,8,8,0.3869859278202057,0.5710865259170532,0.47903622686862946
219,supervised,gradcam,predicted,backbone.layer4,2,2,2,0.487301230430603,0.5970712900161743,0.5421862602233887
220,supervised,gradcam,predicted,backbone.layer4,7,7,7,0.3638373911380768,0.5390363335609436,0.4514368623495102
221,supervised,gradcam,predicted,backbone.layer4,6,6,6,0.19820459187030792,0.47480902075767517,0.33650680631399155
222,supervised,gradcam,predicted,backbone.layer4,9,9,9,0.07455431669950485,0.5288190841674805,0.30168670043349266
223,supervised,gradcam,predicted,backbone.layer4,4,3,3,0.6428602337837219,0.6274712681770325,0.6351657509803772
224,supervised,gradcam,predicted,backbone.layer4,3,4,4,0.20099227130413055,0.5417227745056152,0.3713575229048729
225,supervised,gradcam,predicted,backbone.layer4,9,9,9,-0.09705796092748642,0.4821383059024811,0.19254017248749733
226,supervised,gradcam,predicted,backbone.layer4,6,6,6,0.3331359624862671,0.4189785420894623,0.3760572522878647
227,supervised,gradcam,predicted,backbone.layer4,4,4,4,0.30947616696357727,0.4725256860256195,0.3910009264945984
228,supervised,gradcam,predicted,backbone.layer4,7,7,7,0.1660132259130478,0.5115737915039062,0.338793508708477
229,supervised,gradcam,predicted,backbone.layer4,6,6,6,0.6984300017356873,0.6763175129890442,0.6873737573623657
230,supervised,gradcam,predicted,backbone.layer4,5,5,5,0.43187448382377625,0.6182870864868164,0.5250807851552963
231,supervised,gradcam,predicted,backbone.layer4,1,1,1,0.181755930185318,0.577127993106842,0.37944196164608
232,supervised,gradcam,predicted,backbone.layer4,5,5,5,0.632648229598999,0.5846324563026428,0.6086403429508209
233,supervised,gradcam,predicted,backbone.layer4,8,8,8,0.007421479094773531,0.4226493835449219,0.2150354313198477
234,supervised,gradcam,predicted,backbone.layer4,8,8,8,0.11401252448558807,0.5834811925888062,0.3487468585371971
235,supervised,gradcam,predicted,backbone.layer4,0,0,0,0.5595094561576843,0.5448002815246582,0.5521548688411713
236,supervised,gradcam,predicted,backbone.layer4,4,4,4,0.6339667439460754,0.5489369630813599,0.5914518535137177
237,supervised,gradcam,predicted,backbone.layer4,0,7,7,0.2986440062522888,0.4875093698501587,0.39307668805122375
238,supervised,gradcam,predicted,backbone.layer4,5,5,5,0.36713528633117676,0.47396954894065857,0.42055241763591766
239,supervised,gradcam,predicted,backbone.layer4,5,5,5,0.3528372049331665,0.5926277041435242,0.47273245453834534
240,supervised,gradcam,predicted,backbone.layer4,1,1,1,0.4789847731590271,0.6347060203552246,0.5568453967571259
241,supervised,gradcam,predicted,backbone.layer4,1,1,1,0.27275243401527405,0.5374607443809509,0.4051065891981125
242,supervised,gradcam,predicted,backbone.layer4,8,8,8,0.40699324011802673,0.5761593580245972,0.49157629907131195
243,supervised,gradcam,predicted,backbone.layer4,9,9,9,0.049454282969236374,0.5523121356964111,0.30088320933282375
244,supervised,gradcam,predicted,backbone.layer4,0,0,0,0.48735183477401733,0.6017682552337646,0.544560045003891
245,supervised,gradcam,predicted,backbone.layer4,3,3,3,0.3534228205680847,0.5894709229469299,0.4714468717575073
246,supervised,gradcam,predicted,backbone.layer4,1,1,1,0.17901384830474854,0.5966605544090271,0.3878372013568878
247,supervised,gradcam,predicted,backbone.layer4,9,9,9,0.3234720230102539,0.5342733263969421,0.428872674703598
248,supervised,gradcam,predicted,backbone.layer4,2,2,2,-0.2559826076030731,0.5711040496826172,0.15756072103977203
249,supervised,gradcam,predicted,backbone.layer4,2,0,0,0.4254647493362427,0.48236793279647827,0.4539163410663605
250,supervised,gradcam,predicted,backbone.layer4,5,5,5,0.34026357531547546,0.47302374243736267,0.40664365887641907
251,supervised,gradcam,predicted,backbone.layer4,3,3,3,0.47170892357826233,0.5781185030937195,0.5249137133359909
252,supervised,gradcam,predicted,backbone.layer4,9,9,9,0.11445867270231247,0.45283809304237366,0.28364838287234306
253,supervised,gradcam,predicted,backbone.layer4,9,9,9,0.371209055185318,0.6001162528991699,0.48566265404224396
254,supervised,gradcam,predicted,backbone.layer4,4,4,4,0.5579038858413696,0.5941870212554932,0.5760454535484314
255,supervised,gradcam,predicted,backbone.layer4,0,0,0,0.6526944041252136,0.6320744752883911,0.6423844397068024
256,supervised,gradcam,predicted,backbone.layer1,3,3,3,-0.08169864863157272,0.2009838968515396,0.059642624109983444
257,supervised,gradcam,predicted,backbone.layer1,0,0,0,-0.08932999521493912,0.09570789337158203,0.003188949078321457
258,supervised,gradcam,predicted,backbone.layer1,0,0,0,0.08988720923662186,0.06926769763231277,0.07957745343446732
259,supervised,gradcam,predicted,backbone.layer1,9,9,9,0.007051149848848581,0.2185571789741516,0.1128041644115001
260,supervised,gradcam,predicted,backbone.layer1,8,8,8,0.1919327676296234,0.21942782402038574,0.20568029582500458
261,supervised,gradcam,predicted,backbone.layer1,1,1,1,0.11970439553260803,0.421899676322937,0.2708020359277725
262,supervised,gradcam,predicted,backbone.layer1,5,5,5,-0.018780764192342758,0.06094663590192795,0.021082935854792595
263,supervised,gradcam,predicted,backbone.layer1,7,7,7,0.03404213860630989,0.06892194598913193,0.05148204229772091
264,supervised,gradcam,predicted,backbone.layer1,0,8,8,0.3640650808811188,0.31095224618911743,0.3375086635351181
265,supervised,gradcam,predicted,backbone.layer1,8,8,8,0.26108577847480774,0.17755742371082306,0.2193216010928154
266,supervised,gradcam,predicted,backbone.layer1,2,2,2,0.35312899947166443,0.4774394929409027,0.41528424620628357
267,supervised,gradcam,predicted,backbone.layer1,4,4,4,0.2866964638233185,0.09699931740760803,0.19184789061546326
268,supervised,gradcam,predicted,backbone.layer1,7,7,7,-0.06034983694553375,0.012976002879440784,-0.023686917033046484
269,supervised,gradcam,predicted,backbone.layer1,0,0,0,0.39167940616607666,0.4952629506587982,0.44347117841243744
270,supervised,gradcam,predicted,backbone.layer1,2,2,2,-0.27065345644950867,0.22038030624389648,-0.02513657510280609
271,supervised,gradcam,predicted,backbone.layer1,3,3,3,-0.1269901841878891,0.17701232433319092,0.02501107007265091
272,supervised,gradcam,predicted,backbone.layer1,6,6,6,-0.010722335427999496,0.38647159934043884,0.18787463195621967
273,supervised,gradcam,predicted,backbone.layer1,3,3,3,0.3048125207424164,0.31796014308929443,0.3113863319158554
274,supervised,gradcam,predicted,backbone.layer1,8,8,8,0.5930110216140747,0.1969631314277649,0.3949870765209198
275,supervised,gradcam,predicted,backbone.layer1,5,3,3,-0.2038995772600174,0.11374113708734512,-0.045079220086336136
276,supervised,gradcam,predicted,backbone.layer1,0,0,0,-0.18081046640872955,0.1017342135310173,-0.039538126438856125
277,supervised,gradcam,predicted,backbone.layer1,3,3,3,0.06770528852939606,0.4542416036128998,0.2609734460711479
278,supervised,gradcam,predicted,backbone.layer1,4,4,4,0.007628995925188065,0.0234039518982172,0.015516473911702633
279,supervised,gradcam,predicted,backbone.layer1,3,3,3,-0.03749193623661995,0.21801935136318207,0.09026370756328106
280,supervised,gradcam,predicted,backbone.layer1,9,9,9,0.4147545099258423,0.09324710071086884,0.25400080531835556
281,supervised,gradcam,predicted,backbone.layer1,0,0,0,0.40044116973876953,0.2686304748058319,0.3345358222723007
282,supervised,gradcam,predicted,backbone.layer1,6,6,6,0.2581493556499481,0.3649349510669708,0.3115421533584595
283,supervised,gradcam,predicted,backbone.layer1,1,1,1,0.28550010919570923,0.29021233320236206,0.28785622119903564
284,supervised,gradcam,predicted,backbone.layer1,0,9,9,0.41577860713005066,0.0950588583946228,0.25541873276233673
285,supervised,gradcam,predicted,backbone.layer1,9,9,9,-0.13392122089862823,0.13587823510169983,0.0009785071015357971
286,supervised,gradcam,predicted,backbone.layer1,1,1,1,0.16858454048633575,0.1660081446170807,0.16729634255170822
287,supervised,gradcam,predicted,backbone.layer1,0,8,8,0.11575674265623093,0.05952656641602516,0.08764165453612804
288,supervised,gradcam,predicted,backbone.layer1,7,7,7,-0.06902015954256058,0.05577107146382332,-0.0066245440393686295
289,supervised,gradcam,predicted,backbone.layer1,9,9,9,0.43044644594192505,0.1289694905281067,0.27970796823501587
290,supervised,gradcam,predicted,backbone.layer1,1,1,1,0.2453322857618332,0.26206058263778687,0.25369643419981003
291,supervised,gradcam,predicted,backbone.layer1,2,2,2,-0.2573772668838501,0.15919241309165955,-0.049092426896095276
292,supervised,gradcam,predicted,backbone.layer1,6,6,6,0.015479477122426033,0.46836698055267334,0.2419232288375497
293,supervised,gradcam,predicted,backbone.layer1,9,9,9,0.26820892095565796,0.17363622784614563,0.2209225744009018
294,supervised,gradcam,predicted,backbone.layer1,3,3,3,-0.042790479958057404,0.17044219374656677,0.06382585689425468
295,supervised,gradcam,predicted,backbone.layer1,4,4,4,0.23001229763031006,0.06671981513500214,0.1483660563826561
296,supervised,gradcam,predicted,backbone.layer1,6,6,6,-0.11848346889019012,0.2966931164264679,0.08910482376813889
297,supervised,gradcam,predicted,backbone.layer1,0,0,0,0.30064740777015686,0.0810469463467598,0.19084717705845833
298,supervised,gradcam,predicted,backbone.layer1,0,0,0,0.05435757339000702,0.41629523038864136,0.2353264018893242
299,supervised,gradcam,predicted,backbone.layer1,6,6,6,-0.11330819129943848,0.34061434864997864,0.11365307867527008
300,supervised,gradcam,predicted,backbone.layer1,6,6,6,0.09137237817049026,0.44654667377471924,0.26895952597260475
301,supervised,gradcam,predicted,backbone.layer1,6,6,6,0.20243330299854279,0.5008925795555115,0.35166294127702713
302,supervised,gradcam,predicted,backbone.layer1,3,3,3,0.05642887204885483,0.32281869649887085,0.18962378427386284
303,supervised,gradcam,predicted,backbone.layer1,2,2,2,0.09816057980060577,0.15399035811424255,0.12607546895742416
304,supervised,gradcam,predicted,backbone.layer1,6,6,6,0.1644255518913269,0.41249385476112366,0.2884597033262253
305,supervised,gradcam,predicted,backbone.layer1,1,1,1,0.36943119764328003,0.5822941660881042,0.47586268186569214
306,supervised,gradcam,predicted,backbone.layer1,8,8,8,0.22311577200889587,0.26381349563598633,0.2434646338224411
307,supervised,gradcam,predicted,backbone.layer1,2,2,2,0.03907978534698486,0.32227709889411926,0.18067844212055206
308,supervised,gradcam,predicted,backbone.layer1,1,1,1,-0.06261002272367477,0.32663920521736145,0.13201459124684334
309,supervised,gradcam,predicted,backbone.layer1,6,2,2,0.13066263496875763,0.18859797716140747,0.15963030606508255
310,supervised,gradcam,predicted,backbone.layer1,8,8,8,0.1044013723731041,0.09264038503170013,0.09852087870240211
311,supervised,gradcam,predicted,backbone.layer1,6,6,6,-0.12463059276342392,0.3220464289188385,0.09870791807770729
312,supervised,gradcam,predicted,backbone.layer1,8,0,0,0.06073693931102753,0.3626130521297455,0.2116749957203865
313,supervised,gradcam,predicted,backbone.layer1,0,0,0,-0.19492961466312408,0.26024630665779114,0.03265834599733353
314,supervised,gradcam,predicted,backbone.layer1,4,4,4,0.2608758509159088,0.4579933285713196,0.3594345897436142
315,supervised,gradcam,predicted,backbone.layer1,0,0,0,-0.00814790092408657,0.37827160954475403,0.18506185431033373
316,supervised,gradcam,predicted,backbone.layer1,7,7,7,-0.026519902050495148,0.00036420620745047927,-0.013077847921522334
317,supervised,gradcam,predicted,backbone.layer1,7,7,7,0.050039857625961304,0.012039695866405964,0.031039776746183634
318,supervised,gradcam,predicted,backbone.layer1,5,5,5,0.11115409433841705,0.20364268124103546,0.15739838778972626
319,supervised,gradcam,predicted,backbone.layer1,5,5,5,-0.02299487218260765,0.01259157806634903,-0.005201647058129311
256,supervised,gradcam,predicted,backbone.layer2,3,3,3,-0.06267485022544861,0.43084457516670227,0.18408486247062683
257,supervised,gradcam,predicted,backbone.layer2,0,0,0,0.12908422946929932,0.41179797053337097,0.27044110000133514
258,supervised,gradcam,predicted,backbone.layer2,0,0,0,0.43416231870651245,0.45758384466171265,0.44587308168411255
259,supervised,gradcam,predicted,backbone.layer2,9,9,9,0.33480966091156006,0.5946822762489319,0.46474596858024597
260,supervised,gradcam,predicted,backbone.layer2,8,8,8,-0.24285531044006348,0.24598075449466705,0.0015627220273017883
261,supervised,gradcam,predicted,backbone.layer2,1,1,1,-0.09496372193098068,0.5062267780303955,0.2056315280497074
262,supervised,gradcam,predicted,backbone.layer2,5,5,5,0.216793492436409,0.3317474126815796,0.2742704525589943
263,supervised,gradcam,predicted,backbone.layer2,7,7,7,0.052227962762117386,0.37041229009628296,0.21132012642920017
264,supervised,gradcam,predicted,backbone.layer2,0,8,8,0.18243303894996643,0.2107529640197754,0.1965930014848709
265,supervised,gradcam,predicted,backbone.layer2,8,8,8,-0.026766646653413773,0.23859307169914246,0.10591321252286434
266,supervised,gradcam,predicted,backbone.layer2,2,2,2,-0.2287958413362503,0.18820250034332275,-0.020296670496463776
267,supervised,gradcam,predicted,backbone.layer2,4,4,4,0.1294439733028412,0.3429795205593109,0.23621174693107605
268,supervised,gradcam,predicted,backbone.layer2,7,7,7,0.13010066747665405,0.582493782043457,0.35629722476005554
269,supervised,gradcam,predicted,backbone.layer2,0,0,0,0.4152873754501343,0.5362040400505066,0.47574570775032043
270,supervised,gradcam,predicted,backbone.layer2,2,2,2,0.0932183787226677,0.4213307797908783,0.257274579256773
271,supervised,gradcam,predicted,backbone.layer2,3,3,3,-0.02628869190812111,0.35513630509376526,0.16442380659282207
272,supervised,gradcam,predicted,backbone.layer2,6,6,6,-0.12763844430446625,0.35807004570961,0.11521580070257187
273,supervised,gradcam,predicted,backbone.layer2,3,3,3,0.3514275848865509,0.614774763584137,0.48310117423534393
274,supervised,gradcam,predicted,backbone.layer2,8,8,8,0.3897603154182434,0.42789268493652344,0.4088265001773834
275,supervised,gradcam,predicted,backbone.layer2,5,3,3,-0.021503299474716187,0.4173402786254883,0.19791848957538605
276,supervised,gradcam,predicted,backbone.layer2,0,0,0,0.166939839720726,0.48888978362083435,0.3279148116707802
277,supervised,gradcam,predicted,backbone.layer2,3,3,3,-0.023882685229182243,0.3931184411048889,0.18461787793785334
278,supervised,gradcam,predicted,backbone.layer2,4,4,4,-0.13369734585285187,0.3869759142398834,0.12663928419351578
279,supervised,gradcam,predicted,backbone.layer2,3,3,3,0.029134150594472885,0.2259611189365387,0.1275476347655058
280,supervised,gradcam,predicted,backbone.layer2,9,9,9,0.14106892049312592,0.305806040763855,0.22343748062849045
281,supervised,gradcam,predicted,backbone.layer2,0,0,0,0.10939083993434906,0.13382627069950104,0.12160855531692505
282,supervised,gradcam,predicted,backbone.layer2,6,6,6,0.1716681271791458,0.44321614503860474,0.3074421361088753
283,supervised,gradcam,predicted,backbone.layer2,1,1,1,0.05613553896546364,0.48015230894088745,0.26814392395317554
284,supervised,gradcam,predicted,backbone.layer2,0,9,9,0.17830269038677216,0.3582262098789215,0.26826445013284683
285,supervised,gradcam,predicted,backbone.layer2,9,9,9,-0.007122520357370377,0.21837036311626434,0.10562392137944698
286,supervised,gradcam,predicted,backbone.layer2,1,1,1,0.1879890114068985,0.4744734466075897,0.3312312290072441
287,supervised,gradcam,predicted,backbone.layer2,0,8,8,0.24310868978500366,0.33176353573799133,0.2874361127614975
288,supervised,gradcam,predicted,backbone.layer2,7,7,7,0.12352181226015091,0.41740769147872925,0.2704647518694401
289,supervised,gradcam,predicted,backbone.layer2,9,9,9,0.37596261501312256,0.31182345747947693,0.34389303624629974
290,supervised,gradcam,predicted,backbone.layer2,1,1,1,0.19307628273963928,0.38423216342926025,0.28865422308444977
291,supervised,gradcam,predicted,backbone.layer2,2,2,2,-0.0256241075694561,0.4028722941875458,0.18862409330904484
292,supervised,gradcam,predicted,backbone.layer2,6,6,6,-0.42639636993408203,0.4211888015270233,-0.002603784203529358
293,supervised,gradcam,predicted,backbone.layer2,9,9,9,0.29593372344970703,0.4338781237602234,0.3649059236049652
294,supervised,gradcam,predicted,backbone.layer2,3,3,3,0.30757609009742737,0.569442093372345,0.43850909173488617
295,supervised,gradcam,predicted,backbone.layer2,4,4,4,0.30101442337036133,0.3688793182373047,0.334946870803833
296,supervised,gradcam,predicted,backbone.layer2,6,6,6,0.3467629551887512,0.47764864563941956,0.4122058004140854
297,supervised,gradcam,predicted,backbone.layer2,0,0,0,0.08039397746324539,0.15586134791374207,0.11812766268849373
298,supervised,gradcam,predicted,backbone.layer2,0,0,0,-0.1174447163939476,0.3914083242416382,0.1369818039238453
299,supervised,gradcam,predicted,backbone.layer2,6,6,6,-0.16192172467708588,0.3856043517589569,0.11184131354093552
300,supervised,gradcam,predicted,backbone.layer2,6,6,6,-0.2515733242034912,0.42560550570487976,0.08701609075069427
301,supervised,gradcam,predicted,backbone.layer2,6,6,6,-0.055509522557258606,0.41541823744773865,0.17995435744524002
302,supervised,gradcam,predicted,backbone.layer2,3,3,3,-0.26776501536369324,0.3094504177570343,0.020842701196670532
303,supervised,gradcam,predicted,backbone.layer2,2,2,2,-0.03485128656029701,0.10979199409484863,0.03747035376727581
304,supervised,gradcam,predicted,backbone.layer2,6,6,6,-0.014550392515957355,0.37639474868774414,0.1809221780858934
305,supervised,gradcam,predicted,backbone.layer2,1,1,1,0.34964945912361145,0.5446436405181885,0.44714654982089996
306,supervised,gradcam,predicted,backbone.layer2,8,8,8,-0.18949772417545319,0.18199250102043152,-0.0037526115775108337
307,supervised,gradcam,predicted,backbone.layer2,2,2,2,0.17778010666370392,0.36976268887519836,0.27377139776945114
308,supervised,gradcam,predicted,backbone.layer2,1,1,1,0.08861202746629715,0.5401079058647156,0.31435996666550636
309,supervised,gradcam,predicted,backbone.layer2,6,2,2,0.12169165909290314,0.04524596035480499,0.08346880972385406
310,supervised,gradcam,predicted,backbone.layer2,8,8,8,0.1131187379360199,0.1665627360343933,0.1398407369852066
311,supervised,gradcam,predicted,backbone.layer2,6,6,6,-0.1903696358203888,0.3835650384426117,0.09659770131111145
312,supervised,gradcam,predicted,backbone.layer2,8,0,0,0.3789854049682617,0.32090941071510315,0.34994740784168243
313,supervised,gradcam,predicted,backbone.layer2,0,0,0,0.4929855763912201,0.5179025530815125,0.5054440647363663
314,supervised,gradcam,predicted,backbone.layer2,4,4,4,-0.11643034964799881,0.29977676272392273,0.09167320653796196
315,supervised,gradcam,predicted,backbone.layer2,0,0,0,-0.07175393402576447,0.13885611295700073,0.033551089465618134
316,supervised,gradcam,predicted,backbone.layer2,7,7,7,0.5158389806747437,0.3993140757083893,0.45757652819156647
317,supervised,gradcam,predicted,backbone.layer2,7,7,7,-0.06380345672369003,0.4878579378128052,0.21202724054455757
318,supervised,gradcam,predicted,backbone.layer2,5,5,5,0.25776925683021545,0.40526360273361206,0.33151642978191376
319,supervised,gradcam,predicted,backbone.layer2,5,5,5,0.10840168595314026,0.4451248049736023,0.2767632454633713
256,supervised,gradcam,predicted,backbone.layer3,3,3,3,0.406485378742218,0.36396804451942444,0.38522671163082123
257,supervised,gradcam,predicted,backbone.layer3,0,0,0,0.021694613620638847,0.2784412205219269,0.15006791707128286
258,supervised,gradcam,predicted,backbone.layer3,0,0,0,0.10128962993621826,0.30278658866882324,0.20203810930252075
259,supervised,gradcam,predicted,backbone.layer3,9,9,9,0.05307639762759209,0.3990369439125061,0.2260566707700491
260,supervised,gradcam,predicted,backbone.layer3,8,8,8,0.18603123724460602,0.5201051235198975,0.35306818038225174
261,supervised,gradcam,predicted,backbone.layer3,1,1,1,0.34566932916641235,0.416061133146286,0.3808652311563492
262,supervised,gradcam,predicted,backbone.layer3,5,5,5,0.42298245429992676,0.3988366723060608,0.4109095633029938
263,supervised,gradcam,predicted,backbone.layer3,7,7,7,0.42424216866493225,0.37410104274749756,0.3991716057062149
264,supervised,gradcam,predicted,backbone.layer3,0,8,8,0.4150063693523407,0.5099659562110901,0.4624861627817154
265,supervised,gradcam,predicted,backbone.layer3,8,8,8,0.6968610286712646,0.6375072002410889,0.6671841144561768
266,supervised,gradcam,predicted,backbone.layer3,2,2,2,-0.028778189793229103,0.3952537178993225,0.1832377640530467
267,supervised,gradcam,predicted,backbone.layer3,4,4,4,0.6055200099945068,0.4113990068435669,0.5084595084190369
268,supervised,gradcam,predicted,backbone.layer3,7,7,7,0.43189242482185364,0.4066341519355774,0.4192632883787155
269,supervised,gradcam,predicted,backbone.layer3,0,0,0,-0.00428044656291604,0.36674249172210693,0.18123102257959545
270,supervised,gradcam,predicted,backbone.layer3,2,2,2,0.6519436240196228,0.5552123188972473,0.6035779714584351
271,supervised,gradcam,predicted,backbone.layer3,3,3,3,0.03336135670542717,0.2788994312286377,0.15613039396703243
272,supervised,gradcam,predicted,backbone.layer3,6,6,6,0.06974652409553528,0.3381277620792389,0.20393714308738708
273,supervised,gradcam,predicted,backbone.layer3,3,3,3,-0.09927823394536972,0.2503635883331299,0.07554267719388008
274,supervised,gradcam,predicted,backbone.layer3,8,8,8,0.745619535446167,0.6552297472953796,0.7004246413707733
275,supervised,gradcam,predicted,backbone.layer3,5,3,3,0.16727060079574585,0.29467976093292236,0.2309751808643341
276,supervised,gradcam,predicted,backbone.layer3,0,0,0,-0.08146318048238754,0.4172535836696625,0.16789520159363747
277,supervised,gradcam,predicted,backbone.layer3,3,3,3,0.466103196144104,0.26885077357292175,0.3674769848585129
278,supervised,gradcam,predicted,backbone.layer3,4,4,4,-0.09286102652549744,0.3596334159374237,0.13338619470596313
279,supervised,gradcam,predicted,backbone.layer3,3,3,3,0.3496609628200531,0.22765089571475983,0.28865592926740646
280,supervised,gradcam,predicted,backbone.layer3,9,9,9,-0.09421928972005844,0.26400166749954224,0.0848911888897419
281,supervised,gradcam,predicted,backbone.layer3,0,0,0,0.4221309423446655,0.25479570031166077,0.33846332132816315
282,supervised,gradcam,predicted,backbone.layer3,6,6,6,0.31877967715263367,0.46265968680381775,0.3907196819782257
283,supervised,gradcam,predicted,backbone.layer3,1,1,1,0.47778934240341187,0.46959978342056274,0.4736945629119873
284,supervised,gradcam,predicted,backbone.layer3,0,9,9,0.46348336338996887,0.3596292734146118,0.41155631840229034
285,supervised,gradcam,predicted,backbone.layer3,9,9,9,0.22630822658538818,0.3736621141433716,0.2999851703643799
286,supervised,gradcam,predicted,backbone.layer3,1,1,1,0.1420486867427826,0.2754859924316406,0.2087673395872116
287,supervised,gradcam,predicted,backbone.layer3,0,8,8,0.3479078412055969,0.5239037275314331,0.435905784368515
288,supervised,gradcam,predicted,backbone.layer3,7,7,7,0.3758188784122467,0.4079008996486664,0.39185988903045654
289,supervised,gradcam,predicted,backbone.layer3,9,9,9,0.26640045642852783,0.3499245345592499,0.30816249549388885
290,supervised,gradcam,predicted,backbone.layer3,1,1,1,0.24391476809978485,0.34086811542510986,0.29239144176244736
291,supervised,gradcam,predicted,backbone.layer3,2,2,2,0.4835853576660156,0.5093297958374023,0.496457576751709
292,supervised,gradcam,predicted,backbone.layer3,6,6,6,0.0672287866473198,0.5021718740463257,0.28470033034682274
293,supervised,gradcam,predicted,backbone.layer3,9,9,9,0.3390308916568756,0.48052284121513367,0.40977686643600464
294,supervised,gradcam,predicted,backbone.layer3,3,3,3,-0.08984504640102386,0.30377358198165894,0.10696426779031754
295,supervised,gradcam,predicted,backbone.layer3,4,4,4,0.45118990540504456,0.5377842783927917,0.49448709189891815
296,supervised,gradcam,predicted,backbone.layer3,6,6,6,0.5122613310813904,0.45296889543533325,0.4826151132583618
297,supervised,gradcam,predicted,backbone.layer3,0,0,0,0.12644018232822418,0.28535833954811096,0.20589926093816757
298,supervised,gradcam,predicted,backbone.layer3,0,0,0,0.6125624179840088,0.5071969032287598,0.5598796606063843
299,supervised,gradcam,predicted,backbone.layer3,6,6,6,-0.3349434435367584,0.5026710033416748,0.08386377990245819
300,supervised,gradcam,predicted,backbone.layer3,6,6,6,-0.10613683611154556,0.5168050527572632,0.2053341083228588
301,supervised,gradcam,predicted,backbone.layer3,6,6,6,-0.04948929324746132,0.4418204128742218,0.19616555981338024
302,supervised,gradcam,predicted,backbone.layer3,3,3,3,-0.1268843561410904,0.22864192724227905,0.05087878555059433
303,supervised,gradcam,predicted,backbone.layer3,2,2,2,0.6554361581802368,0.5778905749320984,0.6166633665561676
304,supervised,gradcam,predicted,backbone.layer3,6,6,6,0.6661875247955322,0.45775216817855835,0.5619698464870453
305,supervised,gradcam,predicted,backbone.layer3,1,1,1,0.4053725302219391,0.3468480110168457,0.3761102706193924
306,supervised,gradcam,predicted,backbone.layer3,8,8,8,-0.17010045051574707,0.45017483830451965,0.1400371938943863
307,supervised,gradcam,predicted,backbone.layer3,2,2,2,-0.08133513480424881,0.4765892028808594,0.19762703403830528
308,supervised,gradcam,predicted,backbone.layer3,1,1,1,0.29570263624191284,0.42675817012786865,0.36123040318489075
309,supervised,gradcam,predicted,backbone.layer3,6,2,2,0.111939437687397,0.47058531641960144,0.2912623770534992
310,supervised,gradcam,predicted,backbone.layer3,8,8,8,0.2572242319583893,0.45021432638168335,0.3537192791700363
311,supervised,gradcam,predicted,backbone.layer3,6,6,6,-0.050327468663454056,0.4628395438194275,0.20625603757798672
312,supervised,gradcam,predicted,backbone.layer3,8,0,0,0.7249358892440796,0.3030613362789154,0.5139986127614975
313,supervised,gradcam,predicted,backbone.layer3,0,0,0,-0.026847032830119133,0.3018568456172943,0.1375049063935876
314,supervised,gradcam,predicted,backbone.layer3,4,4,4,0.32999926805496216,0.3350028395652771,0.33250105381011963
315,supervised,gradcam,predicted,backbone.layer3,0,0,0,0.24328576028347015,0.4050619602203369,0.32417386025190353
316,supervised,gradcam,predicted,backbone.layer3,7,7,7,0.49694010615348816,0.41648414731025696,0.45671212673187256
317,supervised,gradcam,predicted,backbone.layer3,7,7,7,0.4236573278903961,0.40732431411743164,0.4154908210039139
318,supervised,gradcam,predicted,backbone.layer3,5,5,5,0.5284499526023865,0.47940248250961304,0.5039262175559998
319,supervised,gradcam,predicted,backbone.layer3,5,5,5,0.7079486846923828,0.5137386918067932,0.610843688249588
256,supervised,gradcam,predicted,backbone.layer4,3,3,3,0.06616798788309097,0.5124787092208862,0.2893233485519886
257,supervised,gradcam,predicted,backbone.layer4,0,0,0,0.38321810960769653,0.5957954525947571,0.4895067811012268
258,supervised,gradcam,predicted,backbone.layer4,0,0,0,0.16268450021743774,0.5458486080169678,0.35426655411720276
259,supervised,gradcam,predicted,backbone.layer4,9,9,9,-0.024622438475489616,0.47718966007232666,0.22628361079841852
260,supervised,gradcam,predicted,backbone.layer4,8,8,8,0.35188552737236023,0.5677555799484253,0.45982055366039276
261,supervised,gradcam,predicted,backbone.layer4,1,1,1,0.18592479825019836,0.5104093551635742,0.3481670767068863
262,supervised,gradcam,predicted,backbone.layer4,5,5,5,0.6109407544136047,0.5642983913421631,0.5876195728778839
263,supervised,gradcam,predicted,backbone.layer4,7,7,7,0.04258463904261589,0.5317447781562805,0.2871647085994482
264,supervised,gradcam,predicted,backbone.layer4,0,8,8,0.29645925760269165,0.5913111567497253,0.4438852071762085
265,supervised,gradcam,predicted,backbone.layer4,8,8,8,0.6137836575508118,0.610179603099823,0.6119816303253174
266,supervised,gradcam,predicted,backbone.layer4,2,2,2,0.5669628381729126,0.6328662633895874,0.59991455078125
267,supervised,gradcam,predicted,backbone.layer4,4,4,4,0.38863688707351685,0.47830647230148315,0.4334716796875
268,supervised,gradcam,predicted,backbone.layer4,7,7,7,0.6267625093460083,0.6407434344291687,0.6337529718875885
269,supervised,gradcam,predicted,backbone.layer4,0,0,0,0.2116348147392273,0.48123899102211,0.34643690288066864
270,supervised,gradcam,predicted,backbone.layer4,2,2,2,0.36975574493408203,0.530752420425415,0.45025408267974854
271,supervised,gradcam,predicted,backbone.layer4,3,3,3,0.4151533842086792,0.6063650846481323,0.5107592344284058
272,supervised,gradcam,predicted,backbone.layer4,6,6,6,0.2237221598625183,0.4911617040634155,0.3574419319629669
273,supervised,gradcam,predicted,backbone.layer4,3,3,3,0.46671533584594727,0.4154561758041382,0.4410857558250427
274,supervised,gradcam,predicted,backbone.layer4,8,8,8,-0.21217837929725647,0.4947054088115692,0.14126351475715637
275,supervised,gradcam,predicted,backbone.layer4,5,3,3,-0.04207255318760872,0.5876738429069519,0.2728006448596716
276,supervised,gradcam,predicted,backbone.layer4,0,0,0,0.21097686886787415,0.5712193250656128,0.39109809696674347
277,supervised,gradcam,predicted,backbone.layer4,3,3,3,0.4354798495769501,0.534492552280426,0.48498620092868805
278,supervised,gradcam,predicted,backbone.layer4,4,4,4,0.30770567059516907,0.5023398995399475,0.4050227850675583
279,supervised,gradcam,predicted,backbone.layer4,3,3,3,0.5688658952713013,0.48558199405670166,0.5272239446640015
280,supervised,gradcam,predicted,backbone.layer4,9,9,9,-0.03926708921790123,0.49754637479782104,0.2291396427899599
281,supervised,gradcam,predicted,backbone.layer4,0,0,0,0.684155285358429,0.5769986510276794,0.6305769681930542
282,supervised,gradcam,predicted,backbone.layer4,6,6,6,0.22554054856300354,0.5489711165428162,0.38725583255290985
283,supervised,gradcam,predicted,backbone.layer4,1,1,1,0.4116845726966858,0.6446012258529663,0.528142899274826
284,supervised,gradcam,predicted,backbone.layer4,0,9,9,-0.15231698751449585,0.46811434626579285,0.1578986793756485
285,supervised,gradcam,predicted,backbone.layer4,9,9,9,-0.45024019479751587,0.474723756313324,0.012241780757904053
286,supervised,gradcam,predicted,backbone.layer4,1,1,1,0.46943995356559753,0.5493594408035278,0.5093996971845627
287,supervised,gradcam,predicted,backbone.layer4,0,8,8,-0.4551694095134735,0.33736950159072876,-0.058899953961372375
288,supervised,gradcam,predicted,backbone.layer4,7,7,7,0.6234455108642578,0.6651762127876282,0.644310861825943
289,supervised,gradcam,predicted,backbone.layer4,9,9,9,0.40914949774742126,0.6144933700561523,0.5118214339017868
290,supervised,gradcam,predicted,backbone.layer4,1,1,1,0.4155830144882202,0.5624553561210632,0.4890191853046417
291,supervised,gradcam,predicted,backbone.layer4,2,2,2,0.6949203014373779,0.6578530073165894,0.6763866543769836
292,supervised,gradcam,predicted,backbone.layer4,6,6,6,0.5797140598297119,0.6455128192901611,0.6126134395599365
293,supervised,gradcam,predicted,backbone.layer4,9,9,9,0.16240499913692474,0.6154689192771912,0.38893695920705795
294,supervised,gradcam,predicted,backbone.layer4,3,3,3,0.48639267683029175,0.6122852563858032,0.5493389666080475
295,supervised,gradcam,predicted,backbone.layer4,4,4,4,0.23478326201438904,0.5550204515457153,0.3949018567800522
296,supervised,gradcam,predicted,backbone.layer4,6,6,6,0.07358327507972717,0.4623875916004181,0.26798543334007263
297,supervised,gradcam,predicted,backbone.layer4,0,0,0,0.19072990119457245,0.5511288642883301,0.37092938274145126
298,supervised,gradcam,predicted,backbone.layer4,0,0,0,0.25587353110313416,0.4416867792606354,0.34878015518188477
299,supervised,gradcam,predicted,backbone.layer4,6,6,6,0.41082409024238586,0.5365297794342041,0.473676934838295
300,supervised,gradcam,predicted,backbone.layer4,6,6,6,0.6594318151473999,0.6942774057388306,0.6768546104431152
301,supervised,gradcam,predicted,backbone.layer4,6,6,6,0.6473816633224487,0.6928380131721497,0.6701098382472992
302,supervised,gradcam,predicted,backbone.layer4,3,3,3,0.05192774906754494,0.501991868019104,0.27695980854332447
303,supervised,gradcam,predicted,backbone.layer4,2,2,2,0.40412235260009766,0.5284304618835449,0.4662764072418213
304,supervised,gradcam,predicted,backbone.layer4,6,6,6,0.4039883613586426,0.5372447371482849,0.47061654925346375
305,supervised,gradcam,predicted,backbone.layer4,1,1,1,0.24480880796909332,0.5926218628883362,0.41871533542871475
306,supervised,gradcam,predicted,backbone.layer4,8,8,8,-0.5144015550613403,0.36479324102401733,-0.0748041570186615
307,supervised,gradcam,predicted,backbone.layer4,2,2,2,0.4621831178665161,0.4881797432899475,0.4751814305782318
308,supervised,gradcam,predicted,backbone.layer4,1,1,1,-0.17984412610530853,0.524575412273407,0.17236564308404922
309,supervised,gradcam,predicted,backbone.layer4,6,2,2,0.3481416702270508,0.5857323408126831,0.46693700551986694
310,supervised,gradcam,predicted,backbone.layer4,8,8,8,0.07618281245231628,0.44034743309020996,0.2582651227712631
311,supervised,gradcam,predicted,backbone.layer4,6,6,6,0.042115841060876846,0.5535212755203247,0.2978185582906008
312,supervised,gradcam,predicted,backbone.layer4,8,0,0,0.5704957842826843,0.5787594318389893,0.5746276080608368
313,supervised,gradcam,predicted,backbone.layer4,0,0,0,-0.44694676995277405,0.2714917063713074,-0.08772753179073334
314,supervised,gradcam,predicted,backbone.layer4,4,4,4,0.3945939838886261,0.5411181449890137,0.4678560644388199
315,supervised,gradcam,predicted,backbone.layer4,0,0,0,0.2586946487426758,0.576755702495575,0.41772517561912537
316,supervised,gradcam,predicted,backbone.layer4,7,7,7,0.38024285435676575,0.559280276298523,0.46976156532764435
317,supervised,gradcam,predicted,backbone.layer4,7,7,7,0.2996616065502167,0.5348920226097107,0.4172768145799637
318,supervised,gradcam,predicted,backbone.layer4,5,5,5,0.4497241973876953,0.43957653641700745,0.4446503669023514
319,supervised,gradcam,predicted,backbone.layer4,5,5,5,0.4161733388900757,0.5223081111907959,0.4692407250404358
320,supervised,gradcam,predicted,backbone.layer1,3,3,3,0.2234676331281662,0.20776894688606262,0.2156182900071144
321,supervised,gradcam,predicted,backbone.layer1,5,5,5,-0.004968047607690096,0.005349757615476847,0.0001908550038933754
322,supervised,gradcam,predicted,backbone.layer1,2,2,2,-0.1264464259147644,0.3437657952308655,0.10865968465805054
323,supervised,gradcam,predicted,backbone.layer1,3,3,3,-0.1109771803021431,0.2671447992324829,0.0780838094651699
324,supervised,gradcam,predicted,backbone.layer1,4,4,4,0.30167704820632935,0.46053123474121094,0.38110414147377014
325,supervised,gradcam,predicted,backbone.layer1,1,1,1,-0.0033958673011511564,0.37060776352882385,0.18360594811383635
326,supervised,gradcam,predicted,backbone.layer1,7,7,7,-0.014562842436134815,0.007621374912559986,-0.0034707337617874146
327,supervised,gradcam,predicted,backbone.layer1,5,5,5,0.18735617399215698,0.12249717116355896,0.15492667257785797
328,supervised,gradcam,predicted,backbone.layer1,4,4,4,0.04516175761818886,0.3958902657032013,0.22052601166069508
329,supervised,gradcam,predicted,backbone.layer1,6,6,6,-0.3151959776878357,0.2852126359939575,-0.014991670846939087
330,supervised,gradcam,predicted,backbone.layer1,1,1,1,0.3622584342956543,0.24731133878231049,0.3047848865389824
331,supervised,gradcam,predicted,backbone.layer1,9,9,9,0.43132656812667847,0.22877362370491028,0.3300500959157944
332,supervised,gradcam,predicted,backbone.layer1,3,3,3,0.26324301958084106,0.3166603147983551,0.2899516671895981
333,supervised,gradcam,predicted,backbone.layer1,6,6,6,-0.07147782295942307,0.43695470690727234,0.18273844197392464
334,supervised,gradcam,predicted,backbone.layer1,6,6,6,-0.0691092237830162,0.4288555085659027,0.17987314239144325
335,supervised,gradcam,predicted,backbone.layer1,9,9,9,0.2157871574163437,0.19756323099136353,0.2066751942038536
336,supervised,gradcam,predicted,backbone.layer1,3,3,3,-0.08121436089277267,0.3363426923751831,0.12756416574120522
337,supervised,gradcam,predicted,backbone.layer1,8,8,8,0.10041103512048721,0.13321523368358612,0.11681313440203667
338,supervised,gradcam,predicted,backbone.layer1,0,0,0,0.07548239827156067,0.44527190923690796,0.2603771537542343
339,supervised,gradcam,predicted,backbone.layer1,7,7,7,0.032827261835336685,0.0370124951004982,0.03491987846791744
340,supervised,gradcam,predicted,backbone.layer1,2,2,2,0.2311190813779831,0.3236852288246155,0.2774021551012993
341,supervised,gradcam,predicted,backbone.layer1,6,6,6,0.3083336651325226,0.5165037512779236,0.4124187082052231
342,supervised,gradcam,predicted,backbone.layer1,2,2,2,-0.30632126331329346,0.32049548625946045,0.007087111473083496
343,supervised,gradcam,predicted,backbone.layer1,5,5,5,0.07139172405004501,0.007410570979118347,0.03940114751458168
344,supervised,gradcam,predicted,backbone.layer1,8,8,8,0.3004743158817291,0.4559609889984131,0.3782176524400711
345,supervised,gradcam,predicted,backbone.layer1,5,5,5,0.22820603847503662,0.21819713711738586,0.22320158779621124
346,supervised,gradcam,predicted,backbone.layer1,4,4,4,0.16496656835079193,0.31390443444252014,0.23943550139665604
347,supervised,gradcam,predicted,backbone.layer1,6,6,6,-0.08216763287782669,0.42049431800842285,0.16916334256529808
348,supervised,gradcam,predicted,backbone.layer1,8,8,8,0.36694905161857605,0.5039932727813721,0.43547116219997406
349,supervised,gradcam,predicted,backbone.layer1,9,9,9,0.2606297433376312,0.1702149212360382,0.21542233228683472
350,supervised,gradcam,predicted,backbone.layer1,9,9,9,0.14516475796699524,0.13883304595947266,0.14199890196323395
351,supervised,gradcam,predicted,backbone.layer1,1,1,1,0.23734498023986816,0.48121002316474915,0.35927750170230865
352,supervised,gradcam,predicted,backbone.layer1,0,0,0,0.25070294737815857,0.3225153982639313,0.2866091728210449
353,supervised,gradcam,predicted,backbone.layer1,2,2,2,-0.1441274732351303,0.010252687148749828,-0.06693739304319024
354,supervised,gradcam,predicted,backbone.layer1,2,2,2,0.26250389218330383,0.5032238364219666,0.3828638643026352
355,supervised,gradcam,predicted,backbone.layer1,7,2,2,-0.06542512029409409,0.1922340989112854,0.06340448930859566
356,supervised,gradcam,predicted,backbone.layer1,3,3,3,-0.04631413519382477,0.05848895013332367,0.006087407469749451
357,supervised,gradcam,predicted,backbone.layer1,2,2,2,0.288089394569397,0.3818759322166443,0.33498266339302063
358,supervised,gradcam,predicted,backbone.layer1,8,8,8,0.14057056605815887,0.2857917845249176,0.21318117529153824
359,supervised,gradcam,predicted,backbone.layer1,0,0,0,0.2260783463716507,0.25584936141967773,0.24096385389566422
360,supervised,gradcam,predicted,backbone.layer1,9,9,9,0.12272536754608154,0.2515347898006439,0.18713007867336273
361,supervised,gradcam,predicted,backbone.layer1,5,5,5,0.05024225637316704,0.13479669392108917,0.0925194751471281
362,supervised,gradcam,predicted,backbone.layer1,8,8,8,0.1672499030828476,0.1282501220703125,0.14775001257658005
363,supervised,gradcam,predicted,backbone.layer1,1,1,1,0.3846147060394287,0.34327569603919983,0.36394520103931427
364,supervised,gradcam,predicted,backbone.layer1,9,9,9,-0.1117342934012413,0.07464593648910522,-0.01854417845606804
365,supervised,gradcam,predicted,backbone.layer1,4,4,4,0.07616404443979263,0.36767488718032837,0.2219194658100605
366,supervised,gradcam,predicted,backbone.layer1,1,1,1,0.2724527418613434,0.5196940302848816,0.3960733860731125
367,supervised,gradcam,predicted,backbone.layer1,3,3,3,0.08423585444688797,0.09881262481212616,0.09152423962950706
368,supervised,gradcam,predicted,backbone.layer1,8,8,8,0.24516910314559937,0.11724191904067993,0.18120551109313965
369,supervised,gradcam,predicted,backbone.layer1,1,1,1,0.37400463223457336,0.4413753151893616,0.40768997371196747
370,supervised,gradcam,predicted,backbone.layer1,4,0,0,0.4676339328289032,0.25169631838798523,0.3596651256084442
371,supervised,gradcam,predicted,backbone.layer1,7,7,7,0.0,0.0,0.0
372,supervised,gradcam,predicted,backbone.layer1,9,9,9,0.19593596458435059,0.24187682569026947,0.21890639513731003
373,supervised,gradcam,predicted,backbone.layer1,4,4,4,0.30425184965133667,0.3322811424732208,0.31826649606227875
374,supervised,gradcam,predicted,backbone.layer1,2,2,2,0.10126372426748276,0.028565553948283195,0.06491463910788298
375,supervised,gradcam,predicted,backbone.layer1,7,7,7,0.05517825856804848,0.1342734694480896,0.09472586400806904
376,supervised,gradcam,predicted,backbone.layer1,0,0,0,0.07666143774986267,0.5242652297019958,0.30046333372592926
377,supervised,gradcam,predicted,backbone.layer1,7,7,7,-0.07028818130493164,0.004798490554094315,-0.03274484537541866
378,supervised,gradcam,predicted,backbone.layer1,0,8,8,0.02737126499414444,0.028692565858364105,0.028031915426254272
379,supervised,gradcam,predicted,backbone.layer1,6,6,6,-0.024437708780169487,0.4212658107280731,0.19841405097395182
380,supervised,gradcam,predicted,backbone.layer1,6,6,6,0.0655607059597969,0.41060179471969604,0.23808125033974648
381,supervised,gradcam,predicted,backbone.layer1,9,9,9,0.08492866903543472,0.13452644646167755,0.10972755774855614
382,supervised,gradcam,predicted,backbone.layer1,0,0,0,0.021803952753543854,0.09585339576005936,0.058828674256801605
383,supervised,gradcam,predicted,backbone.layer1,9,9,9,-0.011080857366323471,0.05435214564204216,0.021635644137859344
320,supervised,gradcam,predicted,backbone.layer2,3,3,3,0.09190376102924347,0.3987254202365875,0.2453145906329155
321,supervised,gradcam,predicted,backbone.layer2,5,5,5,-0.1683482527732849,0.35010626912117004,0.09087900817394257
322,supervised,gradcam,predicted,backbone.layer2,2,2,2,0.26711830496788025,0.3010067045688629,0.2840625047683716
323,supervised,gradcam,predicted,backbone.layer2,3,3,3,0.078032948076725,0.41218358278274536,0.24510826542973518
324,supervised,gradcam,predicted,backbone.layer2,4,4,4,0.023533836007118225,0.20174014568328857,0.1126369908452034
325,supervised,gradcam,predicted,backbone.layer2,1,1,1,-0.11458852887153625,0.4239410161972046,0.15467624366283417
326,supervised,gradcam,predicted,backbone.layer2,7,7,7,0.4467567801475525,0.6123798489570618,0.5295683145523071
327,supervised,gradcam,predicted,backbone.layer2,5,5,5,-0.13018308579921722,0.46802857518196106,0.16892274469137192
328,supervised,gradcam,predicted,backbone.layer2,4,4,4,-0.29509228467941284,0.1739276945590973,-0.060582295060157776
329,supervised,gradcam,predicted,backbone.layer2,6,6,6,-0.09642104804515839,0.40205588936805725,0.15281742066144943
330,supervised,gradcam,predicted,backbone.layer2,1,1,1,0.46766096353530884,0.4381289482116699,0.4528949558734894
331,supervised,gradcam,predicted,backbone.layer2,9,9,9,0.061698898673057556,0.14346599578857422,0.10258244723081589
332,supervised,gradcam,predicted,backbone.layer2,3,3,3,0.042193423956632614,0.38602563738822937,0.214109530672431
333,supervised,gradcam,predicted,backbone.layer2,6,6,6,0.044855035841464996,0.4462844133377075,0.24556972458958626
334,supervised,gradcam,predicted,backbone.layer2,6,6,6,0.13740403950214386,0.4680774211883545,0.3027407303452492
335,supervised,gradcam,predicted,backbone.layer2,9,9,9,0.11304304003715515,0.3967360258102417,0.2548895329236984
336,supervised,gradcam,predicted,backbone.layer2,3,3,3,-0.2752273678779602,0.3907800316810608,0.05777633190155029
337,supervised,gradcam,predicted,backbone.layer2,8,8,8,0.07750895619392395,0.28471824526786804,0.181113600730896
338,supervised,gradcam,predicted,backbone.layer2,0,0,0,0.038749102503061295,0.3826983869075775,0.2107237447053194
339,supervised,gradcam,predicted,backbone.layer2,7,7,7,0.4456452429294586,0.5775887370109558,0.5116169899702072
340,supervised,gradcam,predicted,backbone.layer2,2,2,2,-0.07379141449928284,0.1702025979757309,0.04820559173822403
341,supervised,gradcam,predicted,backbone.layer2,6,6,6,-0.00015287840506061912,0.47246554493904114,0.23615633326699026
342,supervised,gradcam,predicted,backbone.layer2,2,2,2,0.14385540783405304,0.5270581841468811,0.33545679599046707
343,supervised,gradcam,predicted,backbone.layer2,5,5,5,0.1488891988992691,0.46017512679100037,0.30453216284513474
344,supervised,gradcam,predicted,backbone.layer2,8,8,8,0.21121081709861755,0.3703424632549286,0.29077664017677307
345,supervised,gradcam,predicted,backbone.layer2,5,5,5,0.06928607076406479,0.2570507526397705,0.16316841170191765
346,supervised,gradcam,predicted,backbone.layer2,4,4,4,-0.1312231868505478,0.257241815328598,0.06300931423902512
347,supervised,gradcam,predicted,backbone.layer2,6,6,6,-0.0970659852027893,0.37001320719718933,0.1364736109972
348,supervised,gradcam,predicted,backbone.layer2,8,8,8,0.02503068372607231,0.3016729950904846,0.16335183940827847
349,supervised,gradcam,predicted,backbone.layer2,9,9,9,-0.14453017711639404,0.3023543655872345,0.07891209423542023
350,supervised,gradcam,predicted,backbone.layer2,9,9,9,0.08537540584802628,0.33891811966896057,0.21214676275849342
351,supervised,gradcam,predicted,backbone.layer2,1,1,1,0.19631707668304443,0.5668951869010925,0.3816061317920685
352,supervised,gradcam,predicted,backbone.layer2,0,0,0,-0.19338034093379974,0.43333327770233154,0.1199764683842659
353,supervised,gradcam,predicted,backbone.layer2,2,2,2,0.13315603137016296,0.13357223570346832,0.13336413353681564
354,supervised,gradcam,predicted,backbone.layer2,2,2,2,-0.17033669352531433,0.23843896389007568,0.034051135182380676
355,supervised,gradcam,predicted,backbone.layer2,7,2,2,0.17882810533046722,0.25353938341140747,0.21618374437093735
356,supervised,gradcam,predicted,backbone.layer2,3,3,3,-0.029841594398021698,0.48922157287597656,0.22968998923897743
357,supervised,gradcam,predicted,backbone.layer2,2,2,2,0.14219528436660767,0.23443885147571564,0.18831706792116165
358,supervised,gradcam,predicted,backbone.layer2,8,8,8,-0.14430542290210724,0.22434388101100922,0.04001922905445099
359,supervised,gradcam,predicted,backbone.layer2,0,0,0,0.2943269908428192,0.4529460072517395,0.37363649904727936
360,supervised,gradcam,predicted,backbone.layer2,9,9,9,0.18047967553138733,0.2909143567085266,0.23569701611995697
361,supervised,gradcam,predicted,backbone.layer2,5,5,5,-0.12951809167861938,0.37707585096359253,0.12377887964248657
362,supervised,gradcam,predicted,backbone.layer2,8,8,8,-0.23420490324497223,0.26785165071487427,0.01682337373495102
363,supervised,gradcam,predicted,backbone.layer2,1,1,1,0.0018735986668616533,0.3983733654022217,0.20012348203454167
364,supervised,gradcam,predicted,backbone.layer2,9,9,9,0.19700512290000916,0.3124523460865021,0.2547287344932556
365,supervised,gradcam,predicted,backbone.layer2,4,4,4,-0.3035621643066406,0.2581596076488495,-0.02270127832889557
366,supervised,gradcam,predicted,backbone.layer2,1,1,1,0.34902793169021606,0.6117704510688782,0.4803991913795471
367,supervised,gradcam,predicted,backbone.layer2,3,3,3,0.2696005403995514,0.5157440900802612,0.3926723152399063
368,supervised,gradcam,predicted,backbone.layer2,8,8,8,0.6188870668411255,0.39810869097709656,0.508497878909111
369,supervised,gradcam,predicted,backbone.layer2,1,1,1,0.2009008526802063,0.462985098361969,0.33194297552108765
370,supervised,gradcam,predicted,backbone.layer2,4,0,0,0.24337472021579742,0.3141786456108093,0.2787766829133034
371,supervised,gradcam,predicted,backbone.layer2,7,7,7,0.021360239014029503,0.4907240569591522,0.25604214798659086
372,supervised,gradcam,predicted,backbone.layer2,9,9,9,0.13534048199653625,0.27863889932632446,0.20698969066143036
373,supervised,gradcam,predicted,backbone.layer2,4,4,4,0.47778183221817017,0.47845160961151123,0.4781167209148407
374,supervised,gradcam,predicted,backbone.layer2,2,2,2,-0.17709657549858093,0.05304664000868797,-0.06202496774494648
375,supervised,gradcam,predicted,backbone.layer2,7,7,7,0.11651869118213654,0.5483709573745728,0.33244482427835464
376,supervised,gradcam,predicted,backbone.layer2,0,0,0,-0.43831855058670044,0.27519500255584717,-0.08156177401542664
377,supervised,gradcam,predicted,backbone.layer2,7,7,7,0.19094255566596985,0.5732017755508423,0.38207216560840607
378,supervised,gradcam,predicted,backbone.layer2,0,8,8,-0.223491370677948,0.08088817447423935,-0.07130159810185432
379,supervised,gradcam,predicted,backbone.layer2,6,6,6,0.0863327756524086,0.5141538977622986,0.3002433367073536
380,supervised,gradcam,predicted,backbone.layer2,6,6,6,0.30288708209991455,0.49612846970558167,0.3995077759027481
381,supervised,gradcam,predicted,backbone.layer2,9,9,9,-0.10123192518949509,0.3122420310974121,0.10550505295395851
382,supervised,gradcam,predicted,backbone.layer2,0,0,0,-0.35633936524391174,0.3791912794113159,0.011425957083702087
383,supervised,gradcam,predicted,backbone.layer2,9,9,9,0.27234143018722534,0.22816839814186096,0.25025491416454315
320,supervised,gradcam,predicted,backbone.layer3,3,3,3,0.40840083360671997,0.40859392285346985,0.4084973782300949
321,supervised,gradcam,predicted,backbone.layer3,5,5,5,0.5392472743988037,0.48596811294555664,0.5126076936721802
322,supervised,gradcam,predicted,backbone.layer3,2,2,2,0.20436765253543854,0.4870121479034424,0.34568990021944046
323,supervised,gradcam,predicted,backbone.layer3,3,3,3,0.05097178369760513,0.3329894542694092,0.19198061898350716
324,supervised,gradcam,predicted,backbone.layer3,4,4,4,0.5935895442962646,0.40494590997695923,0.49926772713661194
325,supervised,gradcam,predicted,backbone.layer3,1,1,1,0.1228196993470192,0.33653536438941956,0.22967753186821938
326,supervised,gradcam,predicted,backbone.layer3,7,7,7,0.7314111590385437,0.5730278491973877,0.6522195041179657
327,supervised,gradcam,predicted,backbone.layer3,5,5,5,0.41335153579711914,0.45257407426834106,0.4329628050327301
328,supervised,gradcam,predicted,backbone.layer3,4,4,4,0.6808203458786011,0.5119174718856812,0.5963689088821411
329,supervised,gradcam,predicted,backbone.layer3,6,6,6,0.359369158744812,0.6150175333023071,0.48719334602355957
330,supervised,gradcam,predicted,backbone.layer3,1,1,1,0.6383633613586426,0.4089105427265167,0.5236369520425797
331,supervised,gradcam,predicted,backbone.layer3,9,9,9,-0.25434643030166626,0.23518012464046478,-0.009583152830600739
332,supervised,gradcam,predicted,backbone.layer3,3,3,3,0.5477204918861389,0.3358684778213501,0.4417944848537445
333,supervised,gradcam,predicted,backbone.layer3,6,6,6,0.38154420256614685,0.5037940144538879,0.4426691085100174
334,supervised,gradcam,predicted,backbone.layer3,6,6,6,0.041797079145908356,0.4774309992790222,0.2596140392124653
335,supervised,gradcam,predicted,backbone.layer3,9,9,9,0.1325497180223465,0.47090911865234375,0.3017294183373451
336,supervised,gradcam,predicted,backbone.layer3,3,3,3,0.09131474792957306,0.33418112993240356,0.2127479389309883
337,supervised,gradcam,predicted,backbone.layer3,8,8,8,0.34343624114990234,0.5377753376960754,0.4406057894229889
338,supervised,gradcam,predicted,backbone.layer3,0,0,0,0.06285014748573303,0.3471841812133789,0.20501716434955597
339,supervised,gradcam,predicted,backbone.layer3,7,7,7,0.6053813695907593,0.36589136719703674,0.485636368393898
340,supervised,gradcam,predicted,backbone.layer3,2,2,2,-0.17018912732601166,0.3624406158924103,0.09612574428319931
341,supervised,gradcam,predicted,backbone.layer3,6,6,6,0.28129103779792786,0.4260813891887665,0.35368621349334717
342,supervised,gradcam,predicted,backbone.layer3,2,2,2,-0.13543614745140076,0.44861769676208496,0.1565907746553421
343,supervised,gradcam,predicted,backbone.layer3,5,5,5,0.7097224593162537,0.5423734188079834,0.6260479390621185
344,supervised,gradcam,predicted,backbone.layer3,8,8,8,0.39878106117248535,0.5594592094421387,0.479120135307312
345,supervised,gradcam,predicted,backbone.layer3,5,5,5,0.33127254247665405,0.44223642349243164,0.38675448298454285
346,supervised,gradcam,predicted,backbone.layer3,4,4,4,0.45302850008010864,0.4665001928806305,0.45976434648036957
347,supervised,gradcam,predicted,backbone.layer3,6,6,6,0.33836397528648376,0.4121066927909851,0.37523533403873444
348,supervised,gradcam,predicted,backbone.layer3,8,8,8,0.49664267897605896,0.5904445648193359,0.5435436218976974
349,supervised,gradcam,predicted,backbone.layer3,9,9,9,0.405680775642395,0.48086750507354736,0.4432741403579712
350,supervised,gradcam,predicted,backbone.layer3,9,9,9,0.6087253093719482,0.4466780126094818,0.527701660990715
351,supervised,gradcam,predicted,backbone.layer3,1,1,1,0.45227059721946716,0.4417327046394348,0.447001650929451
352,supervised,gradcam,predicted,backbone.layer3,0,0,0,-0.08379839360713959,0.2530882954597473,0.08464495092630386
353,supervised,gradcam,predicted,backbone.layer3,2,2,2,0.7437506914138794,0.5697101950645447,0.656730443239212
354,supervised,gradcam,predicted,backbone.layer3,2,2,2,-0.2767636477947235,0.36443355679512024,0.043834954500198364
355,supervised,gradcam,predicted,backbone.layer3,7,2,2,-0.12030651420354843,0.3481110632419586,0.1139022745192051
356,supervised,gradcam,predicted,backbone.layer3,3,3,3,0.6453016996383667,0.3736397624015808,0.5094707310199738
357,supervised,gradcam,predicted,backbone.layer3,2,2,2,0.08635459840297699,0.4942469596862793,0.29030077904462814
358,supervised,gradcam,predicted,backbone.layer3,8,8,8,0.7158952355384827,0.5681244134902954,0.642009824514389
359,supervised,gradcam,predicted,backbone.layer3,0,0,0,0.49866607785224915,0.3259905278682709,0.41232830286026
360,supervised,gradcam,predicted,backbone.layer3,9,9,9,0.30575236678123474,0.4407748281955719,0.3732635974884033
361,supervised,gradcam,predicted,backbone.layer3,5,5,5,0.6731904149055481,0.4880729019641876,0.5806316584348679
362,supervised,gradcam,predicted,backbone.layer3,8,8,8,0.4256642162799835,0.4841490685939789,0.4549066424369812
363,supervised,gradcam,predicted,backbone.layer3,1,1,1,0.3695891499519348,0.41151896119117737,0.3905540555715561
364,supervised,gradcam,predicted,backbone.layer3,9,9,9,0.37777820229530334,0.39109718799591064,0.384437695145607
365,supervised,gradcam,predicted,backbone.layer3,4,4,4,0.5116377472877502,0.514905571937561,0.5132716596126556
366,supervised,gradcam,predicted,backbone.layer3,1,1,1,0.12957130372524261,0.4216960668563843,0.27563368529081345
367,supervised,gradcam,predicted,backbone.layer3,3,3,3,0.5954285860061646,0.3677646517753601,0.48159661889076233
368,supervised,gradcam,predicted,backbone.layer3,8,8,8,0.39992326498031616,0.6033391952514648,0.5016312301158905
369,supervised,gradcam,predicted,backbone.layer3,1,1,1,0.6067320704460144,0.41985195875167847,0.5132920145988464
370,supervised,gradcam,predicted,backbone.layer3,4,0,0,-0.1435505449771881,0.2151254564523697,0.03578745573759079
371,supervised,gradcam,predicted,backbone.layer3,7,7,7,0.4022349417209625,0.35860708355903625,0.3804210126399994
372,supervised,gradcam,predicted,backbone.layer3,9,9,9,0.27632832527160645,0.43734562397003174,0.3568369746208191
373,supervised,gradcam,predicted,backbone.layer3,4,4,4,0.159743994474411,0.34483665227890015,0.2522903233766556
374,supervised,gradcam,predicted,backbone.layer3,2,2,2,0.17052879929542542,0.4908064603805542,0.3306676298379898
375,supervised,gradcam,predicted,backbone.layer3,7,7,7,0.37018314003944397,0.3950618803501129,0.38262251019477844
376,supervised,gradcam,predicted,backbone.layer3,0,0,0,0.3753575384616852,0.4060840904712677,0.39072081446647644
377,supervised,gradcam,predicted,backbone.layer3,7,7,7,0.012671043165028095,0.3592447340488434,0.18595788860693574
378,supervised,gradcam,predicted,backbone.layer3,0,8,8,0.457146555185318,0.5965834259986877,0.5268649905920029
379,supervised,gradcam,predicted,backbone.layer3,6,6,6,0.40258944034576416,0.570468008518219,0.4865287244319916
380,supervised,gradcam,predicted,backbone.layer3,6,6,6,-0.4244162142276764,0.4501955211162567,0.012889653444290161
381,supervised,gradcam,predicted,backbone.layer3,9,9,9,0.3785076439380646,0.3907955288887024,0.3846515864133835
382,supervised,gradcam,predicted,backbone.layer3,0,0,0,0.5176481604576111,0.2579292356967926,0.38778869807720184
383,supervised,gradcam,predicted,backbone.layer3,9,9,9,0.44235965609550476,0.3132336139678955,0.37779663503170013
320,supervised,gradcam,predicted,backbone.layer4,3,3,3,0.5326102375984192,0.5633179545402527,0.5479640960693359
321,supervised,gradcam,predicted,backbone.layer4,5,5,5,0.44102588295936584,0.5185787677764893,0.47980232536792755
322,supervised,gradcam,predicted,backbone.layer4,2,2,2,0.7610286474227905,0.6324926614761353,0.6967606544494629
323,supervised,gradcam,predicted,backbone.layer4,3,3,3,0.4329376816749573,0.5932677388191223,0.5131027102470398
324,supervised,gradcam,predicted,backbone.layer4,4,4,4,0.37072303891181946,0.4651888310909271,0.4179559350013733
325,supervised,gradcam,predicted,backbone.layer4,1,1,1,0.36319154500961304,0.6348093748092651,0.4990004599094391
326,supervised,gradcam,predicted,backbone.layer4,7,7,7,0.48490241169929504,0.6356663703918457,0.5602843910455704
327,supervised,gradcam,predicted,backbone.layer4,5,5,5,0.573286235332489,0.5927059650421143,0.5829961001873016
328,supervised,gradcam,predicted,backbone.layer4,4,4,4,0.4391116499900818,0.6050487160682678,0.5220801830291748
329,supervised,gradcam,predicted,backbone.layer4,6,6,6,0.20828208327293396,0.549924373626709,0.37910322844982147
330,supervised,gradcam,predicted,backbone.layer4,1,1,1,0.1378871202468872,0.482019305229187,0.3099532127380371
331,supervised,gradcam,predicted,backbone.layer4,9,9,9,-0.16643711924552917,0.5113562345504761,0.17245955765247345
332,supervised,gradcam,predicted,backbone.layer4,3,3,3,0.47392579913139343,0.576045036315918,0.5249854177236557
333,supervised,gradcam,predicted,backbone.layer4,6,6,6,0.38918501138687134,0.6987702250480652,0.5439776182174683
334,supervised,gradcam,predicted,backbone.layer4,6,6,6,0.37282875180244446,0.5482911467552185,0.4605599492788315
335,supervised,gradcam,predicted,backbone.layer4,9,9,9,0.031735196709632874,0.615019679069519,0.32337743788957596
336,supervised,gradcam,predicted,backbone.layer4,3,3,3,0.27749958634376526,0.6130576729774475,0.4452786296606064
337,supervised,gradcam,predicted,backbone.layer4,8,8,8,0.05241186171770096,0.4119512736797333,0.23218156769871712
338,supervised,gradcam,predicted,backbone.layer4,0,0,0,0.4268902838230133,0.6430425643920898,0.5349664241075516
339,supervised,gradcam,predicted,backbone.layer4,7,7,7,0.5612865090370178,0.656898558139801,0.6090925335884094
340,supervised,gradcam,predicted,backbone.layer4,2,2,2,-0.551842987537384,0.3225114643573761,-0.11466576159000397
341,supervised,gradcam,predicted,backbone.layer4,6,6,6,0.5722365379333496,0.5512906312942505,0.5617635846138
342,supervised,gradcam,predicted,backbone.layer4,2,2,2,0.35759496688842773,0.5685562491416931,0.4630756080150604
343,supervised,gradcam,predicted,backbone.layer4,5,5,5,0.6108370423316956,0.5526221990585327,0.5817296206951141
344,supervised,gradcam,predicted,backbone.layer4,8,8,8,0.3095160126686096,0.5606701970100403,0.43509310483932495
345,supervised,gradcam,predicted,backbone.layer4,5,5,5,0.43500030040740967,0.5702173113822937,0.5026088058948517
346,supervised,gradcam,predicted,backbone.layer4,4,4,4,0.6235558390617371,0.6902376413345337,0.6568967401981354
347,supervised,gradcam,predicted,backbone.layer4,6,6,6,0.4707894027233124,0.6406682133674622,0.5557288080453873
348,supervised,gradcam,predicted,backbone.layer4,8,8,8,0.1156521886587143,0.5570698976516724,0.33636104315519333
349,supervised,gradcam,predicted,backbone.layer4,9,9,9,-0.043653521686792374,0.5158084630966187,0.23607747070491314
350,supervised,gradcam,predicted,backbone.layer4,9,9,9,0.03290105611085892,0.44363677501678467,0.2382689155638218
351,supervised,gradcam,predicted,backbone.layer4,1,1,1,0.37902915477752686,0.5866334438323975,0.48283129930496216
352,supervised,gradcam,predicted,backbone.layer4,0,0,0,0.5191834568977356,0.6087488532066345,0.5639661550521851
353,supervised,gradcam,predicted,backbone.layer4,2,2,2,0.6662249565124512,0.6325703859329224,0.6493976712226868
354,supervised,gradcam,predicted,backbone.layer4,2,2,2,0.43401390314102173,0.6363811492919922,0.535197526216507
355,supervised,gradcam,predicted,backbone.layer4,7,2,2,-0.3802745044231415,0.5361194014549255,0.07792244851589203
356,supervised,gradcam,predicted,backbone.layer4,3,3,3,0.721328616142273,0.6309239864349365,0.6761263012886047
357,supervised,gradcam,predicted,backbone.layer4,2,2,2,-0.25243356823921204,0.4077731668949127,0.07766979932785034
358,supervised,gradcam,predicted,backbone.layer4,8,8,8,0.3925754427909851,0.5920546650886536,0.49231505393981934
359,supervised,gradcam,predicted,backbone.layer4,0,0,0,0.4605252742767334,0.5978507995605469,0.5291880369186401
360,supervised,gradcam,predicted,backbone.layer4,9,9,9,-0.09303879737854004,0.5125128030776978,0.20973700284957886
361,supervised,gradcam,predicted,backbone.layer4,5,5,5,0.4913099408149719,0.5928484797477722,0.5420792102813721
362,supervised,gradcam,predicted,backbone.layer4,8,8,8,-0.1388610601425171,0.42967307567596436,0.14540600776672363
363,supervised,gradcam,predicted,backbone.layer4,1,1,1,0.29277288913726807,0.5450440049171448,0.4189084470272064
364,supervised,gradcam,predicted,backbone.layer4,9,9,9,0.13057424128055573,0.6010376811027527,0.3658059611916542
365,supervised,gradcam,predicted,backbone.layer4,4,4,4,0.26126185059547424,0.5970325469970703,0.4291471987962723
366,supervised,gradcam,predicted,backbone.layer4,1,1,1,0.4404054284095764,0.5765816569328308,0.5084935426712036
367,supervised,gradcam,predicted,backbone.layer4,3,3,3,0.3166710138320923,0.5493441820144653,0.4330075979232788
368,supervised,gradcam,predicted,backbone.layer4,8,8,8,0.5293887853622437,0.5158120393753052,0.5226004123687744
369,supervised,gradcam,predicted,backbone.layer4,1,1,1,0.4535949230194092,0.5648462772369385,0.5092206001281738
370,supervised,gradcam,predicted,backbone.layer4,4,0,0,0.39786797761917114,0.4375230073928833,0.4176954925060272
371,supervised,gradcam,predicted,backbone.layer4,7,7,7,0.24697722494602203,0.5003038048744202,0.3736405149102211
372,supervised,gradcam,predicted,backbone.layer4,9,9,9,0.14915010333061218,0.5351424813270569,0.34214629232883453
373,supervised,gradcam,predicted,backbone.layer4,4,4,4,0.37631097435951233,0.46195656061172485,0.4191337674856186
374,supervised,gradcam,predicted,backbone.layer4,2,2,2,0.5276482105255127,0.6029976010322571,0.5653229057788849
375,supervised,gradcam,predicted,backbone.layer4,7,7,7,0.1317220777273178,0.5454713702201843,0.33859672397375107
376,supervised,gradcam,predicted,backbone.layer4,0,0,0,0.29190996289253235,0.6169182658195496,0.45441411435604095
377,supervised,gradcam,predicted,backbone.layer4,7,7,7,0.1313634067773819,0.5900024175643921,0.360682912170887
378,supervised,gradcam,predicted,backbone.layer4,0,8,8,0.17656216025352478,0.5431785583496094,0.3598703593015671
379,supervised,gradcam,predicted,backbone.layer4,6,6,6,0.4949309825897217,0.6269610524177551,0.5609460175037384
380,supervised,gradcam,predicted,backbone.layer4,6,6,6,0.3712366819381714,0.5548278093338013,0.46303224563598633
381,supervised,gradcam,predicted,backbone.layer4,9,9,9,0.14260315895080566,0.5684289336204529,0.3555160462856293
382,supervised,gradcam,predicted,backbone.layer4,0,0,0,0.6705134510993958,0.6179794669151306,0.6442464590072632
383,supervised,gradcam,predicted,backbone.layer4,9,9,9,0.108068086206913,0.5368366837501526,0.3224523849785328
384,supervised,gradcam,predicted,backbone.layer1,2,5,5,0.07854612916707993,0.019670352339744568,0.04910824075341225
385,supervised,gradcam,predicted,backbone.layer1,8,8,8,0.11957219988107681,0.18218408524990082,0.15087814256548882
386,supervised,gradcam,predicted,backbone.layer1,7,7,7,-0.048681218177080154,0.024728067219257355,-0.0119765754789114
387,supervised,gradcam,predicted,backbone.layer1,2,2,2,-0.0052974773570895195,0.3493378758430481,0.1720201992429793
388,supervised,gradcam,predicted,backbone.layer1,2,2,2,0.1548728346824646,0.426657110452652,0.2907649725675583
389,supervised,gradcam,predicted,backbone.layer1,5,5,5,0.06098669767379761,0.3340572118759155,0.19752195477485657
390,supervised,gradcam,predicted,backbone.layer1,1,1,1,0.261542409658432,0.21875523030757904,0.24014881998300552
391,supervised,gradcam,predicted,backbone.layer1,2,2,2,0.05413837358355522,0.02088218368589878,0.037510278634727
392,supervised,gradcam,predicted,backbone.layer1,6,6,6,-0.02608381025493145,0.3358269929885864,0.1548715913668275
393,supervised,gradcam,predicted,backbone.layer1,2,2,2,-0.037427764385938644,0.13439451158046722,0.04848337359726429
394,supervised,gradcam,predicted,backbone.layer1,9,9,9,0.33006128668785095,0.3840164244174957,0.35703885555267334
395,supervised,gradcam,predicted,backbone.layer1,6,6,6,-0.012040344998240471,0.4656094014644623,0.2267845282331109
396,supervised,gradcam,predicted,backbone.layer1,2,2,2,0.01188187301158905,0.4526827335357666,0.23228230327367783
397,supervised,gradcam,predicted,backbone.layer1,3,3,3,-0.15620894730091095,0.1360614150762558,-0.010073766112327576
398,supervised,gradcam,predicted,backbone.layer1,0,0,0,-0.031067034229636192,0.3573015034198761,0.16311723459511995
399,supervised,gradcam,predicted,backbone.layer1,3,3,3,-0.16498465836048126,0.18587937951087952,0.010447360575199127
400,supervised,gradcam,predicted,backbone.layer1,9,9,9,0.49539822340011597,0.31554386019706726,0.4054710417985916
401,supervised,gradcam,predicted,backbone.layer1,8,1,1,-0.030477818101644516,0.3982158601284027,0.1838690210133791
402,supervised,gradcam,predicted,backbone.layer1,7,7,7,0.02185186743736267,0.002239718334749341,0.012045792886056006
403,supervised,gradcam,predicted,backbone.layer1,8,8,8,0.09173756092786789,0.014179456979036331,0.05295850895345211
404,supervised,gradcam,predicted,backbone.layer1,8,8,8,0.5277353525161743,0.22527530789375305,0.3765053302049637
405,supervised,gradcam,predicted,backbone.layer1,4,6,6,-0.20217250287532806,0.45413678884506226,0.1259821429848671
406,supervised,gradcam,predicted,backbone.layer1,0,0,0,-0.3842921853065491,0.22351379692554474,-0.08038919419050217
407,supervised,gradcam,predicted,backbone.layer1,1,1,1,0.40074917674064636,0.36628398299217224,0.3835165798664093
408,supervised,gradcam,predicted,backbone.layer1,8,8,8,0.013181389309465885,0.09488914161920547,0.05403526546433568
409,supervised,gradcam,predicted,backbone.layer1,2,2,2,-0.04016261547803879,0.42367392778396606,0.19175565615296364
410,supervised,gradcam,predicted,backbone.layer1,7,7,7,-0.04256727546453476,0.0012778202071785927,-0.020644727628678083
411,supervised,gradcam,predicted,backbone.layer1,9,9,9,0.38479867577552795,0.20615696907043457,0.29547782242298126
412,supervised,gradcam,predicted,backbone.layer1,3,3,3,-0.12116988748311996,0.0576329305768013,-0.03176847845315933
413,supervised,gradcam,predicted,backbone.layer1,6,6,6,-0.16791778802871704,0.36792460083961487,0.10000340640544891
414,supervised,gradcam,predicted,backbone.layer1,1,1,1,-0.020078487694263458,0.22380736470222473,0.10186443850398064
415,supervised,gradcam,predicted,backbone.layer1,9,9,9,0.5754991769790649,0.27618470788002014,0.42584194242954254
416,supervised,gradcam,predicted,backbone.layer1,0,0,0,0.1763458251953125,0.41111597418785095,0.2937308996915817
417,supervised,gradcam,predicted,backbone.layer1,7,7,7,-0.12310531735420227,0.03986022621393204,-0.04162254557013512
418,supervised,gradcam,predicted,backbone.layer1,3,3,3,0.12217562645673752,0.4426955282688141,0.2824355773627758
419,supervised,gradcam,predicted,backbone.layer1,7,7,7,0.0,0.0,0.0
420,supervised,gradcam,predicted,backbone.layer1,4,4,4,-0.10366138815879822,0.1405038982629776,0.01842125505208969
421,supervised,gradcam,predicted,backbone.layer1,5,5,5,-0.03840697929263115,0.05260930582880974,0.007101163268089294
422,supervised,gradcam,predicted,backbone.layer1,0,8,8,0.1289779394865036,0.3250962495803833,0.22703709453344345
423,supervised,gradcam,predicted,backbone.layer1,0,0,0,0.1573047786951065,0.38087818026542664,0.26909147948026657
424,supervised,gradcam,predicted,backbone.layer1,2,2,2,0.007145931478589773,0.28925463557243347,0.14820028352551162
425,supervised,gradcam,predicted,backbone.layer1,9,9,9,0.5298886895179749,0.14955705404281616,0.3397228717803955
426,supervised,gradcam,predicted,backbone.layer1,3,6,6,0.2890514135360718,0.49913859367370605,0.3940950036048889
427,supervised,gradcam,predicted,backbone.layer1,4,4,4,0.15649065375328064,0.4228334128856659,0.28966203331947327
428,supervised,gradcam,predicted,backbone.layer1,0,0,0,-0.0673418641090393,0.27952057123184204,0.10608935356140137
429,supervised,gradcam,predicted,backbone.layer1,6,6,6,0.23955440521240234,0.3562820553779602,0.2979182302951813
430,supervised,gradcam,predicted,backbone.layer1,2,4,4,0.356435090303421,0.29378095269203186,0.32510802149772644
431,supervised,gradcam,predicted,backbone.layer1,5,5,5,0.017821524292230606,0.09492238610982895,0.05637195520102978
432,supervised,gradcam,predicted,backbone.layer1,3,3,3,-0.13452006876468658,0.2705334722995758,0.06800670176744461
433,supervised,gradcam,predicted,backbone.layer1,7,3,3,0.12166411429643631,0.1953803449869156,0.15852222964167595
434,supervised,gradcam,predicted,backbone.layer1,3,3,3,-0.06833630055189133,0.2102934718132019,0.07097858563065529
435,supervised,gradcam,predicted,backbone.layer1,7,7,7,-0.08511276543140411,0.0150351757183671,-0.03503879485651851
436,supervised,gradcam,predicted,backbone.layer1,2,2,2,-0.06652852892875671,0.3836825489997864,0.15857701003551483
437,supervised,gradcam,predicted,backbone.layer1,5,5,5,0.2673538625240326,0.1266254335641861,0.19698964804410934
438,supervised,gradcam,predicted,backbone.layer1,3,3,3,-0.11025360971689224,0.038128841668367386,-0.03606238402426243
439,supervised,gradcam,predicted,backbone.layer1,1,9,9,0.5340995788574219,0.2463015615940094,0.39020057022571564
440,supervised,gradcam,predicted,backbone.layer1,1,1,1,0.1830439269542694,0.2804887592792511,0.23176634311676025
441,supervised,gradcam,predicted,backbone.layer1,4,4,4,0.041641611605882645,0.047124456614255905,0.044383034110069275
442,supervised,gradcam,predicted,backbone.layer1,9,9,9,0.39042311906814575,0.23292756080627441,0.3116753399372101
443,supervised,gradcam,predicted,backbone.layer1,9,9,9,0.5623611211776733,0.2842535376548767,0.423307329416275
444,supervised,gradcam,predicted,backbone.layer1,5,5,5,-0.06409470736980438,0.01666206866502762,-0.023716319352388382
445,supervised,gradcam,predicted,backbone.layer1,7,7,7,-0.0706905648112297,0.007691366132348776,-0.031499599339440465
446,supervised,gradcam,predicted,backbone.layer1,5,5,5,0.03936174139380455,0.264384925365448,0.15187333337962627
447,supervised,gradcam,predicted,backbone.layer1,0,0,0,0.26412099599838257,0.5659729242324829,0.41504696011543274
384,supervised,gradcam,predicted,backbone.layer2,2,5,5,-0.006038418505340815,0.19428716599941254,0.09412437374703586
385,supervised,gradcam,predicted,backbone.layer2,8,8,8,0.32740724086761475,0.30021047592163086,0.3138088583946228
386,supervised,gradcam,predicted,backbone.layer2,7,7,7,-0.03755709156394005,0.5294322371482849,0.24593757279217243
387,supervised,gradcam,predicted,backbone.layer2,2,2,2,-0.03417588397860527,0.17375382781028748,0.0697889719158411
388,supervised,gradcam,predicted,backbone.layer2,2,2,2,0.10500320047140121,0.07815994322299957,0.0915815718472004
389,supervised,gradcam,predicted,backbone.layer2,5,5,5,0.03072882629930973,0.3928658664226532,0.21179734636098146
390,supervised,gradcam,predicted,backbone.layer2,1,1,1,0.20036908984184265,0.48099640011787415,0.3406827449798584
391,supervised,gradcam,predicted,backbone.layer2,2,2,2,0.29544660449028015,0.1097596064209938,0.20260310545563698
392,supervised,gradcam,predicted,backbone.layer2,6,6,6,0.12992440164089203,0.49051356315612793,0.31021898239851
393,supervised,gradcam,predicted,backbone.layer2,2,2,2,-0.179005965590477,0.10301081836223602,-0.03799757361412048
394,supervised,gradcam,predicted,backbone.layer2,9,9,9,0.13956356048583984,0.42753979563713074,0.2835516780614853
395,supervised,gradcam,predicted,backbone.layer2,6,6,6,0.03930872306227684,0.4653832018375397,0.25234596244990826
396,supervised,gradcam,predicted,backbone.layer2,2,2,2,-0.05257263034582138,0.30053213238716125,0.12397975102066994
397,supervised,gradcam,predicted,backbone.layer2,3,3,3,-0.14323802292346954,0.34137123823165894,0.0990666076540947
398,supervised,gradcam,predicted,backbone.layer2,0,0,0,0.10489185899496078,0.42541250586509705,0.2651521824300289
399,supervised,gradcam,predicted,backbone.layer2,3,3,3,-0.20489419996738434,0.35286927223205566,0.07398753613233566
400,supervised,gradcam,predicted,backbone.layer2,9,9,9,0.04237804189324379,0.3848201632499695,0.21359910257160664
401,supervised,gradcam,predicted,backbone.layer2,8,1,1,0.060660846531391144,0.45596861839294434,0.25831473246216774
402,supervised,gradcam,predicted,backbone.layer2,7,7,7,-0.0643690675497055,0.4779708683490753,0.2068009003996849
403,supervised,gradcam,predicted,backbone.layer2,8,8,8,0.1957639902830124,0.28026995062828064,0.23801697045564651
404,supervised,gradcam,predicted,backbone.layer2,8,8,8,0.29481396079063416,0.36106371879577637,0.32793883979320526
405,supervised,gradcam,predicted,backbone.layer2,4,6,6,0.42070651054382324,0.4159821569919586,0.41834433376789093
406,supervised,gradcam,predicted,backbone.layer2,0,0,0,-0.39854753017425537,0.3053145110607147,-0.046616509556770325
407,supervised,gradcam,predicted,backbone.layer2,1,1,1,0.19210639595985413,0.4770526587963104,0.3345795273780823
408,supervised,gradcam,predicted,backbone.layer2,8,8,8,0.03284309804439545,0.1597183793783188,0.09628073871135712
409,supervised,gradcam,predicted,backbone.layer2,2,2,2,0.3977883458137512,0.41563284397125244,0.40671059489250183
410,supervised,gradcam,predicted,backbone.layer2,7,7,7,0.12348942458629608,0.40236228704452515,0.2629258558154106
411,supervised,gradcam,predicted,backbone.layer2,9,9,9,0.541217565536499,0.24026387929916382,0.3907407224178314
412,supervised,gradcam,predicted,backbone.layer2,3,3,3,-0.1274217814207077,0.43435537815093994,0.15346679836511612
413,supervised,gradcam,predicted,backbone.layer2,6,6,6,-0.2555866241455078,0.4325753152370453,0.08849434554576874
414,supervised,gradcam,predicted,backbone.layer2,1,1,1,-0.2426995038986206,0.4599812924861908,0.1086408942937851
415,supervised,gradcam,predicted,backbone.layer2,9,9,9,0.2561187744140625,0.38873016834259033,0.3224244713783264
416,supervised,gradcam,predicted,backbone.layer2,0,0,0,0.09036292135715485,0.4173266291618347,0.2538447752594948
417,supervised,gradcam,predicted,backbone.layer2,7,7,7,0.44559720158576965,0.5833687782287598,0.5144829899072647
418,supervised,gradcam,predicted,backbone.layer2,3,3,3,-0.028457023203372955,0.38838160037994385,0.17996228858828545
419,supervised,gradcam,predicted,backbone.layer2,7,7,7,-0.12342160940170288,0.3310915231704712,0.10383495688438416
420,supervised,gradcam,predicted,backbone.layer2,4,4,4,0.4553622007369995,0.22726193070411682,0.34131206572055817
421,supervised,gradcam,predicted,backbone.layer2,5,5,5,0.09326113015413284,0.4772675037384033,0.2852643169462681
422,supervised,gradcam,predicted,backbone.layer2,0,8,8,0.4423575699329376,0.424436092376709,0.4333968311548233
423,supervised,gradcam,predicted,backbone.layer2,0,0,0,0.2555120587348938,0.16823285818099976,0.21187245845794678
424,supervised,gradcam,predicted,backbone.layer2,2,2,2,-0.09210117906332016,0.2587321102619171,0.08331546559929848
425,supervised,gradcam,predicted,backbone.layer2,9,9,9,0.3580266237258911,0.3889121115207672,0.37346936762332916
426,supervised,gradcam,predicted,backbone.layer2,3,6,6,-0.0786362960934639,0.38526013493537903,0.15331191942095757
427,supervised,gradcam,predicted,backbone.layer2,4,4,4,0.3479885458946228,0.2561669647693634,0.3020777553319931
428,supervised,gradcam,predicted,backbone.layer2,0,0,0,-0.07398677617311478,0.3179687261581421,0.12199097499251366
429,supervised,gradcam,predicted,backbone.layer2,6,6,6,0.22559861838817596,0.31235283613204956,0.26897572726011276
430,supervised,gradcam,predicted,backbone.layer2,2,4,4,-0.24910105764865875,0.32651689648628235,0.0387079194188118
431,supervised,gradcam,predicted,backbone.layer2,5,5,5,-0.10025811940431595,0.39966368675231934,0.1497027836740017
432,supervised,gradcam,predicted,backbone.layer2,3,3,3,-0.07847966998815536,0.40438422560691833,0.16295227780938148
433,supervised,gradcam,predicted,backbone.layer2,7,3,3,-0.042677659541368484,0.39305925369262695,0.17519079707562923
434,supervised,gradcam,predicted,backbone.layer2,3,3,3,0.11573801934719086,0.5168272256851196,0.31628262251615524
435,supervised,gradcam,predicted,backbone.layer2,7,7,7,0.34408605098724365,0.5640314221382141,0.4540587365627289
436,supervised,gradcam,predicted,backbone.layer2,2,2,2,0.43867647647857666,0.3910123407840729,0.41484440863132477
437,supervised,gradcam,predicted,backbone.layer2,5,5,5,0.28806716203689575,0.21990416944026947,0.2539856657385826
438,supervised,gradcam,predicted,backbone.layer2,3,3,3,-0.21217086911201477,0.31322941184043884,0.050529271364212036
439,supervised,gradcam,predicted,backbone.layer2,1,9,9,0.1004827693104744,0.3064473867416382,0.2034650780260563
440,supervised,gradcam,predicted,backbone.layer2,1,1,1,0.4006713628768921,0.5309873223304749,0.46582934260368347
441,supervised,gradcam,predicted,backbone.layer2,4,4,4,-0.23283621668815613,0.23571141064167023,0.0014375969767570496
442,supervised,gradcam,predicted,backbone.layer2,9,9,9,0.19833827018737793,0.3586285412311554,0.27848340570926666
443,supervised,gradcam,predicted,backbone.layer2,9,9,9,-0.09335733205080032,0.40690597891807556,0.15677432343363762
444,supervised,gradcam,predicted,backbone.layer2,5,5,5,0.02961437962949276,0.4425491392612457,0.23608175944536924
445,supervised,gradcam,predicted,backbone.layer2,7,7,7,0.07876457273960114,0.4343443810939789,0.25655447691679
446,supervised,gradcam,predicted,backbone.layer2,5,5,5,-0.0013928585685789585,0.3322967290878296,0.16545193525962532
447,supervised,gradcam,predicted,backbone.layer2,0,0,0,0.4329531490802765,0.290327787399292,0.36164046823978424
384,supervised,gradcam,predicted,backbone.layer3,2,5,5,0.7904301285743713,0.43779808282852173,0.6141141057014465
385,supervised,gradcam,predicted,backbone.layer3,8,8,8,0.4428308308124542,0.47546231746673584,0.45914657413959503
386,supervised,gradcam,predicted,backbone.layer3,7,7,7,0.20297826826572418,0.4077877402305603,0.30538300424814224
387,supervised,gradcam,predicted,backbone.layer3,2,2,2,-0.11108768731355667,0.3696204721927643,0.1292663924396038
388,supervised,gradcam,predicted,backbone.layer3,2,2,2,0.12033437192440033,0.4861328601837158,0.3032336160540581
389,supervised,gradcam,predicted,backbone.layer3,5,5,5,0.6593120098114014,0.5006124973297119,0.5799622535705566
390,supervised,gradcam,predicted,backbone.layer3,1,1,1,0.661979615688324,0.4941093623638153,0.5780444890260696
391,supervised,gradcam,predicted,backbone.layer3,2,2,2,0.5776902437210083,0.4768393933773041,0.5272648185491562
392,supervised,gradcam,predicted,backbone.layer3,6,6,6,-0.27649497985839844,0.3937307894229889,0.05861790478229523
393,supervised,gradcam,predicted,backbone.layer3,2,2,2,0.11016219109296799,0.3924163579940796,0.2512892745435238
394,supervised,gradcam,predicted,backbone.layer3,9,9,9,0.4565448462963104,0.40478694438934326,0.43066589534282684
395,supervised,gradcam,predicted,backbone.layer3,6,6,6,0.011300570331513882,0.5020625591278076,0.25668156472966075
396,supervised,gradcam,predicted,backbone.layer3,2,2,2,0.29579225182533264,0.49089133739471436,0.3933417946100235
397,supervised,gradcam,predicted,backbone.layer3,3,3,3,0.33306556940078735,0.36875277757644653,0.35090917348861694
398,supervised,gradcam,predicted,backbone.layer3,0,0,0,0.12795805931091309,0.3078071177005768,0.21788258850574493
399,supervised,gradcam,predicted,backbone.layer3,3,3,3,0.11404967308044434,0.3300548791885376,0.22205227613449097
400,supervised,gradcam,predicted,backbone.layer3,9,9,9,-0.27384787797927856,0.2677403390407562,-0.0030537694692611694
401,supervised,gradcam,predicted,backbone.layer3,8,1,1,0.21736164391040802,0.451515793800354,0.334438718855381
402,supervised,gradcam,predicted,backbone.layer3,7,7,7,-0.15970681607723236,0.330144464969635,0.08521882444620132
403,supervised,gradcam,predicted,backbone.layer3,8,8,8,0.27926400303840637,0.43882957100868225,0.3590467870235443
404,supervised,gradcam,predicted,backbone.layer3,8,8,8,0.5644959211349487,0.6122473478317261,0.5883716344833374
405,supervised,gradcam,predicted,backbone.layer3,4,6,6,-0.1716661900281906,0.47387826442718506,0.15110603719949722
406,supervised,gradcam,predicted,backbone.layer3,0,0,0,0.012761315330862999,0.3654448091983795,0.18910306226462126
407,supervised,gradcam,predicted,backbone.layer3,1,1,1,0.749438464641571,0.4183212220668793,0.5838798433542252
408,supervised,gradcam,predicted,backbone.layer3,8,8,8,0.8073768019676208,0.6671981811523438,0.7372874915599823
409,supervised,gradcam,predicted,backbone.layer3,2,2,2,-0.08133357763290405,0.5617328882217407,0.24019965529441833
410,supervised,gradcam,predicted,backbone.layer3,7,7,7,0.25788289308547974,0.4025357663631439,0.33020932972431183
411,supervised,gradcam,predicted,backbone.layer3,9,9,9,0.6709635257720947,0.42681074142456055,0.5488871335983276
412,supervised,gradcam,predicted,backbone.layer3,3,3,3,0.028515268117189407,0.3113166093826294,0.1699159387499094
413,supervised,gradcam,predicted,backbone.layer3,6,6,6,-0.18621759116649628,0.3412921726703644,0.07753729075193405
414,supervised,gradcam,predicted,backbone.layer3,1,1,1,0.1339344084262848,0.4164363741874695,0.27518539130687714
415,supervised,gradcam,predicted,backbone.layer3,9,9,9,0.4611932337284088,0.43774187564849854,0.4494675546884537
416,supervised,gradcam,predicted,backbone.layer3,0,0,0,-0.1968253254890442,0.25253424048423767,0.02785445749759674
417,supervised,gradcam,predicted,backbone.layer3,7,7,7,0.561562180519104,0.43013742566108704,0.4958498030900955
418,supervised,gradcam,predicted,backbone.layer3,3,3,3,-0.2979205846786499,0.2779098451137543,-0.010005369782447815
419,supervised,gradcam,predicted,backbone.layer3,7,7,7,0.628402829170227,0.397969514131546,0.5131861716508865
420,supervised,gradcam,predicted,backbone.layer3,4,4,4,-0.41829127073287964,0.19954295456409454,-0.10937415808439255
421,supervised,gradcam,predicted,backbone.layer3,5,5,5,0.6724207401275635,0.519746720790863,0.5960837304592133
422,supervised,gradcam,predicted,backbone.layer3,0,8,8,-0.01763681136071682,0.49912676215171814,0.24074497539550066
423,supervised,gradcam,predicted,backbone.layer3,0,0,0,0.515312135219574,0.323567658662796,0.419439896941185
424,supervised,gradcam,predicted,backbone.layer3,2,2,2,0.08057655394077301,0.3150964677333832,0.1978365108370781
425,supervised,gradcam,predicted,backbone.layer3,9,9,9,0.3103454113006592,0.45082977414131165,0.3805875927209854
426,supervised,gradcam,predicted,backbone.layer3,3,6,6,0.1470831036567688,0.47236168384552,0.3097223937511444
427,supervised,gradcam,predicted,backbone.layer3,4,4,4,0.511720597743988,0.3621854782104492,0.43695303797721863
428,supervised,gradcam,predicted,backbone.layer3,0,0,0,-0.1427689790725708,0.28398972749710083,0.07061037421226501
429,supervised,gradcam,predicted,backbone.layer3,6,6,6,0.8624587059020996,0.3814983665943146,0.6219785362482071
430,supervised,gradcam,predicted,backbone.layer3,2,4,4,0.058753423392772675,0.3866979479789734,0.22272568568587303
431,supervised,gradcam,predicted,backbone.layer3,5,5,5,0.5724983811378479,0.48585036396980286,0.5291743725538254
432,supervised,gradcam,predicted,backbone.layer3,3,3,3,0.20877477526664734,0.3104872405529022,0.2596310079097748
433,supervised,gradcam,predicted,backbone.layer3,7,3,3,0.33092665672302246,0.3842916786670685,0.35760916769504547
434,supervised,gradcam,predicted,backbone.layer3,3,3,3,0.4586361348628998,0.4533243477344513,0.45598024129867554
435,supervised,gradcam,predicted,backbone.layer3,7,7,7,-0.1685628741979599,0.338284432888031,0.08486077934503555
436,supervised,gradcam,predicted,backbone.layer3,2,2,2,0.7403446435928345,0.7116550207138062,0.7259998321533203
437,supervised,gradcam,predicted,backbone.layer3,5,5,5,0.8670985698699951,0.43639978766441345,0.6517491787672043
438,supervised,gradcam,predicted,backbone.layer3,3,3,3,0.7797528505325317,0.5867700576782227,0.6832614541053772
439,supervised,gradcam,predicted,backbone.layer3,1,9,9,0.4809745252132416,0.45976442098617554,0.47036947309970856
440,supervised,gradcam,predicted,backbone.layer3,1,1,1,0.6502231359481812,0.4125678837299347,0.5313955098390579
441,supervised,gradcam,predicted,backbone.layer3,4,4,4,0.2818124294281006,0.46759575605392456,0.3747040927410126
442,supervised,gradcam,predicted,backbone.layer3,9,9,9,0.3213771879673004,0.3944360315799713,0.35790660977363586
443,supervised,gradcam,predicted,backbone.layer3,9,9,9,0.3797025978565216,0.3990069329738617,0.38935476541519165
444,supervised,gradcam,predicted,backbone.layer3,5,5,5,0.776485025882721,0.49735772609710693,0.6369213759899139
445,supervised,gradcam,predicted,backbone.layer3,7,7,7,0.601527988910675,0.44730237126350403,0.5244151800870895
446,supervised,gradcam,predicted,backbone.layer3,5,5,5,0.4007236063480377,0.4147700369358063,0.407746821641922
447,supervised,gradcam,predicted,backbone.layer3,0,0,0,0.6828283071517944,0.40427640080451965,0.543552353978157
384,supervised,gradcam,predicted,backbone.layer4,2,5,5,0.7540998458862305,0.6016384363174438,0.6778691411018372
385,supervised,gradcam,predicted,backbone.layer4,8,8,8,0.045956261456012726,0.5242064595222473,0.28508136048913
386,supervised,gradcam,predicted,backbone.layer4,7,7,7,0.3145652413368225,0.6014769077301025,0.4580210745334625
387,supervised,gradcam,predicted,backbone.layer4,2,2,2,0.7934392690658569,0.6591372489929199,0.7262882590293884
388,supervised,gradcam,predicted,backbone.layer4,2,2,2,-0.011843816377222538,0.46249398589134216,0.2253250847570598
389,supervised,gradcam,predicted,backbone.layer4,5,5,5,0.5640355348587036,0.4941432774066925,0.5290894061326981
390,supervised,gradcam,predicted,backbone.layer4,1,1,1,0.3249734342098236,0.5577712059020996,0.4413723200559616
391,supervised,gradcam,predicted,backbone.layer4,2,2,2,0.534465491771698,0.5564050674438477,0.5454352796077728
392,supervised,gradcam,predicted,backbone.layer4,6,6,6,0.3403703272342682,0.5599589943885803,0.45016466081142426
393,supervised,gradcam,predicted,backbone.layer4,2,2,2,0.349999338388443,0.49459367990493774,0.42229650914669037
394,supervised,gradcam,predicted,backbone.layer4,9,9,9,-0.044594500213861465,0.515545129776001,0.23547531478106976
395,supervised,gradcam,predicted,backbone.layer4,6,6,6,0.19656063616275787,0.5660501718521118,0.38130540400743484
396,supervised,gradcam,predicted,backbone.layer4,2,2,2,0.4667487144470215,0.4304640293121338,0.44860637187957764
397,supervised,gradcam,predicted,backbone.layer4,3,3,3,0.39851367473602295,0.49816757440567017,0.44834062457084656
398,supervised,gradcam,predicted,backbone.layer4,0,0,0,0.14180538058280945,0.5758292078971863,0.35881729423999786
399,supervised,gradcam,predicted,backbone.layer4,3,3,3,0.35362502932548523,0.5066144466400146,0.43011973798274994
400,supervised,gradcam,predicted,backbone.layer4,9,9,9,0.19536420702934265,0.5347067713737488,0.3650354892015457
401,supervised,gradcam,predicted,backbone.layer4,8,1,1,0.22611156105995178,0.4601682126522064,0.3431398868560791
402,supervised,gradcam,predicted,backbone.layer4,7,7,7,0.18456338346004486,0.5149255990982056,0.3497444912791252
403,supervised,gradcam,predicted,backbone.layer4,8,8,8,0.5322912931442261,0.664361834526062,0.598326563835144
404,supervised,gradcam,predicted,backbone.layer4,8,8,8,0.386375367641449,0.5722417235374451,0.479308545589447
405,supervised,gradcam,predicted,backbone.layer4,4,6,6,0.2717263996601105,0.47660595178604126,0.37416617572307587
406,supervised,gradcam,predicted,backbone.layer4,0,0,0,0.4381140172481537,0.6315747499465942,0.534844383597374
407,supervised,gradcam,predicted,backbone.layer4,1,1,1,0.29891279339790344,0.5124099850654602,0.4056613892316818
408,supervised,gradcam,predicted,backbone.layer4,8,8,8,0.6246972680091858,0.5419648289680481,0.5833310484886169
409,supervised,gradcam,predicted,backbone.layer4,2,2,2,-0.5409852862358093,0.4185425937175751,-0.061221346259117126
410,supervised,gradcam,predicted,backbone.layer4,7,7,7,0.06725851446390152,0.5456946492195129,0.30647658184170723
411,supervised,gradcam,predicted,backbone.layer4,9,9,9,0.4662574529647827,0.6164725422859192,0.541364997625351
412,supervised,gradcam,predicted,backbone.layer4,3,3,3,0.14389652013778687,0.43768325448036194,0.2907898873090744
413,supervised,gradcam,predicted,backbone.layer4,6,6,6,0.5368725061416626,0.6065702438354492,0.5717213749885559
414,supervised,gradcam,predicted,backbone.layer4,1,1,1,0.4298361837863922,0.600833535194397,0.5153348594903946
415,supervised,gradcam,predicted,backbone.layer4,9,9,9,0.13522101938724518,0.5355859994888306,0.3354035094380379
416,supervised,gradcam,predicted,backbone.layer4,0,0,0,0.20379500091075897,0.5774726271629333,0.39063381403684616
417,supervised,gradcam,predicted,backbone.layer4,7,7,7,0.5283476114273071,0.6068094372749329,0.56757852435112
418,supervised,gradcam,predicted,backbone.layer4,3,3,3,0.16201306879520416,0.5047701597213745,0.33339161425828934
419,supervised,gradcam,predicted,backbone.layer4,7,7,7,0.6265784502029419,0.6733599901199341,0.649969220161438
420,supervised,gradcam,predicted,backbone.layer4,4,4,4,0.4893004596233368,0.6287860870361328,0.5590432733297348
421,supervised,gradcam,predicted,backbone.layer4,5,5,5,0.5253931879997253,0.5458338260650635,0.5356135070323944
422,supervised,gradcam,predicted,backbone.layer4,0,8,8,0.3605400621891022,0.6492594480514526,0.5048997551202774
423,supervised,gradcam,predicted,backbone.layer4,0,0,0,0.48516374826431274,0.5271673798561096,0.5061655640602112
424,supervised,gradcam,predicted,backbone.layer4,2,2,2,0.5903452634811401,0.5932155251502991,0.5917803943157196
425,supervised,gradcam,predicted,backbone.layer4,9,9,9,0.062130291014909744,0.4850304424762726,0.27358036674559116
426,supervised,gradcam,predicted,backbone.layer4,3,6,6,-0.4303590953350067,0.45128360390663147,0.010462254285812378
427,supervised,gradcam,predicted,backbone.layer4,4,4,4,-0.1265944093465805,0.36026957631111145,0.11683758348226547
428,supervised,gradcam,predicted,backbone.layer4,0,0,0,0.0482303686439991,0.5891668200492859,0.3186985943466425
429,supervised,gradcam,predicted,backbone.layer4,6,6,6,0.5693477988243103,0.5381697416305542,0.5537587702274323
430,supervised,gradcam,predicted,backbone.layer4,2,4,4,0.38771533966064453,0.5781919360160828,0.48295363783836365
431,supervised,gradcam,predicted,backbone.layer4,5,5,5,-0.008905153721570969,0.49639660120010376,0.2437457237392664
432,supervised,gradcam,predicted,backbone.layer4,3,3,3,0.48384732007980347,0.5970734357833862,0.5404603779315948
433,supervised,gradcam,predicted,backbone.layer4,7,3,3,0.4049721360206604,0.49299803376197815,0.4489850848913193
434,supervised,gradcam,predicted,backbone.layer4,3,3,3,0.23700717091560364,0.5488333106040955,0.39292024075984955
435,supervised,gradcam,predicted,backbone.layer4,7,7,7,-0.10635502636432648,0.5591127276420593,0.22637885063886642
436,supervised,gradcam,predicted,backbone.layer4,2,2,2,0.4142339527606964,0.5610722303390503,0.48765309154987335
437,supervised,gradcam,predicted,backbone.layer4,5,5,5,0.7371392846107483,0.6454341411590576,0.691286712884903
438,supervised,gradcam,predicted,backbone.layer4,3,3,3,0.5099817514419556,0.5173913836479187,0.5136865675449371
439,supervised,gradcam,predicted,backbone.layer4,1,9,9,0.39941084384918213,0.5614062547683716,0.48040854930877686
440,supervised,gradcam,predicted,backbone.layer4,1,1,1,0.37612950801849365,0.5875236988067627,0.4818266034126282
441,supervised,gradcam,predicted,backbone.layer4,4,4,4,0.2793522775173187,0.5974687337875366,0.4384105056524277
442,supervised,gradcam,predicted,backbone.layer4,9,9,9,0.14263124763965607,0.5391600131988525,0.3408956304192543
443,supervised,gradcam,predicted,backbone.layer4,9,9,9,0.22932885587215424,0.4898408353328705,0.35958484560251236
444,supervised,gradcam,predicted,backbone.layer4,5,5,5,0.5653034448623657,0.5338993668556213,0.5496014058589935
445,supervised,gradcam,predicted,backbone.layer4,7,7,7,0.19959542155265808,0.48080846667289734,0.3402019441127777
446,supervised,gradcam,predicted,backbone.layer4,5,5,5,0.5781291127204895,0.6174826622009277,0.5978058874607086
447,supervised,gradcam,predicted,backbone.layer4,0,0,0,0.658024251461029,0.6502206921577454,0.6541224718093872
448,supervised,gradcam,predicted,backbone.layer1,2,2,2,-0.12761622667312622,0.2189195305109024,0.04565165191888809
449,supervised,gradcam,predicted,backbone.layer1,2,2,2,-0.17395351827144623,0.43275097012519836,0.12939872592687607
450,supervised,gradcam,predicted,backbone.layer1,2,2,2,-0.0712711438536644,0.38350459933280945,0.15611672773957253
451,supervised,gradcam,predicted,backbone.layer1,9,9,9,0.5122929811477661,0.15260887145996094,0.3324509263038635
452,supervised,gradcam,predicted,backbone.layer1,7,7,7,0.06697085499763489,0.012150678783655167,0.03956076689064503
453,supervised,gradcam,predicted,backbone.layer1,3,3,3,0.18126174807548523,0.29097214341163635,0.2361169457435608
454,supervised,gradcam,predicted,backbone.layer1,9,9,9,0.1657131016254425,0.19657965004444122,0.18114637583494186
455,supervised,gradcam,predicted,backbone.layer1,4,4,4,-0.19750593602657318,0.30855244398117065,0.05552325397729874
456,supervised,gradcam,predicted,backbone.layer1,3,3,3,-0.05911605432629585,0.40386658906936646,0.1723752673715353
457,supervised,gradcam,predicted,backbone.layer1,5,5,5,-0.01608559675514698,0.10897496342658997,0.04644468333572149
458,supervised,gradcam,predicted,backbone.layer1,4,4,4,0.26922711730003357,0.27195778489112854,0.27059245109558105
459,supervised,gradcam,predicted,backbone.layer1,6,6,6,0.2559751272201538,0.28428760170936584,0.2701313644647598
460,supervised,gradcam,predicted,backbone.layer1,5,5,5,0.20733164250850677,0.05370195955038071,0.13051680102944374
461,supervised,gradcam,predicted,backbone.layer1,6,6,6,0.23642326891422272,0.4994611442089081,0.3679422065615654
462,supervised,gradcam,predicted,backbone.layer1,1,1,1,-0.12048693001270294,0.26188597083091736,0.07069952040910721
463,supervised,gradcam,predicted,backbone.layer1,4,4,4,0.27289554476737976,0.4627394378185272,0.3678174912929535
464,supervised,gradcam,predicted,backbone.layer1,3,3,3,-0.1739025115966797,0.18036381900310516,0.003230653703212738
465,supervised,gradcam,predicted,backbone.layer1,4,4,4,-0.10705322027206421,0.04937772825360298,-0.028837746009230614
466,supervised,gradcam,predicted,backbone.layer1,4,4,4,0.205640971660614,0.3330308794975281,0.26933592557907104
467,supervised,gradcam,predicted,backbone.layer1,3,3,3,-0.08367820829153061,0.2026234269142151,0.05947260931134224
468,supervised,gradcam,predicted,backbone.layer1,7,7,7,0.0074201300740242004,0.007718780543655157,0.007569455308839679
469,supervised,gradcam,predicted,backbone.layer1,8,8,8,0.24987231194972992,0.45213812589645386,0.3510052189230919
470,supervised,gradcam,predicted,backbone.layer1,3,4,4,0.16475331783294678,0.4767437279224396,0.3207485228776932
471,supervised,gradcam,predicted,backbone.layer1,7,7,7,-0.017022399231791496,0.0005685504875145853,-0.008226924372138456
472,supervised,gradcam,predicted,backbone.layer1,8,8,8,-0.07023768126964569,0.053472474217414856,-0.008382603526115417
473,supervised,gradcam,predicted,backbone.layer1,0,0,0,0.1182536706328392,0.22436976432800293,0.17131171748042107
474,supervised,gradcam,predicted,backbone.layer1,5,5,5,-0.028884639963507652,0.1641603410243988,0.06763785053044558
475,supervised,gradcam,predicted,backbone.layer1,7,7,7,-0.09502078592777252,0.07147860527038574,-0.01177109032869339
476,supervised,gradcam,predicted,backbone.layer1,6,6,6,0.12127316743135452,0.4779605567455292,0.29961686208844185
477,supervised,gradcam,predicted,backbone.layer1,0,0,0,0.056481845676898956,0.3909127712249756,0.22369730845093727
478,supervised,gradcam,predicted,backbone.layer1,5,3,3,-0.026055958122015,0.16744057834148407,0.07069231010973454
479,supervised,gradcam,predicted,backbone.layer1,4,4,4,0.16948483884334564,0.43998101353645325,0.30473292618989944
480,supervised,gradcam,predicted,backbone.layer1,8,8,8,0.0051393527537584305,0.16537730395793915,0.08525832835584879
481,supervised,gradcam,predicted,backbone.layer1,6,6,6,0.21617266535758972,0.49675485491752625,0.356463760137558
482,supervised,gradcam,predicted,backbone.layer1,8,8,8,0.2671104669570923,0.11058380454778671,0.1888471357524395
483,supervised,gradcam,predicted,backbone.layer1,5,5,5,-0.06956643611192703,0.01969805173575878,-0.024934192188084126
484,supervised,gradcam,predicted,backbone.layer1,5,5,5,-0.04955430328845978,0.08469398319721222,0.01756983995437622
485,supervised,gradcam,predicted,backbone.layer1,9,9,9,0.20929400622844696,0.24169421195983887,0.2254941090941429
486,supervised,gradcam,predicted,backbone.layer1,9,9,9,0.447935551404953,0.3325575888156891,0.39024657011032104
487,supervised,gradcam,predicted,backbone.layer1,9,9,9,-0.055644161999225616,0.15084713697433472,0.04760148748755455
488,supervised,gradcam,predicted,backbone.layer1,5,4,4,0.1859559714794159,0.509514331817627,0.3477351516485214
489,supervised,gradcam,predicted,backbone.layer1,0,0,0,-0.08581884950399399,0.3103209435939789,0.11225104704499245
490,supervised,gradcam,predicted,backbone.layer1,1,1,1,0.17402353882789612,0.3859374225139618,0.27998048067092896
491,supervised,gradcam,predicted,backbone.layer1,0,0,0,0.05443468689918518,0.38375750184059143,0.2190960943698883
492,supervised,gradcam,predicted,backbone.layer1,8,8,8,0.03794008493423462,0.1302635371685028,0.08410181105136871
493,supervised,gradcam,predicted,backbone.layer1,1,1,1,0.165066197514534,0.25952786207199097,0.21229702979326248
494,supervised,gradcam,predicted,backbone.layer1,1,1,1,0.40718281269073486,0.15454785525798798,0.2808653339743614
495,supervised,gradcam,predicted,backbone.layer1,8,8,8,0.49338802695274353,0.09763308614492416,0.29551055654883385
496,supervised,gradcam,predicted,backbone.layer1,0,0,0,-0.006998089142143726,0.10303908586502075,0.04802049836143851
497,supervised,gradcam,predicted,backbone.layer1,2,2,2,0.2135067731142044,0.26608961820602417,0.2397981956601143
498,supervised,gradcam,predicted,backbone.layer1,2,2,2,-0.03857393190264702,0.2856482267379761,0.12353714741766453
499,supervised,gradcam,predicted,backbone.layer1,0,0,0,0.22008618712425232,0.06527683138847351,0.14268150925636292
500,supervised,gradcam,predicted,backbone.layer1,4,4,4,0.0,0.0,0.0
501,supervised,gradcam,predicted,backbone.layer1,6,6,6,-0.052071042358875275,0.4350874125957489,0.1915081851184368
502,supervised,gradcam,predicted,backbone.layer1,5,5,5,0.036214787513017654,0.02372005023062229,0.029967418871819973
503,supervised,gradcam,predicted,backbone.layer1,4,4,4,0.21618683636188507,0.5296191573143005,0.3729029968380928
504,supervised,gradcam,predicted,backbone.layer1,9,9,9,0.4026537537574768,0.1766456663608551,0.28964971005916595
505,supervised,gradcam,predicted,backbone.layer1,4,4,4,0.1991734355688095,0.3050518035888672,0.25211261957883835
506,supervised,gradcam,predicted,backbone.layer1,7,7,7,0.0,0.0,0.0
507,supervised,gradcam,predicted,backbone.layer1,9,9,9,0.25306859612464905,0.17191682755947113,0.2124927118420601
508,supervised,gradcam,predicted,backbone.layer1,9,1,1,0.18804076313972473,0.2886611223220825,0.23835094273090363
509,supervised,gradcam,predicted,backbone.layer1,4,4,4,-0.05172082409262657,0.08885929733514786,0.018569236621260643
510,supervised,gradcam,predicted,backbone.layer1,5,5,5,0.0641619935631752,0.0052200243808329105,0.034691008972004056
511,supervised,gradcam,predicted,backbone.layer1,6,6,6,0.13813622295856476,0.4756756126880646,0.30690591782331467
448,supervised,gradcam,predicted,backbone.layer2,2,2,2,0.41791248321533203,0.27266204357147217,0.3452872633934021
449,supervised,gradcam,predicted,backbone.layer2,2,2,2,0.25318849086761475,0.5306673645973206,0.39192792773246765
450,supervised,gradcam,predicted,backbone.layer2,2,2,2,0.043258991092443466,0.3760738968849182,0.20966644398868084
451,supervised,gradcam,predicted,backbone.layer2,9,9,9,-0.1241057738661766,0.331211119890213,0.1035526730120182
452,supervised,gradcam,predicted,backbone.layer2,7,7,7,0.09436286240816116,0.47078028321266174,0.28257157281041145
453,supervised,gradcam,predicted,backbone.layer2,3,3,3,0.050791170448064804,0.37227797508239746,0.21153457276523113
454,supervised,gradcam,predicted,backbone.layer2,9,9,9,0.3776797354221344,0.20233629643917084,0.2900080159306526
455,supervised,gradcam,predicted,backbone.layer2,4,4,4,-0.147988960146904,0.20437675714492798,0.028193898499011993
456,supervised,gradcam,predicted,backbone.layer2,3,3,3,0.25496146082878113,0.5190445184707642,0.38700298964977264
457,supervised,gradcam,predicted,backbone.layer2,5,5,5,-0.14108934998512268,0.2981250286102295,0.0785178393125534
458,supervised,gradcam,predicted,backbone.layer2,4,4,4,-0.06108342111110687,0.34090158343315125,0.1399090811610222
459,supervised,gradcam,predicted,backbone.layer2,6,6,6,0.09794236719608307,0.20258213579654694,0.150262251496315
460,supervised,gradcam,predicted,backbone.layer2,5,5,5,-0.02925887331366539,0.24215641617774963,0.10644877143204212
461,supervised,gradcam,predicted,backbone.layer2,6,6,6,-0.17961318790912628,0.3939450681209564,0.10716594010591507
462,supervised,gradcam,predicted,backbone.layer2,1,1,1,0.31969165802001953,0.5647608041763306,0.44222623109817505
463,supervised,gradcam,predicted,backbone.layer2,4,4,4,-0.20229801535606384,0.2878998816013336,0.04280093312263489
464,supervised,gradcam,predicted,backbone.layer2,3,3,3,-0.2264370620250702,0.13226138055324554,-0.04708784073591232
465,supervised,gradcam,predicted,backbone.layer2,4,4,4,0.05147871747612953,0.1410551518201828,0.09626693464815617
466,supervised,gradcam,predicted,backbone.layer2,4,4,4,-0.08729702979326248,0.06673026084899902,-0.010283384472131729
467,supervised,gradcam,predicted,backbone.layer2,3,3,3,-0.20172835886478424,0.3357482850551605,0.06700996309518814
468,supervised,gradcam,predicted,backbone.layer2,7,7,7,-0.02379976399242878,0.3184305727481842,0.1473154043778777
469,supervised,gradcam,predicted,backbone.layer2,8,8,8,-0.22084727883338928,0.23466533422470093,0.006909027695655823
470,supervised,gradcam,predicted,backbone.layer2,3,4,4,-0.10258018970489502,0.19318757951259613,0.045303694903850555
471,supervised,gradcam,predicted,backbone.layer2,7,7,7,0.336986780166626,0.5924957394599915,0.4647412598133087
472,supervised,gradcam,predicted,backbone.layer2,8,8,8,0.27128952741622925,0.32526543736457825,0.29827748239040375
473,supervised,gradcam,predicted,backbone.layer2,0,0,0,0.03853796795010567,0.21679186820983887,0.12766491807997227
474,supervised,gradcam,predicted,backbone.layer2,5,5,5,-0.04682993143796921,0.27437612414360046,0.11377309635281563
475,supervised,gradcam,predicted,backbone.layer2,7,7,7,0.4919698238372803,0.5829809904098511,0.5374754071235657
476,supervised,gradcam,predicted,backbone.layer2,6,6,6,0.20734860002994537,0.42625951766967773,0.31680405884981155
477,supervised,gradcam,predicted,backbone.layer2,0,0,0,-0.0281580351293087,0.4065837562084198,0.18921286053955555
478,supervised,gradcam,predicted,backbone.layer2,5,3,3,-0.30802789330482483,0.37165939807891846,0.031815752387046814
479,supervised,gradcam,predicted,backbone.layer2,4,4,4,-0.17792144417762756,0.2589290142059326,0.04050378501415253
480,supervised,gradcam,predicted,backbone.layer2,8,8,8,0.020972484722733498,0.31638798117637634,0.16868023294955492
481,supervised,gradcam,predicted,backbone.layer2,6,6,6,0.37975841760635376,0.5207872986793518,0.4502728581428528
482,supervised,gradcam,predicted,backbone.layer2,8,8,8,0.6488985419273376,0.35772469639778137,0.5033116191625595
483,supervised,gradcam,predicted,backbone.layer2,5,5,5,-0.28180646896362305,0.3166850507259369,0.01743929088115692
484,supervised,gradcam,predicted,backbone.layer2,5,5,5,-0.19821754097938538,0.2656362056732178,0.0337093323469162
485,supervised,gradcam,predicted,backbone.layer2,9,9,9,0.11163567006587982,0.24768027663230896,0.1796579733490944
486,supervised,gradcam,predicted,backbone.layer2,9,9,9,0.06235163286328316,0.3339710533618927,0.19816134311258793
487,supervised,gradcam,predicted,backbone.layer2,9,9,9,-0.035934481769800186,0.4200211465358734,0.1920433323830366
488,supervised,gradcam,predicted,backbone.layer2,5,4,4,-0.024302566424012184,0.3195245862007141,0.14761100988835096
489,supervised,gradcam,predicted,backbone.layer2,0,0,0,0.011102268472313881,0.4647054374217987,0.2379038529470563
490,supervised,gradcam,predicted,backbone.layer2,1,1,1,0.2331184446811676,0.458719402551651,0.3459189236164093
491,supervised,gradcam,predicted,backbone.layer2,0,0,0,0.36705440282821655,0.43404993414878845,0.4005521684885025
492,supervised,gradcam,predicted,backbone.layer2,8,8,8,0.09246835857629776,0.2930125892162323,0.19274047389626503
493,supervised,gradcam,predicted,backbone.layer2,1,1,1,-0.014918680302798748,0.4042280614376068,0.19465469056740403
494,supervised,gradcam,predicted,backbone.layer2,1,1,1,-0.11752798408269882,0.4010345935821533,0.14175330474972725
495,supervised,gradcam,predicted,backbone.layer2,8,8,8,0.45091819763183594,0.20979414880275726,0.3303561732172966
496,supervised,gradcam,predicted,backbone.layer2,0,0,0,-0.15611624717712402,0.2690556049346924,0.05646967887878418
497,supervised,gradcam,predicted,backbone.layer2,2,2,2,-0.03504032641649246,0.18253818154335022,0.07374892756342888
498,supervised,gradcam,predicted,backbone.layer2,2,2,2,-0.13303250074386597,0.3610187768936157,0.11399313807487488
499,supervised,gradcam,predicted,backbone.layer2,0,0,0,0.06692991405725479,0.07336780428886414,0.07014885917305946
500,supervised,gradcam,predicted,backbone.layer2,4,4,4,-0.07139453291893005,0.21319063007831573,0.07089804857969284
501,supervised,gradcam,predicted,backbone.layer2,6,6,6,-0.35973623394966125,0.37120941281318665,0.005736589431762695
502,supervised,gradcam,predicted,backbone.layer2,5,5,5,-0.050589390099048615,0.3278617262840271,0.13863616809248924
503,supervised,gradcam,predicted,backbone.layer2,4,4,4,0.14459237456321716,0.36415839195251465,0.2543753832578659
504,supervised,gradcam,predicted,backbone.layer2,9,9,9,-0.12162638455629349,0.28413039445877075,0.08125200495123863
505,supervised,gradcam,predicted,backbone.layer2,4,4,4,-0.22242943942546844,0.1869163066148758,-0.017756566405296326
506,supervised,gradcam,predicted,backbone.layer2,7,7,7,0.3710974156856537,0.5261574983596802,0.44862745702266693
507,supervised,gradcam,predicted,backbone.layer2,9,9,9,0.20269320905208588,0.2868921756744385,0.24479269236326218
508,supervised,gradcam,predicted,backbone.layer2,9,1,1,-0.23219241201877594,0.49934375286102295,0.1335756704211235
509,supervised,gradcam,predicted,backbone.layer2,4,4,4,-0.04749561473727226,0.369003564119339,0.16075397469103336
510,supervised,gradcam,predicted,backbone.layer2,5,5,5,0.44302883744239807,0.41319653391838074,0.4281126856803894
511,supervised,gradcam,predicted,backbone.layer2,6,6,6,-0.09076959639787674,0.4513910114765167,0.18031070753932
448,supervised,gradcam,predicted,backbone.layer3,2,2,2,0.5076414346694946,0.5999837517738342,0.5538125932216644
449,supervised,gradcam,predicted,backbone.layer3,2,2,2,-0.2681025564670563,0.45061150193214417,0.09125447273254395
450,supervised,gradcam,predicted,backbone.layer3,2,2,2,0.43761926889419556,0.48565375804901123,0.4616365134716034
451,supervised,gradcam,predicted,backbone.layer3,9,9,9,0.08898810297250748,0.39966055750846863,0.24432433024048805
452,supervised,gradcam,predicted,backbone.layer3,7,7,7,0.00444012600928545,0.28615355491638184,0.14529684046283364
453,supervised,gradcam,predicted,backbone.layer3,3,3,3,0.2993437945842743,0.37047553062438965,0.33490966260433197
454,supervised,gradcam,predicted,backbone.layer3,9,9,9,0.4732006788253784,0.38578104972839355,0.429490864276886
455,supervised,gradcam,predicted,backbone.layer3,4,4,4,-0.05449835956096649,0.37091678380966187,0.1582092121243477
456,supervised,gradcam,predicted,backbone.layer3,3,3,3,0.6214398145675659,0.3958743214607239,0.5086570680141449
457,supervised,gradcam,predicted,backbone.layer3,5,5,5,0.1991690844297409,0.47926056385040283,0.33921482414007187
458,supervised,gradcam,predicted,backbone.layer3,4,4,4,0.3855215609073639,0.40156733989715576,0.3935444504022598
459,supervised,gradcam,predicted,backbone.layer3,6,6,6,0.5724624991416931,0.2805401384830475,0.4265013188123703
460,supervised,gradcam,predicted,backbone.layer3,5,5,5,0.7958180904388428,0.4960618019104004,0.6459399461746216
461,supervised,gradcam,predicted,backbone.layer3,6,6,6,0.12928441166877747,0.516943633556366,0.3231140226125717
462,supervised,gradcam,predicted,backbone.layer3,1,1,1,0.5769928097724915,0.4499345123767853,0.5134636610746384
463,supervised,gradcam,predicted,backbone.layer3,4,4,4,-0.01199315581470728,0.2351531982421875,0.11158002121374011
464,supervised,gradcam,predicted,backbone.layer3,3,3,3,0.08537368476390839,0.27733495831489563,0.181354321539402
465,supervised,gradcam,predicted,backbone.layer3,4,4,4,0.4159665107727051,0.44648200273513794,0.4312242567539215
466,supervised,gradcam,predicted,backbone.layer3,4,4,4,0.36488187313079834,0.45627254247665405,0.4105772078037262
467,supervised,gradcam,predicted,backbone.layer3,3,3,3,0.5866446495056152,0.37087172269821167,0.47875818610191345
468,supervised,gradcam,predicted,backbone.layer3,7,7,7,0.6787440776824951,0.44519510865211487,0.561969593167305
469,supervised,gradcam,predicted,backbone.layer3,8,8,8,0.4503912329673767,0.5380647778511047,0.4942280054092407
470,supervised,gradcam,predicted,backbone.layer3,3,4,4,0.06940113008022308,0.29746338725090027,0.18343225866556168
471,supervised,gradcam,predicted,backbone.layer3,7,7,7,0.5603470206260681,0.4616988003253937,0.5110229104757309
472,supervised,gradcam,predicted,backbone.layer3,8,8,8,0.5899167656898499,0.5713117122650146,0.5806142389774323
473,supervised,gradcam,predicted,backbone.layer3,0,0,0,0.003509581321850419,0.18711768090724945,0.09531363111454993
474,supervised,gradcam,predicted,backbone.layer3,5,5,5,0.505780041217804,0.5326697826385498,0.5192249119281769
475,supervised,gradcam,predicted,backbone.layer3,7,7,7,0.2264912873506546,0.31705379486083984,0.2717725411057472
476,supervised,gradcam,predicted,backbone.layer3,6,6,6,-0.2760603725910187,0.4118911623954773,0.06791539490222931
477,supervised,gradcam,predicted,backbone.layer3,0,0,0,0.17367279529571533,0.39097753167152405,0.2823251634836197
478,supervised,gradcam,predicted,backbone.layer3,5,3,3,-0.1612216979265213,0.2908303439617157,0.0648043230175972
479,supervised,gradcam,predicted,backbone.layer3,4,4,4,0.42612314224243164,0.37848785519599915,0.4023054987192154
480,supervised,gradcam,predicted,backbone.layer3,8,8,8,-0.09849157184362411,0.3636936843395233,0.1326010562479496
481,supervised,gradcam,predicted,backbone.layer3,6,6,6,-0.24014028906822205,0.43358156085014343,0.0967206358909607
482,supervised,gradcam,predicted,backbone.layer3,8,8,8,0.680321991443634,0.5643383860588074,0.6223301887512207
483,supervised,gradcam,predicted,backbone.layer3,5,5,5,0.2592272460460663,0.37777143716812134,0.3184993416070938
484,supervised,gradcam,predicted,backbone.layer3,5,5,5,0.07740192115306854,0.44533926248550415,0.26137059181928635
485,supervised,gradcam,predicted,backbone.layer3,9,9,9,0.6715962886810303,0.3352234959602356,0.5034098923206329
486,supervised,gradcam,predicted,backbone.layer3,9,9,9,0.27502721548080444,0.44145163893699646,0.35823942720890045
487,supervised,gradcam,predicted,backbone.layer3,9,9,9,0.17580798268318176,0.426737517118454,0.30127274990081787
488,supervised,gradcam,predicted,backbone.layer3,5,4,4,0.19168652594089508,0.3957318663597107,0.2937091961503029
489,supervised,gradcam,predicted,backbone.layer3,0,0,0,0.6168742775917053,0.410629004240036,0.5137516409158707
490,supervised,gradcam,predicted,backbone.layer3,1,1,1,0.4033687710762024,0.3578544855117798,0.3806116282939911
491,supervised,gradcam,predicted,backbone.layer3,0,0,0,-0.17176996171474457,0.24552495777606964,0.03687749803066254
492,supervised,gradcam,predicted,backbone.layer3,8,8,8,0.452999472618103,0.45957502722740173,0.4562872499227524
493,supervised,gradcam,predicted,backbone.layer3,1,1,1,0.8010321855545044,0.45499351620674133,0.6280128508806229
494,supervised,gradcam,predicted,backbone.layer3,1,1,1,0.1669432371854782,0.4070480167865753,0.28699562698602676
495,supervised,gradcam,predicted,backbone.layer3,8,8,8,0.5925582051277161,0.5237858891487122,0.5581720471382141
496,supervised,gradcam,predicted,backbone.layer3,0,0,0,0.41586488485336304,0.3292849659919739,0.37257492542266846
497,supervised,gradcam,predicted,backbone.layer3,2,2,2,-0.27303192019462585,0.525000810623169,0.12598444521427155
498,supervised,gradcam,predicted,backbone.layer3,2,2,2,0.6810312271118164,0.5779933929443359,0.6295123100280762
499,supervised,gradcam,predicted,backbone.layer3,0,0,0,0.8561888933181763,0.3028586208820343,0.5795237571001053
500,supervised,gradcam,predicted,backbone.layer3,4,4,4,0.7386276125907898,0.5312819480895996,0.6349547803401947
501,supervised,gradcam,predicted,backbone.layer3,6,6,6,0.11136022210121155,0.5142037868499756,0.31278200447559357
502,supervised,gradcam,predicted,backbone.layer3,5,5,5,0.31026387214660645,0.40684500336647034,0.3585544377565384
503,supervised,gradcam,predicted,backbone.layer3,4,4,4,0.7203550934791565,0.5974537134170532,0.6589044034481049
504,supervised,gradcam,predicted,backbone.layer3,9,9,9,-0.06062096357345581,0.360543429851532,0.14996123313903809
505,supervised,gradcam,predicted,backbone.layer3,4,4,4,0.7506633996963501,0.4917287826538086,0.6211960911750793
506,supervised,gradcam,predicted,backbone.layer3,7,7,7,0.6305327415466309,0.4535588026046753,0.5420457720756531
507,supervised,gradcam,predicted,backbone.layer3,9,9,9,0.28258392214775085,0.42001405358314514,0.351298987865448
508,supervised,gradcam,predicted,backbone.layer3,9,1,1,0.7097617387771606,0.3618517816066742,0.5358067601919174
509,supervised,gradcam,predicted,backbone.layer3,4,4,4,0.8104026913642883,0.5864881277084351,0.6984454095363617
510,supervised,gradcam,predicted,backbone.layer3,5,5,5,0.6960999369621277,0.5090303421020508,0.6025651395320892
511,supervised,gradcam,predicted,backbone.layer3,6,6,6,-0.47136586904525757,0.34437641501426697,-0.0634947270154953
448,supervised,gradcam,predicted,backbone.layer4,2,2,2,0.3183741271495819,0.5993391871452332,0.45885665714740753
449,supervised,gradcam,predicted,backbone.layer4,2,2,2,0.47646811604499817,0.5601929426193237,0.518330529332161
450,supervised,gradcam,predicted,backbone.layer4,2,2,2,0.2881927788257599,0.41176941990852356,0.3499810993671417
451,supervised,gradcam,predicted,backbone.layer4,9,9,9,0.13002027571201324,0.5545617341995239,0.3422910049557686
452,supervised,gradcam,predicted,backbone.layer4,7,7,7,0.45210692286491394,0.6002527475357056,0.5261798352003098
453,supervised,gradcam,predicted,backbone.layer4,3,3,3,0.4624815881252289,0.6160885691642761,0.5392850786447525
454,supervised,gradcam,predicted,backbone.layer4,9,9,9,0.056108616292476654,0.48651331663131714,0.2713109664618969
455,supervised,gradcam,predicted,backbone.layer4,4,4,4,0.25849229097366333,0.5689077377319336,0.41370001435279846
456,supervised,gradcam,predicted,backbone.layer4,3,3,3,0.6081709861755371,0.6039169430732727,0.6060439646244049
457,supervised,gradcam,predicted,backbone.layer4,5,5,5,0.4942759871482849,0.5589014887809753,0.5265887379646301
458,supervised,gradcam,predicted,backbone.layer4,4,4,4,0.3476047217845917,0.533267080783844,0.44043590128421783
459,supervised,gradcam,predicted,backbone.layer4,6,6,6,0.5981543660163879,0.5857141017913818,0.5919342339038849
460,supervised,gradcam,predicted,backbone.layer4,5,5,5,0.5349119305610657,0.522663414478302,0.5287876725196838
461,supervised,gradcam,predicted,backbone.layer4,6,6,6,0.36467018723487854,0.6040564179420471,0.48436330258846283
462,supervised,gradcam,predicted,backbone.layer4,1,1,1,0.38746675848960876,0.6064825654029846,0.4969746619462967
463,supervised,gradcam,predicted,backbone.layer4,4,4,4,0.4846964478492737,0.5296549201011658,0.5071756839752197
464,supervised,gradcam,predicted,backbone.layer4,3,3,3,0.3673257827758789,0.4739217460155487,0.4206237643957138
465,supervised,gradcam,predicted,backbone.layer4,4,4,4,0.4698464870452881,0.5387494564056396,0.5042979717254639
466,supervised,gradcam,predicted,backbone.layer4,4,4,4,0.42556968331336975,0.6019089818000793,0.5137393325567245
467,supervised,gradcam,predicted,backbone.layer4,3,3,3,0.4779677093029022,0.5317746996879578,0.50487120449543
468,supervised,gradcam,predicted,backbone.layer4,7,7,7,0.4769792854785919,0.5219213962554932,0.49945034086704254
469,supervised,gradcam,predicted,backbone.layer4,8,8,8,0.13867053389549255,0.5245593190193176,0.3316149264574051
470,supervised,gradcam,predicted,backbone.layer4,3,4,4,0.330463171005249,0.5447506904602051,0.43760693073272705
471,supervised,gradcam,predicted,backbone.layer4,7,7,7,0.4623129665851593,0.5457212328910828,0.504017099738121
472,supervised,gradcam,predicted,backbone.layer4,8,8,8,0.18119880557060242,0.5009591579437256,0.341078981757164
473,supervised,gradcam,predicted,backbone.layer4,0,0,0,0.40356865525245667,0.47354090213775635,0.4385547786951065
474,supervised,gradcam,predicted,backbone.layer4,5,5,5,0.5468015670776367,0.6526957750320435,0.5997486710548401
475,supervised,gradcam,predicted,backbone.layer4,7,7,7,0.2854517698287964,0.4699660837650299,0.37770892679691315
476,supervised,gradcam,predicted,backbone.layer4,6,6,6,0.3599023222923279,0.5770366787910461,0.468469500541687
477,supervised,gradcam,predicted,backbone.layer4,0,0,0,0.0036575745325535536,0.542717456817627,0.27318751567509025
478,supervised,gradcam,predicted,backbone.layer4,5,3,3,0.11277257651090622,0.475953072309494,0.2943628244102001
479,supervised,gradcam,predicted,backbone.layer4,4,4,4,0.30148065090179443,0.4931004047393799,0.39729052782058716
480,supervised,gradcam,predicted,backbone.layer4,8,8,8,-0.014954110607504845,0.484168142080307,0.23460701573640108
481,supervised,gradcam,predicted,backbone.layer4,6,6,6,0.5157734751701355,0.6740606427192688,0.5949170589447021
482,supervised,gradcam,predicted,backbone.layer4,8,8,8,0.5346738696098328,0.5780850648880005,0.5563794672489166
483,supervised,gradcam,predicted,backbone.layer4,5,5,5,0.3429946005344391,0.5691726207733154,0.45608361065387726
484,supervised,gradcam,predicted,backbone.layer4,5,5,5,-0.014346109703183174,0.5932072997093201,0.28943059500306845
485,supervised,gradcam,predicted,backbone.layer4,9,9,9,0.41218727827072144,0.4221895933151245,0.417188435792923
486,supervised,gradcam,predicted,backbone.layer4,9,9,9,0.4176638722419739,0.5837462544441223,0.5007050633430481
487,supervised,gradcam,predicted,backbone.layer4,9,9,9,0.025689799338579178,0.4219749867916107,0.22383239306509495
488,supervised,gradcam,predicted,backbone.layer4,5,4,4,0.6081446409225464,0.5610533356666565,0.5845989882946014
489,supervised,gradcam,predicted,backbone.layer4,0,0,0,0.39105138182640076,0.4844212532043457,0.43773631751537323
490,supervised,gradcam,predicted,backbone.layer4,1,1,1,0.3344196379184723,0.5312538146972656,0.43283672630786896
491,supervised,gradcam,predicted,backbone.layer4,0,0,0,0.2911546528339386,0.6152020692825317,0.45317836105823517
492,supervised,gradcam,predicted,backbone.layer4,8,8,8,0.5951286554336548,0.5990545749664307,0.5970916152000427
493,supervised,gradcam,predicted,backbone.layer4,1,1,1,0.544833242893219,0.5764098167419434,0.5606215298175812
494,supervised,gradcam,predicted,backbone.layer4,1,1,1,0.040889039635658264,0.5353519916534424,0.2881205156445503
495,supervised,gradcam,predicted,backbone.layer4,8,8,8,0.2634776830673218,0.6306583881378174,0.4470680356025696
496,supervised,gradcam,predicted,backbone.layer4,0,0,0,0.5918131470680237,0.659195065498352,0.6255041062831879
497,supervised,gradcam,predicted,backbone.layer4,2,2,2,0.47287771105766296,0.5647596120834351,0.518818661570549
498,supervised,gradcam,predicted,backbone.layer4,2,2,2,0.42457568645477295,0.5877205729484558,0.5061481297016144
499,supervised,gradcam,predicted,backbone.layer4,0,0,0,0.7468515634536743,0.6574893593788147,0.7021704614162445
500,supervised,gradcam,predicted,backbone.layer4,4,4,4,0.30741086602211,0.543459951877594,0.425435408949852
501,supervised,gradcam,predicted,backbone.layer4,6,6,6,-0.1528363823890686,0.504080057144165,0.17562183737754822
502,supervised,gradcam,predicted,backbone.layer4,5,5,5,0.2319716364145279,0.5472062826156616,0.38958895951509476
503,supervised,gradcam,predicted,backbone.layer4,4,4,4,0.19827741384506226,0.4759368598461151,0.3371071368455887
504,supervised,gradcam,predicted,backbone.layer4,9,9,9,-0.27547261118888855,0.48944592475891113,0.10698665678501129
505,supervised,gradcam,predicted,backbone.layer4,4,4,4,0.5793472528457642,0.6377344727516174,0.6085408627986908
506,supervised,gradcam,predicted,backbone.layer4,7,7,7,0.15327158570289612,0.5129077434539795,0.3330896645784378
507,supervised,gradcam,predicted,backbone.layer4,9,9,9,0.2310193032026291,0.5351476073265076,0.38308345526456833
508,supervised,gradcam,predicted,backbone.layer4,9,1,1,0.6226562857627869,0.5394828915596008,0.5810695886611938
509,supervised,gradcam,predicted,backbone.layer4,4,4,4,0.5446438789367676,0.6005997061729431,0.5726217925548553
510,supervised,gradcam,predicted,backbone.layer4,5,5,5,0.5271085500717163,0.5944061279296875,0.5607573390007019
511,supervised,gradcam,predicted,backbone.layer4,6,6,6,0.2153734266757965,0.5961380004882812,0.4057557135820389
512,supervised,gradcam,predicted,backbone.layer1,6,6,6,-0.11767084896564484,0.34921693801879883,0.115773044526577
513,supervised,gradcam,predicted,backbone.layer1,1,1,1,0.2704830765724182,0.4303480386734009,0.35041555762290955
514,supervised,gradcam,predicted,backbone.layer1,5,5,5,0.13427184522151947,0.03835798427462578,0.08631491474807262
515,supervised,gradcam,predicted,backbone.layer1,3,3,3,-0.09089633822441101,0.22928130626678467,0.06919248402118683
516,supervised,gradcam,predicted,backbone.layer1,8,8,8,0.037901438772678375,0.16288337111473083,0.1003924049437046
517,supervised,gradcam,predicted,backbone.layer1,9,9,9,0.19181279838085175,0.07115372270345688,0.1314832605421543
518,supervised,gradcam,predicted,backbone.layer1,5,7,7,-0.0069511872716248035,0.017470071092247963,0.00525944191031158
519,supervised,gradcam,predicted,backbone.layer1,8,8,8,0.27744197845458984,0.0683945044875145,0.17291824147105217
520,supervised,gradcam,predicted,backbone.layer1,5,5,5,0.26384204626083374,0.20160602033138275,0.23272403329610825
521,supervised,gradcam,predicted,backbone.layer1,7,7,7,0.04065091535449028,0.02365425042808056,0.03215258289128542
522,supervised,gradcam,predicted,backbone.layer1,0,0,0,0.12514887750148773,0.4349558353424072,0.2800523564219475
523,supervised,gradcam,predicted,backbone.layer1,7,7,7,-0.08876267820596695,0.06597093492746353,-0.011395871639251709
524,supervised,gradcam,predicted,backbone.layer1,0,0,0,0.07815836369991302,0.01314812432974577,0.0456532440148294
525,supervised,gradcam,predicted,backbone.layer1,5,5,5,-0.0015179942129179835,0.18820390105247498,0.0933429534197785
526,supervised,gradcam,predicted,backbone.layer1,0,0,0,0.06785453110933304,0.08423445373773575,0.0760444924235344
527,supervised,gradcam,predicted,backbone.layer1,0,0,0,-0.5141755938529968,0.37347424030303955,-0.07035067677497864
528,supervised,gradcam,predicted,backbone.layer1,4,4,4,0.0031070297118276358,0.3201085925102234,0.1616078111110255
529,supervised,gradcam,predicted,backbone.layer1,6,6,6,0.08038052171468735,0.5124045610427856,0.2963925413787365
530,supervised,gradcam,predicted,backbone.layer1,9,9,9,0.10551875829696655,0.11170592159032822,0.10861233994364738
531,supervised,gradcam,predicted,backbone.layer1,0,0,0,0.20546779036521912,0.36726903915405273,0.2863684147596359
532,supervised,gradcam,predicted,backbone.layer1,9,9,9,0.10596530884504318,0.36569249629974365,0.23582890257239342
533,supervised,gradcam,predicted,backbone.layer1,5,5,5,0.07401622086763382,0.08734747022390366,0.08068184554576874
534,supervised,gradcam,predicted,backbone.layer1,6,6,6,-0.14122076332569122,0.32337212562561035,0.09107568114995956
535,supervised,gradcam,predicted,backbone.layer1,6,6,6,-0.005348626524209976,0.4343351423740387,0.21449325792491436
536,supervised,gradcam,predicted,backbone.layer1,6,6,6,-0.12485974282026291,0.3304862976074219,0.10281327739357948
537,supervised,gradcam,predicted,backbone.layer1,2,2,2,-0.023060157895088196,0.3765915036201477,0.17676567286252975
538,supervised,gradcam,predicted,backbone.layer1,9,9,9,0.3430875837802887,0.07568641006946564,0.20938699692487717
539,supervised,gradcam,predicted,backbone.layer1,0,0,0,0.12240100651979446,0.27879974246025085,0.20060037449002266
540,supervised,gradcam,predicted,backbone.layer1,1,1,1,-0.14080773293972015,0.24734443426132202,0.053268350660800934
541,supervised,gradcam,predicted,backbone.layer1,7,7,7,-0.07740626484155655,0.016044598072767258,-0.030680833384394646
542,supervised,gradcam,predicted,backbone.layer1,6,6,6,0.2630974352359772,0.4455992877483368,0.354348361492157
543,supervised,gradcam,predicted,backbone.layer1,7,7,7,0.05461212247610092,0.017422161996364594,0.03601714223623276
544,supervised,gradcam,predicted,backbone.layer1,5,5,5,-0.0015833991346880794,0.10038021206855774,0.04939840646693483
545,supervised,gradcam,predicted,backbone.layer1,9,9,9,0.43097177147865295,0.37410253286361694,0.40253715217113495
546,supervised,gradcam,predicted,backbone.layer1,1,1,1,0.2505960166454315,0.18256257474422455,0.21657929569482803
547,supervised,gradcam,predicted,backbone.layer1,6,6,6,0.1589997261762619,0.44950762391090393,0.3042536750435829
548,supervised,gradcam,predicted,backbone.layer1,2,2,2,-0.13947106897830963,0.22602146863937378,0.043275199830532074
549,supervised,gradcam,predicted,backbone.layer1,5,5,5,-0.012029795907437801,0.06428398936986923,0.026127096731215715
550,supervised,gradcam,predicted,backbone.layer1,5,5,5,0.229841947555542,0.08478957414627075,0.15731576085090637
551,supervised,gradcam,predicted,backbone.layer1,5,5,5,0.3664900064468384,0.22874529659748077,0.2976176515221596
552,supervised,gradcam,predicted,backbone.layer1,8,8,8,0.28958919644355774,0.19685737788677216,0.24322328716516495
553,supervised,gradcam,predicted,backbone.layer1,5,5,5,0.006749522406607866,0.12083403766155243,0.06379178003408015
554,supervised,gradcam,predicted,backbone.layer1,9,9,9,-0.04615820571780205,0.30679699778556824,0.1303193960338831
555,supervised,gradcam,predicted,backbone.layer1,4,4,4,-0.024581238627433777,0.2281041145324707,0.10176143795251846
556,supervised,gradcam,predicted,backbone.layer1,6,6,6,-0.04514644667506218,0.40139901638031006,0.17812628485262394
557,supervised,gradcam,predicted,backbone.layer1,4,4,4,0.1889730989933014,0.3331102728843689,0.26104168593883514
558,supervised,gradcam,predicted,backbone.layer1,3,3,3,0.09318021684885025,0.2417188137769699,0.16744951531291008
559,supervised,gradcam,predicted,backbone.layer1,2,2,2,0.00019011196854989976,0.21620860695838928,0.10819935946346959
560,supervised,gradcam,predicted,backbone.layer1,0,0,0,0.02263624034821987,0.32839903235435486,0.17551763635128736
561,supervised,gradcam,predicted,backbone.layer1,7,7,7,-0.048558060079813004,0.0026875303592532873,-0.022935264860279858
562,supervised,gradcam,predicted,backbone.layer1,6,6,6,0.2225928008556366,0.4801396429538727,0.35136622190475464
563,supervised,gradcam,predicted,backbone.layer1,2,2,2,-0.032892026007175446,0.4712410867214203,0.21917453035712242
564,supervised,gradcam,predicted,backbone.layer1,2,2,2,-0.11664941161870956,0.24632441997528076,0.0648375041782856
565,supervised,gradcam,predicted,backbone.layer1,3,5,5,0.22342614829540253,0.09412085264921188,0.1587735004723072
566,supervised,gradcam,predicted,backbone.layer1,9,9,9,0.46088317036628723,0.27776995301246643,0.36932656168937683
567,supervised,gradcam,predicted,backbone.layer1,7,7,7,0.16461479663848877,0.18334625661373138,0.17398052662611008
568,supervised,gradcam,predicted,backbone.layer1,9,9,9,0.0,0.0,0.0
569,supervised,gradcam,predicted,backbone.layer1,2,2,2,-0.018720105290412903,0.35920506715774536,0.17024248093366623
570,supervised,gradcam,predicted,backbone.layer1,6,6,6,-0.03575028106570244,0.4005300998687744,0.182389909401536
571,supervised,gradcam,predicted,backbone.layer1,7,7,7,0.0,0.0,0.0
572,supervised,gradcam,predicted,backbone.layer1,1,1,1,0.29884156584739685,0.25185972452163696,0.2753506451845169
573,supervised,gradcam,predicted,backbone.layer1,3,3,3,-0.09189198911190033,0.009495928883552551,-0.04119803011417389
574,supervised,gradcam,predicted,backbone.layer1,6,6,6,-0.07099398225545883,0.44211524724960327,0.18556063249707222
575,supervised,gradcam,predicted,backbone.layer1,6,6,6,0.0052690524607896805,0.4931440055370331,0.24920652899891138
512,supervised,gradcam,predicted,backbone.layer2,6,6,6,-0.1706184446811676,0.4694584608078003,0.14942000806331635
513,supervised,gradcam,predicted,backbone.layer2,1,1,1,0.31192547082901,0.5410061478614807,0.42646580934524536
514,supervised,gradcam,predicted,backbone.layer2,5,5,5,-0.04361115023493767,0.358940988779068,0.15766491927206516
515,supervised,gradcam,predicted,backbone.layer2,3,3,3,-0.09589142352342606,0.3514547049999237,0.12778164073824883
516,supervised,gradcam,predicted,backbone.layer2,8,8,8,0.3093477487564087,0.3714681565761566,0.34040795266628265
517,supervised,gradcam,predicted,backbone.layer2,9,9,9,0.4760078191757202,0.36350494623184204,0.41975638270378113
518,supervised,gradcam,predicted,backbone.layer2,5,7,7,0.3657468855381012,0.42367422580718994,0.39471055567264557
519,supervised,gradcam,predicted,backbone.layer2,8,8,8,0.4120498597621918,0.40144702792167664,0.4067484438419342
520,supervised,gradcam,predicted,backbone.layer2,5,5,5,0.05391263589262962,0.3656284511089325,0.20977054350078106
521,supervised,gradcam,predicted,backbone.layer2,7,7,7,0.14932656288146973,0.5127053260803223,0.331015944480896
522,supervised,gradcam,predicted,backbone.layer2,0,0,0,0.0012080129235982895,0.45230504870414734,0.22675653081387281
523,supervised,gradcam,predicted,backbone.layer2,7,7,7,0.20150776207447052,0.5633176565170288,0.38241270929574966
524,supervised,gradcam,predicted,backbone.layer2,0,0,0,0.05379796400666237,0.27256977558135986,0.16318386979401112
525,supervised,gradcam,predicted,backbone.layer2,5,5,5,0.009910506196320057,0.3330318331718445,0.17147116968408227
526,supervised,gradcam,predicted,backbone.layer2,0,0,0,0.19428519904613495,0.3364214599132538,0.26535332947969437
527,supervised,gradcam,predicted,backbone.layer2,0,0,0,-0.5309898257255554,0.3254830241203308,-0.1027534008026123
528,supervised,gradcam,predicted,backbone.layer2,4,4,4,0.14592774212360382,0.1511399745941162,0.14853385835886002
529,supervised,gradcam,predicted,backbone.layer2,6,6,6,0.22629611194133759,0.4355880618095398,0.3309420868754387
530,supervised,gradcam,predicted,backbone.layer2,9,9,9,0.16852226853370667,0.35247674584388733,0.260499507188797
531,supervised,gradcam,predicted,backbone.layer2,0,0,0,0.1390574723482132,0.30094656348228455,0.22000201791524887
532,supervised,gradcam,predicted,backbone.layer2,9,9,9,0.23290857672691345,0.4332848787307739,0.3330967277288437
533,supervised,gradcam,predicted,backbone.layer2,5,5,5,0.35531318187713623,0.4321414828300476,0.3937273323535919
534,supervised,gradcam,predicted,backbone.layer2,6,6,6,-0.00260571064427495,0.4387935996055603,0.21809394448064268
535,supervised,gradcam,predicted,backbone.layer2,6,6,6,0.13274839520454407,0.5286374688148499,0.33069293200969696
536,supervised,gradcam,predicted,backbone.layer2,6,6,6,0.03996655344963074,0.4739798307418823,0.25697319209575653
537,supervised,gradcam,predicted,backbone.layer2,2,2,2,-0.23406344652175903,0.3612235486507416,0.06358005106449127
538,supervised,gradcam,predicted,backbone.layer2,9,9,9,0.497028112411499,0.41839364171028137,0.4577108770608902
539,supervised,gradcam,predicted,backbone.layer2,0,0,0,0.04174089804291725,0.43250375986099243,0.23712232895195484
540,supervised,gradcam,predicted,backbone.layer2,1,1,1,-0.08409719169139862,0.5029452443122864,0.20942402631044388
541,supervised,gradcam,predicted,backbone.layer2,7,7,7,0.20509923994541168,0.5318238139152527,0.3684615269303322
542,supervised,gradcam,predicted,backbone.layer2,6,6,6,0.1664072424173355,0.39196157455444336,0.27918440848588943
543,supervised,gradcam,predicted,backbone.layer2,7,7,7,0.42450276017189026,0.6045658588409424,0.5145343095064163
544,supervised,gradcam,predicted,backbone.layer2,5,5,5,0.2954329550266266,0.5215778350830078,0.4085053950548172
545,supervised,gradcam,predicted,backbone.layer2,9,9,9,-0.10169850289821625,0.3660125136375427,0.13215700536966324
546,supervised,gradcam,predicted,backbone.layer2,1,1,1,0.1055038720369339,0.5611236691474915,0.3333137705922127
547,supervised,gradcam,predicted,backbone.layer2,6,6,6,-0.04225850850343704,0.356775164604187,0.15725832805037498
548,supervised,gradcam,predicted,backbone.layer2,2,2,2,-0.13630281388759613,0.35818547010421753,0.1109413281083107
549,supervised,gradcam,predicted,backbone.layer2,5,5,5,-0.3229869604110718,0.29167282581329346,-0.01565706729888916
550,supervised,gradcam,predicted,backbone.layer2,5,5,5,0.08096271008253098,0.2457924783229828,0.16337759420275688
551,supervised,gradcam,predicted,backbone.layer2,5,5,5,0.5460003018379211,0.44113779067993164,0.4935690462589264
552,supervised,gradcam,predicted,backbone.layer2,8,8,8,-0.2900325655937195,0.29632890224456787,0.0031481683254241943
553,supervised,gradcam,predicted,backbone.layer2,5,5,5,0.07031280547380447,0.3538247346878052,0.21206877008080482
554,supervised,gradcam,predicted,backbone.layer2,9,9,9,0.4387859106063843,0.5457648038864136,0.4922753572463989
555,supervised,gradcam,predicted,backbone.layer2,4,4,4,-0.08898112177848816,0.34447455406188965,0.12774671614170074
556,supervised,gradcam,predicted,backbone.layer2,6,6,6,-0.02305585704743862,0.48825138807296753,0.23259776551276445
557,supervised,gradcam,predicted,backbone.layer2,4,4,4,-0.3150385320186615,0.19318914413452148,-0.06092469394207001
558,supervised,gradcam,predicted,backbone.layer2,3,3,3,0.0236878152936697,0.34094059467315674,0.18231420498341322
559,supervised,gradcam,predicted,backbone.layer2,2,2,2,-0.4296683073043823,0.25518420338630676,-0.08724205195903778
560,supervised,gradcam,predicted,backbone.layer2,0,0,0,0.11443134397268295,0.3992287516593933,0.25683004781603813
561,supervised,gradcam,predicted,backbone.layer2,7,7,7,0.3239348828792572,0.6153953671455383,0.46966512501239777
562,supervised,gradcam,predicted,backbone.layer2,6,6,6,-0.07229024916887283,0.37368065118789673,0.15069520100951195
563,supervised,gradcam,predicted,backbone.layer2,2,2,2,-0.12189450860023499,0.08895111083984375,-0.016471698880195618
564,supervised,gradcam,predicted,backbone.layer2,2,2,2,-0.193841814994812,0.16115106642246246,-0.016345374286174774
565,supervised,gradcam,predicted,backbone.layer2,3,5,5,0.16589102149009705,0.41559267044067383,0.29074184596538544
566,supervised,gradcam,predicted,backbone.layer2,9,9,9,0.30522212386131287,0.31659072637557983,0.31090642511844635
567,supervised,gradcam,predicted,backbone.layer2,7,7,7,0.05503508448600769,0.20916827023029327,0.13210167735815048
568,supervised,gradcam,predicted,backbone.layer2,9,9,9,-0.030733510851860046,0.33667829632759094,0.15297239273786545
569,supervised,gradcam,predicted,backbone.layer2,2,2,2,0.20662285387516022,0.16046562790870667,0.18354424089193344
570,supervised,gradcam,predicted,backbone.layer2,6,6,6,-0.1825304478406906,0.42986276745796204,0.12366615980863571
571,supervised,gradcam,predicted,backbone.layer2,7,7,7,0.40771520137786865,0.5558385252952576,0.4817768633365631
572,supervised,gradcam,predicted,backbone.layer2,1,1,1,0.07520973682403564,0.4956662058830261,0.2854379713535309
573,supervised,gradcam,predicted,backbone.layer2,3,3,3,0.2524200975894928,0.43494948744773865,0.3436847925186157
574,supervised,gradcam,predicted,backbone.layer2,6,6,6,-0.04750940576195717,0.3355318605899811,0.14401122741401196
575,supervised,gradcam,predicted,backbone.layer2,6,6,6,0.09946995228528976,0.49785977602005005,0.2986648641526699
512,supervised,gradcam,predicted,backbone.layer3,6,6,6,0.6201903223991394,0.48070061206817627,0.5504454672336578
513,supervised,gradcam,predicted,backbone.layer3,1,1,1,0.54703688621521,0.3554946780204773,0.45126578211784363
514,supervised,gradcam,predicted,backbone.layer3,5,5,5,0.48215216398239136,0.4543825387954712,0.4682673513889313
515,supervised,gradcam,predicted,backbone.layer3,3,3,3,0.3883693516254425,0.23027153313159943,0.30932044237852097
516,supervised,gradcam,predicted,backbone.layer3,8,8,8,0.33440402150154114,0.4739302694797516,0.40416714549064636
517,supervised,gradcam,predicted,backbone.layer3,9,9,9,0.35807546973228455,0.4025448262691498,0.38031014800071716
518,supervised,gradcam,predicted,backbone.layer3,5,7,7,0.40735819935798645,0.35032930970191956,0.378843754529953
519,supervised,gradcam,predicted,backbone.layer3,8,8,8,0.19216378033161163,0.4460737109184265,0.3191187456250191
520,supervised,gradcam,predicted,backbone.layer3,5,5,5,0.11216717958450317,0.47882217168807983,0.2954946756362915
521,supervised,gradcam,predicted,backbone.layer3,7,7,7,0.3980785310268402,0.45865753293037415,0.4283680319786072
522,supervised,gradcam,predicted,backbone.layer3,0,0,0,0.029682662338018417,0.3925359547138214,0.21110930852591991
523,supervised,gradcam,predicted,backbone.layer3,7,7,7,0.16073854267597198,0.3446406126022339,0.25268957763910294
524,supervised,gradcam,predicted,backbone.layer3,0,0,0,0.47005051374435425,0.39784473180770874,0.4339476227760315
525,supervised,gradcam,predicted,backbone.layer3,5,5,5,0.771513044834137,0.5704306960105896,0.6709718704223633
526,supervised,gradcam,predicted,backbone.layer3,0,0,0,-0.004136019852012396,0.19571585953235626,0.09578991984017193
527,supervised,gradcam,predicted,backbone.layer3,0,0,0,-0.18627731502056122,0.3458874821662903,0.07980508357286453
528,supervised,gradcam,predicted,backbone.layer3,4,4,4,0.6080988049507141,0.4188127815723419,0.513455793261528
529,supervised,gradcam,predicted,backbone.layer3,6,6,6,0.808683454990387,0.5362448692321777,0.6724641621112823
530,supervised,gradcam,predicted,backbone.layer3,9,9,9,0.6077854633331299,0.44287824630737305,0.5253318548202515
531,supervised,gradcam,predicted,backbone.layer3,0,0,0,0.31144383549690247,0.3774644434452057,0.3444541394710541
532,supervised,gradcam,predicted,backbone.layer3,9,9,9,0.16041503846645355,0.41132602095603943,0.2858705297112465
533,supervised,gradcam,predicted,backbone.layer3,5,5,5,0.423051655292511,0.5370380878448486,0.4800448715686798
534,supervised,gradcam,predicted,backbone.layer3,6,6,6,0.34425386786460876,0.4948766827583313,0.41956527531147003
535,supervised,gradcam,predicted,backbone.layer3,6,6,6,0.5113950967788696,0.5378515720367432,0.5246233344078064
536,supervised,gradcam,predicted,backbone.layer3,6,6,6,0.4265826344490051,0.4892784059047699,0.4579305201768875
537,supervised,gradcam,predicted,backbone.layer3,2,2,2,0.3243766129016876,0.5770901441574097,0.45073337852954865
538,supervised,gradcam,predicted,backbone.layer3,9,9,9,0.38498640060424805,0.39782291650772095,0.3914046585559845
539,supervised,gradcam,predicted,backbone.layer3,0,0,0,-0.16121457517147064,0.3907771110534668,0.11478126794099808
540,supervised,gradcam,predicted,backbone.layer3,1,1,1,0.33206412196159363,0.3916415870189667,0.36185285449028015
541,supervised,gradcam,predicted,backbone.layer3,7,7,7,0.5713327527046204,0.3793453574180603,0.47533905506134033
542,supervised,gradcam,predicted,backbone.layer3,6,6,6,-0.22886712849140167,0.3122669458389282,0.041699908673763275
543,supervised,gradcam,predicted,backbone.layer3,7,7,7,0.4158801734447479,0.44336339831352234,0.42962178587913513
544,supervised,gradcam,predicted,backbone.layer3,5,5,5,0.8455770611763,0.4898233413696289,0.6677002012729645
545,supervised,gradcam,predicted,backbone.layer3,9,9,9,0.2608458697795868,0.41856077313423157,0.3397033214569092
546,supervised,gradcam,predicted,backbone.layer3,1,1,1,0.06228116527199745,0.35216498374938965,0.20722307451069355
547,supervised,gradcam,predicted,backbone.layer3,6,6,6,-0.0996050089597702,0.43450427055358887,0.16744963079690933
548,supervised,gradcam,predicted,backbone.layer3,2,2,2,0.6479130387306213,0.5546246767044067,0.601268857717514
549,supervised,gradcam,predicted,backbone.layer3,5,5,5,-0.12529397010803223,0.3763231039047241,0.12551456689834595
550,supervised,gradcam,predicted,backbone.layer3,5,5,5,0.5535800457000732,0.44933953881263733,0.5014597922563553
551,supervised,gradcam,predicted,backbone.layer3,5,5,5,0.6537359952926636,0.46553468704223633,0.55963534116745
552,supervised,gradcam,predicted,backbone.layer3,8,8,8,0.10718127340078354,0.43912383913993835,0.27315255627036095
553,supervised,gradcam,predicted,backbone.layer3,5,5,5,0.39589840173721313,0.4990086555480957,0.4474535286426544
554,supervised,gradcam,predicted,backbone.layer3,9,9,9,0.4564898610115051,0.49829497933387756,0.47739242017269135
555,supervised,gradcam,predicted,backbone.layer3,4,4,4,0.8349927067756653,0.5647932887077332,0.6998929977416992
556,supervised,gradcam,predicted,backbone.layer3,6,6,6,-0.18572567403316498,0.4445263743400574,0.1294003501534462
557,supervised,gradcam,predicted,backbone.layer3,4,4,4,0.6586560606956482,0.5053195953369141,0.5819878280162811
558,supervised,gradcam,predicted,backbone.layer3,3,3,3,-0.2618648111820221,0.3503400385379791,0.044237613677978516
559,supervised,gradcam,predicted,backbone.layer3,2,2,2,0.6962236166000366,0.6391987800598145,0.6677111983299255
560,supervised,gradcam,predicted,backbone.layer3,0,0,0,0.1121058315038681,0.3553198575973511,0.2337128445506096
561,supervised,gradcam,predicted,backbone.layer3,7,7,7,0.46205562353134155,0.4458469748497009,0.45395129919052124
562,supervised,gradcam,predicted,backbone.layer3,6,6,6,0.11495891213417053,0.4589880406856537,0.2869734764099121
563,supervised,gradcam,predicted,backbone.layer3,2,2,2,0.14973658323287964,0.37101903557777405,0.26037780940532684
564,supervised,gradcam,predicted,backbone.layer3,2,2,2,0.08011944591999054,0.37856510281562805,0.2293422743678093
565,supervised,gradcam,predicted,backbone.layer3,3,5,5,0.11188267171382904,0.2935883700847626,0.2027355208992958
566,supervised,gradcam,predicted,backbone.layer3,9,9,9,0.4250226616859436,0.4523625373840332,0.4386925995349884
567,supervised,gradcam,predicted,backbone.layer3,7,7,7,0.1996857076883316,0.32167160511016846,0.26067865639925003
568,supervised,gradcam,predicted,backbone.layer3,9,9,9,0.6445519328117371,0.42702803015708923,0.5357899814844131
569,supervised,gradcam,predicted,backbone.layer3,2,2,2,0.3108624815940857,0.4985165596008301,0.4046895205974579
570,supervised,gradcam,predicted,backbone.layer3,6,6,6,0.7262618541717529,0.2825903594493866,0.5044261068105698
571,supervised,gradcam,predicted,backbone.layer3,7,7,7,0.5134931206703186,0.42355287075042725,0.4685229957103729
572,supervised,gradcam,predicted,backbone.layer3,1,1,1,0.5697389245033264,0.31731441617012024,0.4435266703367233
573,supervised,gradcam,predicted,backbone.layer3,3,3,3,0.04438319429755211,0.347220242023468,0.19580171816051006
574,supervised,gradcam,predicted,backbone.layer3,6,6,6,0.27540716528892517,0.25311654806137085,0.264261856675148
575,supervised,gradcam,predicted,backbone.layer3,6,6,6,0.09848755598068237,0.4428441822528839,0.27066586911678314
512,supervised,gradcam,predicted,backbone.layer4,6,6,6,0.4500868320465088,0.5915293097496033,0.520808070898056
513,supervised,gradcam,predicted,backbone.layer4,1,1,1,0.4281829595565796,0.5621672868728638,0.4951751232147217
514,supervised,gradcam,predicted,backbone.layer4,5,5,5,0.14605148136615753,0.49433764815330505,0.3201945647597313
515,supervised,gradcam,predicted,backbone.layer4,3,3,3,0.34639695286750793,0.5234382152557373,0.4349175840616226
516,supervised,gradcam,predicted,backbone.layer4,8,8,8,0.3820662498474121,0.5934258103370667,0.4877460300922394
517,supervised,gradcam,predicted,backbone.layer4,9,9,9,0.0663655549287796,0.4331546425819397,0.24976009875535965
518,supervised,gradcam,predicted,backbone.layer4,5,7,7,0.5203133821487427,0.6360791325569153,0.578196257352829
519,supervised,gradcam,predicted,backbone.layer4,8,8,8,0.07105381786823273,0.4791961908340454,0.27512500435113907
520,supervised,gradcam,predicted,backbone.layer4,5,5,5,-0.5677417516708374,0.48744478821754456,-0.04014848172664642
521,supervised,gradcam,predicted,backbone.layer4,7,7,7,0.0126548046246171,0.6327927708625793,0.3227237877435982
522,supervised,gradcam,predicted,backbone.layer4,0,0,0,0.27229583263397217,0.5509830117225647,0.41163942217826843
523,supervised,gradcam,predicted,backbone.layer4,7,7,7,0.43736669421195984,0.6749690771102905,0.5561678856611252
524,supervised,gradcam,predicted,backbone.layer4,0,0,0,0.22362449765205383,0.5163931846618652,0.37000884115695953
525,supervised,gradcam,predicted,backbone.layer4,5,5,5,0.637603759765625,0.6429235339164734,0.6402636468410492
526,supervised,gradcam,predicted,backbone.layer4,0,0,0,0.14968615770339966,0.5253523588180542,0.33751925826072693
527,supervised,gradcam,predicted,backbone.layer4,0,0,0,0.19970090687274933,0.650468111038208,0.42508450895547867
528,supervised,gradcam,predicted,backbone.layer4,4,4,4,0.44432324171066284,0.6028212904930115,0.5235722661018372
529,supervised,gradcam,predicted,backbone.layer4,6,6,6,0.2005605250597,0.5193074345588684,0.3599339798092842
530,supervised,gradcam,predicted,backbone.layer4,9,9,9,0.3492267429828644,0.5257686376571655,0.43749769032001495
531,supervised,gradcam,predicted,backbone.layer4,0,0,0,0.4338057041168213,0.5449206829071045,0.4893631935119629
532,supervised,gradcam,predicted,backbone.layer4,9,9,9,0.06568499654531479,0.5715174078941345,0.31860120221972466
533,supervised,gradcam,predicted,backbone.layer4,5,5,5,0.42480748891830444,0.6186792850494385,0.5217433869838715
534,supervised,gradcam,predicted,backbone.layer4,6,6,6,0.19509875774383545,0.5379987955093384,0.3665487766265869
535,supervised,gradcam,predicted,backbone.layer4,6,6,6,0.29715123772621155,0.5039895176887512,0.4005703777074814
536,supervised,gradcam,predicted,backbone.layer4,6,6,6,0.24106456339359283,0.6248782277107239,0.43297139555215836
537,supervised,gradcam,predicted,backbone.layer4,2,2,2,0.4798300564289093,0.6257520914077759,0.5527910739183426
538,supervised,gradcam,predicted,backbone.layer4,9,9,9,0.0031828945502638817,0.5604019165039062,0.28179240552708507
539,supervised,gradcam,predicted,backbone.layer4,0,0,0,0.2812274098396301,0.5240170359611511,0.4026222229003906
540,supervised,gradcam,predicted,backbone.layer4,1,1,1,0.4687359035015106,0.6270049810409546,0.5478704422712326
541,supervised,gradcam,predicted,backbone.layer4,7,7,7,0.47713741660118103,0.49970975518226624,0.48842358589172363
542,supervised,gradcam,predicted,backbone.layer4,6,6,6,0.04219348728656769,0.5525540113449097,0.2973737493157387
543,supervised,gradcam,predicted,backbone.layer4,7,7,7,0.17164185643196106,0.5311216115951538,0.35138173401355743
544,supervised,gradcam,predicted,backbone.layer4,5,5,5,0.6786965727806091,0.5777723789215088,0.628234475851059
545,supervised,gradcam,predicted,backbone.layer4,9,9,9,0.0872817113995552,0.6628862619400024,0.3750839866697788
546,supervised,gradcam,predicted,backbone.layer4,1,1,1,0.2737673223018646,0.5452084541320801,0.40948788821697235
547,supervised,gradcam,predicted,backbone.layer4,6,6,6,-0.396506667137146,0.4669018089771271,0.03519757091999054
548,supervised,gradcam,predicted,backbone.layer4,2,2,2,0.4179781973361969,0.5398006439208984,0.47888942062854767
549,supervised,gradcam,predicted,backbone.layer4,5,5,5,0.6427178382873535,0.6957951188087463,0.6692564785480499
550,supervised,gradcam,predicted,backbone.layer4,5,5,5,0.6042848229408264,0.4997813403606415,0.552033081650734
551,supervised,gradcam,predicted,backbone.layer4,5,5,5,0.1565631479024887,0.49597808718681335,0.32627061754465103
552,supervised,gradcam,predicted,backbone.layer4,8,8,8,0.30591270327568054,0.5762277841567993,0.44107024371623993
553,supervised,gradcam,predicted,backbone.layer4,5,5,5,0.2911616265773773,0.5215036869049072,0.4063326567411423
554,supervised,gradcam,predicted,backbone.layer4,9,9,9,-0.2904769778251648,0.5579380989074707,0.13373056054115295
555,supervised,gradcam,predicted,backbone.layer4,4,4,4,0.6263144612312317,0.5792860388755798,0.6028002500534058
556,supervised,gradcam,predicted,backbone.layer4,6,6,6,0.21150827407836914,0.5411596298217773,0.37633395195007324
557,supervised,gradcam,predicted,backbone.layer4,4,4,4,-0.03166869655251503,0.46913304924964905,0.218732176348567
558,supervised,gradcam,predicted,backbone.layer4,3,3,3,0.36399024724960327,0.6326093077659607,0.498299777507782
559,supervised,gradcam,predicted,backbone.layer4,2,2,2,0.5238789916038513,0.5963468551635742,0.5601129233837128
560,supervised,gradcam,predicted,backbone.layer4,0,0,0,0.19320785999298096,0.4639289081096649,0.32856838405132294
561,supervised,gradcam,predicted,backbone.layer4,7,7,7,0.26490870118141174,0.5760563015937805,0.42048250138759613
562,supervised,gradcam,predicted,backbone.layer4,6,6,6,-0.24787606298923492,0.574720561504364,0.16342224925756454
563,supervised,gradcam,predicted,backbone.layer4,2,2,2,0.47817686200141907,0.6151729822158813,0.5466749221086502
564,supervised,gradcam,predicted,backbone.layer4,2,2,2,0.46624091267585754,0.5819873213768005,0.524114117026329
565,supervised,gradcam,predicted,backbone.layer4,3,5,5,0.06667840480804443,0.4416731894016266,0.2541757971048355
566,supervised,gradcam,predicted,backbone.layer4,9,9,9,0.03568733483552933,0.5391468405723572,0.28741708770394325
567,supervised,gradcam,predicted,backbone.layer4,7,7,7,0.44039013981819153,0.5373125076293945,0.48885132372379303
568,supervised,gradcam,predicted,backbone.layer4,9,9,9,0.10897590965032578,0.5390493869781494,0.3240126483142376
569,supervised,gradcam,predicted,backbone.layer4,2,2,2,0.6866199374198914,0.5920876860618591,0.6393538117408752
570,supervised,gradcam,predicted,backbone.layer4,6,6,6,0.635413408279419,0.6414353847503662,0.6384243965148926
571,supervised,gradcam,predicted,backbone.layer4,7,7,7,0.1880505383014679,0.5692906379699707,0.3786705881357193
572,supervised,gradcam,predicted,backbone.layer4,1,1,1,0.3781077265739441,0.5192333459854126,0.44867053627967834
573,supervised,gradcam,predicted,backbone.layer4,3,3,3,0.34658023715019226,0.4862724244594574,0.41642633080482483
574,supervised,gradcam,predicted,backbone.layer4,6,6,6,0.263785183429718,0.5732350945472717,0.4185101389884949
575,supervised,gradcam,predicted,backbone.layer4,6,6,6,0.07295502722263336,0.5707054138183594,0.32183022052049637
576,supervised,gradcam,predicted,backbone.layer1,8,8,8,0.6313282251358032,0.36891791224479675,0.5001230686903
577,supervised,gradcam,predicted,backbone.layer1,9,9,9,0.5335926413536072,0.11398904025554657,0.3237908408045769
578,supervised,gradcam,predicted,backbone.layer1,7,7,7,0.16234132647514343,0.06135045737028122,0.11184589192271233
579,supervised,gradcam,predicted,backbone.layer1,5,5,5,0.023653525859117508,0.027375226840376854,0.02551437634974718
580,supervised,gradcam,predicted,backbone.layer1,4,4,4,0.020831206813454628,0.14633528888225555,0.08358324784785509
581,supervised,gradcam,predicted,backbone.layer1,0,0,0,0.00853470154106617,0.1429521143436432,0.07574340794235468
582,supervised,gradcam,predicted,backbone.layer1,8,8,8,0.25086987018585205,0.3982217311859131,0.32454580068588257
583,supervised,gradcam,predicted,backbone.layer1,4,4,4,0.0006846442702226341,0.2579023241996765,0.12929348423494957
584,supervised,gradcam,predicted,backbone.layer1,0,0,0,-0.11228364706039429,0.33320352435112,0.11045993864536285
585,supervised,gradcam,predicted,backbone.layer1,9,9,9,0.4362424910068512,0.28593510389328003,0.3610887974500656
586,supervised,gradcam,predicted,backbone.layer1,3,3,3,-0.1271764487028122,0.2258327454328537,0.04932814836502075
587,supervised,gradcam,predicted,backbone.layer1,4,4,4,0.15379300713539124,0.45012885332107544,0.30196093022823334
588,supervised,gradcam,predicted,backbone.layer1,8,8,8,-0.005594216752797365,0.02533978782594204,0.009872785536572337
589,supervised,gradcam,predicted,backbone.layer1,9,9,9,-0.1548297256231308,0.1482730209827423,-0.0032783523201942444
590,supervised,gradcam,predicted,backbone.layer1,6,6,6,0.1527147889137268,0.4218319356441498,0.2872733622789383
591,supervised,gradcam,predicted,backbone.layer1,9,9,9,0.5683085322380066,0.15504446625709534,0.36167649924755096
592,supervised,gradcam,predicted,backbone.layer1,2,2,2,0.21235033869743347,0.1613030880689621,0.18682671338319778
593,supervised,gradcam,predicted,backbone.layer1,6,6,6,-0.049950774759054184,0.47841861844062805,0.21423392184078693
594,supervised,gradcam,predicted,backbone.layer1,1,1,1,0.41553595662117004,0.28114140033721924,0.34833867847919464
595,supervised,gradcam,predicted,backbone.layer1,4,4,4,-0.039595942944288254,0.24247033894062042,0.10143719799816608
596,supervised,gradcam,predicted,backbone.layer1,7,7,7,0.09363331645727158,0.1337149441242218,0.11367413029074669
597,supervised,gradcam,predicted,backbone.layer1,3,3,3,-0.09483543783426285,0.12159021943807602,0.013377390801906586
598,supervised,gradcam,predicted,backbone.layer1,5,3,3,-0.0058156149461865425,0.17508603632450104,0.08463521068915725
599,supervised,gradcam,predicted,backbone.layer1,3,3,3,-0.1370137482881546,0.3662375211715698,0.11461188644170761
600,supervised,gradcam,predicted,backbone.layer1,8,8,8,0.34784436225891113,0.1455087959766388,0.24667657911777496
601,supervised,gradcam,predicted,backbone.layer1,5,5,5,-0.07757637649774551,0.19036157429218292,0.056392598897218704
602,supervised,gradcam,predicted,backbone.layer1,0,0,0,-0.0776166170835495,0.43386900424957275,0.17812619358301163
603,supervised,gradcam,predicted,backbone.layer1,2,2,2,0.30200955271720886,0.27899810671806335,0.2905038297176361
604,supervised,gradcam,predicted,backbone.layer1,1,1,1,0.17883433401584625,0.4368109405040741,0.3078226372599602
605,supervised,gradcam,predicted,backbone.layer1,6,6,6,0.04047957435250282,0.24185925722122192,0.14116941578686237
606,supervised,gradcam,predicted,backbone.layer1,4,4,4,0.08366231620311737,0.16954341530799866,0.12660286575555801
607,supervised,gradcam,predicted,backbone.layer1,3,3,3,-0.13104139268398285,0.23516809940338135,0.05206335335969925
608,supervised,gradcam,predicted,backbone.layer1,3,3,3,0.19079703092575073,0.21591228246688843,0.20335465669631958
609,supervised,gradcam,predicted,backbone.layer1,9,9,9,0.029639558866620064,0.10818541795015335,0.06891248840838671
610,supervised,gradcam,predicted,backbone.layer1,6,6,6,-0.09461711347103119,0.3806706964969635,0.14302679151296616
611,supervised,gradcam,predicted,backbone.layer1,9,9,9,0.5642027854919434,0.17818744480609894,0.37119511514902115
612,supervised,gradcam,predicted,backbone.layer1,8,8,8,0.19805322587490082,0.17684882879257202,0.18745102733373642
613,supervised,gradcam,predicted,backbone.layer1,8,8,8,0.06459721177816391,0.03227977082133293,0.04843849129974842
614,supervised,gradcam,predicted,backbone.layer1,5,5,5,-0.0466582365334034,0.19505541026592255,0.07419858686625957
615,supervised,gradcam,predicted,backbone.layer1,8,8,8,0.3212275505065918,0.11731266230344772,0.21927010640501976
616,supervised,gradcam,predicted,backbone.layer1,6,6,6,-0.10505664348602295,0.3846004009246826,0.13977187871932983
617,supervised,gradcam,predicted,backbone.layer1,6,6,6,-0.13373196125030518,0.2764173448085785,0.07134269177913666
618,supervised,gradcam,predicted,backbone.layer1,2,2,2,-0.03835397958755493,0.09351224452257156,0.027579132467508316
619,supervised,gradcam,predicted,backbone.layer1,1,1,1,0.17309245467185974,0.4553833603858948,0.31423790752887726
620,supervised,gradcam,predicted,backbone.layer1,7,7,7,0.0,0.0,0.0
621,supervised,gradcam,predicted,backbone.layer1,7,7,7,0.19591888785362244,0.05721669644117355,0.126567792147398
622,supervised,gradcam,predicted,backbone.layer1,1,1,1,0.2910275161266327,0.4878234565258026,0.38942548632621765
623,supervised,gradcam,predicted,backbone.layer1,2,2,2,-0.15470734238624573,0.1476801037788391,-0.003513619303703308
624,supervised,gradcam,predicted,backbone.layer1,7,7,7,-0.09852757304906845,0.15656043589115143,0.02901643142104149
625,supervised,gradcam,predicted,backbone.layer1,9,9,9,0.19935323297977448,0.36163046956062317,0.2804918512701988
626,supervised,gradcam,predicted,backbone.layer1,9,9,9,-0.06643858551979065,0.15897135436534882,0.04626638442277908
627,supervised,gradcam,predicted,backbone.layer1,4,4,4,-0.17354056239128113,0.25619253516197205,0.04132598638534546
628,supervised,gradcam,predicted,backbone.layer1,4,4,4,-0.03743404895067215,0.39425215125083923,0.17840905115008354
629,supervised,gradcam,predicted,backbone.layer1,1,1,1,0.4691014289855957,0.4439633786678314,0.45653240382671356
630,supervised,gradcam,predicted,backbone.layer1,2,2,2,0.5627534985542297,0.5589972734451294,0.5608753859996796
631,supervised,gradcam,predicted,backbone.layer1,5,5,5,0.05569249764084816,0.3520490825176239,0.20387079007923603
632,supervised,gradcam,predicted,backbone.layer1,6,6,6,0.21785922348499298,0.488908052444458,0.3533836379647255
633,supervised,gradcam,predicted,backbone.layer1,8,8,8,0.23098169267177582,0.19816111028194427,0.21457140147686005
634,supervised,gradcam,predicted,backbone.layer1,7,7,7,-0.026905452832579613,0.0002743592776823789,-0.013315546777448617
635,supervised,gradcam,predicted,backbone.layer1,6,6,6,0.20376881957054138,0.4678216278553009,0.33579522371292114
636,supervised,gradcam,predicted,backbone.layer1,8,8,8,0.21231308579444885,0.14457988739013672,0.17844648659229279
637,supervised,gradcam,predicted,backbone.layer1,3,3,3,0.0026586982421576977,0.3838828206062317,0.1932707594241947
638,supervised,gradcam,predicted,backbone.layer1,0,0,0,-0.159160315990448,0.2908531725406647,0.06584642827510834
639,supervised,gradcam,predicted,backbone.layer1,5,3,3,-0.2593138515949249,0.15115663409233093,-0.054078608751297
576,supervised,gradcam,predicted,backbone.layer2,8,8,8,0.31109651923179626,0.29383158683776855,0.3024640530347824
577,supervised,gradcam,predicted,backbone.layer2,9,9,9,0.13952605426311493,0.407680869102478,0.2736034616827965
578,supervised,gradcam,predicted,backbone.layer2,7,7,7,0.018854664638638496,0.5396681427955627,0.2792614037171006
579,supervised,gradcam,predicted,backbone.layer2,5,5,5,-0.02750016190111637,0.3858432471752167,0.17917154263705015
580,supervised,gradcam,predicted,backbone.layer2,4,4,4,0.3580816090106964,0.13790929317474365,0.24799545109272003
581,supervised,gradcam,predicted,backbone.layer2,0,0,0,0.44812479615211487,0.35428833961486816,0.4012065678834915
582,supervised,gradcam,predicted,backbone.layer2,8,8,8,-0.13202835619449615,0.18524974584579468,0.02661069482564926
583,supervised,gradcam,predicted,backbone.layer2,4,4,4,0.010210778564214706,0.3645070791244507,0.1873589288443327
584,supervised,gradcam,predicted,backbone.layer2,0,0,0,-0.20630580186843872,0.3370300531387329,0.0653621256351471
585,supervised,gradcam,predicted,backbone.layer2,9,9,9,-0.13047780096530914,0.12789520621299744,-0.0012912973761558533
586,supervised,gradcam,predicted,backbone.layer2,3,3,3,-0.022328628227114677,0.28732290863990784,0.13249714020639658
587,supervised,gradcam,predicted,backbone.layer2,4,4,4,0.013667773455381393,0.31962883472442627,0.16664830408990383
588,supervised,gradcam,predicted,backbone.layer2,8,8,8,0.3233436644077301,0.38976168632507324,0.3565526753664017
589,supervised,gradcam,predicted,backbone.layer2,9,9,9,0.014987914822995663,0.30209335684776306,0.15854063583537936
590,supervised,gradcam,predicted,backbone.layer2,6,6,6,-0.3382326662540436,0.3060761094093323,-0.016078278422355652
591,supervised,gradcam,predicted,backbone.layer2,9,9,9,0.07281913608312607,0.36940798163414,0.22111355885863304
592,supervised,gradcam,predicted,backbone.layer2,2,2,2,0.14105530083179474,0.21080975234508514,0.17593252658843994
593,supervised,gradcam,predicted,backbone.layer2,6,6,6,0.10092085599899292,0.45907190442085266,0.2799963802099228
594,supervised,gradcam,predicted,backbone.layer2,1,1,1,0.17804446816444397,0.568225085735321,0.3731347769498825
595,supervised,gradcam,predicted,backbone.layer2,4,4,4,0.0656234547495842,0.20948217809200287,0.13755281642079353
596,supervised,gradcam,predicted,backbone.layer2,7,7,7,0.1664963811635971,0.5739979147911072,0.37024714797735214
597,supervised,gradcam,predicted,backbone.layer2,3,3,3,0.002830221550539136,0.4449238181114197,0.2238770198309794
598,supervised,gradcam,predicted,backbone.layer2,5,3,3,-0.29190781712532043,0.2961440086364746,0.0021180957555770874
599,supervised,gradcam,predicted,backbone.layer2,3,3,3,-0.13876904547214508,0.3665845990180969,0.11390777677297592
600,supervised,gradcam,predicted,backbone.layer2,8,8,8,-0.14268767833709717,0.21366728842258453,0.03548980504274368
601,supervised,gradcam,predicted,backbone.layer2,5,5,5,0.17077676951885223,0.4290124177932739,0.2998945936560631
602,supervised,gradcam,predicted,backbone.layer2,0,0,0,0.4660181701183319,0.42954179644584656,0.44777998328208923
603,supervised,gradcam,predicted,backbone.layer2,2,2,2,0.05456255003809929,0.2086545079946518,0.13160852901637554
604,supervised,gradcam,predicted,backbone.layer2,1,1,1,0.09828514605760574,0.4070627689361572,0.2526739574968815
605,supervised,gradcam,predicted,backbone.layer2,6,6,6,0.1129704937338829,0.45902737975120544,0.2859989367425442
606,supervised,gradcam,predicted,backbone.layer2,4,4,4,-0.16552294790744781,0.42780429124832153,0.13114067167043686
607,supervised,gradcam,predicted,backbone.layer2,3,3,3,-0.09829592704772949,0.3885207772254944,0.14511242508888245
608,supervised,gradcam,predicted,backbone.layer2,3,3,3,0.3968619406223297,0.4909821152687073,0.4439220279455185
609,supervised,gradcam,predicted,backbone.layer2,9,9,9,0.4302234351634979,0.4027044475078583,0.4164639413356781
610,supervised,gradcam,predicted,backbone.layer2,6,6,6,-0.2834620475769043,0.3771682381629944,0.046853095293045044
611,supervised,gradcam,predicted,backbone.layer2,9,9,9,0.6432861089706421,0.13439585268497467,0.3888409808278084
612,supervised,gradcam,predicted,backbone.layer2,8,8,8,0.15691863000392914,0.20655204355716705,0.1817353367805481
613,supervised,gradcam,predicted,backbone.layer2,8,8,8,0.03887605667114258,0.3099920451641083,0.17443405091762543
614,supervised,gradcam,predicted,backbone.layer2,5,5,5,0.3229594826698303,0.40918099880218506,0.3660702407360077
615,supervised,gradcam,predicted,backbone.layer2,8,8,8,0.2111446112394333,0.28928515315055847,0.2502148821949959
616,supervised,gradcam,predicted,backbone.layer2,6,6,6,-0.0024051046930253506,0.31204867362976074,0.1548217844683677
617,supervised,gradcam,predicted,backbone.layer2,6,6,6,0.0012666697148233652,0.4069489538669586,0.204107811790891
618,supervised,gradcam,predicted,backbone.layer2,2,2,2,0.01268637366592884,0.22548247873783112,0.11908442620187998
619,supervised,gradcam,predicted,backbone.layer2,1,1,1,0.2738492488861084,0.5073620676994324,0.3906056582927704
620,supervised,gradcam,predicted,backbone.layer2,7,7,7,0.2950268089771271,0.4935205280780792,0.39427366852760315
621,supervised,gradcam,predicted,backbone.layer2,7,7,7,0.014785951003432274,0.49495282769203186,0.25486938934773207
622,supervised,gradcam,predicted,backbone.layer2,1,1,1,0.08623071759939194,0.47641292214393616,0.28132181987166405
623,supervised,gradcam,predicted,backbone.layer2,2,2,2,0.3630180358886719,0.18261192739009857,0.2728149816393852
624,supervised,gradcam,predicted,backbone.layer2,7,7,7,0.13087470829486847,0.5264456868171692,0.32866019755601883
625,supervised,gradcam,predicted,backbone.layer2,9,9,9,0.014656496234238148,0.4321761429309845,0.22341631958261132
626,supervised,gradcam,predicted,backbone.layer2,9,9,9,0.3437698483467102,0.4140002429485321,0.37888504564762115
627,supervised,gradcam,predicted,backbone.layer2,4,4,4,0.05766088515520096,0.3074662387371063,0.18256356194615364
628,supervised,gradcam,predicted,backbone.layer2,4,4,4,-0.02907385304570198,0.10347271710634232,0.03719943203032017
629,supervised,gradcam,predicted,backbone.layer2,1,1,1,-0.20427840948104858,0.45770063996315,0.12671111524105072
630,supervised,gradcam,predicted,backbone.layer2,2,2,2,-0.31450602412223816,0.3595694601535797,0.022531718015670776
631,supervised,gradcam,predicted,backbone.layer2,5,5,5,0.10816216468811035,0.3721083998680115,0.2401352822780609
632,supervised,gradcam,predicted,backbone.layer2,6,6,6,-0.1728469282388687,0.31401827931404114,0.07058567553758621
633,supervised,gradcam,predicted,backbone.layer2,8,8,8,0.1726033240556717,0.25588205456733704,0.21424268931150436
634,supervised,gradcam,predicted,backbone.layer2,7,7,7,0.22968493402004242,0.48505184054374695,0.3573683872818947
635,supervised,gradcam,predicted,backbone.layer2,6,6,6,0.07133284211158752,0.3596387803554535,0.2154858112335205
636,supervised,gradcam,predicted,backbone.layer2,8,8,8,-0.09624117612838745,0.28607678413391113,0.09491780400276184
637,supervised,gradcam,predicted,backbone.layer2,3,3,3,-0.07470674067735672,0.44030892848968506,0.18280109390616417
638,supervised,gradcam,predicted,backbone.layer2,0,0,0,0.3383176326751709,0.5465667247772217,0.4424421787261963
639,supervised,gradcam,predicted,backbone.layer2,5,3,3,0.12913455069065094,0.3741162121295929,0.2516253814101219
576,supervised,gradcam,predicted,backbone.layer3,8,8,8,0.15903060138225555,0.5761125087738037,0.36757155507802963
577,supervised,gradcam,predicted,backbone.layer3,9,9,9,0.2902287244796753,0.3410191535949707,0.315623939037323
578,supervised,gradcam,predicted,backbone.layer3,7,7,7,0.2976686656475067,0.3607422709465027,0.3292054682970047
579,supervised,gradcam,predicted,backbone.layer3,5,5,5,0.5703440308570862,0.5241156816482544,0.5472298562526703
580,supervised,gradcam,predicted,backbone.layer3,4,4,4,0.10429530590772629,0.46501755714416504,0.28465643152594566
581,supervised,gradcam,predicted,backbone.layer3,0,0,0,0.30570653080940247,0.3075881898403168,0.3066473603248596
582,supervised,gradcam,predicted,backbone.layer3,8,8,8,0.4252091944217682,0.6227322816848755,0.5239707380533218
583,supervised,gradcam,predicted,backbone.layer3,4,4,4,0.6185721158981323,0.5667635202407837,0.592667818069458
584,supervised,gradcam,predicted,backbone.layer3,0,0,0,0.3682962656021118,0.40588143467903137,0.3870888501405716
585,supervised,gradcam,predicted,backbone.layer3,9,9,9,0.24894845485687256,0.36847010254859924,0.3087092787027359
586,supervised,gradcam,predicted,backbone.layer3,3,3,3,0.4725673198699951,0.3514302372932434,0.41199877858161926
587,supervised,gradcam,predicted,backbone.layer3,4,4,4,0.5868422389030457,0.5045658946037292,0.5457040667533875
588,supervised,gradcam,predicted,backbone.layer3,8,8,8,0.406380832195282,0.5313918590545654,0.4688863456249237
589,supervised,gradcam,predicted,backbone.layer3,9,9,9,-0.002338069723919034,0.33226609230041504,0.164964011288248
590,supervised,gradcam,predicted,backbone.layer3,6,6,6,0.25319865345954895,0.29126498103141785,0.2722318172454834
591,supervised,gradcam,predicted,backbone.layer3,9,9,9,0.14962199330329895,0.31480082869529724,0.2322114109992981
592,supervised,gradcam,predicted,backbone.layer3,2,2,2,0.6377699375152588,0.6080141663551331,0.6228920519351959
593,supervised,gradcam,predicted,backbone.layer3,6,6,6,0.321620374917984,0.4389481246471405,0.38028424978256226
594,supervised,gradcam,predicted,backbone.layer3,1,1,1,0.5866673588752747,0.35737013816833496,0.4720187485218048
595,supervised,gradcam,predicted,backbone.layer3,4,4,4,0.6265643239021301,0.5382952094078064,0.5824297666549683
596,supervised,gradcam,predicted,backbone.layer3,7,7,7,0.6353603601455688,0.44010207056999207,0.5377312153577805
597,supervised,gradcam,predicted,backbone.layer3,3,3,3,-0.13579091429710388,0.25851497054100037,0.06136202812194824
598,supervised,gradcam,predicted,backbone.layer3,5,3,3,0.1652955710887909,0.20106303691864014,0.18317930400371552
599,supervised,gradcam,predicted,backbone.layer3,3,3,3,0.4882566034793854,0.3810998797416687,0.43467824161052704
600,supervised,gradcam,predicted,backbone.layer3,8,8,8,0.2117556780576706,0.44767776131629944,0.329716719686985
601,supervised,gradcam,predicted,backbone.layer3,5,5,5,0.2499113231897354,0.4943089783191681,0.37211015075445175
602,supervised,gradcam,predicted,backbone.layer3,0,0,0,0.030002828687429428,0.36743611097335815,0.1987194698303938
603,supervised,gradcam,predicted,backbone.layer3,2,2,2,0.41631022095680237,0.5229862332344055,0.46964822709560394
604,supervised,gradcam,predicted,backbone.layer3,1,1,1,0.5551562905311584,0.43343546986579895,0.4942958801984787
605,supervised,gradcam,predicted,backbone.layer3,6,6,6,0.35320430994033813,0.5268000960350037,0.4400022029876709
606,supervised,gradcam,predicted,backbone.layer3,4,4,4,0.3281118869781494,0.4122568368911743,0.37018436193466187
607,supervised,gradcam,predicted,backbone.layer3,3,3,3,-0.12425895035266876,0.26577505469322205,0.07075805217027664
608,supervised,gradcam,predicted,backbone.layer3,3,3,3,0.3917309641838074,0.47227779030799866,0.432004377245903
609,supervised,gradcam,predicted,backbone.layer3,9,9,9,0.36939123272895813,0.37932702898979187,0.374359130859375
610,supervised,gradcam,predicted,backbone.layer3,6,6,6,0.42971664667129517,0.4829726219177246,0.4563446342945099
611,supervised,gradcam,predicted,backbone.layer3,9,9,9,0.30623960494995117,0.2672172486782074,0.2867284268140793
612,supervised,gradcam,predicted,backbone.layer3,8,8,8,0.35708850622177124,0.4575604498386383,0.4073244780302048
613,supervised,gradcam,predicted,backbone.layer3,8,8,8,-0.19304831326007843,0.29243865609169006,0.04969517141580582
614,supervised,gradcam,predicted,backbone.layer3,5,5,5,0.5520175695419312,0.5679136514663696,0.5599656105041504
615,supervised,gradcam,predicted,backbone.layer3,8,8,8,0.4521556496620178,0.575221836566925,0.5136887431144714
616,supervised,gradcam,predicted,backbone.layer3,6,6,6,-0.14340780675411224,0.2707682251930237,0.06368020921945572
617,supervised,gradcam,predicted,backbone.layer3,6,6,6,0.28290554881095886,0.4288676083087921,0.3558865785598755
618,supervised,gradcam,predicted,backbone.layer3,2,2,2,0.3357005715370178,0.5282500386238098,0.4319753050804138
619,supervised,gradcam,predicted,backbone.layer3,1,1,1,0.5889619588851929,0.46119415760040283,0.5250780582427979
620,supervised,gradcam,predicted,backbone.layer3,7,7,7,0.6656659245491028,0.3551987409591675,0.5104323327541351
621,supervised,gradcam,predicted,backbone.layer3,7,7,7,0.05628090724349022,0.34012508392333984,0.19820299558341503
622,supervised,gradcam,predicted,backbone.layer3,1,1,1,0.21420970559120178,0.35132524371147156,0.28276747465133667
623,supervised,gradcam,predicted,backbone.layer3,2,2,2,-0.006879374384880066,0.43399515748023987,0.2135578915476799
624,supervised,gradcam,predicted,backbone.layer3,7,7,7,0.7471779584884644,0.48452624678611755,0.615852102637291
625,supervised,gradcam,predicted,backbone.layer3,9,9,9,0.12595845758914948,0.30785831809043884,0.21690838783979416
626,supervised,gradcam,predicted,backbone.layer3,9,9,9,0.3087858557701111,0.37362128496170044,0.34120357036590576
627,supervised,gradcam,predicted,backbone.layer3,4,4,4,0.5709437727928162,0.49884700775146484,0.5348953902721405
628,supervised,gradcam,predicted,backbone.layer3,4,4,4,0.5918813943862915,0.5186780691146851,0.5552797317504883
629,supervised,gradcam,predicted,backbone.layer3,1,1,1,0.2008802741765976,0.3757837414741516,0.2883320078253746
630,supervised,gradcam,predicted,backbone.layer3,2,2,2,-0.2933426797389984,0.494345486164093,0.1005014032125473
631,supervised,gradcam,predicted,backbone.layer3,5,5,5,0.7276116013526917,0.43625208735466003,0.5819318443536758
632,supervised,gradcam,predicted,backbone.layer3,6,6,6,0.3117935061454773,0.37670329213142395,0.3442483991384506
633,supervised,gradcam,predicted,backbone.layer3,8,8,8,0.5242000818252563,0.5179118514060974,0.5210559666156769
634,supervised,gradcam,predicted,backbone.layer3,7,7,7,0.5541371703147888,0.46286913752555847,0.5085031539201736
635,supervised,gradcam,predicted,backbone.layer3,6,6,6,-0.022403940558433533,0.3689825236797333,0.17328929156064987
636,supervised,gradcam,predicted,backbone.layer3,8,8,8,0.5672414898872375,0.5350900292396545,0.551165759563446
637,supervised,gradcam,predicted,backbone.layer3,3,3,3,0.45978400111198425,0.3760455846786499,0.4179147928953171
638,supervised,gradcam,predicted,backbone.layer3,0,0,0,0.07631287723779678,0.30144914984703064,0.1888810135424137
639,supervised,gradcam,predicted,backbone.layer3,5,3,3,-0.0036570741795003414,0.3898674547672272,0.19310519029386342
576,supervised,gradcam,predicted,backbone.layer4,8,8,8,0.008534635417163372,0.5591756701469421,0.28385515278205276
577,supervised,gradcam,predicted,backbone.layer4,9,9,9,0.5100546479225159,0.6172956228256226,0.5636751353740692
578,supervised,gradcam,predicted,backbone.layer4,7,7,7,0.5036211609840393,0.5915929675102234,0.5476070642471313
579,supervised,gradcam,predicted,backbone.layer4,5,5,5,0.5421318411827087,0.5534145832061768,0.5477732121944427
580,supervised,gradcam,predicted,backbone.layer4,4,4,4,0.2999064028263092,0.5928083658218384,0.4463573843240738
581,supervised,gradcam,predicted,backbone.layer4,0,0,0,0.24174118041992188,0.5098559260368347,0.3757985532283783
582,supervised,gradcam,predicted,backbone.layer4,8,8,8,0.5530307292938232,0.7024551033973694,0.6277429163455963
583,supervised,gradcam,predicted,backbone.layer4,4,4,4,0.1683139204978943,0.41195768117904663,0.29013580083847046
584,supervised,gradcam,predicted,backbone.layer4,0,0,0,0.43110528588294983,0.5715723037719727,0.5013387948274612
585,supervised,gradcam,predicted,backbone.layer4,9,9,9,0.31385132670402527,0.6347001791000366,0.47427575290203094
586,supervised,gradcam,predicted,backbone.layer4,3,3,3,0.4618714153766632,0.5412968397140503,0.5015841275453568
587,supervised,gradcam,predicted,backbone.layer4,4,4,4,0.4839880168437958,0.49822455644607544,0.4911062866449356
588,supervised,gradcam,predicted,backbone.layer4,8,8,8,0.5286856889724731,0.6385762691497803,0.5836309790611267
589,supervised,gradcam,predicted,backbone.layer4,9,9,9,-0.13127201795578003,0.4986751079559326,0.1837015450000763
590,supervised,gradcam,predicted,backbone.layer4,6,6,6,0.5216518640518188,0.6810005307197571,0.601326197385788
591,supervised,gradcam,predicted,backbone.layer4,9,9,9,0.24468201398849487,0.6263073086738586,0.43549466133117676
592,supervised,gradcam,predicted,backbone.layer4,2,2,2,0.5387218594551086,0.6064168810844421,0.5725693702697754
593,supervised,gradcam,predicted,backbone.layer4,6,6,6,0.6648303866386414,0.5885828137397766,0.626706600189209
594,supervised,gradcam,predicted,backbone.layer4,1,1,1,0.589862585067749,0.600569486618042,0.5952160358428955
595,supervised,gradcam,predicted,backbone.layer4,4,4,4,0.7334876656532288,0.7003245949745178,0.7169061303138733
596,supervised,gradcam,predicted,backbone.layer4,7,7,7,0.547715425491333,0.5777993202209473,0.5627573728561401
597,supervised,gradcam,predicted,backbone.layer4,3,3,3,0.5055684447288513,0.6191573739051819,0.5623629093170166
598,supervised,gradcam,predicted,backbone.layer4,5,3,3,0.38778388500213623,0.5793108344078064,0.4835473597049713
599,supervised,gradcam,predicted,backbone.layer4,3,3,3,0.36959323287010193,0.4942944645881653,0.4319438487291336
600,supervised,gradcam,predicted,backbone.layer4,8,8,8,-0.017793206498026848,0.48541751503944397,0.23381215427070856
601,supervised,gradcam,predicted,backbone.layer4,5,5,5,0.5739471316337585,0.5356320738792419,0.5547896027565002
602,supervised,gradcam,predicted,backbone.layer4,0,0,0,0.315131276845932,0.5793398022651672,0.4472355395555496
603,supervised,gradcam,predicted,backbone.layer4,2,2,2,0.35025790333747864,0.607929527759552,0.4790937155485153
604,supervised,gradcam,predicted,backbone.layer4,1,1,1,0.3963494598865509,0.5801588296890259,0.4882541447877884
605,supervised,gradcam,predicted,backbone.layer4,6,6,6,0.1620972752571106,0.5309709310531616,0.3465341031551361
606,supervised,gradcam,predicted,backbone.layer4,4,4,4,0.4376011788845062,0.5735969543457031,0.5055990666151047
607,supervised,gradcam,predicted,backbone.layer4,3,3,3,0.583587646484375,0.6677044034004211,0.6256460249423981
608,supervised,gradcam,predicted,backbone.layer4,3,3,3,-0.028246082365512848,0.5752447843551636,0.27349935099482536
609,supervised,gradcam,predicted,backbone.layer4,9,9,9,0.015322396531701088,0.5378875732421875,0.2766049848869443
610,supervised,gradcam,predicted,backbone.layer4,6,6,6,0.16658048331737518,0.5798318982124329,0.373206190764904
611,supervised,gradcam,predicted,backbone.layer4,9,9,9,-0.05599560961127281,0.5293794274330139,0.23669190891087055
612,supervised,gradcam,predicted,backbone.layer4,8,8,8,0.05480597913265228,0.4506186246871948,0.25271230190992355
613,supervised,gradcam,predicted,backbone.layer4,8,8,8,-0.09107030183076859,0.5481600165367126,0.22854485735297203
614,supervised,gradcam,predicted,backbone.layer4,5,5,5,0.5223990678787231,0.5768029093742371,0.5496009886264801
615,supervised,gradcam,predicted,backbone.layer4,8,8,8,0.1944608986377716,0.5668123960494995,0.38063664734363556
616,supervised,gradcam,predicted,backbone.layer4,6,6,6,0.2111474871635437,0.4731282591819763,0.34213787317276
617,supervised,gradcam,predicted,backbone.layer4,6,6,6,0.17810578644275665,0.4682544767856598,0.3231801316142082
618,supervised,gradcam,predicted,backbone.layer4,2,2,2,0.18877385556697845,0.5140642523765564,0.3514190539717674
619,supervised,gradcam,predicted,backbone.layer4,1,1,1,0.23347347974777222,0.5995106101036072,0.4164920449256897
620,supervised,gradcam,predicted,backbone.layer4,7,7,7,0.2412796914577484,0.5036171674728394,0.3724484294652939
621,supervised,gradcam,predicted,backbone.layer4,7,7,7,0.16974139213562012,0.5210890173912048,0.3454152047634125
622,supervised,gradcam,predicted,backbone.layer4,1,1,1,0.19687485694885254,0.5503584742546082,0.37361666560173035
623,supervised,gradcam,predicted,backbone.layer4,2,2,2,0.20615731179714203,0.4638320505619049,0.33499468117952347
624,supervised,gradcam,predicted,backbone.layer4,7,7,7,0.489509254693985,0.527390718460083,0.508449986577034
625,supervised,gradcam,predicted,backbone.layer4,9,9,9,0.013586122542619705,0.5471356511116028,0.28036088682711124
626,supervised,gradcam,predicted,backbone.layer4,9,9,9,0.3783358037471771,0.5990625023841858,0.48869915306568146
627,supervised,gradcam,predicted,backbone.layer4,4,4,4,0.40185996890068054,0.5782177448272705,0.4900388568639755
628,supervised,gradcam,predicted,backbone.layer4,4,4,4,0.3507556617259979,0.5020250082015991,0.4263903349637985
629,supervised,gradcam,predicted,backbone.layer4,1,1,1,0.41470474004745483,0.4726152718067169,0.4436600059270859
630,supervised,gradcam,predicted,backbone.layer4,2,2,2,0.07628969103097916,0.5245261192321777,0.30040790513157845
631,supervised,gradcam,predicted,backbone.layer4,5,5,5,0.5826581120491028,0.5032949447631836,0.5429765284061432
632,supervised,gradcam,predicted,backbone.layer4,6,6,6,0.346485435962677,0.5527641177177429,0.44962477684020996
633,supervised,gradcam,predicted,backbone.layer4,8,8,8,0.32447969913482666,0.5985553860664368,0.4615175426006317
634,supervised,gradcam,predicted,backbone.layer4,7,7,7,0.39718422293663025,0.5604329705238342,0.47880859673023224
635,supervised,gradcam,predicted,backbone.layer4,6,6,6,0.38625890016555786,0.5280414819717407,0.4571501910686493
636,supervised,gradcam,predicted,backbone.layer4,8,8,8,0.32972046732902527,0.6066699624061584,0.46819521486759186
637,supervised,gradcam,predicted,backbone.layer4,3,3,3,0.5452228784561157,0.5532031655311584,0.5492130219936371
638,supervised,gradcam,predicted,backbone.layer4,0,0,0,0.410864919424057,0.5380483865737915,0.47445665299892426
639,supervised,gradcam,predicted,backbone.layer4,5,3,3,0.17643572390079498,0.4302271008491516,0.3033314123749733
640,supervised,gradcam,predicted,backbone.layer1,5,3,3,-0.1510087549686432,0.09681258350610733,-0.02709808573126793
641,supervised,gradcam,predicted,backbone.layer1,3,3,3,-0.07986471056938171,0.17167647182941437,0.04590588063001633
642,supervised,gradcam,predicted,backbone.layer1,0,0,0,-0.26423341035842896,0.2111511528491974,-0.026541128754615784
643,supervised,gradcam,predicted,backbone.layer1,7,7,7,0.010972077026963234,0.03876987472176552,0.024870975874364376
644,supervised,gradcam,predicted,backbone.layer1,9,9,9,0.27366769313812256,0.18726570904254913,0.23046670109033585
645,supervised,gradcam,predicted,backbone.layer1,1,1,1,0.18167777359485626,0.434234619140625,0.30795619636774063
646,supervised,gradcam,predicted,backbone.layer1,3,3,3,-0.10632871836423874,0.046994537115097046,-0.029667090624570847
647,supervised,gradcam,predicted,backbone.layer1,4,4,4,0.2613450586795807,0.44849032163619995,0.3549176901578903
648,supervised,gradcam,predicted,backbone.layer1,4,4,4,-0.01896052435040474,0.41089507937431335,0.1959672775119543
649,supervised,gradcam,predicted,backbone.layer1,5,5,5,0.05802764371037483,0.09204023331403732,0.07503393851220608
650,supervised,gradcam,predicted,backbone.layer1,3,3,3,-0.08061090111732483,0.27122732996940613,0.09530821442604065
651,supervised,gradcam,predicted,backbone.layer1,9,9,9,-0.060154691338539124,0.11684191226959229,0.02834361046552658
652,supervised,gradcam,predicted,backbone.layer1,5,5,5,-0.09368596971035004,0.05502541735768318,-0.019330276176333427
653,supervised,gradcam,predicted,backbone.layer1,6,6,6,0.08845304697751999,0.4826465845108032,0.2855498157441616
654,supervised,gradcam,predicted,backbone.layer1,9,9,9,0.33879977464675903,0.23165547847747803,0.28522762656211853
655,supervised,gradcam,predicted,backbone.layer1,2,4,4,0.2956945300102234,0.4295412003993988,0.3626178652048111
656,supervised,gradcam,predicted,backbone.layer1,1,1,1,0.42549729347229004,0.41667500138282776,0.4210861474275589
657,supervised,gradcam,predicted,backbone.layer1,1,9,9,0.3944237530231476,0.28762465715408325,0.3410242050886154
658,supervised,gradcam,predicted,backbone.layer1,4,4,4,0.019180668517947197,0.09368447959423065,0.056432574056088924
659,supervised,gradcam,predicted,backbone.layer1,1,1,1,0.29950398206710815,0.27282044291496277,0.28616221249103546
660,supervised,gradcam,predicted,backbone.layer1,9,9,9,0.15376681089401245,0.15932340919971466,0.15654511004686356
661,supervised,gradcam,predicted,backbone.layer1,4,4,4,0.14664289355278015,0.2217506319284439,0.18419676274061203
662,supervised,gradcam,predicted,backbone.layer1,7,7,7,-0.055466264486312866,0.08822488784790039,0.016379311680793762
663,supervised,gradcam,predicted,backbone.layer1,6,6,6,0.15979735553264618,0.41734665632247925,0.2885720059275627
664,supervised,gradcam,predicted,backbone.layer1,3,3,3,-0.04567224904894829,0.10115259885787964,0.027740174904465675
665,supervised,gradcam,predicted,backbone.layer1,8,0,0,-0.2705804407596588,0.32577869296073914,0.02759912610054016
666,supervised,gradcam,predicted,backbone.layer1,9,9,9,-0.01591264270246029,0.11720624566078186,0.050646801479160786
667,supervised,gradcam,predicted,backbone.layer1,0,0,0,-0.029101084917783737,0.044399116188287735,0.007649015635251999
668,supervised,gradcam,predicted,backbone.layer1,1,1,1,0.31240686774253845,0.4682750999927521,0.39034098386764526
669,supervised,gradcam,predicted,backbone.layer1,3,3,3,0.2240062654018402,0.33330291509628296,0.2786545902490616
670,supervised,gradcam,predicted,backbone.layer1,6,6,6,0.02915829047560692,0.3724006712436676,0.20077948085963726
671,supervised,gradcam,predicted,backbone.layer1,3,5,5,-0.058897942304611206,0.07294679433107376,0.0070244260132312775
672,supervised,gradcam,predicted,backbone.layer1,6,6,6,-0.015230805613100529,0.3807032108306885,0.18273620260879397
673,supervised,gradcam,predicted,backbone.layer1,3,3,3,-0.04919181019067764,0.13625206053256989,0.04353012517094612
674,supervised,gradcam,predicted,backbone.layer1,2,2,2,0.031814441084861755,0.40307721495628357,0.21744582802057266
675,supervised,gradcam,predicted,backbone.layer1,0,0,0,-0.11442877352237701,0.21735621988773346,0.05146372318267822
676,supervised,gradcam,predicted,backbone.layer1,3,3,3,-0.0408891960978508,0.1730039268732071,0.06605736538767815
677,supervised,gradcam,predicted,backbone.layer1,1,1,1,-0.03123653307557106,0.4376601576805115,0.2032118123024702
678,supervised,gradcam,predicted,backbone.layer1,0,0,0,0.1462007761001587,0.413381963968277,0.27979137003421783
679,supervised,gradcam,predicted,backbone.layer1,5,3,3,-0.019953718408942223,0.3926672339439392,0.1863567577674985
680,supervised,gradcam,predicted,backbone.layer1,9,1,1,0.09792885929346085,0.41962751746177673,0.2587781883776188
681,supervised,gradcam,predicted,backbone.layer1,6,6,6,0.09643068164587021,0.365421324968338,0.2309260033071041
682,supervised,gradcam,predicted,backbone.layer1,4,4,4,0.1759493052959442,0.46078863739967346,0.31836897134780884
683,supervised,gradcam,predicted,backbone.layer1,8,0,0,0.22547757625579834,0.3835603892803192,0.3045189827680588
684,supervised,gradcam,predicted,backbone.layer1,9,9,9,0.3200374245643616,0.17022202908992767,0.24512972682714462
685,supervised,gradcam,predicted,backbone.layer1,6,2,2,-0.02301877737045288,0.1385376751422882,0.057759448885917664
686,supervised,gradcam,predicted,backbone.layer1,9,9,9,0.3470398485660553,0.19691936671733856,0.27197960764169693
687,supervised,gradcam,predicted,backbone.layer1,6,6,6,0.2922126054763794,0.49771058559417725,0.3949615955352783
688,supervised,gradcam,predicted,backbone.layer1,3,3,3,0.1840452402830124,0.1358516961336136,0.159948468208313
689,supervised,gradcam,predicted,backbone.layer1,0,2,2,-0.022476930171251297,0.3865562081336975,0.1820396389812231
690,supervised,gradcam,predicted,backbone.layer1,3,3,3,0.3651496171951294,0.1537015289068222,0.2594255730509758
691,supervised,gradcam,predicted,backbone.layer1,2,2,2,0.1891426295042038,0.29158830642700195,0.24036546796560287
692,supervised,gradcam,predicted,backbone.layer1,2,2,2,-0.16086873412132263,0.14634516835212708,-0.007261782884597778
693,supervised,gradcam,predicted,backbone.layer1,7,7,7,0.13430550694465637,0.03153082728385925,0.08291816711425781
694,supervised,gradcam,predicted,backbone.layer1,8,8,8,0.36422374844551086,0.19200190901756287,0.27811282873153687
695,supervised,gradcam,predicted,backbone.layer1,3,3,3,0.09941844642162323,0.1806613653898239,0.14003990590572357
696,supervised,gradcam,predicted,backbone.layer1,8,8,8,0.19370827078819275,0.15088215470314026,0.1722952127456665
697,supervised,gradcam,predicted,backbone.layer1,2,2,2,0.014183820225298405,0.2559472918510437,0.13506555603817105
698,supervised,gradcam,predicted,backbone.layer1,7,7,7,0.043652236461639404,0.0049058860167860985,0.02427906123921275
699,supervised,gradcam,predicted,backbone.layer1,5,5,5,-0.11790543794631958,0.01418931782245636,-0.05185806006193161
700,supervised,gradcam,predicted,backbone.layer1,7,7,7,0.0,0.0,0.0
701,supervised,gradcam,predicted,backbone.layer1,2,2,2,0.14910747110843658,0.3716338574886322,0.2603706642985344
702,supervised,gradcam,predicted,backbone.layer1,4,4,4,0.2759630084037781,0.5104639530181885,0.3932134807109833
703,supervised,gradcam,predicted,backbone.layer1,8,8,8,0.07607480883598328,0.10863067954778671,0.092352744191885
640,supervised,gradcam,predicted,backbone.layer2,5,3,3,-0.11027232557535172,0.38955384492874146,0.13964075967669487
641,supervised,gradcam,predicted,backbone.layer2,3,3,3,-0.13019728660583496,0.2595369517803192,0.06466983258724213
642,supervised,gradcam,predicted,backbone.layer2,0,0,0,0.26349329948425293,0.45893430709838867,0.3612138032913208
643,supervised,gradcam,predicted,backbone.layer2,7,7,7,0.23122179508209229,0.6002883315086365,0.4157550632953644
644,supervised,gradcam,predicted,backbone.layer2,9,9,9,0.3057045638561249,0.3214724659919739,0.3135885149240494
645,supervised,gradcam,predicted,backbone.layer2,1,1,1,0.004407716915011406,0.5604969263076782,0.2824523216113448
646,supervised,gradcam,predicted,backbone.layer2,3,3,3,-0.00012131084076827392,0.3466772437095642,0.17327796643439797
647,supervised,gradcam,predicted,backbone.layer2,4,4,4,-0.26319268345832825,0.4098036289215088,0.07330547273159027
648,supervised,gradcam,predicted,backbone.layer2,4,4,4,-0.07175905257463455,0.345044881105423,0.1366429142653942
649,supervised,gradcam,predicted,backbone.layer2,5,5,5,-0.015041504055261612,0.2182125449180603,0.10158552043139935
650,supervised,gradcam,predicted,backbone.layer2,3,3,3,-0.2668669521808624,0.36504456400871277,0.04908880591392517
651,supervised,gradcam,predicted,backbone.layer2,9,9,9,0.05767395719885826,0.2732120156288147,0.16544298641383648
652,supervised,gradcam,predicted,backbone.layer2,5,5,5,-0.03859156370162964,0.19283246994018555,0.07712045311927795
653,supervised,gradcam,predicted,backbone.layer2,6,6,6,0.040115900337696075,0.42122146487236023,0.23066868260502815
654,supervised,gradcam,predicted,backbone.layer2,9,9,9,0.2478589415550232,0.498384028673172,0.3731214851140976
655,supervised,gradcam,predicted,backbone.layer2,2,4,4,0.2012641280889511,0.2303481251001358,0.21580612659454346
656,supervised,gradcam,predicted,backbone.layer2,1,1,1,0.03013155609369278,0.5106082558631897,0.27036990597844124
657,supervised,gradcam,predicted,backbone.layer2,1,9,9,-0.1985100507736206,0.2476474940776825,0.024568721652030945
658,supervised,gradcam,predicted,backbone.layer2,4,4,4,0.11022725701332092,0.29597488045692444,0.20310106873512268
659,supervised,gradcam,predicted,backbone.layer2,1,1,1,0.46059077978134155,0.5292370319366455,0.49491390585899353
660,supervised,gradcam,predicted,backbone.layer2,9,9,9,0.14127959311008453,0.484296590089798,0.31278809159994125
661,supervised,gradcam,predicted,backbone.layer2,4,4,4,0.12086171656847,0.3158477544784546,0.2183547355234623
662,supervised,gradcam,predicted,backbone.layer2,7,7,7,0.35912850499153137,0.5864951014518738,0.4728118032217026
663,supervised,gradcam,predicted,backbone.layer2,6,6,6,0.0754191130399704,0.40828031301498413,0.24184971302747726
664,supervised,gradcam,predicted,backbone.layer2,3,3,3,-0.3355056643486023,0.27245986461639404,-0.031522899866104126
665,supervised,gradcam,predicted,backbone.layer2,8,0,0,0.06244168430566788,0.35940858721733093,0.2109251357614994
666,supervised,gradcam,predicted,backbone.layer2,9,9,9,-0.036682046949863434,0.31466197967529297,0.13898996636271477
667,supervised,gradcam,predicted,backbone.layer2,0,0,0,-0.20143693685531616,0.4296031892299652,0.11408312618732452
668,supervised,gradcam,predicted,backbone.layer2,1,1,1,-0.04338105022907257,0.5216694474220276,0.2391441985964775
669,supervised,gradcam,predicted,backbone.layer2,3,3,3,0.14958858489990234,0.4735834002494812,0.3115859925746918
670,supervised,gradcam,predicted,backbone.layer2,6,6,6,-0.09835629165172577,0.38245850801467896,0.1420511081814766
671,supervised,gradcam,predicted,backbone.layer2,3,5,5,0.008754645474255085,0.3831116855144501,0.19593316549435258
672,supervised,gradcam,predicted,backbone.layer2,6,6,6,-0.19366833567619324,0.32247379422187805,0.06440272927284241
673,supervised,gradcam,predicted,backbone.layer2,3,3,3,0.30368855595588684,0.46237197518348694,0.3830302655696869
674,supervised,gradcam,predicted,backbone.layer2,2,2,2,-0.20302419364452362,0.35055291652679443,0.0737643614411354
675,supervised,gradcam,predicted,backbone.layer2,0,0,0,0.3691176176071167,0.43881142139434814,0.4039645195007324
676,supervised,gradcam,predicted,backbone.layer2,3,3,3,0.09258698672056198,0.43690747022628784,0.2647472284734249
677,supervised,gradcam,predicted,backbone.layer2,1,1,1,-0.2102360874414444,0.45668914914131165,0.12322653084993362
678,supervised,gradcam,predicted,backbone.layer2,0,0,0,0.15613451600074768,0.08941520750522614,0.12277486175298691
679,supervised,gradcam,predicted,backbone.layer2,5,3,3,-0.05405596271157265,0.37879642844200134,0.16237023286521435
680,supervised,gradcam,predicted,backbone.layer2,9,1,1,-0.1507999747991562,0.4431801736354828,0.1461900994181633
681,supervised,gradcam,predicted,backbone.layer2,6,6,6,0.27215054631233215,0.4797506034374237,0.37595057487487793
682,supervised,gradcam,predicted,backbone.layer2,4,4,4,-0.16576138138771057,0.14630232751369476,-0.009729526937007904
683,supervised,gradcam,predicted,backbone.layer2,8,0,0,-0.027562500908970833,0.24913842976093292,0.11078796442598104
684,supervised,gradcam,predicted,backbone.layer2,9,9,9,-0.1685333400964737,0.2561476230621338,0.04380714148283005
685,supervised,gradcam,predicted,backbone.layer2,6,2,2,-0.1772773563861847,0.31697022914886475,0.06984643638134003
686,supervised,gradcam,predicted,backbone.layer2,9,9,9,0.01164073683321476,0.4102148711681366,0.21092780400067568
687,supervised,gradcam,predicted,backbone.layer2,6,6,6,-0.1637057662010193,0.3282361328601837,0.08226518332958221
688,supervised,gradcam,predicted,backbone.layer2,3,3,3,-0.04937483370304108,0.39157387614250183,0.17109952121973038
689,supervised,gradcam,predicted,backbone.layer2,0,2,2,-0.2219623625278473,0.2179960161447525,-0.001983173191547394
690,supervised,gradcam,predicted,backbone.layer2,3,3,3,0.28041553497314453,0.550800085067749,0.4156078100204468
691,supervised,gradcam,predicted,backbone.layer2,2,2,2,-0.09603773802518845,0.20001310110092163,0.05198768153786659
692,supervised,gradcam,predicted,backbone.layer2,2,2,2,0.4745003879070282,0.4239736795425415,0.44923703372478485
693,supervised,gradcam,predicted,backbone.layer2,7,7,7,0.40363726019859314,0.5812911987304688,0.49246422946453094
694,supervised,gradcam,predicted,backbone.layer2,8,8,8,0.20457741618156433,0.3185385465621948,0.2615579813718796
695,supervised,gradcam,predicted,backbone.layer2,3,3,3,0.003968515433371067,0.3538309633731842,0.17889973940327764
696,supervised,gradcam,predicted,backbone.layer2,8,8,8,0.0695401206612587,0.3051312267780304,0.18733567371964455
697,supervised,gradcam,predicted,backbone.layer2,2,2,2,0.24105623364448547,0.3630130887031555,0.3020346611738205
698,supervised,gradcam,predicted,backbone.layer2,7,7,7,0.5804488658905029,0.6876871585845947,0.6340680122375488
699,supervised,gradcam,predicted,backbone.layer2,5,5,5,-0.2162662297487259,0.1642359048128128,-0.026015162467956543
700,supervised,gradcam,predicted,backbone.layer2,7,7,7,0.4864978790283203,0.5972500443458557,0.541873961687088
701,supervised,gradcam,predicted,backbone.layer2,2,2,2,0.36125507950782776,0.28459039330482483,0.3229227364063263
702,supervised,gradcam,predicted,backbone.layer2,4,4,4,-0.1749698519706726,0.34102389216423035,0.08302702009677887
703,supervised,gradcam,predicted,backbone.layer2,8,8,8,-0.07321123033761978,0.33257725834846497,0.1296830140054226
640,supervised,gradcam,predicted,backbone.layer3,5,3,3,0.215508371591568,0.31847625970840454,0.26699231564998627
641,supervised,gradcam,predicted,backbone.layer3,3,3,3,0.6326889991760254,0.4593217074871063,0.5460053533315659
642,supervised,gradcam,predicted,backbone.layer3,0,0,0,-0.2737707197666168,0.21428018808364868,-0.02974526584148407
643,supervised,gradcam,predicted,backbone.layer3,7,7,7,0.27128827571868896,0.4106658101081848,0.3409770429134369
644,supervised,gradcam,predicted,backbone.layer3,9,9,9,0.6518740057945251,0.4072956442832947,0.5295848250389099
645,supervised,gradcam,predicted,backbone.layer3,1,1,1,-0.07360893487930298,0.35457903146743774,0.14048504829406738
646,supervised,gradcam,predicted,backbone.layer3,3,3,3,0.4125036895275116,0.4365991950035095,0.42455144226551056
647,supervised,gradcam,predicted,backbone.layer3,4,4,4,0.3617204427719116,0.5277050733566284,0.44471275806427
648,supervised,gradcam,predicted,backbone.layer3,4,4,4,0.6885049939155579,0.5883674621582031,0.6384362280368805
649,supervised,gradcam,predicted,backbone.layer3,5,5,5,-0.12573499977588654,0.36833521723747253,0.121300108730793
650,supervised,gradcam,predicted,backbone.layer3,3,3,3,0.802023708820343,0.5112090706825256,0.6566163897514343
651,supervised,gradcam,predicted,backbone.layer3,9,9,9,0.07080036401748657,0.3578653037548065,0.21433283388614655
652,supervised,gradcam,predicted,backbone.layer3,5,5,5,0.5510640144348145,0.4614832103252411,0.5062736123800278
653,supervised,gradcam,predicted,backbone.layer3,6,6,6,0.07734176516532898,0.42660126090049744,0.2519715130329132
654,supervised,gradcam,predicted,backbone.layer3,9,9,9,-0.06877671182155609,0.3213196396827698,0.12627146393060684
655,supervised,gradcam,predicted,backbone.layer3,2,4,4,-0.23838798701763153,0.2567613124847412,0.00918666273355484
656,supervised,gradcam,predicted,backbone.layer3,1,1,1,0.3917228579521179,0.5081834197044373,0.4499531388282776
657,supervised,gradcam,predicted,backbone.layer3,1,9,9,0.24088436365127563,0.32085663080215454,0.2808704972267151
658,supervised,gradcam,predicted,backbone.layer3,4,4,4,0.40208107233047485,0.5629076361656189,0.4824943542480469
659,supervised,gradcam,predicted,backbone.layer3,1,1,1,0.6035115122795105,0.4521932601928711,0.5278523862361908
660,supervised,gradcam,predicted,backbone.layer3,9,9,9,0.06507232785224915,0.3771750330924988,0.22112368047237396
661,supervised,gradcam,predicted,backbone.layer3,4,4,4,0.3186735510826111,0.4847583472728729,0.401715949177742
662,supervised,gradcam,predicted,backbone.layer3,7,7,7,0.6297885179519653,0.46898314356803894,0.5493858307600021
663,supervised,gradcam,predicted,backbone.layer3,6,6,6,0.25341635942459106,0.3763813376426697,0.31489884853363037
664,supervised,gradcam,predicted,backbone.layer3,3,3,3,0.38920244574546814,0.25682497024536133,0.32301370799541473
665,supervised,gradcam,predicted,backbone.layer3,8,0,0,-0.015086484141647816,0.2916947305202484,0.1383041231893003
666,supervised,gradcam,predicted,backbone.layer3,9,9,9,0.27720725536346436,0.42622753977775574,0.35171739757061005
667,supervised,gradcam,predicted,backbone.layer3,0,0,0,0.26629072427749634,0.33807164430618286,0.3021811842918396
668,supervised,gradcam,predicted,backbone.layer3,1,1,1,0.4085581302642822,0.37581920623779297,0.3921886682510376
669,supervised,gradcam,predicted,backbone.layer3,3,3,3,0.48240530490875244,0.38405758142471313,0.4332314431667328
670,supervised,gradcam,predicted,backbone.layer3,6,6,6,0.4080163538455963,0.445020467042923,0.42651841044425964
671,supervised,gradcam,predicted,backbone.layer3,3,5,5,0.38454192876815796,0.4731180965900421,0.42883001267910004
672,supervised,gradcam,predicted,backbone.layer3,6,6,6,0.7674719095230103,0.40932929515838623,0.5884006023406982
673,supervised,gradcam,predicted,backbone.layer3,3,3,3,0.3085641860961914,0.39361372590065,0.3510889559984207
674,supervised,gradcam,predicted,backbone.layer3,2,2,2,0.7112007141113281,0.6509097218513489,0.6810552179813385
675,supervised,gradcam,predicted,backbone.layer3,0,0,0,0.33489668369293213,0.42078396677970886,0.3778403252363205
676,supervised,gradcam,predicted,backbone.layer3,3,3,3,0.04746409133076668,0.40893760323524475,0.22820084728300571
677,supervised,gradcam,predicted,backbone.layer3,1,1,1,0.35298043489456177,0.4330432713031769,0.3930118530988693
678,supervised,gradcam,predicted,backbone.layer3,0,0,0,0.4482671916484833,0.39903879165649414,0.4236529916524887
679,supervised,gradcam,predicted,backbone.layer3,5,3,3,0.0792747363448143,0.3457477390766144,0.21251123771071434
680,supervised,gradcam,predicted,backbone.layer3,9,1,1,-0.1655241847038269,0.29144805669784546,0.06296193599700928
681,supervised,gradcam,predicted,backbone.layer3,6,6,6,0.6494222283363342,0.5935013294219971,0.6214617788791656
682,supervised,gradcam,predicted,backbone.layer3,4,4,4,0.715931236743927,0.44060948491096497,0.578270360827446
683,supervised,gradcam,predicted,backbone.layer3,8,0,0,0.36423394083976746,0.3685365617275238,0.36638525128364563
684,supervised,gradcam,predicted,backbone.layer3,9,9,9,-0.13783922791481018,0.33917132019996643,0.10066604614257812
685,supervised,gradcam,predicted,backbone.layer3,6,2,2,-0.22727027535438538,0.33619076013565063,0.05446024239063263
686,supervised,gradcam,predicted,backbone.layer3,9,9,9,0.5961582064628601,0.42805659770965576,0.5121074020862579
687,supervised,gradcam,predicted,backbone.layer3,6,6,6,0.23474860191345215,0.4251105487346649,0.32992957532405853
688,supervised,gradcam,predicted,backbone.layer3,3,3,3,0.6142431497573853,0.46175524592399597,0.5379991978406906
689,supervised,gradcam,predicted,backbone.layer3,0,2,2,0.20057585835456848,0.5757788419723511,0.3881773501634598
690,supervised,gradcam,predicted,backbone.layer3,3,3,3,0.3965146541595459,0.4179857671260834,0.40725021064281464
691,supervised,gradcam,predicted,backbone.layer3,2,2,2,-0.12199082225561142,0.40206605195999146,0.14003761485219002
692,supervised,gradcam,predicted,backbone.layer3,2,2,2,-0.18485936522483826,0.5353327393531799,0.17523668706417084
693,supervised,gradcam,predicted,backbone.layer3,7,7,7,0.5593230724334717,0.4693194031715393,0.5143212378025055
694,supervised,gradcam,predicted,backbone.layer3,8,8,8,0.3499266803264618,0.5166885852813721,0.43330763280391693
695,supervised,gradcam,predicted,backbone.layer3,3,3,3,0.41123220324516296,0.3506218194961548,0.3809270113706589
696,supervised,gradcam,predicted,backbone.layer3,8,8,8,-0.09389202296733856,0.34523409605026245,0.12567103654146194
697,supervised,gradcam,predicted,backbone.layer3,2,2,2,0.3052237629890442,0.4228869378566742,0.3640553504228592
698,supervised,gradcam,predicted,backbone.layer3,7,7,7,0.7022750973701477,0.4970073997974396,0.5996412485837936
699,supervised,gradcam,predicted,backbone.layer3,5,5,5,0.4516018331050873,0.441567987203598,0.44658491015434265
700,supervised,gradcam,predicted,backbone.layer3,7,7,7,0.6049399375915527,0.45098668336868286,0.5279633104801178
701,supervised,gradcam,predicted,backbone.layer3,2,2,2,0.3076481223106384,0.4693555235862732,0.3885018229484558
702,supervised,gradcam,predicted,backbone.layer3,4,4,4,0.6559838652610779,0.46609175205230713,0.5610378086566925
703,supervised,gradcam,predicted,backbone.layer3,8,8,8,0.2597993314266205,0.5123001933097839,0.3860497623682022
640,supervised,gradcam,predicted,backbone.layer4,5,3,3,0.20490582287311554,0.440696656703949,0.32280123978853226
641,supervised,gradcam,predicted,backbone.layer4,3,3,3,0.19348829984664917,0.44646957516670227,0.3199789375066757
642,supervised,gradcam,predicted,backbone.layer4,0,0,0,0.31753820180892944,0.5650649070739746,0.441301554441452
643,supervised,gradcam,predicted,backbone.layer4,7,7,7,0.2581228017807007,0.5286691784858704,0.3933959901332855
644,supervised,gradcam,predicted,backbone.layer4,9,9,9,0.4875643849372864,0.604186475276947,0.5458754301071167
645,supervised,gradcam,predicted,backbone.layer4,1,1,1,-0.021884052082896233,0.5995679497718811,0.28884194884449244
646,supervised,gradcam,predicted,backbone.layer4,3,3,3,0.20735600590705872,0.5396122336387634,0.37348411977291107
647,supervised,gradcam,predicted,backbone.layer4,4,4,4,0.35639628767967224,0.5521643161773682,0.4542803019285202
648,supervised,gradcam,predicted,backbone.layer4,4,4,4,0.6662522554397583,0.620126485824585,0.6431893706321716
649,supervised,gradcam,predicted,backbone.layer4,5,5,5,0.45893192291259766,0.6039263010025024,0.53142911195755
650,supervised,gradcam,predicted,backbone.layer4,3,3,3,0.19403237104415894,0.46192067861557007,0.3279765248298645
651,supervised,gradcam,predicted,backbone.layer4,9,9,9,-0.005877422168850899,0.5171307921409607,0.2556266849860549
652,supervised,gradcam,predicted,backbone.layer4,5,5,5,0.5329400897026062,0.5812090635299683,0.5570745766162872
653,supervised,gradcam,predicted,backbone.layer4,6,6,6,0.49191731214523315,0.6764986515045166,0.5842079818248749
654,supervised,gradcam,predicted,backbone.layer4,9,9,9,0.26500433683395386,0.5023179054260254,0.3836611211299896
655,supervised,gradcam,predicted,backbone.layer4,2,4,4,0.006613004021346569,0.3815503716468811,0.19408168783411384
656,supervised,gradcam,predicted,backbone.layer4,1,1,1,0.3781585097312927,0.5474843382835388,0.46282142400741577
657,supervised,gradcam,predicted,backbone.layer4,1,9,9,0.35158678889274597,0.5828173756599426,0.4672020822763443
658,supervised,gradcam,predicted,backbone.layer4,4,4,4,0.6276252865791321,0.6763819456100464,0.6520036160945892
659,supervised,gradcam,predicted,backbone.layer4,1,1,1,-0.007928788661956787,0.5082569122314453,0.25016406178474426
660,supervised,gradcam,predicted,backbone.layer4,9,9,9,0.14860782027244568,0.6015332937240601,0.37507055699825287
661,supervised,gradcam,predicted,backbone.layer4,4,4,4,0.3431227505207062,0.5878089666366577,0.46546585857868195
662,supervised,gradcam,predicted,backbone.layer4,7,7,7,0.13515512645244598,0.5474148392677307,0.34128498286008835
663,supervised,gradcam,predicted,backbone.layer4,6,6,6,0.35169199109077454,0.3748096823692322,0.36325083673000336
664,supervised,gradcam,predicted,backbone.layer4,3,3,3,0.5493910908699036,0.5389971137046814,0.5441941022872925
665,supervised,gradcam,predicted,backbone.layer4,8,0,0,0.5226791501045227,0.617364227771759,0.5700216889381409
666,supervised,gradcam,predicted,backbone.layer4,9,9,9,-0.10503823310136795,0.5502320528030396,0.2225969098508358
667,supervised,gradcam,predicted,backbone.layer4,0,0,0,0.46459025144577026,0.5770372748374939,0.5208137631416321
668,supervised,gradcam,predicted,backbone.layer4,1,1,1,0.4345366656780243,0.6362481713294983,0.5353924185037613
669,supervised,gradcam,predicted,backbone.layer4,3,3,3,0.42596331238746643,0.5170549154281616,0.471509113907814
670,supervised,gradcam,predicted,backbone.layer4,6,6,6,0.3838672339916229,0.6349043250083923,0.5093857795000076
671,supervised,gradcam,predicted,backbone.layer4,3,5,5,0.6175708174705505,0.6065260171890259,0.6120484173297882
672,supervised,gradcam,predicted,backbone.layer4,6,6,6,0.3010799288749695,0.4619682729244232,0.38152410089969635
673,supervised,gradcam,predicted,backbone.layer4,3,3,3,0.48164859414100647,0.6320416927337646,0.5568451434373856
674,supervised,gradcam,predicted,backbone.layer4,2,2,2,0.34780988097190857,0.5369991064071655,0.44240449368953705
675,supervised,gradcam,predicted,backbone.layer4,0,0,0,-0.5198346972465515,0.42730432748794556,-0.04626518487930298
676,supervised,gradcam,predicted,backbone.layer4,3,3,3,-0.0852297767996788,0.519368588924408,0.21706940606236458
677,supervised,gradcam,predicted,backbone.layer4,1,1,1,0.2609177827835083,0.6024535298347473,0.4316856563091278
678,supervised,gradcam,predicted,backbone.layer4,0,0,0,-0.4295658767223358,0.3072921335697174,-0.061136871576309204
679,supervised,gradcam,predicted,backbone.layer4,5,3,3,0.1409759372472763,0.5455711483955383,0.3432735428214073
680,supervised,gradcam,predicted,backbone.layer4,9,1,1,0.24015942215919495,0.5571843385696411,0.39867188036441803
681,supervised,gradcam,predicted,backbone.layer4,6,6,6,0.3210483193397522,0.5588873028755188,0.4399678111076355
682,supervised,gradcam,predicted,backbone.layer4,4,4,4,0.13184763491153717,0.5482125878334045,0.34003011137247086
683,supervised,gradcam,predicted,backbone.layer4,8,0,0,0.29922863841056824,0.5074843764305115,0.40335650742053986
684,supervised,gradcam,predicted,backbone.layer4,9,9,9,-0.13551470637321472,0.5167181491851807,0.19060172140598297
685,supervised,gradcam,predicted,backbone.layer4,6,2,2,-0.20367440581321716,0.3387264609336853,0.06752602756023407
686,supervised,gradcam,predicted,backbone.layer4,9,9,9,0.009496128186583519,0.46797969937324524,0.23873791377991438
687,supervised,gradcam,predicted,backbone.layer4,6,6,6,0.48179852962493896,0.5576345324516296,0.5197165310382843
688,supervised,gradcam,predicted,backbone.layer4,3,3,3,0.447988361120224,0.5967631340026855,0.5223757475614548
689,supervised,gradcam,predicted,backbone.layer4,0,2,2,0.1550186723470688,0.4811583459377289,0.31808850914239883
690,supervised,gradcam,predicted,backbone.layer4,3,3,3,0.49129757285118103,0.6075741648674011,0.5494358688592911
691,supervised,gradcam,predicted,backbone.layer4,2,2,2,0.23778009414672852,0.5285742282867432,0.38317716121673584
692,supervised,gradcam,predicted,backbone.layer4,2,2,2,0.5040546655654907,0.533199667930603,0.5186271667480469
693,supervised,gradcam,predicted,backbone.layer4,7,7,7,0.4185607433319092,0.5689108371734619,0.49373579025268555
694,supervised,gradcam,predicted,backbone.layer4,8,8,8,0.4992862939834595,0.5973953604698181,0.5483408272266388
695,supervised,gradcam,predicted,backbone.layer4,3,3,3,0.3284865617752075,0.5512413382530212,0.4398639500141144
696,supervised,gradcam,predicted,backbone.layer4,8,8,8,0.4313943088054657,0.5975879430770874,0.5144911259412766
697,supervised,gradcam,predicted,backbone.layer4,2,2,2,0.8032642006874084,0.5456106066703796,0.674437403678894
698,supervised,gradcam,predicted,backbone.layer4,7,7,7,0.45865026116371155,0.6121674180030823,0.5354088395833969
699,supervised,gradcam,predicted,backbone.layer4,5,5,5,0.5984366536140442,0.6681528091430664,0.6332947313785553
700,supervised,gradcam,predicted,backbone.layer4,7,7,7,0.3615392744541168,0.6587036848068237,0.5101214796304703
701,supervised,gradcam,predicted,backbone.layer4,2,2,2,0.47697848081588745,0.5642244815826416,0.5206014811992645
702,supervised,gradcam,predicted,backbone.layer4,4,4,4,0.4774217903614044,0.6018275618553162,0.5396246761083603
703,supervised,gradcam,predicted,backbone.layer4,8,8,8,0.530356228351593,0.6153042316436768,0.5728302299976349
704,supervised,gradcam,predicted,backbone.layer1,7,7,7,-0.02781212329864502,0.0003341632545925677,-0.013738980022026226
705,supervised,gradcam,predicted,backbone.layer1,4,4,4,0.08249571174383163,0.5135900974273682,0.2980429045855999
706,supervised,gradcam,predicted,backbone.layer1,2,2,2,0.25659313797950745,0.39008259773254395,0.3233378678560257
707,supervised,gradcam,predicted,backbone.layer1,9,9,9,0.19098389148712158,0.34606289863586426,0.2685233950614929
708,supervised,gradcam,predicted,backbone.layer1,8,8,8,0.058485232293605804,0.0703965499997139,0.06444089114665985
709,supervised,gradcam,predicted,backbone.layer1,8,8,8,0.26163676381111145,0.13772933185100555,0.1996830478310585
710,supervised,gradcam,predicted,backbone.layer1,6,6,6,0.11799857020378113,0.4025571644306183,0.2602778673171997
711,supervised,gradcam,predicted,backbone.layer1,8,0,0,0.26625075936317444,0.40652596950531006,0.33638836443424225
712,supervised,gradcam,predicted,backbone.layer1,8,8,8,0.05045824870467186,0.09237363934516907,0.07141594402492046
713,supervised,gradcam,predicted,backbone.layer1,7,7,7,-0.041647769510746,0.0073679001070559025,-0.01713993470184505
714,supervised,gradcam,predicted,backbone.layer1,4,4,4,0.17287710309028625,0.4335990250110626,0.30323806405067444
715,supervised,gradcam,predicted,backbone.layer1,3,3,3,-0.00491395965218544,0.16960091888904572,0.08234347961843014
716,supervised,gradcam,predicted,backbone.layer1,3,3,3,0.18155260384082794,0.34871435165405273,0.26513347774744034
717,supervised,gradcam,predicted,backbone.layer1,8,8,8,0.16598628461360931,0.2744766175746918,0.22023145109415054
718,supervised,gradcam,predicted,backbone.layer1,4,4,4,-0.15677005052566528,0.09632062911987305,-0.030224710702896118
719,supervised,gradcam,predicted,backbone.layer1,9,9,9,0.4382854104042053,0.3400609493255615,0.3891731798648834
720,supervised,gradcam,predicted,backbone.layer1,4,4,4,0.2532021403312683,0.4681568145751953,0.3606794774532318
721,supervised,gradcam,predicted,backbone.layer1,8,8,8,0.5515681505203247,0.14682206511497498,0.34919510781764984
722,supervised,gradcam,predicted,backbone.layer1,8,8,8,0.007922417484223843,0.14682497084140778,0.07737369416281581
723,supervised,gradcam,predicted,backbone.layer1,1,1,1,0.2207256406545639,0.2862512767314911,0.2534884586930275
724,supervised,gradcam,predicted,backbone.layer1,8,8,8,0.00043526460649445653,0.030099842697381973,0.015267553651938215
725,supervised,gradcam,predicted,backbone.layer1,2,0,0,-0.11762623488903046,0.2754519581794739,0.07891286164522171
726,supervised,gradcam,predicted,backbone.layer1,1,1,1,0.3550635278224945,0.4184199869632721,0.3867417573928833
727,supervised,gradcam,predicted,backbone.layer1,3,2,2,0.22925284504890442,0.4237465560436249,0.32649970054626465
728,supervised,gradcam,predicted,backbone.layer1,6,6,6,-0.2149462252855301,0.3448067605495453,0.0649302676320076
729,supervised,gradcam,predicted,backbone.layer1,5,5,5,0.16972358524799347,0.12463729083538055,0.147180438041687
730,supervised,gradcam,predicted,backbone.layer1,4,4,4,0.17788948118686676,0.4626486301422119,0.32026905566453934
731,supervised,gradcam,predicted,backbone.layer1,2,0,0,-0.15792468190193176,0.23272359371185303,0.03739945590496063
732,supervised,gradcam,predicted,backbone.layer1,7,7,7,-0.06373120844364166,0.050980210304260254,-0.006375499069690704
733,supervised,gradcam,predicted,backbone.layer1,9,9,9,0.12387677282094955,0.14567461609840393,0.13477569445967674
734,supervised,gradcam,predicted,backbone.layer1,9,1,1,0.06350802630186081,0.23276929557323456,0.14813866093754768
735,supervised,gradcam,predicted,backbone.layer1,4,4,4,0.5115252137184143,0.26237237453460693,0.3869487941265106
736,supervised,gradcam,predicted,backbone.layer1,1,1,1,0.45092952251434326,0.3652213513851166,0.4080754369497299
737,supervised,gradcam,predicted,backbone.layer1,4,4,4,0.2801305949687958,0.23743721842765808,0.25878390669822693
738,supervised,gradcam,predicted,backbone.layer1,1,1,1,0.1469629853963852,0.4130478501319885,0.28000541776418686
739,supervised,gradcam,predicted,backbone.layer1,3,5,5,0.013649391941726208,0.0194257739931345,0.016537582967430353
740,supervised,gradcam,predicted,backbone.layer1,2,2,2,-0.03271719440817833,0.15172149240970612,0.05950214900076389
741,supervised,gradcam,predicted,backbone.layer1,7,7,7,-0.12117412686347961,0.1404409408569336,0.00963340699672699
742,supervised,gradcam,predicted,backbone.layer1,0,0,0,0.4498930871486664,0.43348532915115356,0.44168920814991
743,supervised,gradcam,predicted,backbone.layer1,7,7,7,0.0,0.0,0.0
744,supervised,gradcam,predicted,backbone.layer1,9,6,6,0.19647005200386047,0.3863402009010315,0.291405126452446
745,supervised,gradcam,predicted,backbone.layer1,7,7,7,-0.026843883097171783,0.001065384247340262,-0.01288924942491576
746,supervised,gradcam,predicted,backbone.layer1,6,4,4,-0.14679104089736938,0.1464032679796219,-0.00019388645887374878
747,supervised,gradcam,predicted,backbone.layer1,6,6,6,0.4104452431201935,0.49032628536224365,0.45038576424121857
748,supervised,gradcam,predicted,backbone.layer1,2,2,2,0.048522740602493286,0.29396870732307434,0.1712457239627838
749,supervised,gradcam,predicted,backbone.layer1,5,5,5,0.1205887570977211,0.07078321278095245,0.09568598493933678
750,supervised,gradcam,predicted,backbone.layer1,9,9,9,0.5586346387863159,0.30444103479385376,0.43153783679008484
751,supervised,gradcam,predicted,backbone.layer1,2,0,0,0.4233643412590027,0.3926256597042084,0.40799500048160553
752,supervised,gradcam,predicted,backbone.layer1,9,9,9,0.2664002478122711,0.10685829073190689,0.186629269272089
753,supervised,gradcam,predicted,backbone.layer1,1,1,1,0.10802745819091797,0.37382960319519043,0.2409285306930542
754,supervised,gradcam,predicted,backbone.layer1,2,2,2,-0.262661337852478,0.32217681407928467,0.02975773811340332
755,supervised,gradcam,predicted,backbone.layer1,2,2,2,-0.16948461532592773,0.19443883001804352,0.012477107346057892
756,supervised,gradcam,predicted,backbone.layer1,6,6,6,-0.030914077535271645,0.44193235039711,0.20550913643091917
757,supervised,gradcam,predicted,backbone.layer1,8,8,8,-0.06759009510278702,0.061800550669431686,-0.0028947722166776657
758,supervised,gradcam,predicted,backbone.layer1,2,2,2,-0.09354887902736664,0.13157868385314941,0.019014902412891388
759,supervised,gradcam,predicted,backbone.layer1,1,1,1,0.32812848687171936,0.4550168216228485,0.39157265424728394
760,supervised,gradcam,predicted,backbone.layer1,3,3,3,-0.013872602954506874,0.13103923201560974,0.058583314530551434
761,supervised,gradcam,predicted,backbone.layer1,6,6,6,0.11836633831262589,0.451939195394516,0.28515276685357094
762,supervised,gradcam,predicted,backbone.layer1,6,6,6,0.09163275361061096,0.34871938824653625,0.2201760709285736
763,supervised,gradcam,predicted,backbone.layer1,0,0,0,0.24088840186595917,0.3830299377441406,0.3119591698050499
764,supervised,gradcam,predicted,backbone.layer1,1,1,1,0.4419343173503876,0.3220503032207489,0.38199231028556824
765,supervised,gradcam,predicted,backbone.layer1,2,2,2,-0.14319133758544922,0.37470799684524536,0.11575832962989807
766,supervised,gradcam,predicted,backbone.layer1,7,7,7,0.00551598472520709,0.011309989728033543,0.008412987226620317
767,supervised,gradcam,predicted,backbone.layer1,0,9,9,0.5816265344619751,0.18495811522006989,0.3832923248410225
704,supervised,gradcam,predicted,backbone.layer2,7,7,7,0.2310127466917038,0.46384453773498535,0.3474286422133446
705,supervised,gradcam,predicted,backbone.layer2,4,4,4,0.015507272444665432,0.1255383938550949,0.07052283314988017
706,supervised,gradcam,predicted,backbone.layer2,2,2,2,0.414085328578949,0.2528974115848541,0.33349137008190155
707,supervised,gradcam,predicted,backbone.layer2,9,9,9,0.23303456604480743,0.4382072687149048,0.3356209173798561
708,supervised,gradcam,predicted,backbone.layer2,8,8,8,-0.13856902718544006,0.18318837881088257,0.022309675812721252
709,supervised,gradcam,predicted,backbone.layer2,8,8,8,0.3156336843967438,0.41272470355033875,0.36417919397354126
710,supervised,gradcam,predicted,backbone.layer2,6,6,6,-0.3216475248336792,0.39170926809310913,0.035030871629714966
711,supervised,gradcam,predicted,backbone.layer2,8,0,0,0.35173967480659485,0.306286484003067,0.32901307940483093
712,supervised,gradcam,predicted,backbone.layer2,8,8,8,0.2833460569381714,0.34529995918273926,0.3143230080604553
713,supervised,gradcam,predicted,backbone.layer2,7,7,7,-0.03171956539154053,0.2693510353565216,0.11881573498249054
714,supervised,gradcam,predicted,backbone.layer2,4,4,4,0.09375738352537155,0.3940487802028656,0.24390308186411858
715,supervised,gradcam,predicted,backbone.layer2,3,3,3,-0.04056910052895546,0.4422159790992737,0.2008234392851591
716,supervised,gradcam,predicted,backbone.layer2,3,3,3,-0.107460156083107,0.4336795210838318,0.1631096825003624
717,supervised,gradcam,predicted,backbone.layer2,8,8,8,0.0678759515285492,0.17668379843235016,0.12227987498044968
718,supervised,gradcam,predicted,backbone.layer2,4,4,4,-0.00041695847176015377,0.23335756361484528,0.11647030257154256
719,supervised,gradcam,predicted,backbone.layer2,9,9,9,0.23549333214759827,0.37791815400123596,0.3067057430744171
720,supervised,gradcam,predicted,backbone.layer2,4,4,4,0.012137033976614475,0.29258033633232117,0.15235868515446782
721,supervised,gradcam,predicted,backbone.layer2,8,8,8,0.06450575590133667,0.2607978582382202,0.16265180706977844
722,supervised,gradcam,predicted,backbone.layer2,8,8,8,0.4496838450431824,0.41521894931793213,0.43245139718055725
723,supervised,gradcam,predicted,backbone.layer2,1,1,1,0.370028018951416,0.5950913429260254,0.4825596809387207
724,supervised,gradcam,predicted,backbone.layer2,8,8,8,-0.20389173924922943,0.33513420820236206,0.06562123447656631
725,supervised,gradcam,predicted,backbone.layer2,2,0,0,0.07155324518680573,0.4061778783798218,0.23886556178331375
726,supervised,gradcam,predicted,backbone.layer2,1,1,1,0.6103577017784119,0.5864777565002441,0.598417729139328
727,supervised,gradcam,predicted,backbone.layer2,3,2,2,-0.15149614214897156,0.23806527256965637,0.04328456521034241
728,supervised,gradcam,predicted,backbone.layer2,6,6,6,0.08304467797279358,0.3261450529098511,0.20459486544132233
729,supervised,gradcam,predicted,backbone.layer2,5,5,5,-0.35013043880462646,0.22393450140953064,-0.06309796869754791
730,supervised,gradcam,predicted,backbone.layer2,4,4,4,-0.012697644531726837,0.07659490406513214,0.03194862976670265
731,supervised,gradcam,predicted,backbone.layer2,2,0,0,-0.23676040768623352,0.4097294807434082,0.08648453652858734
732,supervised,gradcam,predicted,backbone.layer2,7,7,7,0.012004882097244263,0.47341373562812805,0.24270930886268616
733,supervised,gradcam,predicted,backbone.layer2,9,9,9,0.222178652882576,0.3553031384944916,0.2887408956885338
734,supervised,gradcam,predicted,backbone.layer2,9,1,1,0.14653508365154266,0.418354332447052,0.28244470804929733
735,supervised,gradcam,predicted,backbone.layer2,4,4,4,0.27542296051979065,0.0964239314198494,0.18592344596982002
736,supervised,gradcam,predicted,backbone.layer2,1,1,1,0.052046310156583786,0.464341938495636,0.2581941243261099
737,supervised,gradcam,predicted,backbone.layer2,4,4,4,0.08667870610952377,0.2973758280277252,0.1920272670686245
738,supervised,gradcam,predicted,backbone.layer2,1,1,1,0.13160450756549835,0.4704420566558838,0.30102328211069107
739,supervised,gradcam,predicted,backbone.layer2,3,5,5,0.09872982650995255,0.3497532308101654,0.22424152866005898
740,supervised,gradcam,predicted,backbone.layer2,2,2,2,0.1388852298259735,0.3637685179710388,0.25132687389850616
741,supervised,gradcam,predicted,backbone.layer2,7,7,7,-0.18045762181282043,0.45965903997421265,0.1396007090806961
742,supervised,gradcam,predicted,backbone.layer2,0,0,0,0.0935012474656105,0.44678208231925964,0.2701416648924351
743,supervised,gradcam,predicted,backbone.layer2,7,7,7,0.4698011577129364,0.6155655980110168,0.5426833778619766
744,supervised,gradcam,predicted,backbone.layer2,9,6,6,0.04437375068664551,0.452298641204834,0.24833619594573975
745,supervised,gradcam,predicted,backbone.layer2,7,7,7,-0.032289449125528336,0.5340825915336609,0.2508965712040663
746,supervised,gradcam,predicted,backbone.layer2,6,4,4,-0.058824192732572556,0.29176706075668335,0.1164714340120554
747,supervised,gradcam,predicted,backbone.layer2,6,6,6,0.07922543585300446,0.4816659092903137,0.2804456725716591
748,supervised,gradcam,predicted,backbone.layer2,2,2,2,0.20366531610488892,0.37632742524147034,0.2899963706731796
749,supervised,gradcam,predicted,backbone.layer2,5,5,5,0.24104662239551544,0.39641791582107544,0.31873226910829544
750,supervised,gradcam,predicted,backbone.layer2,9,9,9,0.20747783780097961,0.2952173054218292,0.2513475716114044
751,supervised,gradcam,predicted,backbone.layer2,2,0,0,-0.14557629823684692,0.48144271969795227,0.16793321073055267
752,supervised,gradcam,predicted,backbone.layer2,9,9,9,0.3465089201927185,0.35176414251327515,0.3491365313529968
753,supervised,gradcam,predicted,backbone.layer2,1,1,1,0.08604388684034348,0.46941518783569336,0.2777295373380184
754,supervised,gradcam,predicted,backbone.layer2,2,2,2,-0.22527816891670227,0.2929365634918213,0.03382919728755951
755,supervised,gradcam,predicted,backbone.layer2,2,2,2,-0.08167104423046112,0.1448497176170349,0.031589336693286896
756,supervised,gradcam,predicted,backbone.layer2,6,6,6,0.05229185149073601,0.4976865351200104,0.2749891933053732
757,supervised,gradcam,predicted,backbone.layer2,8,8,8,0.5223013758659363,0.297707200050354,0.41000428795814514
758,supervised,gradcam,predicted,backbone.layer2,2,2,2,0.25048375129699707,0.33765169978141785,0.29406772553920746
759,supervised,gradcam,predicted,backbone.layer2,1,1,1,0.01554630883038044,0.4383378028869629,0.22694205585867167
760,supervised,gradcam,predicted,backbone.layer2,3,3,3,0.04396460950374603,0.41381198167800903,0.22888829559087753
761,supervised,gradcam,predicted,backbone.layer2,6,6,6,0.14001692831516266,0.49936220049858093,0.3196895644068718
762,supervised,gradcam,predicted,backbone.layer2,6,6,6,0.04022998362779617,0.39732232689857483,0.2187761552631855
763,supervised,gradcam,predicted,backbone.layer2,0,0,0,-0.06843940913677216,0.18003961443901062,0.05580010265111923
764,supervised,gradcam,predicted,backbone.layer2,1,1,1,-0.02981719933450222,0.5101843476295471,0.24018357414752245
765,supervised,gradcam,predicted,backbone.layer2,2,2,2,0.004776149522513151,0.12432846426963806,0.0645523068960756
766,supervised,gradcam,predicted,backbone.layer2,7,7,7,0.3750501275062561,0.5513024926185608,0.46317631006240845
767,supervised,gradcam,predicted,backbone.layer2,0,9,9,0.3117392063140869,0.37359216809272766,0.3426656872034073
704,supervised,gradcam,predicted,backbone.layer3,7,7,7,0.2750517427921295,0.42590516805648804,0.3504784554243088
705,supervised,gradcam,predicted,backbone.layer3,4,4,4,0.6236770749092102,0.5163779258728027,0.5700275003910065
706,supervised,gradcam,predicted,backbone.layer3,2,2,2,0.35566246509552,0.5666442513465881,0.4611533582210541
707,supervised,gradcam,predicted,backbone.layer3,9,9,9,0.25556814670562744,0.38821011781692505,0.32188913226127625
708,supervised,gradcam,predicted,backbone.layer3,8,8,8,-0.04321116581559181,0.38927775621414185,0.17303329519927502
709,supervised,gradcam,predicted,backbone.layer3,8,8,8,0.2167668491601944,0.5816078782081604,0.3991873636841774
710,supervised,gradcam,predicted,backbone.layer3,6,6,6,0.7774711847305298,0.37581172585487366,0.5766414552927017
711,supervised,gradcam,predicted,backbone.layer3,8,0,0,0.501769483089447,0.3860478699207306,0.4439086765050888
712,supervised,gradcam,predicted,backbone.layer3,8,8,8,0.4836367070674896,0.524770975112915,0.5042038410902023
713,supervised,gradcam,predicted,backbone.layer3,7,7,7,0.6912963390350342,0.4944554567337036,0.5928758978843689
714,supervised,gradcam,predicted,backbone.layer3,4,4,4,0.551517903804779,0.4952489137649536,0.5233834087848663
715,supervised,gradcam,predicted,backbone.layer3,3,3,3,-0.07900066673755646,0.39184096455574036,0.15642014890909195
716,supervised,gradcam,predicted,backbone.layer3,3,3,3,0.42454710602760315,0.42973071336746216,0.42713890969753265
717,supervised,gradcam,predicted,backbone.layer3,8,8,8,0.203541561961174,0.5211066603660583,0.3623241111636162
718,supervised,gradcam,predicted,backbone.layer3,4,4,4,0.4894756078720093,0.5988825559616089,0.5441790819168091
719,supervised,gradcam,predicted,backbone.layer3,9,9,9,0.26189181208610535,0.4656800329685211,0.36378592252731323
720,supervised,gradcam,predicted,backbone.layer3,4,4,4,0.6547898650169373,0.45636963844299316,0.5555797517299652
721,supervised,gradcam,predicted,backbone.layer3,8,8,8,0.5221033692359924,0.6237135529518127,0.5729084610939026
722,supervised,gradcam,predicted,backbone.layer3,8,8,8,0.36695703864097595,0.5822019577026367,0.47457949817180634
723,supervised,gradcam,predicted,backbone.layer3,1,1,1,0.5050089359283447,0.4158473014831543,0.4604281187057495
724,supervised,gradcam,predicted,backbone.layer3,8,8,8,0.5653342604637146,0.6118532419204712,0.5885937511920929
725,supervised,gradcam,predicted,backbone.layer3,2,0,0,0.39216896891593933,0.3956546187400818,0.39391179382801056
726,supervised,gradcam,predicted,backbone.layer3,1,1,1,0.6804811954498291,0.47020670771598816,0.5753439515829086
727,supervised,gradcam,predicted,backbone.layer3,3,2,2,-0.22287051379680634,0.3908427655696869,0.08398612588644028
728,supervised,gradcam,predicted,backbone.layer3,6,6,6,0.16509027779102325,0.2981492877006531,0.23161978274583817
729,supervised,gradcam,predicted,backbone.layer3,5,5,5,0.5492369532585144,0.5618432760238647,0.5555401146411896
730,supervised,gradcam,predicted,backbone.layer3,4,4,4,-0.20411525666713715,0.14862965047359467,-0.02774280309677124
731,supervised,gradcam,predicted,backbone.layer3,2,0,0,-0.0818454697728157,0.26055896282196045,0.08935674652457237
732,supervised,gradcam,predicted,backbone.layer3,7,7,7,0.32403209805488586,0.38133761286735535,0.3526848554611206
733,supervised,gradcam,predicted,backbone.layer3,9,9,9,0.4669453203678131,0.4159328043460846,0.44143906235694885
734,supervised,gradcam,predicted,backbone.layer3,9,1,1,0.1285838633775711,0.4492128789424896,0.28889837116003036
735,supervised,gradcam,predicted,backbone.layer3,4,4,4,0.6324973702430725,0.35042423009872437,0.49146080017089844
736,supervised,gradcam,predicted,backbone.layer3,1,1,1,0.5969370007514954,0.4658575654029846,0.53139728307724
737,supervised,gradcam,predicted,backbone.layer3,4,4,4,0.8478302955627441,0.3919500708580017,0.6198901832103729
738,supervised,gradcam,predicted,backbone.layer3,1,1,1,0.2950682044029236,0.40237367153167725,0.3487209379673004
739,supervised,gradcam,predicted,backbone.layer3,3,5,5,0.030989177525043488,0.38395971059799194,0.20747444406151772
740,supervised,gradcam,predicted,backbone.layer3,2,2,2,0.1034756526350975,0.48290905356407166,0.2931923530995846
741,supervised,gradcam,predicted,backbone.layer3,7,7,7,0.23692451417446136,0.33720487356185913,0.28706469386816025
742,supervised,gradcam,predicted,backbone.layer3,0,0,0,0.5241121649742126,0.3116791844367981,0.41789567470550537
743,supervised,gradcam,predicted,backbone.layer3,7,7,7,0.1984642744064331,0.3434792757034302,0.27097177505493164
744,supervised,gradcam,predicted,backbone.layer3,9,6,6,0.057912107557058334,0.3532600402832031,0.20558607392013073
745,supervised,gradcam,predicted,backbone.layer3,7,7,7,0.21559277176856995,0.3971899151802063,0.3063913434743881
746,supervised,gradcam,predicted,backbone.layer3,6,4,4,-0.2820427417755127,0.2931576371192932,0.005557447671890259
747,supervised,gradcam,predicted,backbone.layer3,6,6,6,0.8191304206848145,0.4806305170059204,0.6498804688453674
748,supervised,gradcam,predicted,backbone.layer3,2,2,2,0.39044085144996643,0.5393491387367249,0.46489499509334564
749,supervised,gradcam,predicted,backbone.layer3,5,5,5,-0.16890981793403625,0.3585811257362366,0.09483565390110016
750,supervised,gradcam,predicted,backbone.layer3,9,9,9,0.5069785118103027,0.4246602952480316,0.4658194035291672
751,supervised,gradcam,predicted,backbone.layer3,2,0,0,-0.1267988234758377,0.279087632894516,0.07614440470933914
752,supervised,gradcam,predicted,backbone.layer3,9,9,9,0.4599435031414032,0.4399177134037018,0.4499306082725525
753,supervised,gradcam,predicted,backbone.layer3,1,1,1,0.6025868654251099,0.41868048906326294,0.5106336772441864
754,supervised,gradcam,predicted,backbone.layer3,2,2,2,-0.18370087444782257,0.47467583417892456,0.145487479865551
755,supervised,gradcam,predicted,backbone.layer3,2,2,2,-0.2804465591907501,0.32469531893730164,0.022124379873275757
756,supervised,gradcam,predicted,backbone.layer3,6,6,6,-0.09780171513557434,0.43922460079193115,0.1707114428281784
757,supervised,gradcam,predicted,backbone.layer3,8,8,8,0.5230430364608765,0.5338108539581299,0.5284269452095032
758,supervised,gradcam,predicted,backbone.layer3,2,2,2,0.3701082468032837,0.46441009640693665,0.41725917160511017
759,supervised,gradcam,predicted,backbone.layer3,1,1,1,0.6751008629798889,0.42602303624153137,0.5505619496107101
760,supervised,gradcam,predicted,backbone.layer3,3,3,3,0.6751213669776917,0.4129634499549866,0.5440424084663391
761,supervised,gradcam,predicted,backbone.layer3,6,6,6,0.4379490911960602,0.4091680943965912,0.4235585927963257
762,supervised,gradcam,predicted,backbone.layer3,6,6,6,0.12038493901491165,0.5746871829032898,0.3475360609591007
763,supervised,gradcam,predicted,backbone.layer3,0,0,0,-0.010594313032925129,0.2968679964542389,0.14313684171065688
764,supervised,gradcam,predicted,backbone.layer3,1,1,1,-0.016211695969104767,0.40953534841537476,0.196661826223135
765,supervised,gradcam,predicted,backbone.layer3,2,2,2,0.26993465423583984,0.46463677287101746,0.36728571355342865
766,supervised,gradcam,predicted,backbone.layer3,7,7,7,0.589586615562439,0.44455936551094055,0.5170729905366898
767,supervised,gradcam,predicted,backbone.layer3,0,9,9,0.45459645986557007,0.47377705574035645,0.46418675780296326
704,supervised,gradcam,predicted,backbone.layer4,7,7,7,0.061969365924596786,0.4927942454814911,0.27738180570304394
705,supervised,gradcam,predicted,backbone.layer4,4,4,4,0.2747650146484375,0.5497575402259827,0.4122612774372101
706,supervised,gradcam,predicted,backbone.layer4,2,2,2,0.5268775820732117,0.5933188199996948,0.5600982010364532
707,supervised,gradcam,predicted,backbone.layer4,9,9,9,0.2747889757156372,0.5529537200927734,0.4138713479042053
708,supervised,gradcam,predicted,backbone.layer4,8,8,8,0.1254808008670807,0.4986189603805542,0.31204988062381744
709,supervised,gradcam,predicted,backbone.layer4,8,8,8,-0.05554501339793205,0.4919497072696686,0.21820234693586826
710,supervised,gradcam,predicted,backbone.layer4,6,6,6,0.15979430079460144,0.5426962971687317,0.35124529898166656
711,supervised,gradcam,predicted,backbone.layer4,8,0,0,0.05154206603765488,0.5561248064041138,0.3038334362208843
712,supervised,gradcam,predicted,backbone.layer4,8,8,8,0.5907458662986755,0.6139257550239563,0.6023358106613159
713,supervised,gradcam,predicted,backbone.layer4,7,7,7,0.2782970368862152,0.4624221622943878,0.3703595995903015
714,supervised,gradcam,predicted,backbone.layer4,4,4,4,0.3157421052455902,0.4929331839084625,0.40433764457702637
715,supervised,gradcam,predicted,backbone.layer4,3,3,3,-0.3778330683708191,0.49872511625289917,0.06044602394104004
716,supervised,gradcam,predicted,backbone.layer4,3,3,3,0.41363945603370667,0.5713517069816589,0.4924955815076828
717,supervised,gradcam,predicted,backbone.layer4,8,8,8,0.24819466471672058,0.6036962270736694,0.425945445895195
718,supervised,gradcam,predicted,backbone.layer4,4,4,4,0.504193902015686,0.6357200741767883,0.5699569880962372
719,supervised,gradcam,predicted,backbone.layer4,9,9,9,-0.2964712083339691,0.49312493205070496,0.09832686185836792
720,supervised,gradcam,predicted,backbone.layer4,4,4,4,0.3553135097026825,0.5483533143997192,0.45183341205120087
721,supervised,gradcam,predicted,backbone.layer4,8,8,8,-0.2539164125919342,0.4674518406391144,0.10676771402359009
722,supervised,gradcam,predicted,backbone.layer4,8,8,8,0.43133196234703064,0.6306887865066528,0.5310103744268417
723,supervised,gradcam,predicted,backbone.layer4,1,1,1,0.46963655948638916,0.5829347968101501,0.5262856781482697
724,supervised,gradcam,predicted,backbone.layer4,8,8,8,-0.1370764672756195,0.49486881494522095,0.17889617383480072
725,supervised,gradcam,predicted,backbone.layer4,2,0,0,0.32485029101371765,0.49980565905570984,0.41232797503471375
726,supervised,gradcam,predicted,backbone.layer4,1,1,1,0.32453328371047974,0.5558737516403198,0.4402035176753998
727,supervised,gradcam,predicted,backbone.layer4,3,2,2,0.1169961467385292,0.5107711553573608,0.313883651047945
728,supervised,gradcam,predicted,backbone.layer4,6,6,6,0.22936488687992096,0.5199661254882812,0.3746655061841011
729,supervised,gradcam,predicted,backbone.layer4,5,5,5,0.3560754656791687,0.500557541847229,0.42831650376319885
730,supervised,gradcam,predicted,backbone.layer4,4,4,4,0.5491501092910767,0.5342563390731812,0.5417032241821289
731,supervised,gradcam,predicted,backbone.layer4,2,0,0,0.05238751322031021,0.5202733278274536,0.2863304205238819
732,supervised,gradcam,predicted,backbone.layer4,7,7,7,0.12631231546401978,0.5970755219459534,0.3616939187049866
733,supervised,gradcam,predicted,backbone.layer4,9,9,9,0.3032792806625366,0.4861007034778595,0.39468999207019806
734,supervised,gradcam,predicted,backbone.layer4,9,1,1,-0.011682991869747639,0.4909980595111847,0.23965753382071853
735,supervised,gradcam,predicted,backbone.layer4,4,4,4,0.4305219352245331,0.5465423464775085,0.4885321408510208
736,supervised,gradcam,predicted,backbone.layer4,1,1,1,0.27565476298332214,0.5042879581451416,0.3899713605642319
737,supervised,gradcam,predicted,backbone.layer4,4,4,4,0.6334781050682068,0.551788866519928,0.5926334857940674
738,supervised,gradcam,predicted,backbone.layer4,1,1,1,0.252955824136734,0.5643302798271179,0.40864305198192596
739,supervised,gradcam,predicted,backbone.layer4,3,5,5,0.3372898995876312,0.5093337893486023,0.42331184446811676
740,supervised,gradcam,predicted,backbone.layer4,2,2,2,-0.1126546859741211,0.5228838920593262,0.20511460304260254
741,supervised,gradcam,predicted,backbone.layer4,7,7,7,0.13888724148273468,0.5117304921150208,0.3253088667988777
742,supervised,gradcam,predicted,backbone.layer4,0,0,0,0.1487760841846466,0.48426198959350586,0.31651903688907623
743,supervised,gradcam,predicted,backbone.layer4,7,7,7,0.3956235349178314,0.6589210033416748,0.5272722691297531
744,supervised,gradcam,predicted,backbone.layer4,9,6,6,0.23155692219734192,0.48058435320854187,0.3560706377029419
745,supervised,gradcam,predicted,backbone.layer4,7,7,7,0.4014265537261963,0.5911521911621094,0.49628937244415283
746,supervised,gradcam,predicted,backbone.layer4,6,4,4,-0.24690446257591248,0.3272899389266968,0.04019273817539215
747,supervised,gradcam,predicted,backbone.layer4,6,6,6,0.36721161007881165,0.5729687213897705,0.4700901657342911
748,supervised,gradcam,predicted,backbone.layer4,2,2,2,0.5155516862869263,0.59857577085495,0.5570637285709381
749,supervised,gradcam,predicted,backbone.layer4,5,5,5,0.11179962754249573,0.48620158433914185,0.2990006059408188
750,supervised,gradcam,predicted,backbone.layer4,9,9,9,0.13008324801921844,0.5123109817504883,0.32119711488485336
751,supervised,gradcam,predicted,backbone.layer4,2,0,0,0.36358487606048584,0.5061441659927368,0.43486452102661133
752,supervised,gradcam,predicted,backbone.layer4,9,9,9,0.3877330720424652,0.5723965764045715,0.48006482422351837
753,supervised,gradcam,predicted,backbone.layer4,1,1,1,0.4742356240749359,0.648698091506958,0.561466857790947
754,supervised,gradcam,predicted,backbone.layer4,2,2,2,0.4224071502685547,0.487619012594223,0.45501308143138885
755,supervised,gradcam,predicted,backbone.layer4,2,2,2,0.4192863404750824,0.483607679605484,0.4514470100402832
756,supervised,gradcam,predicted,backbone.layer4,6,6,6,0.4298296570777893,0.6145988702774048,0.522214263677597
757,supervised,gradcam,predicted,backbone.layer4,8,8,8,0.5321477055549622,0.611815333366394,0.5719815194606781
758,supervised,gradcam,predicted,backbone.layer4,2,2,2,0.610453724861145,0.5973471999168396,0.6039004623889923
759,supervised,gradcam,predicted,backbone.layer4,1,1,1,0.46972334384918213,0.5546550154685974,0.5121891796588898
760,supervised,gradcam,predicted,backbone.layer4,3,3,3,0.4691123366355896,0.4751281142234802,0.4721202254295349
761,supervised,gradcam,predicted,backbone.layer4,6,6,6,0.4233483374118805,0.5151370167732239,0.4692426770925522
762,supervised,gradcam,predicted,backbone.layer4,6,6,6,0.5203157663345337,0.5357843041419983,0.528050035238266
763,supervised,gradcam,predicted,backbone.layer4,0,0,0,0.39603734016418457,0.5203044414520264,0.45817089080810547
764,supervised,gradcam,predicted,backbone.layer4,1,1,1,-0.11688030511140823,0.5327227115631104,0.20792120322585106
765,supervised,gradcam,predicted,backbone.layer4,2,2,2,0.444071888923645,0.5721097588539124,0.5080908238887787
766,supervised,gradcam,predicted,backbone.layer4,7,7,7,0.5872312784194946,0.5960726737976074,0.591651976108551
767,supervised,gradcam,predicted,backbone.layer4,0,9,9,-0.16494984924793243,0.5089008212089539,0.1719754859805107
768,supervised,gradcam,predicted,backbone.layer1,5,5,5,-0.007100712973624468,0.01293744333088398,0.002918365178629756
769,supervised,gradcam,predicted,backbone.layer1,4,4,4,0.4548802375793457,0.38590043783187866,0.4203903377056122
770,supervised,gradcam,predicted,backbone.layer1,6,0,0,-0.1395430564880371,0.40223971009254456,0.13134832680225372
771,supervised,gradcam,predicted,backbone.layer1,1,1,1,0.3084060549736023,0.4534214437007904,0.38091374933719635
772,supervised,gradcam,predicted,backbone.layer1,6,6,6,-0.07358644157648087,0.3500441908836365,0.1382288746535778
773,supervised,gradcam,predicted,backbone.layer1,4,4,4,0.4282744824886322,0.4410480856895447,0.43466128408908844
774,supervised,gradcam,predicted,backbone.layer1,0,0,0,-0.06458166986703873,0.340121328830719,0.13776982948184013
775,supervised,gradcam,predicted,backbone.layer1,2,2,2,-0.07055147737264633,0.34824034571647644,0.13884443417191505
776,supervised,gradcam,predicted,backbone.layer1,2,5,5,-0.0707668587565422,0.020800797268748283,-0.02498303074389696
777,supervised,gradcam,predicted,backbone.layer1,6,6,6,-0.00047367828665301204,0.39127588272094727,0.19540110221714713
778,supervised,gradcam,predicted,backbone.layer1,0,0,0,0.5234875082969666,0.17752927541732788,0.3505083918571472
779,supervised,gradcam,predicted,backbone.layer1,5,5,5,0.013387676328420639,0.006018237676471472,0.009702957002446055
780,supervised,gradcam,predicted,backbone.layer1,9,9,9,0.011524144560098648,0.05362012982368469,0.03257213719189167
781,supervised,gradcam,predicted,backbone.layer1,1,1,1,0.4130977690219879,0.38592252135276794,0.39951014518737793
782,supervised,gradcam,predicted,backbone.layer1,7,7,7,0.1829453557729721,0.03470528498291969,0.1088253203779459
783,supervised,gradcam,predicted,backbone.layer1,6,6,6,0.1242356076836586,0.4615604877471924,0.2928980477154255
784,supervised,gradcam,predicted,backbone.layer1,7,7,7,0.09847889095544815,0.004721501842141151,0.05160019639879465
785,supervised,gradcam,predicted,backbone.layer1,0,0,0,-0.06873390823602676,0.2162989228963852,0.07378250733017921
786,supervised,gradcam,predicted,backbone.layer1,3,3,3,-0.1240764632821083,0.1630529761314392,0.01948825642466545
787,supervised,gradcam,predicted,backbone.layer1,9,9,9,0.5620171427726746,0.23654446005821228,0.3992808014154434
788,supervised,gradcam,predicted,backbone.layer1,6,6,6,-0.04074891656637192,0.47725117206573486,0.21825112774968147
789,supervised,gradcam,predicted,backbone.layer1,8,8,8,0.2577526271343231,0.16878074407577515,0.21326668560504913
790,supervised,gradcam,predicted,backbone.layer1,3,3,3,0.22137531638145447,0.1809329390525818,0.20115412771701813
791,supervised,gradcam,predicted,backbone.layer1,0,0,0,0.12048743665218353,0.2516639232635498,0.18607567995786667
792,supervised,gradcam,predicted,backbone.layer1,3,6,6,0.3372609615325928,0.34047991037368774,0.33887043595314026
793,supervised,gradcam,predicted,backbone.layer1,4,4,4,0.03320035710930824,0.18162821233272552,0.10741428472101688
794,supervised,gradcam,predicted,backbone.layer1,7,7,7,0.0,0.0,0.0
795,supervised,gradcam,predicted,backbone.layer1,7,7,7,0.0292112585157156,0.058763474225997925,0.04398736637085676
796,supervised,gradcam,predicted,backbone.layer1,1,9,9,0.40606245398521423,0.35474297404289246,0.38040271401405334
797,supervised,gradcam,predicted,backbone.layer1,4,4,4,0.09820261597633362,0.36809414625167847,0.23314838111400604
798,supervised,gradcam,predicted,backbone.layer1,7,7,7,-0.0552828311920166,0.001759353675879538,-0.026761738758068532
799,supervised,gradcam,predicted,backbone.layer1,2,4,4,0.29076406359672546,0.21516408026218414,0.2529640719294548
800,supervised,gradcam,predicted,backbone.layer1,7,7,7,-0.012142112478613853,0.06423995643854141,0.02604892197996378
801,supervised,gradcam,predicted,backbone.layer1,1,1,1,0.20948722958564758,0.44689419865608215,0.32819071412086487
802,supervised,gradcam,predicted,backbone.layer1,4,4,4,-0.10485544800758362,0.0482693612575531,-0.02829304337501526
803,supervised,gradcam,predicted,backbone.layer1,7,7,7,-0.01811627671122551,0.18562051653862,0.08375211991369724
804,supervised,gradcam,predicted,backbone.layer1,4,4,4,-0.04299403727054596,0.2402990758419037,0.09865251928567886
805,supervised,gradcam,predicted,backbone.layer1,4,4,4,0.29850247502326965,0.495443195104599,0.3969728350639343
806,supervised,gradcam,predicted,backbone.layer1,8,8,8,0.023710791021585464,0.1889605075120926,0.10633564926683903
807,supervised,gradcam,predicted,backbone.layer1,4,4,4,-0.10461676865816116,0.14260557293891907,0.018994402140378952
808,supervised,gradcam,predicted,backbone.layer1,7,7,7,-0.024900607764720917,0.007317759562283754,-0.008791424101218581
809,supervised,gradcam,predicted,backbone.layer1,7,7,7,0.15263910591602325,0.1688401997089386,0.16073965281248093
810,supervised,gradcam,predicted,backbone.layer1,5,2,2,-0.050898581743240356,0.1770685613155365,0.06308498978614807
811,supervised,gradcam,predicted,backbone.layer1,3,5,5,-0.04856620728969574,0.12985874712467194,0.0406462699174881
812,supervised,gradcam,predicted,backbone.layer1,7,7,7,0.03020421229302883,0.03027918003499508,0.030241696164011955
813,supervised,gradcam,predicted,backbone.layer1,2,2,2,0.06561990082263947,0.29914483428001404,0.18238236755132675
814,supervised,gradcam,predicted,backbone.layer1,0,0,0,0.2637057602405548,0.37454289197921753,0.31912432610988617
815,supervised,gradcam,predicted,backbone.layer1,8,8,8,0.17791087925434113,0.09254990518093109,0.1352303922176361
816,supervised,gradcam,predicted,backbone.layer1,9,9,9,0.2999918758869171,0.24748621881008148,0.2737390473484993
817,supervised,gradcam,predicted,backbone.layer1,5,5,5,0.008893748745322227,0.023089423775672913,0.01599158626049757
818,supervised,gradcam,predicted,backbone.layer1,8,8,8,0.0258711539208889,0.16027656197547913,0.09307385794818401
819,supervised,gradcam,predicted,backbone.layer1,3,0,0,0.22760465741157532,0.217377707362175,0.22249118238687515
820,supervised,gradcam,predicted,backbone.layer1,6,6,6,0.19149547815322876,0.4043484926223755,0.2979219853878021
821,supervised,gradcam,predicted,backbone.layer1,2,2,2,-0.007034903392195702,0.3681168258190155,0.1805409612134099
822,supervised,gradcam,predicted,backbone.layer1,0,0,0,-0.03869367018342018,0.186946302652359,0.07412631623446941
823,supervised,gradcam,predicted,backbone.layer1,8,8,8,0.17818288505077362,0.09428508579730988,0.13623398542404175
824,supervised,gradcam,predicted,backbone.layer1,7,7,7,0.1706228405237198,0.28350597620010376,0.22706440836191177
825,supervised,gradcam,predicted,backbone.layer1,3,3,3,0.01934335194528103,0.0060819899663329124,0.01271267095580697
826,supervised,gradcam,predicted,backbone.layer1,7,7,7,-0.06255640834569931,0.07032608985900879,0.0038848407566547394
827,supervised,gradcam,predicted,backbone.layer1,6,6,6,-0.038367971777915955,0.411858469247818,0.18674524873495102
828,supervised,gradcam,predicted,backbone.layer1,5,5,5,0.03313584625720978,0.10010556876659393,0.06662070751190186
829,supervised,gradcam,predicted,backbone.layer1,3,3,3,-0.03497901186347008,0.15381844341754913,0.05941971577703953
830,supervised,gradcam,predicted,backbone.layer1,1,1,1,0.044314149767160416,0.2006181925535202,0.12246617116034031
831,supervised,gradcam,predicted,backbone.layer1,3,3,3,-0.053402502089738846,0.18000683188438416,0.06330216489732265
768,supervised,gradcam,predicted,backbone.layer2,5,5,5,0.41964390873908997,0.35383307933807373,0.38673849403858185
769,supervised,gradcam,predicted,backbone.layer2,4,4,4,-0.30764490365982056,0.2809014916419983,-0.013371706008911133
770,supervised,gradcam,predicted,backbone.layer2,6,0,0,0.11355490237474442,0.34513115882873535,0.22934303060173988
771,supervised,gradcam,predicted,backbone.layer2,1,1,1,-0.010525575838983059,0.5189463496208191,0.254210386890918
772,supervised,gradcam,predicted,backbone.layer2,6,6,6,0.11752968281507492,0.47140514850616455,0.29446741566061974
773,supervised,gradcam,predicted,backbone.layer2,4,4,4,0.20536458492279053,0.43888378143310547,0.322124183177948
774,supervised,gradcam,predicted,backbone.layer2,0,0,0,-0.36783841252326965,0.37326928973197937,0.0027154386043548584
775,supervised,gradcam,predicted,backbone.layer2,2,2,2,0.13747884333133698,0.1991029977798462,0.16829092055559158
776,supervised,gradcam,predicted,backbone.layer2,2,5,5,0.11983157694339752,0.40550440549850464,0.2626679912209511
777,supervised,gradcam,predicted,backbone.layer2,6,6,6,0.11612634360790253,0.4688150882720947,0.2924707159399986
778,supervised,gradcam,predicted,backbone.layer2,0,0,0,0.5257015824317932,0.18478378653526306,0.35524268448352814
779,supervised,gradcam,predicted,backbone.layer2,5,5,5,0.2239755243062973,0.3415676951408386,0.28277160972356796
780,supervised,gradcam,predicted,backbone.layer2,9,9,9,-0.15756037831306458,0.2873133718967438,0.0648764967918396
781,supervised,gradcam,predicted,backbone.layer2,1,1,1,-0.06206844374537468,0.4692138433456421,0.2035726998001337
782,supervised,gradcam,predicted,backbone.layer2,7,7,7,0.24407517910003662,0.5629327297210693,0.403503954410553
783,supervised,gradcam,predicted,backbone.layer2,6,6,6,-0.3172746002674103,0.3776727616786957,0.0301990807056427
784,supervised,gradcam,predicted,backbone.layer2,7,7,7,0.44068604707717896,0.46921855211257935,0.45495229959487915
785,supervised,gradcam,predicted,backbone.layer2,0,0,0,-0.19143842160701752,0.3447355031967163,0.0766485407948494
786,supervised,gradcam,predicted,backbone.layer2,3,3,3,-0.19449482858181,0.3458470404148102,0.07567610591650009
787,supervised,gradcam,predicted,backbone.layer2,9,9,9,0.09784060716629028,0.3047401010990143,0.20129035413265228
788,supervised,gradcam,predicted,backbone.layer2,6,6,6,0.09445688128471375,0.38627609610557556,0.24036648869514465
789,supervised,gradcam,predicted,backbone.layer2,8,8,8,0.6175175905227661,0.4473778307437897,0.5324477106332779
790,supervised,gradcam,predicted,backbone.layer2,3,3,3,-0.28603941202163696,0.24204669892787933,-0.021996356546878815
791,supervised,gradcam,predicted,backbone.layer2,0,0,0,0.5860605835914612,0.5932877063751221,0.5896741449832916
792,supervised,gradcam,predicted,backbone.layer2,3,6,6,0.4524094760417938,0.2149546593427658,0.3336820676922798
793,supervised,gradcam,predicted,backbone.layer2,4,4,4,-0.0808955579996109,0.24932415783405304,0.08421429991722107
794,supervised,gradcam,predicted,backbone.layer2,7,7,7,0.5082385540008545,0.5453136563301086,0.5267761051654816
795,supervised,gradcam,predicted,backbone.layer2,7,7,7,0.35318392515182495,0.5559932589530945,0.4545885920524597
796,supervised,gradcam,predicted,backbone.layer2,1,9,9,-0.13801491260528564,0.3127688467502594,0.08737696707248688
797,supervised,gradcam,predicted,backbone.layer2,4,4,4,-0.28407248854637146,0.32270485162734985,0.019316181540489197
798,supervised,gradcam,predicted,backbone.layer2,7,7,7,-0.16880758106708527,0.30711987614631653,0.06915614753961563
799,supervised,gradcam,predicted,backbone.layer2,2,4,4,-0.09240593016147614,0.33078810572624207,0.11919108778238297
800,supervised,gradcam,predicted,backbone.layer2,7,7,7,0.054080504924058914,0.48248422145843506,0.268282363191247
801,supervised,gradcam,predicted,backbone.layer2,1,1,1,0.16895386576652527,0.4949494004249573,0.33195163309574127
802,supervised,gradcam,predicted,backbone.layer2,4,4,4,0.1340053379535675,0.04641147702932358,0.09020840749144554
803,supervised,gradcam,predicted,backbone.layer2,7,7,7,0.3638685941696167,0.5779713988304138,0.47091999650001526
804,supervised,gradcam,predicted,backbone.layer2,4,4,4,-0.14637798070907593,0.18590985238552094,0.019765935838222504
805,supervised,gradcam,predicted,backbone.layer2,4,4,4,-0.13236673176288605,0.10794603824615479,-0.012210346758365631
806,supervised,gradcam,predicted,backbone.layer2,8,8,8,0.025307249277830124,0.16246920824050903,0.09388822875916958
807,supervised,gradcam,predicted,backbone.layer2,4,4,4,0.021086566150188446,0.31573665142059326,0.16841160878539085
808,supervised,gradcam,predicted,backbone.layer2,7,7,7,0.06746866554021835,0.15530231595039368,0.11138549074530602
809,supervised,gradcam,predicted,backbone.layer2,7,7,7,0.10885836184024811,0.34769362211227417,0.22827599197626114
810,supervised,gradcam,predicted,backbone.layer2,5,2,2,-0.02349255047738552,0.2749798595905304,0.12574365455657244
811,supervised,gradcam,predicted,backbone.layer2,3,5,5,0.05149727314710617,0.3374180793762207,0.19445767626166344
812,supervised,gradcam,predicted,backbone.layer2,7,7,7,0.2961142361164093,0.5429067611694336,0.41951049864292145
813,supervised,gradcam,predicted,backbone.layer2,2,2,2,-0.1009453758597374,0.1967206448316574,0.04788763448596001
814,supervised,gradcam,predicted,backbone.layer2,0,0,0,-0.08442342281341553,0.2954223155975342,0.10549944639205933
815,supervised,gradcam,predicted,backbone.layer2,8,8,8,0.350864976644516,0.3539033532142639,0.35238416492938995
816,supervised,gradcam,predicted,backbone.layer2,9,9,9,0.3031489849090576,0.5145658850669861,0.40885743498802185
817,supervised,gradcam,predicted,backbone.layer2,5,5,5,0.01778580993413925,0.2096189260482788,0.11370236799120903
818,supervised,gradcam,predicted,backbone.layer2,8,8,8,-0.07523411512374878,0.2890428900718689,0.10690438747406006
819,supervised,gradcam,predicted,backbone.layer2,3,0,0,0.37938886880874634,0.24305979907512665,0.3112243339419365
820,supervised,gradcam,predicted,backbone.layer2,6,6,6,0.009465200826525688,0.40629512071609497,0.20788016077131033
821,supervised,gradcam,predicted,backbone.layer2,2,2,2,-0.25434279441833496,0.346794068813324,0.04622563719749451
822,supervised,gradcam,predicted,backbone.layer2,0,0,0,0.19691728055477142,0.28088271617889404,0.23889999836683273
823,supervised,gradcam,predicted,backbone.layer2,8,8,8,0.38610610365867615,0.33678877353668213,0.36144743859767914
824,supervised,gradcam,predicted,backbone.layer2,7,7,7,0.44490545988082886,0.6344057321548462,0.5396555960178375
825,supervised,gradcam,predicted,backbone.layer2,3,3,3,-0.2287987768650055,0.36971136927604675,0.07045629620552063
826,supervised,gradcam,predicted,backbone.layer2,7,7,7,0.3441256880760193,0.6663697361946106,0.5052477121353149
827,supervised,gradcam,predicted,backbone.layer2,6,6,6,-0.04721264913678169,0.4536032974720001,0.20319532416760921
828,supervised,gradcam,predicted,backbone.layer2,5,5,5,0.24224185943603516,0.3937750458717346,0.3180084526538849
829,supervised,gradcam,predicted,backbone.layer2,3,3,3,0.21356913447380066,0.3666611313819885,0.2901151329278946
830,supervised,gradcam,predicted,backbone.layer2,1,1,1,0.056689150631427765,0.5429784059524536,0.2998337782919407
831,supervised,gradcam,predicted,backbone.layer2,3,3,3,-0.101576067507267,0.3974640369415283,0.14794398471713066
768,supervised,gradcam,predicted,backbone.layer3,5,5,5,0.3212200999259949,0.4550780951976776,0.38814909756183624
769,supervised,gradcam,predicted,backbone.layer3,4,4,4,0.3241303563117981,0.4341009259223938,0.37911564111709595
770,supervised,gradcam,predicted,backbone.layer3,6,0,0,0.036900416016578674,0.18874071538448334,0.112820565700531
771,supervised,gradcam,predicted,backbone.layer3,1,1,1,-0.02703380584716797,0.22970318794250488,0.10133469104766846
772,supervised,gradcam,predicted,backbone.layer3,6,6,6,0.3733688294887543,0.5268881320953369,0.4501284807920456
773,supervised,gradcam,predicted,backbone.layer3,4,4,4,0.7003089785575867,0.47305870056152344,0.586683839559555
774,supervised,gradcam,predicted,backbone.layer3,0,0,0,0.25238949060440063,0.4160762131214142,0.3342328518629074
775,supervised,gradcam,predicted,backbone.layer3,2,2,2,0.05047987401485443,0.4939354360103607,0.2722076550126076
776,supervised,gradcam,predicted,backbone.layer3,2,5,5,0.1272047609090805,0.41428953409194946,0.270747147500515
777,supervised,gradcam,predicted,backbone.layer3,6,6,6,0.3476177453994751,0.558133065700531,0.45287540555000305
778,supervised,gradcam,predicted,backbone.layer3,0,0,0,0.36999428272247314,0.1947443038225174,0.28236929327249527
779,supervised,gradcam,predicted,backbone.layer3,5,5,5,0.624902606010437,0.3689173460006714,0.4969099760055542
780,supervised,gradcam,predicted,backbone.layer3,9,9,9,0.3104287385940552,0.4830273389816284,0.3967280387878418
781,supervised,gradcam,predicted,backbone.layer3,1,1,1,0.3369784355163574,0.45095980167388916,0.3939691185951233
782,supervised,gradcam,predicted,backbone.layer3,7,7,7,0.5565496683120728,0.5274211168289185,0.5419853925704956
783,supervised,gradcam,predicted,backbone.layer3,6,6,6,0.3442293703556061,0.35871970653533936,0.3514745384454727
784,supervised,gradcam,predicted,backbone.layer3,7,7,7,0.16210585832595825,0.4082874655723572,0.2851966619491577
785,supervised,gradcam,predicted,backbone.layer3,0,0,0,-0.17083387076854706,0.3227367103099823,0.07595141977071762
786,supervised,gradcam,predicted,backbone.layer3,3,3,3,0.30048447847366333,0.41364264488220215,0.35706356167793274
787,supervised,gradcam,predicted,backbone.layer3,9,9,9,0.5750004053115845,0.46617642045021057,0.5205884128808975
788,supervised,gradcam,predicted,backbone.layer3,6,6,6,-0.4108477234840393,0.3805290758609772,-0.015159323811531067
789,supervised,gradcam,predicted,backbone.layer3,8,8,8,0.4795410633087158,0.5901349186897278,0.5348379909992218
790,supervised,gradcam,predicted,backbone.layer3,3,3,3,0.5784306526184082,0.4341101050376892,0.5062703788280487
791,supervised,gradcam,predicted,backbone.layer3,0,0,0,-0.08942047506570816,0.33338722586631775,0.1219833754003048
792,supervised,gradcam,predicted,backbone.layer3,3,6,6,0.12292061746120453,0.30127790570259094,0.21209926158189774
793,supervised,gradcam,predicted,backbone.layer3,4,4,4,0.1423192024230957,0.3708266317844391,0.2565729171037674
794,supervised,gradcam,predicted,backbone.layer3,7,7,7,0.5614006519317627,0.3547341227531433,0.458067387342453
795,supervised,gradcam,predicted,backbone.layer3,7,7,7,0.8780174851417542,0.4767165184020996,0.6773670017719269
796,supervised,gradcam,predicted,backbone.layer3,1,9,9,0.7721570134162903,0.27769094705581665,0.5249239802360535
797,supervised,gradcam,predicted,backbone.layer3,4,4,4,-0.07400821894407272,0.3164304792881012,0.12121113017201424
798,supervised,gradcam,predicted,backbone.layer3,7,7,7,0.4223484694957733,0.23773358762264252,0.3300410285592079
799,supervised,gradcam,predicted,backbone.layer3,2,4,4,-0.00785110704600811,0.3670364022254944,0.17959264758974314
800,supervised,gradcam,predicted,backbone.layer3,7,7,7,0.5483022332191467,0.4149291515350342,0.48161569237709045
801,supervised,gradcam,predicted,backbone.layer3,1,1,1,0.3945498764514923,0.3555510938167572,0.37505048513412476
802,supervised,gradcam,predicted,backbone.layer3,4,4,4,0.4540212154388428,0.16908062994480133,0.31155092269182205
803,supervised,gradcam,predicted,backbone.layer3,7,7,7,0.4731842279434204,0.3994060456752777,0.43629513680934906
804,supervised,gradcam,predicted,backbone.layer3,4,4,4,0.22180448472499847,0.44789037108421326,0.33484742790460587
805,supervised,gradcam,predicted,backbone.layer3,4,4,4,-0.10927927494049072,0.3489898145198822,0.11985526978969574
806,supervised,gradcam,predicted,backbone.layer3,8,8,8,0.2895609438419342,0.5112212300300598,0.400391086935997
807,supervised,gradcam,predicted,backbone.layer3,4,4,4,0.5418132543563843,0.48568734526634216,0.5137502998113632
808,supervised,gradcam,predicted,backbone.layer3,7,7,7,0.09004435688257217,0.3381168842315674,0.21408062055706978
809,supervised,gradcam,predicted,backbone.layer3,7,7,7,0.16623015701770782,0.3587189018726349,0.26247452944517136
810,supervised,gradcam,predicted,backbone.layer3,5,2,2,0.3112417161464691,0.5079706311225891,0.4096061736345291
811,supervised,gradcam,predicted,backbone.layer3,3,5,5,-0.03519674763083458,0.42314666509628296,0.1939749587327242
812,supervised,gradcam,predicted,backbone.layer3,7,7,7,0.6548595428466797,0.46072572469711304,0.5577926337718964
813,supervised,gradcam,predicted,backbone.layer3,2,2,2,0.5119644403457642,0.4483516216278076,0.4801580309867859
814,supervised,gradcam,predicted,backbone.layer3,0,0,0,-0.3113277554512024,0.22604309022426605,-0.04264233261346817
815,supervised,gradcam,predicted,backbone.layer3,8,8,8,0.14753340184688568,0.4641406536102295,0.3058370277285576
816,supervised,gradcam,predicted,backbone.layer3,9,9,9,-0.03975256532430649,0.3881475627422333,0.1741974987089634
817,supervised,gradcam,predicted,backbone.layer3,5,5,5,0.7296168208122253,0.5016005039215088,0.6156086623668671
818,supervised,gradcam,predicted,backbone.layer3,8,8,8,0.226390078663826,0.4856572449207306,0.3560236617922783
819,supervised,gradcam,predicted,backbone.layer3,3,0,0,0.03669612109661102,0.21990269422531128,0.12829940766096115
820,supervised,gradcam,predicted,backbone.layer3,6,6,6,-0.13074052333831787,0.31358835101127625,0.09142391383647919
821,supervised,gradcam,predicted,backbone.layer3,2,2,2,0.3851679861545563,0.5243681073188782,0.4547680467367172
822,supervised,gradcam,predicted,backbone.layer3,0,0,0,-0.10591548681259155,0.1555463969707489,0.024815455079078674
823,supervised,gradcam,predicted,backbone.layer3,8,8,8,0.2864919900894165,0.6173794269561768,0.45193570852279663
824,supervised,gradcam,predicted,backbone.layer3,7,7,7,0.5668395757675171,0.4622598886489868,0.514549732208252
825,supervised,gradcam,predicted,backbone.layer3,3,3,3,0.8062889575958252,0.40487006306648254,0.6055795103311539
826,supervised,gradcam,predicted,backbone.layer3,7,7,7,-0.1265905350446701,0.2885265648365021,0.08096801489591599
827,supervised,gradcam,predicted,backbone.layer3,6,6,6,0.2471350133419037,0.47334805130958557,0.36024153232574463
828,supervised,gradcam,predicted,backbone.layer3,5,5,5,0.35147443413734436,0.41289594769477844,0.3821851909160614
829,supervised,gradcam,predicted,backbone.layer3,3,3,3,0.29915717244148254,0.34423378109931946,0.321695476770401
830,supervised,gradcam,predicted,backbone.layer3,1,1,1,-0.09377980977296829,0.34707900881767273,0.12664959952235222
831,supervised,gradcam,predicted,backbone.layer3,3,3,3,0.03862179443240166,0.23689556121826172,0.1377586778253317
768,supervised,gradcam,predicted,backbone.layer4,5,5,5,0.541312038898468,0.6208633780479431,0.5810877084732056
769,supervised,gradcam,predicted,backbone.layer4,4,4,4,0.5786486268043518,0.701387882232666,0.6400182545185089
770,supervised,gradcam,predicted,backbone.layer4,6,0,0,-0.06978898495435715,0.3418457806110382,0.13602839782834053
771,supervised,gradcam,predicted,backbone.layer4,1,1,1,0.0041653914377093315,0.45904430747032166,0.2316048494540155
772,supervised,gradcam,predicted,backbone.layer4,6,6,6,0.45034387707710266,0.5857276916503906,0.5180357843637466
773,supervised,gradcam,predicted,backbone.layer4,4,4,4,0.26401951909065247,0.583388090133667,0.42370380461215973
774,supervised,gradcam,predicted,backbone.layer4,0,0,0,0.5784264206886292,0.6125503182411194,0.5954883694648743
775,supervised,gradcam,predicted,backbone.layer4,2,2,2,0.026281490921974182,0.463608980178833,0.2449452355504036
776,supervised,gradcam,predicted,backbone.layer4,2,5,5,0.06267759203910828,0.45732301473617554,0.2600003033876419
777,supervised,gradcam,predicted,backbone.layer4,6,6,6,0.5306321978569031,0.6956989169120789,0.613165557384491
778,supervised,gradcam,predicted,backbone.layer4,0,0,0,0.5927357077598572,0.5665442943572998,0.5796400010585785
779,supervised,gradcam,predicted,backbone.layer4,5,5,5,0.4365232288837433,0.46456506848335266,0.450544148683548
780,supervised,gradcam,predicted,backbone.layer4,9,9,9,0.2977674901485443,0.5971472859382629,0.4474573880434036
781,supervised,gradcam,predicted,backbone.layer4,1,1,1,0.4090011417865753,0.5123996734619141,0.4607004076242447
782,supervised,gradcam,predicted,backbone.layer4,7,7,7,0.43604758381843567,0.6150127649307251,0.5255301743745804
783,supervised,gradcam,predicted,backbone.layer4,6,6,6,0.1867905855178833,0.4952167272567749,0.3410036563873291
784,supervised,gradcam,predicted,backbone.layer4,7,7,7,0.15801574289798737,0.5582765936851501,0.35814616829156876
785,supervised,gradcam,predicted,backbone.layer4,0,0,0,0.3262341618537903,0.5834447145462036,0.45483943819999695
786,supervised,gradcam,predicted,backbone.layer4,3,3,3,0.5130402445793152,0.596450686454773,0.5547454655170441
787,supervised,gradcam,predicted,backbone.layer4,9,9,9,0.40817251801490784,0.6123771071434021,0.510274812579155
788,supervised,gradcam,predicted,backbone.layer4,6,6,6,0.3560318350791931,0.5207204222679138,0.43837612867355347
789,supervised,gradcam,predicted,backbone.layer4,8,8,8,0.2161807417869568,0.49404409527778625,0.3551124185323715
790,supervised,gradcam,predicted,backbone.layer4,3,3,3,0.7251297831535339,0.545051097869873,0.6350904405117035
791,supervised,gradcam,predicted,backbone.layer4,0,0,0,0.22711947560310364,0.5577671527862549,0.39244331419467926
792,supervised,gradcam,predicted,backbone.layer4,3,6,6,0.6510571241378784,0.6809241771697998,0.6659906506538391
793,supervised,gradcam,predicted,backbone.layer4,4,4,4,0.8534372448921204,0.7824332118034363,0.8179352283477783
794,supervised,gradcam,predicted,backbone.layer4,7,7,7,0.5109010934829712,0.5848588347434998,0.5478799641132355
795,supervised,gradcam,predicted,backbone.layer4,7,7,7,0.5736089944839478,0.5681709051132202,0.570889949798584
796,supervised,gradcam,predicted,backbone.layer4,1,9,9,0.707506000995636,0.40652868151664734,0.5570173412561417
797,supervised,gradcam,predicted,backbone.layer4,4,4,4,0.5012988448143005,0.6428238153457642,0.5720613300800323
798,supervised,gradcam,predicted,backbone.layer4,7,7,7,0.5418028831481934,0.6109123826026917,0.5763576328754425
799,supervised,gradcam,predicted,backbone.layer4,2,4,4,0.0011574211530387402,0.4120396673679352,0.20659854426048696
800,supervised,gradcam,predicted,backbone.layer4,7,7,7,0.31717827916145325,0.5506860613822937,0.4339321702718735
801,supervised,gradcam,predicted,backbone.layer4,1,1,1,0.29742905497550964,0.5036041736602783,0.400516614317894
802,supervised,gradcam,predicted,backbone.layer4,4,4,4,0.40000298619270325,0.4546651244163513,0.4273340553045273
803,supervised,gradcam,predicted,backbone.layer4,7,7,7,0.8552619218826294,0.7552323341369629,0.8052471280097961
804,supervised,gradcam,predicted,backbone.layer4,4,4,4,0.42831552028656006,0.5771433115005493,0.5027294158935547
805,supervised,gradcam,predicted,backbone.layer4,4,4,4,0.3864835202693939,0.5880956649780273,0.48728959262371063
806,supervised,gradcam,predicted,backbone.layer4,8,8,8,-0.12682242691516876,0.46659135818481445,0.16988446563482285
807,supervised,gradcam,predicted,backbone.layer4,4,4,4,0.40456369519233704,0.5711914896965027,0.48787759244441986
808,supervised,gradcam,predicted,backbone.layer4,7,7,7,0.2798526883125305,0.6099792122840881,0.4449159502983093
809,supervised,gradcam,predicted,backbone.layer4,7,7,7,0.07941769808530807,0.5445274710655212,0.31197258457541466
810,supervised,gradcam,predicted,backbone.layer4,5,2,2,0.22662775218486786,0.5436956882476807,0.38516172021627426
811,supervised,gradcam,predicted,backbone.layer4,3,5,5,0.3501158058643341,0.595244824886322,0.47268031537532806
812,supervised,gradcam,predicted,backbone.layer4,7,7,7,0.3132941722869873,0.5120774507522583,0.4126858115196228
813,supervised,gradcam,predicted,backbone.layer4,2,2,2,0.37000545859336853,0.4993070662021637,0.4346562623977661
814,supervised,gradcam,predicted,backbone.layer4,0,0,0,0.014592555351555347,0.5018461346626282,0.25821934500709176
815,supervised,gradcam,predicted,backbone.layer4,8,8,8,0.3926476538181305,0.6197726726531982,0.5062101632356644
816,supervised,gradcam,predicted,backbone.layer4,9,9,9,0.12509267032146454,0.6135540008544922,0.36932333558797836
817,supervised,gradcam,predicted,backbone.layer4,5,5,5,0.4686584770679474,0.5742167234420776,0.5214376002550125
818,supervised,gradcam,predicted,backbone.layer4,8,8,8,0.06328663975000381,0.5048041939735413,0.28404541686177254
819,supervised,gradcam,predicted,backbone.layer4,3,0,0,0.44940462708473206,0.48866909742355347,0.46903686225414276
820,supervised,gradcam,predicted,backbone.layer4,6,6,6,0.4236735999584198,0.5907200574874878,0.5071968287229538
821,supervised,gradcam,predicted,backbone.layer4,2,2,2,0.4717930555343628,0.5874162912368774,0.5296046733856201
822,supervised,gradcam,predicted,backbone.layer4,0,0,0,0.28024494647979736,0.5101445317268372,0.39519473910331726
823,supervised,gradcam,predicted,backbone.layer4,8,8,8,0.48551973700523376,0.6229997277259827,0.5542597323656082
824,supervised,gradcam,predicted,backbone.layer4,7,7,7,0.3213348686695099,0.6117656230926514,0.4665502458810806
825,supervised,gradcam,predicted,backbone.layer4,3,3,3,0.33898767828941345,0.5345085859298706,0.43674813210964203
826,supervised,gradcam,predicted,backbone.layer4,7,7,7,0.2955418825149536,0.5894156098365784,0.442478746175766
827,supervised,gradcam,predicted,backbone.layer4,6,6,6,0.7147084474563599,0.7280620336532593,0.7213852405548096
828,supervised,gradcam,predicted,backbone.layer4,5,5,5,0.4974345266819,0.6196539998054504,0.5585442632436752
829,supervised,gradcam,predicted,backbone.layer4,3,3,3,0.5030061602592468,0.5178042650222778,0.5104052126407623
830,supervised,gradcam,predicted,backbone.layer4,1,1,1,-0.34286588430404663,0.45013758540153503,0.0536358505487442
831,supervised,gradcam,predicted,backbone.layer4,3,3,3,0.02516736462712288,0.5687116384506226,0.2969395015388727
832,supervised,gradcam,predicted,backbone.layer1,2,2,2,0.3419954776763916,0.3576355576515198,0.3498155176639557
833,supervised,gradcam,predicted,backbone.layer1,2,2,2,0.22711317241191864,0.3921613395214081,0.30963725596666336
834,supervised,gradcam,predicted,backbone.layer1,5,5,5,0.21667812764644623,0.023965343832969666,0.12032173573970795
835,supervised,gradcam,predicted,backbone.layer1,4,4,4,0.2176809310913086,0.38624876737594604,0.3019648492336273
836,supervised,gradcam,predicted,backbone.layer1,1,1,1,0.10183954238891602,0.3026607632637024,0.2022501528263092
837,supervised,gradcam,predicted,backbone.layer1,2,2,2,-0.1348971128463745,0.3178669214248657,0.0914849042892456
838,supervised,gradcam,predicted,backbone.layer1,9,9,9,0.3874446451663971,0.33535823225975037,0.36140143871307373
839,supervised,gradcam,predicted,backbone.layer1,2,2,2,0.602232813835144,0.25127917528152466,0.42675599455833435
840,supervised,gradcam,predicted,backbone.layer1,7,7,7,-0.05280061438679695,0.017438367009162903,-0.017681123688817024
841,supervised,gradcam,predicted,backbone.layer1,0,0,0,0.04771985486149788,0.35690340399742126,0.20231162942945957
842,supervised,gradcam,predicted,backbone.layer1,7,7,7,-0.1042821854352951,0.1119537353515625,0.0038357749581336975
843,supervised,gradcam,predicted,backbone.layer1,2,2,2,0.12949396669864655,0.3262927234172821,0.22789334505796432
844,supervised,gradcam,predicted,backbone.layer1,1,1,1,0.367559015750885,0.4881916642189026,0.4278753399848938
845,supervised,gradcam,predicted,backbone.layer1,3,3,3,-0.07040148228406906,0.14990131556987762,0.03974991664290428
846,supervised,gradcam,predicted,backbone.layer1,2,2,2,-0.08863145112991333,0.2705976366996765,0.09098309278488159
847,supervised,gradcam,predicted,backbone.layer1,0,0,0,0.07675942033529282,0.4378286600112915,0.25729404017329216
848,supervised,gradcam,predicted,backbone.layer1,2,2,2,-0.028494391590356827,0.2628704607486725,0.11718803457915783
849,supervised,gradcam,predicted,backbone.layer1,4,4,4,-0.034958042204380035,0.008861657232046127,-0.013048192486166954
850,supervised,gradcam,predicted,backbone.layer1,7,7,7,-0.017618123441934586,0.029829945415258408,0.006105910986661911
851,supervised,gradcam,predicted,backbone.layer1,9,9,9,0.3693898618221283,0.2574330270290375,0.3134114444255829
852,supervised,gradcam,predicted,backbone.layer1,8,8,8,-0.0725928246974945,0.15388531982898712,0.04064624756574631
853,supervised,gradcam,predicted,backbone.layer1,9,1,1,0.2702493667602539,0.49164509773254395,0.3809472322463989
854,supervised,gradcam,predicted,backbone.layer1,0,0,0,-0.18240989744663239,0.3122715950012207,0.06493084877729416
855,supervised,gradcam,predicted,backbone.layer1,7,7,7,-0.07889197766780853,0.009765847586095333,-0.0345630650408566
856,supervised,gradcam,predicted,backbone.layer1,7,7,7,0.0,0.0,0.0
857,supervised,gradcam,predicted,backbone.layer1,0,0,0,0.39015233516693115,0.3550434708595276,0.37259790301322937
858,supervised,gradcam,predicted,backbone.layer1,7,7,7,0.03143693134188652,0.04424591735005379,0.037841424345970154
859,supervised,gradcam,predicted,backbone.layer1,8,8,8,0.22410261631011963,0.22293010354042053,0.22351635992527008
860,supervised,gradcam,predicted,backbone.layer1,4,4,4,0.0453018993139267,0.209358349442482,0.12733012437820435
861,supervised,gradcam,predicted,backbone.layer1,6,6,6,0.10882258415222168,0.4907478988170624,0.29978524148464203
862,supervised,gradcam,predicted,backbone.layer1,3,3,3,-0.09711092710494995,0.2614777088165283,0.08218339085578918
863,supervised,gradcam,predicted,backbone.layer1,3,3,3,-0.02994346432387829,0.36085963249206543,0.16545808408409357
864,supervised,gradcam,predicted,backbone.layer1,0,0,0,0.10827542841434479,0.05159350484609604,0.07993446663022041
865,supervised,gradcam,predicted,backbone.layer1,1,1,1,0.04139091074466705,0.3159189522266388,0.17865493148565292
866,supervised,gradcam,predicted,backbone.layer1,3,3,3,-0.08188669383525848,0.22356589138507843,0.07083959877490997
867,supervised,gradcam,predicted,backbone.layer1,7,7,7,-0.0661863312125206,0.1448129266500473,0.03931329771876335
868,supervised,gradcam,predicted,backbone.layer1,0,0,0,0.35395094752311707,0.4848306179046631,0.4193907827138901
869,supervised,gradcam,predicted,backbone.layer1,1,1,1,0.18068741261959076,0.3445678949356079,0.26262765377759933
870,supervised,gradcam,predicted,backbone.layer1,3,3,3,0.2673695981502533,0.35556817054748535,0.3114688843488693
871,supervised,gradcam,predicted,backbone.layer1,1,1,1,0.379840224981308,0.3649158179759979,0.37237802147865295
872,supervised,gradcam,predicted,backbone.layer1,4,4,4,0.18862350285053253,0.27121230959892273,0.22991790622472763
873,supervised,gradcam,predicted,backbone.layer1,2,2,2,0.2392236739397049,0.3224133551120758,0.28081851452589035
874,supervised,gradcam,predicted,backbone.layer1,3,3,3,-0.11362170428037643,0.11773508042097092,0.002056688070297241
875,supervised,gradcam,predicted,backbone.layer1,8,8,8,0.3739110231399536,0.20049990713596344,0.2872054651379585
876,supervised,gradcam,predicted,backbone.layer1,4,4,4,0.15185369551181793,0.3021722733974457,0.2270129844546318
877,supervised,gradcam,predicted,backbone.layer1,2,2,2,0.18833549320697784,0.34684109687805176,0.2675882950425148
878,supervised,gradcam,predicted,backbone.layer1,3,3,3,0.03857850655913353,0.004492397885769606,0.021535452222451568
879,supervised,gradcam,predicted,backbone.layer1,7,7,7,0.0,0.0,0.0
880,supervised,gradcam,predicted,backbone.layer1,8,8,8,0.6414445638656616,0.1629624217748642,0.4022034928202629
881,supervised,gradcam,predicted,backbone.layer1,4,4,4,0.17978496849536896,0.08780430257320404,0.1337946355342865
882,supervised,gradcam,predicted,backbone.layer1,3,3,3,-0.0822250097990036,0.09970709681510925,0.008741043508052826
883,supervised,gradcam,predicted,backbone.layer1,0,8,8,0.15205833315849304,0.21508508920669556,0.1835717111825943
884,supervised,gradcam,predicted,backbone.layer1,9,9,9,0.3492843210697174,0.21538494527339935,0.2823346331715584
885,supervised,gradcam,predicted,backbone.layer1,0,0,0,-0.32619979977607727,0.3168846368789673,-0.004657581448554993
886,supervised,gradcam,predicted,backbone.layer1,0,0,0,0.31586235761642456,0.436387836933136,0.3761250972747803
887,supervised,gradcam,predicted,backbone.layer1,1,1,1,0.06099338084459305,0.30289512872695923,0.18194425478577614
888,supervised,gradcam,predicted,backbone.layer1,0,8,8,0.17367996275424957,0.15483646094799042,0.16425821185112
889,supervised,gradcam,predicted,backbone.layer1,4,4,4,-0.024116864427924156,0.006365376058965921,-0.008875744184479117
890,supervised,gradcam,predicted,backbone.layer1,4,4,4,0.296391099691391,0.3845430016517639,0.34046705067157745
891,supervised,gradcam,predicted,backbone.layer1,6,6,6,-0.1958649903535843,0.162368506193161,-0.01674824208021164
892,supervised,gradcam,predicted,backbone.layer1,7,7,7,-0.01994997076690197,0.00841308943927288,-0.005768440663814545
893,supervised,gradcam,predicted,backbone.layer1,6,3,3,0.03259514272212982,0.03964808210730553,0.036121612414717674
894,supervised,gradcam,predicted,backbone.layer1,1,1,1,0.38010933995246887,0.37424036860466003,0.37717485427856445
895,supervised,gradcam,predicted,backbone.layer1,1,1,1,0.20155160129070282,0.4045746326446533,0.30306311696767807
832,supervised,gradcam,predicted,backbone.layer2,2,2,2,0.18952041864395142,0.2736493945121765,0.23158490657806396
833,supervised,gradcam,predicted,backbone.layer2,2,2,2,0.10176634043455124,0.13707679510116577,0.1194215677678585
834,supervised,gradcam,predicted,backbone.layer2,5,5,5,0.4907681345939636,0.31107473373413086,0.40092143416404724
835,supervised,gradcam,predicted,backbone.layer2,4,4,4,-0.030969850718975067,0.23504260182380676,0.10203637555241585
836,supervised,gradcam,predicted,backbone.layer2,1,1,1,-0.13914154469966888,0.5097382068634033,0.18529833108186722
837,supervised,gradcam,predicted,backbone.layer2,2,2,2,-0.18478599190711975,0.3002808094024658,0.057747408747673035
838,supervised,gradcam,predicted,backbone.layer2,9,9,9,-0.2928512692451477,0.19868387281894684,-0.04708369821310043
839,supervised,gradcam,predicted,backbone.layer2,2,2,2,0.355957955121994,0.23065325617790222,0.2933056056499481
840,supervised,gradcam,predicted,backbone.layer2,7,7,7,0.3285384774208069,0.581948459148407,0.45524346828460693
841,supervised,gradcam,predicted,backbone.layer2,0,0,0,0.003844386897981167,0.3556535243988037,0.17974895564839244
842,supervised,gradcam,predicted,backbone.layer2,7,7,7,0.1744271069765091,0.5571495294570923,0.3657883182168007
843,supervised,gradcam,predicted,backbone.layer2,2,2,2,-0.008935346268117428,0.3073669672012329,0.14921581046655774
844,supervised,gradcam,predicted,backbone.layer2,1,1,1,0.2458970844745636,0.42471739649772644,0.335307240486145
845,supervised,gradcam,predicted,backbone.layer2,3,3,3,-0.0637877807021141,0.40097635984420776,0.16859428957104683
846,supervised,gradcam,predicted,backbone.layer2,2,2,2,-0.14912575483322144,0.2043740600347519,0.02762415260076523
847,supervised,gradcam,predicted,backbone.layer2,0,0,0,-0.15204794704914093,0.25803446769714355,0.05299326032400131
848,supervised,gradcam,predicted,backbone.layer2,2,2,2,-0.29253697395324707,0.303188681602478,0.0053258538246154785
849,supervised,gradcam,predicted,backbone.layer2,4,4,4,0.06703700870275497,0.4309253990650177,0.24898120388388634
850,supervised,gradcam,predicted,backbone.layer2,7,7,7,-0.32361748814582825,0.2905780076980591,-0.016519740223884583
851,supervised,gradcam,predicted,backbone.layer2,9,9,9,-0.11954883486032486,0.36733314394950867,0.1238921545445919
852,supervised,gradcam,predicted,backbone.layer2,8,8,8,0.168446883559227,0.2607043385505676,0.2145756110548973
853,supervised,gradcam,predicted,backbone.layer2,9,1,1,0.11449109017848969,0.4918442368507385,0.3031676635146141
854,supervised,gradcam,predicted,backbone.layer2,0,0,0,-0.05496209114789963,0.44926080107688904,0.1971493549644947
855,supervised,gradcam,predicted,backbone.layer2,7,7,7,-0.022539151832461357,0.3519240617752075,0.16469245497137308
856,supervised,gradcam,predicted,backbone.layer2,7,7,7,0.09793483465909958,0.5050485730171204,0.30149170383810997
857,supervised,gradcam,predicted,backbone.layer2,0,0,0,0.7623772025108337,0.23217858374118805,0.4972778931260109
858,supervised,gradcam,predicted,backbone.layer2,7,7,7,0.38262954354286194,0.5721634030342102,0.47739647328853607
859,supervised,gradcam,predicted,backbone.layer2,8,8,8,-0.030328482389450073,0.2523861825466156,0.11102885007858276
860,supervised,gradcam,predicted,backbone.layer2,4,4,4,-0.25036004185676575,0.1557808816432953,-0.04728958010673523
861,supervised,gradcam,predicted,backbone.layer2,6,6,6,0.13031210005283356,0.5322436094284058,0.33127785474061966
862,supervised,gradcam,predicted,backbone.layer2,3,3,3,-0.0020609148778021336,0.38441962003707886,0.19117935257963836
863,supervised,gradcam,predicted,backbone.layer2,3,3,3,-0.149489164352417,0.4451468288898468,0.1478288322687149
864,supervised,gradcam,predicted,backbone.layer2,0,0,0,0.584863543510437,0.26104748249053955,0.4229555130004883
865,supervised,gradcam,predicted,backbone.layer2,1,1,1,0.047573719173669815,0.4139787256717682,0.230776222422719
866,supervised,gradcam,predicted,backbone.layer2,3,3,3,0.05350080505013466,0.4598400592803955,0.2566704321652651
867,supervised,gradcam,predicted,backbone.layer2,7,7,7,0.43648794293403625,0.5664089918136597,0.501448467373848
868,supervised,gradcam,predicted,backbone.layer2,0,0,0,-0.1974542886018753,0.3254863917827606,0.06401605159044266
869,supervised,gradcam,predicted,backbone.layer2,1,1,1,-0.25171729922294617,0.4081801772117615,0.07823143899440765
870,supervised,gradcam,predicted,backbone.layer2,3,3,3,-0.1360025554895401,0.46383655071258545,0.16391699761152267
871,supervised,gradcam,predicted,backbone.layer2,1,1,1,0.41419169306755066,0.45337921380996704,0.43378545343875885
872,supervised,gradcam,predicted,backbone.layer2,4,4,4,0.1630055457353592,0.19776491820812225,0.18038523197174072
873,supervised,gradcam,predicted,backbone.layer2,2,2,2,0.04070300981402397,0.16789264976978302,0.1042978297919035
874,supervised,gradcam,predicted,backbone.layer2,3,3,3,-0.12401315569877625,0.22596070170402527,0.05097377300262451
875,supervised,gradcam,predicted,backbone.layer2,8,8,8,0.009829831309616566,0.2686137855052948,0.13922180840745568
876,supervised,gradcam,predicted,backbone.layer2,4,4,4,0.10554312914609909,0.27878543734550476,0.19216428324580193
877,supervised,gradcam,predicted,backbone.layer2,2,2,2,0.13947132229804993,0.24971266090869904,0.19459199160337448
878,supervised,gradcam,predicted,backbone.layer2,3,3,3,-0.2021939605474472,0.3039681911468506,0.05088711529970169
879,supervised,gradcam,predicted,backbone.layer2,7,7,7,0.4568538963794708,0.5971301198005676,0.5269920080900192
880,supervised,gradcam,predicted,backbone.layer2,8,8,8,0.29712098836898804,0.3746168315410614,0.3358689099550247
881,supervised,gradcam,predicted,backbone.layer2,4,4,4,0.006829564459621906,0.2925063371658325,0.1496679508127272
882,supervised,gradcam,predicted,backbone.layer2,3,3,3,-0.1414666622877121,0.2989594638347626,0.07874640077352524
883,supervised,gradcam,predicted,backbone.layer2,0,8,8,0.3296859562397003,0.2466786503791809,0.2881823033094406
884,supervised,gradcam,predicted,backbone.layer2,9,9,9,0.3164956271648407,0.4950105845928192,0.40575310587882996
885,supervised,gradcam,predicted,backbone.layer2,0,0,0,0.2891104519367218,0.36222994327545166,0.32567019760608673
886,supervised,gradcam,predicted,backbone.layer2,0,0,0,0.1685611605644226,0.38929128646850586,0.27892622351646423
887,supervised,gradcam,predicted,backbone.layer2,1,1,1,0.2643292546272278,0.5294934511184692,0.3969113528728485
888,supervised,gradcam,predicted,backbone.layer2,0,8,8,-0.1506049484014511,0.09893518686294556,-0.025834880769252777
889,supervised,gradcam,predicted,backbone.layer2,4,4,4,-0.1121852919459343,0.2331959456205368,0.060505326837301254
890,supervised,gradcam,predicted,backbone.layer2,4,4,4,-0.026481088250875473,0.22951123118400574,0.10151507146656513
891,supervised,gradcam,predicted,backbone.layer2,6,6,6,0.2796592712402344,0.36435940861701965,0.322009339928627
892,supervised,gradcam,predicted,backbone.layer2,7,7,7,0.12194257229566574,0.5539924502372742,0.33796751126646996
893,supervised,gradcam,predicted,backbone.layer2,6,3,3,-0.062158871442079544,0.3514733910560608,0.14465725980699062
894,supervised,gradcam,predicted,backbone.layer2,1,1,1,0.23824726045131683,0.5302486419677734,0.38424795120954514
895,supervised,gradcam,predicted,backbone.layer2,1,1,1,0.11475259810686111,0.39711326360702515,0.25593293085694313
832,supervised,gradcam,predicted,backbone.layer3,2,2,2,0.43385666608810425,0.48243579268455505,0.45814622938632965
833,supervised,gradcam,predicted,backbone.layer3,2,2,2,-0.17585107684135437,0.2835766077041626,0.053862765431404114
834,supervised,gradcam,predicted,backbone.layer3,5,5,5,0.5975832343101501,0.43838679790496826,0.5179850161075592
835,supervised,gradcam,predicted,backbone.layer3,4,4,4,-0.24858920276165009,0.19238899648189545,-0.02810010313987732
836,supervised,gradcam,predicted,backbone.layer3,1,1,1,0.3466819226741791,0.29993608593940735,0.3233090043067932
837,supervised,gradcam,predicted,backbone.layer3,2,2,2,0.3101908564567566,0.37860795855522156,0.3443994075059891
838,supervised,gradcam,predicted,backbone.layer3,9,9,9,-0.32475316524505615,0.13376201689243317,-0.09549557417631149
839,supervised,gradcam,predicted,backbone.layer3,2,2,2,0.6939160227775574,0.5364768505096436,0.6151964366436005
840,supervised,gradcam,predicted,backbone.layer3,7,7,7,0.3395334482192993,0.3971514105796814,0.36834242939949036
841,supervised,gradcam,predicted,backbone.layer3,0,0,0,0.7092397212982178,0.3829013705253601,0.5460705459117889
842,supervised,gradcam,predicted,backbone.layer3,7,7,7,0.7241438031196594,0.43317463994026184,0.5786592215299606
843,supervised,gradcam,predicted,backbone.layer3,2,2,2,0.5298131704330444,0.46678006649017334,0.4982966184616089
844,supervised,gradcam,predicted,backbone.layer3,1,1,1,0.814254641532898,0.4572131931781769,0.6357339173555374
845,supervised,gradcam,predicted,backbone.layer3,3,3,3,-9.773820784175768e-05,0.3811301589012146,0.19051621034668642
846,supervised,gradcam,predicted,backbone.layer3,2,2,2,0.634090781211853,0.4440573453903198,0.5390740633010864
847,supervised,gradcam,predicted,backbone.layer3,0,0,0,0.31498774886131287,0.3784423768520355,0.3467150628566742
848,supervised,gradcam,predicted,backbone.layer3,2,2,2,0.03830043599009514,0.5253549218177795,0.28182767890393734
849,supervised,gradcam,predicted,backbone.layer3,4,4,4,0.6594711542129517,0.5555071234703064,0.607489138841629
850,supervised,gradcam,predicted,backbone.layer3,7,7,7,-0.026215100660920143,0.28594210743904114,0.1298635033890605
851,supervised,gradcam,predicted,backbone.layer3,9,9,9,0.018676811829209328,0.40395602583885193,0.21131641883403063
852,supervised,gradcam,predicted,backbone.layer3,8,8,8,-0.00710799265652895,0.43766266107559204,0.21527733420953155
853,supervised,gradcam,predicted,backbone.layer3,9,1,1,-0.050240859389305115,0.2767270803451538,0.11324311047792435
854,supervised,gradcam,predicted,backbone.layer3,0,0,0,0.24939970672130585,0.42533227801322937,0.3373659923672676
855,supervised,gradcam,predicted,backbone.layer3,7,7,7,0.298811137676239,0.3417476415634155,0.32027938961982727
856,supervised,gradcam,predicted,backbone.layer3,7,7,7,0.3837951719760895,0.4131060242652893,0.3984505981206894
857,supervised,gradcam,predicted,backbone.layer3,0,0,0,0.9146270155906677,0.386003702878952,0.6503153592348099
858,supervised,gradcam,predicted,backbone.layer3,7,7,7,0.6055920720100403,0.41183316707611084,0.5087126195430756
859,supervised,gradcam,predicted,backbone.layer3,8,8,8,-0.1533793807029724,0.41989511251449585,0.13325786590576172
860,supervised,gradcam,predicted,backbone.layer3,4,4,4,0.27192795276641846,0.4509833753108978,0.36145566403865814
861,supervised,gradcam,predicted,backbone.layer3,6,6,6,0.0937499925494194,0.5489712357521057,0.32136061415076256
862,supervised,gradcam,predicted,backbone.layer3,3,3,3,0.08610376715660095,0.15354998409748077,0.11982687562704086
863,supervised,gradcam,predicted,backbone.layer3,3,3,3,0.41829973459243774,0.4402053654193878,0.4292525500059128
864,supervised,gradcam,predicted,backbone.layer3,0,0,0,0.7604249119758606,0.4599878191947937,0.6102063655853271
865,supervised,gradcam,predicted,backbone.layer3,1,1,1,0.8135371804237366,0.4601586163043976,0.6368478983640671
866,supervised,gradcam,predicted,backbone.layer3,3,3,3,0.6109615564346313,0.44335511326789856,0.527158334851265
867,supervised,gradcam,predicted,backbone.layer3,7,7,7,0.5783134698867798,0.4271993935108185,0.5027564316987991
868,supervised,gradcam,predicted,backbone.layer3,0,0,0,0.45629820227622986,0.29442068934440613,0.375359445810318
869,supervised,gradcam,predicted,backbone.layer3,1,1,1,-0.06457231193780899,0.3848133981227875,0.16012054309248924
870,supervised,gradcam,predicted,backbone.layer3,3,3,3,0.032491445541381836,0.31307274103164673,0.17278209328651428
871,supervised,gradcam,predicted,backbone.layer3,1,1,1,0.4604027271270752,0.42460760474205017,0.4425051659345627
872,supervised,gradcam,predicted,backbone.layer3,4,4,4,-0.011653469875454903,0.25379809737205505,0.12107231374830008
873,supervised,gradcam,predicted,backbone.layer3,2,2,2,0.2462911605834961,0.47576186060905457,0.36102651059627533
874,supervised,gradcam,predicted,backbone.layer3,3,3,3,-0.030597586184740067,0.24274978041648865,0.10607609711587429
875,supervised,gradcam,predicted,backbone.layer3,8,8,8,0.40119925141334534,0.6130461096763611,0.5071226805448532
876,supervised,gradcam,predicted,backbone.layer3,4,4,4,0.5398460626602173,0.5362221598625183,0.5380341112613678
877,supervised,gradcam,predicted,backbone.layer3,2,2,2,0.2865903377532959,0.5366434454917908,0.41161689162254333
878,supervised,gradcam,predicted,backbone.layer3,3,3,3,0.545412003993988,0.4160836637020111,0.4807478338479996
879,supervised,gradcam,predicted,backbone.layer3,7,7,7,0.7156431674957275,0.4030939042568207,0.5593685358762741
880,supervised,gradcam,predicted,backbone.layer3,8,8,8,0.2777913808822632,0.4332600235939026,0.3555257022380829
881,supervised,gradcam,predicted,backbone.layer3,4,4,4,0.37617120146751404,0.3822297155857086,0.37920045852661133
882,supervised,gradcam,predicted,backbone.layer3,3,3,3,-0.06894083321094513,0.25033894181251526,0.09069905430078506
883,supervised,gradcam,predicted,backbone.layer3,0,8,8,0.48717808723449707,0.47402864694595337,0.4806033670902252
884,supervised,gradcam,predicted,backbone.layer3,9,9,9,0.31379011273384094,0.5071324110031128,0.41046126186847687
885,supervised,gradcam,predicted,backbone.layer3,0,0,0,0.332224041223526,0.365543007850647,0.3488835245370865
886,supervised,gradcam,predicted,backbone.layer3,0,0,0,-0.1462530791759491,0.38985833525657654,0.12180262804031372
887,supervised,gradcam,predicted,backbone.layer3,1,1,1,0.41517916321754456,0.302855521440506,0.35901734232902527
888,supervised,gradcam,predicted,backbone.layer3,0,8,8,-0.27149179577827454,0.34478098154067993,0.0366445928812027
889,supervised,gradcam,predicted,backbone.layer3,4,4,4,0.25964322686195374,0.3166658580303192,0.2881545424461365
890,supervised,gradcam,predicted,backbone.layer3,4,4,4,-0.3006385266780853,0.2088959664106369,-0.04587128013372421
891,supervised,gradcam,predicted,backbone.layer3,6,6,6,0.31441253423690796,0.5117504000663757,0.41308146715164185
892,supervised,gradcam,predicted,backbone.layer3,7,7,7,0.05839100107550621,0.314087450504303,0.1862392257899046
893,supervised,gradcam,predicted,backbone.layer3,6,3,3,0.222279891371727,0.2692190706729889,0.24574948102235794
894,supervised,gradcam,predicted,backbone.layer3,1,1,1,0.11799399554729462,0.34586068987846375,0.23192734271287918
895,supervised,gradcam,predicted,backbone.layer3,1,1,1,0.15249785780906677,0.4030972421169281,0.27779754996299744
832,supervised,gradcam,predicted,backbone.layer4,2,2,2,0.35828426480293274,0.5551095604896545,0.45669691264629364
833,supervised,gradcam,predicted,backbone.layer4,2,2,2,0.49839386343955994,0.590448796749115,0.5444213300943375
834,supervised,gradcam,predicted,backbone.layer4,5,5,5,0.6983803510665894,0.6061335206031799,0.6522569358348846
835,supervised,gradcam,predicted,backbone.layer4,4,4,4,0.5006431937217712,0.5622981190681458,0.5314706563949585
836,supervised,gradcam,predicted,backbone.layer4,1,1,1,0.4698607921600342,0.4927244186401367,0.48129260540008545
837,supervised,gradcam,predicted,backbone.layer4,2,2,2,0.5658873915672302,0.45480668544769287,0.5103470385074615
838,supervised,gradcam,predicted,backbone.layer4,9,9,9,-0.16834355890750885,0.5611919164657593,0.1964241787791252
839,supervised,gradcam,predicted,backbone.layer4,2,2,2,0.5676041841506958,0.5330570936203003,0.550330638885498
840,supervised,gradcam,predicted,backbone.layer4,7,7,7,0.3664966821670532,0.6124459505081177,0.48947131633758545
841,supervised,gradcam,predicted,backbone.layer4,0,0,0,0.6873459219932556,0.6031644344329834,0.6452551782131195
842,supervised,gradcam,predicted,backbone.layer4,7,7,7,0.5286777019500732,0.6378364562988281,0.5832570791244507
843,supervised,gradcam,predicted,backbone.layer4,2,2,2,0.5874442458152771,0.5696459412574768,0.578545093536377
844,supervised,gradcam,predicted,backbone.layer4,1,1,1,0.5226274132728577,0.4795244336128235,0.5010759234428406
845,supervised,gradcam,predicted,backbone.layer4,3,3,3,0.36403772234916687,0.551415741443634,0.45772673189640045
846,supervised,gradcam,predicted,backbone.layer4,2,2,2,0.4381740093231201,0.46141988039016724,0.4497969448566437
847,supervised,gradcam,predicted,backbone.layer4,0,0,0,0.07053572684526443,0.5198213458061218,0.29517853632569313
848,supervised,gradcam,predicted,backbone.layer4,2,2,2,0.23937441408634186,0.5815120935440063,0.4104432538151741
849,supervised,gradcam,predicted,backbone.layer4,4,4,4,0.5058338642120361,0.49869924783706665,0.5022665560245514
850,supervised,gradcam,predicted,backbone.layer4,7,7,7,0.3407203257083893,0.5047481656074524,0.42273424565792084
851,supervised,gradcam,predicted,backbone.layer4,9,9,9,0.08793313801288605,0.5847071409225464,0.3363201394677162
852,supervised,gradcam,predicted,backbone.layer4,8,8,8,0.5757884383201599,0.5781733989715576,0.5769809186458588
853,supervised,gradcam,predicted,backbone.layer4,9,1,1,0.1785350739955902,0.5974116325378418,0.387973353266716
854,supervised,gradcam,predicted,backbone.layer4,0,0,0,0.47059059143066406,0.5046460628509521,0.4876183271408081
855,supervised,gradcam,predicted,backbone.layer4,7,7,7,0.4322757422924042,0.615924060344696,0.5240999013185501
856,supervised,gradcam,predicted,backbone.layer4,7,7,7,0.3944133520126343,0.5391424894332886,0.4667779207229614
857,supervised,gradcam,predicted,backbone.layer4,0,0,0,0.6710112690925598,0.6791664958000183,0.6750888824462891
858,supervised,gradcam,predicted,backbone.layer4,7,7,7,0.24825535714626312,0.5902542471885681,0.4192548021674156
859,supervised,gradcam,predicted,backbone.layer4,8,8,8,-0.03312191367149353,0.4807664453983307,0.22382226586341858
860,supervised,gradcam,predicted,backbone.layer4,4,4,4,0.5132230520248413,0.5508619546890259,0.5320425033569336
861,supervised,gradcam,predicted,backbone.layer4,6,6,6,0.3174312114715576,0.6346409320831299,0.47603607177734375
862,supervised,gradcam,predicted,backbone.layer4,3,3,3,0.4289112985134125,0.4646921455860138,0.44680172204971313
863,supervised,gradcam,predicted,backbone.layer4,3,3,3,0.44591227173805237,0.5798999667167664,0.5129061192274094
864,supervised,gradcam,predicted,backbone.layer4,0,0,0,0.49207550287246704,0.5629472732543945,0.5275113880634308
865,supervised,gradcam,predicted,backbone.layer4,1,1,1,0.4793141782283783,0.5205210447311401,0.4999176114797592
866,supervised,gradcam,predicted,backbone.layer4,3,3,3,0.3854125738143921,0.556864321231842,0.47113844752311707
867,supervised,gradcam,predicted,backbone.layer4,7,7,7,0.12492504715919495,0.5738762617111206,0.3494006544351578
868,supervised,gradcam,predicted,backbone.layer4,0,0,0,0.6240347027778625,0.6044170260429382,0.6142258644104004
869,supervised,gradcam,predicted,backbone.layer4,1,1,1,-0.2503353953361511,0.485892117023468,0.11777836084365845
870,supervised,gradcam,predicted,backbone.layer4,3,3,3,0.39646339416503906,0.5761387944221497,0.48630109429359436
871,supervised,gradcam,predicted,backbone.layer4,1,1,1,0.3847449719905853,0.5386074781417847,0.461676225066185
872,supervised,gradcam,predicted,backbone.layer4,4,4,4,0.40605270862579346,0.5593147277832031,0.4826837182044983
873,supervised,gradcam,predicted,backbone.layer4,2,2,2,0.28871896862983704,0.4894050061702728,0.38906198740005493
874,supervised,gradcam,predicted,backbone.layer4,3,3,3,0.05212787538766861,0.4768182039260864,0.2644730396568775
875,supervised,gradcam,predicted,backbone.layer4,8,8,8,0.4200400114059448,0.48781222105026245,0.45392611622810364
876,supervised,gradcam,predicted,backbone.layer4,4,4,4,-0.05650299787521362,0.4309806823730469,0.18723884224891663
877,supervised,gradcam,predicted,backbone.layer4,2,2,2,0.4345163106918335,0.540753185749054,0.4876347482204437
878,supervised,gradcam,predicted,backbone.layer4,3,3,3,0.23349827527999878,0.4972970485687256,0.3653976619243622
879,supervised,gradcam,predicted,backbone.layer4,7,7,7,0.18065637350082397,0.47297704219818115,0.32681670784950256
880,supervised,gradcam,predicted,backbone.layer4,8,8,8,0.19221070408821106,0.4702318608760834,0.3312212824821472
881,supervised,gradcam,predicted,backbone.layer4,4,4,4,0.6642376780509949,0.6366210579872131,0.650429368019104
882,supervised,gradcam,predicted,backbone.layer4,3,3,3,0.40177255868911743,0.6672468781471252,0.5345097184181213
883,supervised,gradcam,predicted,backbone.layer4,0,8,8,0.5475528836250305,0.5466069579124451,0.5470799207687378
884,supervised,gradcam,predicted,backbone.layer4,9,9,9,0.1478080004453659,0.5007762312889099,0.3242921158671379
885,supervised,gradcam,predicted,backbone.layer4,0,0,0,0.13489247858524323,0.5712306499481201,0.35306156426668167
886,supervised,gradcam,predicted,backbone.layer4,0,0,0,-0.18773943185806274,0.5028526782989502,0.15755662322044373
887,supervised,gradcam,predicted,backbone.layer4,1,1,1,0.45077717304229736,0.5977876782417297,0.5242824256420135
888,supervised,gradcam,predicted,backbone.layer4,0,8,8,-0.07596147805452347,0.3836129605770111,0.15382574126124382
889,supervised,gradcam,predicted,backbone.layer4,4,4,4,0.5293843150138855,0.6006715297698975,0.5650279223918915
890,supervised,gradcam,predicted,backbone.layer4,4,4,4,0.28422191739082336,0.5832321643829346,0.43372704088687897
891,supervised,gradcam,predicted,backbone.layer4,6,6,6,0.40490928292274475,0.5049630403518677,0.4549361616373062
892,supervised,gradcam,predicted,backbone.layer4,7,7,7,0.4072534441947937,0.5654505491256714,0.48635199666023254
893,supervised,gradcam,predicted,backbone.layer4,6,3,3,0.4552673101425171,0.555304765701294,0.5052860379219055
894,supervised,gradcam,predicted,backbone.layer4,1,1,1,0.17279358208179474,0.5715144872665405,0.37215403467416763
895,supervised,gradcam,predicted,backbone.layer4,1,1,1,0.1051512137055397,0.5583319664001465,0.3317415900528431
896,supervised,gradcam,predicted,backbone.layer1,3,3,3,-0.16320417821407318,0.32335156202316284,0.08007369190454483
897,supervised,gradcam,predicted,backbone.layer1,7,7,7,0.0,0.0,0.0
898,supervised,gradcam,predicted,backbone.layer1,3,3,3,-0.17100536823272705,0.18841566145420074,0.008705146610736847
899,supervised,gradcam,predicted,backbone.layer1,5,5,5,0.13869929313659668,0.07499172538518906,0.10684550926089287
900,supervised,gradcam,predicted,backbone.layer1,2,2,2,0.3433029353618622,0.3733530342578888,0.3583279848098755
901,supervised,gradcam,predicted,backbone.layer1,6,6,6,0.3120592534542084,0.46680909395217896,0.38943417370319366
902,supervised,gradcam,predicted,backbone.layer1,6,6,6,-0.047697607427835464,0.1388082057237625,0.045555299147963524
903,supervised,gradcam,predicted,backbone.layer1,5,5,5,0.07337982952594757,0.07846078276634216,0.07592030614614487
904,supervised,gradcam,predicted,backbone.layer1,8,8,8,0.020000502467155457,0.055908847600221634,0.037954675033688545
905,supervised,gradcam,predicted,backbone.layer1,7,7,7,-0.0019955618772655725,0.10455814003944397,0.0512812890810892
906,supervised,gradcam,predicted,backbone.layer1,1,1,1,0.14852763712406158,0.3590403199195862,0.2537839785218239
907,supervised,gradcam,predicted,backbone.layer1,6,6,6,0.04417667165398598,0.3028048276901245,0.17349074967205524
908,supervised,gradcam,predicted,backbone.layer1,8,8,8,-0.21141919493675232,0.1128239557147026,-0.04929761961102486
909,supervised,gradcam,predicted,backbone.layer1,8,8,8,0.1288634091615677,0.2548705041408539,0.19186695665121078
910,supervised,gradcam,predicted,backbone.layer1,5,5,5,0.004982616286724806,0.07267669588327408,0.03882965608499944
911,supervised,gradcam,predicted,backbone.layer1,3,3,3,0.08593376725912094,0.1844925433397293,0.13521315529942513
912,supervised,gradcam,predicted,backbone.layer1,0,0,0,0.1305476725101471,0.2987481951713562,0.21464793384075165
913,supervised,gradcam,predicted,backbone.layer1,4,4,4,0.13089871406555176,0.4714319705963135,0.3011653423309326
914,supervised,gradcam,predicted,backbone.layer1,0,0,0,0.5334051251411438,0.4110371172428131,0.47222112119197845
915,supervised,gradcam,predicted,backbone.layer1,1,1,1,0.4568291902542114,0.48401162028312683,0.47042040526866913
916,supervised,gradcam,predicted,backbone.layer1,3,3,3,-0.17561271786689758,0.08252650499343872,-0.04654310643672943
917,supervised,gradcam,predicted,backbone.layer1,8,8,8,-0.023312818259000778,0.00429765647277236,-0.00950758089311421
918,supervised,gradcam,predicted,backbone.layer1,8,8,8,0.3004916310310364,0.17420335114002228,0.23734749108552933
919,supervised,gradcam,predicted,backbone.layer1,0,0,0,-0.024377785623073578,0.15084362030029297,0.0632329173386097
920,supervised,gradcam,predicted,backbone.layer1,6,6,6,0.28868117928504944,0.45178183913230896,0.3702315092086792
921,supervised,gradcam,predicted,backbone.layer1,9,9,9,0.5378857851028442,0.4136545658111572,0.47577017545700073
922,supervised,gradcam,predicted,backbone.layer1,9,9,9,0.2561625838279724,0.36320972442626953,0.30968615412712097
923,supervised,gradcam,predicted,backbone.layer1,9,4,4,0.10250745713710785,0.3969097435474396,0.2497086003422737
924,supervised,gradcam,predicted,backbone.layer1,5,3,3,-0.13735182583332062,0.07291288673877716,-0.03221946954727173
925,supervised,gradcam,predicted,backbone.layer1,5,3,3,0.08219125121831894,0.13662005960941315,0.10940565541386604
926,supervised,gradcam,predicted,backbone.layer1,8,8,8,0.28853824734687805,0.22567063570022583,0.25710444152355194
927,supervised,gradcam,predicted,backbone.layer1,6,6,6,-0.05486041307449341,0.3913562595844269,0.16824792325496674
928,supervised,gradcam,predicted,backbone.layer1,0,0,0,0.05863351374864578,0.34954845905303955,0.20409098640084267
929,supervised,gradcam,predicted,backbone.layer1,0,0,0,0.11482205986976624,0.34373345971107483,0.22927775979042053
930,supervised,gradcam,predicted,backbone.layer1,4,4,4,-0.02810516767203808,0.15980637073516846,0.06585060153156519
931,supervised,gradcam,predicted,backbone.layer1,2,2,2,0.5860133767127991,0.4620268642902374,0.5240201205015182
932,supervised,gradcam,predicted,backbone.layer1,3,3,3,0.09357734769582748,0.14853204786777496,0.12105469778180122
933,supervised,gradcam,predicted,backbone.layer1,2,2,2,-0.05021781101822853,0.1254720687866211,0.03762712888419628
934,supervised,gradcam,predicted,backbone.layer1,7,7,7,-0.07490824162960052,0.023876992985606194,-0.025515624321997166
935,supervised,gradcam,predicted,backbone.layer1,2,2,2,0.2645754814147949,0.20622152090072632,0.23539850115776062
936,supervised,gradcam,predicted,backbone.layer1,2,2,2,0.13113294541835785,0.23515398800373077,0.1831434667110443
937,supervised,gradcam,predicted,backbone.layer1,5,5,5,-0.05415787920355797,0.008849450387060642,-0.022654214408248663
938,supervised,gradcam,predicted,backbone.layer1,9,9,9,0.11796549707651138,0.1990264654159546,0.158495981246233
939,supervised,gradcam,predicted,backbone.layer1,8,8,8,0.007897550240159035,0.14642158150672913,0.07715956587344408
940,supervised,gradcam,predicted,backbone.layer1,9,9,9,0.24350684881210327,0.14596137404441833,0.1947341114282608
941,supervised,gradcam,predicted,backbone.layer1,1,1,1,0.0907655656337738,0.3712795376777649,0.23102255165576935
942,supervised,gradcam,predicted,backbone.layer1,7,7,7,0.05527595058083534,0.0040705762803554535,0.029673263430595398
943,supervised,gradcam,predicted,backbone.layer1,4,4,4,0.10807106643915176,0.14066846668720245,0.12436976656317711
944,supervised,gradcam,predicted,backbone.layer1,0,0,0,0.17555022239685059,0.4439515471458435,0.30975088477134705
945,supervised,gradcam,predicted,backbone.layer1,3,3,3,-0.14285606145858765,0.09058555960655212,-0.02613525092601776
946,supervised,gradcam,predicted,backbone.layer1,0,0,0,0.2577556371688843,0.4346517324447632,0.34620368480682373
947,supervised,gradcam,predicted,backbone.layer1,1,1,1,0.03169750049710274,0.11901284754276276,0.07535517401993275
948,supervised,gradcam,predicted,backbone.layer1,3,3,3,-0.12490678578615189,0.09757125377655029,-0.013667766004800797
949,supervised,gradcam,predicted,backbone.layer1,8,8,8,0.012928135693073273,0.2636842727661133,0.13830620422959328
950,supervised,gradcam,predicted,backbone.layer1,3,3,3,0.08193206787109375,0.17032350599765778,0.12612778693437576
951,supervised,gradcam,predicted,backbone.layer1,9,9,9,0.08775659650564194,0.02016613632440567,0.053961366415023804
952,supervised,gradcam,predicted,backbone.layer1,6,6,6,0.01264005247503519,0.43706876039505005,0.22485440643504262
953,supervised,gradcam,predicted,backbone.layer1,1,1,1,0.029767585918307304,0.443875253200531,0.23682141955941916
954,supervised,gradcam,predicted,backbone.layer1,4,4,4,-0.05696028098464012,0.06425720453262329,0.0036484617739915848
955,supervised,gradcam,predicted,backbone.layer1,7,7,7,-0.05189928784966469,0.030085423961281776,-0.010906931944191456
956,supervised,gradcam,predicted,backbone.layer1,0,0,0,-0.35298460721969604,0.39116108417510986,0.01908823847770691
957,supervised,gradcam,predicted,backbone.layer1,3,3,3,-0.03528634458780289,0.23178799450397491,0.09825082495808601
958,supervised,gradcam,predicted,backbone.layer1,7,7,7,-0.013508093543350697,0.005291250068694353,-0.004108421737328172
959,supervised,gradcam,predicted,backbone.layer1,8,8,8,0.321188360452652,0.1410936862230301,0.23114102333784103
896,supervised,gradcam,predicted,backbone.layer2,3,3,3,0.023854047060012817,0.41396811604499817,0.2189110815525055
897,supervised,gradcam,predicted,backbone.layer2,7,7,7,0.5473390817642212,0.6352375149726868,0.591288298368454
898,supervised,gradcam,predicted,backbone.layer2,3,3,3,-0.10331736505031586,0.3582747280597687,0.1274786815047264
899,supervised,gradcam,predicted,backbone.layer2,5,5,5,0.12302983552217484,0.5416159629821777,0.3323228992521763
900,supervised,gradcam,predicted,backbone.layer2,2,2,2,0.1799713373184204,0.13817723095417023,0.15907428413629532
901,supervised,gradcam,predicted,backbone.layer2,6,6,6,-0.12649211287498474,0.34659138321876526,0.11004963517189026
902,supervised,gradcam,predicted,backbone.layer2,6,6,6,-0.1490098088979721,0.3224698305130005,0.08673001080751419
903,supervised,gradcam,predicted,backbone.layer2,5,5,5,0.0013421059120446444,0.39083537459373474,0.1960887402528897
904,supervised,gradcam,predicted,backbone.layer2,8,8,8,-0.1874937117099762,0.23798365890979767,0.025244973599910736
905,supervised,gradcam,predicted,backbone.layer2,7,7,7,0.2297288030385971,0.5900518894195557,0.4098903462290764
906,supervised,gradcam,predicted,backbone.layer2,1,1,1,0.14095427095890045,0.4330475926399231,0.2870009317994118
907,supervised,gradcam,predicted,backbone.layer2,6,6,6,0.6729366779327393,0.2696554660797119,0.4712960720062256
908,supervised,gradcam,predicted,backbone.layer2,8,8,8,0.5242878198623657,0.20217400789260864,0.3632309138774872
909,supervised,gradcam,predicted,backbone.layer2,8,8,8,-0.10492962598800659,0.2705100476741791,0.08279021084308624
910,supervised,gradcam,predicted,backbone.layer2,5,5,5,0.4929059147834778,0.4701422154903412,0.4815240651369095
911,supervised,gradcam,predicted,backbone.layer2,3,3,3,0.12991367280483246,0.42258498072624207,0.27624932676553726
912,supervised,gradcam,predicted,backbone.layer2,0,0,0,0.2667847275733948,0.401102215051651,0.3339434713125229
913,supervised,gradcam,predicted,backbone.layer2,4,4,4,0.0006626537651754916,0.2152717262506485,0.107967190007912
914,supervised,gradcam,predicted,backbone.layer2,0,0,0,0.10756586492061615,0.13868874311447144,0.12312730401754379
915,supervised,gradcam,predicted,backbone.layer2,1,1,1,0.17461851239204407,0.4551261067390442,0.31487230956554413
916,supervised,gradcam,predicted,backbone.layer2,3,3,3,-0.03430858254432678,0.29913434386253357,0.1324128806591034
917,supervised,gradcam,predicted,backbone.layer2,8,8,8,0.6756453514099121,0.31231045722961426,0.4939779043197632
918,supervised,gradcam,predicted,backbone.layer2,8,8,8,0.05426668003201485,0.2046714425086975,0.12946906127035618
919,supervised,gradcam,predicted,backbone.layer2,0,0,0,0.2943902611732483,0.355485200881958,0.32493773102760315
920,supervised,gradcam,predicted,backbone.layer2,6,6,6,-0.030449043959379196,0.5043017864227295,0.23692637123167515
921,supervised,gradcam,predicted,backbone.layer2,9,9,9,0.23087294399738312,0.3641853630542755,0.2975291535258293
922,supervised,gradcam,predicted,backbone.layer2,9,9,9,-0.0592997744679451,0.25997745990753174,0.10033884271979332
923,supervised,gradcam,predicted,backbone.layer2,9,4,4,-0.14338712394237518,0.16846498847007751,0.012538932263851166
924,supervised,gradcam,predicted,backbone.layer2,5,3,3,0.11088237166404724,0.40341517329216003,0.25714877247810364
925,supervised,gradcam,predicted,backbone.layer2,5,3,3,-0.15731599926948547,0.3962216377258301,0.1194528192281723
926,supervised,gradcam,predicted,backbone.layer2,8,8,8,0.08672607690095901,0.2443726509809494,0.1655493639409542
927,supervised,gradcam,predicted,backbone.layer2,6,6,6,-0.3422383964061737,0.4267532229423523,0.042257413268089294
928,supervised,gradcam,predicted,backbone.layer2,0,0,0,0.431853324174881,0.46476805210113525,0.4483106881380081
929,supervised,gradcam,predicted,backbone.layer2,0,0,0,0.054572876542806625,0.2501727342605591,0.15237280540168285
930,supervised,gradcam,predicted,backbone.layer2,4,4,4,0.32485678791999817,0.11246174573898315,0.21865926682949066
931,supervised,gradcam,predicted,backbone.layer2,2,2,2,0.10112684965133667,0.2352469265460968,0.16818688809871674
932,supervised,gradcam,predicted,backbone.layer2,3,3,3,-0.09702643007040024,0.35331010818481445,0.1281418390572071
933,supervised,gradcam,predicted,backbone.layer2,2,2,2,0.16902071237564087,0.3923931121826172,0.28070691227912903
934,supervised,gradcam,predicted,backbone.layer2,7,7,7,0.12024085968732834,0.5676661729812622,0.3439535163342953
935,supervised,gradcam,predicted,backbone.layer2,2,2,2,0.3247127830982208,0.25889137387275696,0.2918020784854889
936,supervised,gradcam,predicted,backbone.layer2,2,2,2,-0.10136803984642029,0.2570139467716217,0.07782295346260071
937,supervised,gradcam,predicted,backbone.layer2,5,5,5,-0.26228827238082886,0.25873854756355286,-0.0017748624086380005
938,supervised,gradcam,predicted,backbone.layer2,9,9,9,0.4262552857398987,0.3053199052810669,0.3657875955104828
939,supervised,gradcam,predicted,backbone.layer2,8,8,8,0.3798063397407532,0.23241166770458221,0.3061090037226677
940,supervised,gradcam,predicted,backbone.layer2,9,9,9,0.030649393796920776,0.4378436505794525,0.23424652218818665
941,supervised,gradcam,predicted,backbone.layer2,1,1,1,0.04144654422998428,0.4233306050300598,0.23238857463002205
942,supervised,gradcam,predicted,backbone.layer2,7,7,7,0.36301061511039734,0.5814253091812134,0.47221796214580536
943,supervised,gradcam,predicted,backbone.layer2,4,4,4,-0.00790315866470337,0.2575474977493286,0.12482216954231262
944,supervised,gradcam,predicted,backbone.layer2,0,0,0,-0.04600993171334267,0.35046201944351196,0.15222604386508465
945,supervised,gradcam,predicted,backbone.layer2,3,3,3,0.2909024655818939,0.5038275718688965,0.3973650187253952
946,supervised,gradcam,predicted,backbone.layer2,0,0,0,-0.19982366263866425,0.11622853577136993,-0.041797563433647156
947,supervised,gradcam,predicted,backbone.layer2,1,1,1,0.2363717406988144,0.40624016523361206,0.3213059529662132
948,supervised,gradcam,predicted,backbone.layer2,3,3,3,-0.3124139904975891,0.1773209124803543,-0.0675465390086174
949,supervised,gradcam,predicted,backbone.layer2,8,8,8,-0.08361305296421051,0.22911667823791504,0.07275181263685226
950,supervised,gradcam,predicted,backbone.layer2,3,3,3,-0.43548473715782166,0.34637871384620667,-0.044553011655807495
951,supervised,gradcam,predicted,backbone.layer2,9,9,9,0.19537353515625,0.3892305791378021,0.29230205714702606
952,supervised,gradcam,predicted,backbone.layer2,6,6,6,0.03132672235369682,0.48763808608055115,0.259482404217124
953,supervised,gradcam,predicted,backbone.layer2,1,1,1,0.4115564227104187,0.5831854939460754,0.49737095832824707
954,supervised,gradcam,predicted,backbone.layer2,4,4,4,0.2849399447441101,0.3328317701816559,0.308885857462883
955,supervised,gradcam,predicted,backbone.layer2,7,7,7,0.27706629037857056,0.5974012613296509,0.4372337758541107
956,supervised,gradcam,predicted,backbone.layer2,0,0,0,-0.04650702700018883,0.4727003872394562,0.21309668011963367
957,supervised,gradcam,predicted,backbone.layer2,3,3,3,0.0810459703207016,0.45046210289001465,0.2657540366053581
958,supervised,gradcam,predicted,backbone.layer2,7,7,7,0.40366220474243164,0.5271874666213989,0.4654248356819153
959,supervised,gradcam,predicted,backbone.layer2,8,8,8,-0.030060045421123505,0.17060703039169312,0.0702734924852848
896,supervised,gradcam,predicted,backbone.layer3,3,3,3,0.020756110548973083,0.3408004343509674,0.18077827244997025
897,supervised,gradcam,predicted,backbone.layer3,7,7,7,0.38456761837005615,0.45812559127807617,0.42134660482406616
898,supervised,gradcam,predicted,backbone.layer3,3,3,3,0.02838224172592163,0.26046237349510193,0.14442230761051178
899,supervised,gradcam,predicted,backbone.layer3,5,5,5,0.4781298041343689,0.539277195930481,0.5087035000324249
900,supervised,gradcam,predicted,backbone.layer3,2,2,2,-0.2919407784938812,0.3402509093284607,0.024155065417289734
901,supervised,gradcam,predicted,backbone.layer3,6,6,6,0.2740640938282013,0.3982231318950653,0.3361436128616333
902,supervised,gradcam,predicted,backbone.layer3,6,6,6,-0.23392362892627716,0.33442002534866333,0.050248198211193085
903,supervised,gradcam,predicted,backbone.layer3,5,5,5,0.7357740998268127,0.5334619879722595,0.6346180438995361
904,supervised,gradcam,predicted,backbone.layer3,8,8,8,-0.08580203354358673,0.4249982237815857,0.16959809511899948
905,supervised,gradcam,predicted,backbone.layer3,7,7,7,0.49428170919418335,0.4382794499397278,0.46628057956695557
906,supervised,gradcam,predicted,backbone.layer3,1,1,1,0.4636995494365692,0.44413793087005615,0.4539187401533127
907,supervised,gradcam,predicted,backbone.layer3,6,6,6,0.7413535714149475,0.4673340916633606,0.604343831539154
908,supervised,gradcam,predicted,backbone.layer3,8,8,8,0.6551108360290527,0.579026997089386,0.6170689165592194
909,supervised,gradcam,predicted,backbone.layer3,8,8,8,0.5005793571472168,0.5074142813682556,0.5039968192577362
910,supervised,gradcam,predicted,backbone.layer3,5,5,5,0.7711239457130432,0.5244135856628418,0.6477687656879425
911,supervised,gradcam,predicted,backbone.layer3,3,3,3,0.05976497009396553,0.4497150182723999,0.2547399941831827
912,supervised,gradcam,predicted,backbone.layer3,0,0,0,-0.08510731905698776,0.31251126527786255,0.1137019731104374
913,supervised,gradcam,predicted,backbone.layer3,4,4,4,0.6056516170501709,0.5862763524055481,0.5959639847278595
914,supervised,gradcam,predicted,backbone.layer3,0,0,0,0.2605913281440735,0.20937608182430267,0.23498370498418808
915,supervised,gradcam,predicted,backbone.layer3,1,1,1,0.27591371536254883,0.38778766989707947,0.33185069262981415
916,supervised,gradcam,predicted,backbone.layer3,3,3,3,0.5729154944419861,0.47033393383026123,0.5216247141361237
917,supervised,gradcam,predicted,backbone.layer3,8,8,8,0.6352357268333435,0.4628676772117615,0.5490517020225525
918,supervised,gradcam,predicted,backbone.layer3,8,8,8,0.1391841173171997,0.4828574061393738,0.31102076172828674
919,supervised,gradcam,predicted,backbone.layer3,0,0,0,0.11336361616849899,0.2865618169307709,0.19996271654963493
920,supervised,gradcam,predicted,backbone.layer3,6,6,6,0.10386589914560318,0.405196875333786,0.2545313872396946
921,supervised,gradcam,predicted,backbone.layer3,9,9,9,-0.028552215546369553,0.38367217779159546,0.17755998112261295
922,supervised,gradcam,predicted,backbone.layer3,9,9,9,0.7388901114463806,0.5874694585800171,0.6631797850131989
923,supervised,gradcam,predicted,backbone.layer3,9,4,4,-0.024746503680944443,0.3119947910308838,0.14362414367496967
924,supervised,gradcam,predicted,backbone.layer3,5,3,3,-0.021443793550133705,0.16577677428722382,0.07216649036854506
925,supervised,gradcam,predicted,backbone.layer3,5,3,3,0.2970004677772522,0.33633044362068176,0.316665455698967
926,supervised,gradcam,predicted,backbone.layer3,8,8,8,0.4210074841976166,0.4996885061264038,0.4603479951620102
927,supervised,gradcam,predicted,backbone.layer3,6,6,6,-0.026769809424877167,0.3710798919200897,0.17215504124760628
928,supervised,gradcam,predicted,backbone.layer3,0,0,0,0.502455472946167,0.3459342420101166,0.4241948574781418
929,supervised,gradcam,predicted,backbone.layer3,0,0,0,-0.00933302752673626,0.19391854107379913,0.09229275677353144
930,supervised,gradcam,predicted,backbone.layer3,4,4,4,0.13260681927204132,0.4058960974216461,0.2692514583468437
931,supervised,gradcam,predicted,backbone.layer3,2,2,2,0.5514285564422607,0.5294997692108154,0.5404641628265381
932,supervised,gradcam,predicted,backbone.layer3,3,3,3,-0.19873261451721191,0.2123594880104065,0.00681343674659729
933,supervised,gradcam,predicted,backbone.layer3,2,2,2,0.4243723750114441,0.45927509665489197,0.44182373583316803
934,supervised,gradcam,predicted,backbone.layer3,7,7,7,0.6413173675537109,0.4892932176589966,0.5653052926063538
935,supervised,gradcam,predicted,backbone.layer3,2,2,2,0.28280070424079895,0.5153595209121704,0.3990801125764847
936,supervised,gradcam,predicted,backbone.layer3,2,2,2,0.22122159600257874,0.4732227623462677,0.3472221791744232
937,supervised,gradcam,predicted,backbone.layer3,5,5,5,0.17333842813968658,0.33317822217941284,0.2532583251595497
938,supervised,gradcam,predicted,backbone.layer3,9,9,9,0.6299659609794617,0.4574093818664551,0.5436876714229584
939,supervised,gradcam,predicted,backbone.layer3,8,8,8,0.21593309938907623,0.4772908389568329,0.34661196917295456
940,supervised,gradcam,predicted,backbone.layer3,9,9,9,0.2486402541399002,0.5125631093978882,0.3806016817688942
941,supervised,gradcam,predicted,backbone.layer3,1,1,1,-0.021170662716031075,0.4032345414161682,0.19103193935006857
942,supervised,gradcam,predicted,backbone.layer3,7,7,7,0.2945877015590668,0.34841954708099365,0.3215036243200302
943,supervised,gradcam,predicted,backbone.layer3,4,4,4,-0.29256051778793335,0.3388248085975647,0.023132145404815674
944,supervised,gradcam,predicted,backbone.layer3,0,0,0,0.16851305961608887,0.24612317979335785,0.20731811970472336
945,supervised,gradcam,predicted,backbone.layer3,3,3,3,-0.1835278868675232,0.2697729170322418,0.043122515082359314
946,supervised,gradcam,predicted,backbone.layer3,0,0,0,-0.33685508370399475,0.27309495210647583,-0.03188006579875946
947,supervised,gradcam,predicted,backbone.layer3,1,1,1,0.43737539649009705,0.29573819041252136,0.3665567934513092
948,supervised,gradcam,predicted,backbone.layer3,3,3,3,-0.26599234342575073,0.1569816917181015,-0.054505325853824615
949,supervised,gradcam,predicted,backbone.layer3,8,8,8,0.340093195438385,0.5113896727561951,0.42574143409729004
950,supervised,gradcam,predicted,backbone.layer3,3,3,3,0.4028100073337555,0.44323259592056274,0.4230213016271591
951,supervised,gradcam,predicted,backbone.layer3,9,9,9,0.4509178400039673,0.38118404150009155,0.4160509407520294
952,supervised,gradcam,predicted,backbone.layer3,6,6,6,0.5698055624961853,0.5069482922554016,0.5383769273757935
953,supervised,gradcam,predicted,backbone.layer3,1,1,1,0.1593197137117386,0.2941253185272217,0.22672251611948013
954,supervised,gradcam,predicted,backbone.layer3,4,4,4,-0.12632103264331818,0.30144110321998596,0.08756003528833389
955,supervised,gradcam,predicted,backbone.layer3,7,7,7,0.5586017370223999,0.44701138138771057,0.5028065592050552
956,supervised,gradcam,predicted,backbone.layer3,0,0,0,0.00017537338135298342,0.42383596301078796,0.21200566819607047
957,supervised,gradcam,predicted,backbone.layer3,3,3,3,0.5578485131263733,0.44014430046081543,0.49899640679359436
958,supervised,gradcam,predicted,backbone.layer3,7,7,7,0.637712299823761,0.4933204650878906,0.5655163824558258
959,supervised,gradcam,predicted,backbone.layer3,8,8,8,0.03567599505186081,0.4570043683052063,0.24634018167853355
896,supervised,gradcam,predicted,backbone.layer4,3,3,3,-0.2685740292072296,0.43934881687164307,0.08538739383220673
897,supervised,gradcam,predicted,backbone.layer4,7,7,7,0.16863957047462463,0.528742253780365,0.3486909121274948
898,supervised,gradcam,predicted,backbone.layer4,3,3,3,0.3793814182281494,0.47527503967285156,0.4273282289505005
899,supervised,gradcam,predicted,backbone.layer4,5,5,5,0.49883756041526794,0.5700862407684326,0.5344619005918503
900,supervised,gradcam,predicted,backbone.layer4,2,2,2,0.4194337725639343,0.47338739037513733,0.4464105814695358
901,supervised,gradcam,predicted,backbone.layer4,6,6,6,0.4735480546951294,0.5469904541969299,0.5102692544460297
902,supervised,gradcam,predicted,backbone.layer4,6,6,6,0.49491050839424133,0.6352554559707642,0.5650829821825027
903,supervised,gradcam,predicted,backbone.layer4,5,5,5,0.452825129032135,0.4901435971260071,0.47148436307907104
904,supervised,gradcam,predicted,backbone.layer4,8,8,8,0.046251457184553146,0.48992741107940674,0.26808943413197994
905,supervised,gradcam,predicted,backbone.layer4,7,7,7,0.41391685605049133,0.6204566955566406,0.517186775803566
906,supervised,gradcam,predicted,backbone.layer4,1,1,1,-0.056314922869205475,0.4755646288394928,0.20962485298514366
907,supervised,gradcam,predicted,backbone.layer4,6,6,6,0.21708981692790985,0.5327298045158386,0.37490981072187424
908,supervised,gradcam,predicted,backbone.layer4,8,8,8,0.562325656414032,0.5604750514030457,0.5614003539085388
909,supervised,gradcam,predicted,backbone.layer4,8,8,8,0.35301318764686584,0.48281335830688477,0.4179132729768753
910,supervised,gradcam,predicted,backbone.layer4,5,5,5,0.6304540038108826,0.6246744394302368,0.6275642216205597
911,supervised,gradcam,predicted,backbone.layer4,3,3,3,-0.02472560852766037,0.5211813449859619,0.24822786822915077
912,supervised,gradcam,predicted,backbone.layer4,0,0,0,0.4156612455844879,0.6799006462097168,0.5477809458971024
913,supervised,gradcam,predicted,backbone.layer4,4,4,4,0.23747269809246063,0.49307525157928467,0.36527397483587265
914,supervised,gradcam,predicted,backbone.layer4,0,0,0,0.5775132775306702,0.4902586340904236,0.5338859558105469
915,supervised,gradcam,predicted,backbone.layer4,1,1,1,0.13512547314167023,0.5686915516853333,0.35190851241350174
916,supervised,gradcam,predicted,backbone.layer4,3,3,3,0.10715434700250626,0.4907030463218689,0.2989286966621876
917,supervised,gradcam,predicted,backbone.layer4,8,8,8,0.08266357332468033,0.4650718569755554,0.2738677151501179
918,supervised,gradcam,predicted,backbone.layer4,8,8,8,-0.03305060788989067,0.47469234466552734,0.22082086838781834
919,supervised,gradcam,predicted,backbone.layer4,0,0,0,0.5197190642356873,0.633618950843811,0.5766690075397491
920,supervised,gradcam,predicted,backbone.layer4,6,6,6,0.08905097842216492,0.42970365285873413,0.2593773156404495
921,supervised,gradcam,predicted,backbone.layer4,9,9,9,-0.16786491870880127,0.4435337483882904,0.13783441483974457
922,supervised,gradcam,predicted,backbone.layer4,9,9,9,0.049547772854566574,0.49422183632850647,0.2718848045915365
923,supervised,gradcam,predicted,backbone.layer4,9,4,4,0.2008095681667328,0.4379816949367523,0.31939563155174255
924,supervised,gradcam,predicted,backbone.layer4,5,3,3,0.434283971786499,0.5926589369773865,0.5134714543819427
925,supervised,gradcam,predicted,backbone.layer4,5,3,3,0.3226763606071472,0.4565593898296356,0.3896178752183914
926,supervised,gradcam,predicted,backbone.layer4,8,8,8,0.0718168318271637,0.5880009531974792,0.32990889251232147
927,supervised,gradcam,predicted,backbone.layer4,6,6,6,0.6057614684104919,0.5977193713188171,0.6017404198646545
928,supervised,gradcam,predicted,backbone.layer4,0,0,0,0.6028662323951721,0.5989071130752563,0.6008866727352142
929,supervised,gradcam,predicted,backbone.layer4,0,0,0,0.5175836086273193,0.6241853833198547,0.570884495973587
930,supervised,gradcam,predicted,backbone.layer4,4,4,4,0.5504082441329956,0.6611888408660889,0.6057985424995422
931,supervised,gradcam,predicted,backbone.layer4,2,2,2,0.3813989460468292,0.48953109979629517,0.4354650229215622
932,supervised,gradcam,predicted,backbone.layer4,3,3,3,0.5381497740745544,0.6804266571998596,0.609288215637207
933,supervised,gradcam,predicted,backbone.layer4,2,2,2,0.3375318646430969,0.5584971904754639,0.4480145275592804
934,supervised,gradcam,predicted,backbone.layer4,7,7,7,0.3216358721256256,0.5931575894355774,0.4573967307806015
935,supervised,gradcam,predicted,backbone.layer4,2,2,2,0.395429790019989,0.5247107148170471,0.46007025241851807
936,supervised,gradcam,predicted,backbone.layer4,2,2,2,0.5522429347038269,0.6100844144821167,0.5811636745929718
937,supervised,gradcam,predicted,backbone.layer4,5,5,5,0.3879595100879669,0.588420033454895,0.48818977177143097
938,supervised,gradcam,predicted,backbone.layer4,9,9,9,0.0996944010257721,0.5444959402084351,0.3220951706171036
939,supervised,gradcam,predicted,backbone.layer4,8,8,8,0.15777310729026794,0.5281689763069153,0.3429710417985916
940,supervised,gradcam,predicted,backbone.layer4,9,9,9,-0.24216969311237335,0.48429635167121887,0.12106332927942276
941,supervised,gradcam,predicted,backbone.layer4,1,1,1,0.0063509042374789715,0.4265611171722412,0.2164560107048601
942,supervised,gradcam,predicted,backbone.layer4,7,7,7,0.3773214817047119,0.5933331251144409,0.4853273034095764
943,supervised,gradcam,predicted,backbone.layer4,4,4,4,0.01362305786460638,0.4670013189315796,0.24031218839809299
944,supervised,gradcam,predicted,backbone.layer4,0,0,0,0.49833548069000244,0.6561521887779236,0.577243834733963
945,supervised,gradcam,predicted,backbone.layer4,3,3,3,0.47890082001686096,0.5773113965988159,0.5281061083078384
946,supervised,gradcam,predicted,backbone.layer4,0,0,0,0.03096698969602585,0.5268484950065613,0.27890774235129356
947,supervised,gradcam,predicted,backbone.layer4,1,1,1,0.3457532525062561,0.5250224471092224,0.43538784980773926
948,supervised,gradcam,predicted,backbone.layer4,3,3,3,0.6040711402893066,0.5818285346031189,0.5929498374462128
949,supervised,gradcam,predicted,backbone.layer4,8,8,8,0.2497745007276535,0.529771625995636,0.38977306336164474
950,supervised,gradcam,predicted,backbone.layer4,3,3,3,0.6344929933547974,0.5995087027549744,0.6170008480548859
951,supervised,gradcam,predicted,backbone.layer4,9,9,9,-0.06764822453260422,0.5453023314476013,0.23882705345749855
952,supervised,gradcam,predicted,backbone.layer4,6,6,6,0.2106618881225586,0.5333212018013,0.3719915449619293
953,supervised,gradcam,predicted,backbone.layer4,1,1,1,0.22598868608474731,0.5343361496925354,0.38016241788864136
954,supervised,gradcam,predicted,backbone.layer4,4,4,4,0.6765255331993103,0.6102363467216492,0.6433809399604797
955,supervised,gradcam,predicted,backbone.layer4,7,7,7,0.26926031708717346,0.5262022614479065,0.39773128926754
956,supervised,gradcam,predicted,backbone.layer4,0,0,0,0.3616558909416199,0.5397504568099976,0.4507031738758087
957,supervised,gradcam,predicted,backbone.layer4,3,3,3,0.38761213421821594,0.4687163829803467,0.4281642585992813
958,supervised,gradcam,predicted,backbone.layer4,7,7,7,0.4319618344306946,0.6157532930374146,0.5238575637340546
959,supervised,gradcam,predicted,backbone.layer4,8,8,8,0.3818040192127228,0.5979886054992676,0.4898963123559952
960,supervised,gradcam,predicted,backbone.layer1,9,9,9,0.159035325050354,0.1894804686307907,0.17425789684057236
961,supervised,gradcam,predicted,backbone.layer1,1,1,1,0.3057531416416168,0.0884065181016922,0.1970798298716545
962,supervised,gradcam,predicted,backbone.layer1,1,1,1,0.19500261545181274,0.29477018117904663,0.2448863983154297
963,supervised,gradcam,predicted,backbone.layer1,6,6,6,-0.039287589490413666,0.4077794551849365,0.18424593284726143
964,supervised,gradcam,predicted,backbone.layer1,6,6,6,0.1584497094154358,0.4770820140838623,0.31776586174964905
965,supervised,gradcam,predicted,backbone.layer1,6,6,6,-0.036273371428251266,0.5135390162467957,0.2386328224092722
966,supervised,gradcam,predicted,backbone.layer1,6,3,3,-0.016466304659843445,0.018152030184864998,0.0008428627625107765
967,supervised,gradcam,predicted,backbone.layer1,9,9,9,-0.06317354738712311,0.053655654191970825,-0.004758946597576141
968,supervised,gradcam,predicted,backbone.layer1,1,1,1,0.009363989345729351,0.34730273485183716,0.17833336209878325
969,supervised,gradcam,predicted,backbone.layer1,9,9,9,-0.02438822016119957,0.10522274672985077,0.0404172632843256
970,supervised,gradcam,predicted,backbone.layer1,9,9,9,0.1837599277496338,0.11190000176429749,0.14782996475696564
971,supervised,gradcam,predicted,backbone.layer1,4,4,4,0.4494914412498474,0.47511059045791626,0.46230101585388184
972,supervised,gradcam,predicted,backbone.layer1,2,6,6,-0.030225008726119995,0.35926553606987,0.164520263671875
973,supervised,gradcam,predicted,backbone.layer1,1,1,1,0.09663563966751099,0.4151674211025238,0.2559015303850174
974,supervised,gradcam,predicted,backbone.layer1,7,7,7,-0.08918724954128265,0.021400190889835358,-0.03389352932572365
975,supervised,gradcam,predicted,backbone.layer1,0,0,0,0.3416507840156555,0.27904561161994934,0.31034819781780243
976,supervised,gradcam,predicted,backbone.layer1,6,6,6,-0.07709255069494247,0.34970641136169434,0.13630693033337593
977,supervised,gradcam,predicted,backbone.layer1,8,8,8,-0.008722519502043724,0.015898052603006363,0.0035877665504813194
978,supervised,gradcam,predicted,backbone.layer1,1,1,1,0.28776687383651733,0.383282870054245,0.33552487194538116
979,supervised,gradcam,predicted,backbone.layer1,9,9,9,-0.008878710679709911,0.18211796879768372,0.0866196290589869
980,supervised,gradcam,predicted,backbone.layer1,2,2,2,0.09595594555139542,0.33141782879829407,0.21368688717484474
981,supervised,gradcam,predicted,backbone.layer1,9,9,9,0.26914164423942566,0.11258187890052795,0.1908617615699768
982,supervised,gradcam,predicted,backbone.layer1,0,7,7,0.0149326017126441,0.07731308043003082,0.04612284107133746
983,supervised,gradcam,predicted,backbone.layer1,4,4,4,-0.08974090218544006,0.39200088381767273,0.15112999081611633
984,supervised,gradcam,predicted,backbone.layer1,7,7,7,0.013411042280495167,0.007209759671241045,0.010310400975868106
985,supervised,gradcam,predicted,backbone.layer1,8,8,8,0.33029526472091675,0.16746646165847778,0.24888086318969727
986,supervised,gradcam,predicted,backbone.layer1,3,3,3,0.05669901892542839,0.3328493535518646,0.1947741862386465
987,supervised,gradcam,predicted,backbone.layer1,1,1,1,0.01149887777864933,0.234340637922287,0.12291975785046816
988,supervised,gradcam,predicted,backbone.layer1,2,2,2,-0.08678789436817169,0.19031189382076263,0.05176199972629547
989,supervised,gradcam,predicted,backbone.layer1,0,0,0,-0.20588232576847076,0.3748653829097748,0.08449152857065201
990,supervised,gradcam,predicted,backbone.layer1,1,1,1,0.3290744721889496,0.2653930187225342,0.2972337454557419
991,supervised,gradcam,predicted,backbone.layer1,5,5,5,0.005833672825247049,0.10860547423362732,0.057219573529437184
992,supervised,gradcam,predicted,backbone.layer1,8,8,8,0.18834200501441956,0.15162137150764465,0.1699816882610321
993,supervised,gradcam,predicted,backbone.layer1,4,7,7,0.0,0.0,0.0
994,supervised,gradcam,predicted,backbone.layer1,6,2,2,0.44385868310928345,0.5152478218078613,0.4795532524585724
995,supervised,gradcam,predicted,backbone.layer1,3,3,3,-0.1189342737197876,0.1236754059791565,0.0023705661296844482
996,supervised,gradcam,predicted,backbone.layer1,8,8,8,0.01063557993620634,0.2111009806394577,0.11086828028783202
997,supervised,gradcam,predicted,backbone.layer1,1,9,9,0.0728188157081604,0.13123144209384918,0.10202512890100479
998,supervised,gradcam,predicted,backbone.layer1,3,3,3,0.14677736163139343,0.2849690020084381,0.21587318181991577
999,supervised,gradcam,predicted,backbone.layer1,8,8,8,0.15317827463150024,0.10042586922645569,0.12680207192897797
960,supervised,gradcam,predicted,backbone.layer2,9,9,9,-0.14652976393699646,0.3599013090133667,0.10668577253818512
961,supervised,gradcam,predicted,backbone.layer2,1,1,1,-0.11138702183961868,0.5043456554412842,0.19647931680083275
962,supervised,gradcam,predicted,backbone.layer2,1,1,1,0.2548241913318634,0.5300893187522888,0.3924567550420761
963,supervised,gradcam,predicted,backbone.layer2,6,6,6,0.013045696541666985,0.5108448266983032,0.2619452616199851
964,supervised,gradcam,predicted,backbone.layer2,6,6,6,0.054625220596790314,0.49362608790397644,0.2741256542503834
965,supervised,gradcam,predicted,backbone.layer2,6,6,6,0.025003468617796898,0.4510689079761505,0.2380361882969737
966,supervised,gradcam,predicted,backbone.layer2,6,3,3,-0.12675684690475464,0.4313346743583679,0.15228891372680664
967,supervised,gradcam,predicted,backbone.layer2,9,9,9,0.22889582812786102,0.26516348123550415,0.2470296546816826
968,supervised,gradcam,predicted,backbone.layer2,1,1,1,0.15064118802547455,0.5335798263549805,0.3421105071902275
969,supervised,gradcam,predicted,backbone.layer2,9,9,9,0.5086046457290649,0.36968058347702026,0.4391426146030426
970,supervised,gradcam,predicted,backbone.layer2,9,9,9,-0.03339032083749771,0.37099015712738037,0.16879991814494133
971,supervised,gradcam,predicted,backbone.layer2,4,4,4,0.18743647634983063,0.44042471051216125,0.31393059343099594
972,supervised,gradcam,predicted,backbone.layer2,2,6,6,0.20075127482414246,0.5089491009712219,0.3548501878976822
973,supervised,gradcam,predicted,backbone.layer2,1,1,1,0.07844212651252747,0.4630933105945587,0.2707677185535431
974,supervised,gradcam,predicted,backbone.layer2,7,7,7,-0.14939886331558228,0.29734301567077637,0.07397207617759705
975,supervised,gradcam,predicted,backbone.layer2,0,0,0,0.19892297685146332,0.48945873975753784,0.3441908583045006
976,supervised,gradcam,predicted,backbone.layer2,6,6,6,-0.25491052865982056,0.2813847064971924,0.013237088918685913
977,supervised,gradcam,predicted,backbone.layer2,8,8,8,0.6279654502868652,0.3759196102619171,0.5019425302743912
978,supervised,gradcam,predicted,backbone.layer2,1,1,1,0.2201816737651825,0.5305114388465881,0.3753465563058853
979,supervised,gradcam,predicted,backbone.layer2,9,9,9,-0.23920570313930511,0.4082123041152954,0.08450330048799515
980,supervised,gradcam,predicted,backbone.layer2,2,2,2,-0.2773197591304779,0.1622854471206665,-0.0575171560049057
981,supervised,gradcam,predicted,backbone.layer2,9,9,9,0.14291545748710632,0.33339381217956543,0.23815463483333588
982,supervised,gradcam,predicted,backbone.layer2,0,7,7,-0.18732833862304688,0.3610197901725769,0.08684572577476501
983,supervised,gradcam,predicted,backbone.layer2,4,4,4,0.20005184412002563,0.32422319054603577,0.2621375173330307
984,supervised,gradcam,predicted,backbone.layer2,7,7,7,0.24928687512874603,0.5619198083877563,0.4056033417582512
985,supervised,gradcam,predicted,backbone.layer2,8,8,8,0.6750497817993164,0.4062740206718445,0.5406619012355804
986,supervised,gradcam,predicted,backbone.layer2,3,3,3,0.15034037828445435,0.48662614822387695,0.31848326325416565
987,supervised,gradcam,predicted,backbone.layer2,1,1,1,0.2923957407474518,0.5021718740463257,0.39728380739688873
988,supervised,gradcam,predicted,backbone.layer2,2,2,2,0.07240777462720871,0.29683026671409607,0.1846190206706524
989,supervised,gradcam,predicted,backbone.layer2,0,0,0,0.4583628475666046,0.5433656573295593,0.500864252448082
990,supervised,gradcam,predicted,backbone.layer2,1,1,1,-0.11723551899194717,0.4444398880004883,0.16360218450427055
991,supervised,gradcam,predicted,backbone.layer2,5,5,5,0.14570960402488708,0.16441111266613007,0.15506035834550858
992,supervised,gradcam,predicted,backbone.layer2,8,8,8,0.23031260073184967,0.21664458513259888,0.22347859293222427
993,supervised,gradcam,predicted,backbone.layer2,4,7,7,-0.0015499262372031808,0.49702736735343933,0.24773872055811808
994,supervised,gradcam,predicted,backbone.layer2,6,2,2,0.11524782329797745,0.34959959983825684,0.23242371156811714
995,supervised,gradcam,predicted,backbone.layer2,3,3,3,0.24117109179496765,0.5607016086578369,0.4009363502264023
996,supervised,gradcam,predicted,backbone.layer2,8,8,8,0.08995811641216278,0.295661598443985,0.19280985742807388
997,supervised,gradcam,predicted,backbone.layer2,1,9,9,0.2565906047821045,0.447258859872818,0.35192473232746124
998,supervised,gradcam,predicted,backbone.layer2,3,3,3,-0.11662032455205917,0.31208398938179016,0.0977318324148655
999,supervised,gradcam,predicted,backbone.layer2,8,8,8,0.36445939540863037,0.3470528721809387,0.35575613379478455
960,supervised,gradcam,predicted,backbone.layer3,9,9,9,0.4413885772228241,0.44831669330596924,0.44485263526439667
961,supervised,gradcam,predicted,backbone.layer3,1,1,1,0.8527117371559143,0.46275293827056885,0.6577323377132416
962,supervised,gradcam,predicted,backbone.layer3,1,1,1,0.5766132473945618,0.41540461778640747,0.4960089325904846
963,supervised,gradcam,predicted,backbone.layer3,6,6,6,0.5791459083557129,0.6222936511039734,0.6007197797298431
964,supervised,gradcam,predicted,backbone.layer3,6,6,6,0.5694550275802612,0.5166065692901611,0.5430307984352112
965,supervised,gradcam,predicted,backbone.layer3,6,6,6,0.7082347273826599,0.3415161967277527,0.5248754620552063
966,supervised,gradcam,predicted,backbone.layer3,6,3,3,-0.1066250428557396,0.3226628601551056,0.108018908649683
967,supervised,gradcam,predicted,backbone.layer3,9,9,9,0.27788418531417847,0.3766152262687683,0.3272497057914734
968,supervised,gradcam,predicted,backbone.layer3,1,1,1,0.23930366337299347,0.4060481786727905,0.322675921022892
969,supervised,gradcam,predicted,backbone.layer3,9,9,9,0.27986598014831543,0.373305082321167,0.3265855312347412
970,supervised,gradcam,predicted,backbone.layer3,9,9,9,0.15961694717407227,0.3879026472568512,0.27375979721546173
971,supervised,gradcam,predicted,backbone.layer3,4,4,4,0.21303391456604004,0.3510327935218811,0.28203335404396057
972,supervised,gradcam,predicted,backbone.layer3,2,6,6,-0.13272497057914734,0.4855723977088928,0.17642371356487274
973,supervised,gradcam,predicted,backbone.layer3,1,1,1,0.14003688097000122,0.3066122531890869,0.22332456707954407
974,supervised,gradcam,predicted,backbone.layer3,7,7,7,0.4589250385761261,0.3311440646648407,0.3950345516204834
975,supervised,gradcam,predicted,backbone.layer3,0,0,0,0.5767108201980591,0.4088379740715027,0.4927743971347809
976,supervised,gradcam,predicted,backbone.layer3,6,6,6,0.37828972935676575,0.4771081507205963,0.42769894003868103
977,supervised,gradcam,predicted,backbone.layer3,8,8,8,0.45381754636764526,0.6114429235458374,0.5326302349567413
978,supervised,gradcam,predicted,backbone.layer3,1,1,1,0.09744171798229218,0.24536730349063873,0.17140451073646545
979,supervised,gradcam,predicted,backbone.layer3,9,9,9,0.35143476724624634,0.42888760566711426,0.3901611864566803
980,supervised,gradcam,predicted,backbone.layer3,2,2,2,0.5557559728622437,0.6169342398643494,0.5863451063632965
981,supervised,gradcam,predicted,backbone.layer3,9,9,9,0.4924308955669403,0.4653368294239044,0.47888386249542236
982,supervised,gradcam,predicted,backbone.layer3,0,7,7,0.20771424472332,0.2486182451248169,0.22816624492406845
983,supervised,gradcam,predicted,backbone.layer3,4,4,4,0.3410588502883911,0.38291534781455994,0.3619870990514755
984,supervised,gradcam,predicted,backbone.layer3,7,7,7,0.19797389209270477,0.444362074136734,0.3211679831147194
985,supervised,gradcam,predicted,backbone.layer3,8,8,8,0.20075897872447968,0.5309319496154785,0.3658454641699791
986,supervised,gradcam,predicted,backbone.layer3,3,3,3,0.11915338784456253,0.413408488035202,0.2662809379398823
987,supervised,gradcam,predicted,backbone.layer3,1,1,1,-0.03109901025891304,0.3888399600982666,0.17887047491967678
988,supervised,gradcam,predicted,backbone.layer3,2,2,2,0.2690619230270386,0.35063064098358154,0.30984628200531006
989,supervised,gradcam,predicted,backbone.layer3,0,0,0,0.6214001774787903,0.3238004744052887,0.4726003259420395
990,supervised,gradcam,predicted,backbone.layer3,1,1,1,0.13189686834812164,0.35667815804481506,0.24428751319646835
991,supervised,gradcam,predicted,backbone.layer3,5,5,5,0.3700478672981262,0.35454338788986206,0.36229562759399414
992,supervised,gradcam,predicted,backbone.layer3,8,8,8,0.23841775953769684,0.6136380434036255,0.42602790147066116
993,supervised,gradcam,predicted,backbone.layer3,4,7,7,0.20615768432617188,0.3970133662223816,0.30158552527427673
994,supervised,gradcam,predicted,backbone.layer3,6,2,2,0.14409871399402618,0.4960996210575104,0.3200991675257683
995,supervised,gradcam,predicted,backbone.layer3,3,3,3,-0.03268856182694435,0.3856613039970398,0.17648637108504772
996,supervised,gradcam,predicted,backbone.layer3,8,8,8,0.1284172534942627,0.5041690468788147,0.3162931501865387
997,supervised,gradcam,predicted,backbone.layer3,1,9,9,0.2333596795797348,0.46047472953796387,0.34691720455884933
998,supervised,gradcam,predicted,backbone.layer3,3,3,3,-0.19372904300689697,0.20846903324127197,0.0073699951171875
999,supervised,gradcam,predicted,backbone.layer3,8,8,8,0.1025543212890625,0.4408111274242401,0.2716827243566513
960,supervised,gradcam,predicted,backbone.layer4,9,9,9,0.0019769342616200447,0.5419386625289917,0.27195779839530587
961,supervised,gradcam,predicted,backbone.layer4,1,1,1,0.34209245443344116,0.538695216178894,0.4403938353061676
962,supervised,gradcam,predicted,backbone.layer4,1,1,1,0.23019939661026,0.6128040552139282,0.4215017259120941
963,supervised,gradcam,predicted,backbone.layer4,6,6,6,0.2979428172111511,0.558056116104126,0.42799946665763855
964,supervised,gradcam,predicted,backbone.layer4,6,6,6,0.2152422070503235,0.5661263465881348,0.3906842768192291
965,supervised,gradcam,predicted,backbone.layer4,6,6,6,0.3573038876056671,0.5354589223861694,0.4463814049959183
966,supervised,gradcam,predicted,backbone.layer4,6,3,3,-0.059246744960546494,0.38941362500190735,0.16508344002068043
967,supervised,gradcam,predicted,backbone.layer4,9,9,9,0.3904740810394287,0.6167474985122681,0.5036107897758484
968,supervised,gradcam,predicted,backbone.layer4,1,1,1,0.20416705310344696,0.5591443181037903,0.3816556856036186
969,supervised,gradcam,predicted,backbone.layer4,9,9,9,-0.061836112290620804,0.6173082590103149,0.27773607335984707
970,supervised,gradcam,predicted,backbone.layer4,9,9,9,-0.05370159074664116,0.44677504897117615,0.1965367291122675
971,supervised,gradcam,predicted,backbone.layer4,4,4,4,0.2605549395084381,0.41693684458732605,0.3387458920478821
972,supervised,gradcam,predicted,backbone.layer4,2,6,6,-0.29731836915016174,0.4621938467025757,0.08243773877620697
973,supervised,gradcam,predicted,backbone.layer4,1,1,1,0.2284194827079773,0.5540194511413574,0.39121946692466736
974,supervised,gradcam,predicted,backbone.layer4,7,7,7,0.3633210361003876,0.48215633630752563,0.4227386862039566
975,supervised,gradcam,predicted,backbone.layer4,0,0,0,0.4256211519241333,0.5682768225669861,0.4969489872455597
976,supervised,gradcam,predicted,backbone.layer4,6,6,6,0.23899643123149872,0.4178451895713806,0.32842081040143967
977,supervised,gradcam,predicted,backbone.layer4,8,8,8,0.32771849632263184,0.5734059810638428,0.4505622386932373
978,supervised,gradcam,predicted,backbone.layer4,1,1,1,0.38605454564094543,0.5854945182800293,0.48577453196048737
979,supervised,gradcam,predicted,backbone.layer4,9,9,9,0.2764418423175812,0.5407635569572449,0.408602699637413
980,supervised,gradcam,predicted,backbone.layer4,2,2,2,0.507402241230011,0.5950232148170471,0.551212728023529
981,supervised,gradcam,predicted,backbone.layer4,9,9,9,0.016738448292016983,0.5822520852088928,0.2994952667504549
982,supervised,gradcam,predicted,backbone.layer4,0,7,7,0.19185765087604523,0.4383060038089752,0.3150818273425102
983,supervised,gradcam,predicted,backbone.layer4,4,4,4,0.11190715432167053,0.5307791829109192,0.32134316861629486
984,supervised,gradcam,predicted,backbone.layer4,7,7,7,0.054990336298942566,0.5468984842300415,0.30094441026449203
985,supervised,gradcam,predicted,backbone.layer4,8,8,8,-0.20590202510356903,0.531005322933197,0.162551648914814
986,supervised,gradcam,predicted,backbone.layer4,3,3,3,0.21129921078681946,0.5469365119934082,0.37911786139011383
987,supervised,gradcam,predicted,backbone.layer4,1,1,1,0.20640942454338074,0.45722997188568115,0.33181969821453094
988,supervised,gradcam,predicted,backbone.layer4,2,2,2,0.43689587712287903,0.5893920660018921,0.5131439715623856
989,supervised,gradcam,predicted,backbone.layer4,0,0,0,0.461210697889328,0.5678623914718628,0.5145365446805954
990,supervised,gradcam,predicted,backbone.layer4,1,1,1,0.38645321130752563,0.5436130166053772,0.4650331139564514
991,supervised,gradcam,predicted,backbone.layer4,5,5,5,0.4738871157169342,0.5870518684387207,0.5304694920778275
992,supervised,gradcam,predicted,backbone.layer4,8,8,8,0.05701402947306633,0.5443000793457031,0.3006570544093847
993,supervised,gradcam,predicted,backbone.layer4,4,7,7,0.518322765827179,0.5564038157463074,0.5373632907867432
994,supervised,gradcam,predicted,backbone.layer4,6,2,2,-0.20434518158435822,0.36245235800743103,0.07905358821153641
995,supervised,gradcam,predicted,backbone.layer4,3,3,3,0.38232383131980896,0.5786476731300354,0.4804857522249222
996,supervised,gradcam,predicted,backbone.layer4,8,8,8,0.4959084689617157,0.6448584198951721,0.5703834444284439
997,supervised,gradcam,predicted,backbone.layer4,1,9,9,-0.42639946937561035,0.481153666973114,0.02737709879875183
998,supervised,gradcam,predicted,backbone.layer4,3,3,3,0.261674165725708,0.5009271502494812,0.3813006579875946
999,supervised,gradcam,predicted,backbone.layer4,8,8,8,0.11286046355962753,0.5121856331825256,0.3125230483710766
